id,student_id,title,category,description,achieved_on,issuing_organization,proof_url
c7972932-ebd6-45aa-a96a-0cd33c2911e1,621a9c6d-e226-4ff0-a22c-2e72a6a48abe,AWS Cloud Practitioner,CERTIFICATION,Achievement recorded under Certification category.,2025-09-15,SKIT,https://uei-proofs.s3.amazonaws.com/ach-de5edc22.pdf
72d3f948-ff63-4c81-b238-9350a0807f49,2c3d1809-b161-465f-9647-776b20a08b71,Coding Club Event Organizer,CLUB,Achievement recorded under Club category.,2026-03-31,SKIT,https://uei-proofs.s3.amazonaws.com/ach-9caf1c56.pdf
a3f0a920-c647-44e0-b5f9-7bf5c93c2538,b59261e4-5561-4347-b2fe-b2d57d216e4e,Inter-college Cricket Tournament - Runner-up,SPORTS,Achievement recorded under Sports category.,2025-08-19,External Body,https://uei-proofs.s3.amazonaws.com/ach-234f163c.pdf
98ce98d5-7d7b-4c09-b4a3-257ca590d99f,4b13df1a-81b9-4031-8a44-e4a93d035ee6,IEEE Conference Paper - Co-author,PUBLICATION,Achievement recorded under Publication category.,2024-07-08,IEEE,https://uei-proofs.s3.amazonaws.com/ach-735695b1.pdf
f6303c7a-2c2f-44d8-9fb5-f165288e6ef2,c7dc9f61-161f-406d-b9de-82b00c1645ad,College Hackathon - 2nd Place,HACKATHON,Achievement recorded under Hackathon category.,2025-12-20,SKIT,https://uei-proofs.s3.amazonaws.com/ach-e09dafd0.pdf
13b4b2ca-a888-49b3-86cf-ecf4933095f0,73313afa-c5b3-4404-a6fd-cefad75d1eb6,College Hackathon - 2nd Place,HACKATHON,Achievement recorded under Hackathon category.,2026-01-03,SKIT,https://uei-proofs.s3.amazonaws.com/ach-5a10778f.pdf
a669175c-9815-419b-a3a3-58d95e870a3b,6090a4c3-d95b-464f-bfeb-ba44374e5431,Technical Club Core Member,CLUB,Achievement recorded under Club category.,2026-05-03,AICTE,https://uei-proofs.s3.amazonaws.com/ach-674e0a2c.pdf
cc37b828-131e-4b41-b441-b46da2b72be9,1fc6613b-54fd-4adc-a5df-889c7946c6f1,GeeksforGeeks Coding Contest,CONTEST,Achievement recorded under Contest category.,2026-04-08,SKIT,https://uei-proofs.s3.amazonaws.com/ach-7c3bbdf0.pdf
bf7fef96-91d3-4acf-9053-9fa3005fc8be,03311a3d-c10e-4431-ab52-3e503cb2ecd6,GeeksforGeeks Coding Contest,CONTEST,Achievement recorded under Contest category.,2025-09-12,External Body,https://uei-proofs.s3.amazonaws.com/ach-b9a6565a.pdf
eeff5454-daf0-4667-9c8f-132de7c68b22,be3597b2-e328-41e3-8625-f0f063f73070,IEEE Conference Paper - Co-author,PUBLICATION,Achievement recorded under Publication category.,2026-03-26,IEEE,https://uei-proofs.s3.amazonaws.com/ach-f49cd190.pdf
da46c1ea-e43f-4454-9e65-1eb28919e5a4,8f752177-8b62-4d2d-8600-9b05fbe2169b,Hack36 Winner,HACKATHON,Achievement recorded under Hackathon category.,2025-12-04,SKIT,https://uei-proofs.s3.amazonaws.com/ach-07e9fb88.pdf
29c60d6a-8e3d-421e-bbae-1aa32ddedc51,8f752177-8b62-4d2d-8600-9b05fbe2169b,AWS Cloud Practitioner,CERTIFICATION,Achievement recorded under Certification category.,2026-07-20,External Body,https://uei-proofs.s3.amazonaws.com/ach-25749edf.pdf
633b2fc3-c190-4410-bfc8-08fbf2494f88,5ec4f153-e109-4264-964c-73d252319f0e,University Badminton Championship,SPORTS,Achievement recorded under Sports category.,2025-07-14,IEEE,https://uei-proofs.s3.amazonaws.com/ach-6dfac460.pdf
40edbdc5-228c-4787-95c7-60e1cbeded28,bd0bfff1-aa08-469f-ace3-025aed67e75a,Smart India Hackathon - Finalist,HACKATHON,Achievement recorded under Hackathon category.,2025-09-01,External Body,https://uei-proofs.s3.amazonaws.com/ach-685d74b2.pdf
3bbabaf7-6c8f-47a3-8eae-3d84a52e1443,1ca793cc-1198-435a-9f94-a3e8496154bb,University Badminton Championship,SPORTS,Achievement recorded under Sports category.,2025-01-06,AWS,https://uei-proofs.s3.amazonaws.com/ach-00ab63c2.pdf
fff6b7ab-2471-49cc-a49e-2bc4835a529c,c854faf3-84cd-4da5-a49a-3239315a747a,Research paper on ML applications,PUBLICATION,Achievement recorded under Publication category.,2026-07-23,External Body,https://uei-proofs.s3.amazonaws.com/ach-7a8b275a.pdf
0d05b92a-e4dc-4d02-a6a5-f1c9cdd1a5c5,468d5573-23a5-4e70-910f-a6582f4a9796,University Badminton Championship,SPORTS,Achievement recorded under Sports category.,2024-07-23,AICTE,https://uei-proofs.s3.amazonaws.com/ach-878af902.pdf
e3b9199f-db84-4e2e-95e4-ea587f05d765,274e5dc2-8313-420e-af64-62d711c5d8a9,IEEE Conference Paper - Co-author,PUBLICATION,Achievement recorded under Publication category.,2025-03-29,AWS,https://uei-proofs.s3.amazonaws.com/ach-4391a6af.pdf
563a8067-8a99-4800-a416-f60bf11ee2f3,5f98ac60-2390-4b08-b203-436e27e21256,University Badminton Championship,SPORTS,Achievement recorded under Sports category.,2026-02-26,SKIT,https://uei-proofs.s3.amazonaws.com/ach-c1068362.pdf
f278cc12-a07d-4d59-bf96-50feb359e1b7,a28a7e4f-6327-4d2a-9fb6-c5a24dd9c085,Technical Club Core Member,CLUB,Achievement recorded under Club category.,2025-05-16,IEEE,https://uei-proofs.s3.amazonaws.com/ach-f5422bf1.pdf
4071e5af-3589-4bb0-9c4c-67bc2610ad64,62635a52-79be-4983-a930-e0a4dddc561a,Hack36 Winner,HACKATHON,Achievement recorded under Hackathon category.,2025-11-25,AWS,https://uei-proofs.s3.amazonaws.com/ach-605f7a77.pdf
995b08e9-00c6-4604-bebf-ba46d7253391,7200bf7a-08c0-4ca4-9c0e-6d596569e2a1,AWS Cloud Practitioner,CERTIFICATION,Achievement recorded under Certification category.,2026-05-27,Google,https://uei-proofs.s3.amazonaws.com/ach-333af506.pdf
67c15645-8041-4dcb-93a6-1a45ce237e45,7200bf7a-08c0-4ca4-9c0e-6d596569e2a1,AWS Cloud Practitioner,CERTIFICATION,Achievement recorded under Certification category.,2026-06-08,AICTE,https://uei-proofs.s3.amazonaws.com/ach-b3e9e5e9.pdf
f2dfbfdf-9cbd-44ca-ba0b-f8ea58536663,d0a7a248-1401-4ba2-90c5-fcb92e59123f,Google Data Analytics Certificate,CERTIFICATION,Achievement recorded under Certification category.,2026-05-22,External Body,https://uei-proofs.s3.amazonaws.com/ach-5ab212dc.pdf
2ddd0478-ea70-4f62-8cfe-99732ec108eb,d0a7a248-1401-4ba2-90c5-fcb92e59123f,College Hackathon - 2nd Place,HACKATHON,Achievement recorded under Hackathon category.,2025-02-18,IEEE,https://uei-proofs.s3.amazonaws.com/ach-a62df557.pdf
0cdc8a24-a328-453a-8c08-3984df75e7e9,d0a7a248-1401-4ba2-90c5-fcb92e59123f,CodeChef Div 2 - Top 10%,CONTEST,Achievement recorded under Contest category.,2025-08-25,AICTE,https://uei-proofs.s3.amazonaws.com/ach-ac74f67b.pdf
9f128d5d-3322-4892-aedd-b48db20ac109,2edafeee-b273-45ff-8ad6-7fa3a827fdbd,LeetCode Contest Rank,CONTEST,Achievement recorded under Contest category.,2025-04-01,AWS,https://uei-proofs.s3.amazonaws.com/ach-e62b17a7.pdf
9c4be3f7-2d46-49ee-9ff5-c12fc51150c4,95367de5-7130-4f76-8f84-a68859c30c97,Google Data Analytics Certificate,CERTIFICATION,Achievement recorded under Certification category.,2026-05-05,External Body,https://uei-proofs.s3.amazonaws.com/ach-5dfb69fe.pdf
809700d4-90e5-4b46-9bc0-c6c051d5a9fb,f1f11b54-ca1b-49d1-88b5-b9f36a57a9b0,Coding Club Event Organizer,CLUB,Achievement recorded under Club category.,2024-12-15,IEEE,https://uei-proofs.s3.amazonaws.com/ach-5dc7eb1a.pdf
271e14a7-7896-4281-a987-46c911847709,112ea380-f370-463c-abad-540b5bc5b02c,Smart India Hackathon - Finalist,HACKATHON,Achievement recorded under Hackathon category.,2025-09-01,External Body,https://uei-proofs.s3.amazonaws.com/ach-c58d2c14.pdf
ac82c951-1fda-4ba8-8e1b-bf1810b3250e,0b8c6994-702c-4cd6-9023-93a536fdda55,CodeChef Div 2 - Top 10%,CONTEST,Achievement recorded under Contest category.,2026-01-14,AICTE,https://uei-proofs.s3.amazonaws.com/ach-48cd46c3.pdf
0f65ae29-5d19-473f-ba1d-1cdc4dbc9394,27853259-68b6-46ee-99d2-e2cd051972fb,AWS Cloud Practitioner,CERTIFICATION,Achievement recorded under Certification category.,2026-05-26,IEEE,https://uei-proofs.s3.amazonaws.com/ach-56f5d2a8.pdf
9f449671-d85e-4bd1-8a20-76142e8ce914,2da6abd3-1ac5-4187-83ae-69e65e94daa0,Coding Club Event Organizer,CLUB,Achievement recorded under Club category.,2025-05-14,AWS,https://uei-proofs.s3.amazonaws.com/ach-47dce28e.pdf
94e5d4cc-5ad0-4eb2-a170-077cbb2ce4a4,2da6abd3-1ac5-4187-83ae-69e65e94daa0,Smart India Hackathon - Finalist,HACKATHON,Achievement recorded under Hackathon category.,2026-04-05,Google,https://uei-proofs.s3.amazonaws.com/ach-98be886d.pdf
6da6a8f5-0b11-4b6a-8c76-ddc7fcd3a381,609bf32f-ef88-4183-8520-3469675c5ad3,GeeksforGeeks Coding Contest,CONTEST,Achievement recorded under Contest category.,2026-03-31,SKIT,https://uei-proofs.s3.amazonaws.com/ach-db0d5196.pdf
e4bad65e-9227-45e8-8975-9027708d4a28,fd8f6e7a-d896-47c4-8950-0208bf34097f,Technical Club Core Member,CLUB,Achievement recorded under Club category.,2025-05-24,AICTE,https://uei-proofs.s3.amazonaws.com/ach-7658fd49.pdf
432af978-087b-499c-af7c-d329685f05c3,fce41950-4037-4603-9b82-da005fae7ad0,Coding Club Event Organizer,CLUB,Achievement recorded under Club category.,2025-10-22,External Body,https://uei-proofs.s3.amazonaws.com/ach-994466dc.pdf
4b1e4a18-eb77-4a11-b962-f81c11ff777f,7fd2adc1-e640-4b50-a95d-9f8229652987,IEEE Conference Paper - Co-author,PUBLICATION,Achievement recorded under Publication category.,2025-10-23,SKIT,https://uei-proofs.s3.amazonaws.com/ach-641d4b8b.pdf
1bd8795e-3675-4c7f-9674-72274a4254b7,064e4451-fbcc-4e2c-98df-4c9392264c60,LeetCode Contest Rank,CONTEST,Achievement recorded under Contest category.,2026-07-01,Google,https://uei-proofs.s3.amazonaws.com/ach-7ea92140.pdf
3a96d114-bf04-4198-8c1d-f1a5029b620d,1da664ac-810c-46b3-a2be-8e9cc0e3030c,University Badminton Championship,SPORTS,Achievement recorded under Sports category.,2025-02-17,Google,https://uei-proofs.s3.amazonaws.com/ach-ec7e1323.pdf
1cf92f82-f0c9-42ff-8796-3e48c9c4a654,1da664ac-810c-46b3-a2be-8e9cc0e3030c,Research paper on ML applications,PUBLICATION,Achievement recorded under Publication category.,2026-06-10,AWS,https://uei-proofs.s3.amazonaws.com/ach-6bae365d.pdf
4a1718a3-2305-4ec5-90cd-10e86d2214a2,c60210a0-2054-4976-8d04-93b5738010b0,AWS Cloud Practitioner,CERTIFICATION,Achievement recorded under Certification category.,2024-07-10,AWS,https://uei-proofs.s3.amazonaws.com/ach-25de5a3d.pdf
3a106cfd-764e-413b-9238-5d7c7754a834,3ad01eef-4870-4b95-82d2-f092a08cae45,University Badminton Championship,SPORTS,Achievement recorded under Sports category.,2025-11-24,External Body,https://uei-proofs.s3.amazonaws.com/ach-6ce5b802.pdf
a53c9096-f288-4484-87a9-82a9563abeaf,51d648a0-b49b-4f64-aa29-413ad1d43861,Smart India Hackathon - Finalist,HACKATHON,Achievement recorded under Hackathon category.,2026-01-09,External Body,https://uei-proofs.s3.amazonaws.com/ach-6220f61b.pdf
cbbbccec-2a70-4be5-a3bf-42c14e579332,51d648a0-b49b-4f64-aa29-413ad1d43861,Technical Club Core Member,CLUB,Achievement recorded under Club category.,2025-08-29,SKIT,https://uei-proofs.s3.amazonaws.com/ach-c0d95915.pdf
1cfd552a-66e0-482c-b280-cedfa9c22d90,ceb67719-fd3d-4a91-9763-0a1afac5f32b,CodeChef Div 2 - Top 10%,CONTEST,Achievement recorded under Contest category.,2025-02-16,AICTE,https://uei-proofs.s3.amazonaws.com/ach-7fffbd8e.pdf
4400831b-a1ca-41f0-a390-9b2db3ac8afa,1d634bcb-1e4c-4d83-ad56-01a45c2b82c0,Hack36 Winner,HACKATHON,Achievement recorded under Hackathon category.,2024-11-17,AICTE,https://uei-proofs.s3.amazonaws.com/ach-038a8621.pdf
091aa78a-7fba-4c7a-a337-8ec20186faeb,1d634bcb-1e4c-4d83-ad56-01a45c2b82c0,Research paper on ML applications,PUBLICATION,Achievement recorded under Publication category.,2026-07-09,Google,https://uei-proofs.s3.amazonaws.com/ach-ae6e2d2f.pdf
e91306a5-2224-4158-98ae-5e4178e23777,651b7fa7-b45d-4d55-9113-33adab00051b,Technical Club Core Member,CLUB,Achievement recorded under Club category.,2025-10-01,External Body,https://uei-proofs.s3.amazonaws.com/ach-25aacc21.pdf
f84cc103-2a60-41e2-abf2-c8b20eeb7816,73fa98ac-f27e-4723-aa28-3ba7a197eda3,Inter-college Cricket Tournament - Runner-up,SPORTS,Achievement recorded under Sports category.,2025-03-29,Google,https://uei-proofs.s3.amazonaws.com/ach-954cc888.pdf
73919168-c368-4faf-a67e-c66844c81b3d,7cc457a4-a683-4f52-a032-e024018a2325,College Hackathon - 2nd Place,HACKATHON,Achievement recorded under Hackathon category.,2026-02-15,AWS,https://uei-proofs.s3.amazonaws.com/ach-675924d1.pdf
f3353c9e-cae5-44c8-a4f8-b67a77e54988,a0a03fae-0280-41ef-bd59-e491f86e6bcd,Inter-college Cricket Tournament - Runner-up,SPORTS,Achievement recorded under Sports category.,2025-07-09,External Body,https://uei-proofs.s3.amazonaws.com/ach-37887ac9.pdf
a179c70f-99f6-46cc-bdca-4f3eaf7b6b0a,fbeeb084-9c6b-4567-a8d5-a9cc0989f288,Inter-college Cricket Tournament - Runner-up,SPORTS,Achievement recorded under Sports category.,2026-02-04,AWS,https://uei-proofs.s3.amazonaws.com/ach-b6d97df4.pdf
279fb044-d388-416e-be12-beac65e46e68,fbeeb084-9c6b-4567-a8d5-a9cc0989f288,University Badminton Championship,SPORTS,Achievement recorded under Sports category.,2026-06-27,Google,https://uei-proofs.s3.amazonaws.com/ach-b7cdeff8.pdf
636e1b3f-91d0-4703-9f0d-db19c5d815b6,9625757e-7b13-4777-bfd2-f7efe3fb69c4,Google Data Analytics Certificate,CERTIFICATION,Achievement recorded under Certification category.,2024-07-29,IEEE,https://uei-proofs.s3.amazonaws.com/ach-4ff1c545.pdf
ef29a030-c4af-45cf-aa00-48f58e07a27d,9625757e-7b13-4777-bfd2-f7efe3fb69c4,Hack36 Winner,HACKATHON,Achievement recorded under Hackathon category.,2026-03-21,Google,https://uei-proofs.s3.amazonaws.com/ach-4e6f5519.pdf
51a66893-d912-4123-bf40-cb864bb8e28a,9625757e-7b13-4777-bfd2-f7efe3fb69c4,University Badminton Championship,SPORTS,Achievement recorded under Sports category.,2025-10-09,AICTE,https://uei-proofs.s3.amazonaws.com/ach-676425cf.pdf
624d75f9-aa80-412a-97fc-82368a2fffef,fa5e4ff9-07c0-4945-919e-ffcfc2b67440,Hack36 Winner,HACKATHON,Achievement recorded under Hackathon category.,2025-01-19,SKIT,https://uei-proofs.s3.amazonaws.com/ach-ce197f53.pdf
0176aa74-f846-441b-afc5-c9f423742d5f,fa5e4ff9-07c0-4945-919e-ffcfc2b67440,Technical Club Core Member,CLUB,Achievement recorded under Club category.,2024-09-07,Google,https://uei-proofs.s3.amazonaws.com/ach-4365cd1e.pdf
4579aca2-236b-4f6f-857c-14b24fa760e9,bfeac8cd-70de-41ab-aae8-9db7fb298d97,AWS Cloud Practitioner,CERTIFICATION,Achievement recorded under Certification category.,2026-07-02,AICTE,https://uei-proofs.s3.amazonaws.com/ach-4805e006.pdf
e3290b5e-fd4b-46a6-99dc-42f5f2d0ce21,bfeac8cd-70de-41ab-aae8-9db7fb298d97,LeetCode Contest Rank,CONTEST,Achievement recorded under Contest category.,2025-10-18,Google,https://uei-proofs.s3.amazonaws.com/ach-29774096.pdf
d2e2842e-afdf-4097-8fa6-31c640028de9,224a491e-b267-430d-8a0c-ee9e19880a7c,Hack36 Winner,HACKATHON,Achievement recorded under Hackathon category.,2025-02-16,AWS,https://uei-proofs.s3.amazonaws.com/ach-0404ecdb.pdf
a7ec0a18-c290-4ad9-ad58-724180f979bd,224a491e-b267-430d-8a0c-ee9e19880a7c,LeetCode Contest Rank,CONTEST,Achievement recorded under Contest category.,2026-03-14,AICTE,https://uei-proofs.s3.amazonaws.com/ach-757ab4f6.pdf
3c6ff9b7-5838-4063-a048-2e6b9648f6bf,7612300c-13b5-494d-b31e-45f0277d9f4b,Smart India Hackathon - Finalist,HACKATHON,Achievement recorded under Hackathon category.,2026-03-11,Google,https://uei-proofs.s3.amazonaws.com/ach-395efe5f.pdf
9a7ab93c-52f7-4eaa-8ab1-d53dd727ff3d,18be0e32-197e-4df0-8948-2a65eafedaa7,College Hackathon - 2nd Place,HACKATHON,Achievement recorded under Hackathon category.,2025-02-21,AWS,https://uei-proofs.s3.amazonaws.com/ach-ad1c51b8.pdf
308f1404-9c27-425c-9599-ebefd528d09a,05b78ffa-dcb2-4499-967e-d687fd852e65,GeeksforGeeks Coding Contest,CONTEST,Achievement recorded under Contest category.,2025-05-16,External Body,https://uei-proofs.s3.amazonaws.com/ach-ec0e21ca.pdf
57730c5a-3d9d-4125-9820-2d8cedd06b4c,a8d23c1d-41bc-431c-b13a-ec8771147638,Smart India Hackathon - Finalist,HACKATHON,Achievement recorded under Hackathon category.,2024-06-18,External Body,https://uei-proofs.s3.amazonaws.com/ach-334a3637.pdf
2712a8a1-aa4b-4910-a968-90bc4a8c4680,a8d23c1d-41bc-431c-b13a-ec8771147638,College Hackathon - 2nd Place,HACKATHON,Achievement recorded under Hackathon category.,2025-03-13,Google,https://uei-proofs.s3.amazonaws.com/ach-5e3a5079.pdf
d5624bf2-5dc1-4171-baaa-cf97e404d9d2,2bb2dd9f-4e45-49ac-863e-11edeed7e869,Research paper on ML applications,PUBLICATION,Achievement recorded under Publication category.,2025-02-28,Google,https://uei-proofs.s3.amazonaws.com/ach-3d5ae271.pdf
51891fef-aa99-476b-86ef-88523308999a,d429c2bb-e6dc-408b-98cf-a4a048882e0f,GeeksforGeeks Coding Contest,CONTEST,Achievement recorded under Contest category.,2025-08-14,SKIT,https://uei-proofs.s3.amazonaws.com/ach-02a89d32.pdf
3507ad7d-df5b-4c1c-bc88-81a156b8646f,f4e38da8-2672-4599-8a01-b7027e4940fb,Hack36 Winner,HACKATHON,Achievement recorded under Hackathon category.,2024-08-10,External Body,https://uei-proofs.s3.amazonaws.com/ach-3e6d1569.pdf
4d817551-c6c6-4041-abf8-f783343e7427,aec7a09d-cce7-4f59-b134-5a2de1609367,Hack36 Winner,HACKATHON,Achievement recorded under Hackathon category.,2025-02-10,IEEE,https://uei-proofs.s3.amazonaws.com/ach-cde2bd56.pdf
52646822-dee0-425b-a233-4c85b4c0bba1,e4523ecf-bfdc-4ac6-bc2e-d7311f35c05f,Research paper on ML applications,PUBLICATION,Achievement recorded under Publication category.,2026-02-26,AWS,https://uei-proofs.s3.amazonaws.com/ach-38e37ea4.pdf
06884ed8-9790-4551-8b46-56af88de315b,5860d71c-eeb2-43f9-bf23-d369127d562c,Coding Club Event Organizer,CLUB,Achievement recorded under Club category.,2024-07-07,External Body,https://uei-proofs.s3.amazonaws.com/ach-7fc830a4.pdf
bd456525-0317-4895-ace0-9d8852b95a95,5708dc25-f806-44f5-be17-75cb4ed8abd7,Coding Club Event Organizer,CLUB,Achievement recorded under Club category.,2025-08-27,SKIT,https://uei-proofs.s3.amazonaws.com/ach-a1a58eaa.pdf
630b0e23-1b82-41f1-b08d-2dcb8bfae06f,5708dc25-f806-44f5-be17-75cb4ed8abd7,Coding Club Event Organizer,CLUB,Achievement recorded under Club category.,2026-05-09,External Body,https://uei-proofs.s3.amazonaws.com/ach-ee2c2858.pdf
51f66fb5-0240-4a17-b684-03407f349f6e,30cc6b23-8c66-463f-8a89-32002c807ecc,University Badminton Championship,SPORTS,Achievement recorded under Sports category.,2026-06-08,SKIT,https://uei-proofs.s3.amazonaws.com/ach-32d199c5.pdf
429860f5-4510-43ee-a645-2648f23de506,e37435ed-b80b-46a4-b1c4-2c67effec2b3,Smart India Hackathon - Finalist,HACKATHON,Achievement recorded under Hackathon category.,2025-12-22,Google,https://uei-proofs.s3.amazonaws.com/ach-185311b2.pdf
96c7b41a-a8b5-4f28-a1d1-998a0b38cde1,820d3435-69f9-4542-bbc7-53817d9b075d,CodeChef Div 2 - Top 10%,CONTEST,Achievement recorded under Contest category.,2025-09-01,IEEE,https://uei-proofs.s3.amazonaws.com/ach-c2800f47.pdf
a5c9bd36-cbff-4300-ae76-316b565dbe95,35e42779-079f-425d-9f2f-266fbb0c4d19,Smart India Hackathon - Finalist,HACKATHON,Achievement recorded under Hackathon category.,2025-04-06,External Body,https://uei-proofs.s3.amazonaws.com/ach-e31e97a5.pdf
a42bdd6f-113e-4c29-a05c-7f55ef510bb9,35e42779-079f-425d-9f2f-266fbb0c4d19,University Badminton Championship,SPORTS,Achievement recorded under Sports category.,2024-07-18,AWS,https://uei-proofs.s3.amazonaws.com/ach-5c626f87.pdf
edc4264d-5db0-4f0b-8b7f-d516751f23f5,adb162ca-3c48-4063-a1f7-004a5a975fbb,AWS Cloud Practitioner,CERTIFICATION,Achievement recorded under Certification category.,2025-05-25,IEEE,https://uei-proofs.s3.amazonaws.com/ach-ff8ad53b.pdf
218143cb-22c3-45a0-8020-3543cf0aeeb4,03a9127e-d63e-41b3-8bee-89755be92428,Hack36 Winner,HACKATHON,Achievement recorded under Hackathon category.,2024-07-02,AICTE,https://uei-proofs.s3.amazonaws.com/ach-9eaf2f00.pdf
c70ef112-6ef2-44ab-80ea-109ff00a458b,ebb1915f-d328-4e0e-b86e-956ee6fcd97c,Google Data Analytics Certificate,CERTIFICATION,Achievement recorded under Certification category.,2026-07-17,AICTE,https://uei-proofs.s3.amazonaws.com/ach-f2e4a197.pdf
8de1b13c-aa91-493e-875e-ab9195427cd7,5d86059e-9ca8-4411-b11e-8b27b76b339b,Inter-college Cricket Tournament - Runner-up,SPORTS,Achievement recorded under Sports category.,2024-08-05,External Body,https://uei-proofs.s3.amazonaws.com/ach-9adff7ad.pdf
d69b8610-71b1-49c9-83e6-33dcab9bd4c1,4a1f8d7b-dbcf-4242-96c7-ef9d6aeb0e10,Smart India Hackathon - Finalist,HACKATHON,Achievement recorded under Hackathon category.,2024-09-11,SKIT,https://uei-proofs.s3.amazonaws.com/ach-f4be9ab7.pdf
8ae46798-d788-457d-b602-18de75b6ec4c,66e3c9d5-2d66-4671-8e86-6cba5ad48d76,Hack36 Winner,HACKATHON,Achievement recorded under Hackathon category.,2026-07-28,IEEE,https://uei-proofs.s3.amazonaws.com/ach-fdabf7ed.pdf
f31eb2af-516f-4102-a6d3-1ecd33427d98,8700c3f7-810d-40ef-b49b-ed095aa26a5e,College Hackathon - 2nd Place,HACKATHON,Achievement recorded under Hackathon category.,2025-12-19,Google,https://uei-proofs.s3.amazonaws.com/ach-ffad7e33.pdf
1892b182-0db3-41d8-b8a4-fd348bde4dd1,9461c275-9e50-4dbf-844b-fdcec220b20b,Technical Club Core Member,CLUB,Achievement recorded under Club category.,2025-01-16,Google,https://uei-proofs.s3.amazonaws.com/ach-4b55b73e.pdf
88f8ef5b-e194-4698-8c54-f8896095f850,9461c275-9e50-4dbf-844b-fdcec220b20b,Research paper on ML applications,PUBLICATION,Achievement recorded under Publication category.,2025-03-19,AWS,https://uei-proofs.s3.amazonaws.com/ach-c9d097bb.pdf
6382bef3-b7c4-43d6-be1a-522e75fedc41,1a6b449a-6f07-41ae-a808-2a1777a873fe,CodeChef Div 2 - Top 10%,CONTEST,Achievement recorded under Contest category.,2024-08-18,Google,https://uei-proofs.s3.amazonaws.com/ach-215df9ad.pdf
c572cee5-261e-4426-aba8-e34866c2d792,1a6b449a-6f07-41ae-a808-2a1777a873fe,Google Data Analytics Certificate,CERTIFICATION,Achievement recorded under Certification category.,2024-10-02,AICTE,https://uei-proofs.s3.amazonaws.com/ach-405bda53.pdf
d2088588-7b43-4a74-9b1e-3d52722b151e,1a6b449a-6f07-41ae-a808-2a1777a873fe,AWS Cloud Practitioner,CERTIFICATION,Achievement recorded under Certification category.,2024-07-02,AWS,https://uei-proofs.s3.amazonaws.com/ach-b15fd585.pdf
d121b906-fc84-4726-a75b-aab1445c06cc,4886a7ec-9f8a-4141-812f-7adc1d815651,GeeksforGeeks Coding Contest,CONTEST,Achievement recorded under Contest category.,2025-12-04,AICTE,https://uei-proofs.s3.amazonaws.com/ach-0cbd367b.pdf
29715965-b1c4-4292-94c4-d0725fd8894e,4886a7ec-9f8a-4141-812f-7adc1d815651,Inter-college Cricket Tournament - Runner-up,SPORTS,Achievement recorded under Sports category.,2025-05-17,AICTE,https://uei-proofs.s3.amazonaws.com/ach-fe81c4df.pdf
f4fb3b08-5387-496a-8520-5869a7eb9d95,ecca7626-ae07-4f23-80da-9ddb1c516eda,Technical Club Core Member,CLUB,Achievement recorded under Club category.,2024-06-04,Google,https://uei-proofs.s3.amazonaws.com/ach-11e59a4e.pdf
97941fde-e2da-4984-8aea-c5f19c00f0c0,ecca7626-ae07-4f23-80da-9ddb1c516eda,Google Data Analytics Certificate,CERTIFICATION,Achievement recorded under Certification category.,2024-07-14,AICTE,https://uei-proofs.s3.amazonaws.com/ach-d1b6d799.pdf
861bd111-e67b-4a22-a028-cfba75b584ba,c8749c2b-b4ff-4f32-98e9-7daedb9e2ee9,Research paper on ML applications,PUBLICATION,Achievement recorded under Publication category.,2025-05-25,SKIT,https://uei-proofs.s3.amazonaws.com/ach-031cf31e.pdf
c6cfe0be-b012-401a-a4b1-d67e2134c570,6e59252b-8f4d-4b5a-8e11-c84524a75f63,University Badminton Championship,SPORTS,Achievement recorded under Sports category.,2026-05-02,IEEE,https://uei-proofs.s3.amazonaws.com/ach-53cdfe2a.pdf
9b83ff30-1ea2-4215-85d9-34dda76afc38,6e59252b-8f4d-4b5a-8e11-c84524a75f63,University Badminton Championship,SPORTS,Achievement recorded under Sports category.,2025-11-24,AICTE,https://uei-proofs.s3.amazonaws.com/ach-d842bd24.pdf
bde0e69b-7621-4538-b550-27ea1857ed95,22269da9-6a06-4549-9c7c-daa80bc404d3,LeetCode Contest Rank,CONTEST,Achievement recorded under Contest category.,2025-07-05,External Body,https://uei-proofs.s3.amazonaws.com/ach-9d6d5972.pdf
2ed76062-ef57-4338-b360-4a951dd7dc8a,22269da9-6a06-4549-9c7c-daa80bc404d3,IEEE Conference Paper - Co-author,PUBLICATION,Achievement recorded under Publication category.,2026-02-12,External Body,https://uei-proofs.s3.amazonaws.com/ach-f8e0a323.pdf
10730c74-fe3a-405e-afea-e964d5566a04,32c44be7-76c1-4d77-a22e-66f87fb71acd,AWS Cloud Practitioner,CERTIFICATION,Achievement recorded under Certification category.,2024-12-04,External Body,https://uei-proofs.s3.amazonaws.com/ach-b4c5492d.pdf
e388f151-999f-4a15-b068-1bb3ac43aee3,a11c7b94-3d35-4dcf-b26b-40a14c9c4994,Google Data Analytics Certificate,CERTIFICATION,Achievement recorded under Certification category.,2025-02-10,SKIT,https://uei-proofs.s3.amazonaws.com/ach-29254bcc.pdf
c51a42ca-645c-4e23-b78b-1b763f0d25ec,a11c7b94-3d35-4dcf-b26b-40a14c9c4994,Smart India Hackathon - Finalist,HACKATHON,Achievement recorded under Hackathon category.,2025-05-30,External Body,https://uei-proofs.s3.amazonaws.com/ach-dd16a064.pdf
4f9c5ee3-0597-49b7-9bbf-be70e8f6fb46,98ce75a1-d148-4552-8946-5b38883ecef3,Research paper on ML applications,PUBLICATION,Achievement recorded under Publication category.,2025-01-12,AICTE,https://uei-proofs.s3.amazonaws.com/ach-4ea3c80e.pdf
4071a5ef-9881-4344-9b63-eb9c9884f4ec,4bf65490-9937-4be1-b20c-5e676bb7785c,Technical Club Core Member,CLUB,Achievement recorded under Club category.,2025-10-23,AWS,https://uei-proofs.s3.amazonaws.com/ach-53b4564e.pdf
ee85db2b-b62a-490b-af0f-0937467d4c43,9a37bd95-c5e9-433b-a1a2-3a7c10975b01,Inter-college Cricket Tournament - Runner-up,SPORTS,Achievement recorded under Sports category.,2025-11-12,Google,https://uei-proofs.s3.amazonaws.com/ach-b95080bb.pdf
bd086e7c-f558-4bdb-9025-ed8e81005361,db938d4c-c25a-4cac-bd69-6bcda93aa4cf,Inter-college Cricket Tournament - Runner-up,SPORTS,Achievement recorded under Sports category.,2025-02-05,IEEE,https://uei-proofs.s3.amazonaws.com/ach-ca2f277c.pdf
8cca8bab-9780-4a95-8aff-f56ca985dbe8,db938d4c-c25a-4cac-bd69-6bcda93aa4cf,AWS Cloud Practitioner,CERTIFICATION,Achievement recorded under Certification category.,2026-05-12,AICTE,https://uei-proofs.s3.amazonaws.com/ach-4ef30742.pdf
19e09a68-e6e3-42df-aafc-ec9c97d221b8,db938d4c-c25a-4cac-bd69-6bcda93aa4cf,Inter-college Cricket Tournament - Runner-up,SPORTS,Achievement recorded under Sports category.,2024-12-05,AWS,https://uei-proofs.s3.amazonaws.com/ach-65748b37.pdf
9d64ea7f-0331-4a0c-85d9-37c14943a06d,44e310ef-e692-422a-a593-c9867b6155d8,AWS Cloud Practitioner,CERTIFICATION,Achievement recorded under Certification category.,2025-09-05,AICTE,https://uei-proofs.s3.amazonaws.com/ach-b963ed99.pdf
99941778-ffbd-46ec-864c-6877ddb8f0ac,44e310ef-e692-422a-a593-c9867b6155d8,Research paper on ML applications,PUBLICATION,Achievement recorded under Publication category.,2024-07-22,AICTE,https://uei-proofs.s3.amazonaws.com/ach-3f67022a.pdf
016f782c-59f8-4613-9483-7275f407d809,44e310ef-e692-422a-a593-c9867b6155d8,Research paper on ML applications,PUBLICATION,Achievement recorded under Publication category.,2024-09-09,External Body,https://uei-proofs.s3.amazonaws.com/ach-59c98c2d.pdf
bec6727b-4ddf-4d92-a83a-b5e41121ce94,08a3fd49-db4f-4293-9631-cbf8c89d0a87,AWS Cloud Practitioner,CERTIFICATION,Achievement recorded under Certification category.,2025-08-25,IEEE,https://uei-proofs.s3.amazonaws.com/ach-26572122.pdf
99e6eee5-82bd-4ece-aec1-dad45f0bee62,08a3fd49-db4f-4293-9631-cbf8c89d0a87,GeeksforGeeks Coding Contest,CONTEST,Achievement recorded under Contest category.,2026-05-27,SKIT,https://uei-proofs.s3.amazonaws.com/ach-56d5d93d.pdf
ca167792-50f2-4f73-a8ac-3a244eb8400c,af70f11a-dacf-4a55-906f-d0f616848658,Coding Club Event Organizer,CLUB,Achievement recorded under Club category.,2025-10-15,IEEE,https://uei-proofs.s3.amazonaws.com/ach-d82329fc.pdf
1d56947e-7158-4cca-8bef-c35380159283,fe7d693a-701e-4722-b742-b18e299411ad,Research paper on ML applications,PUBLICATION,Achievement recorded under Publication category.,2024-10-24,SKIT,https://uei-proofs.s3.amazonaws.com/ach-9c86b1c6.pdf
903a710c-5246-41b4-bb3b-57967160e4ad,8afbbc17-5de9-41d9-8309-09ea87c46621,University Badminton Championship,SPORTS,Achievement recorded under Sports category.,2026-03-16,External Body,https://uei-proofs.s3.amazonaws.com/ach-479cf296.pdf
1788b478-74da-47c3-9a86-252a4a57cc61,8afbbc17-5de9-41d9-8309-09ea87c46621,Coding Club Event Organizer,CLUB,Achievement recorded under Club category.,2024-10-07,SKIT,https://uei-proofs.s3.amazonaws.com/ach-5ab45687.pdf
4f71f858-cf83-45a3-94e6-6eabde8d56bd,4117a364-ae31-4089-8541-dac4555bee96,Inter-college Cricket Tournament - Runner-up,SPORTS,Achievement recorded under Sports category.,2025-08-24,AWS,https://uei-proofs.s3.amazonaws.com/ach-dcc5f309.pdf
23257282-a93e-49af-9dc9-44509e6ec2b0,bda3289e-fa56-487f-ab01-2addfa83b70f,AWS Cloud Practitioner,CERTIFICATION,Achievement recorded under Certification category.,2025-02-17,AICTE,https://uei-proofs.s3.amazonaws.com/ach-78afcf70.pdf
61b1c838-a8a7-46af-81ee-38c97fbdeda4,1bb6f043-1c46-4430-890f-7bab8ffbd88f,Technical Club Core Member,CLUB,Achievement recorded under Club category.,2024-10-03,Google,https://uei-proofs.s3.amazonaws.com/ach-026ee632.pdf
3c3a362f-586b-4d2e-b64e-c81637b51bf1,eb92fbf1-8d20-4f42-872a-8aaa1edb0d66,University Badminton Championship,SPORTS,Achievement recorded under Sports category.,2025-12-11,SKIT,https://uei-proofs.s3.amazonaws.com/ach-e619a9dc.pdf
7363ae36-b5a1-4eab-a3e2-d107b9e5296f,bef769fe-c1a0-4bf9-aa74-75899f4c4c31,LeetCode Contest Rank,CONTEST,Achievement recorded under Contest category.,2026-06-06,AWS,https://uei-proofs.s3.amazonaws.com/ach-bf4b3229.pdf
de0e47b3-1ccf-43f4-9027-2d9600dd9060,bef769fe-c1a0-4bf9-aa74-75899f4c4c31,GeeksforGeeks Coding Contest,CONTEST,Achievement recorded under Contest category.,2024-11-16,AWS,https://uei-proofs.s3.amazonaws.com/ach-fb3c8d58.pdf
58df17e4-5cc3-4636-83cd-aef0051488af,51146eb7-964c-49c5-b017-92e613faf320,Coding Club Event Organizer,CLUB,Achievement recorded under Club category.,2025-04-23,SKIT,https://uei-proofs.s3.amazonaws.com/ach-0ddddd3e.pdf
c0178737-f960-4b55-9857-f6f0267f931b,fb2c6ae3-df5b-4ce9-aebf-5328b0399ab1,IEEE Conference Paper - Co-author,PUBLICATION,Achievement recorded under Publication category.,2025-01-02,SKIT,https://uei-proofs.s3.amazonaws.com/ach-bdc21b49.pdf
108545f0-12fa-4298-9db3-b23d2b8c6ea2,fb2c6ae3-df5b-4ce9-aebf-5328b0399ab1,Technical Club Core Member,CLUB,Achievement recorded under Club category.,2026-04-23,SKIT,https://uei-proofs.s3.amazonaws.com/ach-d601a09c.pdf
ec85d67c-234e-4177-85ca-a502b291973b,fb2c6ae3-df5b-4ce9-aebf-5328b0399ab1,Technical Club Core Member,CLUB,Achievement recorded under Club category.,2024-10-24,SKIT,https://uei-proofs.s3.amazonaws.com/ach-78cca366.pdf
b97302e8-0b16-4b10-a870-f8dc6c48b968,53e1e785-d6ed-4904-a0a3-d5d5fbef2753,Google Data Analytics Certificate,CERTIFICATION,Achievement recorded under Certification category.,2026-06-21,SKIT,https://uei-proofs.s3.amazonaws.com/ach-5b4e4a4f.pdf
81db4800-cd1c-4b04-9e5b-4a4d6d100d60,95a87c74-750e-4a67-a9cd-e11e462e8260,CodeChef Div 2 - Top 10%,CONTEST,Achievement recorded under Contest category.,2026-05-27,IEEE,https://uei-proofs.s3.amazonaws.com/ach-b2b3ba05.pdf
43585d78-717a-4bc0-b044-65f334594fd2,6b8a2c7d-2352-4224-b0d2-449f0997b999,Research paper on ML applications,PUBLICATION,Achievement recorded under Publication category.,2026-03-31,SKIT,https://uei-proofs.s3.amazonaws.com/ach-6f9e3f02.pdf
a6f3de5b-ba87-49aa-b7d2-59938fe457b7,6b8a2c7d-2352-4224-b0d2-449f0997b999,IEEE Conference Paper - Co-author,PUBLICATION,Achievement recorded under Publication category.,2025-05-25,External Body,https://uei-proofs.s3.amazonaws.com/ach-2ace78f5.pdf
ff687062-6938-4a8b-826d-de8e39bb7195,3429e66c-34c4-4c6d-880e-b1533d5cc61d,Technical Club Core Member,CLUB,Achievement recorded under Club category.,2025-02-01,External Body,https://uei-proofs.s3.amazonaws.com/ach-36560036.pdf
ebbd70d9-f6b3-4278-85e7-658e1de1b84c,121dad7f-adcb-4cfa-98b0-086aeca4ac60,AWS Cloud Practitioner,CERTIFICATION,Achievement recorded under Certification category.,2025-09-15,AICTE,https://uei-proofs.s3.amazonaws.com/ach-27ecce6f.pdf
3087fd8f-0665-4486-b57c-1ef247c091d5,06d36a42-a4bb-4852-8940-4dcf346b5523,Technical Club Core Member,CLUB,Achievement recorded under Club category.,2026-03-01,IEEE,https://uei-proofs.s3.amazonaws.com/ach-f2e8c48a.pdf
ccf88763-8e7d-4b59-9057-828e7420d208,e5daf360-227b-4498-8be4-f6377838e453,Research paper on ML applications,PUBLICATION,Achievement recorded under Publication category.,2025-09-15,AICTE,https://uei-proofs.s3.amazonaws.com/ach-f996e70a.pdf
ae6d64e0-de08-4946-8b15-048fc892604f,e5daf360-227b-4498-8be4-f6377838e453,IEEE Conference Paper - Co-author,PUBLICATION,Achievement recorded under Publication category.,2025-01-16,AICTE,https://uei-proofs.s3.amazonaws.com/ach-7033c780.pdf
992a524b-876e-4e96-b12f-e0032a005deb,e7f7794c-9349-46fb-90c4-5d880bce28e9,Coding Club Event Organizer,CLUB,Achievement recorded under Club category.,2026-05-01,AWS,https://uei-proofs.s3.amazonaws.com/ach-8cd4a44f.pdf
c52128f9-255b-4e59-b62e-d4023ea7bfe4,eee4b532-e095-4ce8-b5bc-7563e68b3e43,AWS Cloud Practitioner,CERTIFICATION,Achievement recorded under Certification category.,2026-06-11,Google,https://uei-proofs.s3.amazonaws.com/ach-385699d8.pdf
aa75109d-f059-4042-8cd5-b482876fe775,6078c613-ddd0-4405-ada8-7d19958af0ce,Smart India Hackathon - Finalist,HACKATHON,Achievement recorded under Hackathon category.,2024-08-07,IEEE,https://uei-proofs.s3.amazonaws.com/ach-52ad2254.pdf
06368ff7-0221-44cc-8a8a-0f05e9ada2c3,feb55156-cb88-4ab3-b9f6-de2ba4ee6975,IEEE Conference Paper - Co-author,PUBLICATION,Achievement recorded under Publication category.,2025-06-01,SKIT,https://uei-proofs.s3.amazonaws.com/ach-c3ad1249.pdf
d640d6ec-80c9-4079-b4ab-c7dc28894ee9,0c68f883-aefd-437b-a79c-b3228e962429,GeeksforGeeks Coding Contest,CONTEST,Achievement recorded under Contest category.,2026-01-03,IEEE,https://uei-proofs.s3.amazonaws.com/ach-1f802136.pdf
13e640f8-9d6b-4151-963e-f22acc881a20,0c68f883-aefd-437b-a79c-b3228e962429,Coding Club Event Organizer,CLUB,Achievement recorded under Club category.,2024-07-22,IEEE,https://uei-proofs.s3.amazonaws.com/ach-0bb16fee.pdf
e1ccfe8f-e652-48ad-852f-7abf1390b7e3,6ff4f702-9890-4b07-8aad-27a23d83a88b,Research paper on ML applications,PUBLICATION,Achievement recorded under Publication category.,2025-06-04,SKIT,https://uei-proofs.s3.amazonaws.com/ach-7c8243b3.pdf
ef6ef3e5-5320-415d-bc9d-95d22ff27a54,6ff4f702-9890-4b07-8aad-27a23d83a88b,Smart India Hackathon - Finalist,HACKATHON,Achievement recorded under Hackathon category.,2026-04-25,External Body,https://uei-proofs.s3.amazonaws.com/ach-2eea16be.pdf
5b68d075-083a-42d2-97bc-a98076f4db70,9e1d912d-ca84-4fde-a46d-a190e20223b8,Smart India Hackathon - Finalist,HACKATHON,Achievement recorded under Hackathon category.,2026-03-26,AWS,https://uei-proofs.s3.amazonaws.com/ach-47701ba7.pdf
239dbf52-4224-48e0-bf25-378567a40905,226cdeb9-2944-4b73-a8db-c0a09e1d6871,Coding Club Event Organizer,CLUB,Achievement recorded under Club category.,2025-08-13,Google,https://uei-proofs.s3.amazonaws.com/ach-8a8ca0df.pdf
ec94645e-3dbc-4ca7-830c-a3519bd36461,226cdeb9-2944-4b73-a8db-c0a09e1d6871,GeeksforGeeks Coding Contest,CONTEST,Achievement recorded under Contest category.,2024-11-04,External Body,https://uei-proofs.s3.amazonaws.com/ach-f226a7f0.pdf
cfc69f06-8948-4bf3-bdfc-fe1a8f9aa3d7,a12b4220-8d69-47ee-b2da-fbe283d107bd,GeeksforGeeks Coding Contest,CONTEST,Achievement recorded under Contest category.,2024-12-15,Google,https://uei-proofs.s3.amazonaws.com/ach-a56aef14.pdf
425b0ded-9ec6-4260-b7f8-0d82143bcbb9,84b1ec70-0060-4429-ad11-d1b7321a067b,University Badminton Championship,SPORTS,Achievement recorded under Sports category.,2025-10-19,External Body,https://uei-proofs.s3.amazonaws.com/ach-104150db.pdf
dd9bd313-69d4-41a3-88b7-bb8184d5bea8,c53c0eb6-6619-4fb1-9280-7ac1349f6140,Coding Club Event Organizer,CLUB,Achievement recorded under Club category.,2026-06-08,Google,https://uei-proofs.s3.amazonaws.com/ach-ee958fec.pdf
41705608-f284-492a-bc88-77a25d74fd86,c53c0eb6-6619-4fb1-9280-7ac1349f6140,GeeksforGeeks Coding Contest,CONTEST,Achievement recorded under Contest category.,2025-01-11,IEEE,https://uei-proofs.s3.amazonaws.com/ach-621f6e71.pdf
bfbc3a24-723e-40d8-9733-1313a50904e3,c53c0eb6-6619-4fb1-9280-7ac1349f6140,College Hackathon - 2nd Place,HACKATHON,Achievement recorded under Hackathon category.,2025-04-25,Google,https://uei-proofs.s3.amazonaws.com/ach-c7f76189.pdf
6619a5c9-c7bf-4883-aefe-7eb73eebc914,781ab867-85b4-4a89-b657-2560e8e11e9f,AWS Cloud Practitioner,CERTIFICATION,Achievement recorded under Certification category.,2024-07-02,SKIT,https://uei-proofs.s3.amazonaws.com/ach-fd9493f9.pdf
2ac63d8b-a8ae-40bd-bc38-4ba2a1713981,781ab867-85b4-4a89-b657-2560e8e11e9f,Google Data Analytics Certificate,CERTIFICATION,Achievement recorded under Certification category.,2025-06-19,IEEE,https://uei-proofs.s3.amazonaws.com/ach-7e6390d1.pdf
316d1721-e93e-4962-9675-516e3873460d,781ab867-85b4-4a89-b657-2560e8e11e9f,Research paper on ML applications,PUBLICATION,Achievement recorded under Publication category.,2025-04-28,Google,https://uei-proofs.s3.amazonaws.com/ach-3656a978.pdf
d867e19c-c44d-465f-bf9c-963bfc9edf87,7effa285-57fc-4580-9cfb-a36daee85193,IEEE Conference Paper - Co-author,PUBLICATION,Achievement recorded under Publication category.,2025-01-11,External Body,https://uei-proofs.s3.amazonaws.com/ach-1ae54dee.pdf
3aa053c1-6d63-46a7-a2e2-50d6f7dc163a,13ae7278-6bc5-4b1e-8115-0796e715a34b,IEEE Conference Paper - Co-author,PUBLICATION,Achievement recorded under Publication category.,2024-11-13,AWS,https://uei-proofs.s3.amazonaws.com/ach-062e85b2.pdf
976bb5c0-00ff-4e45-9fae-05036d9f84da,c29d5a7c-2e78-4cd7-99ba-38b001cfbfd6,Technical Club Core Member,CLUB,Achievement recorded under Club category.,2026-04-01,AWS,https://uei-proofs.s3.amazonaws.com/ach-93376370.pdf
25f51d76-8dd3-468b-a9b3-993476e1d984,c29d5a7c-2e78-4cd7-99ba-38b001cfbfd6,Research paper on ML applications,PUBLICATION,Achievement recorded under Publication category.,2026-06-06,External Body,https://uei-proofs.s3.amazonaws.com/ach-560b64ea.pdf
2b861a31-9c88-4a72-a602-cef04e7c12bb,c29d5a7c-2e78-4cd7-99ba-38b001cfbfd6,Inter-college Cricket Tournament - Runner-up,SPORTS,Achievement recorded under Sports category.,2026-01-05,IEEE,https://uei-proofs.s3.amazonaws.com/ach-0f8820c3.pdf
8f54750c-d522-4612-862f-bc7ced68e948,7621896b-a702-43ea-9b6d-0b3ada0972db,GeeksforGeeks Coding Contest,CONTEST,Achievement recorded under Contest category.,2025-08-09,SKIT,https://uei-proofs.s3.amazonaws.com/ach-abbbeebb.pdf
5c0f42ac-c960-4a20-bab7-3b9b4a53cfac,67acaf37-09d1-4ba8-9fb0-589c1c22065d,Technical Club Core Member,CLUB,Achievement recorded under Club category.,2025-07-13,AWS,https://uei-proofs.s3.amazonaws.com/ach-2d0ec392.pdf
22f5000a-6cd5-4423-8d71-7d3a05013d6c,67acaf37-09d1-4ba8-9fb0-589c1c22065d,LeetCode Contest Rank,CONTEST,Achievement recorded under Contest category.,2025-02-25,Google,https://uei-proofs.s3.amazonaws.com/ach-12fdd3da.pdf
88e4d6de-35e9-4dcf-a254-28c705c9549b,cd3921df-af1c-4e1a-a800-7743ad60fb5c,College Hackathon - 2nd Place,HACKATHON,Achievement recorded under Hackathon category.,2024-06-09,IEEE,https://uei-proofs.s3.amazonaws.com/ach-e504cd36.pdf
5e21f426-7b0e-44f6-86f7-08f099764ff5,e9abd609-e222-4a3d-8c98-cf43455ef66d,College Hackathon - 2nd Place,HACKATHON,Achievement recorded under Hackathon category.,2024-11-09,AICTE,https://uei-proofs.s3.amazonaws.com/ach-c1c1671e.pdf
18f6a727-ca22-4924-a423-1915ffee66a7,e9abd609-e222-4a3d-8c98-cf43455ef66d,University Badminton Championship,SPORTS,Achievement recorded under Sports category.,2024-10-06,AICTE,https://uei-proofs.s3.amazonaws.com/ach-3d7e079e.pdf
6720b803-480a-4db7-8422-e2ebc232b19d,b289de15-f628-42c0-9b31-6f3c9c25c66e,Google Data Analytics Certificate,CERTIFICATION,Achievement recorded under Certification category.,2026-03-25,AICTE,https://uei-proofs.s3.amazonaws.com/ach-6fd91e97.pdf
b3fcda31-d6a8-432b-9e6d-c83d22dd4f25,b289de15-f628-42c0-9b31-6f3c9c25c66e,College Hackathon - 2nd Place,HACKATHON,Achievement recorded under Hackathon category.,2025-01-30,External Body,https://uei-proofs.s3.amazonaws.com/ach-25376819.pdf
bcc78710-e5e9-404d-be6a-2e55dbc5b218,b289de15-f628-42c0-9b31-6f3c9c25c66e,College Hackathon - 2nd Place,HACKATHON,Achievement recorded under Hackathon category.,2026-06-18,External Body,https://uei-proofs.s3.amazonaws.com/ach-a23bac93.pdf
67077e98-f472-4faf-8bd8-da895ecb7bc7,1e1eb656-7ac2-4ba4-89c5-b9071f823d86,University Badminton Championship,SPORTS,Achievement recorded under Sports category.,2024-12-09,External Body,https://uei-proofs.s3.amazonaws.com/ach-dc2928a8.pdf
216bc1fb-d144-4fda-a1a5-dd2a93442ed0,1e1eb656-7ac2-4ba4-89c5-b9071f823d86,IEEE Conference Paper - Co-author,PUBLICATION,Achievement recorded under Publication category.,2026-01-08,Google,https://uei-proofs.s3.amazonaws.com/ach-68cff702.pdf
2bd9ba76-8f30-4385-94c8-e46404f6c527,d85e8fca-bbb2-432a-922e-f426346f1357,Inter-college Cricket Tournament - Runner-up,SPORTS,Achievement recorded under Sports category.,2024-06-23,SKIT,https://uei-proofs.s3.amazonaws.com/ach-99877864.pdf
36a0abe2-46f1-43bb-b91d-616e74d6d2f5,6cd7d8b3-c3af-4e50-8560-b1df0af0c3aa,LeetCode Contest Rank,CONTEST,Achievement recorded under Contest category.,2024-10-06,IEEE,https://uei-proofs.s3.amazonaws.com/ach-655ae2ad.pdf
ad9bb76e-22b3-42d1-95b8-40838785b57b,196f7491-0a87-49ba-bfdf-da1fce407e41,IEEE Conference Paper - Co-author,PUBLICATION,Achievement recorded under Publication category.,2025-09-15,AWS,https://uei-proofs.s3.amazonaws.com/ach-4ca7511b.pdf
890d8eb0-ece8-44d6-8cfc-dc2d7abcd5db,b89da6be-0137-449d-a852-44063465cce8,Research paper on ML applications,PUBLICATION,Achievement recorded under Publication category.,2026-07-13,External Body,https://uei-proofs.s3.amazonaws.com/ach-4fa0beab.pdf
ccd0a061-5221-4826-afd2-f4973d5a394a,5e6e508c-86eb-4621-a320-03ff96bef7bf,Hack36 Winner,HACKATHON,Achievement recorded under Hackathon category.,2026-01-07,Google,https://uei-proofs.s3.amazonaws.com/ach-5da3aa12.pdf
6a02f6de-7aab-4020-a9aa-aca91fcf8ee8,0e915a9c-5f50-4427-9524-e51633f06ad9,College Hackathon - 2nd Place,HACKATHON,Achievement recorded under Hackathon category.,2025-03-21,IEEE,https://uei-proofs.s3.amazonaws.com/ach-8ebb5e5e.pdf
16811698-6c70-491a-adb6-f6edb3717e79,32601f4c-ac26-46dc-b11f-f30daa1e54e4,Technical Club Core Member,CLUB,Achievement recorded under Club category.,2024-09-16,AICTE,https://uei-proofs.s3.amazonaws.com/ach-cbbb61c8.pdf
aa1f209c-d5a2-4d93-b4d3-eb2bac3a5fad,6eb783df-851f-4b52-a38f-06c17a232bcd,University Badminton Championship,SPORTS,Achievement recorded under Sports category.,2026-04-14,AICTE,https://uei-proofs.s3.amazonaws.com/ach-8bb84b2b.pdf
cf80fbb6-32cb-4d5e-a9ba-d739a5737466,6eb783df-851f-4b52-a38f-06c17a232bcd,College Hackathon - 2nd Place,HACKATHON,Achievement recorded under Hackathon category.,2026-06-24,IEEE,https://uei-proofs.s3.amazonaws.com/ach-78c79163.pdf
ec3b1435-2283-43ac-be2f-88947a931dd5,ca239e5a-e87b-4521-8602-e18c40dcbded,Google Data Analytics Certificate,CERTIFICATION,Achievement recorded under Certification category.,2024-12-01,IEEE,https://uei-proofs.s3.amazonaws.com/ach-494b5e4e.pdf
bad1dd77-452e-43fe-96d6-8b51c2044ce1,3f0c0058-6e4a-4577-8cd3-5838c6a78ae9,AWS Cloud Practitioner,CERTIFICATION,Achievement recorded under Certification category.,2024-12-14,SKIT,https://uei-proofs.s3.amazonaws.com/ach-07d37a3d.pdf
34371386-ce8b-4c8d-bec8-7463b745402d,37ded831-df02-41b6-b566-5b713bf15bb6,Google Data Analytics Certificate,CERTIFICATION,Achievement recorded under Certification category.,2026-04-01,SKIT,https://uei-proofs.s3.amazonaws.com/ach-b0bd14bd.pdf
3ab90382-ae0b-458d-a29b-8f872dbf73ae,7f323044-97ed-4628-84f2-587b2028e5c3,LeetCode Contest Rank,CONTEST,Achievement recorded under Contest category.,2025-08-17,AICTE,https://uei-proofs.s3.amazonaws.com/ach-ec0b538e.pdf
043fc00c-c995-45ab-a893-d84fc38a5d47,7f323044-97ed-4628-84f2-587b2028e5c3,Technical Club Core Member,CLUB,Achievement recorded under Club category.,2024-09-23,IEEE,https://uei-proofs.s3.amazonaws.com/ach-66fb57c7.pdf
45467f7a-8a80-4ff7-8fbb-9a35d0aadc79,b196267c-e9ec-446b-bb9d-7daaa27cc54c,Inter-college Cricket Tournament - Runner-up,SPORTS,Achievement recorded under Sports category.,2024-09-19,AWS,https://uei-proofs.s3.amazonaws.com/ach-eada76ba.pdf
931986dc-e4e8-4ce1-acb9-84ba20583a6e,9129f6dd-8c42-4689-8390-b53442393f78,Technical Club Core Member,CLUB,Achievement recorded under Club category.,2026-02-09,IEEE,https://uei-proofs.s3.amazonaws.com/ach-bcb83900.pdf
f02150be-c3f1-49d9-8e9c-c549c2206a87,009a5366-715a-44a4-a575-400171178811,Technical Club Core Member,CLUB,Achievement recorded under Club category.,2024-08-10,External Body,https://uei-proofs.s3.amazonaws.com/ach-ff70aeda.pdf
10f683f6-0515-4970-9539-42c81bbc39b5,e309f6c1-3d89-4582-be44-594c355de08f,Technical Club Core Member,CLUB,Achievement recorded under Club category.,2025-02-28,Google,https://uei-proofs.s3.amazonaws.com/ach-a8a21477.pdf
96d452fd-31d6-4622-86c1-4990e474f80d,e309f6c1-3d89-4582-be44-594c355de08f,IEEE Conference Paper - Co-author,PUBLICATION,Achievement recorded under Publication category.,2024-07-25,AWS,https://uei-proofs.s3.amazonaws.com/ach-e849bf89.pdf
e3e58e5c-2356-4ff6-b69b-fe8296602e30,2bf9d12f-2d2b-4f7d-be18-857095334cf6,AWS Cloud Practitioner,CERTIFICATION,Achievement recorded under Certification category.,2025-05-29,External Body,https://uei-proofs.s3.amazonaws.com/ach-f94c9c11.pdf
7caa375c-1f09-49eb-891b-25d711789269,d126ca15-f173-4e5d-81d2-5cd2c3c6e19c,Google Data Analytics Certificate,CERTIFICATION,Achievement recorded under Certification category.,2026-07-30,IEEE,https://uei-proofs.s3.amazonaws.com/ach-16b13e54.pdf
f3872176-890d-4013-b742-b8a0c56d1d14,d126ca15-f173-4e5d-81d2-5cd2c3c6e19c,University Badminton Championship,SPORTS,Achievement recorded under Sports category.,2026-08-08,IEEE,https://uei-proofs.s3.amazonaws.com/ach-633f8dc6.pdf
a21f0bb7-4257-4502-b55c-82db59ebf0cc,0271955f-73e9-486c-aa69-22c6b30e7255,Inter-college Cricket Tournament - Runner-up,SPORTS,Achievement recorded under Sports category.,2025-06-16,AWS,https://uei-proofs.s3.amazonaws.com/ach-15727143.pdf
ab6a97ed-b4d9-4da6-a7d5-1f7ab8fd0870,97b50ebe-91e6-4fb0-a91c-135abc8331ca,Technical Club Core Member,CLUB,Achievement recorded under Club category.,2025-10-16,AWS,https://uei-proofs.s3.amazonaws.com/ach-5baf0f46.pdf
5c6ac74b-5b42-4f69-a8ef-04ec40460416,a44b713b-5de1-44ef-9d5f-dafe07c64fde,Smart India Hackathon - Finalist,HACKATHON,Achievement recorded under Hackathon category.,2025-05-24,SKIT,https://uei-proofs.s3.amazonaws.com/ach-b66b201c.pdf
ae1dcd6a-8209-4e03-b020-ac1145652895,a44b713b-5de1-44ef-9d5f-dafe07c64fde,Technical Club Core Member,CLUB,Achievement recorded under Club category.,2024-11-26,IEEE,https://uei-proofs.s3.amazonaws.com/ach-b9c50e37.pdf
5257fc29-c501-4b5b-b9bc-f65d6a9a3971,a44b713b-5de1-44ef-9d5f-dafe07c64fde,GeeksforGeeks Coding Contest,CONTEST,Achievement recorded under Contest category.,2025-12-01,External Body,https://uei-proofs.s3.amazonaws.com/ach-c2dca5f2.pdf
f7258eea-c3a1-4743-bb55-bca780ca7b57,6b1dadad-96c2-49f5-84a4-8c090c6ca578,University Badminton Championship,SPORTS,Achievement recorded under Sports category.,2024-12-18,SKIT,https://uei-proofs.s3.amazonaws.com/ach-105c0569.pdf
d56da764-db63-40d3-87ad-0691092f96e0,dd718e4e-5783-46d7-993d-657fc25b4bc1,IEEE Conference Paper - Co-author,PUBLICATION,Achievement recorded under Publication category.,2025-06-11,IEEE,https://uei-proofs.s3.amazonaws.com/ach-0a5ab8d3.pdf
5478749e-8523-4f9e-9123-0fff2aaec6db,bfa9803f-ace8-45c0-8031-109c494be49f,Hack36 Winner,HACKATHON,Achievement recorded under Hackathon category.,2025-05-10,Google,https://uei-proofs.s3.amazonaws.com/ach-5b00a289.pdf
fb6294c4-7575-4fd4-ac69-6d18d79a4e35,bfa9803f-ace8-45c0-8031-109c494be49f,AWS Cloud Practitioner,CERTIFICATION,Achievement recorded under Certification category.,2025-06-09,AICTE,https://uei-proofs.s3.amazonaws.com/ach-992616f3.pdf
7110640f-0d59-41d5-aa92-3dcfca0f6cb7,bfa9803f-ace8-45c0-8031-109c494be49f,Google Data Analytics Certificate,CERTIFICATION,Achievement recorded under Certification category.,2024-12-06,SKIT,https://uei-proofs.s3.amazonaws.com/ach-3e950da1.pdf
30f82374-99ea-47dc-b221-aff81ad5c2c8,baf154b5-2d4d-4c0a-b4fd-2b05d2feb16e,LeetCode Contest Rank,CONTEST,Achievement recorded under Contest category.,2024-07-23,AICTE,https://uei-proofs.s3.amazonaws.com/ach-e07891ee.pdf
419000d3-7fa6-450c-913e-61f6071a4fb4,392519ab-fef0-4af9-b669-0366ff089c3b,Research paper on ML applications,PUBLICATION,Achievement recorded under Publication category.,2026-03-09,IEEE,https://uei-proofs.s3.amazonaws.com/ach-83ab4874.pdf
80a19bf5-c6d9-4a53-bbcf-064802c95796,967e9c59-a0a5-4c88-a46d-25b7fcdf0d4b,CodeChef Div 2 - Top 10%,CONTEST,Achievement recorded under Contest category.,2024-07-31,AWS,https://uei-proofs.s3.amazonaws.com/ach-05e358a8.pdf
8078d1a4-f671-4159-8224-77bd84c338d4,967e9c59-a0a5-4c88-a46d-25b7fcdf0d4b,IEEE Conference Paper - Co-author,PUBLICATION,Achievement recorded under Publication category.,2026-07-22,AICTE,https://uei-proofs.s3.amazonaws.com/ach-3640b277.pdf
e3108e02-044b-4593-b882-aaf4286751d7,967e9c59-a0a5-4c88-a46d-25b7fcdf0d4b,IEEE Conference Paper - Co-author,PUBLICATION,Achievement recorded under Publication category.,2024-07-22,SKIT,https://uei-proofs.s3.amazonaws.com/ach-0c46a73d.pdf
d9c400b1-e31b-4f06-a2b5-16e07107f740,facb6741-3b79-475c-8523-b8c4a0ed17d9,Smart India Hackathon - Finalist,HACKATHON,Achievement recorded under Hackathon category.,2025-06-01,External Body,https://uei-proofs.s3.amazonaws.com/ach-0fcc17a7.pdf
fdc5eafe-6454-4488-932b-591860da7eb8,3a834626-4b2d-40ad-af64-391d6d26242d,University Badminton Championship,SPORTS,Achievement recorded under Sports category.,2025-12-27,AWS,https://uei-proofs.s3.amazonaws.com/ach-9155abed.pdf
6ce152fa-593b-45ec-86d3-f703ae06e8da,3a834626-4b2d-40ad-af64-391d6d26242d,Coding Club Event Organizer,CLUB,Achievement recorded under Club category.,2025-04-19,AWS,https://uei-proofs.s3.amazonaws.com/ach-371153db.pdf
fab6966f-4c4c-4e91-a463-17970820b974,3a834626-4b2d-40ad-af64-391d6d26242d,Smart India Hackathon - Finalist,HACKATHON,Achievement recorded under Hackathon category.,2026-01-12,AICTE,https://uei-proofs.s3.amazonaws.com/ach-6a21d070.pdf
bdaa1483-d834-40b6-8e0d-4c16a9d34431,fe2ab766-c230-4fea-94cd-c699bfe2124d,University Badminton Championship,SPORTS,Achievement recorded under Sports category.,2025-01-10,AWS,https://uei-proofs.s3.amazonaws.com/ach-c21c355c.pdf
9ad2967a-1c7b-47d8-816e-459f24bddc03,fe2ab766-c230-4fea-94cd-c699bfe2124d,College Hackathon - 2nd Place,HACKATHON,Achievement recorded under Hackathon category.,2026-02-21,SKIT,https://uei-proofs.s3.amazonaws.com/ach-811689e6.pdf
d35eaf83-ea32-4c6d-8516-e3a7962f2670,9467a5a0-7ccc-416c-8cae-944aed9f9320,LeetCode Contest Rank,CONTEST,Achievement recorded under Contest category.,2025-10-02,SKIT,https://uei-proofs.s3.amazonaws.com/ach-199ce0f5.pdf
859c5d49-28df-4b31-a9d9-488ca5b154ce,19e7e30a-9014-48e2-97a8-a82136a65209,Google Data Analytics Certificate,CERTIFICATION,Achievement recorded under Certification category.,2024-08-10,External Body,https://uei-proofs.s3.amazonaws.com/ach-1ea4add1.pdf
b0de92f9-bfa1-464a-b761-7f93ebc36278,19e7e30a-9014-48e2-97a8-a82136a65209,GeeksforGeeks Coding Contest,CONTEST,Achievement recorded under Contest category.,2026-05-27,Google,https://uei-proofs.s3.amazonaws.com/ach-c65fa846.pdf
bb5aa7d4-9cba-40ea-aee2-b823aa380b9a,ce7c0672-b2c4-47ee-a04c-b9c605806d05,Research paper on ML applications,PUBLICATION,Achievement recorded under Publication category.,2025-07-27,IEEE,https://uei-proofs.s3.amazonaws.com/ach-fba6243d.pdf
e15c0ad2-f3c6-478b-bbc0-e6ec38ab76ea,ce7c0672-b2c4-47ee-a04c-b9c605806d05,Research paper on ML applications,PUBLICATION,Achievement recorded under Publication category.,2024-08-10,AWS,https://uei-proofs.s3.amazonaws.com/ach-7af1ae9c.pdf
e9a107f6-b6ba-4fbe-bf8f-ad9883cc23a8,1f111f32-6dea-4fb2-8266-3afcc57e1bda,Google Data Analytics Certificate,CERTIFICATION,Achievement recorded under Certification category.,2025-02-01,Google,https://uei-proofs.s3.amazonaws.com/ach-51886503.pdf
fa7a0cd8-cc9f-490a-ab9f-2f79708ddf60,5c7d2b4f-8d36-4f85-bc52-905eb86c5725,AWS Cloud Practitioner,CERTIFICATION,Achievement recorded under Certification category.,2025-07-03,SKIT,https://uei-proofs.s3.amazonaws.com/ach-e8b5c308.pdf
09424ba3-0352-4b85-af46-ebd1a924964d,5c7d2b4f-8d36-4f85-bc52-905eb86c5725,GeeksforGeeks Coding Contest,CONTEST,Achievement recorded under Contest category.,2026-01-29,External Body,https://uei-proofs.s3.amazonaws.com/ach-c95233f2.pdf
ff2526c9-f158-4f7e-8db9-8328a09f3865,40a61690-bf42-4f59-b592-9457a1d8c464,CodeChef Div 2 - Top 10%,CONTEST,Achievement recorded under Contest category.,2025-01-02,SKIT,https://uei-proofs.s3.amazonaws.com/ach-3a1a5f50.pdf
906c9947-3889-43c8-9dd4-a9a99811f500,ff722687-67d6-48c9-9bc2-b0310632a222,Google Data Analytics Certificate,CERTIFICATION,Achievement recorded under Certification category.,2026-01-23,AWS,https://uei-proofs.s3.amazonaws.com/ach-d283a003.pdf
b666412f-936c-4fa5-934b-b877120af1d1,3afa5079-75dc-467c-9d00-4ffc5a3d10aa,LeetCode Contest Rank,CONTEST,Achievement recorded under Contest category.,2024-11-21,AWS,https://uei-proofs.s3.amazonaws.com/ach-ad36792b.pdf
55ce1e38-497e-4a98-bf61-09c6b8f14303,819fbb44-a47d-4268-b4fe-07a08755c05e,Inter-college Cricket Tournament - Runner-up,SPORTS,Achievement recorded under Sports category.,2026-04-29,AICTE,https://uei-proofs.s3.amazonaws.com/ach-5675669f.pdf
1083cd0b-da79-415b-b08b-dc8c728c4fed,800dadeb-a4b5-4ab3-91c8-1725ae3fdb6b,AWS Cloud Practitioner,CERTIFICATION,Achievement recorded under Certification category.,2026-03-01,SKIT,https://uei-proofs.s3.amazonaws.com/ach-8178c4e5.pdf
86e3a492-0915-4070-992b-8baa51932d87,800dadeb-a4b5-4ab3-91c8-1725ae3fdb6b,GeeksforGeeks Coding Contest,CONTEST,Achievement recorded under Contest category.,2025-03-22,External Body,https://uei-proofs.s3.amazonaws.com/ach-b7000ba4.pdf
c15d01e3-3b25-4e20-9128-969c7f64c2a5,e8843073-606d-40d5-a309-f67a825c73a5,College Hackathon - 2nd Place,HACKATHON,Achievement recorded under Hackathon category.,2026-03-12,SKIT,https://uei-proofs.s3.amazonaws.com/ach-f0fbde3a.pdf
e2ea59fd-75db-40cd-92a7-2ec74de405eb,817de8c1-c5e2-40fa-9561-2c6f470343ac,CodeChef Div 2 - Top 10%,CONTEST,Achievement recorded under Contest category.,2026-06-11,AICTE,https://uei-proofs.s3.amazonaws.com/ach-8882da3c.pdf
db0ba66a-9e8b-4f7d-a28d-36d5a46f3bf7,53efafe3-7bf0-4171-b368-f5ffdd3a0e13,IEEE Conference Paper - Co-author,PUBLICATION,Achievement recorded under Publication category.,2025-03-14,SKIT,https://uei-proofs.s3.amazonaws.com/ach-468c547f.pdf
1aa95024-1cb5-4baa-b27f-4239ba021e1b,53efafe3-7bf0-4171-b368-f5ffdd3a0e13,Inter-college Cricket Tournament - Runner-up,SPORTS,Achievement recorded under Sports category.,2025-06-22,AWS,https://uei-proofs.s3.amazonaws.com/ach-6d3dbfe0.pdf
51507b1e-2a74-428b-ac22-3d873a5b2023,6be14b8c-0196-4b0b-9d4b-004b38ebc617,Google Data Analytics Certificate,CERTIFICATION,Achievement recorded under Certification category.,2025-08-15,Google,https://uei-proofs.s3.amazonaws.com/ach-99aea0cd.pdf
1f29baec-ad98-4e9e-87f2-85a44b76df5b,f28b955e-3429-4554-805f-6ae433c26064,Coding Club Event Organizer,CLUB,Achievement recorded under Club category.,2025-04-28,External Body,https://uei-proofs.s3.amazonaws.com/ach-16e17244.pdf
c1faac0e-8cde-4763-88a2-2c9728f6faf8,916ca084-1eb5-4387-ba35-a130d7dac3b2,Research paper on ML applications,PUBLICATION,Achievement recorded under Publication category.,2025-04-15,Google,https://uei-proofs.s3.amazonaws.com/ach-fd178fa1.pdf
a3427c0b-cc3e-4049-88f7-db1225c68f0b,82cb0222-b361-4899-91c6-f06468d0edff,Inter-college Cricket Tournament - Runner-up,SPORTS,Achievement recorded under Sports category.,2025-08-09,External Body,https://uei-proofs.s3.amazonaws.com/ach-97959512.pdf
64dcb390-03d8-453d-a106-a4607364699f,82cb0222-b361-4899-91c6-f06468d0edff,CodeChef Div 2 - Top 10%,CONTEST,Achievement recorded under Contest category.,2026-03-30,AWS,https://uei-proofs.s3.amazonaws.com/ach-51a0ae45.pdf
bb258e6d-2d07-469a-bd30-eefa78c011e9,594c23e8-2de2-45bd-a891-64a7936fee4d,IEEE Conference Paper - Co-author,PUBLICATION,Achievement recorded under Publication category.,2026-04-17,AWS,https://uei-proofs.s3.amazonaws.com/ach-9864938c.pdf
58909463-801a-46ba-9101-f931918fb06f,605f6266-3e4b-4fec-ac48-71e7254a94f3,IEEE Conference Paper - Co-author,PUBLICATION,Achievement recorded under Publication category.,2026-06-18,AWS,https://uei-proofs.s3.amazonaws.com/ach-6b63cdf0.pdf
8a6eda91-d6c6-4443-9ab2-d33b00487049,605f6266-3e4b-4fec-ac48-71e7254a94f3,CodeChef Div 2 - Top 10%,CONTEST,Achievement recorded under Contest category.,2024-10-23,AICTE,https://uei-proofs.s3.amazonaws.com/ach-ca1d0dc7.pdf
739446f7-bb74-407c-ab31-e5557da1b2d7,605f6266-3e4b-4fec-ac48-71e7254a94f3,IEEE Conference Paper - Co-author,PUBLICATION,Achievement recorded under Publication category.,2025-01-05,External Body,https://uei-proofs.s3.amazonaws.com/ach-450e63b0.pdf
69b7756a-1d26-43a5-b900-a6358eec98c3,ee45dbd4-2452-406f-8796-863b951161cc,LeetCode Contest Rank,CONTEST,Achievement recorded under Contest category.,2026-02-20,AICTE,https://uei-proofs.s3.amazonaws.com/ach-b02eca84.pdf
21d49da5-0a92-4d94-9fc2-cf7a9ce5255b,24c51da0-2db2-404b-98fd-cb2f3f81025f,College Hackathon - 2nd Place,HACKATHON,Achievement recorded under Hackathon category.,2025-07-11,AWS,https://uei-proofs.s3.amazonaws.com/ach-727ba101.pdf
d34d65e2-4a18-440e-8372-cd6fcc18e5ca,24c51da0-2db2-404b-98fd-cb2f3f81025f,CodeChef Div 2 - Top 10%,CONTEST,Achievement recorded under Contest category.,2025-05-21,IEEE,https://uei-proofs.s3.amazonaws.com/ach-b729bdda.pdf
3b6b68c1-d7cc-4ea2-bdf4-78450937bcae,43c92216-852b-48eb-bf52-a9eb0dc34636,Inter-college Cricket Tournament - Runner-up,SPORTS,Achievement recorded under Sports category.,2026-06-13,AWS,https://uei-proofs.s3.amazonaws.com/ach-689604f9.pdf
dccb1ae0-9f8f-456b-a92a-8c8f440740b1,f4117b48-c67c-4811-b11a-54f6915e8a0c,Hack36 Winner,HACKATHON,Achievement recorded under Hackathon category.,2026-07-06,AWS,https://uei-proofs.s3.amazonaws.com/ach-893bd4e8.pdf
2a7597ec-c5d2-4ea5-b923-03067689883a,55697575-391b-42dd-9dc0-dcb8731eca1e,Hack36 Winner,HACKATHON,Achievement recorded under Hackathon category.,2026-02-02,Google,https://uei-proofs.s3.amazonaws.com/ach-3987aed5.pdf
9784d268-a572-4db1-ad41-bf707efbfbd0,55697575-391b-42dd-9dc0-dcb8731eca1e,Hack36 Winner,HACKATHON,Achievement recorded under Hackathon category.,2026-07-16,External Body,https://uei-proofs.s3.amazonaws.com/ach-c6b3ca62.pdf
2d2e8504-2987-4f37-9811-e8f155759739,c923181a-e3bd-47c1-98a3-c804899de2f4,University Badminton Championship,SPORTS,Achievement recorded under Sports category.,2026-05-15,Google,https://uei-proofs.s3.amazonaws.com/ach-8ffdcb23.pdf
5609e347-1fa1-4e5d-8e5b-35c1b282339a,525e3275-5d08-4f97-bfa4-e5e1fe2d2e31,Coding Club Event Organizer,CLUB,Achievement recorded under Club category.,2026-05-14,External Body,https://uei-proofs.s3.amazonaws.com/ach-526a6f19.pdf
648a1fbb-3021-4221-8323-193ce851545a,0cd7a5d4-b989-4bec-af27-d0f1e33026e1,Research paper on ML applications,PUBLICATION,Achievement recorded under Publication category.,2026-02-25,Google,https://uei-proofs.s3.amazonaws.com/ach-bbc26c2c.pdf
25541d9f-2a41-4594-86de-fabd5f990dd6,0cd7a5d4-b989-4bec-af27-d0f1e33026e1,Inter-college Cricket Tournament - Runner-up,SPORTS,Achievement recorded under Sports category.,2026-05-10,External Body,https://uei-proofs.s3.amazonaws.com/ach-6810f2bc.pdf
e8211a6e-a342-4b36-92d2-388d9fafaea0,96d09d25-1c92-457e-9c46-159b94f29993,LeetCode Contest Rank,CONTEST,Achievement recorded under Contest category.,2024-09-29,External Body,https://uei-proofs.s3.amazonaws.com/ach-dd63818d.pdf
aacb8207-4c02-418b-9a42-e904b01abf62,96d09d25-1c92-457e-9c46-159b94f29993,University Badminton Championship,SPORTS,Achievement recorded under Sports category.,2025-03-31,Google,https://uei-proofs.s3.amazonaws.com/ach-2731a758.pdf
f9ab1c8e-5d1e-488a-b931-739ab46a593c,4c6a4e54-667f-484b-a22d-b627e1343b1c,College Hackathon - 2nd Place,HACKATHON,Achievement recorded under Hackathon category.,2025-05-18,Google,https://uei-proofs.s3.amazonaws.com/ach-2878dde4.pdf
66fe1563-d316-4f66-8eb9-041f95be4362,b3239f25-5c50-49dc-b7c0-fd98ab5456bf,College Hackathon - 2nd Place,HACKATHON,Achievement recorded under Hackathon category.,2025-09-01,AWS,https://uei-proofs.s3.amazonaws.com/ach-cc4714bf.pdf
27d54e48-0280-4e83-98ce-0e966e1c5497,b3239f25-5c50-49dc-b7c0-fd98ab5456bf,Coding Club Event Organizer,CLUB,Achievement recorded under Club category.,2025-09-15,IEEE,https://uei-proofs.s3.amazonaws.com/ach-ec8e8d5a.pdf
a2d3798a-6ff2-4302-aae5-55c15d95b411,b3239f25-5c50-49dc-b7c0-fd98ab5456bf,Research paper on ML applications,PUBLICATION,Achievement recorded under Publication category.,2026-07-11,Google,https://uei-proofs.s3.amazonaws.com/ach-ab93d32a.pdf
1da06b22-1045-47da-ba76-2a7030730a3e,2afc55a1-b797-47a7-8760-f16f2be416b2,IEEE Conference Paper - Co-author,PUBLICATION,Achievement recorded under Publication category.,2024-12-07,SKIT,https://uei-proofs.s3.amazonaws.com/ach-71e90801.pdf
6f07bf27-01f0-47ea-99b1-a0a63a797fb7,2afc55a1-b797-47a7-8760-f16f2be416b2,Technical Club Core Member,CLUB,Achievement recorded under Club category.,2025-07-19,External Body,https://uei-proofs.s3.amazonaws.com/ach-353f0393.pdf
be126d26-16bc-4ed9-958b-4a1ca45aba5d,08e26bb3-bc5f-4891-91a5-2d9256fe731a,IEEE Conference Paper - Co-author,PUBLICATION,Achievement recorded under Publication category.,2025-05-04,SKIT,https://uei-proofs.s3.amazonaws.com/ach-bbf5bd46.pdf
7c8439c2-8849-487c-98ef-dc6adfbcb3d6,08e26bb3-bc5f-4891-91a5-2d9256fe731a,Smart India Hackathon - Finalist,HACKATHON,Achievement recorded under Hackathon category.,2026-02-23,SKIT,https://uei-proofs.s3.amazonaws.com/ach-1b2d1955.pdf
8fa4b753-c7f2-440a-96c0-9ecb9d9c27e1,0965f80f-e71d-4c0c-82cb-37541a8fa081,Smart India Hackathon - Finalist,HACKATHON,Achievement recorded under Hackathon category.,2025-03-03,SKIT,https://uei-proofs.s3.amazonaws.com/ach-bd07a855.pdf
728a43cb-9d7b-4c04-8c2d-d6ba268b5c56,41e1c0f7-00cd-434f-b6b7-c3dfda299dec,Technical Club Core Member,CLUB,Achievement recorded under Club category.,2024-12-24,IEEE,https://uei-proofs.s3.amazonaws.com/ach-3a75a399.pdf
4dd114f0-bbb0-47c9-99cd-168f99202ca9,41e1c0f7-00cd-434f-b6b7-c3dfda299dec,AWS Cloud Practitioner,CERTIFICATION,Achievement recorded under Certification category.,2024-12-13,External Body,https://uei-proofs.s3.amazonaws.com/ach-a8a6e079.pdf
aa7da60b-23f9-483f-ad4f-a10d5348099d,41e1c0f7-00cd-434f-b6b7-c3dfda299dec,AWS Cloud Practitioner,CERTIFICATION,Achievement recorded under Certification category.,2025-07-11,Google,https://uei-proofs.s3.amazonaws.com/ach-915e03c1.pdf
ac102750-47fe-41ce-9e3c-08017c47657a,cc90fb96-7463-4d10-bc28-6b09b8723b95,Coding Club Event Organizer,CLUB,Achievement recorded under Club category.,2026-07-11,AICTE,https://uei-proofs.s3.amazonaws.com/ach-8d72784d.pdf
064ac70a-c304-4305-b7fb-8cfedec33cd2,5ce13428-091e-40df-9206-b680c38f7a6f,IEEE Conference Paper - Co-author,PUBLICATION,Achievement recorded under Publication category.,2025-08-16,Google,https://uei-proofs.s3.amazonaws.com/ach-05c8ed19.pdf
d6704ef6-5443-47ac-af3f-17fa050ba529,785d959e-1fcb-4e0b-80ac-961a576e2de7,Inter-college Cricket Tournament - Runner-up,SPORTS,Achievement recorded under Sports category.,2024-08-03,AICTE,https://uei-proofs.s3.amazonaws.com/ach-77176edc.pdf
6303e5cb-404c-4bc2-bf21-e2ece1d1c204,ad04154a-c106-4cf2-a684-45f47fe77998,GeeksforGeeks Coding Contest,CONTEST,Achievement recorded under Contest category.,2024-08-15,IEEE,https://uei-proofs.s3.amazonaws.com/ach-790a9864.pdf
c63b5d4b-2251-4fb0-9860-90f0f58b0be5,7e1c7acb-1e20-44c4-ab78-3b91209ab38c,Google Data Analytics Certificate,CERTIFICATION,Achievement recorded under Certification category.,2024-11-11,External Body,https://uei-proofs.s3.amazonaws.com/ach-5457e271.pdf
f5566122-f330-495e-a1e0-a753814f789f,7e1c7acb-1e20-44c4-ab78-3b91209ab38c,University Badminton Championship,SPORTS,Achievement recorded under Sports category.,2024-06-11,AICTE,https://uei-proofs.s3.amazonaws.com/ach-bd926f9e.pdf
8ad07132-eb8c-443b-8e59-52b35cf15042,7e1c7acb-1e20-44c4-ab78-3b91209ab38c,Hack36 Winner,HACKATHON,Achievement recorded under Hackathon category.,2024-10-15,SKIT,https://uei-proofs.s3.amazonaws.com/ach-3ce70941.pdf
4f869185-222a-4541-9e4b-4c780b8443c2,cf19dc5f-51b9-42eb-af79-69c2aa5ee4aa,IEEE Conference Paper - Co-author,PUBLICATION,Achievement recorded under Publication category.,2024-08-10,AWS,https://uei-proofs.s3.amazonaws.com/ach-dacaff08.pdf
5b99020d-42c7-463c-a4e0-49f14224274a,286568cd-4515-4b98-992b-00e46c8c836c,Technical Club Core Member,CLUB,Achievement recorded under Club category.,2026-04-23,SKIT,https://uei-proofs.s3.amazonaws.com/ach-8eb6843b.pdf
7db1daa6-3731-44aa-9087-dfd571702ae7,74a9e869-de7e-4294-a9db-43bf84ddaf50,University Badminton Championship,SPORTS,Achievement recorded under Sports category.,2026-03-01,SKIT,https://uei-proofs.s3.amazonaws.com/ach-6e36eaee.pdf
b66a3050-3a46-4327-9cbf-e8009a74b82a,9e293433-408a-418e-8ff2-806f73d0e249,Research paper on ML applications,PUBLICATION,Achievement recorded under Publication category.,2025-04-10,SKIT,https://uei-proofs.s3.amazonaws.com/ach-36a60146.pdf
c0415e38-4570-4079-9bfb-3c8db554f4f3,eb76e531-fa90-469e-807c-bc232e0a73a0,Inter-college Cricket Tournament - Runner-up,SPORTS,Achievement recorded under Sports category.,2025-06-18,IEEE,https://uei-proofs.s3.amazonaws.com/ach-5a29c553.pdf
0e8952fb-251e-4102-9c32-e66273c9bf52,eb76e531-fa90-469e-807c-bc232e0a73a0,Google Data Analytics Certificate,CERTIFICATION,Achievement recorded under Certification category.,2025-12-24,AWS,https://uei-proofs.s3.amazonaws.com/ach-b2265fd2.pdf
277b9340-7b93-4d0c-b90c-52ba76f18544,4e4c8b4b-d8d8-4340-a928-ed77716572f8,LeetCode Contest Rank,CONTEST,Achievement recorded under Contest category.,2025-10-31,External Body,https://uei-proofs.s3.amazonaws.com/ach-79a2f894.pdf
852a53d6-1b50-4777-bcc4-b8799452ef8e,4e4c8b4b-d8d8-4340-a928-ed77716572f8,CodeChef Div 2 - Top 10%,CONTEST,Achievement recorded under Contest category.,2026-05-04,SKIT,https://uei-proofs.s3.amazonaws.com/ach-8f2aa5fb.pdf
5c311f7b-d681-4485-b049-a6bc931ba8af,09ab8c69-e158-497e-b0f1-18edb7e33844,Research paper on ML applications,PUBLICATION,Achievement recorded under Publication category.,2025-04-25,SKIT,https://uei-proofs.s3.amazonaws.com/ach-e7beca6a.pdf
5c008605-fb7d-4db7-b905-e752f237d33a,4631783f-6689-4100-8df2-5ebc7dea0217,Smart India Hackathon - Finalist,HACKATHON,Achievement recorded under Hackathon category.,2025-09-12,AWS,https://uei-proofs.s3.amazonaws.com/ach-cae0e07f.pdf
4cb5d2ce-4890-4192-ae90-9dd2a2fc5253,f019617f-cd5c-4e91-bca2-900a999cc88d,College Hackathon - 2nd Place,HACKATHON,Achievement recorded under Hackathon category.,2025-07-20,SKIT,https://uei-proofs.s3.amazonaws.com/ach-78150a88.pdf
d0a610eb-08ad-4628-af8f-0a823b1e52f0,4981a16c-f0a6-4d1f-af86-19b8271119fb,IEEE Conference Paper - Co-author,PUBLICATION,Achievement recorded under Publication category.,2026-02-23,Google,https://uei-proofs.s3.amazonaws.com/ach-f69e8842.pdf
6474a36f-18a3-4faa-9251-ef84f441fd95,4981a16c-f0a6-4d1f-af86-19b8271119fb,Inter-college Cricket Tournament - Runner-up,SPORTS,Achievement recorded under Sports category.,2026-04-13,Google,https://uei-proofs.s3.amazonaws.com/ach-8f4eaeb6.pdf
4d241f8e-ac40-48a8-9da7-7d16ede3c631,1f2799e2-b7a3-43e0-96af-278ded92706b,Google Data Analytics Certificate,CERTIFICATION,Achievement recorded under Certification category.,2024-06-28,IEEE,https://uei-proofs.s3.amazonaws.com/ach-03028196.pdf
d4e2c410-624e-4227-bb95-b5f56e183106,7b8cc207-4ff5-463d-8845-5150e15188ed,LeetCode Contest Rank,CONTEST,Achievement recorded under Contest category.,2025-01-30,External Body,https://uei-proofs.s3.amazonaws.com/ach-1fa5670b.pdf
c1cb2d5d-3c6c-445b-bf66-a71e429c4980,7b8cc207-4ff5-463d-8845-5150e15188ed,GeeksforGeeks Coding Contest,CONTEST,Achievement recorded under Contest category.,2025-12-08,IEEE,https://uei-proofs.s3.amazonaws.com/ach-33db3221.pdf
355c6fe7-f826-438e-8a1a-7f7074ec6d14,7b8cc207-4ff5-463d-8845-5150e15188ed,IEEE Conference Paper - Co-author,PUBLICATION,Achievement recorded under Publication category.,2025-10-26,Google,https://uei-proofs.s3.amazonaws.com/ach-e746c9dd.pdf
3abc94ea-490b-42a4-8b9e-d128713c68d9,28b93a89-7cb4-403e-a8ce-0d9bbd87f691,AWS Cloud Practitioner,CERTIFICATION,Achievement recorded under Certification category.,2026-03-05,SKIT,https://uei-proofs.s3.amazonaws.com/ach-32ca9171.pdf
b557763e-3b5a-443e-9031-d077f0a4d567,6f2b827b-863f-491b-9acc-19c18d37bd84,University Badminton Championship,SPORTS,Achievement recorded under Sports category.,2026-04-16,SKIT,https://uei-proofs.s3.amazonaws.com/ach-f7bd4363.pdf
b47c2e20-04f6-4ccf-af30-6175513f031e,221669e9-e71e-4825-af5b-d1b515e49a44,LeetCode Contest Rank,CONTEST,Achievement recorded under Contest category.,2024-09-22,SKIT,https://uei-proofs.s3.amazonaws.com/ach-d68bc608.pdf
b97cf470-47df-4ae5-9e8a-8d130584762f,221669e9-e71e-4825-af5b-d1b515e49a44,AWS Cloud Practitioner,CERTIFICATION,Achievement recorded under Certification category.,2024-11-23,SKIT,https://uei-proofs.s3.amazonaws.com/ach-c3e3219b.pdf
a3d79db2-11aa-4690-bf8c-8ffb9edcb525,221669e9-e71e-4825-af5b-d1b515e49a44,University Badminton Championship,SPORTS,Achievement recorded under Sports category.,2026-03-28,AWS,https://uei-proofs.s3.amazonaws.com/ach-3266ca28.pdf
fcdc0892-4eb7-44f7-948f-d03e1da6678a,597ff28d-ef88-446d-b634-40115022cddb,Research paper on ML applications,PUBLICATION,Achievement recorded under Publication category.,2025-05-01,External Body,https://uei-proofs.s3.amazonaws.com/ach-a22168d2.pdf
9740bc09-4cd2-41b8-95d2-b4e09072b7fb,3d9eab84-39bd-4398-924e-d4bde31ceafa,Technical Club Core Member,CLUB,Achievement recorded under Club category.,2025-05-11,Google,https://uei-proofs.s3.amazonaws.com/ach-7a86ab1a.pdf
19274eff-4533-4d00-a6aa-1beb00984a0e,3d9eab84-39bd-4398-924e-d4bde31ceafa,Technical Club Core Member,CLUB,Achievement recorded under Club category.,2026-04-09,AWS,https://uei-proofs.s3.amazonaws.com/ach-9fcee173.pdf
d12ca207-4d9d-4499-ade5-3cbdd2e64246,4190d31a-0ed0-4f22-8498-cf43b734c782,CodeChef Div 2 - Top 10%,CONTEST,Achievement recorded under Contest category.,2025-03-18,IEEE,https://uei-proofs.s3.amazonaws.com/ach-83df5158.pdf
1692c098-3fe8-4694-830f-92d98b752503,4190d31a-0ed0-4f22-8498-cf43b734c782,Smart India Hackathon - Finalist,HACKATHON,Achievement recorded under Hackathon category.,2025-03-12,SKIT,https://uei-proofs.s3.amazonaws.com/ach-1e030760.pdf
d9e6da73-ccfb-41ae-88a8-e283a2e9a7f7,43a6e46f-f294-4f23-89b9-dd31fb580802,Technical Club Core Member,CLUB,Achievement recorded under Club category.,2025-10-29,Google,https://uei-proofs.s3.amazonaws.com/ach-356e24aa.pdf
e0e177e7-b4cd-481d-9bd1-e1e5c6142830,ed2feb61-97ae-4b20-b7be-e01ed50f1ba8,College Hackathon - 2nd Place,HACKATHON,Achievement recorded under Hackathon category.,2025-07-29,Google,https://uei-proofs.s3.amazonaws.com/ach-afccc6e5.pdf
81ea3d75-3d90-4499-9c64-198bac600134,47f0954e-0841-4647-a4b4-a4d0147ce704,CodeChef Div 2 - Top 10%,CONTEST,Achievement recorded under Contest category.,2026-06-28,AWS,https://uei-proofs.s3.amazonaws.com/ach-144d9961.pdf
712f76f1-8f63-4181-a187-db7549e98c80,9c79d479-580b-46c7-83d4-663448d73a61,Smart India Hackathon - Finalist,HACKATHON,Achievement recorded under Hackathon category.,2025-08-03,Google,https://uei-proofs.s3.amazonaws.com/ach-6c6da24c.pdf
53b5f1d6-3101-4b03-bdb5-eda8d77a5064,7cdbec41-40fc-45b1-baa0-866168310536,Research paper on ML applications,PUBLICATION,Achievement recorded under Publication category.,2025-10-22,IEEE,https://uei-proofs.s3.amazonaws.com/ach-7be2df73.pdf
f25e4d5e-1d90-4d09-a830-adae8cb56748,d00062e1-e7e7-46ba-b3a5-f49d715c3572,Inter-college Cricket Tournament - Runner-up,SPORTS,Achievement recorded under Sports category.,2024-06-25,IEEE,https://uei-proofs.s3.amazonaws.com/ach-fce9b0a1.pdf
f750a777-361b-4561-a949-4f2367e003ed,695b2bea-7c3e-49c5-8fb2-aa5b5c80247b,Coding Club Event Organizer,CLUB,Achievement recorded under Club category.,2024-10-26,IEEE,https://uei-proofs.s3.amazonaws.com/ach-f6f38814.pdf
3484a3e5-d28e-4a91-854a-ea31d7c630ab,7e56aac0-31c2-4f6d-98f5-df7a51a7ad31,GeeksforGeeks Coding Contest,CONTEST,Achievement recorded under Contest category.,2025-09-17,AWS,https://uei-proofs.s3.amazonaws.com/ach-1c14454d.pdf
30ac025e-60bb-4f2a-8813-a12c8d8eb9b6,7e56aac0-31c2-4f6d-98f5-df7a51a7ad31,Coding Club Event Organizer,CLUB,Achievement recorded under Club category.,2024-10-18,External Body,https://uei-proofs.s3.amazonaws.com/ach-1f658e4f.pdf
4b6a8a4b-cc04-46a5-a8e7-868ee10f680a,96958bf5-8838-42cd-9d27-5ff54cef8c52,Hack36 Winner,HACKATHON,Achievement recorded under Hackathon category.,2024-07-29,External Body,https://uei-proofs.s3.amazonaws.com/ach-3d10bfd0.pdf
e6d06968-a0e1-46eb-808e-bdcaf5ac8ece,3e46d505-2fd9-47ff-b13c-80a943f9d246,Smart India Hackathon - Finalist,HACKATHON,Achievement recorded under Hackathon category.,2025-01-27,External Body,https://uei-proofs.s3.amazonaws.com/ach-201afd60.pdf
64658bb1-791f-4637-9c5f-8ed0673ee7bf,04444cb8-6261-4f67-b3ef-a349e7e1ef86,IEEE Conference Paper - Co-author,PUBLICATION,Achievement recorded under Publication category.,2025-07-04,IEEE,https://uei-proofs.s3.amazonaws.com/ach-76cd8c7e.pdf
0b4de92a-8a3b-4682-8a6c-b265daa35945,165ecc8a-4ba5-4e3e-b055-05016d7328f0,Google Data Analytics Certificate,CERTIFICATION,Achievement recorded under Certification category.,2025-01-12,AICTE,https://uei-proofs.s3.amazonaws.com/ach-ab0c3c92.pdf
08102ace-649e-4c57-bc88-4a63600f4ab6,165ecc8a-4ba5-4e3e-b055-05016d7328f0,University Badminton Championship,SPORTS,Achievement recorded under Sports category.,2026-03-24,Google,https://uei-proofs.s3.amazonaws.com/ach-8849ac71.pdf
2b74df43-7e00-4a04-8bd8-21cefa04a76d,4f761a64-3631-4af4-a20d-f87e0df2b162,GeeksforGeeks Coding Contest,CONTEST,Achievement recorded under Contest category.,2024-09-24,External Body,https://uei-proofs.s3.amazonaws.com/ach-a58f49d6.pdf
97d43bc4-c351-4247-aeeb-81f4ca9c215d,deb6a728-497e-4877-a2b7-ded660d752c7,Inter-college Cricket Tournament - Runner-up,SPORTS,Achievement recorded under Sports category.,2025-06-10,IEEE,https://uei-proofs.s3.amazonaws.com/ach-cfd3c5bd.pdf
db194c75-247c-43dd-8bbf-63087dc89333,deb6a728-497e-4877-a2b7-ded660d752c7,Smart India Hackathon - Finalist,HACKATHON,Achievement recorded under Hackathon category.,2025-04-17,AICTE,https://uei-proofs.s3.amazonaws.com/ach-f9baf8cb.pdf
083b3f66-2d73-44f2-a64d-f29c8eafb12b,deb6a728-497e-4877-a2b7-ded660d752c7,Google Data Analytics Certificate,CERTIFICATION,Achievement recorded under Certification category.,2024-10-02,AWS,https://uei-proofs.s3.amazonaws.com/ach-0a1e2ea8.pdf
8a6ca40f-f6c2-401b-ada3-09d66214b63d,f66bf926-f023-47e5-be8f-6af1b1b20a83,IEEE Conference Paper - Co-author,PUBLICATION,Achievement recorded under Publication category.,2026-03-24,SKIT,https://uei-proofs.s3.amazonaws.com/ach-efbea3f8.pdf
7f967a8b-7159-4042-a597-69b393993bd4,7b77acd6-1d98-4ea0-bab4-057c8cf1d6c2,GeeksforGeeks Coding Contest,CONTEST,Achievement recorded under Contest category.,2025-08-02,AICTE,https://uei-proofs.s3.amazonaws.com/ach-70820e4f.pdf
4b4db381-76a3-4211-b765-e16ec3a353a6,eb7d525d-e602-43a2-a132-5005c5eee06f,AWS Cloud Practitioner,CERTIFICATION,Achievement recorded under Certification category.,2025-05-15,IEEE,https://uei-proofs.s3.amazonaws.com/ach-7f207a4a.pdf
833f13db-e91c-4d33-b22a-2afc1e56b0c3,eb7d525d-e602-43a2-a132-5005c5eee06f,AWS Cloud Practitioner,CERTIFICATION,Achievement recorded under Certification category.,2024-12-24,SKIT,https://uei-proofs.s3.amazonaws.com/ach-0fd04d0e.pdf
380149f0-95c8-47e2-9d91-01846cc6581e,47bb0d63-3ea6-44f6-bd2f-27e62f89df7e,University Badminton Championship,SPORTS,Achievement recorded under Sports category.,2025-12-07,AWS,https://uei-proofs.s3.amazonaws.com/ach-3f3d8889.pdf
0259e6b9-bc8f-46f8-ad9a-913e240041a9,0ac4a5d8-ced1-42e6-889b-61b7901fda17,Google Data Analytics Certificate,CERTIFICATION,Achievement recorded under Certification category.,2026-05-27,SKIT,https://uei-proofs.s3.amazonaws.com/ach-3a7c2e14.pdf
e1feb0ca-7d91-48b2-9c2a-ddbbbf0172d0,0ac4a5d8-ced1-42e6-889b-61b7901fda17,Hack36 Winner,HACKATHON,Achievement recorded under Hackathon category.,2025-01-03,AICTE,https://uei-proofs.s3.amazonaws.com/ach-bc5c5e9f.pdf
f946fc25-b456-42ec-94c1-dafd0859a0bd,36f2379d-78de-4d65-877a-2b58d3bd9f74,Coding Club Event Organizer,CLUB,Achievement recorded under Club category.,2025-04-17,External Body,https://uei-proofs.s3.amazonaws.com/ach-67d2a10a.pdf
1a0f01d8-3b78-4280-9409-ed0f7405d9fd,36f2379d-78de-4d65-877a-2b58d3bd9f74,Smart India Hackathon - Finalist,HACKATHON,Achievement recorded under Hackathon category.,2026-05-19,SKIT,https://uei-proofs.s3.amazonaws.com/ach-d897be8f.pdf
a7a71a4b-11fb-4219-b400-1a35c240c02a,4e16dbc8-f308-4494-b3db-04cd805caecd,Research paper on ML applications,PUBLICATION,Achievement recorded under Publication category.,2024-09-22,AICTE,https://uei-proofs.s3.amazonaws.com/ach-94cbe33b.pdf
15196ed7-a2d1-4d53-9019-9b1098675500,b27d73b4-51cd-4351-a905-5c77030c7cf4,Smart India Hackathon - Finalist,HACKATHON,Achievement recorded under Hackathon category.,2025-05-26,IEEE,https://uei-proofs.s3.amazonaws.com/ach-045194d3.pdf
59b0a84a-ed7b-4111-8651-e5fd8739dbb6,b27d73b4-51cd-4351-a905-5c77030c7cf4,CodeChef Div 2 - Top 10%,CONTEST,Achievement recorded under Contest category.,2025-10-30,AWS,https://uei-proofs.s3.amazonaws.com/ach-07de5d58.pdf
649af7a1-b462-4509-a286-094ad8d1308e,399c79d2-27a8-4ef3-b025-98cb1f0d5f46,Google Data Analytics Certificate,CERTIFICATION,Achievement recorded under Certification category.,2026-04-09,SKIT,https://uei-proofs.s3.amazonaws.com/ach-072ef851.pdf
be6c3165-83ac-4a88-bf98-5774416bd0c8,399c79d2-27a8-4ef3-b025-98cb1f0d5f46,GeeksforGeeks Coding Contest,CONTEST,Achievement recorded under Contest category.,2026-03-24,Google,https://uei-proofs.s3.amazonaws.com/ach-a9c72d5c.pdf
bf208d7d-3a86-446a-b736-9bbaf492c5b6,66706043-191b-4978-bcee-88fc3847c5eb,Research paper on ML applications,PUBLICATION,Achievement recorded under Publication category.,2025-01-06,SKIT,https://uei-proofs.s3.amazonaws.com/ach-2ae91831.pdf
82097679-e396-4d7d-aeef-b4883ad1efbb,8f5f1032-de5a-43bc-bbaf-18177148dcc6,Coding Club Event Organizer,CLUB,Achievement recorded under Club category.,2025-08-19,AICTE,https://uei-proofs.s3.amazonaws.com/ach-5fb5433e.pdf
84faadb5-33d0-4d99-bc2c-476364f95495,d371b3f7-6b2e-4135-8234-c95a5246b3af,LeetCode Contest Rank,CONTEST,Achievement recorded under Contest category.,2025-07-09,External Body,https://uei-proofs.s3.amazonaws.com/ach-761e35df.pdf
9acdc1bc-581e-47f7-97b0-770439376bc9,d371b3f7-6b2e-4135-8234-c95a5246b3af,Google Data Analytics Certificate,CERTIFICATION,Achievement recorded under Certification category.,2024-07-07,SKIT,https://uei-proofs.s3.amazonaws.com/ach-a4896344.pdf
bbd3cd1e-7f58-4791-8beb-8bcc8241bfe0,d371b3f7-6b2e-4135-8234-c95a5246b3af,Coding Club Event Organizer,CLUB,Achievement recorded under Club category.,2026-03-29,AWS,https://uei-proofs.s3.amazonaws.com/ach-531745e3.pdf
69db11ea-6c5a-4ae3-9941-a24bb59832b4,320b47e0-c0ed-4b0f-8b1d-50e04b2b3b81,Research paper on ML applications,PUBLICATION,Achievement recorded under Publication category.,2024-06-01,Google,https://uei-proofs.s3.amazonaws.com/ach-6c769033.pdf
2ae67c1f-552b-475c-8581-c1bb2609bbd5,ba5c565c-bd05-4d4e-8325-79d981037204,Technical Club Core Member,CLUB,Achievement recorded under Club category.,2024-08-24,External Body,https://uei-proofs.s3.amazonaws.com/ach-214287c2.pdf
bf210ea9-7326-4fbe-a1a7-f0bdac40a8c2,1c02eec3-48fc-4602-9e21-1d3e6895c60b,Technical Club Core Member,CLUB,Achievement recorded under Club category.,2025-04-02,SKIT,https://uei-proofs.s3.amazonaws.com/ach-b43474e1.pdf
0b33c052-2372-49b8-9e27-7bd117b042bd,9062f31a-8b7f-4fce-a08d-3f2f633e62d8,LeetCode Contest Rank,CONTEST,Achievement recorded under Contest category.,2026-04-02,AWS,https://uei-proofs.s3.amazonaws.com/ach-2cb610d6.pdf
26d0dbe4-8cd8-4ee1-b80c-ab1f0d1713f8,8350f65c-cf75-4886-90aa-208f7020ec0c,Inter-college Cricket Tournament - Runner-up,SPORTS,Achievement recorded under Sports category.,2025-08-12,External Body,https://uei-proofs.s3.amazonaws.com/ach-9afe311f.pdf
ed0f0fbe-4c6f-4301-836f-1ade5d91d069,64323ebd-3996-4f6b-ae80-163979a72f55,Research paper on ML applications,PUBLICATION,Achievement recorded under Publication category.,2025-03-24,Google,https://uei-proofs.s3.amazonaws.com/ach-9cdff46e.pdf
78f5ee65-e801-48d4-89d6-4854c17a025f,a6618650-e98f-4389-8f8c-6c32d4b35c31,Hack36 Winner,HACKATHON,Achievement recorded under Hackathon category.,2024-09-01,IEEE,https://uei-proofs.s3.amazonaws.com/ach-75dbc667.pdf
8efa7bb3-4e02-4c0e-8bd2-3e929f854be6,96e42048-e57f-407a-a80c-908c5bf91c3a,IEEE Conference Paper - Co-author,PUBLICATION,Achievement recorded under Publication category.,2025-10-03,Google,https://uei-proofs.s3.amazonaws.com/ach-3df26b5c.pdf
06e0cc6d-6747-44c0-92e6-97424010e1f6,96e42048-e57f-407a-a80c-908c5bf91c3a,Coding Club Event Organizer,CLUB,Achievement recorded under Club category.,2024-07-04,External Body,https://uei-proofs.s3.amazonaws.com/ach-7a9fc72c.pdf
5a9547f5-96f5-482f-90dd-335c1cf5f1af,cb4109b1-62f0-4b8b-b1cb-053f576e0a2c,Google Data Analytics Certificate,CERTIFICATION,Achievement recorded under Certification category.,2024-09-18,IEEE,https://uei-proofs.s3.amazonaws.com/ach-f81222b4.pdf
422eb4eb-8845-46e7-ab05-bf3a287ee01a,7b30c50a-f7a5-496e-93e1-26c2d0e00a52,Technical Club Core Member,CLUB,Achievement recorded under Club category.,2026-04-25,SKIT,https://uei-proofs.s3.amazonaws.com/ach-944accbb.pdf
845efda0-5396-45c6-8a41-67ab4fe9c033,11b69139-615c-4228-b873-35e1a1129de8,Research paper on ML applications,PUBLICATION,Achievement recorded under Publication category.,2025-08-04,External Body,https://uei-proofs.s3.amazonaws.com/ach-1d9f7ee7.pdf
4373b0e9-3bba-4b3c-b8c7-ac10d924c51f,11b69139-615c-4228-b873-35e1a1129de8,Coding Club Event Organizer,CLUB,Achievement recorded under Club category.,2024-12-24,External Body,https://uei-proofs.s3.amazonaws.com/ach-2e407827.pdf
8432458d-f738-43c5-9186-8737e895104d,21770923-921f-4a6f-a11d-9b03584af01a,Inter-college Cricket Tournament - Runner-up,SPORTS,Achievement recorded under Sports category.,2025-04-19,Google,https://uei-proofs.s3.amazonaws.com/ach-96a2027d.pdf
f6964d95-c7a1-45e5-afb1-79a3df7d91cf,21770923-921f-4a6f-a11d-9b03584af01a,Coding Club Event Organizer,CLUB,Achievement recorded under Club category.,2026-04-20,AWS,https://uei-proofs.s3.amazonaws.com/ach-852161ee.pdf
244ac4b5-a0e2-4c16-8605-c452dfaaa516,a878b80e-c659-4726-9ee6-c5bf26b25e52,Coding Club Event Organizer,CLUB,Achievement recorded under Club category.,2025-03-03,Google,https://uei-proofs.s3.amazonaws.com/ach-ebd2f5be.pdf
96d7724e-99ff-46d8-96b4-aa4087ad4c66,4a44fcea-41d8-4a10-8a7f-22bdbb0a270b,University Badminton Championship,SPORTS,Achievement recorded under Sports category.,2025-09-03,External Body,https://uei-proofs.s3.amazonaws.com/ach-7e79f1aa.pdf
53ccba37-75d4-4ff8-998e-f1f9f52bd01f,68cea994-64a6-4b86-b344-0632669b7994,Research paper on ML applications,PUBLICATION,Achievement recorded under Publication category.,2024-10-02,External Body,https://uei-proofs.s3.amazonaws.com/ach-7445288c.pdf
462dff1b-7dad-4076-a306-a86c227faa87,68cea994-64a6-4b86-b344-0632669b7994,Hack36 Winner,HACKATHON,Achievement recorded under Hackathon category.,2024-10-24,AICTE,https://uei-proofs.s3.amazonaws.com/ach-4fea9bc9.pdf
610d9c73-1a3e-4295-b76b-adb0053d29ca,0fb805bc-da1b-4f41-8989-d39e796d60f9,Smart India Hackathon - Finalist,HACKATHON,Achievement recorded under Hackathon category.,2026-01-03,Google,https://uei-proofs.s3.amazonaws.com/ach-91e12bac.pdf
3112f5c3-6e24-4d28-819c-bdd2d5c932a1,986815b7-51bb-448e-b0cc-c10620077b92,Inter-college Cricket Tournament - Runner-up,SPORTS,Achievement recorded under Sports category.,2024-11-20,SKIT,https://uei-proofs.s3.amazonaws.com/ach-f7b90ee5.pdf
a3fbc12a-b0b6-4b39-83c6-fcac82a03fc7,986815b7-51bb-448e-b0cc-c10620077b92,Smart India Hackathon - Finalist,HACKATHON,Achievement recorded under Hackathon category.,2025-12-12,SKIT,https://uei-proofs.s3.amazonaws.com/ach-3bdc6cb5.pdf
c4dc52cb-b166-4caf-8b66-fcec683e4e17,7e1364fd-7dde-441d-8ba7-0947e5232737,CodeChef Div 2 - Top 10%,CONTEST,Achievement recorded under Contest category.,2025-10-07,AICTE,https://uei-proofs.s3.amazonaws.com/ach-5fb4f5b3.pdf
f335e8f4-8515-4c4a-8931-c2dfdfd5465f,7e1364fd-7dde-441d-8ba7-0947e5232737,CodeChef Div 2 - Top 10%,CONTEST,Achievement recorded under Contest category.,2024-11-21,Google,https://uei-proofs.s3.amazonaws.com/ach-e7f96132.pdf
f7775e3c-5992-461e-a5c4-3d8797872ae3,7e1364fd-7dde-441d-8ba7-0947e5232737,Coding Club Event Organizer,CLUB,Achievement recorded under Club category.,2026-03-26,Google,https://uei-proofs.s3.amazonaws.com/ach-ba69c65f.pdf
4d9edde8-f393-4717-84e5-e04cef726432,e73c1897-995d-4477-ba2b-fa5225940244,Coding Club Event Organizer,CLUB,Achievement recorded under Club category.,2026-05-05,AWS,https://uei-proofs.s3.amazonaws.com/ach-11c12868.pdf
d633230b-b605-4476-8bc2-592d04e0fadf,8d92fb12-f747-4901-85f2-9b3375801a5d,Coding Club Event Organizer,CLUB,Achievement recorded under Club category.,2024-10-17,Google,https://uei-proofs.s3.amazonaws.com/ach-8f15578d.pdf
0eda65cf-211d-4d96-8bd9-d2334506494b,5d7bebb8-d7a3-4abf-a617-78ede5033f7a,LeetCode Contest Rank,CONTEST,Achievement recorded under Contest category.,2025-09-15,Google,https://uei-proofs.s3.amazonaws.com/ach-8f8969b2.pdf
ba8cfdba-eb85-4895-917a-3124166d63f7,c6642238-0456-44fa-b2aa-8d390207d189,Technical Club Core Member,CLUB,Achievement recorded under Club category.,2024-08-27,AWS,https://uei-proofs.s3.amazonaws.com/ach-b08af8f0.pdf
b31be0e4-67f8-4344-9bc1-f7638cf7f268,cadf39c2-ac07-4319-8d15-5a772c56fd46,Inter-college Cricket Tournament - Runner-up,SPORTS,Achievement recorded under Sports category.,2025-08-25,IEEE,https://uei-proofs.s3.amazonaws.com/ach-9a84d54f.pdf
50f4089f-c562-47d7-b658-b8f5a77da6ea,b1697047-3d6a-4958-a273-753616c890dc,IEEE Conference Paper - Co-author,PUBLICATION,Achievement recorded under Publication category.,2026-04-21,Google,https://uei-proofs.s3.amazonaws.com/ach-76c327a7.pdf
6f1524f8-7c3d-47c5-be2c-567d05e073a9,4742cea8-82bc-451a-8d7a-1617a60442f7,LeetCode Contest Rank,CONTEST,Achievement recorded under Contest category.,2025-04-06,AWS,https://uei-proofs.s3.amazonaws.com/ach-84c97acd.pdf
37279a73-9417-47d9-99cc-3123ff2c53db,4742cea8-82bc-451a-8d7a-1617a60442f7,Hack36 Winner,HACKATHON,Achievement recorded under Hackathon category.,2026-03-15,IEEE,https://uei-proofs.s3.amazonaws.com/ach-2518bacc.pdf
7687f7f6-9b22-4f32-a0b1-33b7283dcb94,4742cea8-82bc-451a-8d7a-1617a60442f7,Inter-college Cricket Tournament - Runner-up,SPORTS,Achievement recorded under Sports category.,2025-05-23,External Body,https://uei-proofs.s3.amazonaws.com/ach-7cc28ff2.pdf
9929d0ee-49e3-4c2d-833b-2235c2b19ab8,8dbcc77d-3cd7-44c5-a33f-06c8eef3e820,Research paper on ML applications,PUBLICATION,Achievement recorded under Publication category.,2026-03-03,AWS,https://uei-proofs.s3.amazonaws.com/ach-5778cc4d.pdf
bc4b90c6-a54a-48d1-9845-91cc549bc85e,8dbcc77d-3cd7-44c5-a33f-06c8eef3e820,Inter-college Cricket Tournament - Runner-up,SPORTS,Achievement recorded under Sports category.,2026-07-24,Google,https://uei-proofs.s3.amazonaws.com/ach-2ac98771.pdf
4a5048cc-816e-4e5f-b4fa-569aee6c3e94,5a454b5e-09ef-41e5-99ab-a798fed98b9b,Inter-college Cricket Tournament - Runner-up,SPORTS,Achievement recorded under Sports category.,2024-11-09,SKIT,https://uei-proofs.s3.amazonaws.com/ach-fb8b26ff.pdf
0b5af58f-363e-41a0-b086-3445f5143089,5a454b5e-09ef-41e5-99ab-a798fed98b9b,Hack36 Winner,HACKATHON,Achievement recorded under Hackathon category.,2026-04-10,SKIT,https://uei-proofs.s3.amazonaws.com/ach-37119b2e.pdf
f147c76d-4c06-4e39-bd08-5849ce7b7534,4386fcdb-3519-4874-9281-8aac1945fbd1,Inter-college Cricket Tournament - Runner-up,SPORTS,Achievement recorded under Sports category.,2024-10-04,IEEE,https://uei-proofs.s3.amazonaws.com/ach-7b3b8258.pdf
e0159430-1dcf-426e-ae0c-54afd4ab4e6f,4386fcdb-3519-4874-9281-8aac1945fbd1,University Badminton Championship,SPORTS,Achievement recorded under Sports category.,2025-01-22,AICTE,https://uei-proofs.s3.amazonaws.com/ach-13d2e6da.pdf
3c56f749-daee-47d6-8b0b-6f3b63cab8bf,7bf0be70-6df2-479d-b470-bb3581a74893,Hack36 Winner,HACKATHON,Achievement recorded under Hackathon category.,2025-12-03,External Body,https://uei-proofs.s3.amazonaws.com/ach-8807d02a.pdf
b8e37ca5-d675-4a87-9900-ddae12cb9684,545a7be8-63a6-49f9-82ba-15c729e970ef,AWS Cloud Practitioner,CERTIFICATION,Achievement recorded under Certification category.,2025-07-25,SKIT,https://uei-proofs.s3.amazonaws.com/ach-b56b1b8b.pdf
03f2eee9-f447-4948-9ea5-c5abc9babc46,9f4f4382-b43c-43f7-afd6-7f42cc95e525,Smart India Hackathon - Finalist,HACKATHON,Achievement recorded under Hackathon category.,2024-11-05,AICTE,https://uei-proofs.s3.amazonaws.com/ach-88d6f99c.pdf
92cf4b24-fc77-41ad-b223-e62fba079774,9f4f4382-b43c-43f7-afd6-7f42cc95e525,Google Data Analytics Certificate,CERTIFICATION,Achievement recorded under Certification category.,2024-10-17,AWS,https://uei-proofs.s3.amazonaws.com/ach-4adfeebe.pdf
9b4d9baf-f90b-4885-b57d-46f9775251d1,5c99da36-6987-4c0f-91ea-c1c3447edd36,Google Data Analytics Certificate,CERTIFICATION,Achievement recorded under Certification category.,2024-07-31,AICTE,https://uei-proofs.s3.amazonaws.com/ach-0bc48661.pdf
ed3231f9-8f7b-4c9b-a448-f717878a1fa6,c55164d5-fe26-43d4-8621-eac81ae95fc2,AWS Cloud Practitioner,CERTIFICATION,Achievement recorded under Certification category.,2024-06-20,Google,https://uei-proofs.s3.amazonaws.com/ach-e2078106.pdf
8d2206a5-4cff-41e7-b37f-8049143c3589,9a194e6c-e199-4b1d-b6bc-4c7f14f60129,University Badminton Championship,SPORTS,Achievement recorded under Sports category.,2024-07-01,AICTE,https://uei-proofs.s3.amazonaws.com/ach-5749499a.pdf
e9a970a1-a8c2-4cd3-a772-683ccc496a2d,80febf64-2e57-463f-996b-9e3a109abe5b,Technical Club Core Member,CLUB,Achievement recorded under Club category.,2026-05-30,Google,https://uei-proofs.s3.amazonaws.com/ach-3b4d464b.pdf
326441d5-643e-4130-84cf-f588c139dfb2,f6b78c99-0303-4774-8547-d43ef73ac4bb,CodeChef Div 2 - Top 10%,CONTEST,Achievement recorded under Contest category.,2025-11-12,IEEE,https://uei-proofs.s3.amazonaws.com/ach-8d0364cf.pdf
58eb596f-044d-4e5a-bf49-997c5405dc5c,9892295e-580a-46c4-a44c-cd835411bf76,LeetCode Contest Rank,CONTEST,Achievement recorded under Contest category.,2025-03-03,SKIT,https://uei-proofs.s3.amazonaws.com/ach-2e3d258c.pdf
2f044330-63d3-4506-a9a5-f25114d46cc2,dbbe3465-694d-4fc3-8214-7195c6034655,CodeChef Div 2 - Top 10%,CONTEST,Achievement recorded under Contest category.,2026-01-01,Google,https://uei-proofs.s3.amazonaws.com/ach-de8ac1d6.pdf
25cd8357-c69a-4aad-9b91-c219d16fa882,dbbe3465-694d-4fc3-8214-7195c6034655,College Hackathon - 2nd Place,HACKATHON,Achievement recorded under Hackathon category.,2025-05-04,Google,https://uei-proofs.s3.amazonaws.com/ach-701ec8f5.pdf
eaf93fea-b079-4cdd-8ce8-306f763e2a01,125db4c4-4e53-4c42-857b-9e2f5ea35ae2,Hack36 Winner,HACKATHON,Achievement recorded under Hackathon category.,2026-02-13,External Body,https://uei-proofs.s3.amazonaws.com/ach-82a211e5.pdf
c0053761-1697-4484-b437-1892af96a53e,125db4c4-4e53-4c42-857b-9e2f5ea35ae2,Inter-college Cricket Tournament - Runner-up,SPORTS,Achievement recorded under Sports category.,2024-06-29,AICTE,https://uei-proofs.s3.amazonaws.com/ach-6d739357.pdf
704b931e-ce3a-4006-b556-3e97b0459b9a,ba709e3b-7a4f-49ed-a2b3-8f573f4f06e8,LeetCode Contest Rank,CONTEST,Achievement recorded under Contest category.,2025-05-13,IEEE,https://uei-proofs.s3.amazonaws.com/ach-eca758d4.pdf
fd800687-54c3-4675-bc2f-298c568aa99b,47e15ebf-3fe3-4f47-a31e-070a0ffd9c90,University Badminton Championship,SPORTS,Achievement recorded under Sports category.,2025-01-04,IEEE,https://uei-proofs.s3.amazonaws.com/ach-4edb9d82.pdf
b94ba0c5-0e03-4671-8552-bbaa5f5323d7,47e15ebf-3fe3-4f47-a31e-070a0ffd9c90,GeeksforGeeks Coding Contest,CONTEST,Achievement recorded under Contest category.,2025-06-15,Google,https://uei-proofs.s3.amazonaws.com/ach-dd2fca5f.pdf
1555f013-a3e1-47a5-85d1-2cbf8e212e17,92c83e9c-7805-4331-b1dc-5ae8d93f90c1,AWS Cloud Practitioner,CERTIFICATION,Achievement recorded under Certification category.,2026-03-21,AWS,https://uei-proofs.s3.amazonaws.com/ach-5a168f42.pdf
071478e2-432c-4a03-b61f-1c60cd666d1e,9f545a85-3bc1-482c-a992-727ba0d9e010,Research paper on ML applications,PUBLICATION,Achievement recorded under Publication category.,2025-06-26,SKIT,https://uei-proofs.s3.amazonaws.com/ach-a2c60029.pdf
128a0219-f584-41ba-b2be-325eea3b7472,d0b60c6f-7009-4b51-912f-efa832392c26,IEEE Conference Paper - Co-author,PUBLICATION,Achievement recorded under Publication category.,2025-06-19,AICTE,https://uei-proofs.s3.amazonaws.com/ach-1ad5e3c9.pdf
454cb485-af36-4574-a07d-6d7115fa4da5,2e2b1ef9-16ac-4184-aa15-e1150f6ac482,College Hackathon - 2nd Place,HACKATHON,Achievement recorded under Hackathon category.,2026-01-18,AWS,https://uei-proofs.s3.amazonaws.com/ach-c2868768.pdf
dd9da4aa-d381-4a3e-92d7-ca11d4c8b2c6,de59e297-4917-4419-9ea9-993422cefcf2,Google Data Analytics Certificate,CERTIFICATION,Achievement recorded under Certification category.,2024-06-16,AICTE,https://uei-proofs.s3.amazonaws.com/ach-b3e2893f.pdf
16cbe2b8-ff76-4469-8eeb-98dbdb43bac0,de59e297-4917-4419-9ea9-993422cefcf2,AWS Cloud Practitioner,CERTIFICATION,Achievement recorded under Certification category.,2026-03-05,AICTE,https://uei-proofs.s3.amazonaws.com/ach-238d12ec.pdf
8bba3c66-0443-44cf-b702-b1448bd03aad,5c01ce5e-5490-466c-8049-69144542083b,LeetCode Contest Rank,CONTEST,Achievement recorded under Contest category.,2026-01-28,AWS,https://uei-proofs.s3.amazonaws.com/ach-4dfe63b6.pdf
8f011d1d-786b-4f8c-82cc-7949d0fb74fc,5c01ce5e-5490-466c-8049-69144542083b,IEEE Conference Paper - Co-author,PUBLICATION,Achievement recorded under Publication category.,2024-12-11,AICTE,https://uei-proofs.s3.amazonaws.com/ach-01a6e7bf.pdf
24b0256a-2063-4f07-8937-461eeb4d6b2b,5c01ce5e-5490-466c-8049-69144542083b,Inter-college Cricket Tournament - Runner-up,SPORTS,Achievement recorded under Sports category.,2024-10-10,AICTE,https://uei-proofs.s3.amazonaws.com/ach-a271b9ec.pdf
1805b1dc-4af1-4421-8261-cd59c94ffd5d,19d1eb1c-0a4d-4c18-8ebe-285b2645cf18,Hack36 Winner,HACKATHON,Achievement recorded under Hackathon category.,2024-10-08,AWS,https://uei-proofs.s3.amazonaws.com/ach-ecaf15e4.pdf
5a005c3e-0bd4-4a45-8e2a-0bb996a4e59d,19d1eb1c-0a4d-4c18-8ebe-285b2645cf18,Hack36 Winner,HACKATHON,Achievement recorded under Hackathon category.,2025-11-01,External Body,https://uei-proofs.s3.amazonaws.com/ach-0b0c3ebc.pdf
2cc457be-e365-42fa-bf6d-2b84b129c4d1,f7a70478-994f-4ebb-9078-73b5e632c2e8,IEEE Conference Paper - Co-author,PUBLICATION,Achievement recorded under Publication category.,2024-07-17,IEEE,https://uei-proofs.s3.amazonaws.com/ach-1b2d0897.pdf
8b4dbcfe-bb53-4c48-99c2-3c45e38e4703,f7a70478-994f-4ebb-9078-73b5e632c2e8,Coding Club Event Organizer,CLUB,Achievement recorded under Club category.,2026-01-08,Google,https://uei-proofs.s3.amazonaws.com/ach-9fc411ba.pdf
9c66888a-be76-4c22-bdf5-0706799a8bc3,5044810a-2a6e-4956-8c77-4f38cb201e6d,Coding Club Event Organizer,CLUB,Achievement recorded under Club category.,2025-06-11,SKIT,https://uei-proofs.s3.amazonaws.com/ach-8ba17098.pdf
46a6e777-c16b-4f6a-8f82-7e71f9ceaeaf,de8b3d49-9000-4783-844d-7ec5a8748326,Coding Club Event Organizer,CLUB,Achievement recorded under Club category.,2026-07-07,SKIT,https://uei-proofs.s3.amazonaws.com/ach-51ce810b.pdf
826f5bae-d857-4cf6-b21d-ceda3e80477d,94bc0fca-5f06-450c-b0e9-dd58fca94c97,Technical Club Core Member,CLUB,Achievement recorded under Club category.,2025-03-07,Google,https://uei-proofs.s3.amazonaws.com/ach-43337818.pdf
cecbce41-1d1e-47aa-a9a2-5426ded94e4d,fc3b8e2d-585f-4339-8e49-7058af1b1d72,Google Data Analytics Certificate,CERTIFICATION,Achievement recorded under Certification category.,2024-09-27,Google,https://uei-proofs.s3.amazonaws.com/ach-6d652a1b.pdf
dab0f133-b892-4925-a4e3-f5f9774cd2b5,bb8e640c-1366-4e43-90ab-77bf5c234dd3,Research paper on ML applications,PUBLICATION,Achievement recorded under Publication category.,2025-01-15,Google,https://uei-proofs.s3.amazonaws.com/ach-9fd8346a.pdf
326c5f85-6769-47af-a04a-a6cd16b8680d,3a973ea2-3aae-42ab-a6f4-08b003ad2ee4,University Badminton Championship,SPORTS,Achievement recorded under Sports category.,2026-05-25,SKIT,https://uei-proofs.s3.amazonaws.com/ach-473b7ef0.pdf
9886de2d-720f-4d77-ac2f-1ef8ce01b412,681ceb05-05e2-4070-9704-4ccebd48bd69,GeeksforGeeks Coding Contest,CONTEST,Achievement recorded under Contest category.,2025-09-01,AWS,https://uei-proofs.s3.amazonaws.com/ach-847087ab.pdf
2e5fd554-559e-4ec0-83d8-86ebef2c8d67,9e56ef89-0c52-4e04-beff-14496aa1f6fa,Google Data Analytics Certificate,CERTIFICATION,Achievement recorded under Certification category.,2025-04-28,External Body,https://uei-proofs.s3.amazonaws.com/ach-ef7cd427.pdf
833670ba-83ec-40b1-aa21-d8850a57ee19,2eea3025-aa4d-42d4-a953-41265cdda874,IEEE Conference Paper - Co-author,PUBLICATION,Achievement recorded under Publication category.,2025-01-15,Google,https://uei-proofs.s3.amazonaws.com/ach-f2e9e834.pdf
845dc8bc-c96d-4c5f-94dc-880f901b3020,2eea3025-aa4d-42d4-a953-41265cdda874,IEEE Conference Paper - Co-author,PUBLICATION,Achievement recorded under Publication category.,2024-07-03,AWS,https://uei-proofs.s3.amazonaws.com/ach-1a088a89.pdf
64377ea7-2484-4456-bd67-cac680158fb2,2eea3025-aa4d-42d4-a953-41265cdda874,Google Data Analytics Certificate,CERTIFICATION,Achievement recorded under Certification category.,2025-02-22,SKIT,https://uei-proofs.s3.amazonaws.com/ach-0a842834.pdf
00c11de4-b9b4-403d-9070-fa9ccb6a6411,bb43d93c-a820-4dfe-a1aa-361f41b20946,Inter-college Cricket Tournament - Runner-up,SPORTS,Achievement recorded under Sports category.,2025-10-05,AICTE,https://uei-proofs.s3.amazonaws.com/ach-57b8968a.pdf
37bb1298-4fed-4fb0-a70c-010e11f558eb,12ffdd35-1983-4516-84ba-e5c05354fd16,Inter-college Cricket Tournament - Runner-up,SPORTS,Achievement recorded under Sports category.,2025-02-28,SKIT,https://uei-proofs.s3.amazonaws.com/ach-13cb63f4.pdf
f1546805-0a9d-4f0a-9393-13605be5b4fb,96f05d64-345a-4f30-ac9a-a5d401c71c6f,IEEE Conference Paper - Co-author,PUBLICATION,Achievement recorded under Publication category.,2024-08-14,SKIT,https://uei-proofs.s3.amazonaws.com/ach-ff7b06e3.pdf
878e2867-d033-46de-bbb2-6d732fe3a740,6341c91d-9a0a-4d79-a295-60e839398818,AWS Cloud Practitioner,CERTIFICATION,Achievement recorded under Certification category.,2025-05-09,AWS,https://uei-proofs.s3.amazonaws.com/ach-0d3aeb60.pdf
9a1435c1-e776-4a15-a892-4757da658a48,6341c91d-9a0a-4d79-a295-60e839398818,GeeksforGeeks Coding Contest,CONTEST,Achievement recorded under Contest category.,2026-07-07,AICTE,https://uei-proofs.s3.amazonaws.com/ach-271d3b01.pdf
408ba1dc-e667-4bba-86f2-b592333ab806,6341c91d-9a0a-4d79-a295-60e839398818,Inter-college Cricket Tournament - Runner-up,SPORTS,Achievement recorded under Sports category.,2026-02-13,External Body,https://uei-proofs.s3.amazonaws.com/ach-2eeb2647.pdf
f758ecdd-e8c8-48c1-8ff9-3343003cb544,93e5f693-9a5d-499a-b901-3598de01014b,Inter-college Cricket Tournament - Runner-up,SPORTS,Achievement recorded under Sports category.,2025-07-02,SKIT,https://uei-proofs.s3.amazonaws.com/ach-0664cc63.pdf
8c081fc1-cd4e-4cb6-8508-d05cf34dab54,93e5f693-9a5d-499a-b901-3598de01014b,CodeChef Div 2 - Top 10%,CONTEST,Achievement recorded under Contest category.,2025-08-11,External Body,https://uei-proofs.s3.amazonaws.com/ach-1631741d.pdf
2551977c-482e-47f9-a34b-8785a4af8dbf,accd7619-ac08-4835-8426-136eb7053b09,AWS Cloud Practitioner,CERTIFICATION,Achievement recorded under Certification category.,2025-04-28,AWS,https://uei-proofs.s3.amazonaws.com/ach-d90cfc0c.pdf
d2e785e1-a8f1-4dea-bdf6-63dd7a2d56bf,2ff85deb-17c4-4678-bbba-bef09bfbd6fd,University Badminton Championship,SPORTS,Achievement recorded under Sports category.,2026-07-22,IEEE,https://uei-proofs.s3.amazonaws.com/ach-836fc8b7.pdf
8c20f9a4-7c55-49a9-9509-b185d289d21b,de6ca32c-428f-45ad-976a-a3f61ebc016d,CodeChef Div 2 - Top 10%,CONTEST,Achievement recorded under Contest category.,2025-03-29,SKIT,https://uei-proofs.s3.amazonaws.com/ach-b9c1b1d7.pdf
dec3623b-53c8-418f-ac1c-7507abab5581,1214d0da-f248-4f36-b6ee-77900a8b47d6,AWS Cloud Practitioner,CERTIFICATION,Achievement recorded under Certification category.,2025-05-28,AWS,https://uei-proofs.s3.amazonaws.com/ach-71f71ace.pdf
412a4ca7-1f35-4c69-85db-e685762e4568,1214d0da-f248-4f36-b6ee-77900a8b47d6,Inter-college Cricket Tournament - Runner-up,SPORTS,Achievement recorded under Sports category.,2024-07-31,AICTE,https://uei-proofs.s3.amazonaws.com/ach-e44a7f64.pdf
0b5935d4-e327-466e-a655-e79db1a46788,3b63819d-439e-4ae7-9d6c-69c928793169,AWS Cloud Practitioner,CERTIFICATION,Achievement recorded under Certification category.,2025-11-12,Google,https://uei-proofs.s3.amazonaws.com/ach-696d4509.pdf
4dd6f1c2-8e64-465e-a18d-60d8e330eb6c,a8881a5f-4bb2-45f9-b358-c6b2898e665a,University Badminton Championship,SPORTS,Achievement recorded under Sports category.,2024-10-28,Google,https://uei-proofs.s3.amazonaws.com/ach-1aa45646.pdf
1c3b5fe2-9f12-4b6d-9eab-ce45a1cc766d,a8881a5f-4bb2-45f9-b358-c6b2898e665a,Technical Club Core Member,CLUB,Achievement recorded under Club category.,2026-04-15,Google,https://uei-proofs.s3.amazonaws.com/ach-83618048.pdf
dce44e00-6bef-45aa-8331-ed31bdd6fa81,75918ca2-6a21-408d-ac63-e5de188154ce,Inter-college Cricket Tournament - Runner-up,SPORTS,Achievement recorded under Sports category.,2024-12-25,IEEE,https://uei-proofs.s3.amazonaws.com/ach-ff056460.pdf
95e9737b-48a3-4c92-9fe9-7748510c9861,a4c5b46d-c9f2-414f-a0b2-91c1ad2383d5,Technical Club Core Member,CLUB,Achievement recorded under Club category.,2025-12-31,AWS,https://uei-proofs.s3.amazonaws.com/ach-ce3c981b.pdf
deeb9125-d3f3-475d-9ca2-3473a8cc98be,0dab6e6f-c53b-4063-8afc-0ed98aad91fd,Google Data Analytics Certificate,CERTIFICATION,Achievement recorded under Certification category.,2024-10-25,AWS,https://uei-proofs.s3.amazonaws.com/ach-f32513d6.pdf
8218dde5-7555-41b1-8bd5-601f67a18a90,9fcd698f-e508-416e-90f0-bf4997ef7573,Google Data Analytics Certificate,CERTIFICATION,Achievement recorded under Certification category.,2024-11-25,SKIT,https://uei-proofs.s3.amazonaws.com/ach-8ee95a42.pdf
7a86e4e5-7ebd-47ee-9f0d-7315fb0f6b1a,f7518e2b-9882-4471-a67e-228189eed01a,CodeChef Div 2 - Top 10%,CONTEST,Achievement recorded under Contest category.,2025-08-11,SKIT,https://uei-proofs.s3.amazonaws.com/ach-848a845f.pdf
d486daef-8f51-43e1-b65a-f522efbfc58e,95037317-458a-455f-9702-95f7c1a5ea36,GeeksforGeeks Coding Contest,CONTEST,Achievement recorded under Contest category.,2025-04-03,Google,https://uei-proofs.s3.amazonaws.com/ach-9d58dce2.pdf
4f616325-d422-4b47-b3d3-c07149e5e6e7,17f46db7-ec9b-4fd8-a527-b0f0bdaabbac,University Badminton Championship,SPORTS,Achievement recorded under Sports category.,2024-11-21,Google,https://uei-proofs.s3.amazonaws.com/ach-a706a391.pdf
263ea2e3-bd47-4c11-a2a2-8613522eaf1b,4e8acbac-a6f4-4059-a671-eead236c95da,IEEE Conference Paper - Co-author,PUBLICATION,Achievement recorded under Publication category.,2026-03-01,AWS,https://uei-proofs.s3.amazonaws.com/ach-f1b21556.pdf
408a9d85-0648-4d43-ac14-4ab407a584e1,661cd282-beae-4ca4-98fd-00aed4f56835,Google Data Analytics Certificate,CERTIFICATION,Achievement recorded under Certification category.,2024-06-25,AWS,https://uei-proofs.s3.amazonaws.com/ach-89ffba8a.pdf
dac5eefa-3fb3-4e12-a8e2-6bdeaa674c63,661cd282-beae-4ca4-98fd-00aed4f56835,AWS Cloud Practitioner,CERTIFICATION,Achievement recorded under Certification category.,2025-06-16,Google,https://uei-proofs.s3.amazonaws.com/ach-1bf993e7.pdf
276d8662-1651-480f-8532-ec6f766ab18d,d83fa806-d07f-470a-8edb-d07e29008a53,GeeksforGeeks Coding Contest,CONTEST,Achievement recorded under Contest category.,2024-09-20,SKIT,https://uei-proofs.s3.amazonaws.com/ach-3dfbb120.pdf
eebe88a2-99c9-4bba-9121-b5e5c590aa45,d83fa806-d07f-470a-8edb-d07e29008a53,Technical Club Core Member,CLUB,Achievement recorded under Club category.,2025-11-22,IEEE,https://uei-proofs.s3.amazonaws.com/ach-ef4aac89.pdf
12408ee8-8d8b-4d87-9062-774c12698429,95225e7e-5ef7-420f-a5f1-41349acc160e,IEEE Conference Paper - Co-author,PUBLICATION,Achievement recorded under Publication category.,2024-10-14,External Body,https://uei-proofs.s3.amazonaws.com/ach-491b0503.pdf
4f7d8b34-fd91-45cc-bb30-58d24e8477ef,c1942ffb-178b-43e8-b25c-2261a2fafb15,Technical Club Core Member,CLUB,Achievement recorded under Club category.,2024-09-24,External Body,https://uei-proofs.s3.amazonaws.com/ach-c4b0ba12.pdf
c1bc0fe4-50e2-4862-9d72-09c560a76933,9d306591-85b0-413f-b465-9dec20a52ce0,Hack36 Winner,HACKATHON,Achievement recorded under Hackathon category.,2024-11-10,IEEE,https://uei-proofs.s3.amazonaws.com/ach-2528db35.pdf
77ca6fa7-956a-4c06-8825-41746f6b8349,95b069e9-bb66-4498-afec-710b5cf149e8,Coding Club Event Organizer,CLUB,Achievement recorded under Club category.,2026-04-21,IEEE,https://uei-proofs.s3.amazonaws.com/ach-bdc36306.pdf
6e0cd1b8-cf58-4a4b-a746-ce45e892b5e0,95b069e9-bb66-4498-afec-710b5cf149e8,AWS Cloud Practitioner,CERTIFICATION,Achievement recorded under Certification category.,2026-07-13,Google,https://uei-proofs.s3.amazonaws.com/ach-e066021f.pdf
8811c244-b59b-4e2b-9a03-95034a9d799d,95b069e9-bb66-4498-afec-710b5cf149e8,Research paper on ML applications,PUBLICATION,Achievement recorded under Publication category.,2025-04-09,SKIT,https://uei-proofs.s3.amazonaws.com/ach-b5f13ad2.pdf
9837667f-be22-4e6f-a74c-483e49d7981e,e7331a31-ce9f-40b2-a318-d4d4757c59ed,Research paper on ML applications,PUBLICATION,Achievement recorded under Publication category.,2026-02-01,AWS,https://uei-proofs.s3.amazonaws.com/ach-58408138.pdf
6cf30c69-28c7-4669-826e-70d15d68b889,312f8616-7c11-4091-a381-a18e9111c559,Hack36 Winner,HACKATHON,Achievement recorded under Hackathon category.,2025-06-28,External Body,https://uei-proofs.s3.amazonaws.com/ach-32b983b8.pdf
623310c9-9b02-4a5a-a711-1e35c3858401,3a44ec3c-dd33-41e6-b043-bb7ec9c58683,Hack36 Winner,HACKATHON,Achievement recorded under Hackathon category.,2025-05-04,SKIT,https://uei-proofs.s3.amazonaws.com/ach-53326e20.pdf
35f6d133-07cd-4fe3-ba5d-06cd0f45160a,8e48936a-48b0-4cd4-aca7-8a60f3d82a38,CodeChef Div 2 - Top 10%,CONTEST,Achievement recorded under Contest category.,2024-06-10,SKIT,https://uei-proofs.s3.amazonaws.com/ach-987d46fd.pdf
c64bb1d3-c2fe-458f-ae56-dec38fb2b80a,8e48936a-48b0-4cd4-aca7-8a60f3d82a38,University Badminton Championship,SPORTS,Achievement recorded under Sports category.,2025-06-05,Google,https://uei-proofs.s3.amazonaws.com/ach-b4ff1d23.pdf
d06617a8-2415-40df-a4b6-31179fd91614,48fb2dfb-66c8-4082-b603-925c2121bb34,Technical Club Core Member,CLUB,Achievement recorded under Club category.,2026-07-17,AICTE,https://uei-proofs.s3.amazonaws.com/ach-c6a7cf78.pdf
7e9819a4-2059-4c67-b72b-7f080e5e6f12,9b750ad9-9ae5-4f3f-bdd3-a60f23ba1f83,University Badminton Championship,SPORTS,Achievement recorded under Sports category.,2025-07-28,Google,https://uei-proofs.s3.amazonaws.com/ach-79323b88.pdf
2be51905-91c3-4cb2-b6b8-3dbda887df54,9b750ad9-9ae5-4f3f-bdd3-a60f23ba1f83,Coding Club Event Organizer,CLUB,Achievement recorded under Club category.,2024-12-08,External Body,https://uei-proofs.s3.amazonaws.com/ach-cca0fe5b.pdf
c7f0826c-456f-4f64-a467-e62914dbdd63,b202b3df-ac05-4fce-b02b-68c6b6b9ec4d,Technical Club Core Member,CLUB,Achievement recorded under Club category.,2025-01-20,AWS,https://uei-proofs.s3.amazonaws.com/ach-e81d7212.pdf
013158dc-e4a8-4ed1-8847-c58cf1b02fc3,b202b3df-ac05-4fce-b02b-68c6b6b9ec4d,Technical Club Core Member,CLUB,Achievement recorded under Club category.,2025-05-29,AWS,https://uei-proofs.s3.amazonaws.com/ach-0b80efd2.pdf
bedc7abc-50e9-4156-b27a-5261b8da535a,e6e9a470-fad6-41c1-ad29-6ece296a80bb,Smart India Hackathon - Finalist,HACKATHON,Achievement recorded under Hackathon category.,2025-09-18,Google,https://uei-proofs.s3.amazonaws.com/ach-213ad7a1.pdf
d42701c5-ed4c-4063-a838-873d6157cc9a,16383687-f45e-434a-afaf-d6a562f498be,Smart India Hackathon - Finalist,HACKATHON,Achievement recorded under Hackathon category.,2025-02-01,Google,https://uei-proofs.s3.amazonaws.com/ach-d3532643.pdf
55298309-93b2-4d5f-ada8-830eaf8618fb,117e01b1-419c-4978-8e31-27aeed6b520a,Research paper on ML applications,PUBLICATION,Achievement recorded under Publication category.,2025-04-30,IEEE,https://uei-proofs.s3.amazonaws.com/ach-9ce45ff8.pdf
cd417de0-a591-4ba4-b841-9b0f60ebc40c,117e01b1-419c-4978-8e31-27aeed6b520a,GeeksforGeeks Coding Contest,CONTEST,Achievement recorded under Contest category.,2025-06-06,Google,https://uei-proofs.s3.amazonaws.com/ach-8f7d56aa.pdf
2741d2ad-c168-4ffb-b4b6-f9d314146db2,117e01b1-419c-4978-8e31-27aeed6b520a,Hack36 Winner,HACKATHON,Achievement recorded under Hackathon category.,2025-01-17,SKIT,https://uei-proofs.s3.amazonaws.com/ach-d07ac31c.pdf
be41d328-38a7-4aa4-bd86-2577c59ed31c,37b6477b-72eb-4463-996c-9a0eed5f9613,University Badminton Championship,SPORTS,Achievement recorded under Sports category.,2026-01-29,SKIT,https://uei-proofs.s3.amazonaws.com/ach-00044855.pdf
f33df956-e14d-418c-8a93-a4bf9589c67b,e36650ad-b473-4508-88d7-99356c7cd0f5,Coding Club Event Organizer,CLUB,Achievement recorded under Club category.,2024-10-10,AICTE,https://uei-proofs.s3.amazonaws.com/ach-19b04da9.pdf
0e557f29-3328-4928-bef7-4a2674fc3c32,6ab4f569-a668-4546-98c7-272c06409571,Research paper on ML applications,PUBLICATION,Achievement recorded under Publication category.,2026-01-29,Google,https://uei-proofs.s3.amazonaws.com/ach-5f419bcf.pdf
76416cab-5d36-40fc-b361-57b9a385897e,df61065c-0a4f-4fb1-9b92-e86c88aab30e,AWS Cloud Practitioner,CERTIFICATION,Achievement recorded under Certification category.,2026-04-20,AICTE,https://uei-proofs.s3.amazonaws.com/ach-4722b35c.pdf
af31a875-498a-42b8-add6-175fea357b81,df61065c-0a4f-4fb1-9b92-e86c88aab30e,College Hackathon - 2nd Place,HACKATHON,Achievement recorded under Hackathon category.,2025-02-27,IEEE,https://uei-proofs.s3.amazonaws.com/ach-c0f7958a.pdf
d2f7b52e-9a5d-4ef1-baf9-b82f86671bf6,8bc81522-a65f-436a-b15b-e30e34ba369d,Technical Club Core Member,CLUB,Achievement recorded under Club category.,2024-09-22,AWS,https://uei-proofs.s3.amazonaws.com/ach-f3a1510a.pdf
66167844-1981-4c8c-8e75-3ad18a4dfc56,8bc81522-a65f-436a-b15b-e30e34ba369d,Research paper on ML applications,PUBLICATION,Achievement recorded under Publication category.,2024-08-06,AICTE,https://uei-proofs.s3.amazonaws.com/ach-11ff1f84.pdf
ee49b7b6-82d9-4de9-a2c6-e485fcdbe05c,6833a84b-cae2-4f55-aeee-c22d71848337,Coding Club Event Organizer,CLUB,Achievement recorded under Club category.,2026-06-01,SKIT,https://uei-proofs.s3.amazonaws.com/ach-48f1648e.pdf
a586436f-3976-4bcd-9abf-11fc0e2c3dcf,6833a84b-cae2-4f55-aeee-c22d71848337,GeeksforGeeks Coding Contest,CONTEST,Achievement recorded under Contest category.,2025-11-19,Google,https://uei-proofs.s3.amazonaws.com/ach-9845935e.pdf
30058c82-c173-49a1-ba66-84b9a358b58b,6833a84b-cae2-4f55-aeee-c22d71848337,AWS Cloud Practitioner,CERTIFICATION,Achievement recorded under Certification category.,2024-12-10,SKIT,https://uei-proofs.s3.amazonaws.com/ach-eaed1c4e.pdf
3a448fb8-2439-4fe2-b723-ddd6ed7d906b,466ca839-b689-4476-9d1f-ccbc87bdbbd6,LeetCode Contest Rank,CONTEST,Achievement recorded under Contest category.,2024-12-06,Google,https://uei-proofs.s3.amazonaws.com/ach-22ac969c.pdf
28b49ec6-0743-4e95-b43f-90d9569f3291,1b72a24f-b08f-49a4-a035-c9407cfe0e5f,Research paper on ML applications,PUBLICATION,Achievement recorded under Publication category.,2025-12-23,IEEE,https://uei-proofs.s3.amazonaws.com/ach-0d98c7ed.pdf
54bc097e-0803-4db8-b3fa-5eee088e94f2,328336ab-7588-45a7-8ac0-422d2245d8b7,Coding Club Event Organizer,CLUB,Achievement recorded under Club category.,2025-03-10,AWS,https://uei-proofs.s3.amazonaws.com/ach-1cc6d14c.pdf
6dbe5800-3415-45ca-8c8e-fe1ed55c1b99,0c5aa003-a3ff-4fda-9e60-5fa595d77120,CodeChef Div 2 - Top 10%,CONTEST,Achievement recorded under Contest category.,2025-04-03,SKIT,https://uei-proofs.s3.amazonaws.com/ach-b49fd280.pdf
751ea9a1-0ba7-4f20-bd7e-81356cd80633,42d9c168-fd14-43c0-b16a-ee1a15541af1,Hack36 Winner,HACKATHON,Achievement recorded under Hackathon category.,2024-07-17,SKIT,https://uei-proofs.s3.amazonaws.com/ach-5ab8a3e0.pdf
83942519-0f04-42ef-b783-b2b96b87565c,09430dca-fd8c-41d9-a410-b11374f07e3e,Google Data Analytics Certificate,CERTIFICATION,Achievement recorded under Certification category.,2025-12-18,Google,https://uei-proofs.s3.amazonaws.com/ach-9c819613.pdf
30e417ed-bb80-4bd3-8ebc-fc6909efea15,2f25aea6-f628-454d-94da-c033a75d09f7,Coding Club Event Organizer,CLUB,Achievement recorded under Club category.,2024-11-29,Google,https://uei-proofs.s3.amazonaws.com/ach-14f46985.pdf
7bbe97f2-fcf2-4b81-8820-5b8de01f0ee0,3a493c90-6eab-4969-8522-1072ea4620ca,AWS Cloud Practitioner,CERTIFICATION,Achievement recorded under Certification category.,2025-01-28,IEEE,https://uei-proofs.s3.amazonaws.com/ach-21102249.pdf
687bafb3-9b01-4bf6-8593-71a4c1d84b7f,aa83ea2c-6542-46be-8585-263bd02f139a,AWS Cloud Practitioner,CERTIFICATION,Achievement recorded under Certification category.,2024-06-20,AWS,https://uei-proofs.s3.amazonaws.com/ach-d6facded.pdf
170603a2-7041-4cdf-a677-ad0f3770b3c2,da621c33-de01-4eb0-8abf-eec98a946ebc,Coding Club Event Organizer,CLUB,Achievement recorded under Club category.,2025-05-04,AWS,https://uei-proofs.s3.amazonaws.com/ach-8e0b7209.pdf
d1d4c8e8-2839-4271-be08-a1e0aec3acc0,b69a176f-47a1-4ef4-9c21-1a8675f39902,Inter-college Cricket Tournament - Runner-up,SPORTS,Achievement recorded under Sports category.,2026-04-23,AICTE,https://uei-proofs.s3.amazonaws.com/ach-4202f20b.pdf
d6e65195-560a-4edb-a38c-9df482587650,d3fb4855-a101-4c14-a94d-ecd97e3191b6,Technical Club Core Member,CLUB,Achievement recorded under Club category.,2024-06-12,Google,https://uei-proofs.s3.amazonaws.com/ach-325909a5.pdf
8469a450-33ea-458c-a281-96f5b78b5f4e,f2323f7e-f5df-4968-9088-7aee14f4eb31,IEEE Conference Paper - Co-author,PUBLICATION,Achievement recorded under Publication category.,2024-12-31,IEEE,https://uei-proofs.s3.amazonaws.com/ach-5f220dff.pdf
a1d58ce2-dc2a-458f-9468-1bc964a0ec9f,c604cd80-92e9-4f72-96ee-5f18f2411e2e,Research paper on ML applications,PUBLICATION,Achievement recorded under Publication category.,2025-10-05,IEEE,https://uei-proofs.s3.amazonaws.com/ach-2e85e5f9.pdf
b5fcdcfc-9177-4e5f-b0ae-321ad4ebeae8,16a33464-ab52-4756-9a86-449f75b11a5f,University Badminton Championship,SPORTS,Achievement recorded under Sports category.,2025-05-14,AICTE,https://uei-proofs.s3.amazonaws.com/ach-e8ee242b.pdf
543260c1-cd43-4e00-b065-379258bac179,57ed2e05-c77a-4f69-8cf7-78c8758232f0,Google Data Analytics Certificate,CERTIFICATION,Achievement recorded under Certification category.,2025-11-08,Google,https://uei-proofs.s3.amazonaws.com/ach-b8a0b8e7.pdf
510513ed-7d16-4a7a-a8c0-12d8d7b62d09,dde68789-89a6-4de6-94f8-e8eb1a3f599e,Coding Club Event Organizer,CLUB,Achievement recorded under Club category.,2024-12-31,External Body,https://uei-proofs.s3.amazonaws.com/ach-abe7fd60.pdf
77a96fda-f02d-429c-8bf7-e20ba171b9d8,18564a06-d03c-41ff-b809-34e413e95595,LeetCode Contest Rank,CONTEST,Achievement recorded under Contest category.,2025-08-26,SKIT,https://uei-proofs.s3.amazonaws.com/ach-55163169.pdf
1bc1bb20-915a-4d1c-994f-220ccbc882f7,18564a06-d03c-41ff-b809-34e413e95595,CodeChef Div 2 - Top 10%,CONTEST,Achievement recorded under Contest category.,2026-02-05,SKIT,https://uei-proofs.s3.amazonaws.com/ach-d1bad29e.pdf
a6b245c1-c24b-4276-8cfd-261c4c6f0a8e,9fe1bad4-ae63-4419-88ba-01dd166646c6,Coding Club Event Organizer,CLUB,Achievement recorded under Club category.,2025-12-08,AWS,https://uei-proofs.s3.amazonaws.com/ach-584bc06c.pdf
c46d2f46-c3a2-47fb-b13d-4e0624bd0fe8,c71ed509-d656-4e2f-8147-6f70e32ad06d,Hack36 Winner,HACKATHON,Achievement recorded under Hackathon category.,2025-10-15,AICTE,https://uei-proofs.s3.amazonaws.com/ach-96667d5e.pdf
9a66fa33-307e-4386-a929-6cd3d68b4fde,f3304073-90ab-4af6-8d9c-7896102e6a70,Inter-college Cricket Tournament - Runner-up,SPORTS,Achievement recorded under Sports category.,2026-03-31,Google,https://uei-proofs.s3.amazonaws.com/ach-4b864a4e.pdf
003f4c88-79ed-4bec-a183-99dc974fd44d,bd787236-a7df-4f27-b9a5-5f483f9b46ce,IEEE Conference Paper - Co-author,PUBLICATION,Achievement recorded under Publication category.,2025-08-30,Google,https://uei-proofs.s3.amazonaws.com/ach-18a19296.pdf
08357c0e-ada2-4072-83f4-b81774890a88,bd787236-a7df-4f27-b9a5-5f483f9b46ce,AWS Cloud Practitioner,CERTIFICATION,Achievement recorded under Certification category.,2025-05-03,AICTE,https://uei-proofs.s3.amazonaws.com/ach-9cfe503e.pdf
fc6e1219-5d96-4709-8cf8-39ebdd606913,bd787236-a7df-4f27-b9a5-5f483f9b46ce,CodeChef Div 2 - Top 10%,CONTEST,Achievement recorded under Contest category.,2026-04-08,IEEE,https://uei-proofs.s3.amazonaws.com/ach-a85faefc.pdf
493d48c6-4737-4fc9-a6c9-bd2c45dff89d,17c3882a-6bfc-4535-beea-5c57a93bf0c5,AWS Cloud Practitioner,CERTIFICATION,Achievement recorded under Certification category.,2025-08-17,SKIT,https://uei-proofs.s3.amazonaws.com/ach-def8b0e6.pdf
2d655828-2ea4-4d95-a0be-e3d4c19bfeb9,fb5465af-b2ce-4889-bf1a-bb209b543f4e,University Badminton Championship,SPORTS,Achievement recorded under Sports category.,2024-08-18,AICTE,https://uei-proofs.s3.amazonaws.com/ach-591d61f5.pdf
b5edc5dc-cab8-4dc1-bf93-7f2d6081384c,af537692-9020-4300-8c7a-5f3ebb8fd0ca,LeetCode Contest Rank,CONTEST,Achievement recorded under Contest category.,2025-03-20,External Body,https://uei-proofs.s3.amazonaws.com/ach-4b30fb84.pdf
148a940a-6d21-4c21-886f-b72448fd9030,af537692-9020-4300-8c7a-5f3ebb8fd0ca,GeeksforGeeks Coding Contest,CONTEST,Achievement recorded under Contest category.,2025-09-15,Google,https://uei-proofs.s3.amazonaws.com/ach-e42d20db.pdf
50883e51-7a69-4e59-bd0c-18a0a0dcd913,792afdf7-08ec-48f4-8bac-670a5347ed4c,Technical Club Core Member,CLUB,Achievement recorded under Club category.,2025-08-12,Google,https://uei-proofs.s3.amazonaws.com/ach-473aa066.pdf
4d67f734-9ed3-4388-a20f-0ad1c05c5000,11a69a4f-88ea-4b47-a2a8-05e46b64f4d8,Inter-college Cricket Tournament - Runner-up,SPORTS,Achievement recorded under Sports category.,2026-04-08,SKIT,https://uei-proofs.s3.amazonaws.com/ach-337df10c.pdf
9c1e4ab2-b4ae-46d4-9376-b9d2aa9e1bce,11a69a4f-88ea-4b47-a2a8-05e46b64f4d8,AWS Cloud Practitioner,CERTIFICATION,Achievement recorded under Certification category.,2026-04-11,Google,https://uei-proofs.s3.amazonaws.com/ach-f9d15c73.pdf
4801b8b0-c1bf-42fd-96ba-076b79678603,ef3f1624-7ab1-4a9b-939f-e677ebb360d0,College Hackathon - 2nd Place,HACKATHON,Achievement recorded under Hackathon category.,2025-09-03,AICTE,https://uei-proofs.s3.amazonaws.com/ach-c8f4a17c.pdf
66f3f253-c9cd-4533-853e-b11149defbf7,ef3f1624-7ab1-4a9b-939f-e677ebb360d0,Research paper on ML applications,PUBLICATION,Achievement recorded under Publication category.,2026-05-23,Google,https://uei-proofs.s3.amazonaws.com/ach-febdfcf2.pdf
78d17c2b-9324-4d52-9d2a-d3c09e690af2,ef3f1624-7ab1-4a9b-939f-e677ebb360d0,University Badminton Championship,SPORTS,Achievement recorded under Sports category.,2025-08-01,AWS,https://uei-proofs.s3.amazonaws.com/ach-eab882bb.pdf
9be90419-aa90-4cd9-b485-3dc96aa46c50,3fcad028-d89e-42be-a18b-a94532a70a96,IEEE Conference Paper - Co-author,PUBLICATION,Achievement recorded under Publication category.,2025-03-09,AICTE,https://uei-proofs.s3.amazonaws.com/ach-b45cb58f.pdf
d60b6a06-33a0-47e7-8dbb-2f76b73f3982,3d8801ff-0630-430e-a453-05824da0b9c0,Coding Club Event Organizer,CLUB,Achievement recorded under Club category.,2025-10-11,External Body,https://uei-proofs.s3.amazonaws.com/ach-1056e098.pdf
144ec529-0e2d-482d-adfd-c37f1da95e3f,ebc71a0e-0ba4-4dee-9661-db64e672c294,College Hackathon - 2nd Place,HACKATHON,Achievement recorded under Hackathon category.,2026-02-28,IEEE,https://uei-proofs.s3.amazonaws.com/ach-299f6b81.pdf
1e00bed7-97f7-43b1-8510-13752ce2342c,e9ef10b0-1171-4bea-8423-43c5b49dbe57,AWS Cloud Practitioner,CERTIFICATION,Achievement recorded under Certification category.,2024-07-13,IEEE,https://uei-proofs.s3.amazonaws.com/ach-29c50190.pdf
47ab2f9d-0155-4736-8eb4-f2a83f6be391,e9ef10b0-1171-4bea-8423-43c5b49dbe57,Research paper on ML applications,PUBLICATION,Achievement recorded under Publication category.,2026-06-07,IEEE,https://uei-proofs.s3.amazonaws.com/ach-0650d303.pdf
af05e6b2-c2f5-4d4a-9ee6-8677fc10104c,e9ef10b0-1171-4bea-8423-43c5b49dbe57,Inter-college Cricket Tournament - Runner-up,SPORTS,Achievement recorded under Sports category.,2025-11-06,External Body,https://uei-proofs.s3.amazonaws.com/ach-00daebe0.pdf
fa3fd500-9b0e-4efb-b2ac-3d903a4dd7eb,dbac6907-6549-4f27-a048-d3f0f9f33b03,Inter-college Cricket Tournament - Runner-up,SPORTS,Achievement recorded under Sports category.,2026-01-06,Google,https://uei-proofs.s3.amazonaws.com/ach-7adafe92.pdf
dd28bae9-6c23-4dca-8474-91b6acacaae8,dbac6907-6549-4f27-a048-d3f0f9f33b03,Hack36 Winner,HACKATHON,Achievement recorded under Hackathon category.,2025-11-15,SKIT,https://uei-proofs.s3.amazonaws.com/ach-bb97e6ea.pdf
06104c5b-ef22-490e-a318-2acf928a7969,a95ff413-cfac-443c-ad48-0a89ddd9fa7b,Coding Club Event Organizer,CLUB,Achievement recorded under Club category.,2026-07-11,AWS,https://uei-proofs.s3.amazonaws.com/ach-0640ecee.pdf
d3dacf2b-ea36-4a08-b481-6fff7aad8177,119148b9-3bd8-4d16-a1ba-2498025e7e5d,College Hackathon - 2nd Place,HACKATHON,Achievement recorded under Hackathon category.,2025-01-02,AWS,https://uei-proofs.s3.amazonaws.com/ach-258c4ebe.pdf
a0c86e4b-a40b-47d1-a7f2-b92fcbe29ab5,0708a157-b514-40a7-b530-0db007b81a2d,AWS Cloud Practitioner,CERTIFICATION,Achievement recorded under Certification category.,2026-04-05,SKIT,https://uei-proofs.s3.amazonaws.com/ach-0d46ee43.pdf
395dbb8b-0a3f-47a0-a7bf-bd1df0cd5c45,58eb9d6f-18ec-4cdc-9da3-0b4b778443b2,Inter-college Cricket Tournament - Runner-up,SPORTS,Achievement recorded under Sports category.,2026-03-12,AWS,https://uei-proofs.s3.amazonaws.com/ach-f55ed60e.pdf
f0866cab-d70d-4118-b783-8dff12cf44ad,58eb9d6f-18ec-4cdc-9da3-0b4b778443b2,AWS Cloud Practitioner,CERTIFICATION,Achievement recorded under Certification category.,2024-08-19,IEEE,https://uei-proofs.s3.amazonaws.com/ach-d4e38932.pdf
e16fda4b-7dd0-4c58-b65b-377790b22c57,2432e57e-0407-462e-8663-cc56f1dfd154,AWS Cloud Practitioner,CERTIFICATION,Achievement recorded under Certification category.,2025-06-13,External Body,https://uei-proofs.s3.amazonaws.com/ach-b3fad21a.pdf
1515cdf9-20d2-4ba9-a329-ff35af6a5381,2432e57e-0407-462e-8663-cc56f1dfd154,University Badminton Championship,SPORTS,Achievement recorded under Sports category.,2025-07-31,SKIT,https://uei-proofs.s3.amazonaws.com/ach-f63336c7.pdf
09f22b3f-ccee-4f92-96d1-d54f71102178,2432e57e-0407-462e-8663-cc56f1dfd154,IEEE Conference Paper - Co-author,PUBLICATION,Achievement recorded under Publication category.,2024-11-07,External Body,https://uei-proofs.s3.amazonaws.com/ach-eb415640.pdf
7edcce3a-09e7-44e5-ac6b-fdf7764a0ea3,9cfbfbf7-f5bb-495e-abc8-561307573cd6,University Badminton Championship,SPORTS,Achievement recorded under Sports category.,2025-04-22,IEEE,https://uei-proofs.s3.amazonaws.com/ach-a11f224d.pdf
af4d9f48-b8b9-4d85-be51-b53fc9352d22,1e467b4d-2a27-4953-84ca-3186375fc486,Google Data Analytics Certificate,CERTIFICATION,Achievement recorded under Certification category.,2025-09-23,AWS,https://uei-proofs.s3.amazonaws.com/ach-1adc3231.pdf
983ae744-e374-4d53-b3e1-45da22b3a6e0,475036e4-6583-4e14-bf46-a1d0b9957a94,University Badminton Championship,SPORTS,Achievement recorded under Sports category.,2025-07-22,Google,https://uei-proofs.s3.amazonaws.com/ach-74267cba.pdf
87f26bfa-c6de-446b-a3f2-0ed8c04b6ef7,1e7696b9-23a1-4c71-aae4-74468d8ccaba,GeeksforGeeks Coding Contest,CONTEST,Achievement recorded under Contest category.,2024-06-25,Google,https://uei-proofs.s3.amazonaws.com/ach-15022ea8.pdf
2fd3da53-ad1b-4e6c-b936-f17304bfcfaa,c6617192-683f-4679-9385-97a56662d2df,Technical Club Core Member,CLUB,Achievement recorded under Club category.,2025-12-18,External Body,https://uei-proofs.s3.amazonaws.com/ach-7bc1f8f3.pdf
22f68be9-1d7d-4834-8075-b70411163dd5,c6617192-683f-4679-9385-97a56662d2df,University Badminton Championship,SPORTS,Achievement recorded under Sports category.,2026-06-28,Google,https://uei-proofs.s3.amazonaws.com/ach-b2fd93af.pdf
b5cd5187-1b9f-48ed-b74f-bb2a541e27e2,90f66b5f-7659-49c7-94ba-f10f0897b1ee,Smart India Hackathon - Finalist,HACKATHON,Achievement recorded under Hackathon category.,2024-12-14,AWS,https://uei-proofs.s3.amazonaws.com/ach-2c371eab.pdf
9f73644c-cc9f-4c83-9bf7-0eb7eee3277f,90f66b5f-7659-49c7-94ba-f10f0897b1ee,Coding Club Event Organizer,CLUB,Achievement recorded under Club category.,2025-04-14,IEEE,https://uei-proofs.s3.amazonaws.com/ach-1121a469.pdf
04a52583-5f13-42eb-a381-00c46696aae8,90f66b5f-7659-49c7-94ba-f10f0897b1ee,IEEE Conference Paper - Co-author,PUBLICATION,Achievement recorded under Publication category.,2026-07-25,AICTE,https://uei-proofs.s3.amazonaws.com/ach-601d2a86.pdf
ada08adb-93ce-4609-baeb-029386a99d90,b6eabf04-0b2a-4be6-ab3e-4d19ebdc3e6e,Hack36 Winner,HACKATHON,Achievement recorded under Hackathon category.,2026-01-13,IEEE,https://uei-proofs.s3.amazonaws.com/ach-c6331143.pdf
d4d075b7-b35a-4aac-b6bf-c8800af8200e,5a7326ad-a983-4333-975e-8f5cf239f7f4,CodeChef Div 2 - Top 10%,CONTEST,Achievement recorded under Contest category.,2025-03-20,Google,https://uei-proofs.s3.amazonaws.com/ach-39911e45.pdf
772ed560-cc52-4de4-a670-a555469a83d8,1c58a4bd-69ae-4d4b-9fd8-77454795b634,LeetCode Contest Rank,CONTEST,Achievement recorded under Contest category.,2026-06-27,External Body,https://uei-proofs.s3.amazonaws.com/ach-a9baae9b.pdf
8760355d-6b20-49b9-86e8-3eeba2a91631,32c7f8d3-d121-4f2a-b7e2-8353d5d728da,Coding Club Event Organizer,CLUB,Achievement recorded under Club category.,2024-09-24,SKIT,https://uei-proofs.s3.amazonaws.com/ach-25d6be93.pdf
11b3c9ff-52bf-41cc-88ce-48c79e99703c,32c7f8d3-d121-4f2a-b7e2-8353d5d728da,Technical Club Core Member,CLUB,Achievement recorded under Club category.,2026-07-19,Google,https://uei-proofs.s3.amazonaws.com/ach-c626230b.pdf
ce58ce68-fcf5-4187-855d-de78892a5f74,d2a60c24-4820-4d1d-8293-7cb77ec3144a,Technical Club Core Member,CLUB,Achievement recorded under Club category.,2025-07-23,AWS,https://uei-proofs.s3.amazonaws.com/ach-cb476c88.pdf
04a5e352-3819-4cbf-8bc7-37994a61fb62,cb99d9de-7aec-49d6-8165-ecf0ed2125fd,Google Data Analytics Certificate,CERTIFICATION,Achievement recorded under Certification category.,2024-09-19,External Body,https://uei-proofs.s3.amazonaws.com/ach-853682d2.pdf
f16c7d19-a36b-4488-acf5-7f04806d1522,a84061a3-3fc6-4725-acbc-25eb3254213a,Hack36 Winner,HACKATHON,Achievement recorded under Hackathon category.,2026-07-23,AICTE,https://uei-proofs.s3.amazonaws.com/ach-efcf379e.pdf
f77f89f7-8b61-4731-b015-64e979fc8b26,b21d7846-e4d1-4d9d-826f-a7fcf42d578a,Google Data Analytics Certificate,CERTIFICATION,Achievement recorded under Certification category.,2026-05-14,AWS,https://uei-proofs.s3.amazonaws.com/ach-ee4ba70c.pdf
38706959-f350-4c62-a96c-f098272f038a,b21d7846-e4d1-4d9d-826f-a7fcf42d578a,Technical Club Core Member,CLUB,Achievement recorded under Club category.,2025-07-27,AICTE,https://uei-proofs.s3.amazonaws.com/ach-e7e269bc.pdf
869bd129-03d5-4151-b875-c9a41fe133b9,af7efda8-abad-4afa-87b8-dd2ebc032bc4,Research paper on ML applications,PUBLICATION,Achievement recorded under Publication category.,2024-06-23,IEEE,https://uei-proofs.s3.amazonaws.com/ach-0e7f7210.pdf
1cc6db7e-de15-45dd-be58-24f72cb72b8a,c0c6c9fc-b0c4-461b-8289-78b176bc5daa,Research paper on ML applications,PUBLICATION,Achievement recorded under Publication category.,2025-01-06,Google,https://uei-proofs.s3.amazonaws.com/ach-427d9a19.pdf
60837f5b-c355-43e1-999c-f84be111e96a,c0c6c9fc-b0c4-461b-8289-78b176bc5daa,IEEE Conference Paper - Co-author,PUBLICATION,Achievement recorded under Publication category.,2025-11-21,SKIT,https://uei-proofs.s3.amazonaws.com/ach-ad514bc6.pdf
56bf5ddd-164f-4c77-87c2-167e2b1f1db9,c0c6c9fc-b0c4-461b-8289-78b176bc5daa,Coding Club Event Organizer,CLUB,Achievement recorded under Club category.,2025-01-17,IEEE,https://uei-proofs.s3.amazonaws.com/ach-7e3e99c1.pdf
1bf24a99-79ff-454e-8117-5def2ff3507b,a2a233ea-4f6f-402a-956b-6db7782b6ef6,College Hackathon - 2nd Place,HACKATHON,Achievement recorded under Hackathon category.,2024-08-15,IEEE,https://uei-proofs.s3.amazonaws.com/ach-3df41642.pdf
b304dc6d-8609-4dbb-8b5c-0b815efe79cd,0c1b69a6-351f-46b8-aac1-cb2bcbc389a9,Inter-college Cricket Tournament - Runner-up,SPORTS,Achievement recorded under Sports category.,2024-12-16,AICTE,https://uei-proofs.s3.amazonaws.com/ach-385870b4.pdf
a3bbe37b-5359-4829-9267-bb02852a1f2a,0c1b69a6-351f-46b8-aac1-cb2bcbc389a9,AWS Cloud Practitioner,CERTIFICATION,Achievement recorded under Certification category.,2024-12-19,AICTE,https://uei-proofs.s3.amazonaws.com/ach-3ae8f972.pdf
291da691-dfa0-49b6-b110-5b22fdaf86b2,0c1b69a6-351f-46b8-aac1-cb2bcbc389a9,Inter-college Cricket Tournament - Runner-up,SPORTS,Achievement recorded under Sports category.,2025-02-08,Google,https://uei-proofs.s3.amazonaws.com/ach-29dd607f.pdf
34b7d22c-84bc-4d9f-b27d-d0ec5d4453c4,b5344a53-010a-4422-a779-e861dc881b3f,Inter-college Cricket Tournament - Runner-up,SPORTS,Achievement recorded under Sports category.,2024-11-17,External Body,https://uei-proofs.s3.amazonaws.com/ach-02ee4a76.pdf
aa67772c-e261-46c5-95e0-4400ca4d142a,b5344a53-010a-4422-a779-e861dc881b3f,CodeChef Div 2 - Top 10%,CONTEST,Achievement recorded under Contest category.,2025-02-17,External Body,https://uei-proofs.s3.amazonaws.com/ach-5d981e99.pdf
41d25315-1332-47b7-aaf5-d811a9f69408,b5344a53-010a-4422-a779-e861dc881b3f,University Badminton Championship,SPORTS,Achievement recorded under Sports category.,2025-01-30,AWS,https://uei-proofs.s3.amazonaws.com/ach-3a5cdcf5.pdf
f514451c-6183-464a-bc0b-f41897c34b4a,9d92ae85-11e0-4446-99b3-0a8c090d5d1c,Research paper on ML applications,PUBLICATION,Achievement recorded under Publication category.,2025-12-06,AWS,https://uei-proofs.s3.amazonaws.com/ach-9328d173.pdf
49ce0b24-eb5b-402c-a083-45b76ea6ba62,bd9a9373-eb55-4e9d-9c95-016a0b2be880,IEEE Conference Paper - Co-author,PUBLICATION,Achievement recorded under Publication category.,2024-09-20,IEEE,https://uei-proofs.s3.amazonaws.com/ach-d85c1211.pdf
f0c4fc91-21c8-4391-b0f4-4351d08c850d,1f5620e1-bac2-4190-89cc-1945a52c4948,Coding Club Event Organizer,CLUB,Achievement recorded under Club category.,2026-08-07,SKIT,https://uei-proofs.s3.amazonaws.com/ach-cde00c16.pdf
c08d808a-eac4-4785-8512-a95996435970,365a4687-3e1d-4d9b-879b-89931ae7ceda,IEEE Conference Paper - Co-author,PUBLICATION,Achievement recorded under Publication category.,2025-07-19,External Body,https://uei-proofs.s3.amazonaws.com/ach-d377ec55.pdf
d60a902b-42e1-4052-b963-0dda27944b70,ebd8fd99-8fea-4d48-a553-40d2796af2a4,AWS Cloud Practitioner,CERTIFICATION,Achievement recorded under Certification category.,2024-12-18,IEEE,https://uei-proofs.s3.amazonaws.com/ach-47d131db.pdf
4a0a8070-5af5-4754-9029-3113f9243f8e,ebd8fd99-8fea-4d48-a553-40d2796af2a4,LeetCode Contest Rank,CONTEST,Achievement recorded under Contest category.,2025-12-03,AWS,https://uei-proofs.s3.amazonaws.com/ach-b2b6b9bc.pdf
ca97d2c0-9ab0-410a-b1ae-769712e592e2,7efefd76-9db9-47d8-993c-a364b768b43d,GeeksforGeeks Coding Contest,CONTEST,Achievement recorded under Contest category.,2025-05-20,Google,https://uei-proofs.s3.amazonaws.com/ach-b4f5d2c1.pdf
73ddd4a1-5329-4cfc-bcbb-4e15ed24ef75,90383e7d-7839-458c-8058-db94e51aa7a7,IEEE Conference Paper - Co-author,PUBLICATION,Achievement recorded under Publication category.,2025-11-09,SKIT,https://uei-proofs.s3.amazonaws.com/ach-ff42d911.pdf
8312f162-717c-41ab-8769-e46cadf329c1,5d73d650-ba2e-4f23-811d-9030da56caeb,Inter-college Cricket Tournament - Runner-up,SPORTS,Achievement recorded under Sports category.,2026-07-05,Google,https://uei-proofs.s3.amazonaws.com/ach-c96ecc40.pdf
5a4f15eb-e383-4e93-9703-4ae462572c5e,d6010385-51c4-4a9e-a1d4-8cbcbb4dcdc2,CodeChef Div 2 - Top 10%,CONTEST,Achievement recorded under Contest category.,2025-04-13,AICTE,https://uei-proofs.s3.amazonaws.com/ach-f0c2fcf2.pdf
41a0f20a-fafc-4de2-a3c2-44432ac2f1ba,42b5019d-ede1-43f8-ab39-8768fa454a81,University Badminton Championship,SPORTS,Achievement recorded under Sports category.,2026-07-13,External Body,https://uei-proofs.s3.amazonaws.com/ach-a3f87fe2.pdf
075cc24e-edd1-469a-85f9-7e2a3dee510e,741b6fb2-4fdb-4515-a545-ac9e79d07794,College Hackathon - 2nd Place,HACKATHON,Achievement recorded under Hackathon category.,2024-09-30,AICTE,https://uei-proofs.s3.amazonaws.com/ach-1002ed1c.pdf
553b8315-ad74-4c83-8822-8580b6e39160,741b6fb2-4fdb-4515-a545-ac9e79d07794,CodeChef Div 2 - Top 10%,CONTEST,Achievement recorded under Contest category.,2024-10-05,IEEE,https://uei-proofs.s3.amazonaws.com/ach-1c7d4dec.pdf
592677ec-83fd-4ecb-9d49-6f7e957fed93,741b6fb2-4fdb-4515-a545-ac9e79d07794,CodeChef Div 2 - Top 10%,CONTEST,Achievement recorded under Contest category.,2025-05-01,AWS,https://uei-proofs.s3.amazonaws.com/ach-40e00434.pdf
69d37b95-9b89-4396-a323-18ccf5cac9b8,abde5451-01e8-46a3-83ab-265114261db1,Google Data Analytics Certificate,CERTIFICATION,Achievement recorded under Certification category.,2026-04-04,SKIT,https://uei-proofs.s3.amazonaws.com/ach-1a52d26d.pdf
1b436260-69e4-4232-b2ea-aa7248962d18,abde5451-01e8-46a3-83ab-265114261db1,LeetCode Contest Rank,CONTEST,Achievement recorded under Contest category.,2024-06-05,AICTE,https://uei-proofs.s3.amazonaws.com/ach-4566765e.pdf
330e4938-e759-4f00-bcb1-e376358438ba,92f4fbc8-50ff-4ce0-8ccc-49b152ba9ce7,Technical Club Core Member,CLUB,Achievement recorded under Club category.,2026-03-09,AICTE,https://uei-proofs.s3.amazonaws.com/ach-45374f39.pdf
f9b28ef3-667f-430b-bfcd-22c8d14978e1,edc01d5e-1387-4af9-bfd8-f6ecadee47d8,LeetCode Contest Rank,CONTEST,Achievement recorded under Contest category.,2025-09-18,IEEE,https://uei-proofs.s3.amazonaws.com/ach-765d4efa.pdf
ebf180f4-05a7-4768-b807-abf055f6f9d2,07e7ded9-5cbb-4a52-b079-a716069ac87d,AWS Cloud Practitioner,CERTIFICATION,Achievement recorded under Certification category.,2026-01-13,External Body,https://uei-proofs.s3.amazonaws.com/ach-d9ead597.pdf
f527ccd0-803b-49c5-ad2f-a4fbc0164ee8,07e7ded9-5cbb-4a52-b079-a716069ac87d,Hack36 Winner,HACKATHON,Achievement recorded under Hackathon category.,2024-11-11,AICTE,https://uei-proofs.s3.amazonaws.com/ach-1c50bf5c.pdf
ffd59148-2b3f-4450-8411-5f181597a521,e53f543e-152f-4b55-adb6-cb5a85d4e3d8,CodeChef Div 2 - Top 10%,CONTEST,Achievement recorded under Contest category.,2024-11-28,IEEE,https://uei-proofs.s3.amazonaws.com/ach-39b3c723.pdf
a978c303-9f82-4e84-8600-c39175815b1f,7e8354cd-c153-4e88-a9f8-db0ac6be958b,Smart India Hackathon - Finalist,HACKATHON,Achievement recorded under Hackathon category.,2025-09-05,AICTE,https://uei-proofs.s3.amazonaws.com/ach-d1891dd6.pdf
ac8a0139-eb66-4dcf-b99d-233319a30824,25a7956e-3c76-43af-ad92-c6a174d6b5d1,Coding Club Event Organizer,CLUB,Achievement recorded under Club category.,2024-09-16,IEEE,https://uei-proofs.s3.amazonaws.com/ach-53ef5998.pdf
e63d3dad-0b9f-4ae4-95cd-c275436c8f69,200c3d16-5001-45c6-9322-896b16a1dba6,University Badminton Championship,SPORTS,Achievement recorded under Sports category.,2025-08-01,AWS,https://uei-proofs.s3.amazonaws.com/ach-f89a0981.pdf
f5c3e88c-bca1-48f1-9047-d49891e1f2b2,0024cc2b-b9b9-465e-8a70-6fb0348afcb1,University Badminton Championship,SPORTS,Achievement recorded under Sports category.,2025-01-01,AICTE,https://uei-proofs.s3.amazonaws.com/ach-b9d2af58.pdf
a440e1b4-d840-4032-8fe2-9d514024e24b,0024cc2b-b9b9-465e-8a70-6fb0348afcb1,College Hackathon - 2nd Place,HACKATHON,Achievement recorded under Hackathon category.,2025-09-02,AICTE,https://uei-proofs.s3.amazonaws.com/ach-bcecafda.pdf
31bc37bf-874d-487d-9eb9-a7b643d580e1,0024cc2b-b9b9-465e-8a70-6fb0348afcb1,Inter-college Cricket Tournament - Runner-up,SPORTS,Achievement recorded under Sports category.,2026-05-04,AICTE,https://uei-proofs.s3.amazonaws.com/ach-58da455d.pdf
5627a6bf-59d7-4892-9334-db19b203e62b,d775fee5-06ef-48ea-afc4-817fbff83ccd,University Badminton Championship,SPORTS,Achievement recorded under Sports category.,2025-10-18,AICTE,https://uei-proofs.s3.amazonaws.com/ach-3ecc0e40.pdf
e9ef7282-1531-4c5a-8ef0-c3acdfeaacaf,353c83ab-7797-44a2-b291-ac914d1ff87b,University Badminton Championship,SPORTS,Achievement recorded under Sports category.,2024-06-04,IEEE,https://uei-proofs.s3.amazonaws.com/ach-bb4d1191.pdf
964f05d5-d117-4d55-8e57-65a6be37335c,353c83ab-7797-44a2-b291-ac914d1ff87b,Google Data Analytics Certificate,CERTIFICATION,Achievement recorded under Certification category.,2025-04-04,AICTE,https://uei-proofs.s3.amazonaws.com/ach-a03a1570.pdf
74a786e9-6be9-4da0-ac6b-4dd8391d602a,1f58eb28-4a34-4c9c-ab2d-ace1494d1099,Technical Club Core Member,CLUB,Achievement recorded under Club category.,2026-01-15,External Body,https://uei-proofs.s3.amazonaws.com/ach-908ae205.pdf
d30d9ec1-34fa-49f6-b847-e7b4d2442eb0,1f58eb28-4a34-4c9c-ab2d-ace1494d1099,Hack36 Winner,HACKATHON,Achievement recorded under Hackathon category.,2025-03-12,AICTE,https://uei-proofs.s3.amazonaws.com/ach-eea781ae.pdf
3f0acf1a-3aa4-4529-8d58-2e198888698e,1aa0c5e8-1f1d-4280-ac46-ae40989b5c9b,Google Data Analytics Certificate,CERTIFICATION,Achievement recorded under Certification category.,2025-07-06,IEEE,https://uei-proofs.s3.amazonaws.com/ach-e273a0c0.pdf
cedeb99f-c032-44bd-97b7-09719b5e645c,448f9d7f-19cf-47a9-8fae-a872a8a0815b,University Badminton Championship,SPORTS,Achievement recorded under Sports category.,2025-04-24,AWS,https://uei-proofs.s3.amazonaws.com/ach-e7b96019.pdf
734cc5e2-c01c-4db4-83d7-01108d22e325,448f9d7f-19cf-47a9-8fae-a872a8a0815b,Inter-college Cricket Tournament - Runner-up,SPORTS,Achievement recorded under Sports category.,2026-05-07,AICTE,https://uei-proofs.s3.amazonaws.com/ach-3e61d70f.pdf
00ac3f54-0432-456e-b4c1-2635f2723c93,c73f1973-1fe2-4055-b2b0-0e0b615e9b86,Technical Club Core Member,CLUB,Achievement recorded under Club category.,2024-12-27,External Body,https://uei-proofs.s3.amazonaws.com/ach-445d8651.pdf
477df004-ca7a-41b8-97cc-6199f9ca4286,c73f1973-1fe2-4055-b2b0-0e0b615e9b86,Inter-college Cricket Tournament - Runner-up,SPORTS,Achievement recorded under Sports category.,2025-04-02,SKIT,https://uei-proofs.s3.amazonaws.com/ach-f34c539a.pdf
f87d3d18-c8d0-4017-a150-e449e58bd27f,4154b673-3743-4021-a177-5bf305937e30,IEEE Conference Paper - Co-author,PUBLICATION,Achievement recorded under Publication category.,2026-02-21,SKIT,https://uei-proofs.s3.amazonaws.com/ach-d0b2033a.pdf
2c8c0ce1-886d-4c46-9c5e-4059dd70b30d,4154b673-3743-4021-a177-5bf305937e30,Hack36 Winner,HACKATHON,Achievement recorded under Hackathon category.,2025-03-29,SKIT,https://uei-proofs.s3.amazonaws.com/ach-03ee8369.pdf
990ba210-891e-4733-97aa-09b378594725,d694668f-77f4-468e-8e3a-426ca239c4c8,Inter-college Cricket Tournament - Runner-up,SPORTS,Achievement recorded under Sports category.,2025-08-02,IEEE,https://uei-proofs.s3.amazonaws.com/ach-2689cd28.pdf
adc79ee4-7eae-4980-b103-815aaea4a3aa,a9afb85a-ba06-4c1a-99d5-2da26a6a681d,Inter-college Cricket Tournament - Runner-up,SPORTS,Achievement recorded under Sports category.,2025-05-23,Google,https://uei-proofs.s3.amazonaws.com/ach-3f2876a3.pdf
2d7a741e-34ea-4308-8c21-917bcc65aba1,fc64f279-7f37-4a0c-8666-63fea6ee3711,Research paper on ML applications,PUBLICATION,Achievement recorded under Publication category.,2025-11-08,IEEE,https://uei-proofs.s3.amazonaws.com/ach-1fa7043e.pdf
f771c68a-7461-45f4-a47f-fe9ac1c6ba60,aa05300a-dfe1-4fe5-bd1c-75b153ccd355,GeeksforGeeks Coding Contest,CONTEST,Achievement recorded under Contest category.,2026-04-20,IEEE,https://uei-proofs.s3.amazonaws.com/ach-a939ee34.pdf
f0613e5a-29f1-4224-8839-0940a56fd50a,aa05300a-dfe1-4fe5-bd1c-75b153ccd355,Technical Club Core Member,CLUB,Achievement recorded under Club category.,2026-03-04,AWS,https://uei-proofs.s3.amazonaws.com/ach-bb07a99f.pdf
9472e7ec-374e-4482-a67d-ec60223634e2,f5ff0a9c-ec9e-4df5-a568-063faa105a2e,University Badminton Championship,SPORTS,Achievement recorded under Sports category.,2024-08-10,Google,https://uei-proofs.s3.amazonaws.com/ach-bd250815.pdf
3fd4b5f8-f9b2-41d2-b272-ee80ba09ee77,ffabdd59-ccc8-4098-8bfb-06cad728e3f0,Coding Club Event Organizer,CLUB,Achievement recorded under Club category.,2026-07-27,AICTE,https://uei-proofs.s3.amazonaws.com/ach-62d98248.pdf
5e722775-cb08-4786-812d-d0f6d608c1e8,51fc8967-615e-45dd-ac13-838ef464278e,Inter-college Cricket Tournament - Runner-up,SPORTS,Achievement recorded under Sports category.,2026-05-30,IEEE,https://uei-proofs.s3.amazonaws.com/ach-37c59f75.pdf
a5ea84a7-9fb5-4f98-b660-e5105ef41631,2c6f1d1d-78bc-4527-b6a5-006ea336e3c2,University Badminton Championship,SPORTS,Achievement recorded under Sports category.,2026-04-19,AWS,https://uei-proofs.s3.amazonaws.com/ach-3a84c18c.pdf
960539b5-d98a-44b8-9c7a-215011a6acf3,2c6f1d1d-78bc-4527-b6a5-006ea336e3c2,Coding Club Event Organizer,CLUB,Achievement recorded under Club category.,2025-09-30,AWS,https://uei-proofs.s3.amazonaws.com/ach-ebd94b3f.pdf
d10d4801-f33e-4f4b-bf79-f1ecca7ddd74,c338e056-2585-41f0-abb8-d65ecb53a70d,Google Data Analytics Certificate,CERTIFICATION,Achievement recorded under Certification category.,2025-02-08,SKIT,https://uei-proofs.s3.amazonaws.com/ach-3d248c47.pdf
a9d36fb4-bf69-421d-b4be-ed26b9b08bd8,5ae77cf9-84a0-4036-a4ce-e6c6bd930a81,IEEE Conference Paper - Co-author,PUBLICATION,Achievement recorded under Publication category.,2025-12-16,Google,https://uei-proofs.s3.amazonaws.com/ach-3486c156.pdf
f4c42bf2-6cc3-459a-ab7e-3a8dcde6ebed,f40f5d2b-a245-42bf-aad5-0fc80d47cac5,Hack36 Winner,HACKATHON,Achievement recorded under Hackathon category.,2024-09-02,External Body,https://uei-proofs.s3.amazonaws.com/ach-a5460cce.pdf
c367cea1-98df-4097-a44c-ccf37521fed6,2685b452-d129-4463-a739-3c362f4120c7,GeeksforGeeks Coding Contest,CONTEST,Achievement recorded under Contest category.,2025-07-03,AWS,https://uei-proofs.s3.amazonaws.com/ach-15fbfee9.pdf
84bc4b14-c1a1-4cc5-81b5-eb079c592e79,f32c7625-4071-40d5-9354-ce93269e7e87,Technical Club Core Member,CLUB,Achievement recorded under Club category.,2024-08-04,IEEE,https://uei-proofs.s3.amazonaws.com/ach-19954d57.pdf
c6f5036f-e228-4fd2-99cf-b97966c760bd,4f8ace03-2e04-4b18-8627-1ebba41de43f,Google Data Analytics Certificate,CERTIFICATION,Achievement recorded under Certification category.,2025-07-12,External Body,https://uei-proofs.s3.amazonaws.com/ach-2be204e8.pdf
193dd623-94af-4d4b-b16e-b016ce5b0b0d,b2fbba87-7a8e-47c4-b4ed-533c9e250d62,Google Data Analytics Certificate,CERTIFICATION,Achievement recorded under Certification category.,2026-03-30,External Body,https://uei-proofs.s3.amazonaws.com/ach-cddf01dc.pdf
a0aaa7fe-13a2-4b4d-93b4-e359fad6de36,4e90571e-8d29-4026-98ac-70ef5babc57f,Google Data Analytics Certificate,CERTIFICATION,Achievement recorded under Certification category.,2024-07-19,Google,https://uei-proofs.s3.amazonaws.com/ach-17533ad2.pdf
18d12097-361e-4b54-9eaf-e9b88c1944b4,539f828a-a8b4-48f7-bd82-b6a031f44596,College Hackathon - 2nd Place,HACKATHON,Achievement recorded under Hackathon category.,2025-03-31,SKIT,https://uei-proofs.s3.amazonaws.com/ach-c0828737.pdf
f44c85bd-f577-4ca1-80a6-b6ac613a1420,ed40ade3-3132-4839-ab4c-9622a8e92494,Smart India Hackathon - Finalist,HACKATHON,Achievement recorded under Hackathon category.,2024-10-09,AICTE,https://uei-proofs.s3.amazonaws.com/ach-46a56553.pdf
6e5b06b9-0fb7-45f8-932d-fc4ad0d0e6db,ed40ade3-3132-4839-ab4c-9622a8e92494,University Badminton Championship,SPORTS,Achievement recorded under Sports category.,2025-12-25,AICTE,https://uei-proofs.s3.amazonaws.com/ach-144c49e6.pdf
3d7a1789-0c5c-44d3-9561-aed3ccd8133d,ed40ade3-3132-4839-ab4c-9622a8e92494,IEEE Conference Paper - Co-author,PUBLICATION,Achievement recorded under Publication category.,2025-04-20,AWS,https://uei-proofs.s3.amazonaws.com/ach-bbd2ff32.pdf
0c51775f-34f9-4b70-a466-e17ae9ace040,828d8c74-0036-4277-81af-d4700dfc81c6,Google Data Analytics Certificate,CERTIFICATION,Achievement recorded under Certification category.,2025-06-13,SKIT,https://uei-proofs.s3.amazonaws.com/ach-337d1071.pdf
b0b5a022-014a-4c05-affa-cde4b3bbdbdf,828d8c74-0036-4277-81af-d4700dfc81c6,GeeksforGeeks Coding Contest,CONTEST,Achievement recorded under Contest category.,2024-10-06,IEEE,https://uei-proofs.s3.amazonaws.com/ach-2861d600.pdf
46c1c680-1d26-4cdc-a257-9d4ec22f5cff,825b1a2c-10a0-4580-82e9-2d9a53634557,AWS Cloud Practitioner,CERTIFICATION,Achievement recorded under Certification category.,2026-01-01,IEEE,https://uei-proofs.s3.amazonaws.com/ach-33d154d3.pdf
7b4c1cc8-2f4f-4250-b367-44bc19cf75de,0978d6d4-2569-4a6c-bcb2-82a95e2ed768,Research paper on ML applications,PUBLICATION,Achievement recorded under Publication category.,2025-01-27,AICTE,https://uei-proofs.s3.amazonaws.com/ach-445bb151.pdf
47d5bf89-aa92-4f48-a3a6-1222ccb0ca35,0978d6d4-2569-4a6c-bcb2-82a95e2ed768,University Badminton Championship,SPORTS,Achievement recorded under Sports category.,2024-10-25,AWS,https://uei-proofs.s3.amazonaws.com/ach-0b941dc3.pdf
f0849ba3-0f7a-4a59-80af-038df9e8737e,0978d6d4-2569-4a6c-bcb2-82a95e2ed768,Google Data Analytics Certificate,CERTIFICATION,Achievement recorded under Certification category.,2025-02-28,External Body,https://uei-proofs.s3.amazonaws.com/ach-10bbd10e.pdf
9d05308d-11e5-4cc2-824f-170d1c0a2b28,26061ff7-9b8e-4726-b727-d3b4a95d28bf,AWS Cloud Practitioner,CERTIFICATION,Achievement recorded under Certification category.,2024-10-29,Google,https://uei-proofs.s3.amazonaws.com/ach-3af0581f.pdf
fabab28b-dbbb-4c46-a637-87982ac80428,8c3fde4c-2d89-4665-8630-4d634cac6790,IEEE Conference Paper - Co-author,PUBLICATION,Achievement recorded under Publication category.,2025-06-12,SKIT,https://uei-proofs.s3.amazonaws.com/ach-22854b46.pdf
21d2643a-6aec-47fb-8a41-3b676b605f7a,712ff425-dba8-4bb2-9d76-10c41a7aff9a,IEEE Conference Paper - Co-author,PUBLICATION,Achievement recorded under Publication category.,2025-05-11,IEEE,https://uei-proofs.s3.amazonaws.com/ach-2be064cf.pdf
52da5b19-a44f-4e8e-9e02-ecd88c07c93f,712ff425-dba8-4bb2-9d76-10c41a7aff9a,Inter-college Cricket Tournament - Runner-up,SPORTS,Achievement recorded under Sports category.,2025-10-29,SKIT,https://uei-proofs.s3.amazonaws.com/ach-0eba7cec.pdf
c2284ffe-30b5-48f4-bf32-a227d26d60be,5498f25a-ee5d-470f-ad4e-77381e770e42,Coding Club Event Organizer,CLUB,Achievement recorded under Club category.,2024-10-20,AICTE,https://uei-proofs.s3.amazonaws.com/ach-c6365da6.pdf
901518d9-4d77-4cdd-ac03-278b6da9f28c,5498f25a-ee5d-470f-ad4e-77381e770e42,Smart India Hackathon - Finalist,HACKATHON,Achievement recorded under Hackathon category.,2024-11-13,AWS,https://uei-proofs.s3.amazonaws.com/ach-ab91181c.pdf
50b6206e-0d60-4a9d-afbe-6756e930e8c0,5c6cc2ed-3771-47f4-8f7f-556ebbe393b5,University Badminton Championship,SPORTS,Achievement recorded under Sports category.,2024-12-30,AICTE,https://uei-proofs.s3.amazonaws.com/ach-944e15fc.pdf
a2565ee5-d240-4311-a090-ac1d85de4ece,c0ee9ff8-c659-4e90-94d2-978d4284b34a,GeeksforGeeks Coding Contest,CONTEST,Achievement recorded under Contest category.,2025-06-05,Google,https://uei-proofs.s3.amazonaws.com/ach-a6e01a73.pdf
2930ff80-23d2-4e69-a964-082978cb7c62,f0aa3c56-1768-4dcb-906a-9e974944c482,AWS Cloud Practitioner,CERTIFICATION,Achievement recorded under Certification category.,2024-11-14,AWS,https://uei-proofs.s3.amazonaws.com/ach-a154939e.pdf
95fc0868-5257-4d14-846d-cd692603c366,73246218-dea4-4b96-92ff-a3977ab84d18,University Badminton Championship,SPORTS,Achievement recorded under Sports category.,2024-11-23,External Body,https://uei-proofs.s3.amazonaws.com/ach-32aa0026.pdf
71b945a0-281c-4d2b-ac26-651dbcd408c7,9f30ce9f-6e00-4afb-a85c-a4b2712dc148,University Badminton Championship,SPORTS,Achievement recorded under Sports category.,2026-01-31,External Body,https://uei-proofs.s3.amazonaws.com/ach-2a6e0b1a.pdf
cdc487d1-2765-4900-b2fe-8686bee827a3,9f30ce9f-6e00-4afb-a85c-a4b2712dc148,AWS Cloud Practitioner,CERTIFICATION,Achievement recorded under Certification category.,2024-12-31,AWS,https://uei-proofs.s3.amazonaws.com/ach-e0360922.pdf
9f2dc3ab-d666-4f19-824b-aaeb8009fa36,9f30ce9f-6e00-4afb-a85c-a4b2712dc148,CodeChef Div 2 - Top 10%,CONTEST,Achievement recorded under Contest category.,2025-03-21,AWS,https://uei-proofs.s3.amazonaws.com/ach-c778e9d9.pdf
e561b7cc-cfcc-4a7b-b201-76925e090e62,c2b3bd72-a29e-4f8b-baad-79f8b1569908,Google Data Analytics Certificate,CERTIFICATION,Achievement recorded under Certification category.,2026-02-12,AWS,https://uei-proofs.s3.amazonaws.com/ach-51471e0e.pdf
6cf5f9ed-d2e8-4dc2-9239-ba75c1bc651b,c2b3bd72-a29e-4f8b-baad-79f8b1569908,Research paper on ML applications,PUBLICATION,Achievement recorded under Publication category.,2025-03-19,IEEE,https://uei-proofs.s3.amazonaws.com/ach-bc563675.pdf
6a4540f4-4971-4d9f-acf9-d1aa99172702,cc26aa44-21c3-4e9e-996a-07a135e1c8f2,Technical Club Core Member,CLUB,Achievement recorded under Club category.,2026-01-30,AICTE,https://uei-proofs.s3.amazonaws.com/ach-827f99b3.pdf
79748c55-27dc-49ec-9cb5-c91ee08696c7,bdccaded-65ea-4501-aede-7ce1561e758b,LeetCode Contest Rank,CONTEST,Achievement recorded under Contest category.,2026-07-14,Google,https://uei-proofs.s3.amazonaws.com/ach-90786e6e.pdf
8599fca1-0d15-4e24-b9e2-916938a3d6a9,3c649419-c932-4826-ade9-8beb159a5559,Inter-college Cricket Tournament - Runner-up,SPORTS,Achievement recorded under Sports category.,2025-12-03,AICTE,https://uei-proofs.s3.amazonaws.com/ach-f49a3891.pdf
4726aa5e-357a-4db8-95f6-e7957f8c5d27,239fc409-b6bf-40db-b7de-8a32df040920,GeeksforGeeks Coding Contest,CONTEST,Achievement recorded under Contest category.,2026-01-08,AWS,https://uei-proofs.s3.amazonaws.com/ach-d1f3fe43.pdf
80e28449-4c95-4ae2-8c3e-a4a4b266e26c,4f238c69-d0d9-42af-9c9b-82743b861003,Coding Club Event Organizer,CLUB,Achievement recorded under Club category.,2024-07-25,SKIT,https://uei-proofs.s3.amazonaws.com/ach-a82f9ab8.pdf
930838f4-7c49-4104-a1e3-b97f5856d121,2412b7f0-1aba-43e8-9d6c-63e430338438,Technical Club Core Member,CLUB,Achievement recorded under Club category.,2024-10-16,AWS,https://uei-proofs.s3.amazonaws.com/ach-46ff6cd6.pdf
a3320439-de35-425d-88e6-5045265f97a5,2412b7f0-1aba-43e8-9d6c-63e430338438,University Badminton Championship,SPORTS,Achievement recorded under Sports category.,2024-11-24,SKIT,https://uei-proofs.s3.amazonaws.com/ach-28e7a4b1.pdf
e0e25592-abb9-427c-9e7a-1b663c8c309e,255028ff-4668-4c76-b8c1-ba1e9a684c68,Research paper on ML applications,PUBLICATION,Achievement recorded under Publication category.,2024-10-23,SKIT,https://uei-proofs.s3.amazonaws.com/ach-2c9b41ec.pdf
46ec85ea-4f11-4569-b4fc-332ae43672a8,9bcf43b7-8331-4915-85f3-54f312f1dac1,CodeChef Div 2 - Top 10%,CONTEST,Achievement recorded under Contest category.,2026-04-27,External Body,https://uei-proofs.s3.amazonaws.com/ach-f858c92d.pdf
447b6614-ca0b-4761-9ec6-5d22a9505a98,4e3d90be-9d47-4eb7-8527-dba7131cc5e8,Inter-college Cricket Tournament - Runner-up,SPORTS,Achievement recorded under Sports category.,2024-11-21,AWS,https://uei-proofs.s3.amazonaws.com/ach-0a22aa1a.pdf
e1570a95-8656-4fa7-bacf-f331907957c8,4e3d90be-9d47-4eb7-8527-dba7131cc5e8,AWS Cloud Practitioner,CERTIFICATION,Achievement recorded under Certification category.,2024-08-16,AICTE,https://uei-proofs.s3.amazonaws.com/ach-1801bd7a.pdf
b172f68c-0ef2-42c1-9174-774d60b94d77,4c126d58-064d-4d70-84b0-887308fe829a,Inter-college Cricket Tournament - Runner-up,SPORTS,Achievement recorded under Sports category.,2026-02-14,SKIT,https://uei-proofs.s3.amazonaws.com/ach-56bfa26f.pdf
50661032-03bf-4145-93c9-c8debf64a9a8,25e537ea-d4ab-4819-a3e8-d4b4f0bb3903,GeeksforGeeks Coding Contest,CONTEST,Achievement recorded under Contest category.,2025-08-02,Google,https://uei-proofs.s3.amazonaws.com/ach-1cc3936e.pdf
a7353f8f-25ad-4a79-ad1e-1ac09b5d8297,006401e0-058b-4699-baa5-b419dc78f05d,Smart India Hackathon - Finalist,HACKATHON,Achievement recorded under Hackathon category.,2024-06-05,Google,https://uei-proofs.s3.amazonaws.com/ach-0130bf28.pdf
4c186794-113c-42d6-b58a-f1701902a41f,2da760e9-22f1-4f8c-a9a6-f8c8558e9057,Technical Club Core Member,CLUB,Achievement recorded under Club category.,2026-03-21,External Body,https://uei-proofs.s3.amazonaws.com/ach-47dd972c.pdf
f78836d1-4f98-4e0c-b1c7-822c391c09c0,87410cc3-bbe5-4881-919c-09472ff3064d,Coding Club Event Organizer,CLUB,Achievement recorded under Club category.,2026-07-07,Google,https://uei-proofs.s3.amazonaws.com/ach-7c7a8897.pdf
ab69bafa-7316-4f73-b2ff-777945d23021,88f418e6-ad4a-405b-95ef-10c82ae97bdb,AWS Cloud Practitioner,CERTIFICATION,Achievement recorded under Certification category.,2024-08-02,AWS,https://uei-proofs.s3.amazonaws.com/ach-59825857.pdf
52a7cc0c-0114-4ed8-bc4b-72f577b0e903,88f418e6-ad4a-405b-95ef-10c82ae97bdb,Coding Club Event Organizer,CLUB,Achievement recorded under Club category.,2026-07-31,AWS,https://uei-proofs.s3.amazonaws.com/ach-cd718233.pdf
39dc3d16-49ff-4a8f-aa16-3217f0c91160,e4fb146f-009c-4621-8475-18b825dfaed7,GeeksforGeeks Coding Contest,CONTEST,Achievement recorded under Contest category.,2024-12-03,SKIT,https://uei-proofs.s3.amazonaws.com/ach-7785170e.pdf
a8aeb217-63ea-4369-8dcf-a0da8b481c6c,124dceff-3c91-42c3-8220-e02831b43603,Coding Club Event Organizer,CLUB,Achievement recorded under Club category.,2025-11-04,AWS,https://uei-proofs.s3.amazonaws.com/ach-4c428ef7.pdf
75eaa382-e19a-4569-b27a-b6adf84029e9,31e3f3ba-8f9f-4a2f-b1dc-3e9a16e5e23b,Google Data Analytics Certificate,CERTIFICATION,Achievement recorded under Certification category.,2024-09-30,External Body,https://uei-proofs.s3.amazonaws.com/ach-7b08dde4.pdf
a19152fd-3d5b-450d-8848-999a44c29972,31e3f3ba-8f9f-4a2f-b1dc-3e9a16e5e23b,LeetCode Contest Rank,CONTEST,Achievement recorded under Contest category.,2024-07-04,AWS,https://uei-proofs.s3.amazonaws.com/ach-77406215.pdf
866204c0-f68c-4ba0-92a4-4c0bb12d0c5c,31e3f3ba-8f9f-4a2f-b1dc-3e9a16e5e23b,CodeChef Div 2 - Top 10%,CONTEST,Achievement recorded under Contest category.,2025-02-15,IEEE,https://uei-proofs.s3.amazonaws.com/ach-987705a0.pdf
5504577e-f152-4e92-9265-48d059bcad45,0b25c661-ff77-493a-b329-c748086f4578,College Hackathon - 2nd Place,HACKATHON,Achievement recorded under Hackathon category.,2025-03-11,SKIT,https://uei-proofs.s3.amazonaws.com/ach-fe3e4d03.pdf
a8bb6794-ee72-4f44-bb29-23882d27e01c,7df02ce8-fc7b-412e-ad7e-79fe3ac43f53,IEEE Conference Paper - Co-author,PUBLICATION,Achievement recorded under Publication category.,2026-04-24,Google,https://uei-proofs.s3.amazonaws.com/ach-e287338f.pdf
ae0bc4e1-f6da-4ca5-af22-25274fa51db6,77688f13-f461-4068-978d-de811e64bdeb,AWS Cloud Practitioner,CERTIFICATION,Achievement recorded under Certification category.,2026-04-27,AWS,https://uei-proofs.s3.amazonaws.com/ach-338824e6.pdf
183bba8d-9e27-495d-b66e-251c3d661d8f,77688f13-f461-4068-978d-de811e64bdeb,AWS Cloud Practitioner,CERTIFICATION,Achievement recorded under Certification category.,2024-12-18,SKIT,https://uei-proofs.s3.amazonaws.com/ach-e676ae07.pdf
8622a8ee-6bbf-4bf4-badd-e1b1f69fca97,77688f13-f461-4068-978d-de811e64bdeb,University Badminton Championship,SPORTS,Achievement recorded under Sports category.,2025-03-25,Google,https://uei-proofs.s3.amazonaws.com/ach-319348e4.pdf
93f90b24-a80d-4ea6-8527-a4615b0bcccb,e44ca2c0-d1fc-44e8-b7da-0e1a2cb904ba,Inter-college Cricket Tournament - Runner-up,SPORTS,Achievement recorded under Sports category.,2024-09-07,Google,https://uei-proofs.s3.amazonaws.com/ach-bd139ceb.pdf
bb40930f-73db-493d-8b7e-f188ce69f7e3,e44ca2c0-d1fc-44e8-b7da-0e1a2cb904ba,Technical Club Core Member,CLUB,Achievement recorded under Club category.,2026-05-26,External Body,https://uei-proofs.s3.amazonaws.com/ach-509e1385.pdf
a1c87a6b-6f7b-4c26-9cf9-82317334e2aa,dda48d31-eb02-40e9-a9aa-17e78292ff54,Inter-college Cricket Tournament - Runner-up,SPORTS,Achievement recorded under Sports category.,2026-06-19,IEEE,https://uei-proofs.s3.amazonaws.com/ach-64100b87.pdf
cb929541-d8dd-4773-9da6-054d1fb5a65c,dda48d31-eb02-40e9-a9aa-17e78292ff54,LeetCode Contest Rank,CONTEST,Achievement recorded under Contest category.,2024-06-15,IEEE,https://uei-proofs.s3.amazonaws.com/ach-1607a10a.pdf
f6ae82d3-fbc5-43b9-aabe-304e4919b410,dda48d31-eb02-40e9-a9aa-17e78292ff54,Coding Club Event Organizer,CLUB,Achievement recorded under Club category.,2025-12-09,AWS,https://uei-proofs.s3.amazonaws.com/ach-c5f66367.pdf
72971dba-575a-4fe1-bc39-1020f51d3d2b,cea197ef-65f2-4abc-875a-6f10bfe68eb1,LeetCode Contest Rank,CONTEST,Achievement recorded under Contest category.,2025-05-31,AICTE,https://uei-proofs.s3.amazonaws.com/ach-45a37fce.pdf
cd907bec-1646-4b3f-a1e5-f42159917686,053d5def-ee0b-45b6-8cd8-05f2267d5293,AWS Cloud Practitioner,CERTIFICATION,Achievement recorded under Certification category.,2026-04-04,AICTE,https://uei-proofs.s3.amazonaws.com/ach-96206a4e.pdf
144bd35a-8373-4f0c-ae52-c2ac9bdb9b57,16534bf2-0d16-4c91-b0b1-9094a41f0a17,University Badminton Championship,SPORTS,Achievement recorded under Sports category.,2025-09-15,AICTE,https://uei-proofs.s3.amazonaws.com/ach-6815f202.pdf
231ba15d-db19-4540-9599-226ca728aa6a,6700b1e8-4466-49dd-9de4-e192f1e8be86,Google Data Analytics Certificate,CERTIFICATION,Achievement recorded under Certification category.,2024-06-23,IEEE,https://uei-proofs.s3.amazonaws.com/ach-74d7449e.pdf
49e376e0-4796-4fbe-96a5-2b89aec2a98f,6700b1e8-4466-49dd-9de4-e192f1e8be86,IEEE Conference Paper - Co-author,PUBLICATION,Achievement recorded under Publication category.,2025-10-26,AWS,https://uei-proofs.s3.amazonaws.com/ach-047c3aa2.pdf
e5160cce-2a82-4663-a609-a10590636902,6700b1e8-4466-49dd-9de4-e192f1e8be86,University Badminton Championship,SPORTS,Achievement recorded under Sports category.,2024-07-19,SKIT,https://uei-proofs.s3.amazonaws.com/ach-edda8cfb.pdf
a4a6a74a-72c8-47f7-a1ef-d6690dfe6e27,fdf58cae-0644-4e4c-9972-556b5ec454b1,GeeksforGeeks Coding Contest,CONTEST,Achievement recorded under Contest category.,2026-07-10,IEEE,https://uei-proofs.s3.amazonaws.com/ach-0c37b9cf.pdf
96deb21f-cb41-4e0d-ad37-d7099b59cb67,d54758a9-4aea-4cf8-a819-aabe2f9ebf22,College Hackathon - 2nd Place,HACKATHON,Achievement recorded under Hackathon category.,2024-12-28,External Body,https://uei-proofs.s3.amazonaws.com/ach-953fb249.pdf
842ed003-d1ae-4fbb-93a1-02a7ac3c165a,d54758a9-4aea-4cf8-a819-aabe2f9ebf22,Coding Club Event Organizer,CLUB,Achievement recorded under Club category.,2024-11-08,External Body,https://uei-proofs.s3.amazonaws.com/ach-28096754.pdf
fdd78030-efb9-44b9-84ed-531c8c591ade,d54758a9-4aea-4cf8-a819-aabe2f9ebf22,Coding Club Event Organizer,CLUB,Achievement recorded under Club category.,2024-12-22,SKIT,https://uei-proofs.s3.amazonaws.com/ach-c2825a9a.pdf
923b5146-d8c4-4cd9-80ef-d3d05288e57b,f5c9d673-a59b-4d28-93f5-5bf8ff190380,Google Data Analytics Certificate,CERTIFICATION,Achievement recorded under Certification category.,2024-12-03,AICTE,https://uei-proofs.s3.amazonaws.com/ach-a7bf7b59.pdf
952174f5-fbdb-4945-b0f2-da59e81349aa,8defb13c-8403-4126-8a99-4740c436baa7,University Badminton Championship,SPORTS,Achievement recorded under Sports category.,2024-07-11,External Body,https://uei-proofs.s3.amazonaws.com/ach-b0762df6.pdf
e0604b30-9568-4f4c-8ebc-b55155b41a91,f8e9c3fe-8fe5-4410-83ee-6ea59a74cd4a,College Hackathon - 2nd Place,HACKATHON,Achievement recorded under Hackathon category.,2024-09-22,Google,https://uei-proofs.s3.amazonaws.com/ach-b3069656.pdf
09baa394-cb80-48e0-b373-194b4c0a9ab8,844acdfb-fe45-49ac-9229-a491069e94c8,LeetCode Contest Rank,CONTEST,Achievement recorded under Contest category.,2025-07-01,SKIT,https://uei-proofs.s3.amazonaws.com/ach-91675513.pdf
b9016b73-9300-4543-b99a-e8149974873f,844acdfb-fe45-49ac-9229-a491069e94c8,LeetCode Contest Rank,CONTEST,Achievement recorded under Contest category.,2025-11-20,IEEE,https://uei-proofs.s3.amazonaws.com/ach-b604cb56.pdf
ad959c9e-3837-4cb7-99d8-e4d12e46b6db,38eac50e-05fb-4ee0-89ee-b62560d4882e,Hack36 Winner,HACKATHON,Achievement recorded under Hackathon category.,2026-06-23,SKIT,https://uei-proofs.s3.amazonaws.com/ach-650aed20.pdf
1a65bc21-18ec-41d0-bf3b-f2bac1b60dfa,43992529-cb0e-49b2-86d4-54a8f6ad29ae,GeeksforGeeks Coding Contest,CONTEST,Achievement recorded under Contest category.,2024-10-13,AWS,https://uei-proofs.s3.amazonaws.com/ach-00583107.pdf
41e6adcc-e8af-4356-8c90-e1f3f1651860,e7b8fef7-567c-4411-b98c-58471a5b9d49,Smart India Hackathon - Finalist,HACKATHON,Achievement recorded under Hackathon category.,2025-04-10,AWS,https://uei-proofs.s3.amazonaws.com/ach-172c967d.pdf
b01871bc-4885-492d-9a61-8cf54cdba3a0,1d6a36b0-c409-417a-881f-240e2f3dad80,Coding Club Event Organizer,CLUB,Achievement recorded under Club category.,2025-04-27,IEEE,https://uei-proofs.s3.amazonaws.com/ach-ca1ff440.pdf
4c7ebf51-d30c-4688-956c-416c561de08a,1d6a36b0-c409-417a-881f-240e2f3dad80,CodeChef Div 2 - Top 10%,CONTEST,Achievement recorded under Contest category.,2026-07-26,AICTE,https://uei-proofs.s3.amazonaws.com/ach-d7399fee.pdf
78253713-b648-41f5-8abb-e967686fe75a,1d6a36b0-c409-417a-881f-240e2f3dad80,Google Data Analytics Certificate,CERTIFICATION,Achievement recorded under Certification category.,2026-01-21,SKIT,https://uei-proofs.s3.amazonaws.com/ach-7a2effbf.pdf
a84aaa59-e694-4d91-8b41-e7d1d6d38d62,76f1616e-8584-49b8-b426-b150b5817bf0,AWS Cloud Practitioner,CERTIFICATION,Achievement recorded under Certification category.,2025-02-19,External Body,https://uei-proofs.s3.amazonaws.com/ach-1e118628.pdf
76f977c0-1c84-41ac-8c05-d6f5811d2da0,76f1616e-8584-49b8-b426-b150b5817bf0,College Hackathon - 2nd Place,HACKATHON,Achievement recorded under Hackathon category.,2025-04-25,IEEE,https://uei-proofs.s3.amazonaws.com/ach-fb010333.pdf
454b8422-3298-4a55-89f8-e2e423717495,76f1616e-8584-49b8-b426-b150b5817bf0,Hack36 Winner,HACKATHON,Achievement recorded under Hackathon category.,2026-04-07,External Body,https://uei-proofs.s3.amazonaws.com/ach-ebc936e5.pdf
c76637a7-0132-49fe-89fb-d4378e7dbc05,18e5f828-f968-43e2-98e3-eba147568b49,CodeChef Div 2 - Top 10%,CONTEST,Achievement recorded under Contest category.,2025-03-28,AWS,https://uei-proofs.s3.amazonaws.com/ach-9b08eaba.pdf
871a1386-a4a8-4a43-8f66-269c8c5c2670,18e5f828-f968-43e2-98e3-eba147568b49,Research paper on ML applications,PUBLICATION,Achievement recorded under Publication category.,2024-09-24,SKIT,https://uei-proofs.s3.amazonaws.com/ach-afe94b0a.pdf
a0485977-3a91-4271-ae50-46a726a219aa,2907461c-f765-4d3c-a834-1d95facf9fa0,Google Data Analytics Certificate,CERTIFICATION,Achievement recorded under Certification category.,2024-12-17,Google,https://uei-proofs.s3.amazonaws.com/ach-54052b77.pdf
b59fecd7-c075-4662-809e-b0b99c547029,23bbaff9-5ceb-40e8-82b6-8b7759c21a0d,Inter-college Cricket Tournament - Runner-up,SPORTS,Achievement recorded under Sports category.,2026-05-21,AICTE,https://uei-proofs.s3.amazonaws.com/ach-c0f42b66.pdf
5a83dbc8-7273-4745-ac58-7c0b9e10d80f,1901ec18-eb4f-4612-96c7-ef1d391b3e03,AWS Cloud Practitioner,CERTIFICATION,Achievement recorded under Certification category.,2026-06-19,Google,https://uei-proofs.s3.amazonaws.com/ach-22d626b7.pdf
3fcd4e1a-be33-499a-8a76-b5d7b338ab44,b1ec3a10-62ca-4b22-a016-f0e5ab78c2ef,CodeChef Div 2 - Top 10%,CONTEST,Achievement recorded under Contest category.,2025-05-12,IEEE,https://uei-proofs.s3.amazonaws.com/ach-12698be8.pdf
84893ad6-a391-41cc-9eb4-340628955048,af4ecbdd-45ad-48ea-a7f1-a19d99eecb3a,Coding Club Event Organizer,CLUB,Achievement recorded under Club category.,2025-03-21,AWS,https://uei-proofs.s3.amazonaws.com/ach-06f0a285.pdf
cf1e3afd-7ffa-49f3-bb35-61b587598a97,c98e0eb6-4b14-425b-9976-1b907ea572f4,AWS Cloud Practitioner,CERTIFICATION,Achievement recorded under Certification category.,2025-11-15,Google,https://uei-proofs.s3.amazonaws.com/ach-fad4a190.pdf
0bd3c757-69e4-4ec9-b489-482a43688417,c98e0eb6-4b14-425b-9976-1b907ea572f4,Google Data Analytics Certificate,CERTIFICATION,Achievement recorded under Certification category.,2025-03-24,AICTE,https://uei-proofs.s3.amazonaws.com/ach-227eb59d.pdf
0ccc8470-7ffb-4624-b136-3d3293ed7c94,c98e0eb6-4b14-425b-9976-1b907ea572f4,AWS Cloud Practitioner,CERTIFICATION,Achievement recorded under Certification category.,2026-08-02,AWS,https://uei-proofs.s3.amazonaws.com/ach-02147145.pdf
c52369b4-d1d6-4bdf-90b8-fe0ca842c530,52b96134-0a0f-4566-8b5f-1226a719dfc6,IEEE Conference Paper - Co-author,PUBLICATION,Achievement recorded under Publication category.,2025-08-29,AICTE,https://uei-proofs.s3.amazonaws.com/ach-c6a3ca8d.pdf
1bdc2934-72b0-4ef9-91d5-c219fef4d721,5856cb04-0d08-41ea-95e0-2791443952ca,Smart India Hackathon - Finalist,HACKATHON,Achievement recorded under Hackathon category.,2025-05-10,External Body,https://uei-proofs.s3.amazonaws.com/ach-a3a5a0c6.pdf
f209ca1e-9c10-4774-9cfd-0d8c475a9517,5856cb04-0d08-41ea-95e0-2791443952ca,Inter-college Cricket Tournament - Runner-up,SPORTS,Achievement recorded under Sports category.,2026-06-18,SKIT,https://uei-proofs.s3.amazonaws.com/ach-79332cdc.pdf
a8c6e6ff-6704-42b9-b5c7-ea3bc6c2c6cb,a5b90708-36f3-4ba6-809d-bbb957aab438,University Badminton Championship,SPORTS,Achievement recorded under Sports category.,2024-06-04,External Body,https://uei-proofs.s3.amazonaws.com/ach-d92989ba.pdf
e65e0a07-cd7d-4e76-bb23-e7453c004de3,fa9f08dd-6919-4664-90de-beb5a46b6347,Technical Club Core Member,CLUB,Achievement recorded under Club category.,2025-10-29,IEEE,https://uei-proofs.s3.amazonaws.com/ach-818e2510.pdf
2f7de492-0a50-402a-a49f-b0b61a62c062,55a828a2-4d99-459a-9a6b-d6b461a34f72,Research paper on ML applications,PUBLICATION,Achievement recorded under Publication category.,2026-01-02,IEEE,https://uei-proofs.s3.amazonaws.com/ach-e97b68af.pdf
deeb8e11-4d10-4cb1-9033-739533b2cb94,3025c386-fa91-45a6-95fa-9e9f6a93114e,GeeksforGeeks Coding Contest,CONTEST,Achievement recorded under Contest category.,2025-07-31,IEEE,https://uei-proofs.s3.amazonaws.com/ach-deb842cc.pdf
5f953a39-9821-4aa5-afd5-c637af542575,3025c386-fa91-45a6-95fa-9e9f6a93114e,University Badminton Championship,SPORTS,Achievement recorded under Sports category.,2025-07-16,External Body,https://uei-proofs.s3.amazonaws.com/ach-3039398e.pdf
e5d344e0-1097-492a-b049-825df598be80,b2914819-2d04-4f53-9154-1af4429f8b13,Technical Club Core Member,CLUB,Achievement recorded under Club category.,2025-09-24,External Body,https://uei-proofs.s3.amazonaws.com/ach-76d2bd14.pdf
e17b6165-14c7-48bb-b93c-1ee925736b7b,b2914819-2d04-4f53-9154-1af4429f8b13,Coding Club Event Organizer,CLUB,Achievement recorded under Club category.,2026-02-21,Google,https://uei-proofs.s3.amazonaws.com/ach-325e3089.pdf
42416e9b-4466-4786-a65e-092bc9ecf4ec,635bc047-5d93-4e7a-afd4-1810898d7b28,Coding Club Event Organizer,CLUB,Achievement recorded under Club category.,2025-07-04,IEEE,https://uei-proofs.s3.amazonaws.com/ach-90985257.pdf
5748ade2-0e04-4116-b604-9473b981827e,635bc047-5d93-4e7a-afd4-1810898d7b28,Smart India Hackathon - Finalist,HACKATHON,Achievement recorded under Hackathon category.,2024-08-16,AWS,https://uei-proofs.s3.amazonaws.com/ach-4fff48ff.pdf
287f84a2-4d5e-492e-a6df-a10086d60354,635bc047-5d93-4e7a-afd4-1810898d7b28,Coding Club Event Organizer,CLUB,Achievement recorded under Club category.,2026-01-17,SKIT,https://uei-proofs.s3.amazonaws.com/ach-2a31ab26.pdf
d11d6c9f-dcd7-4b31-a8dc-a6e8a6db1085,d3e507af-21d8-46a0-88af-05633d6b7c70,Google Data Analytics Certificate,CERTIFICATION,Achievement recorded under Certification category.,2026-04-08,AWS,https://uei-proofs.s3.amazonaws.com/ach-1860aa1d.pdf
9c486ad6-362b-43e8-9ca2-106a8d454f83,cf788c24-e1e6-43c7-9cc6-53ec69c3ef60,University Badminton Championship,SPORTS,Achievement recorded under Sports category.,2024-07-07,AICTE,https://uei-proofs.s3.amazonaws.com/ach-66b0a987.pdf
6e4fccb3-d616-4547-b3db-658e5ab2d434,d23e07b5-474b-417a-a078-b3b57f4004f5,Google Data Analytics Certificate,CERTIFICATION,Achievement recorded under Certification category.,2026-06-14,Google,https://uei-proofs.s3.amazonaws.com/ach-e74151c8.pdf
aa3b9952-b142-4ae1-9865-bb1f45b4e603,d23e07b5-474b-417a-a078-b3b57f4004f5,LeetCode Contest Rank,CONTEST,Achievement recorded under Contest category.,2024-07-11,AICTE,https://uei-proofs.s3.amazonaws.com/ach-8cfa7d63.pdf
1d001d9c-084f-4822-9ace-bccc8304d2b5,d23e07b5-474b-417a-a078-b3b57f4004f5,GeeksforGeeks Coding Contest,CONTEST,Achievement recorded under Contest category.,2024-10-13,AICTE,https://uei-proofs.s3.amazonaws.com/ach-eb7aeff1.pdf
c2a11807-dd26-4459-8568-e5ea6be0f539,4a142a35-c426-44b0-ae93-48a441ecc876,LeetCode Contest Rank,CONTEST,Achievement recorded under Contest category.,2025-06-16,Google,https://uei-proofs.s3.amazonaws.com/ach-15b59793.pdf
b7177f09-e618-4182-a6dc-8e17f37fd56b,4a142a35-c426-44b0-ae93-48a441ecc876,AWS Cloud Practitioner,CERTIFICATION,Achievement recorded under Certification category.,2025-07-01,IEEE,https://uei-proofs.s3.amazonaws.com/ach-efd57bad.pdf
b8c03859-d10c-438a-af0f-3d94386445b2,4a142a35-c426-44b0-ae93-48a441ecc876,AWS Cloud Practitioner,CERTIFICATION,Achievement recorded under Certification category.,2026-04-07,SKIT,https://uei-proofs.s3.amazonaws.com/ach-123dd1f2.pdf
bc179a04-f769-47e4-9787-56c5b34ff106,b10c4705-1374-498e-b588-8b6e814cddd2,AWS Cloud Practitioner,CERTIFICATION,Achievement recorded under Certification category.,2024-08-10,AICTE,https://uei-proofs.s3.amazonaws.com/ach-2160e830.pdf
d1d797c5-f6c1-4b60-a907-d67ec7ff4d56,1af32531-4582-4867-a7f1-70e008610d62,LeetCode Contest Rank,CONTEST,Achievement recorded under Contest category.,2024-07-30,AWS,https://uei-proofs.s3.amazonaws.com/ach-2e142c2d.pdf
c76eef81-f87f-4430-a5ae-7dc94430555c,1d120b48-52c7-42f1-9498-c395cda475ed,LeetCode Contest Rank,CONTEST,Achievement recorded under Contest category.,2025-08-06,Google,https://uei-proofs.s3.amazonaws.com/ach-93d0b8da.pdf
1e406ee3-1b3b-48f3-9314-1e0e288788f9,fd7bc3ed-564c-48e3-8af4-d47ec4b6adae,Coding Club Event Organizer,CLUB,Achievement recorded under Club category.,2024-10-29,External Body,https://uei-proofs.s3.amazonaws.com/ach-bb7e6efb.pdf
ae680018-b0dc-43ac-b8d2-448c69177f29,1f260fb6-c6fd-4cdc-84ef-e27e79b5c31f,AWS Cloud Practitioner,CERTIFICATION,Achievement recorded under Certification category.,2026-01-09,External Body,https://uei-proofs.s3.amazonaws.com/ach-5d3938df.pdf
800b04c0-7b24-4b2b-bc11-b34b746e7267,6906833a-ed91-44ef-9f39-cfa1ad466199,Hack36 Winner,HACKATHON,Achievement recorded under Hackathon category.,2025-03-07,External Body,https://uei-proofs.s3.amazonaws.com/ach-c870753f.pdf
50b9b66e-0261-4fce-8d0a-f985ed0a9a9e,c9426514-1f43-4ec4-a1be-04036ec45c7e,Google Data Analytics Certificate,CERTIFICATION,Achievement recorded under Certification category.,2025-07-14,Google,https://uei-proofs.s3.amazonaws.com/ach-ec511755.pdf
05aefb40-fc9b-4677-b15f-8cd9693db802,c9426514-1f43-4ec4-a1be-04036ec45c7e,Technical Club Core Member,CLUB,Achievement recorded under Club category.,2025-02-17,AWS,https://uei-proofs.s3.amazonaws.com/ach-86bbfae5.pdf
3a08e4ef-ccee-4c17-8835-b36c787aa4ce,c9426514-1f43-4ec4-a1be-04036ec45c7e,GeeksforGeeks Coding Contest,CONTEST,Achievement recorded under Contest category.,2026-04-29,External Body,https://uei-proofs.s3.amazonaws.com/ach-0ee3cd7c.pdf
c62cc412-56b6-4ae7-a771-70fe4d366199,7d372ae8-b86d-43c6-9296-92c6222105e7,Google Data Analytics Certificate,CERTIFICATION,Achievement recorded under Certification category.,2024-09-03,IEEE,https://uei-proofs.s3.amazonaws.com/ach-0b15cc1e.pdf
d994bd86-7857-4377-8419-d172efdcf680,9725996d-ae2f-454e-9317-777d1dc37f50,GeeksforGeeks Coding Contest,CONTEST,Achievement recorded under Contest category.,2025-09-22,AWS,https://uei-proofs.s3.amazonaws.com/ach-7a310d90.pdf
5c911a0d-5637-4d5a-9b89-075744f7b1dd,2052df68-0f4f-45a0-9cce-d4a6ad838770,Technical Club Core Member,CLUB,Achievement recorded under Club category.,2025-03-02,External Body,https://uei-proofs.s3.amazonaws.com/ach-e3b2ce9f.pdf
5b660554-9751-42f1-abb8-b97fbe8f286f,ae9f84e7-e01e-49fe-9bca-05498774a11a,Technical Club Core Member,CLUB,Achievement recorded under Club category.,2025-06-02,AWS,https://uei-proofs.s3.amazonaws.com/ach-37b258a6.pdf
76b04a6a-65ff-4936-b8b0-b7d9e8c23021,7683985b-bda9-4f7d-9a08-f7e1811bc5e6,IEEE Conference Paper - Co-author,PUBLICATION,Achievement recorded under Publication category.,2024-10-05,AICTE,https://uei-proofs.s3.amazonaws.com/ach-42af0414.pdf
a2b78a09-5ce2-4e7d-a808-07a186379f11,7683985b-bda9-4f7d-9a08-f7e1811bc5e6,Inter-college Cricket Tournament - Runner-up,SPORTS,Achievement recorded under Sports category.,2026-05-03,AICTE,https://uei-proofs.s3.amazonaws.com/ach-1ee634f3.pdf
