id,student_id,semester,academic_year,sgpa,credits_earned,credits_registered,backlogs_count,result_status
77039983-7092-5115-b160-5be610004ba5,621a9c6d-e226-4ff0-a22c-2e72a6a48abe,1,2025-26,7.17,20,20,0,PASS
55984582-8498-5d3e-9322-e1704b548dd3,34e502c2-fa06-4e5b-afef-98abbff7cfce,1,2023-24,5.15,18,18,0,PASS
173b0162-d6e7-5225-8378-2337fb011fab,34e502c2-fa06-4e5b-afef-98abbff7cfce,2,2023-24,5.5,22,22,0,PASS
fdaecb41-6397-5d7e-9227-8a89b69d5f47,34e502c2-fa06-4e5b-afef-98abbff7cfce,3,2024-25,5.9,20,20,0,PASS
c9acc2a4-61ed-5358-92bf-975210b5a7ab,34e502c2-fa06-4e5b-afef-98abbff7cfce,4,2024-25,6.06,18,18,0,PASS
5b12ec61-3694-57b7-a767-313dc79c7c7a,34e502c2-fa06-4e5b-afef-98abbff7cfce,5,2025-26,5.74,16,20,1,PASS
88168393-a413-5fe9-90e7-2cc7469b51ec,2c3d1809-b161-465f-9647-776b20a08b71,1,2025-26,6.55,18,18,0,PASS
ac8dc651-b3a0-5b19-8cdf-c9d1eb838472,60f7d907-739c-4a83-b7a5-e0c7c2f8c831,1,2023-24,6.84,18,18,0,PASS
f7a50cf6-e610-56ef-aa54-1ffc2e020357,60f7d907-739c-4a83-b7a5-e0c7c2f8c831,2,2023-24,7.6,20,20,0,PASS
efc21ed3-1cf1-5c59-a67c-bf7c8e7e85b7,60f7d907-739c-4a83-b7a5-e0c7c2f8c831,3,2024-25,8.18,22,22,0,PASS
e8e1a560-f3d5-5fd7-ad13-ab2139bcf4de,60f7d907-739c-4a83-b7a5-e0c7c2f8c831,4,2024-25,6.37,18,18,0,PASS
4e243849-2f21-5d96-a796-0b6c84116a8d,60f7d907-739c-4a83-b7a5-e0c7c2f8c831,5,2025-26,6.5,20,20,0,PASS
795fa878-56a9-59d5-be0c-1c3798828c42,3b41dfe4-59c5-4f15-ade6-d306f55f22f9,1,2023-24,7.12,22,22,0,PASS
c869f9d1-9bca-536b-a8cf-914398b464a7,3b41dfe4-59c5-4f15-ade6-d306f55f22f9,2,2023-24,6.01,22,22,0,PASS
52f8aaea-a575-5c85-9654-3a8a239afdc9,3b41dfe4-59c5-4f15-ade6-d306f55f22f9,3,2024-25,6.65,18,18,0,PASS
d4f5cf9f-af46-5f91-bde2-4876c15dc3f9,3b41dfe4-59c5-4f15-ade6-d306f55f22f9,4,2024-25,6.22,20,20,0,PASS
448f3cc1-40c5-5a61-a01f-892a386b30b9,3b41dfe4-59c5-4f15-ade6-d306f55f22f9,5,2025-26,6.12,22,22,0,PASS
20f20a93-aad0-52ec-8b2f-e2b067760203,b59261e4-5561-4347-b2fe-b2d57d216e4e,1,2025-26,7.86,20,20,0,PASS
5accb183-88f4-5c4b-9c49-4db67a419392,4b13df1a-81b9-4031-8a44-e4a93d035ee6,1,2025-26,10.0,18,18,0,PASS
ed3a6493-0024-52f6-a77b-9c7aa9e370c5,5041cb6b-2d2d-43cc-9b2a-623e3d68809a,1,2024-25,7.17,14,18,1,PASS
0c7972f0-98e1-5395-8b2d-aab411075c41,5041cb6b-2d2d-43cc-9b2a-623e3d68809a,2,2024-25,7.29,22,22,0,PASS
1b210a9d-7827-59fc-8a48-b4a32d78cbab,5041cb6b-2d2d-43cc-9b2a-623e3d68809a,3,2025-26,6.96,18,18,0,PASS
3cf5c409-8e0b-5345-a26b-69690985580f,205ab441-ba97-4d3e-94c9-31da22e5306f,1,2023-24,7.81,18,18,0,PASS
d2df28eb-97a4-5c77-8ee1-d4328cbf2e6a,205ab441-ba97-4d3e-94c9-31da22e5306f,2,2023-24,7.64,22,22,0,PASS
0f6523ec-b25c-5660-b2c0-ec3ddb81c57b,205ab441-ba97-4d3e-94c9-31da22e5306f,3,2024-25,7.95,20,20,0,PASS
bc435550-c35f-5f2c-b627-835265e50a72,205ab441-ba97-4d3e-94c9-31da22e5306f,4,2024-25,7.19,18,18,0,PASS
beace6fe-0e16-5e94-b2aa-8995878ce301,205ab441-ba97-4d3e-94c9-31da22e5306f,5,2025-26,7.66,18,18,0,PASS
a3ca51c0-fef4-5041-ac67-dc91fdcfefb8,73313afa-c5b3-4404-a6fd-cefad75d1eb6,1,2023-24,6.46,18,18,0,PASS
881c5afa-afd1-5b71-a465-1a5243a98bd7,73313afa-c5b3-4404-a6fd-cefad75d1eb6,2,2023-24,7.26,20,20,0,PASS
d4fa6680-2f66-57f2-a1bf-d3e4094a2ce2,73313afa-c5b3-4404-a6fd-cefad75d1eb6,3,2024-25,6.13,18,18,0,PASS
a637148d-907e-55aa-95ef-26eb3f4578ae,73313afa-c5b3-4404-a6fd-cefad75d1eb6,4,2024-25,6.53,20,20,0,PASS
79ebde2b-cba2-5ed9-9e50-7572ff4b92e6,73313afa-c5b3-4404-a6fd-cefad75d1eb6,5,2025-26,6.99,22,22,0,PASS
63b9d3b1-4014-583d-8832-a646ac592747,6090a4c3-d95b-464f-bfeb-ba44374e5431,1,2024-25,7.26,18,18,0,PASS
b90dd18f-ce94-5cb1-aeb3-62186293c0c1,6090a4c3-d95b-464f-bfeb-ba44374e5431,2,2024-25,6.37,20,20,0,PASS
e0e46e14-94cd-53d8-9b49-89772f888384,6090a4c3-d95b-464f-bfeb-ba44374e5431,3,2025-26,7.14,18,18,0,PASS
58a35dde-761a-5844-b79c-020eb6ee6fe6,bf0e18dc-22a1-49a0-810f-640c425d4b32,1,2023-24,6.11,18,18,0,PASS
0805f30e-d8e2-5db0-858d-2953f9a15c93,bf0e18dc-22a1-49a0-810f-640c425d4b32,2,2023-24,6.21,22,22,0,PASS
96fc4bc3-9c42-5db5-8425-bf63d55bf6ea,bf0e18dc-22a1-49a0-810f-640c425d4b32,3,2024-25,7.18,22,22,0,PASS
2550010c-b369-56eb-964d-811bedc3481c,bf0e18dc-22a1-49a0-810f-640c425d4b32,4,2024-25,6.97,20,20,0,PASS
c9b02f9d-7e1c-53c2-9914-f91b95bcfbc3,bf0e18dc-22a1-49a0-810f-640c425d4b32,5,2025-26,6.24,18,18,0,PASS
7652eec5-68f8-5f49-9319-01b00dda88de,dbbd36ea-a403-4737-8c04-fc22f1633c9a,1,2023-24,7.99,22,22,0,PASS
96abc810-6354-534c-9e5b-d1973d7ca3bd,dbbd36ea-a403-4737-8c04-fc22f1633c9a,2,2023-24,8.49,18,18,0,PASS
7182fd8b-4a92-59e2-b16c-89ebb9df50fe,dbbd36ea-a403-4737-8c04-fc22f1633c9a,3,2024-25,9.1,20,20,0,PASS
38990db6-5d12-5f6f-a92c-e9b83cc814db,dbbd36ea-a403-4737-8c04-fc22f1633c9a,4,2024-25,9.57,22,22,0,PASS
b1b9663a-221b-51cc-a23b-4c52e7ca025b,dbbd36ea-a403-4737-8c04-fc22f1633c9a,5,2025-26,8.93,20,20,0,PASS
46652125-9359-5456-8bbc-929aa3531ec8,5da8fb5e-cd61-4859-8000-017fe7bdd278,1,2024-25,8.86,20,20,0,PASS
ad3fb23b-1efb-56b6-a2bf-75fb353c23ec,5da8fb5e-cd61-4859-8000-017fe7bdd278,2,2024-25,8.45,22,22,0,PASS
b77eaad2-36a9-5e45-b405-6ae68ebb5e09,5da8fb5e-cd61-4859-8000-017fe7bdd278,3,2025-26,8.43,18,18,0,PASS
094f943e-c540-566d-b10f-62abc7fa9a5f,c5bc9879-c820-4812-84d9-b40ce5074d05,1,2024-25,7.8,22,22,0,PASS
fedec13d-abcb-54f6-9bac-5027460c8baa,c5bc9879-c820-4812-84d9-b40ce5074d05,2,2024-25,7.45,20,20,0,PASS
2c2ab579-fe9e-501d-a5e8-71189ad11f48,c5bc9879-c820-4812-84d9-b40ce5074d05,3,2025-26,8.12,18,18,0,PASS
fc843f32-96bb-5cec-8e86-c60f120bb04a,be3597b2-e328-41e3-8625-f0f063f73070,1,2023-24,8.96,20,20,0,PASS
4d171460-dd1e-5214-b20c-990ea2d04cb0,be3597b2-e328-41e3-8625-f0f063f73070,2,2023-24,9.18,22,22,0,PASS
2bf4b8e5-dd9e-580a-a5bb-dcc1b5c4617b,be3597b2-e328-41e3-8625-f0f063f73070,3,2024-25,8.75,22,22,0,PASS
ee7b933e-4d90-5733-97a4-b149e348fc01,be3597b2-e328-41e3-8625-f0f063f73070,4,2024-25,9.43,18,18,0,PASS
d447383f-1846-5a61-a01c-5c7b869ec4b2,be3597b2-e328-41e3-8625-f0f063f73070,5,2025-26,9.02,18,18,0,PASS
2dce22ca-b374-5f2a-9358-85072e56f841,8f752177-8b62-4d2d-8600-9b05fbe2169b,1,2024-25,7.56,18,18,0,PASS
d6aeb293-bb10-5822-98a0-89e07439a968,8f752177-8b62-4d2d-8600-9b05fbe2169b,2,2024-25,7.02,18,18,0,PASS
d3ccc56c-9eb9-5497-9797-805f43fe1d50,8f752177-8b62-4d2d-8600-9b05fbe2169b,3,2025-26,7.86,18,18,0,PASS
e323ed6a-fcf6-5ec6-b0d3-1580c0e5f58a,1ca793cc-1198-435a-9f94-a3e8496154bb,1,2023-24,8.82,20,20,0,PASS
a6f2cfda-2204-5ed5-a6a4-bc55f4f54736,1ca793cc-1198-435a-9f94-a3e8496154bb,2,2023-24,8.31,18,18,0,PASS
97b39d09-b3c6-5990-b675-8963a65b6c03,1ca793cc-1198-435a-9f94-a3e8496154bb,3,2024-25,8.82,14,18,1,PASS
f20d2dd6-f0bf-5a13-893a-4d970eba8b23,1ca793cc-1198-435a-9f94-a3e8496154bb,4,2024-25,8.48,20,20,0,PASS
d392a492-a318-52ab-be5e-821b86599597,1ca793cc-1198-435a-9f94-a3e8496154bb,5,2025-26,9.65,18,18,0,PASS
ed1ffe8b-9644-5606-b782-545543ab41ad,f66e0d59-bc27-4097-96db-9ccc9fd6b509,1,2025-26,6.5,22,22,0,PASS
60773b57-d546-59c8-b626-71a19dc2aa67,c854faf3-84cd-4da5-a49a-3239315a747a,1,2023-24,7.9,18,18,0,PASS
597d4998-b7cf-57db-9e67-cf6386452171,c854faf3-84cd-4da5-a49a-3239315a747a,2,2023-24,8.62,20,20,0,PASS
fac0230b-eb0b-57f4-9ced-c7d7e7b2e81b,c854faf3-84cd-4da5-a49a-3239315a747a,3,2024-25,7.42,22,22,0,PASS
3bc53174-3537-50f0-a59e-cf729d8a8e8f,c854faf3-84cd-4da5-a49a-3239315a747a,4,2024-25,8.45,18,18,0,PASS
6e937978-b150-5528-8e5a-2e84b80ac605,c854faf3-84cd-4da5-a49a-3239315a747a,5,2025-26,7.34,22,22,0,PASS
5fa16b49-641a-5ecc-af64-035760528e8c,5b77e068-e415-428f-9c47-56281164a8d0,1,2023-24,6.97,20,20,0,PASS
66bea510-af1b-5a38-ae77-6725ba23078c,5b77e068-e415-428f-9c47-56281164a8d0,2,2023-24,7.85,22,22,0,PASS
fc6e8d39-2363-5a89-a2d8-c41284d28ab1,5b77e068-e415-428f-9c47-56281164a8d0,3,2024-25,7.87,18,18,0,PASS
d85214e2-b506-5482-81a7-9026327323cd,5b77e068-e415-428f-9c47-56281164a8d0,4,2024-25,7.3,18,18,0,PASS
68415e2f-a2f6-546c-9b86-aee59dad32c3,5b77e068-e415-428f-9c47-56281164a8d0,5,2025-26,7.05,22,22,0,PASS
1231aee5-b200-5cb5-ada1-849b68deb88d,274e5dc2-8313-420e-af64-62d711c5d8a9,1,2023-24,10.0,22,22,0,PASS
8aabe285-1588-5b87-b35d-b5b73b55a97e,274e5dc2-8313-420e-af64-62d711c5d8a9,2,2023-24,9.92,22,22,0,PASS
5e47af6f-8ed0-5c32-9dc9-dc6d57430f3c,274e5dc2-8313-420e-af64-62d711c5d8a9,3,2024-25,9.32,22,22,0,PASS
3dcb4e09-51a3-5c64-8a09-d369b8d24b2d,274e5dc2-8313-420e-af64-62d711c5d8a9,4,2024-25,9.82,20,20,0,PASS
a800085c-26ba-599f-84e1-b536a8799792,274e5dc2-8313-420e-af64-62d711c5d8a9,5,2025-26,9.65,18,18,0,PASS
24ea5e56-68bd-5e8e-a738-4417e209da27,a41bfbe4-df25-4d9a-b39c-deffd5136493,1,2024-25,7.57,18,18,0,PASS
7a6a73f3-daf9-5fe6-90bc-2a4f4b11f52b,a41bfbe4-df25-4d9a-b39c-deffd5136493,2,2024-25,6.29,18,18,0,PASS
97f769b0-ad2e-55e1-9f0d-0a82ca7c9669,a41bfbe4-df25-4d9a-b39c-deffd5136493,3,2025-26,6.07,18,18,0,PASS
064038b0-34a1-5aa0-9d1d-bb261affeb50,907b3117-be17-490e-b321-815152024843,1,2024-25,5.67,22,22,0,PASS
cab7f6c9-3e48-5ff4-8f65-e521b9f48242,907b3117-be17-490e-b321-815152024843,2,2024-25,5.67,18,18,0,PASS
d936d7fd-2a23-5998-a9e9-4bd446557855,907b3117-be17-490e-b321-815152024843,3,2025-26,7.48,14,18,1,PASS
3517e911-ebbb-555c-af16-fce71c347721,367906ff-ef0a-467c-89ba-6fadff57f435,1,2023-24,8.81,18,18,0,PASS
0f451f7d-4d5f-5f0b-8bec-3b9673f7266f,367906ff-ef0a-467c-89ba-6fadff57f435,2,2023-24,8.53,20,20,0,PASS
c967542e-aaf7-5d17-a695-acb268e84ed0,367906ff-ef0a-467c-89ba-6fadff57f435,3,2024-25,7.86,18,18,0,PASS
ae470cf0-fb1e-5e78-ab13-5a7ddf0820ef,367906ff-ef0a-467c-89ba-6fadff57f435,4,2024-25,8.35,22,22,0,PASS
30c1c054-0996-5a40-b2d4-9b95dedcdfc2,367906ff-ef0a-467c-89ba-6fadff57f435,5,2025-26,7.96,22,22,0,PASS
b4243eb9-ac28-5b17-97d0-f5feabb3df73,5f98ac60-2390-4b08-b203-436e27e21256,1,2023-24,6.54,22,22,0,PASS
ecd75767-cf7e-5756-85bf-ff3be93a472f,5f98ac60-2390-4b08-b203-436e27e21256,2,2023-24,5.19,18,18,0,PASS
4e11f473-4462-5bd3-93de-e10522149f35,5f98ac60-2390-4b08-b203-436e27e21256,3,2024-25,6.05,18,18,0,PASS
42277c8e-96d3-5373-ae0e-c698fa16eda4,5f98ac60-2390-4b08-b203-436e27e21256,4,2024-25,6.52,18,18,0,PASS
6ed21874-31cb-5bfa-8818-1536b103c83b,5f98ac60-2390-4b08-b203-436e27e21256,5,2025-26,5.7,22,22,0,PASS
4498ac2b-1d5b-5c57-8d3e-a431519a4b0d,a28a7e4f-6327-4d2a-9fb6-c5a24dd9c085,1,2025-26,4.99,20,20,0,PASS
789f0663-ba42-5715-9322-786503bb5f80,b2ed1d86-f2ea-4994-bb8a-a6d29c11d68f,1,2025-26,7.48,18,18,0,PASS
c817a036-2bce-5d1a-99bd-991137aff6d6,62635a52-79be-4983-a930-e0a4dddc561a,1,2025-26,5.55,22,22,0,PASS
cdf96fd7-010b-5ab3-9e8c-fc59ef8d9d92,d0a7a248-1401-4ba2-90c5-fcb92e59123f,1,2024-25,7.93,20,20,0,PASS
73d382c6-ffe9-5702-9b70-8dadd3d2070f,d0a7a248-1401-4ba2-90c5-fcb92e59123f,2,2024-25,7.41,18,18,0,PASS
495d6b9c-def7-5f96-9d10-22793334fdd4,d0a7a248-1401-4ba2-90c5-fcb92e59123f,3,2025-26,8.53,18,18,0,PASS
6d3914b1-efe9-5ca8-9829-256b7b402bdf,2edafeee-b273-45ff-8ad6-7fa3a827fdbd,1,2024-25,7.96,18,18,0,PASS
f712964c-287c-544c-8fe6-6f8e64ffd25b,2edafeee-b273-45ff-8ad6-7fa3a827fdbd,2,2024-25,6.85,22,22,0,PASS
4856c4c3-2f93-55a1-aa2e-3d38e6eaed64,2edafeee-b273-45ff-8ad6-7fa3a827fdbd,3,2025-26,7.07,22,22,0,PASS
cc00faf6-f250-5a6b-bbdd-0fed6191e683,95367de5-7130-4f76-8f84-a68859c30c97,1,2024-25,8.06,18,18,0,PASS
1b9abcaf-b646-55d4-b8ef-d969335f0a4d,95367de5-7130-4f76-8f84-a68859c30c97,2,2024-25,8.37,18,18,0,PASS
06728846-0baf-57c2-b191-6a98ef5e929c,95367de5-7130-4f76-8f84-a68859c30c97,3,2025-26,7.85,18,18,0,PASS
216fe499-867f-57a7-85d4-231237e2a589,f1f11b54-ca1b-49d1-88b5-b9f36a57a9b0,1,2025-26,10.0,20,20,0,PASS
383308aa-b965-5a4f-b419-6c8d6e986d80,7006ec6d-87ac-480b-86ea-a9b8143bc4ed,1,2025-26,8.05,22,22,0,PASS
bcdc1a70-6224-5988-a64b-060d302ecdc2,735fac46-561e-4e9b-8fab-1744b8f7309c,1,2024-25,6.63,22,22,0,PASS
76c88e02-7616-556c-a818-580fe7bce363,735fac46-561e-4e9b-8fab-1744b8f7309c,2,2024-25,7.18,22,22,0,PASS
550611fc-98cf-5159-994c-71ab2748a7d0,735fac46-561e-4e9b-8fab-1744b8f7309c,3,2025-26,7.73,18,18,0,PASS
93062dcc-36eb-56ac-a082-aafed2d4461e,112ea380-f370-463c-abad-540b5bc5b02c,1,2024-25,6.73,18,18,0,PASS
87aec96d-d02d-5219-8f55-540f11675b0b,112ea380-f370-463c-abad-540b5bc5b02c,2,2024-25,6.74,22,22,0,PASS
5b1fdd5d-684e-5c3e-b47a-8f3bc0406c83,112ea380-f370-463c-abad-540b5bc5b02c,3,2025-26,6.13,22,22,0,PASS
b5aba0ed-df74-5f1c-b6a4-ee2d63ffeef5,6a4df9d2-08a8-4900-a4d1-b1cce5358b67,1,2024-25,8.66,22,22,0,PASS
a93e7f85-8f7a-51c3-9624-022a37dbff6c,6a4df9d2-08a8-4900-a4d1-b1cce5358b67,2,2024-25,9.12,20,20,0,PASS
65b4996a-e419-5b63-bb5a-9a375bd8a4aa,6a4df9d2-08a8-4900-a4d1-b1cce5358b67,3,2025-26,8.91,18,18,0,PASS
3fbcd8d6-a940-5621-8457-744353c922ee,2d2d894f-bc2c-4b38-821b-b88283ac77ad,1,2024-25,8.45,18,18,0,PASS
839bad75-9a2e-5fbb-8deb-088eac9c3145,2d2d894f-bc2c-4b38-821b-b88283ac77ad,2,2024-25,8.39,18,18,0,PASS
8f94642e-0dc5-5126-aee5-e8ea1ee92ca9,2d2d894f-bc2c-4b38-821b-b88283ac77ad,3,2025-26,9.14,22,22,0,PASS
a2670b41-38e0-51cd-999e-60784b2e6581,72678c82-38a3-423a-a567-7f09511ce1cb,1,2023-24,5.28,18,18,0,PASS
269e0e0c-8994-51a5-8589-3efde29a832c,72678c82-38a3-423a-a567-7f09511ce1cb,2,2023-24,5.47,20,20,0,PASS
229afa75-7e41-5061-af6d-709a5e28d038,72678c82-38a3-423a-a567-7f09511ce1cb,3,2024-25,5.83,18,18,0,PASS
648a38d4-600b-54e7-a930-954ba366ea25,72678c82-38a3-423a-a567-7f09511ce1cb,4,2024-25,5.63,18,22,1,PASS
36e587c2-eba6-5e87-a844-e684107d2f43,72678c82-38a3-423a-a567-7f09511ce1cb,5,2025-26,4.95,20,20,0,PASS
b57851e8-d35e-5c47-9851-c1f2c6c7f1f7,9331d740-9ea6-4db5-b548-2213e206f732,1,2023-24,6.8,22,22,0,PASS
e1f1fc38-7773-55ef-b08b-33725f5a37e7,9331d740-9ea6-4db5-b548-2213e206f732,2,2023-24,6.95,20,20,0,PASS
63dc4b86-3f97-50f1-a421-d4d23fb7d466,9331d740-9ea6-4db5-b548-2213e206f732,3,2024-25,7.18,18,18,0,PASS
7924916c-741a-57d7-bc68-a60e09502ece,9331d740-9ea6-4db5-b548-2213e206f732,4,2024-25,6.58,18,18,0,PASS
5e9450f1-fd72-59d7-9163-b712d9f4be8f,9331d740-9ea6-4db5-b548-2213e206f732,5,2025-26,7.21,18,18,0,PASS
48c90eab-7d17-5966-8ddf-edf8d379e7c9,0b8c6994-702c-4cd6-9023-93a536fdda55,1,2024-25,7.78,16,20,1,PASS
fc554482-47d7-569b-9064-5c9067a929b9,0b8c6994-702c-4cd6-9023-93a536fdda55,2,2024-25,8.04,20,20,0,PASS
5a3f03d0-6f53-5653-bac5-16cb00c0d76b,0b8c6994-702c-4cd6-9023-93a536fdda55,3,2025-26,8.14,20,20,0,PASS
7ef95f6f-272c-54d8-a264-828cae23106e,391e48f1-7d0b-40be-92c6-592eda356258,1,2023-24,6.99,20,20,0,PASS
adfc808b-d766-5c9c-b604-b870ac43e8de,391e48f1-7d0b-40be-92c6-592eda356258,2,2023-24,6.6,20,20,0,PASS
c9e408e0-8fa8-5226-bf44-bb9373b20dbf,391e48f1-7d0b-40be-92c6-592eda356258,3,2024-25,7.13,20,20,0,PASS
296111b2-e85a-5cb7-9129-60af8c4504b4,391e48f1-7d0b-40be-92c6-592eda356258,4,2024-25,7.58,20,20,0,PASS
8a24a345-7a31-5397-a388-61c15537e431,391e48f1-7d0b-40be-92c6-592eda356258,5,2025-26,7.26,22,22,0,PASS
381117da-e95a-5cc7-b48b-e15044711dd4,27853259-68b6-46ee-99d2-e2cd051972fb,1,2023-24,6.3,14,18,1,FAIL
2dd70177-91ee-5426-b1b7-4a31bda8fe1d,27853259-68b6-46ee-99d2-e2cd051972fb,2,2023-24,6.62,20,20,0,PASS
fd3911c5-72c5-596e-ab0f-6a7700849b17,27853259-68b6-46ee-99d2-e2cd051972fb,3,2024-25,6.54,20,20,0,PASS
8fdefdfb-b1c5-5bba-ae48-f93ac752495c,27853259-68b6-46ee-99d2-e2cd051972fb,4,2024-25,6.1,20,20,0,PASS
25daa32b-2fe6-58ec-8337-28d593814ab6,27853259-68b6-46ee-99d2-e2cd051972fb,5,2025-26,6.02,22,22,0,PASS
99bfe867-90cb-5a5b-8d6c-f893fa8b30ee,2da6abd3-1ac5-4187-83ae-69e65e94daa0,1,2025-26,7.45,22,22,0,PASS
0d6a4f2b-a6c7-5f49-9898-c8242dfc1757,609bf32f-ef88-4183-8520-3469675c5ad3,1,2025-26,9.81,20,20,0,PASS
0e7c8010-6a34-52af-9878-d5bc02e89bd6,fd8f6e7a-d896-47c4-8950-0208bf34097f,1,2023-24,7.26,16,20,1,PASS
28ac05ce-ebcb-5904-8d02-534d756b581c,fd8f6e7a-d896-47c4-8950-0208bf34097f,2,2023-24,5.89,22,22,0,PASS
2888dd1a-80af-5877-824c-ebeb027c7a87,fd8f6e7a-d896-47c4-8950-0208bf34097f,3,2024-25,5.82,20,20,0,PASS
1773dd55-4199-5d08-932a-c3f29eec3613,fd8f6e7a-d896-47c4-8950-0208bf34097f,4,2024-25,6.74,22,22,0,PASS
e8148f41-cf57-5213-b493-f210a2a02e01,fd8f6e7a-d896-47c4-8950-0208bf34097f,5,2025-26,6.64,18,18,0,PASS
be2da0c9-fe59-5895-a5e8-f8d3ecff1296,fce41950-4037-4603-9b82-da005fae7ad0,1,2023-24,8.4,20,20,0,PASS
b98d217d-3909-5879-aa51-a90923edfc6e,fce41950-4037-4603-9b82-da005fae7ad0,2,2023-24,8.34,20,20,0,PASS
20c88c3a-eef2-5595-b210-a28bc629da46,fce41950-4037-4603-9b82-da005fae7ad0,3,2024-25,8.44,18,18,0,PASS
f61d10ac-d931-55d9-9980-5b76893f19f8,fce41950-4037-4603-9b82-da005fae7ad0,4,2024-25,9.42,18,18,0,PASS
b759c0f7-9b95-5e2b-805e-e6d69c31ca27,fce41950-4037-4603-9b82-da005fae7ad0,5,2025-26,8.21,18,18,0,PASS
644d90dd-7351-5319-87a7-ff888ed1c502,7fd2adc1-e640-4b50-a95d-9f8229652987,1,2025-26,6.92,22,22,0,PASS
248f314e-ecf3-58ec-9c9a-a4f823030651,df6e6a38-cb17-48e9-8503-d29b0c34c068,1,2024-25,7.22,18,18,0,PASS
6fb471e2-bf27-5836-934a-2fc80bd309ba,df6e6a38-cb17-48e9-8503-d29b0c34c068,2,2024-25,7.68,20,20,0,PASS
0ec1f305-647f-5930-8f85-cca5ff67bd5b,df6e6a38-cb17-48e9-8503-d29b0c34c068,3,2025-26,8.14,22,22,0,PASS
dcc0417c-7af7-52b1-9538-2481d66de9f1,064e4451-fbcc-4e2c-98df-4c9392264c60,1,2023-24,8.7,20,20,0,PASS
a2af9c93-c619-56be-a256-e2e206728c8c,064e4451-fbcc-4e2c-98df-4c9392264c60,2,2023-24,8.69,18,18,0,PASS
7400f273-7504-5d1b-bb9e-430985722897,064e4451-fbcc-4e2c-98df-4c9392264c60,3,2024-25,9.12,18,18,0,PASS
b1f6c09d-1845-5abb-b45a-a1512690d4a1,064e4451-fbcc-4e2c-98df-4c9392264c60,4,2024-25,9.12,22,22,0,PASS
b0648100-7425-5063-aca8-11a42de58857,064e4451-fbcc-4e2c-98df-4c9392264c60,5,2025-26,9.37,22,22,0,PASS
b15ca731-50d9-5bfd-8274-02db9f982081,346e2838-f1b6-494a-ad10-1e53b5a44b54,1,2023-24,7.24,20,20,0,PASS
48c10825-a044-5a8a-80d5-1d37f690be8b,346e2838-f1b6-494a-ad10-1e53b5a44b54,2,2023-24,7.22,20,20,0,PASS
4fc6f98f-22c8-5907-ae05-cd6e5638d805,346e2838-f1b6-494a-ad10-1e53b5a44b54,3,2024-25,7.62,20,20,0,PASS
1c7e62a9-4548-5b86-8e09-daee7df87b46,346e2838-f1b6-494a-ad10-1e53b5a44b54,4,2024-25,7.3,20,20,0,PASS
ecd1fcb3-e4f9-5f1b-9241-858619baed0e,346e2838-f1b6-494a-ad10-1e53b5a44b54,5,2025-26,6.75,18,22,1,PASS
dc56c96c-9ab2-5e42-9a0a-c458a047c396,1da664ac-810c-46b3-a2be-8e9cc0e3030c,1,2025-26,7.15,20,20,0,PASS
e20d5adf-3c7a-5278-be07-18d3b841ed57,89844b29-684e-4711-8815-c6888760f4df,1,2025-26,6.28,20,20,0,PASS
b01de1e3-adc2-5118-9dd2-ac828b511946,c60210a0-2054-4976-8d04-93b5738010b0,1,2023-24,7.65,18,18,0,PASS
3275fb48-8b31-572c-b63d-82bbce402878,c60210a0-2054-4976-8d04-93b5738010b0,2,2023-24,8.6,22,22,0,PASS
a8a0c2d2-3b22-527b-8bfc-82ef9ec1dd3c,c60210a0-2054-4976-8d04-93b5738010b0,3,2024-25,8.29,18,18,0,PASS
e5c677cc-2755-573f-b4fe-545cbe71cb48,c60210a0-2054-4976-8d04-93b5738010b0,4,2024-25,7.51,22,22,0,PASS
f592dac7-3e5a-5ddc-8ca1-0b5213b19271,c60210a0-2054-4976-8d04-93b5738010b0,5,2025-26,7.72,22,22,0,PASS
1377d140-16d6-542a-97a1-ad91f1cf6742,d0e331e2-b577-460d-b447-c38d2f8cf4bf,1,2025-26,8.1,20,20,0,PASS
ee035a72-7302-54c3-b07d-f292b3b3c59a,3ad01eef-4870-4b95-82d2-f092a08cae45,1,2024-25,7.52,22,22,0,PASS
d698f89a-d78e-558e-a417-0db32f127844,3ad01eef-4870-4b95-82d2-f092a08cae45,2,2024-25,7.72,22,22,0,PASS
199590cd-fafd-5df4-925b-859441f96936,3ad01eef-4870-4b95-82d2-f092a08cae45,3,2025-26,8.22,22,22,0,PASS
68dfecc7-d844-5f7f-9c82-7eada6cd8a99,8e7667bf-cb57-4dad-89a5-464570b930cf,1,2023-24,8.86,20,20,0,PASS
5a4b1f1f-6d09-545f-8a42-999c1e43fc71,8e7667bf-cb57-4dad-89a5-464570b930cf,2,2023-24,8.97,20,20,0,PASS
b9bae7c7-ece1-596c-b22b-c61163cb3f66,8e7667bf-cb57-4dad-89a5-464570b930cf,3,2024-25,8.85,20,20,0,PASS
0fdc2eed-221c-5de0-8cd0-f308153bea3e,8e7667bf-cb57-4dad-89a5-464570b930cf,4,2024-25,9.56,22,22,0,PASS
9c9d4b8b-b861-5aab-85a7-fbed87dd1954,8e7667bf-cb57-4dad-89a5-464570b930cf,5,2025-26,9.64,22,22,0,PASS
1d5e371c-41ee-5c87-9970-68d0987eb16f,8fe529aa-f7fc-4e26-a519-e1a6ea9dcaa1,1,2025-26,7.17,20,20,0,PASS
1fe4f056-92d5-5478-a2d5-830c3b07163e,51d648a0-b49b-4f64-aa29-413ad1d43861,1,2023-24,6.66,20,20,0,PASS
3990bc5c-0a83-52a3-a6b3-8b379b545f59,51d648a0-b49b-4f64-aa29-413ad1d43861,2,2023-24,6.59,16,20,1,PASS
cc2a090a-ac13-5f70-8ed1-f071cbcf5521,51d648a0-b49b-4f64-aa29-413ad1d43861,3,2024-25,6.6,20,20,0,PASS
d466057d-d76b-50f6-98c0-46679e636e98,51d648a0-b49b-4f64-aa29-413ad1d43861,4,2024-25,6.73,18,18,0,PASS
805fecf5-5e30-5951-b210-44683a93f260,51d648a0-b49b-4f64-aa29-413ad1d43861,5,2025-26,6.74,22,22,0,PASS
a41b08ac-661c-5295-915e-716ebf3ab8e9,ceb67719-fd3d-4a91-9763-0a1afac5f32b,1,2025-26,4.57,22,22,0,PASS
ac65d4a4-f0a7-5770-a142-5f51263957a4,1d634bcb-1e4c-4d83-ad56-01a45c2b82c0,1,2023-24,7.33,18,18,0,PASS
0155d6d8-40f6-5785-993b-3e6cc53d7ff0,1d634bcb-1e4c-4d83-ad56-01a45c2b82c0,2,2023-24,7.09,20,20,0,PASS
a7a810dd-aa49-5b3d-85c9-b729986fb00c,1d634bcb-1e4c-4d83-ad56-01a45c2b82c0,3,2024-25,6.85,22,22,0,PASS
c751f60e-83a5-596c-82dc-3c2fdf111cad,1d634bcb-1e4c-4d83-ad56-01a45c2b82c0,4,2024-25,6.25,22,22,0,PASS
adb851f7-87fa-597a-806d-3cb3b29b585f,1d634bcb-1e4c-4d83-ad56-01a45c2b82c0,5,2025-26,7.05,18,18,0,PASS
5baf332f-ab24-5136-b66e-f6b3e7d2ca78,dfde5886-a435-499d-9a4b-e5353b1b3ef6,1,2025-26,6.41,20,20,0,PASS
174f7348-4591-58d7-aca0-ce30cc82e1f6,651b7fa7-b45d-4d55-9113-33adab00051b,1,2023-24,7.41,18,18,0,PASS
10cd8eff-8c5b-578a-81b0-135087252fe2,651b7fa7-b45d-4d55-9113-33adab00051b,2,2023-24,6.95,20,20,0,PASS
a7f8d547-7c0f-5481-9b50-a7c1326c0c31,651b7fa7-b45d-4d55-9113-33adab00051b,3,2024-25,6.99,20,20,0,PASS
f9fc2082-f96e-518f-9e38-624d163d1983,651b7fa7-b45d-4d55-9113-33adab00051b,4,2024-25,7.35,22,22,0,PASS
18b5e30b-40dc-524c-a379-a356528773aa,651b7fa7-b45d-4d55-9113-33adab00051b,5,2025-26,6.95,20,20,0,PASS
283e6ab7-8b11-5464-b3fd-fbeb73cd807b,873b1707-ebea-41fe-9627-6f38c5b22743,1,2023-24,4.38,20,20,0,PASS
d1706b93-affb-5785-8841-25f9bfd645a0,873b1707-ebea-41fe-9627-6f38c5b22743,2,2023-24,4.67,18,18,0,PASS
e358b1c9-5902-593b-9a81-4aa86aa9bbe6,873b1707-ebea-41fe-9627-6f38c5b22743,3,2024-25,4.6,20,20,0,PASS
4ba6ec7b-9aee-5d1f-bd22-cf29c1aea0f6,873b1707-ebea-41fe-9627-6f38c5b22743,4,2024-25,4.39,18,18,0,PASS
0ef27197-2b2c-5015-935e-7d51d8f1c44a,873b1707-ebea-41fe-9627-6f38c5b22743,5,2025-26,4.74,20,20,0,PASS
2074a77a-17ec-58f6-bd96-65561df5fbb7,bc76a678-df74-48ec-bbe8-baf2133f63bf,1,2023-24,6.88,18,18,0,PASS
c7010ca0-684f-555c-b745-a7d12c25411a,bc76a678-df74-48ec-bbe8-baf2133f63bf,2,2023-24,6.96,18,18,0,PASS
12bef919-665d-5ce2-a73f-841852d67c76,bc76a678-df74-48ec-bbe8-baf2133f63bf,3,2024-25,6.32,20,20,0,PASS
02962fad-6c8b-5f69-bb0c-8521e357fa35,bc76a678-df74-48ec-bbe8-baf2133f63bf,4,2024-25,5.93,20,20,0,PASS
3cec7c62-4b7d-5659-9814-fa9d2b844b2f,bc76a678-df74-48ec-bbe8-baf2133f63bf,5,2025-26,6.7,18,18,0,PASS
4a3803ef-f8d4-5749-8176-b2f8d22a7188,73fa98ac-f27e-4723-aa28-3ba7a197eda3,1,2025-26,7.72,18,18,0,PASS
3a9d4ce7-7ffa-5d1b-ac6a-2c0e639f4d09,5b724cf4-1098-49ac-8f0d-5945af648bbe,1,2024-25,8.57,16,20,1,FAIL
58a3a446-5f26-581b-84d2-20118bfae404,5b724cf4-1098-49ac-8f0d-5945af648bbe,2,2024-25,7.79,22,22,0,PASS
61f690f9-4d92-595e-aa8b-2873f696490f,5b724cf4-1098-49ac-8f0d-5945af648bbe,3,2025-26,7.6,18,18,0,PASS
cd99ec78-9ec8-5c08-b89c-64bada9f7167,7cc457a4-a683-4f52-a032-e024018a2325,1,2025-26,5.19,20,20,0,PASS
383e92de-bfbc-5e54-a820-86adca1c89f2,b547aafb-3f8c-4c9e-988c-125ddf5c8565,1,2023-24,9.01,18,18,0,PASS
8e6925a0-f331-588e-a46b-3c9f6d996fc1,b547aafb-3f8c-4c9e-988c-125ddf5c8565,2,2023-24,8.13,20,20,0,PASS
1cac46bd-53fc-5f6d-be4a-78d2f762aad3,b547aafb-3f8c-4c9e-988c-125ddf5c8565,3,2024-25,8.77,22,22,0,PASS
4cb11fb1-537f-5afa-be94-0a0fa1c7d46e,b547aafb-3f8c-4c9e-988c-125ddf5c8565,4,2024-25,9.43,18,18,0,PASS
860b06bf-c6f9-57f2-814c-c50c08c278d1,b547aafb-3f8c-4c9e-988c-125ddf5c8565,5,2025-26,8.48,18,18,0,PASS
315a7cc0-63f8-5f17-9817-b494c9b893d7,a0a03fae-0280-41ef-bd59-e491f86e6bcd,1,2024-25,8.74,22,22,0,PASS
95ec768d-debb-53e2-8e58-04d8336562ee,a0a03fae-0280-41ef-bd59-e491f86e6bcd,2,2024-25,8.97,18,18,0,PASS
f696afdc-a270-56b5-ba32-316df26b9481,a0a03fae-0280-41ef-bd59-e491f86e6bcd,3,2025-26,8.4,20,20,0,PASS
b412f46b-356c-53fd-ab1c-e179ea6ebe06,16654cf5-0dbe-46ca-bc6d-bc0eb686f04b,1,2023-24,7.32,22,22,0,PASS
2691be35-243f-5509-afc3-78722c8910f1,16654cf5-0dbe-46ca-bc6d-bc0eb686f04b,2,2023-24,7.25,18,18,0,PASS
4695722e-944b-5cbe-a109-75f0fa289b83,16654cf5-0dbe-46ca-bc6d-bc0eb686f04b,3,2024-25,7.8,18,18,0,PASS
43545fda-aff4-5386-800c-552ffaaae107,16654cf5-0dbe-46ca-bc6d-bc0eb686f04b,4,2024-25,7.19,20,20,0,PASS
07d363d8-9350-588d-8a04-bf3e679a245c,16654cf5-0dbe-46ca-bc6d-bc0eb686f04b,5,2025-26,7.82,20,20,0,PASS
dc5001dd-a9e4-53bf-b897-e52d3c8afcc6,2195f2a4-7b37-4373-b6dd-55cfa6182581,1,2025-26,5.26,22,22,0,PASS
2fd1d27e-e859-5428-81c9-1c5c4d74286c,c66ec193-2cd1-4f45-ac3f-fa1caba2ffe8,1,2024-25,6.38,22,22,0,PASS
aeeea2a8-15e4-520f-b8f5-c13af8f4352c,c66ec193-2cd1-4f45-ac3f-fa1caba2ffe8,2,2024-25,6.15,20,20,0,PASS
ab4c83d3-a7da-5afc-aebd-0486366b5670,c66ec193-2cd1-4f45-ac3f-fa1caba2ffe8,3,2025-26,6.13,18,18,0,PASS
efa1553e-e3c6-56a2-b9d1-0cf3653f9f9c,68ad6e38-e6f8-4388-b448-f7cc37d53371,1,2024-25,7.16,20,20,0,PASS
4ca8571c-b202-5ddc-a6e3-c54651eaaf03,68ad6e38-e6f8-4388-b448-f7cc37d53371,2,2024-25,7.88,20,20,0,PASS
a9322866-f573-5263-9f66-b77f335813c3,68ad6e38-e6f8-4388-b448-f7cc37d53371,3,2025-26,8.11,20,20,0,PASS
5905ebc7-fb3e-5495-aa67-daa4b3196c14,9c967545-2216-46fa-95ce-5f15db52a6ca,1,2023-24,9.08,22,22,0,PASS
958403d6-27e4-5251-8b21-7d1411282085,9c967545-2216-46fa-95ce-5f15db52a6ca,2,2023-24,9.03,18,18,0,PASS
ff8b6b1e-4835-5652-a6e8-cf19c05c6829,9c967545-2216-46fa-95ce-5f15db52a6ca,3,2024-25,8.78,18,18,0,PASS
4601a045-c56a-5782-b04e-3837df94238e,9c967545-2216-46fa-95ce-5f15db52a6ca,4,2024-25,9.18,18,18,0,PASS
dd8c8ba7-4b07-5468-aa52-d04efc73f296,9c967545-2216-46fa-95ce-5f15db52a6ca,5,2025-26,7.85,20,20,0,PASS
5a8d4026-93b2-5251-9b47-c6f5ab0dd7a2,fbeeb084-9c6b-4567-a8d5-a9cc0989f288,1,2023-24,8.67,22,22,0,PASS
8f711145-dd85-5fad-a0b7-898bdbc4f5e6,fbeeb084-9c6b-4567-a8d5-a9cc0989f288,2,2023-24,8.02,18,18,0,PASS
ca888341-ad4e-5bd2-8721-74dce9b07bb8,fbeeb084-9c6b-4567-a8d5-a9cc0989f288,3,2024-25,8.31,20,20,0,PASS
0912db13-b87a-53c6-bfb9-99a528366307,fbeeb084-9c6b-4567-a8d5-a9cc0989f288,4,2024-25,8.16,18,18,0,PASS
9609e042-458b-5393-b717-4407600b424a,fbeeb084-9c6b-4567-a8d5-a9cc0989f288,5,2025-26,8.66,20,20,0,PASS
7d6472a0-87f3-50dc-a91a-9185b0773f11,63d9ec0d-a6d8-48ff-8f36-5298388ca746,1,2024-25,7.04,20,20,0,PASS
c988f18f-32d3-5460-94a8-3dbf82cbeba3,63d9ec0d-a6d8-48ff-8f36-5298388ca746,2,2024-25,7.15,22,22,0,PASS
bc0ed96e-5814-5f62-964f-76ced23f6e42,63d9ec0d-a6d8-48ff-8f36-5298388ca746,3,2025-26,7.65,18,18,0,PASS
3f002dd0-c142-55cc-b66f-79073b03b379,5f24eeb4-7edd-46d1-9bce-beab25093d71,1,2025-26,7.88,22,22,0,PASS
2deb2d1f-efe9-5b69-a339-b21764272838,9625757e-7b13-4777-bfd2-f7efe3fb69c4,1,2024-25,7.08,18,18,0,PASS
36a2ba68-31ca-512d-a8f2-eccbe422fe3c,9625757e-7b13-4777-bfd2-f7efe3fb69c4,2,2024-25,6.8,20,20,0,PASS
22892913-0b40-5703-8f35-1ffe615e5a5e,9625757e-7b13-4777-bfd2-f7efe3fb69c4,3,2025-26,7.33,18,18,0,PASS
1717aa91-2c8a-5870-8ef2-b593926f3d37,fa5e4ff9-07c0-4945-919e-ffcfc2b67440,1,2023-24,6.34,18,18,0,PASS
eb45eb24-a440-5cf6-9f86-d2ff3b3dfc4e,fa5e4ff9-07c0-4945-919e-ffcfc2b67440,2,2023-24,7.01,20,20,0,PASS
c9d80490-7398-58a4-b459-b3eae432f052,fa5e4ff9-07c0-4945-919e-ffcfc2b67440,3,2024-25,6.21,20,20,0,PASS
453e6b1c-9a22-53a4-b9f5-bf4ba84c72a6,fa5e4ff9-07c0-4945-919e-ffcfc2b67440,4,2024-25,6.96,16,20,1,PASS
c362d861-d43c-56fa-b43c-0eb36a236225,fa5e4ff9-07c0-4945-919e-ffcfc2b67440,5,2025-26,5.97,22,22,0,PASS
435b4486-fbfb-57e7-a0e0-2675973b872a,7612300c-13b5-494d-b31e-45f0277d9f4b,1,2024-25,7.22,18,18,0,PASS
68c25f27-9fc3-55a5-9be5-f754041ce9b1,7612300c-13b5-494d-b31e-45f0277d9f4b,2,2024-25,6.91,22,22,0,PASS
60d0c89a-c39a-512a-9d4f-7b098cf33060,7612300c-13b5-494d-b31e-45f0277d9f4b,3,2025-26,6.75,20,20,0,PASS
4d0c6def-22cc-5887-b33a-ee555e46d962,18be0e32-197e-4df0-8948-2a65eafedaa7,1,2025-26,7.05,20,20,0,PASS
d2423187-59e1-53c5-b31a-c7bc69f4d615,05b78ffa-dcb2-4499-967e-d687fd852e65,1,2025-26,8.31,18,18,0,PASS
a7f112fd-9a33-550f-b073-4d0f113477a7,a8d23c1d-41bc-431c-b13a-ec8771147638,1,2023-24,5.79,18,18,0,PASS
ed0f8314-1fee-522b-91ba-4d9db2259ffc,a8d23c1d-41bc-431c-b13a-ec8771147638,2,2023-24,6.43,14,18,1,PASS
3e8f2be6-82af-5787-a703-ce2ab90a2161,a8d23c1d-41bc-431c-b13a-ec8771147638,3,2024-25,5.66,20,20,0,PASS
4a68a8c9-42a1-5904-8396-ce019c2318f3,a8d23c1d-41bc-431c-b13a-ec8771147638,4,2024-25,6.26,18,22,1,PASS
0e9fc14b-afb8-5ed8-ba5c-83e1cfa60311,a8d23c1d-41bc-431c-b13a-ec8771147638,5,2025-26,6.58,20,20,0,PASS
afe5ab62-dd42-5b7e-b4fa-194c47da5d4e,2bb2dd9f-4e45-49ac-863e-11edeed7e869,1,2024-25,8.32,22,22,0,PASS
8a22c1a6-bbf3-5086-9f73-78d46dec0162,2bb2dd9f-4e45-49ac-863e-11edeed7e869,2,2024-25,8.87,22,22,0,PASS
3e1afdc9-7abc-5c0b-90ba-1a16ff621ef4,2bb2dd9f-4e45-49ac-863e-11edeed7e869,3,2025-26,8.84,20,20,0,PASS
d397b3f4-d6c8-5b57-9abc-57ccafe9f1b5,d429c2bb-e6dc-408b-98cf-a4a048882e0f,1,2024-25,6.79,18,18,0,PASS
f599dd28-a0b6-5129-bf6d-ce0d67aff722,d429c2bb-e6dc-408b-98cf-a4a048882e0f,2,2024-25,6.92,20,20,0,PASS
e45ce286-498d-5718-8d86-5917bebb40e5,d429c2bb-e6dc-408b-98cf-a4a048882e0f,3,2025-26,6.73,22,22,0,PASS
bded6f73-f92a-5990-a280-46e4dc07a699,11fa9fa2-4971-40a3-9dc2-e676e2b27a4c,1,2023-24,6.64,22,22,0,PASS
61b378d3-4852-5513-986a-f6085c85a29c,11fa9fa2-4971-40a3-9dc2-e676e2b27a4c,2,2023-24,7.1,20,20,0,PASS
07d3fb36-ab8f-5687-8766-fb72b49e1794,11fa9fa2-4971-40a3-9dc2-e676e2b27a4c,3,2024-25,6.83,20,20,0,PASS
cdf94005-256f-5d53-8be7-64980fdbdd03,11fa9fa2-4971-40a3-9dc2-e676e2b27a4c,4,2024-25,7.43,20,20,0,PASS
358cd284-a0b7-5acd-a20b-01733f9eeccd,11fa9fa2-4971-40a3-9dc2-e676e2b27a4c,5,2025-26,7.41,22,22,0,PASS
4d68a6be-d0f4-55df-8805-d5ca273e1917,f4e38da8-2672-4599-8a01-b7027e4940fb,1,2024-25,6.71,14,18,1,PASS
0ed3dc2d-9373-506c-b113-11cce272f15b,f4e38da8-2672-4599-8a01-b7027e4940fb,2,2024-25,7.41,22,22,0,PASS
4079bba7-5344-50cd-a160-c9642eceaf0b,f4e38da8-2672-4599-8a01-b7027e4940fb,3,2025-26,7.16,22,22,0,PASS
745954aa-f044-5e5c-9460-957314a4f525,aec7a09d-cce7-4f59-b134-5a2de1609367,1,2024-25,4.91,18,18,0,PASS
44f72166-fcf2-5c6f-aa68-b168c3831290,aec7a09d-cce7-4f59-b134-5a2de1609367,2,2024-25,4.48,22,22,0,PASS
e475a148-5ced-5720-9866-a00d17c0b42e,aec7a09d-cce7-4f59-b134-5a2de1609367,3,2025-26,5.11,22,22,0,PASS
726ba608-9618-5988-b0f2-596eeb678d43,d0b10b08-c5aa-40d9-a63d-bf7bf4e29c98,1,2023-24,6.9,18,18,0,PASS
f0261983-4255-5c4d-9524-f8456cbda5d4,d0b10b08-c5aa-40d9-a63d-bf7bf4e29c98,2,2023-24,6.07,20,20,0,PASS
5e8bb0a8-5425-571c-859b-73203db0682a,d0b10b08-c5aa-40d9-a63d-bf7bf4e29c98,3,2024-25,6.67,18,18,0,PASS
35ed09fa-da39-5b0a-827a-62865a866a1d,d0b10b08-c5aa-40d9-a63d-bf7bf4e29c98,4,2024-25,6.86,18,18,0,PASS
66c2e6e6-79cf-5d7c-82c8-13994b1bc10e,d0b10b08-c5aa-40d9-a63d-bf7bf4e29c98,5,2025-26,7.46,18,18,0,PASS
1fea16b1-0788-5df3-b295-10d434dcbc90,830bc4e6-6a2e-4714-991e-d3ccfb4cb7cb,1,2023-24,7.44,22,22,0,PASS
71b39d9f-800b-53fa-aadd-76ac8fe5cdd0,830bc4e6-6a2e-4714-991e-d3ccfb4cb7cb,2,2023-24,7.09,22,22,0,PASS
b42d5ddc-cc01-54c5-accd-76d21f00b380,830bc4e6-6a2e-4714-991e-d3ccfb4cb7cb,3,2024-25,6.59,22,22,0,PASS
7d255505-9989-5562-8671-27adc0387773,830bc4e6-6a2e-4714-991e-d3ccfb4cb7cb,4,2024-25,6.46,22,22,0,PASS
c2936d7b-6dcd-5446-93cf-563954f7a899,830bc4e6-6a2e-4714-991e-d3ccfb4cb7cb,5,2025-26,6.34,22,22,0,PASS
13a0ac60-2ed2-50f0-a91b-2a573b448705,d7d9c1fb-61f8-4826-9244-4fc724c10503,1,2024-25,6.99,20,20,0,PASS
52a721da-0446-57da-8f37-3a282ba95a98,d7d9c1fb-61f8-4826-9244-4fc724c10503,2,2024-25,7.69,18,18,0,PASS
b6eb26eb-c81d-58d6-814e-e6619c3d30a0,d7d9c1fb-61f8-4826-9244-4fc724c10503,3,2025-26,7.21,14,18,1,PASS
7f80dd9b-eb32-5e83-a383-2cdf61f80650,721c4609-6bc6-46c6-b64d-acae200964c9,1,2025-26,8.72,18,18,0,PASS
d6d908b9-eed3-5218-8e11-5bcc6544a471,5860d71c-eeb2-43f9-bf23-d369127d562c,1,2023-24,6.49,22,22,0,PASS
d6fbc0e2-e355-5bee-82a4-78105067cef6,5860d71c-eeb2-43f9-bf23-d369127d562c,2,2023-24,7.38,18,18,0,PASS
5e5408b4-d776-511e-a175-d7c62bc52992,5860d71c-eeb2-43f9-bf23-d369127d562c,3,2024-25,6.91,18,18,0,PASS
4b2a13c5-c2f8-5501-8d9b-13c79b489817,5860d71c-eeb2-43f9-bf23-d369127d562c,4,2024-25,6.83,20,20,0,PASS
d8461aff-aa2e-53f3-b45c-a11c542a2bcd,5860d71c-eeb2-43f9-bf23-d369127d562c,5,2025-26,6.44,22,22,0,PASS
d18d2821-b190-58ac-919b-17edd467c326,30cc6b23-8c66-463f-8a89-32002c807ecc,1,2024-25,8.54,20,20,0,PASS
76187cff-f4a6-5930-aa30-eb33b7cbfa99,30cc6b23-8c66-463f-8a89-32002c807ecc,2,2024-25,8.46,22,22,0,PASS
f2d996c9-6bc6-5a85-8b51-04eb4c5cb72b,30cc6b23-8c66-463f-8a89-32002c807ecc,3,2025-26,8.23,20,20,0,PASS
a45c6335-b816-53ae-b832-f90a8367ce87,e37435ed-b80b-46a4-b1c4-2c67effec2b3,1,2023-24,6.91,22,22,0,PASS
2c9b86a3-1764-5304-926c-a95b30d89d6f,e37435ed-b80b-46a4-b1c4-2c67effec2b3,2,2023-24,6.44,22,22,0,PASS
dce495d0-313d-590a-a71e-c72d77a6a842,e37435ed-b80b-46a4-b1c4-2c67effec2b3,3,2024-25,6.57,16,20,1,PASS
ac4e11a0-d1f1-579c-8479-800007b3fe89,e37435ed-b80b-46a4-b1c4-2c67effec2b3,4,2024-25,6.17,20,20,0,PASS
eee92a91-51df-5190-a933-1c97c7cb00c8,e37435ed-b80b-46a4-b1c4-2c67effec2b3,5,2025-26,6.33,20,20,0,PASS
ac32b5a0-44bf-5ef6-beb0-a829606f3911,13a15c8e-cfc3-45d7-8968-d1eed581e232,1,2023-24,6.72,22,22,0,PASS
9b015851-185e-5420-ad4a-b244ed645c85,13a15c8e-cfc3-45d7-8968-d1eed581e232,2,2023-24,6.78,20,20,0,PASS
88231fc8-76ad-5270-a7e6-a907e3f00aee,13a15c8e-cfc3-45d7-8968-d1eed581e232,3,2024-25,7.55,22,22,0,PASS
82afc198-4114-5cac-b1fe-00bce20c4b9f,13a15c8e-cfc3-45d7-8968-d1eed581e232,4,2024-25,5.83,18,18,0,PASS
4eecdf20-32b2-5b0c-a6bd-397a76f822ac,13a15c8e-cfc3-45d7-8968-d1eed581e232,5,2025-26,7.15,20,20,0,PASS
52bb328b-a910-561c-b7d4-698f74e3b404,2d7d77a1-16a2-4d29-8024-8cf89fce4108,1,2025-26,6.24,18,18,0,PASS
982cf4ef-ab3b-509e-82a3-b9486b982887,31f846b7-b8f0-4204-952c-b886f2d3c009,1,2024-25,6.58,22,22,0,PASS
e94b289c-200b-551d-abb3-f195a53783f9,31f846b7-b8f0-4204-952c-b886f2d3c009,2,2024-25,7.96,20,20,0,PASS
87427d12-d32e-55af-a916-e474f7d3331a,31f846b7-b8f0-4204-952c-b886f2d3c009,3,2025-26,7.8,18,18,0,PASS
75f467c6-61a0-56cf-89f2-86fc102a10f2,820d3435-69f9-4542-bbc7-53817d9b075d,1,2025-26,9.38,18,18,0,PASS
7596f762-15e1-5e49-b1a7-dc9fa1881039,35e42779-079f-425d-9f2f-266fbb0c4d19,1,2023-24,6.22,22,22,0,PASS
9d17b44b-7277-57e7-90d7-d44112d4c639,35e42779-079f-425d-9f2f-266fbb0c4d19,2,2023-24,6.0,16,20,1,FAIL
85a95d66-b816-5989-a510-547e37eec7ef,35e42779-079f-425d-9f2f-266fbb0c4d19,3,2024-25,5.91,20,20,0,PASS
5b67b6eb-000a-5ab2-b7db-bf54befb49f6,35e42779-079f-425d-9f2f-266fbb0c4d19,4,2024-25,5.88,18,18,0,PASS
fc602d93-bc0b-58e7-9463-a3a65119e712,35e42779-079f-425d-9f2f-266fbb0c4d19,5,2025-26,5.67,20,20,0,PASS
f33f4823-9d8e-5664-9e36-7ade7320d744,03a9127e-d63e-41b3-8bee-89755be92428,1,2023-24,8.12,18,22,1,PASS
242d62d2-b2d3-5310-8799-ef1feb1647f0,03a9127e-d63e-41b3-8bee-89755be92428,2,2023-24,8.75,18,18,0,PASS
08aedb6e-c13a-5e00-8b38-431c49d4a099,03a9127e-d63e-41b3-8bee-89755be92428,3,2024-25,7.31,20,20,0,PASS
c058e780-5a79-56cd-be67-76dc3d52d829,03a9127e-d63e-41b3-8bee-89755be92428,4,2024-25,8.47,22,22,0,PASS
2b2cb501-b1db-5104-b01f-09e446f988f6,03a9127e-d63e-41b3-8bee-89755be92428,5,2025-26,9.07,18,18,0,PASS
73771b36-68f0-5a8a-8a50-7416f6f94bb3,ebb1915f-d328-4e0e-b86e-956ee6fcd97c,1,2023-24,7.06,18,18,0,PASS
1977e63d-494b-5b10-b3c7-27d3d5786ee9,ebb1915f-d328-4e0e-b86e-956ee6fcd97c,2,2023-24,7.66,22,22,0,PASS
bf9b18b2-f640-533a-82b7-1b40a7764c6a,ebb1915f-d328-4e0e-b86e-956ee6fcd97c,3,2024-25,7.29,22,22,0,PASS
bf544a54-225a-5274-9e36-191d8dffb8ce,ebb1915f-d328-4e0e-b86e-956ee6fcd97c,4,2024-25,7.72,18,22,1,PASS
3cfd4005-694e-5e01-a764-5257f0fc4bcf,ebb1915f-d328-4e0e-b86e-956ee6fcd97c,5,2025-26,6.63,20,20,0,PASS
e8acb4f6-2dc2-5134-ba2b-94caaa1bbca5,4a1f8d7b-dbcf-4242-96c7-ef9d6aeb0e10,1,2024-25,8.14,20,20,0,PASS
d87853b6-9240-55e9-b772-2a9df1b09676,4a1f8d7b-dbcf-4242-96c7-ef9d6aeb0e10,2,2024-25,7.2,22,22,0,PASS
4027cc22-52e4-56f0-8a06-6bf90f74be21,4a1f8d7b-dbcf-4242-96c7-ef9d6aeb0e10,3,2025-26,8.09,20,20,0,PASS
0bdb8392-bd7b-563c-a6ef-3aa9351378a4,66e3c9d5-2d66-4671-8e86-6cba5ad48d76,1,2024-25,7.51,22,22,0,PASS
ada7d8a2-9c81-5669-b3ae-99e6369a6feb,66e3c9d5-2d66-4671-8e86-6cba5ad48d76,2,2024-25,7.06,20,20,0,PASS
f661ced3-01ca-5b72-8e2a-e0b6454dda18,66e3c9d5-2d66-4671-8e86-6cba5ad48d76,3,2025-26,7.57,18,18,0,PASS
5ba373f6-ccd9-56cf-a213-cf7500e65fc1,8700c3f7-810d-40ef-b49b-ed095aa26a5e,1,2025-26,8.8,18,18,0,PASS
1c4b0864-7625-5dd3-93db-54f52222d4ee,f7778b69-42e0-4d77-9d5f-906ab089a863,1,2025-26,7.9,20,20,0,PASS
07f6501b-d03d-5a58-9609-63295d849484,9461c275-9e50-4dbf-844b-fdcec220b20b,1,2025-26,7.35,18,18,0,PASS
0f7a4495-f05f-566d-90c6-ec1fe05c9c1d,1a6b449a-6f07-41ae-a808-2a1777a873fe,1,2025-26,8.51,18,18,0,PASS
fa482437-ef8f-5b31-a652-aacf716c92af,4886a7ec-9f8a-4141-812f-7adc1d815651,1,2023-24,7.3,22,22,0,PASS
238dac1f-fc8c-54dd-9042-9779a4184020,4886a7ec-9f8a-4141-812f-7adc1d815651,2,2023-24,7.59,22,22,0,PASS
6f7b1064-a181-5d00-9e8e-1da2855deb2e,4886a7ec-9f8a-4141-812f-7adc1d815651,3,2024-25,6.71,18,18,0,PASS
7ccf11c6-09ac-52a5-b98b-15721150b256,4886a7ec-9f8a-4141-812f-7adc1d815651,4,2024-25,7.55,20,20,0,PASS
4af08cdb-b3e8-506d-85ec-88b72429384b,4886a7ec-9f8a-4141-812f-7adc1d815651,5,2025-26,7.84,18,18,0,PASS
cbd61632-23ef-59e2-80c8-bd20626f97b3,c6d291b4-cb0e-437c-8f0d-247676f2cf42,1,2025-26,5.25,22,22,0,PASS
30121a7e-3efb-522c-9eaa-814621bc1fb1,c8749c2b-b4ff-4f32-98e9-7daedb9e2ee9,1,2025-26,7.28,18,18,0,PASS
1f84fbba-2579-52fe-a9a0-614b48e82ab3,22269da9-6a06-4549-9c7c-daa80bc404d3,1,2023-24,7.73,22,22,0,PASS
2525c173-86db-5bbf-9c3c-fddb958e5ef5,22269da9-6a06-4549-9c7c-daa80bc404d3,2,2023-24,7.61,20,20,0,PASS
bb261a59-ee75-5744-bf90-a460050b5279,22269da9-6a06-4549-9c7c-daa80bc404d3,3,2024-25,8.28,18,18,0,PASS
a4cfb49c-cc54-5f90-bf98-bf841bcbfe12,22269da9-6a06-4549-9c7c-daa80bc404d3,4,2024-25,7.28,20,20,0,PASS
88c42a21-60d0-5f54-975b-c10d95ab33e8,22269da9-6a06-4549-9c7c-daa80bc404d3,5,2025-26,7.96,22,22,0,PASS
493bec50-4595-5af0-b4a8-4595ff7c2fb8,32c44be7-76c1-4d77-a22e-66f87fb71acd,1,2023-24,6.29,20,20,0,PASS
6da8fde5-ed41-5865-958c-a96062fba7fe,32c44be7-76c1-4d77-a22e-66f87fb71acd,2,2023-24,6.55,20,20,0,PASS
b10465c6-08a8-5948-b50a-892b9aa545ff,32c44be7-76c1-4d77-a22e-66f87fb71acd,3,2024-25,5.59,20,20,0,PASS
5d79abac-1803-52fa-95e5-e2c7a3b8006f,32c44be7-76c1-4d77-a22e-66f87fb71acd,4,2024-25,5.85,22,22,0,PASS
74147f44-626e-50ab-a36f-8c9e1888dc5e,32c44be7-76c1-4d77-a22e-66f87fb71acd,5,2025-26,6.08,16,20,1,PASS
f8de4245-6c60-5fa8-8a27-48a839b7a125,a11c7b94-3d35-4dcf-b26b-40a14c9c4994,1,2025-26,4.48,18,18,0,PASS
399598ff-82b5-5324-86be-708da4b651c5,98ce75a1-d148-4552-8946-5b38883ecef3,1,2023-24,7.77,16,20,1,FAIL
212a8a44-4698-5317-8fce-bdef574bb340,98ce75a1-d148-4552-8946-5b38883ecef3,2,2023-24,7.36,20,20,0,PASS
c31ded28-b0c8-5e42-ba50-edb7d844f34a,98ce75a1-d148-4552-8946-5b38883ecef3,3,2024-25,7.79,22,22,0,PASS
34571b64-64a4-585a-9aa2-318ab4bd0bad,98ce75a1-d148-4552-8946-5b38883ecef3,4,2024-25,8.6,22,22,0,PASS
2f6d3e10-d16e-5217-96ec-c612efc8cc63,98ce75a1-d148-4552-8946-5b38883ecef3,5,2025-26,7.4,18,18,0,PASS
17dba250-21cd-5f01-9d07-5f67db313221,4bf65490-9937-4be1-b20c-5e676bb7785c,1,2024-25,6.83,18,18,0,PASS
bef3467c-0f9d-530a-9843-0d4f3f7c2a93,4bf65490-9937-4be1-b20c-5e676bb7785c,2,2024-25,7.77,22,22,0,PASS
e77131f6-8ea5-5a9f-a5bf-4e9388467349,4bf65490-9937-4be1-b20c-5e676bb7785c,3,2025-26,7.88,16,20,1,PASS
f95cb7f9-30d9-5113-b4b0-0811d7f1ac6b,9a37bd95-c5e9-433b-a1a2-3a7c10975b01,1,2025-26,8.9,20,20,0,PASS
6062e8de-8bf8-5aef-9fac-db0b740b4205,db938d4c-c25a-4cac-bd69-6bcda93aa4cf,1,2023-24,6.66,22,22,0,PASS
95ff8537-0f11-5b43-9d76-d68d69629600,db938d4c-c25a-4cac-bd69-6bcda93aa4cf,2,2023-24,6.29,22,22,0,PASS
7154c21c-bb2b-51e5-85ec-759095f3be1a,db938d4c-c25a-4cac-bd69-6bcda93aa4cf,3,2024-25,6.52,22,22,0,PASS
1949976a-7993-5eea-aa66-e1674f1223ee,db938d4c-c25a-4cac-bd69-6bcda93aa4cf,4,2024-25,6.32,20,20,0,PASS
067c3849-59dc-5d49-a487-afc859c8dc88,db938d4c-c25a-4cac-bd69-6bcda93aa4cf,5,2025-26,6.64,18,18,0,PASS
1bbe34df-037b-5512-a4ab-5a696795f7c2,44e310ef-e692-422a-a593-c9867b6155d8,1,2023-24,9.31,22,22,0,PASS
12d0815a-f72e-5c48-a0d3-22e62ebeb3f0,44e310ef-e692-422a-a593-c9867b6155d8,2,2023-24,8.57,18,18,0,PASS
e3aea1c0-c8a1-5ce8-bd8e-a724afe6d58f,44e310ef-e692-422a-a593-c9867b6155d8,3,2024-25,9.14,22,22,0,PASS
05db3461-a940-5681-9bf9-c54c5609811a,44e310ef-e692-422a-a593-c9867b6155d8,4,2024-25,8.95,20,20,0,PASS
dd54a8f0-06c6-5b0b-b32c-48d7eba08af6,44e310ef-e692-422a-a593-c9867b6155d8,5,2025-26,8.96,18,18,0,PASS
a2dec417-a2d2-5b00-b2cc-d1c36cb30545,08a3fd49-db4f-4293-9631-cbf8c89d0a87,1,2025-26,6.46,22,22,0,PASS
9a46a987-8ff8-596a-9cad-1f0dd9d18175,af70f11a-dacf-4a55-906f-d0f616848658,1,2024-25,7.34,20,20,0,PASS
a725645a-76a3-562b-9b2c-4467a3413271,af70f11a-dacf-4a55-906f-d0f616848658,2,2024-25,7.46,22,22,0,PASS
8de12077-f3a5-5d7d-ae01-a0c8256936fa,af70f11a-dacf-4a55-906f-d0f616848658,3,2025-26,7.02,22,22,0,PASS
fdabc369-c159-5cb8-9b0d-bf89387b9aaa,d2330171-f678-4f36-aee3-060fc9493057,1,2025-26,6.83,22,22,0,PASS
228f2cd1-456b-5599-9e5d-05da7266a480,3ba6bb55-fb55-45c1-8c1e-5c545095c667,1,2025-26,7.67,16,20,1,FAIL
046177af-1caf-52d8-b87d-0f993d22f163,f8bd4c71-45ff-4dab-b2d3-bbf1ebcd193b,1,2024-25,9.09,20,20,0,PASS
03a232f3-e784-57d7-a528-51a52e79d99d,f8bd4c71-45ff-4dab-b2d3-bbf1ebcd193b,2,2024-25,7.29,18,18,0,PASS
19f309a1-ad9f-54c6-8bf6-de8689fd3401,f8bd4c71-45ff-4dab-b2d3-bbf1ebcd193b,3,2025-26,6.66,20,20,0,PASS
10485d53-09ff-5cc4-be1f-52aedd6b84df,19139439-ffbf-483f-ba8d-7ac63c091b03,1,2023-24,8.15,20,20,0,PASS
35cd9b50-472f-51bc-85fc-6089faa7c6f0,19139439-ffbf-483f-ba8d-7ac63c091b03,2,2023-24,8.43,18,18,0,PASS
9cade4e1-e26a-5a93-8dbf-adccde5d6e16,19139439-ffbf-483f-ba8d-7ac63c091b03,3,2024-25,8.34,18,18,0,PASS
a9e13614-2dda-533c-9711-1524737816e1,19139439-ffbf-483f-ba8d-7ac63c091b03,4,2024-25,7.44,20,20,0,PASS
825de0ec-0468-5155-af3d-b6c923dd26d4,19139439-ffbf-483f-ba8d-7ac63c091b03,5,2025-26,7.9,22,22,0,PASS
56c2a9d0-eeb4-54b1-a666-0af3d4d7831b,2c31b150-b3c4-489f-8693-6013b9436ffe,1,2024-25,6.81,18,18,0,PASS
fc237dfc-8e20-5d5c-ab10-e3bde796836a,2c31b150-b3c4-489f-8693-6013b9436ffe,2,2024-25,6.96,20,20,0,PASS
327c86d7-c601-5d72-9fd7-4cba8bc101f2,2c31b150-b3c4-489f-8693-6013b9436ffe,3,2025-26,6.96,18,18,0,PASS
d9192088-9425-5ff6-9baf-27937b517c51,3f585e7a-a76b-4a8c-94a4-c4043f78aeee,1,2025-26,7.53,20,20,0,PASS
d3effdfc-5c22-5dde-b9df-2c7cf9e648ea,03a9826d-4b05-4977-b633-909e5cab854f,1,2023-24,8.09,22,22,0,PASS
f21c8c56-dd70-5f60-859d-0ac6e8d7c933,03a9826d-4b05-4977-b633-909e5cab854f,2,2023-24,8.69,20,20,0,PASS
f3f780b6-f71b-5e0d-be57-06ae807fcb60,03a9826d-4b05-4977-b633-909e5cab854f,3,2024-25,7.96,22,22,0,PASS
ce309aca-d23d-56d4-b4ed-c1f37c8205eb,03a9826d-4b05-4977-b633-909e5cab854f,4,2024-25,8.16,22,22,0,PASS
48851b63-1e03-5381-aae4-17f588153d61,03a9826d-4b05-4977-b633-909e5cab854f,5,2025-26,8.43,18,18,0,PASS
19242e58-a6f0-533e-818d-c889bcf6f679,4454e29c-1b68-4767-aaef-cb16b89997b4,1,2023-24,6.22,22,22,0,PASS
ee859bba-ca8b-545f-857c-816b0f790716,4454e29c-1b68-4767-aaef-cb16b89997b4,2,2023-24,5.57,14,18,1,PASS
d38f911a-900c-5a12-8127-acffc4d8f03d,4454e29c-1b68-4767-aaef-cb16b89997b4,3,2024-25,6.29,18,18,0,PASS
34ef595e-529d-5904-b5c8-7a7df539434e,4454e29c-1b68-4767-aaef-cb16b89997b4,4,2024-25,6.67,20,20,0,PASS
ad446d3f-6667-5672-a3c4-8e77748515b8,4454e29c-1b68-4767-aaef-cb16b89997b4,5,2025-26,6.67,20,20,0,PASS
b3189028-097c-5136-8c73-8c064fe5367a,8afbbc17-5de9-41d9-8309-09ea87c46621,1,2024-25,5.4,18,22,1,PASS
2c142857-27ca-50af-82f4-0ce98a5262e1,8afbbc17-5de9-41d9-8309-09ea87c46621,2,2024-25,5.86,20,20,0,PASS
f045d353-adcb-5bea-8a9a-ee569204a72d,8afbbc17-5de9-41d9-8309-09ea87c46621,3,2025-26,4.84,20,20,0,PASS
f88d8606-7923-5312-b76c-72e90622eb01,6100bd34-64d4-4824-9fc1-d2a28fb1ef85,1,2025-26,10.0,20,20,0,PASS
a957cda3-534b-5e6e-9a68-743e902ff153,1bb6f043-1c46-4430-890f-7bab8ffbd88f,1,2025-26,9.11,20,20,0,PASS
0fb4ccca-2aa4-509b-9b3f-7a59c50e2c1e,eb92fbf1-8d20-4f42-872a-8aaa1edb0d66,1,2024-25,8.39,18,18,0,PASS
613a91f6-2a9a-5967-afb2-d5a4599a5bfa,eb92fbf1-8d20-4f42-872a-8aaa1edb0d66,2,2024-25,9.13,22,22,0,PASS
411d6f59-659c-54a2-8de2-f83bb76514e1,eb92fbf1-8d20-4f42-872a-8aaa1edb0d66,3,2025-26,8.04,20,20,0,PASS
281dfe39-2422-55b6-a0b3-f61a627b71f0,c09b927d-fe3c-4e8d-a157-100cef49d473,1,2024-25,5.36,18,18,0,PASS
34a136b8-53c8-5122-8eb6-2198c9eb989a,c09b927d-fe3c-4e8d-a157-100cef49d473,2,2024-25,5.14,22,22,0,PASS
2b8e8202-6917-5702-bf35-2d50c4e92fdd,c09b927d-fe3c-4e8d-a157-100cef49d473,3,2025-26,4.79,22,22,0,PASS
0f20c40e-d1c5-5ee6-85c4-fb6b9d0f92ec,a85f56b6-d3e0-40ad-8013-54d17dd157d8,1,2024-25,9.67,20,20,0,PASS
208e21fe-4982-5cc7-9d81-9671da668b42,a85f56b6-d3e0-40ad-8013-54d17dd157d8,2,2024-25,10.0,18,18,0,PASS
20a0ec5f-cc4f-561d-b46d-7980111e7389,a85f56b6-d3e0-40ad-8013-54d17dd157d8,3,2025-26,9.91,20,20,0,PASS
d0ef7809-849e-54eb-a01e-0b288fa8a668,bef769fe-c1a0-4bf9-aa74-75899f4c4c31,1,2024-25,7.97,18,18,0,PASS
be144771-6d53-50f2-9389-16ae88cde94a,bef769fe-c1a0-4bf9-aa74-75899f4c4c31,2,2024-25,8.58,18,18,0,PASS
8db7b945-d5e3-5278-b4ed-a7715036de03,bef769fe-c1a0-4bf9-aa74-75899f4c4c31,3,2025-26,7.28,18,18,0,PASS
dfd82d3b-7d02-55df-aaed-feaaf698a403,cbe48a00-dba8-4941-8877-14b9d4018bef,1,2023-24,6.38,20,20,0,PASS
259d2008-cb70-5f31-a222-24e64b0c24f9,cbe48a00-dba8-4941-8877-14b9d4018bef,2,2023-24,6.9,20,20,0,PASS
c7bcf157-e7d2-5ddb-bda8-d4bb6883250e,cbe48a00-dba8-4941-8877-14b9d4018bef,3,2024-25,6.95,18,18,0,PASS
52b844c4-817a-568d-9d33-bd70d63c76a3,cbe48a00-dba8-4941-8877-14b9d4018bef,4,2024-25,6.78,14,18,1,FAIL
5f7f03e8-8053-5ba3-a658-9386b76ce6fa,cbe48a00-dba8-4941-8877-14b9d4018bef,5,2025-26,7.02,22,22,0,PASS
01c66a46-1b8c-55eb-abd1-a7a78220dbe5,51146eb7-964c-49c5-b017-92e613faf320,1,2025-26,8.5,18,18,0,PASS
4d910e58-b4db-5a0c-8aa8-487efd58aa60,d689ac4b-bafe-4de3-afc0-e804c2580239,1,2024-25,5.89,18,18,0,PASS
69d9abcb-e80d-5bf6-a58d-21c61bfa1cf6,d689ac4b-bafe-4de3-afc0-e804c2580239,2,2024-25,6.17,20,20,0,PASS
456c7bb3-3e7b-5af3-ae70-b4f25bf30ff5,d689ac4b-bafe-4de3-afc0-e804c2580239,3,2025-26,6.36,18,18,0,PASS
77db1db0-e158-5ab8-ad33-2bcc0c503f80,ad1cfaf1-754b-48ad-afc9-65092927ffc7,1,2025-26,5.85,22,22,0,PASS
fd145b3a-d783-5f5b-b537-85f723fb44d3,c1083a62-3b14-4f0d-8ffd-1c6cbaae1aff,1,2024-25,5.51,18,18,0,PASS
87fabfa1-9728-5d22-a913-b184c3d76e0d,c1083a62-3b14-4f0d-8ffd-1c6cbaae1aff,2,2024-25,6.77,22,22,0,PASS
e95b9b57-66c3-5de8-80a0-a6c17d9ecafb,c1083a62-3b14-4f0d-8ffd-1c6cbaae1aff,3,2025-26,6.89,22,22,0,PASS
d2a9da0e-fb7f-5e58-8c96-bbc339f26f67,f5a9cfac-58d1-4b44-9fe1-0b48e485a3ec,1,2023-24,6.28,18,18,0,PASS
16e4ad4a-6613-573b-82d1-e52ee463dc6d,f5a9cfac-58d1-4b44-9fe1-0b48e485a3ec,2,2023-24,5.8,16,20,1,PASS
f7631ee1-a6b1-5c3d-82c1-410482fef341,f5a9cfac-58d1-4b44-9fe1-0b48e485a3ec,3,2024-25,5.27,18,18,0,PASS
2d0058f5-2a65-584d-aaa8-a8f8705f969d,f5a9cfac-58d1-4b44-9fe1-0b48e485a3ec,4,2024-25,5.07,18,18,0,PASS
3d527ffc-ef65-5503-99cd-8fb1e9818c8b,f5a9cfac-58d1-4b44-9fe1-0b48e485a3ec,5,2025-26,5.39,18,18,0,PASS
50b688a5-4804-5e03-bb45-8071223c1241,4fc2d90d-1585-4489-9ff9-6efd2aa92b0e,1,2024-25,5.38,22,22,0,PASS
3e8240af-178a-5b25-ad2d-025491f71fcc,4fc2d90d-1585-4489-9ff9-6efd2aa92b0e,2,2024-25,6.33,22,22,0,PASS
7f1500d9-3692-528d-9b42-2e9b0bf2d5e4,4fc2d90d-1585-4489-9ff9-6efd2aa92b0e,3,2025-26,6.64,18,18,0,PASS
20d36e7d-bb82-5553-a71e-ce89ef8f816b,6acff061-b26f-4ed0-b643-7e8744c10050,1,2024-25,6.91,18,18,0,PASS
4fe64266-dcf8-595e-b518-fea6ac5e7ccd,6acff061-b26f-4ed0-b643-7e8744c10050,2,2024-25,6.81,18,18,0,PASS
284fea70-cd33-5ea5-be71-c1c665ed0796,6acff061-b26f-4ed0-b643-7e8744c10050,3,2025-26,7.36,18,18,0,PASS
261f89e8-1495-5c27-bbb6-26977015f2fd,95a87c74-750e-4a67-a9cd-e11e462e8260,1,2024-25,6.67,22,22,0,PASS
5b02e8f1-19f3-5269-aade-2e7c90775b5e,95a87c74-750e-4a67-a9cd-e11e462e8260,2,2024-25,7.28,22,22,0,PASS
772d728a-ef3d-5b8b-9241-ba63d58f12f6,95a87c74-750e-4a67-a9cd-e11e462e8260,3,2025-26,8.08,20,20,0,PASS
ce0666b4-0642-55e1-812e-eec14c599d3f,2fb2c8b1-e864-4ab0-9271-1d083fe14749,1,2025-26,7.55,14,18,1,PASS
04400b29-d55b-5488-8a12-980589262724,6b8a2c7d-2352-4224-b0d2-449f0997b999,1,2024-25,8.87,18,18,0,PASS
6c4c48b0-3cf1-57b2-9d51-15f5e1923d2b,6b8a2c7d-2352-4224-b0d2-449f0997b999,2,2024-25,8.35,22,22,0,PASS
d2d6fef3-21ef-5a59-90c0-1cb45d0c1400,6b8a2c7d-2352-4224-b0d2-449f0997b999,3,2025-26,7.5,18,18,0,PASS
263c264d-1c6d-52f5-9b56-1744921e3304,3429e66c-34c4-4c6d-880e-b1533d5cc61d,1,2024-25,6.14,22,22,0,PASS
d4d18028-a3fd-51e0-89c9-d3f51bea6287,3429e66c-34c4-4c6d-880e-b1533d5cc61d,2,2024-25,5.55,20,20,0,PASS
8e9dbeee-1dcd-5a80-8259-40f41746f96f,3429e66c-34c4-4c6d-880e-b1533d5cc61d,3,2025-26,6.69,20,20,0,PASS
ea3f6393-e4a7-5a4a-b1fa-47eccd94d79d,2d35b1f4-f239-4d0a-8fe2-6dbd3991554c,1,2023-24,7.59,18,18,0,PASS
ba8e4941-af8c-5a7c-95c3-50c5544bfab9,2d35b1f4-f239-4d0a-8fe2-6dbd3991554c,2,2023-24,7.93,22,22,0,PASS
0a052d89-6a68-59c6-b24a-9fec019b3825,2d35b1f4-f239-4d0a-8fe2-6dbd3991554c,3,2024-25,8.05,22,22,0,PASS
bb3d0a59-08f0-56fd-a4cf-94e312c6cc81,2d35b1f4-f239-4d0a-8fe2-6dbd3991554c,4,2024-25,8.02,18,18,0,PASS
bf72557d-94e2-5dde-97f7-79903677be02,2d35b1f4-f239-4d0a-8fe2-6dbd3991554c,5,2025-26,8.21,20,20,0,PASS
4644c2d3-0f16-5b9d-9f7f-7eb2ec2bcbd1,121dad7f-adcb-4cfa-98b0-086aeca4ac60,1,2023-24,7.26,20,20,0,PASS
d2462a32-355c-5d74-8825-eb1302bdc880,121dad7f-adcb-4cfa-98b0-086aeca4ac60,2,2023-24,7.8,20,20,0,PASS
e0765e1d-160f-5939-8050-811430fba45e,121dad7f-adcb-4cfa-98b0-086aeca4ac60,3,2024-25,7.76,20,20,0,PASS
14447088-4574-57ff-8177-b40382537b9b,121dad7f-adcb-4cfa-98b0-086aeca4ac60,4,2024-25,6.98,14,18,1,PASS
39e47a41-d81d-55c7-85f3-eb84413ac29a,121dad7f-adcb-4cfa-98b0-086aeca4ac60,5,2025-26,7.14,18,18,0,PASS
6956a7f5-ad41-5633-abce-24c88caab874,0c7864f5-f70a-4ef4-9532-68be5cec2413,1,2024-25,6.92,16,20,1,PASS
c4085d85-5efb-5b7e-9866-91716b557aad,0c7864f5-f70a-4ef4-9532-68be5cec2413,2,2024-25,6.77,20,20,0,PASS
33239bb8-fea4-560f-affd-4b6c9efd64b0,0c7864f5-f70a-4ef4-9532-68be5cec2413,3,2025-26,5.61,20,20,0,PASS
b9c000cd-1134-50e8-8c67-3a9fe5d1ddd3,06d36a42-a4bb-4852-8940-4dcf346b5523,1,2024-25,6.67,18,18,0,PASS
d438109a-ca0d-55b7-acc6-adf6966e7fa8,06d36a42-a4bb-4852-8940-4dcf346b5523,2,2024-25,6.56,20,20,0,PASS
4cd963ab-dad5-5ac8-90d4-4ddb07f4acec,06d36a42-a4bb-4852-8940-4dcf346b5523,3,2025-26,6.43,22,22,0,PASS
7e738db3-bfd4-5bc5-8e33-3fe91d5f9490,e7f7794c-9349-46fb-90c4-5d880bce28e9,1,2023-24,7.93,18,18,0,PASS
028c93ea-080c-55cd-8dfb-5d538d6e75f6,e7f7794c-9349-46fb-90c4-5d880bce28e9,2,2023-24,7.75,22,22,0,PASS
eabd0422-6fba-52ac-a4e0-af937e2e6bae,e7f7794c-9349-46fb-90c4-5d880bce28e9,3,2024-25,8.05,22,22,0,PASS
ba75234d-a962-5c83-91dd-43e9f53bb897,e7f7794c-9349-46fb-90c4-5d880bce28e9,4,2024-25,7.62,22,22,0,PASS
533370f8-af50-524d-8246-423d77535694,e7f7794c-9349-46fb-90c4-5d880bce28e9,5,2025-26,7.83,18,18,0,PASS
8724ee2d-5c8e-52c0-a798-2b7ffb7ebc98,eee4b532-e095-4ce8-b5bc-7563e68b3e43,1,2025-26,9.3,22,22,0,PASS
fdf4a633-636f-5879-a54c-8a431c4b4492,6078c613-ddd0-4405-ada8-7d19958af0ce,1,2024-25,7.36,22,22,0,PASS
f431b423-ed45-5e4a-9b1a-6a8a6ed14123,6078c613-ddd0-4405-ada8-7d19958af0ce,2,2024-25,7.41,22,22,0,PASS
c63e9c70-871c-5df8-8215-d722b3548f2f,6078c613-ddd0-4405-ada8-7d19958af0ce,3,2025-26,7.46,20,20,0,PASS
b9aebf34-9b17-5de8-bd10-5abd56a98cb1,feb55156-cb88-4ab3-b9f6-de2ba4ee6975,1,2024-25,7.84,20,20,0,PASS
c8207814-7a6f-5e32-a5a6-627a132b0287,feb55156-cb88-4ab3-b9f6-de2ba4ee6975,2,2024-25,8.51,20,20,0,PASS
b086abae-ae1c-515d-880f-9cce5068a130,feb55156-cb88-4ab3-b9f6-de2ba4ee6975,3,2025-26,7.6,20,20,0,PASS
d0c71162-68ac-5022-adff-c1db70e8d871,4e031b12-b862-41df-8fb6-89dc46a11145,1,2023-24,8.02,18,18,0,PASS
1b672953-fd44-5e1d-8025-c5ce5174c0ad,4e031b12-b862-41df-8fb6-89dc46a11145,2,2023-24,7.72,20,20,0,PASS
5db6d2a0-5195-5cc3-bbf9-1a3bae3704ec,4e031b12-b862-41df-8fb6-89dc46a11145,3,2024-25,8.61,16,20,1,PASS
bda918ee-710f-56b1-a289-c24df394635c,4e031b12-b862-41df-8fb6-89dc46a11145,4,2024-25,8.37,22,22,0,PASS
e87c1bb2-840a-5250-bc0f-567fb2ac1fc7,4e031b12-b862-41df-8fb6-89dc46a11145,5,2025-26,7.69,22,22,0,PASS
34167d93-171c-5e86-b3e6-d3f0435f3e7a,511dc1d1-cdaa-440c-9440-19f6e47c84c0,1,2023-24,8.73,16,20,1,PASS
4c00a0c0-36d1-5069-9c51-8f07b7baeee2,511dc1d1-cdaa-440c-9440-19f6e47c84c0,2,2023-24,8.49,18,18,0,PASS
8a2ef905-c123-5ea7-bcb8-59c3ca29f2fb,511dc1d1-cdaa-440c-9440-19f6e47c84c0,3,2024-25,8.39,14,18,1,PASS
de49e981-a119-5030-9244-9a1957c4d5d4,511dc1d1-cdaa-440c-9440-19f6e47c84c0,4,2024-25,7.73,14,18,1,FAIL
b4253739-8c3e-5ec2-b5cc-b2d802e584bc,511dc1d1-cdaa-440c-9440-19f6e47c84c0,5,2025-26,8.83,22,22,0,PASS
18142f99-8e8f-5311-a9b8-471e59147400,0c68f883-aefd-437b-a79c-b3228e962429,1,2025-26,5.95,22,22,0,PASS
31ebcc76-63f7-5abb-a8de-d1c146133a89,9e1d912d-ca84-4fde-a46d-a190e20223b8,1,2024-25,6.42,18,18,0,PASS
d3c683da-9914-59c4-903f-367de36bca91,9e1d912d-ca84-4fde-a46d-a190e20223b8,2,2024-25,6.57,18,18,0,PASS
1a9a88ce-3284-54dd-a0dd-988d24317a51,9e1d912d-ca84-4fde-a46d-a190e20223b8,3,2025-26,6.86,20,20,0,PASS
902db271-14fa-5f23-b92f-f7913dbb8513,c53c0eb6-6619-4fb1-9280-7ac1349f6140,1,2024-25,6.18,22,22,0,PASS
db740c06-46ec-5025-94dc-f0c369b37037,c53c0eb6-6619-4fb1-9280-7ac1349f6140,2,2024-25,6.25,22,22,0,PASS
fd206d30-5756-551b-86f7-ed71a3f577a7,c53c0eb6-6619-4fb1-9280-7ac1349f6140,3,2025-26,6.86,18,18,0,PASS
46274091-9f89-5a5d-8eba-32aaa0040ac7,781ab867-85b4-4a89-b657-2560e8e11e9f,1,2024-25,7.02,20,20,0,PASS
bf3fd478-9f04-5429-ac2e-b84b9bba0bcd,781ab867-85b4-4a89-b657-2560e8e11e9f,2,2024-25,7.18,18,18,0,PASS
7e649418-20c6-590b-ab9d-a22f32a1ff15,781ab867-85b4-4a89-b657-2560e8e11e9f,3,2025-26,7.03,20,20,0,PASS
40734016-30ec-5cb3-b39c-fcd3acbfe09e,7effa285-57fc-4580-9cfb-a36daee85193,1,2024-25,7.94,20,20,0,PASS
82adb077-b479-5d07-8a0f-066eb12768f7,7effa285-57fc-4580-9cfb-a36daee85193,2,2024-25,6.58,20,20,0,PASS
3f5e77c0-2eeb-571c-9d70-9e769c02d5ae,7effa285-57fc-4580-9cfb-a36daee85193,3,2025-26,7.22,18,18,0,PASS
a271cab4-8ede-5751-a47f-ac44477d298b,13ae7278-6bc5-4b1e-8115-0796e715a34b,1,2023-24,8.7,20,20,0,PASS
b111d0ac-779a-56d4-a8a3-afeb2f625d0a,13ae7278-6bc5-4b1e-8115-0796e715a34b,2,2023-24,8.71,22,22,0,PASS
bb384c5b-6922-54df-823d-823fff6f5c84,13ae7278-6bc5-4b1e-8115-0796e715a34b,3,2024-25,8.47,22,22,0,PASS
18b8242c-1333-5c56-816b-aeeaea1c7fd4,13ae7278-6bc5-4b1e-8115-0796e715a34b,4,2024-25,9.15,18,18,0,PASS
4541f189-5e93-5267-b57f-e695edc0029b,13ae7278-6bc5-4b1e-8115-0796e715a34b,5,2025-26,8.13,18,18,0,PASS
9e4910e7-3704-5618-9fbb-379fc8d8e5cf,c29d5a7c-2e78-4cd7-99ba-38b001cfbfd6,1,2024-25,6.58,18,18,0,PASS
474f9075-3437-5761-82d6-64b4365e0940,c29d5a7c-2e78-4cd7-99ba-38b001cfbfd6,2,2024-25,6.91,16,20,1,PASS
ccff7ae4-5c01-5046-a7b5-396fdc027f20,c29d5a7c-2e78-4cd7-99ba-38b001cfbfd6,3,2025-26,7.08,20,20,0,PASS
ef71a349-aa11-5b10-9366-0b2ae934fc21,67acaf37-09d1-4ba8-9fb0-589c1c22065d,1,2024-25,7.5,22,22,0,PASS
4974ae8c-01cb-53af-82db-8d049978ce62,67acaf37-09d1-4ba8-9fb0-589c1c22065d,2,2024-25,6.44,18,18,0,PASS
c1e93db5-30fc-59e5-abae-032e3b642738,67acaf37-09d1-4ba8-9fb0-589c1c22065d,3,2025-26,6.8,22,22,0,PASS
d4f76f36-d49a-5399-a823-2cc4a5defa2f,3f2306e8-733e-42be-991e-d9bac41e3a98,1,2024-25,6.5,18,18,0,PASS
8b6f1de8-c097-50b2-94e1-2235c4d4bbf1,3f2306e8-733e-42be-991e-d9bac41e3a98,2,2024-25,6.48,18,18,0,PASS
f908864c-3fba-5241-a403-d9299f9bd720,3f2306e8-733e-42be-991e-d9bac41e3a98,3,2025-26,6.0,22,22,0,PASS
46338826-577a-5fa5-a7b9-14c96fff0632,cd3921df-af1c-4e1a-a800-7743ad60fb5c,1,2024-25,6.78,20,20,0,PASS
c2d8e4a1-afdd-52e7-8149-cc9700a953a9,cd3921df-af1c-4e1a-a800-7743ad60fb5c,2,2024-25,7.35,22,22,0,PASS
e14fb931-cfc2-5850-a5f1-11d93c76c9df,cd3921df-af1c-4e1a-a800-7743ad60fb5c,3,2025-26,6.75,18,18,0,PASS
a4959d90-42b3-5242-9fbb-75e91e6db4e1,7d636658-44c2-4756-96e6-697014364165,1,2025-26,7.01,22,22,0,PASS
5ab5c639-9756-5b37-a894-2b6c03bc71fb,2c9069d4-9a88-4ae7-99e8-4f8be0e22fc2,1,2024-25,6.17,22,22,0,PASS
859eef1c-fe8a-5de2-b8a7-75266a54feec,2c9069d4-9a88-4ae7-99e8-4f8be0e22fc2,2,2024-25,6.49,20,20,0,PASS
11628b83-9809-50df-a6e6-363bd9e290a9,2c9069d4-9a88-4ae7-99e8-4f8be0e22fc2,3,2025-26,6.36,22,22,0,PASS
ba91371d-7ead-50a1-bd8a-4dbb0bfd18cc,e9abd609-e222-4a3d-8c98-cf43455ef66d,1,2023-24,7.05,20,20,0,PASS
705043bb-58b1-58de-8536-2a5457ceaaf6,e9abd609-e222-4a3d-8c98-cf43455ef66d,2,2023-24,6.8,22,22,0,PASS
454a0a48-d6ce-51e0-805a-af7b294328b6,e9abd609-e222-4a3d-8c98-cf43455ef66d,3,2024-25,7.7,18,18,0,PASS
1491e897-9121-5a5d-9c44-9b9bdbcb5bb2,e9abd609-e222-4a3d-8c98-cf43455ef66d,4,2024-25,6.91,20,20,0,PASS
a123f001-f960-57e5-ba42-a345924132f4,e9abd609-e222-4a3d-8c98-cf43455ef66d,5,2025-26,7.51,18,18,0,PASS
7f5f93d8-9961-5a61-939c-b97be7ca4349,33dfdc25-fe94-4ab8-97a9-9d843eca1d1a,1,2024-25,5.72,18,18,0,PASS
5ac7df8c-47f2-5072-bb37-cd43a1ff35b9,33dfdc25-fe94-4ab8-97a9-9d843eca1d1a,2,2024-25,6.75,20,20,0,PASS
c727a438-06fa-5ec1-a097-8a5ee5c4e802,33dfdc25-fe94-4ab8-97a9-9d843eca1d1a,3,2025-26,7.12,20,20,0,PASS
3cb99fa1-1704-5b9c-b0b6-5467fcb017d9,b289de15-f628-42c0-9b31-6f3c9c25c66e,1,2023-24,7.35,22,22,0,PASS
c3ef1279-5841-5f1c-9d36-c89aaf15afb9,b289de15-f628-42c0-9b31-6f3c9c25c66e,2,2023-24,6.96,18,18,0,PASS
0201557b-1572-5085-9745-58ded1ea786c,b289de15-f628-42c0-9b31-6f3c9c25c66e,3,2024-25,7.07,22,22,0,PASS
fb83cbf3-38aa-5ca4-aaf6-d68f40a4d680,b289de15-f628-42c0-9b31-6f3c9c25c66e,4,2024-25,6.82,18,18,0,PASS
b53f324f-89c6-5cb5-ab1c-52b50297b5e1,b289de15-f628-42c0-9b31-6f3c9c25c66e,5,2025-26,7.26,18,18,0,PASS
d4d7d9ba-008d-512d-8e09-ea8b3f0be7c1,1e1eb656-7ac2-4ba4-89c5-b9071f823d86,1,2024-25,6.41,20,20,0,PASS
55089af7-3075-5edf-86d1-b6d334583174,1e1eb656-7ac2-4ba4-89c5-b9071f823d86,2,2024-25,5.78,20,20,0,PASS
a5589dea-77be-54de-bc4e-5f18144cb41d,1e1eb656-7ac2-4ba4-89c5-b9071f823d86,3,2025-26,6.05,18,18,0,PASS
af009ff3-f984-5f87-bd54-9996dc2560af,d85e8fca-bbb2-432a-922e-f426346f1357,1,2023-24,6.96,22,22,0,PASS
45105161-a7b9-5661-a9fd-bf5da5ce2382,d85e8fca-bbb2-432a-922e-f426346f1357,2,2023-24,6.04,20,20,0,PASS
ebc90422-aef1-545b-b888-c9f90325aa4a,d85e8fca-bbb2-432a-922e-f426346f1357,3,2024-25,6.72,22,22,0,PASS
b864ac3d-6fad-542c-b6ff-8e048b3f1728,d85e8fca-bbb2-432a-922e-f426346f1357,4,2024-25,7.2,22,22,0,PASS
5cc59808-9a27-5f3d-bbd0-da3156795201,d85e8fca-bbb2-432a-922e-f426346f1357,5,2025-26,6.95,20,20,0,PASS
9f472c58-d777-508f-b3bc-5b7a7d5a63d2,05aff4fc-0ef5-40ff-99ad-8b7c67374707,1,2023-24,4.67,18,18,0,PASS
942a6781-b18c-50a2-838b-8ad598d3374b,05aff4fc-0ef5-40ff-99ad-8b7c67374707,2,2023-24,5.61,18,18,0,PASS
5899ecd2-6c4d-5739-9877-95d5c74dd88d,05aff4fc-0ef5-40ff-99ad-8b7c67374707,3,2024-25,6.77,18,18,0,PASS
414476dc-2d87-58f4-a0e6-f671fa7d692e,05aff4fc-0ef5-40ff-99ad-8b7c67374707,4,2024-25,5.3,14,18,1,PASS
db304b86-54b1-5b6a-93af-329747570691,05aff4fc-0ef5-40ff-99ad-8b7c67374707,5,2025-26,4.41,20,20,0,PASS
59a87a0b-32fc-586c-8fc9-e869c96dc2c2,6cd7d8b3-c3af-4e50-8560-b1df0af0c3aa,1,2023-24,6.37,20,20,0,PASS
960eb88d-47f7-54e6-9413-3b2cdee5ceca,6cd7d8b3-c3af-4e50-8560-b1df0af0c3aa,2,2023-24,7.22,18,18,0,PASS
5d2d6447-18d7-5505-9b9a-808b24d0e617,6cd7d8b3-c3af-4e50-8560-b1df0af0c3aa,3,2024-25,6.0,22,22,0,PASS
f3204d34-c380-5382-a046-11a3e8263dab,6cd7d8b3-c3af-4e50-8560-b1df0af0c3aa,4,2024-25,7.32,20,20,0,PASS
8773959e-b13f-56d9-8246-1ca83e51eea0,6cd7d8b3-c3af-4e50-8560-b1df0af0c3aa,5,2025-26,6.61,18,18,0,PASS
735b8ca1-b528-5389-a963-3e2fa73a4acc,a2fb666c-3ad8-4c6e-a3fd-186b8b563569,1,2023-24,7.54,22,22,0,PASS
050d2c7c-ebaa-59e3-8bd0-1547c65b46db,a2fb666c-3ad8-4c6e-a3fd-186b8b563569,2,2023-24,7.33,18,18,0,PASS
3c9391d1-9e51-5c17-aa41-631ae1f5c71c,a2fb666c-3ad8-4c6e-a3fd-186b8b563569,3,2024-25,7.13,18,18,0,PASS
15d93a34-d3f8-5745-aafe-06e0295cf956,a2fb666c-3ad8-4c6e-a3fd-186b8b563569,4,2024-25,7.48,22,22,0,PASS
62a9b728-27fc-5aa6-8336-8a8a42da8dde,a2fb666c-3ad8-4c6e-a3fd-186b8b563569,5,2025-26,7.94,20,20,0,PASS
e6ac0a8f-ff7f-5e76-9f61-38a0a352565b,196f7491-0a87-49ba-bfdf-da1fce407e41,1,2025-26,6.35,22,22,0,PASS
c4207222-76a2-5014-acb1-ee6bb456b9be,1d6c3143-7e5b-4247-af44-b4738b1ce4d4,1,2024-25,8.55,18,18,0,PASS
5f409eec-bda6-572a-aa31-406f1f5bf89f,1d6c3143-7e5b-4247-af44-b4738b1ce4d4,2,2024-25,10.0,18,18,0,PASS
53c89bfa-cd28-5e3c-9b26-a4a5f9509866,1d6c3143-7e5b-4247-af44-b4738b1ce4d4,3,2025-26,9.85,18,18,0,PASS
a7240264-8a6f-5b3b-9058-80e809ef12fb,5a991d9d-7d71-4b4f-a3d2-fef8d9bc66cc,1,2025-26,8.55,22,22,0,PASS
6df1820b-473c-50b5-9a7d-ab23bd5310cb,5e6e508c-86eb-4621-a320-03ff96bef7bf,1,2025-26,5.93,22,22,0,PASS
ae381661-4d66-5026-ba8f-e030be036743,0e915a9c-5f50-4427-9524-e51633f06ad9,1,2023-24,6.11,20,20,0,PASS
504a2099-8812-5963-b9c2-f8cf1a56a809,0e915a9c-5f50-4427-9524-e51633f06ad9,2,2023-24,5.85,22,22,0,PASS
b5532cb3-7f92-5984-b202-3f8f1beb7265,0e915a9c-5f50-4427-9524-e51633f06ad9,3,2024-25,5.46,22,22,0,PASS
8b61ffa4-085a-56f4-b947-6d48cab8c3ee,0e915a9c-5f50-4427-9524-e51633f06ad9,4,2024-25,6.61,20,20,0,PASS
2502bb15-98e0-545a-8d22-95086faf4c97,0e915a9c-5f50-4427-9524-e51633f06ad9,5,2025-26,5.5,22,22,0,PASS
3b49b860-67ca-5e5b-821a-bc08d70c7901,32601f4c-ac26-46dc-b11f-f30daa1e54e4,1,2023-24,7.73,20,20,0,PASS
53477765-b616-5fb9-aa18-77349ee8bf80,32601f4c-ac26-46dc-b11f-f30daa1e54e4,2,2023-24,7.99,22,22,0,PASS
3dabedc6-8711-5627-9238-af38a5cd5ad8,32601f4c-ac26-46dc-b11f-f30daa1e54e4,3,2024-25,7.74,20,20,0,PASS
35b3d5b5-6a6c-5710-ad8c-052edc1434ad,32601f4c-ac26-46dc-b11f-f30daa1e54e4,4,2024-25,7.46,20,20,0,PASS
237045c0-8672-5f25-b744-1e70e00149e4,32601f4c-ac26-46dc-b11f-f30daa1e54e4,5,2025-26,7.5,22,22,0,PASS
a288c55b-b1f5-54ba-a0c1-08f5d3a78396,85255be7-77f6-41bd-8cd2-92739befd69c,1,2024-25,7.02,18,18,0,PASS
d61b4c39-db20-5bc3-b4a0-46f5f90f7b73,85255be7-77f6-41bd-8cd2-92739befd69c,2,2024-25,7.61,20,20,0,PASS
16ed5223-a52a-5270-aca3-800f04768684,85255be7-77f6-41bd-8cd2-92739befd69c,3,2025-26,6.32,18,18,0,PASS
0ec920e5-3dbb-5ffd-928e-1dc50dbe9a21,c2333b31-09ec-44b0-b676-c9154914e222,1,2024-25,6.39,20,20,0,PASS
209e022f-c469-5b6a-b870-6a9a6af32a07,c2333b31-09ec-44b0-b676-c9154914e222,2,2024-25,7.0,22,22,0,PASS
dd938bf6-9af4-5aff-9e65-10226934af72,c2333b31-09ec-44b0-b676-c9154914e222,3,2025-26,6.1,18,18,0,PASS
84ceaaf5-d44a-5b39-a48b-61f7ac794aa0,38982a79-49a1-412b-b2a1-174290b886e1,1,2025-26,8.09,18,18,0,PASS
f3744323-9647-5013-860b-d80de30ad844,f0ea0fe2-f9e9-4a52-ae84-3efa8051a3be,1,2023-24,7.77,14,18,1,PASS
97266db9-a12f-5b6a-8074-d9ea67a15d4b,f0ea0fe2-f9e9-4a52-ae84-3efa8051a3be,2,2023-24,7.49,16,20,1,PASS
1fe7d9db-6c95-58e0-a794-720e46b9ca61,f0ea0fe2-f9e9-4a52-ae84-3efa8051a3be,3,2024-25,7.68,22,22,0,PASS
ad739a54-b0d7-5582-bae5-ca57f9601b3e,f0ea0fe2-f9e9-4a52-ae84-3efa8051a3be,4,2024-25,7.68,22,22,0,PASS
ac723610-9f6e-52d8-b177-a2b791e7eaab,f0ea0fe2-f9e9-4a52-ae84-3efa8051a3be,5,2025-26,7.28,22,22,0,PASS
af3a3e98-50db-5c79-8f70-c4d398fe65cb,ded5b364-8588-458e-a9f7-e2a193883775,1,2024-25,7.93,20,20,0,PASS
665b4c39-4b72-5e4c-9cd1-7e30c707a3c3,ded5b364-8588-458e-a9f7-e2a193883775,2,2024-25,7.89,22,22,0,PASS
22043d3e-20af-59b9-bb3f-9c165fe3e90f,ded5b364-8588-458e-a9f7-e2a193883775,3,2025-26,7.7,20,20,0,PASS
0fc3797f-c0f6-51ae-9717-f746dac87cc3,ca239e5a-e87b-4521-8602-e18c40dcbded,1,2023-24,7.44,22,22,0,PASS
c21e3969-d44d-569e-9de0-072899534aff,ca239e5a-e87b-4521-8602-e18c40dcbded,2,2023-24,7.06,20,20,0,PASS
167bcbcd-aeb3-568d-a122-5556c34b74dc,ca239e5a-e87b-4521-8602-e18c40dcbded,3,2024-25,7.24,22,22,0,PASS
0725ab23-fb57-5b6f-a4e4-e567e8366bd3,ca239e5a-e87b-4521-8602-e18c40dcbded,4,2024-25,6.0,16,20,1,PASS
2096891d-ac9a-5ca5-b488-d4c82b0f3a0f,ca239e5a-e87b-4521-8602-e18c40dcbded,5,2025-26,6.15,18,18,0,PASS
bd886533-1e93-56d0-bb2d-b4c190cce0ff,37ded831-df02-41b6-b566-5b713bf15bb6,1,2023-24,6.46,20,20,0,PASS
664e6dd2-38a3-5d2e-826b-1c7fc185fb90,37ded831-df02-41b6-b566-5b713bf15bb6,2,2023-24,5.7,20,20,0,PASS
95b26590-9d46-51ba-a1f9-3e68b4ec7f66,37ded831-df02-41b6-b566-5b713bf15bb6,3,2024-25,6.63,20,20,0,PASS
ed055493-2e97-5a5d-9867-79c3e3e45cdb,37ded831-df02-41b6-b566-5b713bf15bb6,4,2024-25,4.9,22,22,0,PASS
e505254d-6d9f-526f-a4a4-667b26647e93,37ded831-df02-41b6-b566-5b713bf15bb6,5,2025-26,6.01,20,20,0,PASS
08ed4057-f85a-55c8-8bcb-a7d1d77d4806,f084fc33-aa1b-4930-84ca-c1544cf2ef6d,1,2025-26,7.22,18,18,0,PASS
a0ece15d-c002-5854-bcfe-b7cf872bfbfb,af175c0c-15f0-44f8-81e5-ef8524d49392,1,2025-26,6.2,20,20,0,PASS
d1cd625f-bac4-59f9-9ff7-4cb54c89f432,a14a6397-5b93-464b-b6d8-3ebbe5e7f1c4,1,2023-24,8.66,20,20,0,PASS
2e4974b9-fb56-5442-ac88-56239908d6bc,a14a6397-5b93-464b-b6d8-3ebbe5e7f1c4,2,2023-24,8.54,18,18,0,PASS
e97ea937-6e3c-547a-8182-d6ca1f0d62df,a14a6397-5b93-464b-b6d8-3ebbe5e7f1c4,3,2024-25,8.93,22,22,0,PASS
7f3a4b69-4e36-5ae9-8a40-86245995fc22,a14a6397-5b93-464b-b6d8-3ebbe5e7f1c4,4,2024-25,8.84,18,18,0,PASS
826ccbe1-5e04-5c61-aac4-771193b9275a,a14a6397-5b93-464b-b6d8-3ebbe5e7f1c4,5,2025-26,9.68,18,18,0,PASS
47f732fa-a98a-5294-9eb0-2af4fbca0dfa,b196267c-e9ec-446b-bb9d-7daaa27cc54c,1,2025-26,8.16,18,18,0,PASS
bde24679-c6a6-5878-9e46-10f3b4e5db10,9129f6dd-8c42-4689-8390-b53442393f78,1,2025-26,7.41,22,22,0,PASS
78a48aff-80c2-546f-a261-f7cd95f3f9e7,009a5366-715a-44a4-a575-400171178811,1,2025-26,9.74,20,20,0,PASS
e1eb3abd-2864-595e-905b-030e90c54a09,e309f6c1-3d89-4582-be44-594c355de08f,1,2025-26,9.42,18,18,0,PASS
219ebdc8-2ea6-5793-9820-933e3fc2ffc4,2bf9d12f-2d2b-4f7d-be18-857095334cf6,1,2024-25,6.94,20,20,0,PASS
e86b62cd-0ba2-51cd-bd9e-45e3693751e6,2bf9d12f-2d2b-4f7d-be18-857095334cf6,2,2024-25,7.19,22,22,0,PASS
3192344e-2044-5e94-8486-2246d206c1c3,2bf9d12f-2d2b-4f7d-be18-857095334cf6,3,2025-26,6.43,18,18,0,PASS
1906dde6-498d-5502-9e7f-c956670afcea,98741a3c-0101-46f1-91bf-4e998872c26b,1,2025-26,6.41,22,22,0,PASS
a45d276e-c561-5f44-926f-f8b169ef32fe,d126ca15-f173-4e5d-81d2-5cd2c3c6e19c,1,2023-24,8.11,20,20,0,PASS
0d5cb9d1-4bb4-58bd-8cb6-6a90467d04c4,d126ca15-f173-4e5d-81d2-5cd2c3c6e19c,2,2023-24,8.57,20,20,0,PASS
84b34948-438e-5fcb-aa0d-363b40baa273,d126ca15-f173-4e5d-81d2-5cd2c3c6e19c,3,2024-25,7.67,20,20,0,PASS
75633fec-f25d-5850-8be1-f011cef2dd30,d126ca15-f173-4e5d-81d2-5cd2c3c6e19c,4,2024-25,8.42,22,22,0,PASS
31bfb295-f570-51c7-9ea1-e260ef1ec2f0,d126ca15-f173-4e5d-81d2-5cd2c3c6e19c,5,2025-26,7.8,22,22,0,PASS
7c014e87-7205-5c09-b73b-30a4e6818085,2827d682-37df-4ce1-bbf3-9a60813adb16,1,2025-26,7.85,20,20,0,PASS
4a275097-881f-5c90-b626-14c4820c17b9,0271955f-73e9-486c-aa69-22c6b30e7255,1,2024-25,6.78,20,20,0,PASS
de29dc96-dabd-5ede-93c0-93a2ff8641b4,0271955f-73e9-486c-aa69-22c6b30e7255,2,2024-25,8.63,18,18,0,PASS
56a01afd-b7bb-5914-8789-fffd589fa47a,0271955f-73e9-486c-aa69-22c6b30e7255,3,2025-26,7.4,20,20,0,PASS
4ac2c865-f67e-573d-897a-b16f6e2a4a3e,9ffc5036-e640-4c0d-8ea4-34c012166d44,1,2025-26,8.02,20,20,0,PASS
bdeefb77-9249-5822-9aa3-6440c1841d18,97b50ebe-91e6-4fb0-a91c-135abc8331ca,1,2023-24,8.15,18,18,0,PASS
64f2f046-a8b2-5847-924e-67e3a62b4298,97b50ebe-91e6-4fb0-a91c-135abc8331ca,2,2023-24,7.12,20,20,0,PASS
162d66ce-1c19-5928-8964-a1244b4f98e4,97b50ebe-91e6-4fb0-a91c-135abc8331ca,3,2024-25,7.69,22,22,0,PASS
c128696c-9140-54c9-a2c8-a51072c3f87f,97b50ebe-91e6-4fb0-a91c-135abc8331ca,4,2024-25,8.59,20,20,0,PASS
baeaf9cc-dc11-5a85-8633-31cd11fd3b16,97b50ebe-91e6-4fb0-a91c-135abc8331ca,5,2025-26,8.16,22,22,0,PASS
86c93a62-c2e8-5ad2-9393-108140eabecc,ad1c08a6-3a5d-4402-9394-1c067df9d095,1,2025-26,7.74,14,18,1,PASS
406a9c3e-3afe-563f-8604-ce406ca64bc0,a44b713b-5de1-44ef-9d5f-dafe07c64fde,1,2023-24,8.33,18,18,0,PASS
2244a2bb-181c-5fb5-9288-8c04ac1a3d30,a44b713b-5de1-44ef-9d5f-dafe07c64fde,2,2023-24,8.41,16,20,1,PASS
082a7ca0-2f45-52a9-997a-f5825cccd6dd,a44b713b-5de1-44ef-9d5f-dafe07c64fde,3,2024-25,8.03,22,22,0,PASS
8f3cd524-b9e2-542b-9df2-2dfe9ac9163d,a44b713b-5de1-44ef-9d5f-dafe07c64fde,4,2024-25,8.57,22,22,0,PASS
4158c979-a7a1-51b9-b070-aae76216972c,a44b713b-5de1-44ef-9d5f-dafe07c64fde,5,2025-26,8.99,20,20,0,PASS
2b8ed4a1-a65c-5f64-9cb9-6f53815e45c6,6b1dadad-96c2-49f5-84a4-8c090c6ca578,1,2025-26,5.15,20,20,0,PASS
eb2aceb8-e4cf-5c84-89ed-7a9655a2362e,9e562acb-851d-41d2-9875-9842ea42fe88,1,2023-24,7.89,20,20,0,PASS
5cadcb81-8e35-51a2-abb5-5c04743e4a19,9e562acb-851d-41d2-9875-9842ea42fe88,2,2023-24,6.94,14,18,1,PASS
e8e5c65f-3d0b-5c15-9ec3-e465b623e06a,9e562acb-851d-41d2-9875-9842ea42fe88,3,2024-25,6.91,18,18,0,PASS
7499f2cd-e2dd-53b9-b801-c4e91666087f,9e562acb-851d-41d2-9875-9842ea42fe88,4,2024-25,6.6,20,20,0,PASS
2e92f623-78c1-51c0-bd33-656e8cf4e2f3,9e562acb-851d-41d2-9875-9842ea42fe88,5,2025-26,7.42,20,20,0,PASS
a949e3d8-ca81-5a67-9a66-c7c6cc1af890,b294feb3-9edd-4130-aa19-51ab3620f741,1,2025-26,7.01,18,18,0,PASS
74696fe2-a222-5417-b738-9ba1c9c9a906,dd718e4e-5783-46d7-993d-657fc25b4bc1,1,2025-26,6.45,18,22,1,FAIL
d3aeeca0-cb58-5022-aba5-3e91caabe4f4,bfa9803f-ace8-45c0-8031-109c494be49f,1,2025-26,9.03,22,22,0,PASS
75fff9cf-89ad-5a0e-aa6e-7dd681973579,baf154b5-2d4d-4c0a-b4fd-2b05d2feb16e,1,2024-25,7.31,18,18,0,PASS
6ac56f4e-d898-5412-841b-a6a6c627fa68,baf154b5-2d4d-4c0a-b4fd-2b05d2feb16e,2,2024-25,7.17,18,18,0,PASS
c2398306-4650-5d01-9b3b-42ce5a353f93,baf154b5-2d4d-4c0a-b4fd-2b05d2feb16e,3,2025-26,8.28,20,20,0,PASS
5edea0bb-8962-5b01-8aa6-bf8e0fca699e,e62b1509-924f-49ed-b148-ebe005f3b3d1,1,2024-25,7.2,18,18,0,PASS
ddc60245-81e9-588f-b00d-fb1af0e60540,e62b1509-924f-49ed-b148-ebe005f3b3d1,2,2024-25,7.62,22,22,0,PASS
8b6b2120-a4bf-5ec6-a4c7-f263f1b53daf,e62b1509-924f-49ed-b148-ebe005f3b3d1,3,2025-26,6.91,22,22,0,PASS
81c6b849-b5a8-5e18-98db-8ce3f199c0a2,392519ab-fef0-4af9-b669-0366ff089c3b,1,2025-26,6.48,22,22,0,PASS
41479078-e406-54b0-9ff0-46c9de3c82ad,967e9c59-a0a5-4c88-a46d-25b7fcdf0d4b,1,2024-25,8.52,20,20,0,PASS
606c7c50-5bee-5f34-b23a-ea1c537422df,967e9c59-a0a5-4c88-a46d-25b7fcdf0d4b,2,2024-25,8.14,22,22,0,PASS
685c8ce4-a91d-5236-8ccb-0b575ded6fa4,967e9c59-a0a5-4c88-a46d-25b7fcdf0d4b,3,2025-26,7.31,22,22,0,PASS
328279bb-698b-558d-acbd-e4d9be064a07,3ff7a083-bbb8-4966-a9a1-1124f6072d27,1,2024-25,5.78,22,22,0,PASS
d8b10e2e-dfc7-509a-b097-666bbeb2338c,3ff7a083-bbb8-4966-a9a1-1124f6072d27,2,2024-25,5.64,20,20,0,PASS
8a81b85f-db1b-537f-97df-99fae106ce68,3ff7a083-bbb8-4966-a9a1-1124f6072d27,3,2025-26,5.93,18,18,0,PASS
19db46a3-eb10-573b-86d1-ca90ed0f1890,ca37fdd3-d86c-4a59-be8b-20eb2ef37fca,1,2023-24,5.66,20,20,0,PASS
1a1c1ad3-7e8b-5a66-87f0-4a608f624428,ca37fdd3-d86c-4a59-be8b-20eb2ef37fca,2,2023-24,5.44,22,22,0,PASS
a0fa5ee2-54a6-5d3c-80c9-02fb3cd9fded,ca37fdd3-d86c-4a59-be8b-20eb2ef37fca,3,2024-25,5.99,20,20,0,PASS
a8bbf00b-03e5-5acb-9032-85c08bb40eb7,ca37fdd3-d86c-4a59-be8b-20eb2ef37fca,4,2024-25,5.52,18,18,0,PASS
2e86df06-832f-572a-98b3-048ea72be797,ca37fdd3-d86c-4a59-be8b-20eb2ef37fca,5,2025-26,5.31,22,22,0,PASS
f96694cb-eaec-5dd2-a93f-33c4e50f1bf5,53d735ae-0b66-4612-8de1-45b5b36f2c5a,1,2023-24,6.18,18,18,0,PASS
202b797c-8113-5e74-b20e-7631129d168b,53d735ae-0b66-4612-8de1-45b5b36f2c5a,2,2023-24,6.02,20,20,0,PASS
4e3f9aee-bdc1-57a8-b9ea-a3e1abfa68c2,53d735ae-0b66-4612-8de1-45b5b36f2c5a,3,2024-25,5.35,18,18,0,PASS
e9fa83f3-6b26-5c2d-830a-f980d6db2c38,53d735ae-0b66-4612-8de1-45b5b36f2c5a,4,2024-25,6.8,18,18,0,PASS
300d710b-ca25-52bc-b1f2-97016adcc083,53d735ae-0b66-4612-8de1-45b5b36f2c5a,5,2025-26,5.16,20,20,0,PASS
91f3030a-9a1b-57ca-9563-84930fc7726e,3a834626-4b2d-40ad-af64-391d6d26242d,1,2024-25,7.53,20,20,0,PASS
c134551a-24d6-5b67-a4bb-5f2d9ed5a99e,3a834626-4b2d-40ad-af64-391d6d26242d,2,2024-25,9.07,18,18,0,PASS
ae1e49ed-5b25-5b04-99b6-ee4ce2f1f81b,3a834626-4b2d-40ad-af64-391d6d26242d,3,2025-26,8.99,18,18,0,PASS
3a41f85b-f5a6-5fed-b7f5-f38667db347e,fe2ab766-c230-4fea-94cd-c699bfe2124d,1,2023-24,7.21,18,18,0,PASS
238f5f77-115a-5b3d-971b-9abb71de5567,fe2ab766-c230-4fea-94cd-c699bfe2124d,2,2023-24,5.78,20,20,0,PASS
fcc83940-bc31-5b05-9539-f7e66f674150,fe2ab766-c230-4fea-94cd-c699bfe2124d,3,2024-25,6.27,20,20,0,PASS
6fd8ccad-920a-5b23-804e-ddc09e5adca1,fe2ab766-c230-4fea-94cd-c699bfe2124d,4,2024-25,6.87,20,20,0,PASS
ccd915c0-a0cd-5db3-b902-b31ce2b5f084,fe2ab766-c230-4fea-94cd-c699bfe2124d,5,2025-26,6.42,20,20,0,PASS
336c89d1-f5ce-504a-8669-c75f17d746b3,87176dc9-9357-4050-9eac-33089f76d613,1,2023-24,9.24,20,20,0,PASS
ac47154b-6fa2-5d2d-a1f8-017fe2a29198,87176dc9-9357-4050-9eac-33089f76d613,2,2023-24,8.82,18,18,0,PASS
1ebe0dd1-c344-559d-8c60-af1e3b4e8d65,87176dc9-9357-4050-9eac-33089f76d613,3,2024-25,9.18,20,20,0,PASS
1787a66b-86ee-57b7-b34c-c71f253c6311,87176dc9-9357-4050-9eac-33089f76d613,4,2024-25,7.45,20,20,0,PASS
68170f2d-5f08-549d-870f-e22689258422,87176dc9-9357-4050-9eac-33089f76d613,5,2025-26,8.55,22,22,0,PASS
51b7408f-7199-50ac-8000-d185b18e5082,9877e6b1-3dbd-4639-9554-23724ee2c71d,1,2023-24,9.8,18,18,0,PASS
ca4ee93c-c7ec-526b-9886-9cf5efeea62c,9877e6b1-3dbd-4639-9554-23724ee2c71d,2,2023-24,8.81,20,20,0,PASS
b9d9fd1c-723d-53f9-b167-d1dbab398d36,9877e6b1-3dbd-4639-9554-23724ee2c71d,3,2024-25,8.71,22,22,0,PASS
7e5b6d12-ea55-5ddd-b58a-298ad25ce96a,9877e6b1-3dbd-4639-9554-23724ee2c71d,4,2024-25,9.23,20,20,0,PASS
5390b558-d988-5c18-9595-cd2f7662b19a,9877e6b1-3dbd-4639-9554-23724ee2c71d,5,2025-26,8.41,22,22,0,PASS
6abc7e41-11fc-537a-a4a0-96ee85e93f61,9467a5a0-7ccc-416c-8cae-944aed9f9320,1,2024-25,9.43,18,18,0,PASS
0606301f-adeb-5603-883a-24082759fdb0,9467a5a0-7ccc-416c-8cae-944aed9f9320,2,2024-25,9.15,22,22,0,PASS
a6fe5a8b-3ee4-5ac3-b779-5b713b913f9a,9467a5a0-7ccc-416c-8cae-944aed9f9320,3,2025-26,8.86,14,18,1,PASS
2a046fbb-d123-5b42-b13c-a2c33e98cb9d,62c44b4b-e9cc-4962-aa45-cdf98a4d9d4e,1,2024-25,9.29,22,22,0,PASS
fcf96ff7-a92d-53f5-97fd-b69f6e1f4a29,62c44b4b-e9cc-4962-aa45-cdf98a4d9d4e,2,2024-25,9.79,18,18,0,PASS
c9238409-985b-5784-b07b-ccbf467a3132,62c44b4b-e9cc-4962-aa45-cdf98a4d9d4e,3,2025-26,10.0,22,22,0,PASS
731ae93e-c8b0-5dc1-bfac-4308700e9bdf,ae58e1a2-83a2-4a00-b180-ebf074387d60,1,2025-26,7.91,18,18,0,PASS
847198ca-0143-5194-81b2-819d15737d11,a7e54863-172b-49ba-b337-e831cb190afc,1,2023-24,7.67,22,22,0,PASS
82d0f858-0e37-54e1-98fc-6dc4b7468310,a7e54863-172b-49ba-b337-e831cb190afc,2,2023-24,7.32,20,20,0,PASS
dc632fbe-b184-5079-ac6e-a05992cb5250,a7e54863-172b-49ba-b337-e831cb190afc,3,2024-25,8.26,20,20,0,PASS
7a4dedb7-d489-5f7f-ab76-b4aa9ae62bb6,a7e54863-172b-49ba-b337-e831cb190afc,4,2024-25,7.73,18,22,1,PASS
c15ac426-8dd4-5d72-8a11-735a91bd7aa6,a7e54863-172b-49ba-b337-e831cb190afc,5,2025-26,8.25,20,20,0,PASS
85b1ed1e-3dc4-54c4-a5a3-0322e92ecfb1,2e581dd5-2c58-4883-b47d-a38757a9ae2c,1,2025-26,5.59,20,20,0,PASS
2ca3a35f-148d-5b04-90b9-77f4c49f6767,19e7e30a-9014-48e2-97a8-a82136a65209,1,2025-26,7.99,18,18,0,PASS
2dd974ee-13da-5a8a-b109-a86c1affeb9b,148f981d-05e3-45d6-a6a5-884a8ec8b09f,1,2025-26,8.44,18,18,0,PASS
b81d885f-2d68-55cd-a16a-d90128023d9b,108be8c2-c46c-4508-8eee-90d4ecbb7007,1,2023-24,8.29,16,20,1,PASS
ccbad085-073e-585a-9f44-6580610119c5,108be8c2-c46c-4508-8eee-90d4ecbb7007,2,2023-24,9.32,22,22,0,PASS
479f9e30-3f9f-5471-8aff-c5fd1e08b72f,108be8c2-c46c-4508-8eee-90d4ecbb7007,3,2024-25,8.17,20,20,0,PASS
77c4148f-d5d7-52e5-a249-7ebcd038c0cd,108be8c2-c46c-4508-8eee-90d4ecbb7007,4,2024-25,8.62,18,18,0,PASS
d45a9a4e-9de5-50f5-ad67-3571e6dad2a4,108be8c2-c46c-4508-8eee-90d4ecbb7007,5,2025-26,8.56,22,22,0,PASS
de1a27b3-1cf7-5fdc-b14e-1f66131dcb4f,5a29a8d1-4006-4a46-a1cd-46c3bce70e8d,1,2025-26,9.2,22,22,0,PASS
a687efc5-452b-582f-b2c7-17ac7deeac6b,891d3a1b-102f-4954-b3c7-bd714661e911,1,2024-25,6.7,18,18,0,PASS
80db919f-70ee-5088-96f0-a9f307731d76,891d3a1b-102f-4954-b3c7-bd714661e911,2,2024-25,6.65,20,20,0,PASS
4badb029-31f7-5288-90d5-6800d260527d,891d3a1b-102f-4954-b3c7-bd714661e911,3,2025-26,6.41,22,22,0,PASS
31a35a9b-ef35-5280-9a57-d714d182290e,ce7c0672-b2c4-47ee-a04c-b9c605806d05,1,2025-26,6.33,22,22,0,PASS
71acdaf8-4bca-56db-b4ce-012e5aa34517,74abd212-9d4f-46c8-be47-9e8f5727300d,1,2023-24,6.61,20,20,0,PASS
f3bc194b-339b-559a-8145-39d2ffb98be0,74abd212-9d4f-46c8-be47-9e8f5727300d,2,2023-24,6.86,22,22,0,PASS
7e887c1f-04cd-54b1-8df1-2b6b2e8e2c6b,74abd212-9d4f-46c8-be47-9e8f5727300d,3,2024-25,6.25,20,20,0,PASS
946ede5c-30ee-52ad-a582-3141a462b135,74abd212-9d4f-46c8-be47-9e8f5727300d,4,2024-25,8.02,22,22,0,PASS
4c4eb0d5-4e3e-5619-8748-5fbcc139000d,74abd212-9d4f-46c8-be47-9e8f5727300d,5,2025-26,6.41,18,18,0,PASS
3bfc2816-fb82-57b4-b22d-d3eceb2c9fd2,02eb3988-d904-491b-a8f0-624840cdfd5b,1,2024-25,8.84,20,20,0,PASS
823870ed-4c2f-529f-b971-2f14d87a3a07,02eb3988-d904-491b-a8f0-624840cdfd5b,2,2024-25,9.64,18,18,0,PASS
c53dd7bd-7157-579d-8a1a-a1da5d675e8d,02eb3988-d904-491b-a8f0-624840cdfd5b,3,2025-26,8.84,18,18,0,PASS
1dd73925-cf09-58d8-aabf-8f306d1fec4d,183ec393-673a-4381-a789-805b44ed63d0,1,2025-26,8.18,20,20,0,PASS
cbdd6f13-2d18-505c-b1cc-af945ef1adb8,2a74a1f7-4817-49e3-aa83-fe858c9309e7,1,2023-24,7.99,18,22,1,PASS
9774072b-8e06-58b8-82df-a38293409f5e,2a74a1f7-4817-49e3-aa83-fe858c9309e7,2,2023-24,7.21,18,18,0,PASS
5cde0791-d43d-595e-9c44-a38570139d17,2a74a1f7-4817-49e3-aa83-fe858c9309e7,3,2024-25,7.8,18,18,0,PASS
a805f999-1380-587f-8951-03f67b03365c,2a74a1f7-4817-49e3-aa83-fe858c9309e7,4,2024-25,7.34,22,22,0,PASS
ab9e9bb5-4935-513d-b7e4-5e60712ad517,2a74a1f7-4817-49e3-aa83-fe858c9309e7,5,2025-26,7.71,22,22,0,PASS
4bd05773-9e4e-5699-9428-11c78b899ea3,40a61690-bf42-4f59-b592-9457a1d8c464,1,2023-24,4.3,22,22,0,PASS
e2de88f2-9afb-52da-9d3b-517c3c7dd228,40a61690-bf42-4f59-b592-9457a1d8c464,2,2023-24,4.82,22,22,0,PASS
558fdc17-eb64-5779-a58a-691368057df9,40a61690-bf42-4f59-b592-9457a1d8c464,3,2024-25,5.94,22,22,0,PASS
1f2bae92-d5f3-5a80-a24a-f4728258cad2,40a61690-bf42-4f59-b592-9457a1d8c464,4,2024-25,5.82,20,20,0,PASS
d8640d64-7e25-5991-a052-05ce372dd98c,40a61690-bf42-4f59-b592-9457a1d8c464,5,2025-26,5.15,20,20,0,PASS
519607e3-b51d-557c-9cab-765aa11fd332,4a9797d1-c415-4454-a869-91ae222216c6,1,2024-25,7.73,18,18,0,PASS
58ea9601-d0ac-5cdd-8ff8-15b85668700b,4a9797d1-c415-4454-a869-91ae222216c6,2,2024-25,8.57,20,20,0,PASS
de6d35e6-6923-57b4-a071-f7e2f2307b62,4a9797d1-c415-4454-a869-91ae222216c6,3,2025-26,8.56,22,22,0,PASS
fef1064b-ec50-5c54-945d-65c319fb5b2d,ff722687-67d6-48c9-9bc2-b0310632a222,1,2025-26,7.44,20,20,0,PASS
49b97aaf-4d32-5dbb-bfbc-a01842f40eaf,5f40dab2-cc69-49e5-b14c-2f5b4034448f,1,2024-25,8.57,20,20,0,PASS
d727135e-cc44-5388-82d5-e9af19cbeb14,5f40dab2-cc69-49e5-b14c-2f5b4034448f,2,2024-25,7.34,22,22,0,PASS
20bcae9d-686e-5be7-b932-0b8c3ee7d407,5f40dab2-cc69-49e5-b14c-2f5b4034448f,3,2025-26,7.16,22,22,0,PASS
4156eeef-2ebf-5705-8a53-5c0c28194709,7298b618-497f-42ee-9e4d-78d5ac898fa2,1,2025-26,8.46,18,18,0,PASS
79c26145-bea5-5d1b-be01-49dab042d504,b1a50bdf-1d4f-4ed0-9195-752c75f7fff5,1,2024-25,9.04,18,18,0,PASS
002ca547-a283-5fa8-822b-8a71d544c205,b1a50bdf-1d4f-4ed0-9195-752c75f7fff5,2,2024-25,9.03,20,20,0,PASS
ef29fa53-03ec-5212-bb96-91eb6563fc67,b1a50bdf-1d4f-4ed0-9195-752c75f7fff5,3,2025-26,8.96,16,20,1,PASS
2eef1977-5bef-5eda-a8af-652a8db71cea,67c69404-4b2a-40a7-b081-d7b9858c2021,1,2023-24,6.22,20,20,0,PASS
deb68925-2b00-5da3-ae3f-81a8e14b4d6e,67c69404-4b2a-40a7-b081-d7b9858c2021,2,2023-24,6.04,22,22,0,PASS
2c3fc909-0c8c-5410-9ed6-38917b4f3db5,67c69404-4b2a-40a7-b081-d7b9858c2021,3,2024-25,5.93,18,18,0,PASS
912d1084-62ad-53ae-941e-94bb3e095ff0,67c69404-4b2a-40a7-b081-d7b9858c2021,4,2024-25,7.03,22,22,0,PASS
f4c8dad6-825e-5ffb-bf6c-2c94813a364d,67c69404-4b2a-40a7-b081-d7b9858c2021,5,2025-26,6.45,18,18,0,PASS
8eb37a98-2853-503d-beac-5e4e445e7c12,f0b5b045-aa4c-4d6f-a659-650cbaaecb75,1,2024-25,6.83,20,20,0,PASS
b36a317a-646e-555e-be62-90d4f0e512f4,f0b5b045-aa4c-4d6f-a659-650cbaaecb75,2,2024-25,6.97,18,18,0,PASS
833820ae-484a-5537-b376-427b6493f9da,f0b5b045-aa4c-4d6f-a659-650cbaaecb75,3,2025-26,5.3,22,22,0,PASS
ac7d4486-ce6f-5b39-9173-5e36b1e19f91,819fbb44-a47d-4268-b4fe-07a08755c05e,1,2023-24,7.03,16,20,1,PASS
4d1ac2c2-90ec-5760-b3db-577aa9ad6fff,819fbb44-a47d-4268-b4fe-07a08755c05e,2,2023-24,6.49,18,18,0,PASS
6c015981-618b-5a28-a90f-36e827c84612,819fbb44-a47d-4268-b4fe-07a08755c05e,3,2024-25,7.42,22,22,0,PASS
38cb5a80-c7ff-500b-9d5d-0f969a5f416c,819fbb44-a47d-4268-b4fe-07a08755c05e,4,2024-25,6.74,20,20,0,PASS
180d52b2-b1b0-5d31-91e5-ba4f96b08797,819fbb44-a47d-4268-b4fe-07a08755c05e,5,2025-26,6.69,18,18,0,PASS
3355cd41-1151-5231-833c-918020bb9025,884f29c5-f10f-4219-a7b2-a143e98d99c0,1,2025-26,8.66,20,20,0,PASS
6ce81444-298c-5208-9d42-af2953b0d68d,800dadeb-a4b5-4ab3-91c8-1725ae3fdb6b,1,2023-24,8.35,22,22,0,PASS
63cfb6d5-7d69-5592-9c7e-00fa1eab133f,800dadeb-a4b5-4ab3-91c8-1725ae3fdb6b,2,2023-24,9.35,18,18,0,PASS
a8a685ee-c5e7-5ef0-9e4d-65d78014b019,800dadeb-a4b5-4ab3-91c8-1725ae3fdb6b,3,2024-25,8.69,22,22,0,PASS
2f36ccc5-659e-5c45-8bad-ce140500da5c,800dadeb-a4b5-4ab3-91c8-1725ae3fdb6b,4,2024-25,8.47,22,22,0,PASS
6c23ad56-6a29-546f-ab34-aca9203c2724,800dadeb-a4b5-4ab3-91c8-1725ae3fdb6b,5,2025-26,8.91,22,22,0,PASS
6c297c9a-94b1-5a00-9198-b720fa7cdf49,e61fd452-72da-45f6-b3e1-ffdfc86b08a4,1,2023-24,8.46,22,22,0,PASS
88e9db70-ed8e-5427-9d27-9630b13a2121,e61fd452-72da-45f6-b3e1-ffdfc86b08a4,2,2023-24,8.02,20,20,0,PASS
fbd2ad81-edaf-5755-8fae-16c9669dfdd7,e61fd452-72da-45f6-b3e1-ffdfc86b08a4,3,2024-25,8.5,22,22,0,PASS
2d4f2728-ae9f-56e5-893f-15e990566217,e61fd452-72da-45f6-b3e1-ffdfc86b08a4,4,2024-25,7.92,20,20,0,PASS
a3ed6c35-52d2-5958-9846-196708f9440c,e61fd452-72da-45f6-b3e1-ffdfc86b08a4,5,2025-26,8.04,20,20,0,PASS
90319697-90a3-5459-a7ef-9f1beb1142db,e8843073-606d-40d5-a309-f67a825c73a5,1,2024-25,6.56,22,22,0,PASS
8dab1552-09af-5450-bfb5-47f9633b7740,e8843073-606d-40d5-a309-f67a825c73a5,2,2024-25,7.71,18,18,0,PASS
a3e03b12-bb94-576b-9d20-a08e44e6ec4c,e8843073-606d-40d5-a309-f67a825c73a5,3,2025-26,6.38,22,22,0,PASS
59d8281c-dda7-5ef8-a599-98a59956efcd,e9bd7e45-5a3b-460b-b29f-8bc8225ce18f,1,2024-25,10.0,18,18,0,PASS
5794113c-5abc-5797-9893-1f4ce905d146,e9bd7e45-5a3b-460b-b29f-8bc8225ce18f,2,2024-25,9.78,20,20,0,PASS
0b5881dd-78bc-5af6-b4a2-7801678b1a13,e9bd7e45-5a3b-460b-b29f-8bc8225ce18f,3,2025-26,9.42,18,18,0,PASS
1c9fac99-e9d0-57df-abb7-4f7cbc9766ef,6be14b8c-0196-4b0b-9d4b-004b38ebc617,1,2024-25,8.66,18,18,0,PASS
0240def6-03bd-5345-b2d2-d6bddd32b8c6,6be14b8c-0196-4b0b-9d4b-004b38ebc617,2,2024-25,8.5,18,18,0,PASS
4f93c263-611f-5e27-b983-4c177ac7bc60,6be14b8c-0196-4b0b-9d4b-004b38ebc617,3,2025-26,8.76,20,20,0,PASS
1cd84ab5-2d54-5de1-9838-6852939482a5,f28b955e-3429-4554-805f-6ae433c26064,1,2024-25,8.84,14,18,1,PASS
2e74b78f-526f-5a21-b699-2a08b1316502,f28b955e-3429-4554-805f-6ae433c26064,2,2024-25,7.65,20,20,0,PASS
8e66822b-f5cc-53ae-a24f-0ba6940be714,f28b955e-3429-4554-805f-6ae433c26064,3,2025-26,8.17,18,18,0,PASS
834ffb03-5d41-5ad1-9e05-f0393325790e,607f8e96-b735-4676-bc7f-035b2e782ee7,1,2025-26,7.24,20,20,0,PASS
1e37539b-003a-513f-9a72-aecc5993044b,82cb0222-b361-4899-91c6-f06468d0edff,1,2023-24,7.18,22,22,0,PASS
cb9cdaa6-075a-5dfa-8bb0-482c72bf089e,82cb0222-b361-4899-91c6-f06468d0edff,2,2023-24,7.21,20,20,0,PASS
9f51fddd-e1f3-5a38-ab49-9db999759f1b,82cb0222-b361-4899-91c6-f06468d0edff,3,2024-25,7.07,20,20,0,PASS
77ad2661-8f0a-5ac1-b4af-8d096f0253ed,82cb0222-b361-4899-91c6-f06468d0edff,4,2024-25,7.77,20,20,0,PASS
0f268664-b775-5a8c-b668-09595a6758ee,82cb0222-b361-4899-91c6-f06468d0edff,5,2025-26,7.01,20,20,0,PASS
738e9274-7867-52d8-b2d9-e2f3d1a888a6,594c23e8-2de2-45bd-a891-64a7936fee4d,1,2025-26,7.21,20,20,0,PASS
ea0d6d63-978d-5fed-8f29-fb20205b4fb5,605f6266-3e4b-4fec-ac48-71e7254a94f3,1,2024-25,9.14,22,22,0,PASS
c585e102-1b08-5abf-8faf-36f017616156,605f6266-3e4b-4fec-ac48-71e7254a94f3,2,2024-25,8.6,18,18,0,PASS
2bd4b33f-238f-52fd-9653-20bad5d50c6a,605f6266-3e4b-4fec-ac48-71e7254a94f3,3,2025-26,8.56,18,22,1,PASS
d4f9b152-5b61-503b-84e6-8cb0e2aa4f1f,ddc1ce58-cacc-42f1-882c-389ba58f04cb,1,2023-24,7.66,18,18,0,PASS
0a0f915c-8aa9-532d-b366-3952cd2b52e6,ddc1ce58-cacc-42f1-882c-389ba58f04cb,2,2023-24,7.19,20,20,0,PASS
bba3fcb5-bae4-5021-9c13-083fc0e90802,ddc1ce58-cacc-42f1-882c-389ba58f04cb,3,2024-25,6.97,20,20,0,PASS
1841373e-675e-526e-9ffa-a6a63c649415,ddc1ce58-cacc-42f1-882c-389ba58f04cb,4,2024-25,7.54,20,20,0,PASS
e5c58a86-75ef-5fcf-af6e-582fcf176e53,ddc1ce58-cacc-42f1-882c-389ba58f04cb,5,2025-26,7.6,18,18,0,PASS
f5590d0c-8261-5160-b7ab-e90ddc28ff97,ee45dbd4-2452-406f-8796-863b951161cc,1,2024-25,6.67,22,22,0,PASS
c6fc7f7b-e73c-5240-ad6b-91842e354bba,ee45dbd4-2452-406f-8796-863b951161cc,2,2024-25,7.57,20,20,0,PASS
d5a4368b-ded5-52b8-9dea-a616fd30b376,ee45dbd4-2452-406f-8796-863b951161cc,3,2025-26,6.69,22,22,0,PASS
0aa89bec-a6e1-5156-aceb-fd4b39ef06b7,9f894961-776e-479d-84be-0e3d363df6a6,1,2025-26,7.11,18,18,0,PASS
41c7964f-7176-5b90-92ca-48c448f8a0a3,c8004dfb-cc97-43b7-a424-323e26ee3428,1,2025-26,8.15,18,18,0,PASS
fbf9c655-8c16-52c3-ae88-c27db8258c77,d6eb4a19-e11a-4f40-8b56-3cd47d28b15e,1,2023-24,7.9,20,20,0,PASS
6cd10741-df37-56d3-98c5-2f83107b763f,d6eb4a19-e11a-4f40-8b56-3cd47d28b15e,2,2023-24,7.2,20,20,0,PASS
ad120799-1ef9-5e81-b896-8bd5e2a14538,d6eb4a19-e11a-4f40-8b56-3cd47d28b15e,3,2024-25,7.15,14,18,1,PASS
af3a67f1-b67a-5314-a106-6c7024762311,d6eb4a19-e11a-4f40-8b56-3cd47d28b15e,4,2024-25,7.92,18,18,0,PASS
6afab806-aa58-55ca-a8aa-5d72d6bae035,d6eb4a19-e11a-4f40-8b56-3cd47d28b15e,5,2025-26,6.79,20,20,0,PASS
28fa012e-7b15-545e-8664-8be7c11306c4,ae34df1d-486b-46c6-8cd7-a3b2834ecc3d,1,2024-25,8.77,18,18,0,PASS
c65b3803-cfc6-56ea-aeec-35418b3ec4da,ae34df1d-486b-46c6-8cd7-a3b2834ecc3d,2,2024-25,8.87,20,20,0,PASS
caf2b9d6-986a-552f-b0ad-bff52f57613e,ae34df1d-486b-46c6-8cd7-a3b2834ecc3d,3,2025-26,8.28,22,22,0,PASS
2ed1aef8-f4b0-5e64-8bdf-ece012bc1f45,5f59f791-a34e-4457-af51-b0662d210849,1,2024-25,7.48,18,18,0,PASS
430e3411-a5d0-5a89-8c6f-3a61f59a24c1,5f59f791-a34e-4457-af51-b0662d210849,2,2024-25,7.79,22,22,0,PASS
b6f72229-816f-5733-abe7-9f2087426924,5f59f791-a34e-4457-af51-b0662d210849,3,2025-26,7.71,18,18,0,PASS
3edc2f48-cae0-563d-83e1-e8fbc59556bb,43c92216-852b-48eb-bf52-a9eb0dc34636,1,2023-24,7.99,20,20,0,PASS
154575c5-e8ec-5862-9c70-1766b042840c,43c92216-852b-48eb-bf52-a9eb0dc34636,2,2023-24,7.4,20,20,0,PASS
2246a024-52e1-5589-90b3-faf1dd128dea,43c92216-852b-48eb-bf52-a9eb0dc34636,3,2024-25,7.23,20,20,0,PASS
ed2fa659-caf3-57cd-9560-c656452e9753,43c92216-852b-48eb-bf52-a9eb0dc34636,4,2024-25,7.46,18,18,0,PASS
b127a236-c9d6-57d2-a8dd-953b97e3b23e,43c92216-852b-48eb-bf52-a9eb0dc34636,5,2025-26,7.34,18,18,0,PASS
69d69bb4-c2ba-5911-90bc-7ad941c1fbbd,705321fa-cf66-440a-b638-e21a7561a2da,1,2023-24,6.94,20,20,0,PASS
91face6b-a69f-51d7-9350-b812fa0e8308,705321fa-cf66-440a-b638-e21a7561a2da,2,2023-24,6.9,22,22,0,PASS
8ed780ee-7203-5b66-b464-4e717e5a6aca,705321fa-cf66-440a-b638-e21a7561a2da,3,2024-25,6.35,18,18,0,PASS
30cb7f87-aca6-50a1-a022-d7ef31f0de02,705321fa-cf66-440a-b638-e21a7561a2da,4,2024-25,5.96,20,20,0,PASS
be3591cb-b72f-55bf-b288-cd7d87172bdc,705321fa-cf66-440a-b638-e21a7561a2da,5,2025-26,6.3,22,22,0,PASS
90b54743-c6d4-5add-b4fe-6b0f0f48c1a3,f4117b48-c67c-4811-b11a-54f6915e8a0c,1,2023-24,8.21,18,18,0,PASS
f30c2ba5-380c-5ed6-89cc-30236b260a4b,f4117b48-c67c-4811-b11a-54f6915e8a0c,2,2023-24,7.9,16,20,1,PASS
9083a3b9-c663-58b6-bf92-fd1ac81298ea,f4117b48-c67c-4811-b11a-54f6915e8a0c,3,2024-25,7.99,20,20,0,PASS
978fd397-6fd5-5887-92c9-02598488a5de,f4117b48-c67c-4811-b11a-54f6915e8a0c,4,2024-25,7.58,22,22,0,PASS
2ac4b591-44fb-5c3a-a51c-1c636d25e9a4,f4117b48-c67c-4811-b11a-54f6915e8a0c,5,2025-26,7.94,20,20,0,PASS
41601ead-362d-5787-9334-6430a13d7a1b,55697575-391b-42dd-9dc0-dcb8731eca1e,1,2024-25,8.5,18,18,0,PASS
5ff0517a-bb06-5369-a352-74f4304d0818,55697575-391b-42dd-9dc0-dcb8731eca1e,2,2024-25,8.85,20,20,0,PASS
8bb4afb6-5fe9-5f09-8278-cba5b83240e4,55697575-391b-42dd-9dc0-dcb8731eca1e,3,2025-26,6.87,22,22,0,PASS
6d6a199d-f708-5073-ada9-26c0b33fb820,c923181a-e3bd-47c1-98a3-c804899de2f4,1,2025-26,7.66,18,18,0,PASS
203eb76e-5195-573f-bd08-b3b1eb3868b5,525e3275-5d08-4f97-bfa4-e5e1fe2d2e31,1,2025-26,8.67,22,22,0,PASS
bf8bd640-31b8-5bd2-963c-7bbbd21b9563,269f24b3-58ce-47dd-8a6b-7b68527d99f2,1,2025-26,3.28,18,18,0,PASS
35dcb3a4-5eea-5ee8-b843-b41f2ebbcba9,0cd7a5d4-b989-4bec-af27-d0f1e33026e1,1,2024-25,7.95,20,20,0,PASS
ca7fb421-9b5e-58ed-bbcd-4748450f67b9,0cd7a5d4-b989-4bec-af27-d0f1e33026e1,2,2024-25,8.53,18,18,0,PASS
07538384-5829-5b60-a906-886b086a7886,0cd7a5d4-b989-4bec-af27-d0f1e33026e1,3,2025-26,7.74,18,18,0,PASS
a7db759d-70a7-5401-8bde-13d04cee4b4a,3b3fdffb-6af2-46f9-88b1-6e99ab653022,1,2023-24,7.61,18,18,0,PASS
91bdeb53-77bf-5b48-b680-92a98b99e4b4,3b3fdffb-6af2-46f9-88b1-6e99ab653022,2,2023-24,7.95,20,20,0,PASS
d55bc54f-82bf-599b-8ba8-11027eef0f54,3b3fdffb-6af2-46f9-88b1-6e99ab653022,3,2024-25,7.42,14,18,1,PASS
1654008f-6b49-5afb-ae9c-22e14a3f6709,3b3fdffb-6af2-46f9-88b1-6e99ab653022,4,2024-25,7.85,18,18,0,PASS
c57ab757-7d60-5286-8280-cf854680be4b,3b3fdffb-6af2-46f9-88b1-6e99ab653022,5,2025-26,7.01,16,20,1,PASS
fa82f0f1-1d2c-5d92-a820-62892a590e8e,96d09d25-1c92-457e-9c46-159b94f29993,1,2025-26,6.23,22,22,0,PASS
da121cd7-b161-55a2-8e0f-5a833ca37419,88219d4a-a97b-4b75-9e38-4c94f25cd48b,1,2023-24,6.38,20,20,0,PASS
a0326cf2-2e81-5a79-9fd1-2c5703981f81,88219d4a-a97b-4b75-9e38-4c94f25cd48b,2,2023-24,6.55,18,18,0,PASS
49294e66-c823-5ff0-aab8-0d340b76da30,88219d4a-a97b-4b75-9e38-4c94f25cd48b,3,2024-25,6.65,20,20,0,PASS
d70929e7-adfc-5437-b3de-19129255d451,88219d4a-a97b-4b75-9e38-4c94f25cd48b,4,2024-25,7.13,18,18,0,PASS
18cbf245-2171-552a-9bbf-e49444137a42,88219d4a-a97b-4b75-9e38-4c94f25cd48b,5,2025-26,6.42,22,22,0,PASS
6e041c66-2abb-5578-a3c9-2573f2850b2a,4c6a4e54-667f-484b-a22d-b627e1343b1c,1,2025-26,7.65,22,22,0,PASS
d93d9e1f-39b3-569c-b4dd-e029e86f7403,891cecd9-d673-4fe3-a79d-cafcf3664cb1,1,2023-24,7.58,18,18,0,PASS
04a9f8f2-d436-544b-8fd1-e875b8bb3c6c,891cecd9-d673-4fe3-a79d-cafcf3664cb1,2,2023-24,7.8,18,18,0,PASS
39a9d8d2-f479-5c70-ad33-c1f5279f3c1f,891cecd9-d673-4fe3-a79d-cafcf3664cb1,3,2024-25,6.62,14,18,1,PASS
37f1fc94-f004-5629-84ca-d835021f771c,891cecd9-d673-4fe3-a79d-cafcf3664cb1,4,2024-25,7.84,18,18,0,PASS
1c383f0b-ef9c-506e-ba86-fd5e30be034e,891cecd9-d673-4fe3-a79d-cafcf3664cb1,5,2025-26,6.6,22,22,0,PASS
f0203fa1-313d-5c29-87f7-8b7dce9de859,b3239f25-5c50-49dc-b7c0-fd98ab5456bf,1,2023-24,7.35,20,20,0,PASS
44190b9d-c3b2-52b8-90c1-e4f05489e015,b3239f25-5c50-49dc-b7c0-fd98ab5456bf,2,2023-24,6.82,22,22,0,PASS
6ca9d6e7-cac5-5f3d-a8c4-1db7ac789fb9,b3239f25-5c50-49dc-b7c0-fd98ab5456bf,3,2024-25,7.79,20,20,0,PASS
111808ba-201e-5d5a-b9f7-afd673b03e55,b3239f25-5c50-49dc-b7c0-fd98ab5456bf,4,2024-25,7.12,18,18,0,PASS
bb72e6c4-bc52-57c6-b236-0374438267a0,b3239f25-5c50-49dc-b7c0-fd98ab5456bf,5,2025-26,7.17,20,20,0,PASS
dc1880c6-bf79-503a-b63b-05aa560aef90,f2953372-100a-4fc5-9f90-f6d0ea7baafb,1,2025-26,8.27,18,18,0,PASS
2c9aca95-830b-5a78-8304-9db956df6bdc,2afc55a1-b797-47a7-8760-f16f2be416b2,1,2025-26,8.62,20,20,0,PASS
8a01483f-b349-540d-9ee4-6c397dcb6f3e,08e26bb3-bc5f-4891-91a5-2d9256fe731a,1,2024-25,7.08,20,20,0,PASS
8bfa9dd6-0238-5606-b5c3-8c12685e1d8d,08e26bb3-bc5f-4891-91a5-2d9256fe731a,2,2024-25,7.32,22,22,0,PASS
89f0680f-294e-5ba6-95db-1373c3f34626,08e26bb3-bc5f-4891-91a5-2d9256fe731a,3,2025-26,7.4,20,20,0,PASS
c6ba15c7-3030-5474-b88b-07364811b9e2,afe421ff-0f62-4795-a9f6-59b87902f084,1,2024-25,8.45,22,22,0,PASS
c49be965-7846-5d03-871c-4c6b90e0195c,afe421ff-0f62-4795-a9f6-59b87902f084,2,2024-25,7.29,22,22,0,PASS
79793f7f-476c-50d7-9a31-501f89f70e3e,afe421ff-0f62-4795-a9f6-59b87902f084,3,2025-26,6.86,18,18,0,PASS
ea59a8db-ce3d-5a33-84e2-2719ea3cb9b3,0965f80f-e71d-4c0c-82cb-37541a8fa081,1,2025-26,10.0,20,20,0,PASS
d98378d4-55dc-50db-ab42-63c89031890c,f4b491b5-7367-42de-957d-29c4f7698afc,1,2024-25,6.81,22,22,0,PASS
aff3971e-43d2-5088-a4e2-1f4d003aa66c,f4b491b5-7367-42de-957d-29c4f7698afc,2,2024-25,7.32,22,22,0,PASS
897c52c0-4135-5d9b-9e80-aa8f486b1aba,f4b491b5-7367-42de-957d-29c4f7698afc,3,2025-26,6.34,20,20,0,PASS
e0f56823-4467-5948-913f-867d06dd5868,ffc9265c-ba26-4313-a79d-14992924e0dc,1,2024-25,7.77,18,18,0,PASS
bb7bf909-716b-5c2e-85b2-7ae6a317467d,ffc9265c-ba26-4313-a79d-14992924e0dc,2,2024-25,7.91,20,20,0,PASS
0c2aad52-0b64-58e2-ade7-b562d95b096e,ffc9265c-ba26-4313-a79d-14992924e0dc,3,2025-26,8.03,18,18,0,PASS
fd955b65-f802-5c87-9ea5-4fdfe34f9de7,cc90fb96-7463-4d10-bc28-6b09b8723b95,1,2023-24,7.65,18,18,0,PASS
9de212f7-5727-5b04-a2d7-6f93df95095b,cc90fb96-7463-4d10-bc28-6b09b8723b95,2,2023-24,7.78,18,18,0,PASS
3e9019b0-332c-59ec-b54c-c144bc93aee3,cc90fb96-7463-4d10-bc28-6b09b8723b95,3,2024-25,8.3,20,20,0,PASS
ed4fb462-ad7e-5e8c-9d80-106d12de98d1,cc90fb96-7463-4d10-bc28-6b09b8723b95,4,2024-25,7.58,18,18,0,PASS
f638ba5a-5ebd-57c0-a82f-a2b5fdf6d9f6,cc90fb96-7463-4d10-bc28-6b09b8723b95,5,2025-26,8.32,18,18,0,PASS
c46b1fa1-209a-5f53-b6bf-5d935bcf93d1,5ce13428-091e-40df-9206-b680c38f7a6f,1,2025-26,8.21,20,20,0,PASS
1edca744-57b7-5369-a06f-ae70202ba3a5,36910642-f09b-4218-b99b-4979269fed62,1,2025-26,8.43,18,22,1,PASS
b3776c0b-0e4b-5348-9fd0-d39d6308d606,785d959e-1fcb-4e0b-80ac-961a576e2de7,1,2024-25,4.82,18,18,0,PASS
4d01ce31-3a7c-55db-b7f3-2f0be73c5704,785d959e-1fcb-4e0b-80ac-961a576e2de7,2,2024-25,4.86,18,18,0,PASS
ef8407fc-896d-51ab-8590-031c322ce7cf,785d959e-1fcb-4e0b-80ac-961a576e2de7,3,2025-26,4.59,18,18,0,PASS
4941761f-84f4-5c76-ab4a-c35895caa1e5,c1aa5d90-bb65-4ca3-9dce-d9b2f185bb1a,1,2023-24,9.28,20,20,0,PASS
5d25a227-364b-5500-9c5a-cdbcda8d94f4,c1aa5d90-bb65-4ca3-9dce-d9b2f185bb1a,2,2023-24,8.35,20,20,0,PASS
7628ed69-9c02-5c4e-85c6-1f99c8019b1d,c1aa5d90-bb65-4ca3-9dce-d9b2f185bb1a,3,2024-25,8.62,22,22,0,PASS
00345b17-a6d0-597e-b080-133e0f2a27ba,c1aa5d90-bb65-4ca3-9dce-d9b2f185bb1a,4,2024-25,9.18,20,20,0,PASS
3fee88e4-0daa-50c3-a53c-c3da6cf28234,c1aa5d90-bb65-4ca3-9dce-d9b2f185bb1a,5,2025-26,8.37,22,22,0,PASS
a2a8328a-ac7d-5e0a-9381-e57e7f17cf7e,b8bab9af-cec0-4a8b-85fc-d98b5443a947,1,2023-24,6.63,22,22,0,PASS
7b424221-7b36-56f9-ab40-f210ff5f2591,b8bab9af-cec0-4a8b-85fc-d98b5443a947,2,2023-24,6.36,16,20,1,PASS
22854c7b-e706-5a75-b24f-77b91029606a,b8bab9af-cec0-4a8b-85fc-d98b5443a947,3,2024-25,6.52,20,20,0,PASS
f0cad8b3-8320-560e-89f7-91e363458392,b8bab9af-cec0-4a8b-85fc-d98b5443a947,4,2024-25,6.75,22,22,0,PASS
c9f0f69f-6833-5db9-99b1-55dbb4e768f9,b8bab9af-cec0-4a8b-85fc-d98b5443a947,5,2025-26,6.88,18,18,0,PASS
adfaab21-9c5c-5bad-8466-4a379fcd0e5f,6585b4ba-0efa-4103-b2fa-7f62774055bc,1,2024-25,10.0,18,18,0,PASS
403421a7-3418-50f8-9ded-f8c016ef1213,6585b4ba-0efa-4103-b2fa-7f62774055bc,2,2024-25,9.84,22,22,0,PASS
f6bc613a-f084-54e8-a8eb-ea38ea00862f,6585b4ba-0efa-4103-b2fa-7f62774055bc,3,2025-26,9.44,18,18,0,PASS
54a0f792-7ae2-51c6-a472-173993db440a,7e1c7acb-1e20-44c4-ab78-3b91209ab38c,1,2024-25,6.36,22,22,0,PASS
b831fe26-e2c4-5b77-8b39-d37772f31306,7e1c7acb-1e20-44c4-ab78-3b91209ab38c,2,2024-25,4.9,20,20,0,PASS
f10cee77-3164-59c1-b206-9d3f1741ec6a,7e1c7acb-1e20-44c4-ab78-3b91209ab38c,3,2025-26,5.77,20,20,0,PASS
7fc72cd9-b0dd-5b05-a326-d03c5e1e6cae,5c907dfe-123e-4053-824b-ed3ad306b3aa,1,2024-25,8.79,22,22,0,PASS
020dd4f5-e28e-5364-8960-9886d4922835,5c907dfe-123e-4053-824b-ed3ad306b3aa,2,2024-25,9.1,20,20,0,PASS
f04b12f6-8861-5143-8937-ee89f14b4ce0,5c907dfe-123e-4053-824b-ed3ad306b3aa,3,2025-26,8.93,20,20,0,PASS
619aebde-6be0-5943-bd71-dde695ee3e5f,cf19dc5f-51b9-42eb-af79-69c2aa5ee4aa,1,2023-24,9.44,22,22,0,PASS
32049978-3098-57c8-b75b-134401ba8443,cf19dc5f-51b9-42eb-af79-69c2aa5ee4aa,2,2023-24,8.4,22,22,0,PASS
91064717-4579-5cdb-b70f-63643ab7e166,cf19dc5f-51b9-42eb-af79-69c2aa5ee4aa,3,2024-25,9.86,22,22,0,PASS
35adb9a3-e2d0-5fb4-ad9c-7499d81855f9,cf19dc5f-51b9-42eb-af79-69c2aa5ee4aa,4,2024-25,8.1,18,18,0,PASS
93b63f0d-b014-57ae-97e5-079cbd68fdfc,cf19dc5f-51b9-42eb-af79-69c2aa5ee4aa,5,2025-26,9.26,22,22,0,PASS
d4340374-6f77-5c47-a81b-d7dac3890317,286568cd-4515-4b98-992b-00e46c8c836c,1,2023-24,6.22,22,22,0,PASS
5c204565-6b65-58e9-9041-7378b31be4b9,286568cd-4515-4b98-992b-00e46c8c836c,2,2023-24,7.63,16,20,1,FAIL
d5767ab8-2124-50ff-a756-3895c6f34889,286568cd-4515-4b98-992b-00e46c8c836c,3,2024-25,7.59,20,20,0,PASS
741b0c84-6993-5b50-b36e-f4110dcd2d80,286568cd-4515-4b98-992b-00e46c8c836c,4,2024-25,6.67,20,20,0,PASS
0eec5f17-cf48-5ba1-83dd-5b0c1de03518,286568cd-4515-4b98-992b-00e46c8c836c,5,2025-26,6.72,18,18,0,PASS
6fc4d679-4dc7-53f4-bb8c-b41cf49059c5,74a9e869-de7e-4294-a9db-43bf84ddaf50,1,2024-25,6.53,22,22,0,PASS
2219c013-7337-59fd-9128-a60462cba88c,74a9e869-de7e-4294-a9db-43bf84ddaf50,2,2024-25,5.93,20,20,0,PASS
1295c56e-1978-52ea-beed-0346adc87bac,74a9e869-de7e-4294-a9db-43bf84ddaf50,3,2025-26,5.95,22,22,0,PASS
4c1fd894-664c-55ad-a626-f0d3cf2d7a2a,0d2ffbc3-8e68-4da1-9dc2-c2fbcdc30044,1,2024-25,5.76,20,20,0,PASS
ea33ac36-0061-54c0-aae2-99d5fb77d6b6,0d2ffbc3-8e68-4da1-9dc2-c2fbcdc30044,2,2024-25,7.19,18,18,0,PASS
ba1d5043-ab66-5117-90d3-788aedca7451,0d2ffbc3-8e68-4da1-9dc2-c2fbcdc30044,3,2025-26,7.3,18,18,0,PASS
132a1b5e-e464-514c-936f-ccc9f302bb12,eb76e531-fa90-469e-807c-bc232e0a73a0,1,2025-26,6.52,20,20,0,PASS
3442c0d4-3776-5eab-a022-f30d3d6e2824,4e4c8b4b-d8d8-4340-a928-ed77716572f8,1,2023-24,5.76,18,18,0,PASS
fff0a22c-38aa-5a45-a239-cf4c9886b7f7,4e4c8b4b-d8d8-4340-a928-ed77716572f8,2,2023-24,5.1,20,20,0,PASS
fd1fe834-b265-5090-973a-612dc6fe2197,4e4c8b4b-d8d8-4340-a928-ed77716572f8,3,2024-25,4.68,22,22,0,PASS
a82bb4a0-524c-5d9c-ac30-a776799fcaaa,4e4c8b4b-d8d8-4340-a928-ed77716572f8,4,2024-25,5.68,18,18,0,PASS
7308f354-eb26-5210-9df2-f097b4f56eb4,4e4c8b4b-d8d8-4340-a928-ed77716572f8,5,2025-26,5.93,22,22,0,PASS
552ba770-f225-52c9-8ed2-866160d9f00a,09ab8c69-e158-497e-b0f1-18edb7e33844,1,2024-25,7.04,14,18,1,PASS
6ced4fd7-6a50-5ff2-80b7-2627507e16e9,09ab8c69-e158-497e-b0f1-18edb7e33844,2,2024-25,7.35,18,18,0,PASS
0388cc47-1750-5505-8950-1f7d8d435f5a,09ab8c69-e158-497e-b0f1-18edb7e33844,3,2025-26,7.39,20,20,0,PASS
f57a2f63-87ea-5ec9-900c-211d9be34ba1,4631783f-6689-4100-8df2-5ebc7dea0217,1,2024-25,8.54,22,22,0,PASS
ae52f304-17ef-59c0-a389-d573d0b79c32,4631783f-6689-4100-8df2-5ebc7dea0217,2,2024-25,9.14,16,20,1,PASS
8dfe17b6-00e2-5190-9a6d-e1939dcb6cd9,4631783f-6689-4100-8df2-5ebc7dea0217,3,2025-26,9.15,22,22,0,PASS
ced6a1a0-c38a-5375-a535-74a9a26b984b,f019617f-cd5c-4e91-bca2-900a999cc88d,1,2024-25,8.85,16,20,1,PASS
c616ccb8-5780-522e-b73f-1208b8befda7,f019617f-cd5c-4e91-bca2-900a999cc88d,2,2024-25,8.41,18,18,0,PASS
8e785512-31a0-5aff-ab1f-deaa7b2fab60,f019617f-cd5c-4e91-bca2-900a999cc88d,3,2025-26,8.81,20,20,0,PASS
d7676ebf-c927-5199-a272-8c92d61ee602,4981a16c-f0a6-4d1f-af86-19b8271119fb,1,2023-24,7.51,20,20,0,PASS
8439990e-09ec-5575-811b-eab6a791540e,4981a16c-f0a6-4d1f-af86-19b8271119fb,2,2023-24,7.22,18,18,0,PASS
8ece4bb2-8f91-528d-8234-6fb8094059b9,4981a16c-f0a6-4d1f-af86-19b8271119fb,3,2024-25,7.9,20,20,0,PASS
0826bca6-739d-509d-85b4-4e90f0ba4401,4981a16c-f0a6-4d1f-af86-19b8271119fb,4,2024-25,8.18,22,22,0,PASS
5a6f3c56-5582-53d3-834d-28a4025e7d5a,4981a16c-f0a6-4d1f-af86-19b8271119fb,5,2025-26,7.98,22,22,0,PASS
ed63d286-7eda-5b72-a271-3c7a472946a2,428ad8d8-9eb4-4e7a-9169-46af2d2a89a1,1,2025-26,6.21,22,22,0,PASS
1b38e7bf-a0c7-5b5d-81c4-f58d9014b5b9,7b8cc207-4ff5-463d-8845-5150e15188ed,1,2025-26,7.67,18,18,0,PASS
5408ee96-b0b9-52bb-8356-8fe9f475ba2f,28b93a89-7cb4-403e-a8ce-0d9bbd87f691,1,2025-26,7.23,20,20,0,PASS
fc787c9f-60ed-5f2f-862a-d9b144e2c057,b9fcac30-d6a3-4ac4-95a0-b316aff02fca,1,2024-25,5.58,20,20,0,PASS
c8817d2f-8b61-58ce-98ac-57922181503a,b9fcac30-d6a3-4ac4-95a0-b316aff02fca,2,2024-25,4.58,20,20,0,PASS
44279501-1673-5134-bc6e-c5b5a79e746f,b9fcac30-d6a3-4ac4-95a0-b316aff02fca,3,2025-26,5.18,20,20,0,PASS
6ae5d886-aa15-5580-b8e8-6d2ae7b9a9c5,6f2b827b-863f-491b-9acc-19c18d37bd84,1,2025-26,6.79,16,20,1,PASS
86766ee0-f231-5461-99bb-fb794186c31c,060c54fb-3acf-4454-819a-df7b0a864180,1,2024-25,8.05,22,22,0,PASS
d35c8d1a-f51f-5c75-a5ca-e052815eda28,060c54fb-3acf-4454-819a-df7b0a864180,2,2024-25,8.15,18,18,0,PASS
d72c1c1a-05b7-5129-9df4-42f8afae3bfa,060c54fb-3acf-4454-819a-df7b0a864180,3,2025-26,7.68,20,20,0,PASS
f8ee49a5-ee3e-52c9-b09a-7aa5bda6bafd,221669e9-e71e-4825-af5b-d1b515e49a44,1,2024-25,8.54,22,22,0,PASS
61a4ea42-fdf3-5259-9a98-6c7b0eb40d9b,221669e9-e71e-4825-af5b-d1b515e49a44,2,2024-25,8.58,22,22,0,PASS
837f1ce1-e580-5c28-be53-118ab179722a,221669e9-e71e-4825-af5b-d1b515e49a44,3,2025-26,9.36,20,20,0,PASS
4c8388f2-4d4c-5d8b-8342-e72459db7e66,597ff28d-ef88-446d-b634-40115022cddb,1,2024-25,7.2,18,18,0,PASS
a65a4990-72b5-5c36-96c0-7e94648814d4,597ff28d-ef88-446d-b634-40115022cddb,2,2024-25,6.79,20,20,0,PASS
57d0804a-a124-53bd-ba6a-58358e580bf1,597ff28d-ef88-446d-b634-40115022cddb,3,2025-26,6.8,22,22,0,PASS
f98dc235-c0c9-5622-b808-bc5653ea3b0a,3d9eab84-39bd-4398-924e-d4bde31ceafa,1,2024-25,7.78,18,18,0,PASS
2d184c80-603e-5b5c-bacd-27a6dd5be2f6,3d9eab84-39bd-4398-924e-d4bde31ceafa,2,2024-25,7.37,18,18,0,PASS
3139b862-18ae-5ede-87b3-c91b39d9c93a,3d9eab84-39bd-4398-924e-d4bde31ceafa,3,2025-26,8.38,22,22,0,PASS
882a9e44-cac7-5d7b-b7e1-72e39b41e5f5,4190d31a-0ed0-4f22-8498-cf43b734c782,1,2025-26,6.81,22,22,0,PASS
8a5747a8-4970-53d8-a2a1-ae6b2774ba83,43a6e46f-f294-4f23-89b9-dd31fb580802,1,2024-25,9.46,20,20,0,PASS
0f87b2ec-8806-5874-8e78-91e4a9a93218,43a6e46f-f294-4f23-89b9-dd31fb580802,2,2024-25,9.22,22,22,0,PASS
a86c873f-25c2-5457-860d-3c6a3f25a2a5,43a6e46f-f294-4f23-89b9-dd31fb580802,3,2025-26,8.77,18,18,0,PASS
cde2bce6-448f-53be-86d7-fd47e4508b3f,ed2feb61-97ae-4b20-b7be-e01ed50f1ba8,1,2024-25,6.19,22,22,0,PASS
8461900c-defa-5d8f-ae6a-e7ea4e417d7a,ed2feb61-97ae-4b20-b7be-e01ed50f1ba8,2,2024-25,5.5,22,22,0,PASS
781b35cc-ea1c-5fda-9454-d402a4043899,ed2feb61-97ae-4b20-b7be-e01ed50f1ba8,3,2025-26,5.49,16,20,1,FAIL
58cfc38d-dd9f-5d86-bf7b-ef30ad5da31d,eceb6c9e-a83a-48ef-b4bd-54249990d7ad,1,2025-26,7.18,18,18,0,PASS
e739b498-cf51-5e95-9ead-d5deb68aaf87,47f0954e-0841-4647-a4b4-a4d0147ce704,1,2023-24,6.83,18,18,0,PASS
17a56f5d-8ca4-563b-b4a0-2fa5cc4957e6,47f0954e-0841-4647-a4b4-a4d0147ce704,2,2023-24,6.61,18,18,0,PASS
379b1baa-4fd5-5a39-83ce-01cb44912f36,47f0954e-0841-4647-a4b4-a4d0147ce704,3,2024-25,7.32,20,20,0,PASS
22a7f7b9-b257-5de1-ae7e-1592495d8f71,47f0954e-0841-4647-a4b4-a4d0147ce704,4,2024-25,6.75,22,22,0,PASS
5360c464-7fd5-5ab9-9173-267d6365dc0c,47f0954e-0841-4647-a4b4-a4d0147ce704,5,2025-26,6.43,22,22,0,PASS
e1a26bb7-9b1b-5467-97ad-0adc695604e5,9c79d479-580b-46c7-83d4-663448d73a61,1,2024-25,5.61,18,22,1,PASS
44460ce4-f65e-53e6-939d-9a4347be399e,9c79d479-580b-46c7-83d4-663448d73a61,2,2024-25,5.82,20,20,0,PASS
8c00a82e-ecea-565a-8561-fe5c193bf7b4,9c79d479-580b-46c7-83d4-663448d73a61,3,2025-26,5.85,20,20,0,PASS
3c25937f-05b4-583a-9e69-20048f73c2d7,7cdbec41-40fc-45b1-baa0-866168310536,1,2023-24,6.79,18,18,0,PASS
7dcb9a42-aa8c-5a86-b350-4120a3630be6,7cdbec41-40fc-45b1-baa0-866168310536,2,2023-24,6.75,18,18,0,PASS
bb187a0e-5c0d-566e-8bf9-6185b3d326f6,7cdbec41-40fc-45b1-baa0-866168310536,3,2024-25,6.24,18,18,0,PASS
27699115-d57a-5642-9a47-46f37d40630f,7cdbec41-40fc-45b1-baa0-866168310536,4,2024-25,6.86,22,22,0,PASS
15601b5f-6255-5074-b3b8-ce1bf8451413,7cdbec41-40fc-45b1-baa0-866168310536,5,2025-26,6.57,22,22,0,PASS
b0bae957-874e-5599-9c38-cbd63c38a64c,d00062e1-e7e7-46ba-b3a5-f49d715c3572,1,2024-25,8.11,18,18,0,PASS
17450694-27b6-57f8-b071-bdfd40a458ec,d00062e1-e7e7-46ba-b3a5-f49d715c3572,2,2024-25,7.84,18,18,0,PASS
e8de5c34-e851-5842-8954-b1457cb9c6cb,d00062e1-e7e7-46ba-b3a5-f49d715c3572,3,2025-26,7.94,20,20,0,PASS
32f06a23-535b-5783-9310-5f095c1a4d1c,695b2bea-7c3e-49c5-8fb2-aa5b5c80247b,1,2023-24,7.14,16,20,1,PASS
7d4cf537-93ab-5574-bc2c-9b996de83ca0,695b2bea-7c3e-49c5-8fb2-aa5b5c80247b,2,2023-24,7.18,18,18,0,PASS
ef415d26-2a23-50be-b218-369d0b1e5c03,695b2bea-7c3e-49c5-8fb2-aa5b5c80247b,3,2024-25,8.33,20,20,0,PASS
4c0c27d2-5d44-55f8-a480-36cf53bb6ce5,695b2bea-7c3e-49c5-8fb2-aa5b5c80247b,4,2024-25,8.39,18,18,0,PASS
79b1ddd3-e7a0-5b78-8b7c-6dfb30555e6b,695b2bea-7c3e-49c5-8fb2-aa5b5c80247b,5,2025-26,7.07,20,20,0,PASS
45a18b9f-0fa2-5bbf-9bee-c6139aabb0d4,7e56aac0-31c2-4f6d-98f5-df7a51a7ad31,1,2024-25,6.07,20,20,0,PASS
b0d8b1fa-ac07-5678-9f9e-5e01d00f5b24,7e56aac0-31c2-4f6d-98f5-df7a51a7ad31,2,2024-25,7.23,18,18,0,PASS
31f8df36-ffdd-53bf-9ad7-e391c4e5641e,7e56aac0-31c2-4f6d-98f5-df7a51a7ad31,3,2025-26,7.55,18,18,0,PASS
088ad459-9c26-57d3-a140-db8f5c49d106,b40e55ae-7bb5-450d-aaa5-155e291d0046,1,2023-24,6.81,20,20,0,PASS
dd27598e-3b75-5df8-b81b-5c3144013fe2,b40e55ae-7bb5-450d-aaa5-155e291d0046,2,2023-24,6.92,18,18,0,PASS
6fa32436-ed1a-5dcb-9ec7-0f38da0bb2cd,b40e55ae-7bb5-450d-aaa5-155e291d0046,3,2024-25,8.01,18,18,0,PASS
b47c1ace-8a5c-5d8c-b9d2-2b2f472ba674,b40e55ae-7bb5-450d-aaa5-155e291d0046,4,2024-25,6.69,22,22,0,PASS
70b07eb2-eb9f-5a03-9c93-687f6cbb856b,b40e55ae-7bb5-450d-aaa5-155e291d0046,5,2025-26,6.97,22,22,0,PASS
30d2b01c-7f88-598b-be6a-a69bea0852ef,c2343790-a522-4aa3-bd65-e16ef8cc7f5f,1,2024-25,5.08,20,20,0,PASS
902f836e-62ce-59f0-9b51-072c520db25a,c2343790-a522-4aa3-bd65-e16ef8cc7f5f,2,2024-25,4.7,22,22,0,PASS
44c33b72-76a7-5597-b74c-8aae2788bb3a,c2343790-a522-4aa3-bd65-e16ef8cc7f5f,3,2025-26,4.32,22,22,0,PASS
52b62d99-feb4-5432-bfa1-8e2f54bf7c35,be5c5254-c344-47af-9476-90e52b9968ac,1,2025-26,7.23,22,22,0,PASS
f726d31d-4d04-5788-b570-9d9c797adaa6,823d85ef-1672-4f4f-8b06-059d1129579a,1,2024-25,6.81,18,18,0,PASS
22660c66-b33f-5c6e-a995-d41b5a409b59,823d85ef-1672-4f4f-8b06-059d1129579a,2,2024-25,7.43,18,22,1,PASS
ea097776-b194-57ad-bacb-aab85a202692,823d85ef-1672-4f4f-8b06-059d1129579a,3,2025-26,7.11,22,22,0,PASS
e0bf7d29-8224-5c03-af90-d72092a0920d,96958bf5-8838-42cd-9d27-5ff54cef8c52,1,2023-24,6.37,20,20,0,PASS
4565d682-43e4-52f5-be54-04416c7ededf,96958bf5-8838-42cd-9d27-5ff54cef8c52,2,2023-24,6.33,18,18,0,PASS
e5be1ed8-55c1-520c-bc66-958b718e676c,96958bf5-8838-42cd-9d27-5ff54cef8c52,3,2024-25,7.46,22,22,0,PASS
2d780740-ed45-52a5-8df1-961181bcdfcb,96958bf5-8838-42cd-9d27-5ff54cef8c52,4,2024-25,6.41,20,20,0,PASS
6a028d48-48d3-53e0-86fd-0e395281bdda,96958bf5-8838-42cd-9d27-5ff54cef8c52,5,2025-26,7.09,20,20,0,PASS
a46dd63d-3501-5f22-b58c-1b3d49c74b3f,717519f0-ce96-410a-823f-161441386981,1,2024-25,7.37,22,22,0,PASS
377d369a-da53-5ca8-87b0-42ffdaffcd92,717519f0-ce96-410a-823f-161441386981,2,2024-25,6.59,22,22,0,PASS
250f9a9d-be49-507f-ab98-609572352c7f,717519f0-ce96-410a-823f-161441386981,3,2025-26,7.66,22,22,0,PASS
279ade7e-13ee-53f1-9d16-82293b9b26ab,afcf1d14-9c64-4672-9bee-623065cbb370,1,2023-24,8.19,18,18,0,PASS
9e99fa49-666a-51aa-bea6-468de131b727,afcf1d14-9c64-4672-9bee-623065cbb370,2,2023-24,8.55,22,22,0,PASS
7de18b49-d139-55b8-b25e-7be6be871882,afcf1d14-9c64-4672-9bee-623065cbb370,3,2024-25,8.88,18,18,0,PASS
dbc57cd7-602d-5edd-be29-36771b386ab0,afcf1d14-9c64-4672-9bee-623065cbb370,4,2024-25,8.49,18,18,0,PASS
db45fb63-cc71-5a98-b063-015208e9ac90,afcf1d14-9c64-4672-9bee-623065cbb370,5,2025-26,8.04,18,18,0,PASS
a16a8b36-d681-5f22-95d9-e36e647510fc,c84b27f5-2627-47bc-ad67-c0b07b6ee16d,1,2024-25,7.41,18,18,0,PASS
eaf59b20-b578-5200-90c7-7ca8a8517b16,c84b27f5-2627-47bc-ad67-c0b07b6ee16d,2,2024-25,6.31,18,18,0,PASS
d2ffdf6e-19be-51a1-ab7b-b7af7c1bfe18,c84b27f5-2627-47bc-ad67-c0b07b6ee16d,3,2025-26,7.53,20,20,0,PASS
ad3edcb9-a999-533d-adbf-05aba2a1f213,81af15f3-e8b5-4ec3-94e1-6e1245259a89,1,2025-26,6.22,18,22,1,PASS
6fb163ab-e0a6-5b61-98b2-b76703f2e6b4,3e46d505-2fd9-47ff-b13c-80a943f9d246,1,2023-24,7.77,18,18,0,PASS
6686dd6e-338f-5de0-ac5d-2fc70fcf0742,3e46d505-2fd9-47ff-b13c-80a943f9d246,2,2023-24,8.36,22,22,0,PASS
f4031774-10a5-5a6d-919b-c6d26d2baa48,3e46d505-2fd9-47ff-b13c-80a943f9d246,3,2024-25,8.08,20,20,0,PASS
ad3663e6-5a53-5f26-a240-c792f254c18e,3e46d505-2fd9-47ff-b13c-80a943f9d246,4,2024-25,8.59,22,22,0,PASS
422b3ada-3af5-5210-b2be-1fa9300ee62d,3e46d505-2fd9-47ff-b13c-80a943f9d246,5,2025-26,8.64,18,18,0,PASS
90e2ea1b-555f-5ea3-ab34-cd638f1d14cc,7b7d7936-b75a-4cbe-9593-943778684fb4,1,2024-25,7.59,22,22,0,PASS
da5aa8f5-53a2-5f7b-88e4-583e12e9653f,7b7d7936-b75a-4cbe-9593-943778684fb4,2,2024-25,8.42,18,18,0,PASS
3784b2bd-f099-502b-a761-22bee898e9d1,7b7d7936-b75a-4cbe-9593-943778684fb4,3,2025-26,8.26,18,18,0,PASS
5408756a-6246-573b-b8df-6a5bce3eb1b4,165ecc8a-4ba5-4e3e-b055-05016d7328f0,1,2025-26,8.11,18,18,0,PASS
181276dc-07f7-5f27-8926-641bb0998251,5a1ff57d-2c6f-414a-b722-c75ae5809c57,1,2025-26,4.31,18,18,0,PASS
2ce79ebd-0d6d-5f8b-842a-7f1ad3fb10ef,9ae3f69a-3ffc-4e8f-bee1-79a1633f7fbf,1,2023-24,8.45,18,18,0,PASS
c076d547-231b-5973-9675-a9a23a22313d,9ae3f69a-3ffc-4e8f-bee1-79a1633f7fbf,2,2023-24,7.98,20,20,0,PASS
6a738ea3-ea3e-5ab1-bd6b-f3cc1740df4e,9ae3f69a-3ffc-4e8f-bee1-79a1633f7fbf,3,2024-25,8.14,20,20,0,PASS
cdfb321e-6cdf-5975-bc96-86b8b55007dd,9ae3f69a-3ffc-4e8f-bee1-79a1633f7fbf,4,2024-25,7.67,16,20,1,PASS
6d0da81e-5787-5e78-bbad-b2e55f3311f5,9ae3f69a-3ffc-4e8f-bee1-79a1633f7fbf,5,2025-26,7.23,18,18,0,PASS
f4517b26-2a58-5a1a-a483-2376219eccd6,4f761a64-3631-4af4-a20d-f87e0df2b162,1,2025-26,7.36,20,20,0,PASS
47f6ca22-c685-594d-8e7a-6cb55024b609,44a7dc56-b8e6-4972-8bf9-499074aa5ab6,1,2025-26,5.73,20,20,0,PASS
b357507b-be0a-51e4-8db5-21c4698ea8a0,deb6a728-497e-4877-a2b7-ded660d752c7,1,2023-24,6.92,18,18,0,PASS
e63b1d6f-6846-5674-a3d5-a0b44a0ef236,deb6a728-497e-4877-a2b7-ded660d752c7,2,2023-24,7.14,20,20,0,PASS
060960f3-27a0-5e35-9fdf-1479af05111a,deb6a728-497e-4877-a2b7-ded660d752c7,3,2024-25,6.19,20,20,0,PASS
afd8837b-19ca-5174-9d10-5ced8bd948f1,deb6a728-497e-4877-a2b7-ded660d752c7,4,2024-25,6.64,20,20,0,PASS
d6fdcda6-439a-5746-996b-19cf0c0b3871,deb6a728-497e-4877-a2b7-ded660d752c7,5,2025-26,6.7,22,22,0,PASS
f3fbbdc5-ce72-5491-8549-37b4b65fe810,3b50e299-3d7d-4930-b4cf-92592a695386,1,2023-24,7.39,22,22,0,PASS
b7297d1e-aa8e-5c91-8f87-db138d9a880a,3b50e299-3d7d-4930-b4cf-92592a695386,2,2023-24,7.18,18,18,0,PASS
5a7e97d6-47ef-5f35-bd11-b8fc9e6d4952,3b50e299-3d7d-4930-b4cf-92592a695386,3,2024-25,7.33,22,22,0,PASS
d8dc3d1a-d3b6-510d-9236-0fb8f42584c2,3b50e299-3d7d-4930-b4cf-92592a695386,4,2024-25,7.97,22,22,0,PASS
3be267cd-b727-5c89-a7f4-f571cf7d1cc3,3b50e299-3d7d-4930-b4cf-92592a695386,5,2025-26,7.18,20,20,0,PASS
568662fe-3e0c-5e99-a232-7c6b4b600da4,f66bf926-f023-47e5-be8f-6af1b1b20a83,1,2025-26,8.31,20,20,0,PASS
674e8aab-7708-54cf-8098-97870149de4d,95438846-c71f-45a5-9cb4-bb54a1942ca0,1,2025-26,8.21,18,18,0,PASS
491c30b7-946b-5914-a71a-c1fb2c1d02de,7b77acd6-1d98-4ea0-bab4-057c8cf1d6c2,1,2023-24,7.59,18,18,0,PASS
f566c856-64cc-5844-88cd-9c07a8c49235,7b77acd6-1d98-4ea0-bab4-057c8cf1d6c2,2,2023-24,9.02,20,20,0,PASS
fd003ff2-b96d-59d8-8b2a-737d3565e093,7b77acd6-1d98-4ea0-bab4-057c8cf1d6c2,3,2024-25,8.93,22,22,0,PASS
093c40da-720e-5cb4-97b0-43cbda8375b6,7b77acd6-1d98-4ea0-bab4-057c8cf1d6c2,4,2024-25,8.17,18,18,0,PASS
01af40f6-4f9b-518b-9426-0803f11775cd,7b77acd6-1d98-4ea0-bab4-057c8cf1d6c2,5,2025-26,8.17,22,22,0,PASS
7115bbfb-28ef-5bb0-8489-2f50ed6267b6,7009dd67-2d82-4309-871c-9ee5d5471bba,1,2023-24,6.79,18,18,0,PASS
362250be-7892-5eea-8b11-c42730e3a6b1,7009dd67-2d82-4309-871c-9ee5d5471bba,2,2023-24,5.95,22,22,0,PASS
5efcf5dd-b05b-53a2-81db-26a70bf5c32f,7009dd67-2d82-4309-871c-9ee5d5471bba,3,2024-25,6.59,22,22,0,PASS
5a7e53aa-508a-574f-96b8-a714163c738b,7009dd67-2d82-4309-871c-9ee5d5471bba,4,2024-25,6.36,20,20,0,PASS
104faeac-1cf1-5919-be97-aaf5a9418e4d,7009dd67-2d82-4309-871c-9ee5d5471bba,5,2025-26,6.17,20,20,0,PASS
a7314bad-7b3f-52d9-b6a8-3a2a93a01f8f,eb7d525d-e602-43a2-a132-5005c5eee06f,1,2023-24,5.39,14,18,1,PASS
791e74e4-3ca1-5b09-9357-76266efc1309,eb7d525d-e602-43a2-a132-5005c5eee06f,2,2023-24,4.89,18,18,0,PASS
31f282f1-a7d6-5e4e-9a67-63ceccb17999,eb7d525d-e602-43a2-a132-5005c5eee06f,3,2024-25,5.09,14,18,1,PASS
770830f5-da13-5791-a76e-c5b96cfe69d1,eb7d525d-e602-43a2-a132-5005c5eee06f,4,2024-25,4.87,18,18,0,PASS
adad2020-9609-587b-8b6c-83d548cd48b3,eb7d525d-e602-43a2-a132-5005c5eee06f,5,2025-26,5.4,22,22,0,PASS
fa0d0c7e-e782-5102-b324-09e547fd0bf3,47bb0d63-3ea6-44f6-bd2f-27e62f89df7e,1,2025-26,9.2,18,18,0,PASS
8b4b2f55-3318-5074-b76d-1f9562a8fd91,8814767c-b94f-4d1a-9e55-0c22a2e226e6,1,2024-25,6.04,20,20,0,PASS
961981d3-0d98-5915-b73a-15f076f9849d,8814767c-b94f-4d1a-9e55-0c22a2e226e6,2,2024-25,6.49,14,18,1,PASS
38977339-fac1-5325-8406-be783d408456,8814767c-b94f-4d1a-9e55-0c22a2e226e6,3,2025-26,6.48,22,22,0,PASS
4a9776f7-0384-5f06-8585-7088f673caaa,3e642d9f-9c9a-4dff-863d-35145e3720cd,1,2023-24,7.31,20,20,0,PASS
1b51ea59-711a-58e5-bb2e-f2447d115878,3e642d9f-9c9a-4dff-863d-35145e3720cd,2,2023-24,7.67,18,18,0,PASS
f689f44d-337a-5c88-acf3-d15eed355dc5,3e642d9f-9c9a-4dff-863d-35145e3720cd,3,2024-25,7.49,18,18,0,PASS
f3126806-ccb8-52a8-b461-4c7e432d43ef,3e642d9f-9c9a-4dff-863d-35145e3720cd,4,2024-25,6.98,20,20,0,PASS
897690f4-3fb8-57fe-a284-12f977c8314c,3e642d9f-9c9a-4dff-863d-35145e3720cd,5,2025-26,7.9,18,18,0,PASS
70a77eee-dae2-5254-a02f-d9994e55d478,0ac4a5d8-ced1-42e6-889b-61b7901fda17,1,2024-25,8.14,18,18,0,PASS
8a661474-44be-5c8c-81bf-cf6594120130,0ac4a5d8-ced1-42e6-889b-61b7901fda17,2,2024-25,7.53,18,18,0,PASS
696c580a-cdaa-5fd4-8c17-8276b73c778a,0ac4a5d8-ced1-42e6-889b-61b7901fda17,3,2025-26,7.42,20,20,0,PASS
c2c64b96-4b02-5d6c-8d96-b08bdec7cd42,2e8d9e93-4c1c-45ba-a0ba-1c4c3a9c8419,1,2025-26,7.15,18,18,0,PASS
4003541b-d92b-5d55-bb28-c5cadc31f8eb,ea142c35-3cec-4625-b65a-5b6aa4a7a9cb,1,2023-24,6.29,20,20,0,PASS
0d9c7340-8b68-5d94-bf15-9181b5a39c2f,ea142c35-3cec-4625-b65a-5b6aa4a7a9cb,2,2023-24,4.97,20,20,0,PASS
abac2e4c-f29a-5e67-964b-38274ea01f83,ea142c35-3cec-4625-b65a-5b6aa4a7a9cb,3,2024-25,6.19,20,20,0,PASS
43d8d7db-09ca-58f2-9f93-ffe5ef0780fa,ea142c35-3cec-4625-b65a-5b6aa4a7a9cb,4,2024-25,5.06,18,18,0,PASS
c21e4b93-bb95-528f-beb1-4c29b68f14b7,ea142c35-3cec-4625-b65a-5b6aa4a7a9cb,5,2025-26,6.98,20,20,0,PASS
80122ecb-51aa-5d15-8c9f-4a07cfa96ab8,c2572c78-b004-4558-ad44-e3da0b944e15,1,2023-24,9.12,20,20,0,PASS
57aa7caa-665b-54b5-aa58-def128233b5b,c2572c78-b004-4558-ad44-e3da0b944e15,2,2023-24,9.41,22,22,0,PASS
ced892ea-9298-5576-bd04-7e8747b660dc,c2572c78-b004-4558-ad44-e3da0b944e15,3,2024-25,9.63,22,22,0,PASS
e55ff4d1-bc77-57fc-89da-6e2c366b3a07,c2572c78-b004-4558-ad44-e3da0b944e15,4,2024-25,8.05,22,22,0,PASS
f9e2905d-d14a-5727-8976-010e1dfbc563,c2572c78-b004-4558-ad44-e3da0b944e15,5,2025-26,8.84,18,18,0,PASS
57d2768f-3836-5adb-842b-0ca3112415cd,c40becf1-91bf-4a2a-b34c-3d8bc29c80bb,1,2025-26,5.7,22,22,0,PASS
68fc371d-b24c-5888-9b47-e6a54e451587,3c239fd4-5183-449c-afb8-e91214941486,1,2025-26,6.62,20,20,0,PASS
b8ae65d4-9751-5e1c-b0f6-36600f61c7a8,e48e6ce2-dd6c-4fe7-91a5-eba6b6bd31f7,1,2023-24,5.54,18,18,0,PASS
f230c3ba-08a7-5b5f-b1a1-11ea1f68ebaf,e48e6ce2-dd6c-4fe7-91a5-eba6b6bd31f7,2,2023-24,5.9,22,22,0,PASS
ef439ad1-243d-5800-b8b8-a19b482cc1e7,e48e6ce2-dd6c-4fe7-91a5-eba6b6bd31f7,3,2024-25,5.65,14,18,1,PASS
93beb002-6866-5e10-a393-bd1fd2410bce,e48e6ce2-dd6c-4fe7-91a5-eba6b6bd31f7,4,2024-25,5.8,18,18,0,PASS
8b7cd0e7-a235-5fb0-bdc1-49896207fd93,e48e6ce2-dd6c-4fe7-91a5-eba6b6bd31f7,5,2025-26,4.82,18,18,0,PASS
47c9fee1-1781-5b91-82e3-eccab2b66ae1,36f2379d-78de-4d65-877a-2b58d3bd9f74,1,2024-25,7.24,22,22,0,PASS
d051749a-b762-5b32-9644-0fe3a63ee19a,36f2379d-78de-4d65-877a-2b58d3bd9f74,2,2024-25,5.84,22,22,0,PASS
6c3fb0d0-6e54-527a-931c-a9cea8142d4d,36f2379d-78de-4d65-877a-2b58d3bd9f74,3,2025-26,6.09,20,20,0,PASS
029c6113-9148-55bc-9739-4923600f3a14,34fc5131-35f5-473f-8560-d0b7f26793cc,1,2024-25,6.84,20,20,0,PASS
a37d9421-ac14-50a8-b11e-31c4902de52d,34fc5131-35f5-473f-8560-d0b7f26793cc,2,2024-25,6.51,20,20,0,PASS
37fe33d4-6d43-5cb2-9b16-737ae378834a,34fc5131-35f5-473f-8560-d0b7f26793cc,3,2025-26,5.9,14,18,1,PASS
ff164973-fac7-5fa5-942e-879364f0e6d0,00945885-749b-4ef7-9f59-3864e5dfa358,1,2023-24,4.16,22,22,0,PASS
f87edb4c-3f89-5685-90f3-67086b103636,00945885-749b-4ef7-9f59-3864e5dfa358,2,2023-24,4.64,22,22,0,PASS
42fd8208-c5f7-5dc0-8350-58fb0aedcabc,00945885-749b-4ef7-9f59-3864e5dfa358,3,2024-25,4.5,22,22,0,PASS
af381784-80bd-5ac6-a9de-4279834dd44b,00945885-749b-4ef7-9f59-3864e5dfa358,4,2024-25,4.36,18,18,0,PASS
213d1d80-896e-5d7a-8cf4-2b2fd9a7484d,00945885-749b-4ef7-9f59-3864e5dfa358,5,2025-26,4.31,20,20,0,PASS
243038f9-9431-5a14-a5dd-20fa9a37cb63,4e16dbc8-f308-4494-b3db-04cd805caecd,1,2024-25,7.17,20,20,0,PASS
b9dea373-787b-5273-bf6a-b24579acfb81,4e16dbc8-f308-4494-b3db-04cd805caecd,2,2024-25,6.17,18,18,0,PASS
79fbe06f-fa27-526b-ab37-a6597053a9b1,4e16dbc8-f308-4494-b3db-04cd805caecd,3,2025-26,6.51,22,22,0,PASS
84e8720f-6e32-5ebc-867b-94fcebcf4306,b27d73b4-51cd-4351-a905-5c77030c7cf4,1,2024-25,8.27,18,18,0,PASS
b45b4505-364a-5d23-87f3-d6a9c842024e,b27d73b4-51cd-4351-a905-5c77030c7cf4,2,2024-25,8.44,20,20,0,PASS
dbf0aaca-1914-5c9d-a442-e41ffbe88293,b27d73b4-51cd-4351-a905-5c77030c7cf4,3,2025-26,7.67,22,22,0,PASS
5fa943a0-8312-5c46-b9e7-4ad83d0bf857,399c79d2-27a8-4ef3-b025-98cb1f0d5f46,1,2024-25,7.19,22,22,0,PASS
1a142352-bca6-54c1-bddf-00ee77b63101,399c79d2-27a8-4ef3-b025-98cb1f0d5f46,2,2024-25,7.73,22,22,0,PASS
de499c98-a129-5829-a861-28ef5900ff1f,399c79d2-27a8-4ef3-b025-98cb1f0d5f46,3,2025-26,7.78,18,22,1,PASS
bffa5800-ef6d-52e4-8371-7db1c8c83dc8,a7742edd-c54b-4c83-9d2c-014bae4b5961,1,2023-24,5.84,20,20,0,PASS
fe79c502-a520-5e00-ab60-fdc9c1f0c612,a7742edd-c54b-4c83-9d2c-014bae4b5961,2,2023-24,5.37,20,20,0,PASS
32293776-2c22-5608-887b-cef317c0893e,a7742edd-c54b-4c83-9d2c-014bae4b5961,3,2024-25,5.75,18,18,0,PASS
7e3e6854-aeaa-559b-864f-1db8b66a29a4,a7742edd-c54b-4c83-9d2c-014bae4b5961,4,2024-25,7.03,22,22,0,PASS
ae8f1ef7-5218-5ac3-bc23-e2c6c524cf3c,a7742edd-c54b-4c83-9d2c-014bae4b5961,5,2025-26,6.17,20,20,0,PASS
0bda4521-fc03-5b1f-959b-195f8876a7f5,66706043-191b-4978-bcee-88fc3847c5eb,1,2023-24,7.55,18,18,0,PASS
a4328979-bf33-5716-a40b-148fc77e6033,66706043-191b-4978-bcee-88fc3847c5eb,2,2023-24,8.53,20,20,0,PASS
77e3b133-5f53-5cdc-956c-cbb5a01b402b,66706043-191b-4978-bcee-88fc3847c5eb,3,2024-25,7.87,22,22,0,PASS
8873b326-f271-5cf5-b823-2e768b75f933,66706043-191b-4978-bcee-88fc3847c5eb,4,2024-25,7.63,20,20,0,PASS
46b4ce91-39b9-5155-aba6-74578a6b2eea,66706043-191b-4978-bcee-88fc3847c5eb,5,2025-26,8.06,16,20,1,FAIL
df2b943b-fe68-508c-9a41-a108c06f68b6,73c2061a-8b3f-4250-8ac4-74a9926b0a9d,1,2024-25,6.0,22,22,0,PASS
2e019c96-7d71-571f-8110-01ed7d01d1ad,73c2061a-8b3f-4250-8ac4-74a9926b0a9d,2,2024-25,5.86,20,20,0,PASS
2c4a2adb-8a63-5e0b-ae06-eea6e1cbecb6,73c2061a-8b3f-4250-8ac4-74a9926b0a9d,3,2025-26,6.35,18,18,0,PASS
0cd05901-9160-58a4-a5d6-4245d65f0ddb,b40fb687-23f0-48d4-97e7-06ee10eaa637,1,2023-24,9.07,20,20,0,PASS
1457263e-c315-5f99-a261-a5e9662a0737,b40fb687-23f0-48d4-97e7-06ee10eaa637,2,2023-24,8.64,20,20,0,PASS
2e880260-323a-5307-ad90-0d8f6d41969e,b40fb687-23f0-48d4-97e7-06ee10eaa637,3,2024-25,8.98,18,18,0,PASS
b25b5704-78dc-5ea7-80a8-2247686c20fc,b40fb687-23f0-48d4-97e7-06ee10eaa637,4,2024-25,8.84,18,18,0,PASS
aa9a7c9a-2aaa-59cb-a6d2-da44d0ed9fef,b40fb687-23f0-48d4-97e7-06ee10eaa637,5,2025-26,8.92,18,18,0,PASS
1f6db0f6-2337-5c8f-a8d2-77d7f5eaecb5,d371b3f7-6b2e-4135-8234-c95a5246b3af,1,2025-26,6.97,22,22,0,PASS
ef3ea664-09f0-54bd-a0ea-326f074f7778,e22f9f0e-4a52-4dd7-b142-be65475509ef,1,2023-24,7.77,18,18,0,PASS
a88c8692-94b6-5db4-a917-4c0a11c59260,e22f9f0e-4a52-4dd7-b142-be65475509ef,2,2023-24,8.09,20,20,0,PASS
6fd3c895-cb14-5ccd-91ca-fd435eda67d9,e22f9f0e-4a52-4dd7-b142-be65475509ef,3,2024-25,8.18,18,18,0,PASS
33006af3-9999-5ec1-bcf7-1468bfa6a781,e22f9f0e-4a52-4dd7-b142-be65475509ef,4,2024-25,7.46,18,18,0,PASS
38b5d4c6-1153-56de-a89e-0c9a742478bb,e22f9f0e-4a52-4dd7-b142-be65475509ef,5,2025-26,7.28,22,22,0,PASS
aee92bda-8407-5393-a4e4-4b962c68ed7c,413fc4d7-cb20-4167-aa55-74d4ab124cfc,1,2025-26,7.08,18,18,0,PASS
e75e7e05-1b49-53af-9d31-1dbe4612aa34,ba5c565c-bd05-4d4e-8325-79d981037204,1,2024-25,8.87,18,18,0,PASS
d686cff1-292a-5377-9991-5ead5bf7a8b0,ba5c565c-bd05-4d4e-8325-79d981037204,2,2024-25,9.96,16,20,1,PASS
9e15b8bd-117f-5e9e-9461-3639cac579c8,ba5c565c-bd05-4d4e-8325-79d981037204,3,2025-26,9.21,18,18,0,PASS
e04fceec-5b7c-5326-b62c-496df2522f59,f515821c-7b16-42ca-8c2a-47be2667ee9a,1,2023-24,7.5,22,22,0,PASS
5bf8fcca-6a95-5519-b472-0e673d2b2ced,f515821c-7b16-42ca-8c2a-47be2667ee9a,2,2023-24,6.39,20,20,0,PASS
62a3bffb-6936-5ff2-ba52-cd5f5aaf2884,f515821c-7b16-42ca-8c2a-47be2667ee9a,3,2024-25,6.74,18,18,0,PASS
b4154614-fe5e-5c33-a167-577324c39520,f515821c-7b16-42ca-8c2a-47be2667ee9a,4,2024-25,7.84,18,18,0,PASS
875fb9fa-6e90-57d6-b459-0290bbe3676d,f515821c-7b16-42ca-8c2a-47be2667ee9a,5,2025-26,7.83,22,22,0,PASS
9a25e999-99e5-5baa-a574-38876e4a94d5,2789c6bd-2239-4dc8-8346-86bb12f58d2a,1,2023-24,4.78,22,22,0,PASS
630a276d-3f72-588e-b535-31d9ec205b76,2789c6bd-2239-4dc8-8346-86bb12f58d2a,2,2023-24,5.47,18,18,0,PASS
3426914f-5be2-56f6-8fa8-5b33fda8dc18,2789c6bd-2239-4dc8-8346-86bb12f58d2a,3,2024-25,5.69,22,22,0,PASS
6647ca92-e7ef-5d75-865b-3a2947f77585,2789c6bd-2239-4dc8-8346-86bb12f58d2a,4,2024-25,6.46,22,22,0,PASS
ace5c4b8-98b5-5a59-9815-e00efc39b1c2,2789c6bd-2239-4dc8-8346-86bb12f58d2a,5,2025-26,5.3,22,22,0,PASS
bd305055-6f1b-58c5-ae8e-2893105b99b0,a6379045-c9ee-45e0-91f8-f2b700f4aacf,1,2025-26,7.67,22,22,0,PASS
244faac6-4364-544e-9fc0-24af94befe3b,8350f65c-cf75-4886-90aa-208f7020ec0c,1,2025-26,9.55,20,20,0,PASS
594cbdec-ecaf-5e6f-b9ea-3a89f500d0ad,a6618650-e98f-4389-8f8c-6c32d4b35c31,1,2025-26,8.1,22,22,0,PASS
f60c1a24-2183-5de9-9686-6875e66c7db1,cb4109b1-62f0-4b8b-b1cb-053f576e0a2c,1,2025-26,7.19,18,18,0,PASS
3e20b76e-e1d0-5455-afa9-019f8beb1b74,8d60926e-7f4c-4388-ab1f-e336df9a4a4e,1,2024-25,6.66,18,18,0,PASS
13bb197a-6a87-5954-926e-bf8f9e417572,8d60926e-7f4c-4388-ab1f-e336df9a4a4e,2,2024-25,8.22,18,18,0,PASS
298ef1dd-09f6-5174-ae81-9d67f09b7fb7,8d60926e-7f4c-4388-ab1f-e336df9a4a4e,3,2025-26,7.33,20,20,0,PASS
41b519d5-dfe4-578c-9b3d-bc6989e29789,11b69139-615c-4228-b873-35e1a1129de8,1,2023-24,9.75,22,22,0,PASS
2637a7df-d9a8-5111-a36e-286806dbfc3c,11b69139-615c-4228-b873-35e1a1129de8,2,2023-24,8.96,18,18,0,PASS
0a9709cd-7e6d-5f5a-9e37-6bc0ee0f4d6c,11b69139-615c-4228-b873-35e1a1129de8,3,2024-25,9.25,22,22,0,PASS
a7b78fb8-755b-5c68-ae06-327edad45b08,11b69139-615c-4228-b873-35e1a1129de8,4,2024-25,9.29,18,18,0,PASS
1001d59e-84e5-52c1-991e-87ba25b5cd77,11b69139-615c-4228-b873-35e1a1129de8,5,2025-26,8.55,22,22,0,PASS
b65d3c7e-220b-5927-9e5f-1e05fae4f950,21770923-921f-4a6f-a11d-9b03584af01a,1,2024-25,6.41,20,20,0,PASS
9ab9262d-ffef-57e2-a600-cefce6ee6e3f,21770923-921f-4a6f-a11d-9b03584af01a,2,2024-25,7.72,20,20,0,PASS
f59cd313-377f-502a-aec0-569a5522fc29,21770923-921f-4a6f-a11d-9b03584af01a,3,2025-26,6.99,18,18,0,PASS
c9860343-4e00-5174-9553-3f3f859db707,a878b80e-c659-4726-9ee6-c5bf26b25e52,1,2023-24,8.19,18,18,0,PASS
8940e78d-cb3b-581e-b5bc-d7e47136d345,a878b80e-c659-4726-9ee6-c5bf26b25e52,2,2023-24,7.75,20,20,0,PASS
0246b284-1730-51f7-8537-15be9b5310c0,a878b80e-c659-4726-9ee6-c5bf26b25e52,3,2024-25,7.31,18,18,0,PASS
8ce02034-eda3-5599-a471-2bc68f542d6d,a878b80e-c659-4726-9ee6-c5bf26b25e52,4,2024-25,7.07,22,22,0,PASS
cbcb2ace-ec3a-5c1e-b58e-cf8491058d99,a878b80e-c659-4726-9ee6-c5bf26b25e52,5,2025-26,7.9,20,20,0,PASS
a7e6a3d0-a576-553f-9925-7f1bb70dcfd5,4a44fcea-41d8-4a10-8a7f-22bdbb0a270b,1,2025-26,7.27,18,18,0,PASS
ae970624-5605-5c86-a02c-97b6b1b2f650,68cea994-64a6-4b86-b344-0632669b7994,1,2023-24,5.62,20,20,0,PASS
2b7ff0b4-07ae-51f5-8020-afffb707e69f,68cea994-64a6-4b86-b344-0632669b7994,2,2023-24,6.22,20,20,0,PASS
6a848c92-cf3a-5504-ae40-291adac05889,68cea994-64a6-4b86-b344-0632669b7994,3,2024-25,5.97,18,18,0,PASS
19d2a06a-3e6e-558b-8a58-d6b7caf602c4,68cea994-64a6-4b86-b344-0632669b7994,4,2024-25,7.69,22,22,0,PASS
614f7582-fa76-54a4-85db-7270bef4dea1,68cea994-64a6-4b86-b344-0632669b7994,5,2025-26,6.9,22,22,0,PASS
8c022c3b-b0fe-53ba-9ca8-7ef95957e2fb,5eb719b3-9ae8-48fe-8966-3b5a861f8eb3,1,2023-24,9.18,20,20,0,PASS
d6f8f945-dd2b-520c-a76c-ab60b2542fb4,5eb719b3-9ae8-48fe-8966-3b5a861f8eb3,2,2023-24,9.53,18,18,0,PASS
7d8b3458-92bb-5cc0-a5e1-d4f75651f134,5eb719b3-9ae8-48fe-8966-3b5a861f8eb3,3,2024-25,10.0,20,20,0,PASS
e204295d-11dc-5ee5-8907-86811f1e89d3,5eb719b3-9ae8-48fe-8966-3b5a861f8eb3,4,2024-25,9.06,20,20,0,PASS
a2f0b579-34ff-54ba-8f63-fe7daed0a903,5eb719b3-9ae8-48fe-8966-3b5a861f8eb3,5,2025-26,9.05,22,22,0,PASS
b079c245-c93b-5adb-a511-77dad010e79a,8161add5-3adf-454d-979e-cf2f59e9ddf4,1,2024-25,6.07,18,18,0,PASS
daaa332e-b2a0-5b80-9bd9-c9fe31253336,8161add5-3adf-454d-979e-cf2f59e9ddf4,2,2024-25,6.21,22,22,0,PASS
7674e46d-8106-5489-898c-59b86efa6c73,8161add5-3adf-454d-979e-cf2f59e9ddf4,3,2025-26,6.86,20,20,0,PASS
9c9d2b60-d14b-5ee7-a6ff-1f90455d7305,37549ef0-33d1-476d-9275-538d97f020dd,1,2025-26,6.7,20,20,0,PASS
384f7d7c-bf40-58e9-855b-ca4dd14926ae,7e1364fd-7dde-441d-8ba7-0947e5232737,1,2025-26,4.73,18,18,0,PASS
23a8d3c7-aff2-5fa8-8cda-1261936dc817,f56e1cba-b38d-4c6a-a91e-e0776085cdd4,1,2023-24,6.7,18,18,0,PASS
03c634bb-d857-535b-b1ae-c1c6323100f8,f56e1cba-b38d-4c6a-a91e-e0776085cdd4,2,2023-24,6.41,18,18,0,PASS
775b662c-ec1d-5d56-b02f-704394c95ca0,f56e1cba-b38d-4c6a-a91e-e0776085cdd4,3,2024-25,5.32,20,20,0,PASS
ff61a685-d732-55fb-ab45-054075bb7657,f56e1cba-b38d-4c6a-a91e-e0776085cdd4,4,2024-25,6.36,18,18,0,PASS
5ddce175-342b-5eb9-a469-34363b4216f8,f56e1cba-b38d-4c6a-a91e-e0776085cdd4,5,2025-26,6.16,22,22,0,PASS
94426885-0e5a-5d58-952d-275995bdc0f2,8d92fb12-f747-4901-85f2-9b3375801a5d,1,2025-26,7.68,22,22,0,PASS
a4440ff3-88d1-57b2-b87b-52b38d5cd071,39a2e5ab-bbdb-4b2c-8fec-26a46d63c11e,1,2025-26,8.68,22,22,0,PASS
89314d61-7172-5599-9e67-03689b6fabc5,5d7bebb8-d7a3-4abf-a617-78ede5033f7a,1,2024-25,9.11,18,22,1,PASS
ad52d447-6452-580f-a7b3-23c7f3a2708c,5d7bebb8-d7a3-4abf-a617-78ede5033f7a,2,2024-25,8.54,22,22,0,PASS
f2dfa02e-c957-5d75-a052-711f49455a27,5d7bebb8-d7a3-4abf-a617-78ede5033f7a,3,2025-26,9.48,22,22,0,PASS
950e5510-4f7c-5759-90e9-23f595b03184,53826ec6-a689-46d9-b820-5e4e0359a8ca,1,2025-26,9.09,22,22,0,PASS
0e5ceb06-a8f0-5738-8322-1ca450e328dc,cadf39c2-ac07-4319-8d15-5a772c56fd46,1,2023-24,5.0,20,20,0,PASS
1d9fdb28-52e2-5799-ab63-747b0faa25db,cadf39c2-ac07-4319-8d15-5a772c56fd46,2,2023-24,4.97,22,22,0,PASS
6c60ac8f-b64d-5b2e-8e8c-cdf3c95c7c41,cadf39c2-ac07-4319-8d15-5a772c56fd46,3,2024-25,5.35,22,22,0,PASS
47121a82-ce6e-5f8a-ae51-8b2f48551c21,cadf39c2-ac07-4319-8d15-5a772c56fd46,4,2024-25,6.08,20,20,0,PASS
720c6447-119f-5612-a2f3-0f0c1cdcfe7f,cadf39c2-ac07-4319-8d15-5a772c56fd46,5,2025-26,5.04,22,22,0,PASS
2362e086-3aa4-5d42-ab71-953f52c481b5,b1697047-3d6a-4958-a273-753616c890dc,1,2023-24,8.59,18,18,0,PASS
84ea34f2-56a0-5e16-bcd7-7a0d1d3e642a,b1697047-3d6a-4958-a273-753616c890dc,2,2023-24,8.36,18,22,1,PASS
268c601d-c0c9-5506-893f-7c39acb7fb0e,b1697047-3d6a-4958-a273-753616c890dc,3,2024-25,8.59,20,20,0,PASS
fd63d44a-08e9-5948-81a6-22d807c82243,b1697047-3d6a-4958-a273-753616c890dc,4,2024-25,8.48,20,20,0,PASS
7d6cbdbf-f7be-57dc-91d2-10e9e6f6d065,b1697047-3d6a-4958-a273-753616c890dc,5,2025-26,9.43,20,20,0,PASS
f3db6872-0c18-53c0-bc3f-35fb9f619581,4742cea8-82bc-451a-8d7a-1617a60442f7,1,2025-26,7.44,22,22,0,PASS
124d8ba0-c442-59d4-a81e-12e681f1cf37,335af58e-3979-4d2a-b954-d8efa06b142c,1,2023-24,6.98,18,18,0,PASS
624691a9-eab2-5728-9a94-d2b610381c80,335af58e-3979-4d2a-b954-d8efa06b142c,2,2023-24,6.29,20,20,0,PASS
e8bed7fc-a97a-53ca-abd7-cb41383506b5,335af58e-3979-4d2a-b954-d8efa06b142c,3,2024-25,6.68,18,18,0,PASS
db5a077c-07db-5149-bdbe-edacdc86aa3a,335af58e-3979-4d2a-b954-d8efa06b142c,4,2024-25,6.81,18,18,0,PASS
d41f141a-9dd2-5b7d-a6e8-d3bc724e495b,335af58e-3979-4d2a-b954-d8efa06b142c,5,2025-26,6.9,18,18,0,PASS
1171566c-782b-5160-a2a2-ccd0021b04be,4b9a07e7-79b2-4971-9703-c3d2a3679d40,1,2025-26,7.51,20,20,0,PASS
a80faec6-a0b8-5ff3-b499-4741628b60c2,51149241-b68b-4cb2-82a6-759e074803ea,1,2024-25,7.37,18,18,0,PASS
b12e4f09-8d21-5101-b027-b018c21cb5d9,51149241-b68b-4cb2-82a6-759e074803ea,2,2024-25,8.13,22,22,0,PASS
edad81e7-a223-5d31-b23b-3e5c16586da4,51149241-b68b-4cb2-82a6-759e074803ea,3,2025-26,7.38,22,22,0,PASS
bac086d1-5ceb-5c1c-9978-f8f14976f482,8dbcc77d-3cd7-44c5-a33f-06c8eef3e820,1,2024-25,8.25,20,20,0,PASS
f835a884-b3a3-5b97-8630-a2d27ccccecb,8dbcc77d-3cd7-44c5-a33f-06c8eef3e820,2,2024-25,8.25,20,20,0,PASS
5a32536f-8261-549f-8353-80770ef2d11d,8dbcc77d-3cd7-44c5-a33f-06c8eef3e820,3,2025-26,8.3,20,20,0,PASS
1b2ab4a5-d32d-57e9-9e08-4308909a6c6c,e4915405-4783-4351-a245-ef87e9424594,1,2023-24,8.6,18,18,0,PASS
959896a6-7b43-5982-8782-04a862079a90,e4915405-4783-4351-a245-ef87e9424594,2,2023-24,8.33,22,22,0,PASS
d64043ad-d551-5bd9-9371-a0d71d26309b,e4915405-4783-4351-a245-ef87e9424594,3,2024-25,8.88,22,22,0,PASS
8848c5df-2f50-5e74-b86a-bfa245b99aab,e4915405-4783-4351-a245-ef87e9424594,4,2024-25,8.26,20,20,0,PASS
6e2fdaa0-7896-5b5c-b176-638caa1c2fd8,e4915405-4783-4351-a245-ef87e9424594,5,2025-26,9.23,18,18,0,PASS
4e89a9f0-6070-5761-a5be-4e169e83acbf,50eb809a-0c1a-4f40-a68f-e6d652d82df5,1,2023-24,8.96,18,18,0,PASS
4a1a4b72-8ee5-5970-97dc-af2d32c69557,50eb809a-0c1a-4f40-a68f-e6d652d82df5,2,2023-24,9.59,20,20,0,PASS
d7867b35-b86a-506c-8d40-f7ea2f495360,50eb809a-0c1a-4f40-a68f-e6d652d82df5,3,2024-25,7.89,18,18,0,PASS
c99fdb26-2c9d-58f7-b928-a6f7ab245ebf,50eb809a-0c1a-4f40-a68f-e6d652d82df5,4,2024-25,8.81,18,18,0,PASS
5ae3b4ff-efc6-51e3-a814-d3f93a48a195,50eb809a-0c1a-4f40-a68f-e6d652d82df5,5,2025-26,9.25,20,20,0,PASS
6b18c7e8-c5e9-5141-880e-711d6c042f75,929aacb4-8848-41d5-826b-198fd38c282c,1,2023-24,6.85,18,18,0,PASS
93366001-4e66-5fe0-b0ae-f9da4fff485e,929aacb4-8848-41d5-826b-198fd38c282c,2,2023-24,7.73,18,18,0,PASS
b9fe8382-12ed-5f78-b0e8-53f071aaf14a,929aacb4-8848-41d5-826b-198fd38c282c,3,2024-25,7.3,22,22,0,PASS
8f1e51ec-347e-5a2f-9c77-5a0cefda2e94,929aacb4-8848-41d5-826b-198fd38c282c,4,2024-25,7.24,22,22,0,PASS
599bf968-0086-5317-b7ea-c46f84cb5792,929aacb4-8848-41d5-826b-198fd38c282c,5,2025-26,7.85,20,20,0,PASS
39373abd-0490-5a1e-9511-270d72240c88,5760b456-3ca1-4a60-8276-caf174ac145c,1,2025-26,6.67,18,18,0,PASS
6d2c7ac7-8555-5911-83e5-1d1b8c7efd82,545a7be8-63a6-49f9-82ba-15c729e970ef,1,2025-26,7.6,22,22,0,PASS
83835e83-e55b-5e7f-a9df-19d66f24a556,9f4f4382-b43c-43f7-afd6-7f42cc95e525,1,2023-24,4.95,20,20,0,PASS
83178315-fb10-513c-8a10-9a7560e2ee9d,9f4f4382-b43c-43f7-afd6-7f42cc95e525,2,2023-24,5.11,20,20,0,PASS
e84730d6-bfe6-50bd-9e6c-f98a0f9a80da,9f4f4382-b43c-43f7-afd6-7f42cc95e525,3,2024-25,4.76,20,20,0,PASS
040a9805-365f-5b7a-832c-8201e4109729,9f4f4382-b43c-43f7-afd6-7f42cc95e525,4,2024-25,4.65,22,22,0,PASS
02d8baf5-fe65-58f4-8122-e08cf96e8efb,9f4f4382-b43c-43f7-afd6-7f42cc95e525,5,2025-26,4.19,20,20,0,PASS
dd9a2cde-a1ac-57ef-bfcc-e63aa319e5a4,3f481443-2b77-478b-ba13-0edd65a0ef94,1,2023-24,7.6,18,18,0,PASS
40b31408-7872-567f-99c0-70406269befb,3f481443-2b77-478b-ba13-0edd65a0ef94,2,2023-24,6.9,20,20,0,PASS
a07bd952-4a86-5c2b-972b-cb60d58b59fe,3f481443-2b77-478b-ba13-0edd65a0ef94,3,2024-25,6.82,18,18,0,PASS
f10eae90-422d-5299-86f8-651a3145c986,3f481443-2b77-478b-ba13-0edd65a0ef94,4,2024-25,5.94,18,18,0,PASS
b63b0931-9bf3-568b-868e-0ceb91cca326,3f481443-2b77-478b-ba13-0edd65a0ef94,5,2025-26,7.34,22,22,0,PASS
72d4ae42-9d2c-51d1-8b92-b4fac743a633,9a194e6c-e199-4b1d-b6bc-4c7f14f60129,1,2025-26,7.0,18,18,0,PASS
f278220b-2fdf-5d8a-8032-60bc5757b143,80febf64-2e57-463f-996b-9e3a109abe5b,1,2025-26,7.39,22,22,0,PASS
f4a3926a-5735-5a18-9d28-d91496d84712,dbbe3465-694d-4fc3-8214-7195c6034655,1,2023-24,4.48,18,18,0,PASS
748bd768-2f8c-53ff-b384-0c9664d543df,dbbe3465-694d-4fc3-8214-7195c6034655,2,2023-24,4.15,18,18,0,PASS
2287dc03-1add-507a-9029-2f330ca6e785,dbbe3465-694d-4fc3-8214-7195c6034655,3,2024-25,4.66,20,20,0,PASS
45f0fe85-33ce-5610-b02e-09c453bd3292,dbbe3465-694d-4fc3-8214-7195c6034655,4,2024-25,4.9,18,18,0,PASS
2a456e31-f8be-54b1-97b0-f2000b55fb85,dbbe3465-694d-4fc3-8214-7195c6034655,5,2025-26,4.44,20,20,0,PASS
997d42ea-1160-577b-8875-774696c2d8ca,125db4c4-4e53-4c42-857b-9e2f5ea35ae2,1,2024-25,7.49,22,22,0,PASS
04eab06a-ce2e-58e8-a645-6dc88607d0ee,125db4c4-4e53-4c42-857b-9e2f5ea35ae2,2,2024-25,7.93,20,20,0,PASS
6cac0175-8a43-5c4a-ba95-bde55d52e942,125db4c4-4e53-4c42-857b-9e2f5ea35ae2,3,2025-26,7.63,18,18,0,PASS
31d97df1-c251-5dab-a0af-f34d72e05145,ba709e3b-7a4f-49ed-a2b3-8f573f4f06e8,1,2025-26,8.23,20,20,0,PASS
99ae0da8-c0ed-5ea8-b34e-04402080326f,47e15ebf-3fe3-4f47-a31e-070a0ffd9c90,1,2024-25,7.43,18,22,1,PASS
c707c848-f881-58a0-9b88-92128b215622,47e15ebf-3fe3-4f47-a31e-070a0ffd9c90,2,2024-25,6.61,18,18,0,PASS
19e09bde-fa5b-566d-b6cf-6e651e70504a,47e15ebf-3fe3-4f47-a31e-070a0ffd9c90,3,2025-26,7.13,18,18,0,PASS
cb1eac5f-109f-5e14-ae62-f776a9441b63,92c83e9c-7805-4331-b1dc-5ae8d93f90c1,1,2023-24,7.98,20,20,0,PASS
9d4c5975-bec9-55a0-a285-41a89a82d389,92c83e9c-7805-4331-b1dc-5ae8d93f90c1,2,2023-24,9.16,20,20,0,PASS
c01848ba-c9ee-5e86-8175-2678db03c2e5,92c83e9c-7805-4331-b1dc-5ae8d93f90c1,3,2024-25,8.02,20,20,0,PASS
f885cc99-d405-5532-a78b-27cecf67845e,92c83e9c-7805-4331-b1dc-5ae8d93f90c1,4,2024-25,8.01,22,22,0,PASS
b44eca71-fe25-5cda-b518-a565366e115a,92c83e9c-7805-4331-b1dc-5ae8d93f90c1,5,2025-26,8.03,18,18,0,PASS
6ada6e81-135b-570e-8560-7fa8648b733c,9f545a85-3bc1-482c-a992-727ba0d9e010,1,2025-26,5.57,18,18,0,PASS
4ce67a6b-22c9-54c3-a305-e80ab2263501,d0b60c6f-7009-4b51-912f-efa832392c26,1,2023-24,5.0,14,18,1,PASS
d1b66ecc-d8fd-51f6-a2d6-b35980b0e9d3,d0b60c6f-7009-4b51-912f-efa832392c26,2,2023-24,5.16,22,22,0,PASS
5b2de6cd-e9a6-5dfb-aff9-05965551d308,d0b60c6f-7009-4b51-912f-efa832392c26,3,2024-25,6.14,22,22,0,PASS
53abff85-6f61-532c-903b-1283a2db381d,d0b60c6f-7009-4b51-912f-efa832392c26,4,2024-25,5.46,20,20,0,PASS
0218747e-aa12-5331-870d-f94387a10d01,d0b60c6f-7009-4b51-912f-efa832392c26,5,2025-26,4.42,18,22,1,PASS
0d63158d-2e48-508c-a850-d37416516c9a,2e2b1ef9-16ac-4184-aa15-e1150f6ac482,1,2023-24,9.71,18,18,0,PASS
71227417-46f5-5924-bba6-c44aed44c53a,2e2b1ef9-16ac-4184-aa15-e1150f6ac482,2,2023-24,9.29,22,22,0,PASS
69fe9991-8113-55ee-b1e6-e0eeb41e2940,2e2b1ef9-16ac-4184-aa15-e1150f6ac482,3,2024-25,10.0,20,20,0,PASS
0ef7a0d8-06b1-5a05-bed3-c8f7fb3b102d,2e2b1ef9-16ac-4184-aa15-e1150f6ac482,4,2024-25,8.7,20,20,0,PASS
d68fab18-91cc-5e0d-a68e-59707dc2eb01,2e2b1ef9-16ac-4184-aa15-e1150f6ac482,5,2025-26,10.0,20,20,0,PASS
5293520a-bb44-5a89-8090-d52ffcb0e474,af9854a3-9ec9-44ff-83f1-834da464c382,1,2025-26,8.27,18,18,0,PASS
0a0b1ffe-1ba5-5ea3-8633-da20e9366aec,37d57dad-e268-4057-8a72-d0f484cfb87d,1,2025-26,7.42,22,22,0,PASS
038ad2c3-fc9b-54b2-af62-7ac117069a74,f520acfc-42f8-4810-9793-1442a4009adf,1,2023-24,7.53,20,20,0,PASS
23e5930f-a88d-5897-be7a-acc559134fac,f520acfc-42f8-4810-9793-1442a4009adf,2,2023-24,7.55,22,22,0,PASS
302fe937-ad9a-551f-9257-a2e2603fa830,f520acfc-42f8-4810-9793-1442a4009adf,3,2024-25,8.27,22,22,0,PASS
579e9071-5043-51c6-84c9-b46972b8b5f7,f520acfc-42f8-4810-9793-1442a4009adf,4,2024-25,8.4,18,18,0,PASS
0b4cb893-8511-5b67-b8b6-6b151d70c84d,f520acfc-42f8-4810-9793-1442a4009adf,5,2025-26,8.33,22,22,0,PASS
a67af667-9902-5cdf-91bf-97e807451ab4,de59e297-4917-4419-9ea9-993422cefcf2,1,2024-25,8.31,22,22,0,PASS
869f3960-158a-5021-8ca3-b8441ce6a8e8,de59e297-4917-4419-9ea9-993422cefcf2,2,2024-25,8.63,22,22,0,PASS
f952dbc2-40cb-507d-ade8-9139389e3eff,de59e297-4917-4419-9ea9-993422cefcf2,3,2025-26,8.8,20,20,0,PASS
b8fee0d2-3d95-5dc9-a5e9-7d36c0c228af,462f96fa-ebb2-43c1-a1a7-90d65999932b,1,2024-25,7.42,18,18,0,PASS
6c3f25df-67bc-505c-bde3-9988d06ccc3a,462f96fa-ebb2-43c1-a1a7-90d65999932b,2,2024-25,8.34,22,22,0,PASS
ebf213a9-5871-5d8f-a635-68169c4e1c17,462f96fa-ebb2-43c1-a1a7-90d65999932b,3,2025-26,8.41,20,20,0,PASS
2740a7d8-f281-594b-9240-80ac9b7cf483,61ce7a25-8966-4297-b408-3fb30cbc9394,1,2025-26,8.22,22,22,0,PASS
39fff03f-ab20-5ac2-85ef-585ab636879c,ed3cb4c4-51b8-4080-80b2-41dbfca48bad,1,2025-26,5.47,20,20,0,PASS
a37d33f7-8e55-5be7-9436-10fe8a4632f0,15035786-a854-4712-ba07-482404db9f3f,1,2025-26,8.6,22,22,0,PASS
f64946c7-97e5-522d-addf-0eb8f9cdf24d,f19a3f7c-62da-4bb6-9006-cd08dc661cd9,1,2023-24,6.62,22,22,0,PASS
8e3b7255-45b8-5e2b-b2a5-40518bb17a9f,f19a3f7c-62da-4bb6-9006-cd08dc661cd9,2,2023-24,7.75,20,20,0,PASS
1434cf3b-fe4d-583d-a35b-cc330f93bab2,f19a3f7c-62da-4bb6-9006-cd08dc661cd9,3,2024-25,6.08,18,18,0,PASS
7b282cab-348b-5d90-a961-d0860af58fde,f19a3f7c-62da-4bb6-9006-cd08dc661cd9,4,2024-25,7.13,18,18,0,PASS
48733249-0ecb-5205-ab50-648ae304e01f,f19a3f7c-62da-4bb6-9006-cd08dc661cd9,5,2025-26,6.9,22,22,0,PASS
a2beeca7-e1a7-5c48-9c66-cc3037f3bf6b,1b298305-c00d-48fe-a978-77e6d1094380,1,2023-24,9.24,18,18,0,PASS
ee3aeae2-567d-57ab-9260-1295c0290aea,1b298305-c00d-48fe-a978-77e6d1094380,2,2023-24,9.68,22,22,0,PASS
3f834b0d-0ff5-5c88-a753-538cb00a975a,1b298305-c00d-48fe-a978-77e6d1094380,3,2024-25,9.3,22,22,0,PASS
971d78d5-cc85-5275-a4a2-cf73608b7462,1b298305-c00d-48fe-a978-77e6d1094380,4,2024-25,9.32,14,18,1,PASS
d3623975-5278-5281-859d-8ebd389ba3a8,1b298305-c00d-48fe-a978-77e6d1094380,5,2025-26,9.47,22,22,0,PASS
b9b1491a-4c26-504c-83aa-3c3c55bbdafc,5c01ce5e-5490-466c-8049-69144542083b,1,2025-26,5.2,22,22,0,PASS
0cedc19b-c258-5ea4-aeea-57e4182d02bd,0878c386-776f-4526-a2ad-676bcf927e67,1,2024-25,7.4,22,22,0,PASS
be126aa9-f4d0-5529-9094-c9c6ba5e2e14,0878c386-776f-4526-a2ad-676bcf927e67,2,2024-25,7.91,18,18,0,PASS
336a7dfb-856e-5275-8411-6e3b86fba831,0878c386-776f-4526-a2ad-676bcf927e67,3,2025-26,8.19,20,20,0,PASS
81ac492f-be17-5343-a3a3-b1cdb0d32877,19d1eb1c-0a4d-4c18-8ebe-285b2645cf18,1,2023-24,7.09,18,18,0,PASS
4a5acc45-c095-59b3-a706-7b1486485c22,19d1eb1c-0a4d-4c18-8ebe-285b2645cf18,2,2023-24,6.34,18,18,0,PASS
9c52a29f-ce23-5814-a9f2-0e97a87ba1ee,19d1eb1c-0a4d-4c18-8ebe-285b2645cf18,3,2024-25,6.17,14,18,1,FAIL
2c6106a4-a6bc-549c-9a98-b72014aa8b90,19d1eb1c-0a4d-4c18-8ebe-285b2645cf18,4,2024-25,6.81,14,18,1,PASS
cd7dca80-24e1-5a1c-bdc8-26755ead79c3,19d1eb1c-0a4d-4c18-8ebe-285b2645cf18,5,2025-26,6.39,22,22,0,PASS
8d4f32fc-2127-56a2-b532-9c94248601f6,f7a70478-994f-4ebb-9078-73b5e632c2e8,1,2024-25,9.01,18,18,0,PASS
bf35b7a6-e810-5ad2-8c10-0e6d05030fc6,f7a70478-994f-4ebb-9078-73b5e632c2e8,2,2024-25,8.27,22,22,0,PASS
0ccd5b38-9430-56ca-8387-be696ff9939e,f7a70478-994f-4ebb-9078-73b5e632c2e8,3,2025-26,7.9,18,18,0,PASS
8d65269e-4801-5aaf-ab27-49575254da85,5044810a-2a6e-4956-8c77-4f38cb201e6d,1,2025-26,5.7,22,22,0,PASS
0b149d01-80b2-59e3-8c07-42aa6ca94bd9,de8b3d49-9000-4783-844d-7ec5a8748326,1,2025-26,8.89,18,18,0,PASS
de895fc5-1fbc-5c05-ab9e-b67e943c2905,78cd1b79-c9e7-4568-aa23-5d2ed5bbccd1,1,2024-25,7.34,20,20,0,PASS
d17f3c50-09bf-5c23-a9cb-0474b4298b64,78cd1b79-c9e7-4568-aa23-5d2ed5bbccd1,2,2024-25,7.55,20,20,0,PASS
f1143154-12f5-5c60-8d5d-c7257b89c1f0,78cd1b79-c9e7-4568-aa23-5d2ed5bbccd1,3,2025-26,7.8,18,18,0,PASS
da8a3a76-8f74-5738-8729-80ff034e3602,94bc0fca-5f06-450c-b0e9-dd58fca94c97,1,2024-25,6.16,22,22,0,PASS
898665f9-1b1a-57cd-9315-80d1c39f1852,94bc0fca-5f06-450c-b0e9-dd58fca94c97,2,2024-25,5.92,22,22,0,PASS
4b72d5c9-89ae-5d24-af91-a69b9c165674,94bc0fca-5f06-450c-b0e9-dd58fca94c97,3,2025-26,6.42,22,22,0,PASS
32c000d2-20f2-5969-996e-c21f664198d0,bb8e640c-1366-4e43-90ab-77bf5c234dd3,1,2025-26,5.02,20,20,0,PASS
87ab0c6d-7de1-57cf-8356-170001ddcafc,733ccf43-f0e7-4ca1-83bd-68726181d40b,1,2025-26,6.61,18,18,0,PASS
805d126c-6c45-57ad-86e0-684a28384c30,7b6a435e-5b61-4f0f-905d-dbe4d65d6a6e,1,2024-25,7.41,18,18,0,PASS
47708174-8800-5994-af63-3c93ce8cc27a,7b6a435e-5b61-4f0f-905d-dbe4d65d6a6e,2,2024-25,7.82,20,20,0,PASS
07c2358c-d459-5dcf-8c68-c9f5cb2cc5bd,7b6a435e-5b61-4f0f-905d-dbe4d65d6a6e,3,2025-26,8.06,22,22,0,PASS
8b6d0c0c-7b2a-5894-b9f3-66c79a8b699f,b409980d-b848-4e6b-bbdc-27f8ca6f737f,1,2025-26,7.85,20,20,0,PASS
bed73c98-ed45-56ef-ba91-f77a14bd64c8,3a973ea2-3aae-42ab-a6f4-08b003ad2ee4,1,2025-26,9.43,18,18,0,PASS
83b7d41e-5a28-5ef6-bcaa-6d86827cd11e,75f6feda-a267-4ed1-82db-b6720c8b1a9a,1,2025-26,6.94,22,22,0,PASS
cc265578-3103-5139-b247-0c9f988ef2d4,681ceb05-05e2-4070-9704-4ccebd48bd69,1,2023-24,6.32,20,20,0,PASS
a731f73a-2f7f-549b-8228-fba9ce46dd1f,681ceb05-05e2-4070-9704-4ccebd48bd69,2,2023-24,6.88,18,18,0,PASS
abfa160e-3a6f-5640-9755-daacf968dc8a,681ceb05-05e2-4070-9704-4ccebd48bd69,3,2024-25,6.57,22,22,0,PASS
d228830b-cd1a-5b57-9210-d70aab56b955,681ceb05-05e2-4070-9704-4ccebd48bd69,4,2024-25,6.27,20,20,0,PASS
6a0c44af-2bb0-5a72-a85c-f0d171db67b4,681ceb05-05e2-4070-9704-4ccebd48bd69,5,2025-26,5.96,16,20,1,FAIL
d75717d1-c318-5d86-a2ce-8e6f04fd244d,9e56ef89-0c52-4e04-beff-14496aa1f6fa,1,2024-25,6.13,22,22,0,PASS
3e25ca59-5a9d-53f0-96bc-6d21422a34f7,9e56ef89-0c52-4e04-beff-14496aa1f6fa,2,2024-25,7.99,20,20,0,PASS
a4bf87e1-f02b-5e3e-98e2-bcae08650403,9e56ef89-0c52-4e04-beff-14496aa1f6fa,3,2025-26,7.19,22,22,0,PASS
7255e0e8-41a2-58b6-96e8-b8600dd71f36,778578b6-1155-4bec-a488-eeb9e81ce5f1,1,2024-25,8.12,22,22,0,PASS
ed51718e-417f-5068-b3a0-d2b8c7f69ec5,778578b6-1155-4bec-a488-eeb9e81ce5f1,2,2024-25,7.91,20,20,0,PASS
00c0127f-8c8b-5030-80c6-787cac6d6894,778578b6-1155-4bec-a488-eeb9e81ce5f1,3,2025-26,9.07,20,20,0,PASS
58c6b17a-e6fd-5220-8c91-5c75eae586b9,2eea3025-aa4d-42d4-a953-41265cdda874,1,2023-24,3.78,20,20,0,PASS
256965bb-b61c-55d4-9edf-195a071babba,2eea3025-aa4d-42d4-a953-41265cdda874,2,2023-24,4.74,18,18,0,PASS
c79e6ce0-bf1c-5542-9366-e3a0537bf5ad,2eea3025-aa4d-42d4-a953-41265cdda874,3,2024-25,4.23,18,18,0,PASS
fb187633-4671-5f98-abb0-a5a0b88a6c7f,2eea3025-aa4d-42d4-a953-41265cdda874,4,2024-25,5.41,20,20,0,PASS
f8aaae51-610b-5cbe-b590-57473304fad1,2eea3025-aa4d-42d4-a953-41265cdda874,5,2025-26,4.77,20,20,0,PASS
b54bc4f1-aa13-576d-a907-0d8d562cbd93,bb43d93c-a820-4dfe-a1aa-361f41b20946,1,2025-26,9.35,22,22,0,PASS
3d5cfbfa-c8f9-500f-817d-a18ffa8576f2,12ffdd35-1983-4516-84ba-e5c05354fd16,1,2023-24,8.1,18,18,0,PASS
631e45ad-60ff-56c2-a857-60b001de3632,12ffdd35-1983-4516-84ba-e5c05354fd16,2,2023-24,7.89,20,20,0,PASS
cc23fa8f-e084-59d8-a825-29668869450a,12ffdd35-1983-4516-84ba-e5c05354fd16,3,2024-25,8.73,20,20,0,PASS
3c32f584-b9e8-5bf3-a7c1-2b31e561e60e,12ffdd35-1983-4516-84ba-e5c05354fd16,4,2024-25,7.64,22,22,0,PASS
48d5d105-7236-5446-a780-b48c681cbfcb,12ffdd35-1983-4516-84ba-e5c05354fd16,5,2025-26,8.27,20,20,0,PASS
8229dee0-deb2-5e63-8dd6-820a2886c2f1,96f05d64-345a-4f30-ac9a-a5d401c71c6f,1,2023-24,5.52,20,20,0,PASS
0c2e38ff-13a6-53e3-b096-244c539777cc,96f05d64-345a-4f30-ac9a-a5d401c71c6f,2,2023-24,5.74,18,18,0,PASS
ca35abd1-1a24-5a96-933a-58a7cfbc0fc5,96f05d64-345a-4f30-ac9a-a5d401c71c6f,3,2024-25,6.78,20,20,0,PASS
1dd06e19-402a-5dbb-9ff6-5c70e9fef61b,96f05d64-345a-4f30-ac9a-a5d401c71c6f,4,2024-25,6.23,20,20,0,PASS
26eb806a-7880-5ce9-9007-7ec66b47f484,96f05d64-345a-4f30-ac9a-a5d401c71c6f,5,2025-26,5.7,18,18,0,PASS
aefebcfb-9afb-5237-9633-4f7e566dc450,6341c91d-9a0a-4d79-a295-60e839398818,1,2024-25,8.15,20,20,0,PASS
750a689d-f159-5fb8-8904-398b8c26095a,6341c91d-9a0a-4d79-a295-60e839398818,2,2024-25,8.57,22,22,0,PASS
75ebd170-8a1c-5da2-970d-e5fd549c7ed0,6341c91d-9a0a-4d79-a295-60e839398818,3,2025-26,8.07,18,22,1,FAIL
cef03572-44d8-5506-bcd4-17a85fe836bb,93e5f693-9a5d-499a-b901-3598de01014b,1,2024-25,7.72,22,22,0,PASS
1df8dd67-a883-5cb7-a238-dcf08ef895aa,93e5f693-9a5d-499a-b901-3598de01014b,2,2024-25,7.54,22,22,0,PASS
e1de519f-22be-5703-b50d-70407f80afd0,93e5f693-9a5d-499a-b901-3598de01014b,3,2025-26,7.71,18,18,0,PASS
bb5d1880-a2df-55f3-84e4-46bc50b24326,accd7619-ac08-4835-8426-136eb7053b09,1,2024-25,6.09,18,18,0,PASS
c8cd3a69-7093-5112-91ec-92b8fbd4ea44,accd7619-ac08-4835-8426-136eb7053b09,2,2024-25,7.13,22,22,0,PASS
17a4e7b4-600f-5546-954d-af68f18a32cb,accd7619-ac08-4835-8426-136eb7053b09,3,2025-26,7.02,20,20,0,PASS
abb2c3f2-19bc-51c1-9b11-aaf2c001cec7,2ff85deb-17c4-4678-bbba-bef09bfbd6fd,1,2024-25,8.07,18,18,0,PASS
7f2bb687-e1c8-5596-b43a-146bf479f84b,2ff85deb-17c4-4678-bbba-bef09bfbd6fd,2,2024-25,7.44,18,18,0,PASS
f31336af-6012-5d07-ada6-6dd64e9d429f,2ff85deb-17c4-4678-bbba-bef09bfbd6fd,3,2025-26,8.15,20,20,0,PASS
d3036e81-5de1-5f63-8a50-fe6b6d17a7ea,de6ca32c-428f-45ad-976a-a3f61ebc016d,1,2025-26,6.85,22,22,0,PASS
2b0aa41f-2a5f-5f32-9607-9cf7da8bc9ed,1214d0da-f248-4f36-b6ee-77900a8b47d6,1,2024-25,7.28,18,18,0,PASS
6633dd18-5dbe-535c-97b8-3cea8c9b0056,1214d0da-f248-4f36-b6ee-77900a8b47d6,2,2024-25,7.45,20,20,0,PASS
29bc9629-5b39-529a-b1cc-9e31235b4b68,1214d0da-f248-4f36-b6ee-77900a8b47d6,3,2025-26,6.69,18,18,0,PASS
f3151114-5f8c-514f-b369-3d421b91c5b2,c11e2f54-f779-459c-9e59-4963c963e881,1,2023-24,7.01,18,18,0,PASS
8e9cd11a-ec59-5ae2-a897-072ef8753242,c11e2f54-f779-459c-9e59-4963c963e881,2,2023-24,8.25,22,22,0,PASS
c09e482c-cc69-5af1-ad8c-a69ea8678577,c11e2f54-f779-459c-9e59-4963c963e881,3,2024-25,7.53,22,22,0,PASS
8b399c98-8144-56c4-8514-e7bb7659cba6,c11e2f54-f779-459c-9e59-4963c963e881,4,2024-25,7.08,22,22,0,PASS
1613c952-49b0-5dd4-9efc-b174ccb57278,c11e2f54-f779-459c-9e59-4963c963e881,5,2025-26,6.48,18,22,1,FAIL
b8c98732-31a0-5dcd-b3c9-73a284c9ffff,3b63819d-439e-4ae7-9d6c-69c928793169,1,2025-26,7.54,14,18,1,PASS
eb00b9f7-7152-5cad-b601-a19f860ed86e,74975483-214e-4eda-ab97-a64efb13fd3a,1,2025-26,9.12,16,20,1,PASS
89205fd6-5f26-5627-9e92-8732ee511c18,4e96ea77-5242-4382-898d-9f1cfb44a5e6,1,2024-25,4.56,22,22,0,PASS
846bfcab-c220-506a-a839-5e2081ed4811,4e96ea77-5242-4382-898d-9f1cfb44a5e6,2,2024-25,4.21,20,20,0,PASS
ea058344-dde2-52b0-a338-2be2a47ff93e,4e96ea77-5242-4382-898d-9f1cfb44a5e6,3,2025-26,4.58,18,18,0,PASS
ae536879-84d1-5ba2-9620-af6710619186,e84d89a3-3147-4bc9-9ab7-131ead64d534,1,2024-25,6.03,18,18,0,PASS
420905e4-a272-5de9-bd4f-f04e98eef3ca,e84d89a3-3147-4bc9-9ab7-131ead64d534,2,2024-25,6.05,18,18,0,PASS
e55be0ee-e655-547f-9acb-c2b1557ea09a,e84d89a3-3147-4bc9-9ab7-131ead64d534,3,2025-26,6.31,20,20,0,PASS
cf10f4fb-d2db-56c9-8d73-5f276e726c95,a8881a5f-4bb2-45f9-b358-c6b2898e665a,1,2023-24,9.5,22,22,0,PASS
7609b305-2a1e-556c-b340-b362f657e547,a8881a5f-4bb2-45f9-b358-c6b2898e665a,2,2023-24,9.28,22,22,0,PASS
3db9b2d9-26ec-58d2-b1d5-009ae1959c8f,a8881a5f-4bb2-45f9-b358-c6b2898e665a,3,2024-25,9.12,18,18,0,PASS
5e1fee4c-b0b6-5100-81af-287d42294fd8,a8881a5f-4bb2-45f9-b358-c6b2898e665a,4,2024-25,8.46,22,22,0,PASS
11fe2fc6-c677-5d50-bb31-c3554ad32b0b,a8881a5f-4bb2-45f9-b358-c6b2898e665a,5,2025-26,8.65,20,20,0,PASS
841a7dee-26fa-550e-975c-62827a5247b1,0588db62-528e-44a0-a7db-027039547cc9,1,2023-24,6.67,20,20,0,PASS
63182495-b090-5bec-9b0f-74154c863de6,0588db62-528e-44a0-a7db-027039547cc9,2,2023-24,7.37,20,20,0,PASS
feb8aa4a-26ba-55cd-bd09-7634c849ca40,0588db62-528e-44a0-a7db-027039547cc9,3,2024-25,7.33,18,18,0,PASS
81118080-8a7c-512d-a13e-8ca74f870735,0588db62-528e-44a0-a7db-027039547cc9,4,2024-25,7.33,20,20,0,PASS
af58cbc2-c144-5c03-8424-696118de9fb7,0588db62-528e-44a0-a7db-027039547cc9,5,2025-26,6.58,22,22,0,PASS
e586dac9-e91c-5ab7-b1d4-89ef06f114c1,448f32c5-7a26-41b8-958c-65ccbe83f8a4,1,2024-25,7.56,22,22,0,PASS
e3fb7c95-e712-5838-91a9-0ad03654868e,448f32c5-7a26-41b8-958c-65ccbe83f8a4,2,2024-25,7.36,18,18,0,PASS
e82e75af-293d-56d9-a2d7-d54c8b1fdb4e,448f32c5-7a26-41b8-958c-65ccbe83f8a4,3,2025-26,7.48,20,20,0,PASS
5716d15c-dde9-571c-b685-5bf19e72f13c,41a4e6a1-4087-465f-8dc4-eca61769e22f,1,2023-24,7.02,20,20,0,PASS
f6d9de5f-563a-5065-9dee-67018768e77a,41a4e6a1-4087-465f-8dc4-eca61769e22f,2,2023-24,7.25,20,20,0,PASS
a6c22ac5-db1d-5867-b024-35b2d362f56f,41a4e6a1-4087-465f-8dc4-eca61769e22f,3,2024-25,7.59,18,18,0,PASS
a04610a8-a038-5e89-be3e-7c3722a696d7,41a4e6a1-4087-465f-8dc4-eca61769e22f,4,2024-25,6.59,22,22,0,PASS
2047cf0a-88a1-549c-abee-ba3f937d166a,41a4e6a1-4087-465f-8dc4-eca61769e22f,5,2025-26,7.17,20,20,0,PASS
d0823657-909d-50f3-85f6-8048537b6dba,6177cef9-10f8-4313-b0e2-689a49a1a8d4,1,2023-24,9.45,22,22,0,PASS
0ee11fcf-9571-504f-8e17-3189e92c525b,6177cef9-10f8-4313-b0e2-689a49a1a8d4,2,2023-24,10.0,22,22,0,PASS
0a46909c-3bc5-5496-b237-09b439e4294a,6177cef9-10f8-4313-b0e2-689a49a1a8d4,3,2024-25,10.0,20,20,0,PASS
bc7cb312-3b86-54c3-8bbf-65944064af3d,6177cef9-10f8-4313-b0e2-689a49a1a8d4,4,2024-25,9.88,22,22,0,PASS
be057eb5-0956-5451-8193-4b71dd1c76b8,6177cef9-10f8-4313-b0e2-689a49a1a8d4,5,2025-26,10.0,20,20,0,PASS
58da05ad-fcfb-52ea-9df6-48de2eab80f3,2703ba50-5baf-43b7-bac0-c2d67bb4cda5,1,2025-26,7.71,18,18,0,PASS
0940a995-1858-5911-90fd-6094361f94a2,a4c5b46d-c9f2-414f-a0b2-91c1ad2383d5,1,2023-24,7.47,18,18,0,PASS
5b625655-2943-57df-9b9c-1d762fb3c93e,a4c5b46d-c9f2-414f-a0b2-91c1ad2383d5,2,2023-24,7.87,20,20,0,PASS
f50439c5-630b-5c97-b574-a1309e748744,a4c5b46d-c9f2-414f-a0b2-91c1ad2383d5,3,2024-25,7.69,22,22,0,PASS
007675c0-e538-5a8b-9e6b-c9975d35812e,a4c5b46d-c9f2-414f-a0b2-91c1ad2383d5,4,2024-25,7.8,18,18,0,PASS
b540db00-5380-543e-af80-fac76a196a1b,a4c5b46d-c9f2-414f-a0b2-91c1ad2383d5,5,2025-26,7.6,22,22,0,PASS
095cf27e-b8f6-54b3-a916-3f0113046d37,0dab6e6f-c53b-4063-8afc-0ed98aad91fd,1,2023-24,4.3,22,22,0,PASS
046c5c45-b76d-589e-b63a-d3fda7388387,0dab6e6f-c53b-4063-8afc-0ed98aad91fd,2,2023-24,4.85,14,18,1,PASS
d11de058-e581-58da-818c-f0e71a4bf26d,0dab6e6f-c53b-4063-8afc-0ed98aad91fd,3,2024-25,4.31,22,22,0,PASS
4c6048d1-9d5f-51cb-8041-b155465af2bf,0dab6e6f-c53b-4063-8afc-0ed98aad91fd,4,2024-25,4.09,16,20,1,FAIL
4a8a5378-8cd6-5a48-8452-e2d2df9aa701,0dab6e6f-c53b-4063-8afc-0ed98aad91fd,5,2025-26,4.56,22,22,0,PASS
41eccddc-6057-512b-9a75-597525b6b89a,42275199-7471-4736-94e5-41bc47f40405,1,2025-26,8.62,18,18,0,PASS
15846211-f103-5e88-85eb-cae2395623a8,9fcd698f-e508-416e-90f0-bf4997ef7573,1,2023-24,7.05,20,20,0,PASS
9089f215-8ce2-5595-9aac-c5176e25c8f7,9fcd698f-e508-416e-90f0-bf4997ef7573,2,2023-24,6.59,22,22,0,PASS
48555119-7a1a-52bf-ba30-7482e309b358,9fcd698f-e508-416e-90f0-bf4997ef7573,3,2024-25,6.87,20,20,0,PASS
5b0bb8ef-da8b-5f59-859f-12ff3fc1eed2,9fcd698f-e508-416e-90f0-bf4997ef7573,4,2024-25,6.96,18,18,0,PASS
35c1e4b0-234a-5e9f-b54f-f72be1b9e000,9fcd698f-e508-416e-90f0-bf4997ef7573,5,2025-26,7.29,14,18,1,FAIL
e1daaecc-205e-5e11-9a52-bbbf8a469f6d,f7518e2b-9882-4471-a67e-228189eed01a,1,2025-26,5.52,18,18,0,PASS
ec62856d-5bae-544f-bd5b-a7f029e0ac00,95037317-458a-455f-9702-95f7c1a5ea36,1,2024-25,6.36,18,18,0,PASS
2b07cc55-b3c4-5be3-a99a-429c3f8319ec,95037317-458a-455f-9702-95f7c1a5ea36,2,2024-25,7.0,20,20,0,PASS
56e6e12e-dcb2-5d77-9eff-d64c989705f6,95037317-458a-455f-9702-95f7c1a5ea36,3,2025-26,7.87,18,18,0,PASS
03000d1d-5478-5214-92b8-277b886ebb2f,ff437719-5046-453d-843e-628f739b47c5,1,2024-25,6.91,18,18,0,PASS
e078cee4-0c8f-56c9-94e3-a72dbc22eeef,ff437719-5046-453d-843e-628f739b47c5,2,2024-25,6.98,20,20,0,PASS
707c80cc-ffc2-5819-9a65-114bd163ad57,ff437719-5046-453d-843e-628f739b47c5,3,2025-26,6.45,20,20,0,PASS
8da30cc6-07b9-57f1-aa4b-335bbc57fd2c,17f46db7-ec9b-4fd8-a527-b0f0bdaabbac,1,2024-25,6.11,20,20,0,PASS
adc71407-8f53-5a5a-a4e9-a4f2f75b758d,17f46db7-ec9b-4fd8-a527-b0f0bdaabbac,2,2024-25,6.14,16,20,1,PASS
d5e01286-f3ff-5814-8b42-10492ae8e257,17f46db7-ec9b-4fd8-a527-b0f0bdaabbac,3,2025-26,6.18,20,20,0,PASS
7c29a2bf-e410-5637-b7f3-89cd49772e42,4e8acbac-a6f4-4059-a671-eead236c95da,1,2023-24,6.13,22,22,0,PASS
2ecde2d5-183e-5af2-86cd-b321732f276b,4e8acbac-a6f4-4059-a671-eead236c95da,2,2023-24,6.68,22,22,0,PASS
bf8b77dc-6467-5291-b2fa-bbc469a58933,4e8acbac-a6f4-4059-a671-eead236c95da,3,2024-25,6.71,22,22,0,PASS
5c20a1f8-86d2-546d-a2ea-22bb4083cef8,4e8acbac-a6f4-4059-a671-eead236c95da,4,2024-25,6.58,20,20,0,PASS
d85990c5-74dd-5044-891c-02b8d630926f,4e8acbac-a6f4-4059-a671-eead236c95da,5,2025-26,6.48,20,20,0,PASS
cdf1650a-a621-59b1-9436-b36eb88f36e0,2558e420-74ca-4615-adc0-653af7be501b,1,2023-24,5.97,16,20,1,PASS
ad2a41e4-6598-5b0a-831d-650293742e2d,2558e420-74ca-4615-adc0-653af7be501b,2,2023-24,6.24,20,20,0,PASS
b5c32261-b238-5d60-a380-30d37a69bc23,2558e420-74ca-4615-adc0-653af7be501b,3,2024-25,6.7,14,18,1,PASS
7c4362fd-b4f0-5562-97f2-44df1f6c5de4,2558e420-74ca-4615-adc0-653af7be501b,4,2024-25,5.09,18,18,0,PASS
bb1b5ddf-1e37-5017-aa9a-01e40b7b3e67,2558e420-74ca-4615-adc0-653af7be501b,5,2025-26,6.3,22,22,0,PASS
e10bbf4a-ad6e-584e-bd0e-2197e0c8bdeb,1c526e5f-5625-47d5-980a-18537732ee20,1,2024-25,6.64,20,20,0,PASS
6e8b1fe1-8f9c-59dd-afb8-d7e48a64e847,1c526e5f-5625-47d5-980a-18537732ee20,2,2024-25,6.48,18,22,1,PASS
6b365b41-dff0-5c4a-8257-7d6cc1a773ae,1c526e5f-5625-47d5-980a-18537732ee20,3,2025-26,6.83,20,20,0,PASS
f0685eb2-6728-54f3-824e-53e6f8ef64c4,d83fa806-d07f-470a-8edb-d07e29008a53,1,2023-24,8.26,20,20,0,PASS
da8048f7-82cf-5d4a-a8cc-0e64ccc4fdd9,d83fa806-d07f-470a-8edb-d07e29008a53,2,2023-24,8.52,18,18,0,PASS
847b0cf5-5194-5be1-8d84-dbdeba23d19c,d83fa806-d07f-470a-8edb-d07e29008a53,3,2024-25,9.19,22,22,0,PASS
9a4aeb91-a208-56a7-846a-96533aff94a3,d83fa806-d07f-470a-8edb-d07e29008a53,4,2024-25,9.08,22,22,0,PASS
2111d71c-7f3f-508a-b544-094266efed57,d83fa806-d07f-470a-8edb-d07e29008a53,5,2025-26,8.48,22,22,0,PASS
746c1c9b-81ff-5d42-91a1-b340069db86d,95225e7e-5ef7-420f-a5f1-41349acc160e,1,2023-24,5.57,18,18,0,PASS
7ea98382-759d-5cf1-9097-bcd2653a24f5,95225e7e-5ef7-420f-a5f1-41349acc160e,2,2023-24,4.9,18,18,0,PASS
8381f5e5-7787-5242-9ee6-2f2abd4c4134,95225e7e-5ef7-420f-a5f1-41349acc160e,3,2024-25,4.49,18,18,0,PASS
83680e98-0b77-5249-afa7-eac0830647a5,95225e7e-5ef7-420f-a5f1-41349acc160e,4,2024-25,5.58,14,18,1,PASS
f2b28cff-a9bb-5fb8-b471-de67f5ff30d9,95225e7e-5ef7-420f-a5f1-41349acc160e,5,2025-26,4.95,18,18,0,PASS
85c82aba-c368-5dfb-afb9-7b51e1f4123a,7bb988a3-2d40-478d-a082-050dae71947f,1,2024-25,8.84,16,20,1,FAIL
34f822aa-27d4-5436-95aa-d8fc282efc4f,7bb988a3-2d40-478d-a082-050dae71947f,2,2024-25,7.68,22,22,0,PASS
abe41e7e-0f8b-555a-ba24-d542dbf7d1bf,7bb988a3-2d40-478d-a082-050dae71947f,3,2025-26,7.73,22,22,0,PASS
d3f54acd-72a7-5c8d-ba75-c79fca5ca1e1,c1942ffb-178b-43e8-b25c-2261a2fafb15,1,2025-26,6.55,22,22,0,PASS
914a760f-857d-5b8f-8f09-de42f9b1a6ae,9d306591-85b0-413f-b465-9dec20a52ce0,1,2025-26,7.23,18,18,0,PASS
0709e3d1-4509-5898-87b0-5babc544c921,1f1d2a35-1920-4d99-8b6a-c2d552ce37cb,1,2025-26,6.36,18,18,0,PASS
17213d08-3a0c-54d4-baa9-44b4b6ca4686,95b069e9-bb66-4498-afec-710b5cf149e8,1,2023-24,9.71,20,20,0,PASS
5bc12fa2-077c-54b6-bb6c-cfd36f2a5925,95b069e9-bb66-4498-afec-710b5cf149e8,2,2023-24,9.36,20,20,0,PASS
66bde440-f9e2-57a2-bd11-fc667db4c46d,95b069e9-bb66-4498-afec-710b5cf149e8,3,2024-25,8.52,20,20,0,PASS
128e6a17-8a21-5294-941f-d669a5d01307,95b069e9-bb66-4498-afec-710b5cf149e8,4,2024-25,8.99,22,22,0,PASS
5b9f2f36-7e67-58d0-a1b5-3700f305c2c6,95b069e9-bb66-4498-afec-710b5cf149e8,5,2025-26,8.86,20,20,0,PASS
fb017d23-f5fe-55c1-8b6a-c93780e92d2c,e7331a31-ce9f-40b2-a318-d4d4757c59ed,1,2023-24,7.8,18,18,0,PASS
0031c1c0-704d-58c7-8fe1-b4c40bde90e9,e7331a31-ce9f-40b2-a318-d4d4757c59ed,2,2023-24,7.17,20,20,0,PASS
453d3663-2f85-566b-a314-500af4cfd28b,e7331a31-ce9f-40b2-a318-d4d4757c59ed,3,2024-25,7.05,22,22,0,PASS
8e686e0a-e6e7-5e31-9ec9-efb3ce430794,e7331a31-ce9f-40b2-a318-d4d4757c59ed,4,2024-25,7.33,16,20,1,PASS
5772d1f2-c4e2-5995-80b5-6bac580ab637,e7331a31-ce9f-40b2-a318-d4d4757c59ed,5,2025-26,7.37,22,22,0,PASS
6f599a42-0547-51e8-9b55-963ef08fcd41,4a9c827e-4f21-405b-96d1-2fa16cf3c9e2,1,2025-26,6.03,20,20,0,PASS
99077a1d-b438-5a2f-824e-ae8a0f945d33,312f8616-7c11-4091-a381-a18e9111c559,1,2024-25,7.82,20,20,0,PASS
943395fd-f551-5e62-867c-2b30a3a3fe57,312f8616-7c11-4091-a381-a18e9111c559,2,2024-25,8.64,20,20,0,PASS
e0d84809-c31d-57ee-90d2-e48f749b2da5,312f8616-7c11-4091-a381-a18e9111c559,3,2025-26,8.11,22,22,0,PASS
ade05a05-b191-545e-afc3-041640b9fb89,12ecd442-52e2-432e-b9c5-436aa62ab373,1,2023-24,8.08,22,22,0,PASS
0e6f9ed2-796b-5681-aeca-4a716bc6cccc,12ecd442-52e2-432e-b9c5-436aa62ab373,2,2023-24,7.33,18,18,0,PASS
725a3d86-a5bb-5b43-9914-c05dc02315de,12ecd442-52e2-432e-b9c5-436aa62ab373,3,2024-25,8.49,18,18,0,PASS
c6df2023-d8e1-5d2f-8627-d53bbf7e60b6,12ecd442-52e2-432e-b9c5-436aa62ab373,4,2024-25,7.84,18,18,0,PASS
925098e2-a349-56b8-8465-b4e0632c9877,12ecd442-52e2-432e-b9c5-436aa62ab373,5,2025-26,7.88,20,20,0,PASS
bd34ce5d-a6d5-5fe8-ad0e-e970f3f052d1,8e48936a-48b0-4cd4-aca7-8a60f3d82a38,1,2023-24,8.71,20,20,0,PASS
6720dacb-8834-514f-bd05-52937b9fe2c3,8e48936a-48b0-4cd4-aca7-8a60f3d82a38,2,2023-24,8.52,18,18,0,PASS
a6468955-b9c5-5185-a299-856a859a8240,8e48936a-48b0-4cd4-aca7-8a60f3d82a38,3,2024-25,9.02,18,18,0,PASS
7df6cfc2-fb35-52f4-a8ca-e131633e33e3,8e48936a-48b0-4cd4-aca7-8a60f3d82a38,4,2024-25,9.5,20,20,0,PASS
8e52f678-e3cc-5cb9-8deb-f76c64ea189e,8e48936a-48b0-4cd4-aca7-8a60f3d82a38,5,2025-26,8.77,18,18,0,PASS
b86e05c8-89fa-5983-923b-735c51dbf4b6,f6330253-6ea8-4ef7-a826-76a4e5f290e6,1,2025-26,7.39,22,22,0,PASS
36f3cb52-596d-5f94-bfe8-d93683e56def,94839a0a-17c3-4e71-9c30-c5fc1d0c1b12,1,2024-25,5.17,18,18,0,PASS
a4ebd2f0-40eb-5adc-bab2-0ea6bb54d6c0,94839a0a-17c3-4e71-9c30-c5fc1d0c1b12,2,2024-25,4.37,22,22,0,PASS
d71e3e16-01ba-56ae-8247-fd20b585cf67,94839a0a-17c3-4e71-9c30-c5fc1d0c1b12,3,2025-26,5.5,22,22,0,PASS
5f100617-40ab-51cf-a64e-3eb1c83289a7,48fb2dfb-66c8-4082-b603-925c2121bb34,1,2023-24,9.61,22,22,0,PASS
dd11acd7-a27c-51cd-941f-998087b1877b,48fb2dfb-66c8-4082-b603-925c2121bb34,2,2023-24,9.06,18,18,0,PASS
df1eacee-707e-5ccd-962c-098c5703b272,48fb2dfb-66c8-4082-b603-925c2121bb34,3,2024-25,8.44,22,22,0,PASS
4ad80d61-49a9-52c3-9d6d-0aa83881b812,48fb2dfb-66c8-4082-b603-925c2121bb34,4,2024-25,8.89,16,20,1,PASS
e3fdf4ef-83a8-5b53-a266-31d73a2dfeca,48fb2dfb-66c8-4082-b603-925c2121bb34,5,2025-26,9.34,20,20,0,PASS
ba4d4c50-6911-54af-adb7-a7728d65d613,9b750ad9-9ae5-4f3f-bdd3-a60f23ba1f83,1,2024-25,7.48,20,20,0,PASS
aee3a3bf-fd2b-5085-b588-2df111fc01b4,9b750ad9-9ae5-4f3f-bdd3-a60f23ba1f83,2,2024-25,7.11,16,20,1,PASS
09ed65f3-305b-5628-8e33-763040e9db99,9b750ad9-9ae5-4f3f-bdd3-a60f23ba1f83,3,2025-26,7.75,20,20,0,PASS
af6fcc9a-da18-5a90-89db-2667824ca604,78909ea2-6855-49d0-bab9-321bda3984dd,1,2025-26,7.14,22,22,0,PASS
820ce81d-fd56-5710-8b73-479c82482990,4589164c-d275-47b0-8c9e-f9fdb74594c8,1,2025-26,6.03,22,22,0,PASS
f4b98bf2-3ac8-595d-ac38-f96a203d37de,1df0ef92-2c69-4e66-87da-62e8185dac87,1,2023-24,7.54,18,18,0,PASS
ea575519-68c5-5d73-9c18-9d4e3599a142,1df0ef92-2c69-4e66-87da-62e8185dac87,2,2023-24,7.84,22,22,0,PASS
23cc3962-54cb-57d9-899c-1cc2b6befb0b,1df0ef92-2c69-4e66-87da-62e8185dac87,3,2024-25,7.06,18,18,0,PASS
15f786a5-008b-5f61-ac6b-2dcf6ef7cb4e,1df0ef92-2c69-4e66-87da-62e8185dac87,4,2024-25,7.55,22,22,0,PASS
93041ebf-07c1-57d2-aa3b-58be549755fb,1df0ef92-2c69-4e66-87da-62e8185dac87,5,2025-26,7.59,22,22,0,PASS
3f86d9dc-ec63-5626-bb18-c2ba89d64908,c9f54af6-5ba7-49a6-b967-db9c30bcc087,1,2024-25,8.1,22,22,0,PASS
870a2913-4bb1-5ca1-b0e0-4f4b01a9c7dc,c9f54af6-5ba7-49a6-b967-db9c30bcc087,2,2024-25,7.74,18,18,0,PASS
7b0929cc-0770-5e73-9cb9-d794d776f066,c9f54af6-5ba7-49a6-b967-db9c30bcc087,3,2025-26,8.5,22,22,0,PASS
cd6b902d-fe91-5492-a461-d85cef1b63fd,b202b3df-ac05-4fce-b02b-68c6b6b9ec4d,1,2023-24,7.41,20,20,0,PASS
03b5f2da-fa82-5d83-abef-6c571ca106d4,b202b3df-ac05-4fce-b02b-68c6b6b9ec4d,2,2023-24,7.39,18,18,0,PASS
435ef413-fc37-5bd2-afd8-a8f62073a03d,b202b3df-ac05-4fce-b02b-68c6b6b9ec4d,3,2024-25,7.42,22,22,0,PASS
62533701-94db-5fe7-bbd0-66fef1ee5eb4,b202b3df-ac05-4fce-b02b-68c6b6b9ec4d,4,2024-25,7.84,20,20,0,PASS
2a098094-7533-50e6-a58f-4ddaadb8c75e,b202b3df-ac05-4fce-b02b-68c6b6b9ec4d,5,2025-26,7.53,22,22,0,PASS
9df30167-8510-53a6-b7af-3e5cff048439,e6e9a470-fad6-41c1-ad29-6ece296a80bb,1,2025-26,7.24,20,20,0,PASS
540bbf51-5d48-5972-b952-3bdaf4d6d606,3b3054d6-369d-41fe-b36c-3954a9b0cdfd,1,2023-24,7.28,22,22,0,PASS
a1e36c19-dd0e-5116-9d83-26f3f46a718e,3b3054d6-369d-41fe-b36c-3954a9b0cdfd,2,2023-24,6.96,22,22,0,PASS
fd48f4ac-677a-50cb-b61a-e6caa8775a48,3b3054d6-369d-41fe-b36c-3954a9b0cdfd,3,2024-25,6.87,18,18,0,PASS
45dc6df6-1100-5f78-a222-3fedf5c9d3d1,3b3054d6-369d-41fe-b36c-3954a9b0cdfd,4,2024-25,7.35,18,18,0,PASS
d1960574-bb7e-5d76-b363-518e9bdbc8a1,3b3054d6-369d-41fe-b36c-3954a9b0cdfd,5,2025-26,6.62,20,20,0,PASS
9169901a-49ed-575d-bdc1-742b7eb40d99,14782e0a-46cc-42a7-9b74-f972af5f186f,1,2024-25,5.31,18,18,0,PASS
cff95d39-5717-5731-b3a8-14a78f2d516c,14782e0a-46cc-42a7-9b74-f972af5f186f,2,2024-25,5.67,22,22,0,PASS
ea5ad931-80ab-5c19-8f23-6a3625fce3b8,14782e0a-46cc-42a7-9b74-f972af5f186f,3,2025-26,5.21,20,20,0,PASS
b054caeb-2c50-565a-9d32-46561b71a925,6b907d9a-8065-474a-8bad-7551122e8c1a,1,2023-24,7.84,20,20,0,PASS
0aefc1d2-acac-5fcd-9387-9968c1737fb5,6b907d9a-8065-474a-8bad-7551122e8c1a,2,2023-24,6.25,20,20,0,PASS
326b8064-66ed-5e18-9f6a-36324d1ea6c8,6b907d9a-8065-474a-8bad-7551122e8c1a,3,2024-25,7.84,14,18,1,PASS
42714897-eaee-5198-876a-bfc5b3756997,6b907d9a-8065-474a-8bad-7551122e8c1a,4,2024-25,7.72,18,18,0,PASS
8687734f-b42a-5079-8c84-01a38a4d766d,6b907d9a-8065-474a-8bad-7551122e8c1a,5,2025-26,6.28,22,22,0,PASS
674c4f06-01ec-5891-96af-4f925a8bc9b1,39bf36b7-b053-42c2-939f-c419bb61b575,1,2025-26,5.42,20,20,0,PASS
d1090a29-b63a-5b72-b6ac-ea0ed8c5886b,37b6477b-72eb-4463-996c-9a0eed5f9613,1,2025-26,5.04,20,20,0,PASS
4b8e625b-5f21-51de-94a5-541be275f6ef,e36650ad-b473-4508-88d7-99356c7cd0f5,1,2023-24,8.15,22,22,0,PASS
994dfc3a-5f6c-5626-9e78-556cd16b5ca5,e36650ad-b473-4508-88d7-99356c7cd0f5,2,2023-24,7.0,18,18,0,PASS
b90c4363-bdf3-504e-b8e8-08aa813bec86,e36650ad-b473-4508-88d7-99356c7cd0f5,3,2024-25,7.85,20,20,0,PASS
84ddb0a8-e29f-5595-b0a6-1cb4c4d2df9e,e36650ad-b473-4508-88d7-99356c7cd0f5,4,2024-25,8.06,18,18,0,PASS
55c72ce8-1220-5832-b849-690c9dce5cb1,e36650ad-b473-4508-88d7-99356c7cd0f5,5,2025-26,7.1,20,20,0,PASS
82d08ff7-7861-541c-998e-549b1111bf51,df61065c-0a4f-4fb1-9b92-e86c88aab30e,1,2024-25,8.41,18,18,0,PASS
b92fbc1e-dfda-501f-bbcf-f1a0d881c225,df61065c-0a4f-4fb1-9b92-e86c88aab30e,2,2024-25,8.81,20,20,0,PASS
090b5be6-52b4-5f38-8a42-deeddfbde9fd,df61065c-0a4f-4fb1-9b92-e86c88aab30e,3,2025-26,7.49,18,18,0,PASS
046653ac-c25a-5b54-8d3f-fe663b2c6544,8c0dd4b2-e2fa-4dac-9c61-f71cb9fca72a,1,2023-24,8.78,22,22,0,PASS
29f86e78-b84b-5838-a65a-19a531c7aa8d,8c0dd4b2-e2fa-4dac-9c61-f71cb9fca72a,2,2023-24,9.09,22,22,0,PASS
c39efdee-3dde-594f-8d95-3b17cdc9f102,8c0dd4b2-e2fa-4dac-9c61-f71cb9fca72a,3,2024-25,9.07,22,22,0,PASS
5b58623a-a4b2-5786-a8c8-330563951ed9,8c0dd4b2-e2fa-4dac-9c61-f71cb9fca72a,4,2024-25,8.61,18,22,1,PASS
856f20cb-854e-556b-af1c-f499f20c40e4,8c0dd4b2-e2fa-4dac-9c61-f71cb9fca72a,5,2025-26,9.03,20,20,0,PASS
2b57176a-d1de-5658-b18c-8138c12f0b39,6833a84b-cae2-4f55-aeee-c22d71848337,1,2024-25,7.2,22,22,0,PASS
9f06c382-bef3-539a-8847-16ec5e66394f,6833a84b-cae2-4f55-aeee-c22d71848337,2,2024-25,7.93,22,22,0,PASS
af26fcd4-d5a8-5945-be0b-05815c8a50e0,6833a84b-cae2-4f55-aeee-c22d71848337,3,2025-26,6.84,22,22,0,PASS
98c9863c-f7c8-5f2f-a171-384ff4f0dd00,8326ecc9-b00b-483b-b032-ed78852796c1,1,2024-25,6.91,22,22,0,PASS
9d64557c-a82b-5109-8b33-29adf5da2391,8326ecc9-b00b-483b-b032-ed78852796c1,2,2024-25,6.54,22,22,0,PASS
622c885b-9498-5213-9bd4-98ab567ac1d2,8326ecc9-b00b-483b-b032-ed78852796c1,3,2025-26,6.74,20,20,0,PASS
ae80d1a3-ead5-5338-8b29-f2e1430f2340,150cf0cf-578b-426a-98da-b9c6202ffe78,1,2024-25,9.19,14,18,1,FAIL
06370fa6-6741-5ea8-853a-ecb4c80e9751,150cf0cf-578b-426a-98da-b9c6202ffe78,2,2024-25,9.15,20,20,0,PASS
67b524b7-bbee-5157-b21d-811dd42e7e32,150cf0cf-578b-426a-98da-b9c6202ffe78,3,2025-26,8.65,20,20,0,PASS
ee3eda67-bb82-5a9e-82b8-0c6c2e3a7a95,1b72a24f-b08f-49a4-a035-c9407cfe0e5f,1,2023-24,8.22,18,22,1,PASS
47cc1102-09ca-56f2-b420-1ae6f306e9a5,1b72a24f-b08f-49a4-a035-c9407cfe0e5f,2,2023-24,7.14,20,20,0,PASS
5f9b6399-ba5c-5c6f-bb40-f285da5978e1,1b72a24f-b08f-49a4-a035-c9407cfe0e5f,3,2024-25,7.53,22,22,0,PASS
5ab25152-b6f4-59f4-8303-ca91680c5669,1b72a24f-b08f-49a4-a035-c9407cfe0e5f,4,2024-25,7.97,20,20,0,PASS
5022a316-7ceb-54b8-a8de-5128fdc22e81,1b72a24f-b08f-49a4-a035-c9407cfe0e5f,5,2025-26,7.54,20,20,0,PASS
c4239a7d-7672-59bf-81ef-c948a6813962,328336ab-7588-45a7-8ac0-422d2245d8b7,1,2023-24,9.47,22,22,0,PASS
e8d1b177-1294-5385-936d-59c608ba842c,328336ab-7588-45a7-8ac0-422d2245d8b7,2,2023-24,9.19,18,18,0,PASS
02fdff5a-d357-5e84-82ae-fb16e4b882c2,328336ab-7588-45a7-8ac0-422d2245d8b7,3,2024-25,9.53,18,18,0,PASS
1bdd2ef2-fa2a-5335-84d0-e895c5b0ed92,328336ab-7588-45a7-8ac0-422d2245d8b7,4,2024-25,9.71,20,20,0,PASS
7b7f59ef-7220-5c3b-9292-4247047653f2,328336ab-7588-45a7-8ac0-422d2245d8b7,5,2025-26,9.68,20,20,0,PASS
b871abbc-2047-5494-9052-dcfa9429d750,4614f111-3026-4243-876e-3ce750ab5594,1,2025-26,6.29,22,22,0,PASS
dba7d887-ff65-537a-a963-853285076d15,778b9820-9219-45b9-a52c-b41646381bb9,1,2023-24,7.81,20,20,0,PASS
b67bf5b2-cb25-5194-9599-dcdf8fbdee88,778b9820-9219-45b9-a52c-b41646381bb9,2,2023-24,7.27,20,20,0,PASS
6d13c4e4-3ff3-5ab8-b4bb-e89715f25d4e,778b9820-9219-45b9-a52c-b41646381bb9,3,2024-25,7.09,22,22,0,PASS
bcf9ddca-0478-53c3-983b-ace2aeb0934e,778b9820-9219-45b9-a52c-b41646381bb9,4,2024-25,6.56,22,22,0,PASS
87b31a11-55d4-59c8-86a4-2f31439c7d20,778b9820-9219-45b9-a52c-b41646381bb9,5,2025-26,7.75,20,20,0,PASS
c928b1f9-5587-5637-8dab-aefd4c915577,0c5aa003-a3ff-4fda-9e60-5fa595d77120,1,2024-25,8.17,20,20,0,PASS
a7b42b1f-58ca-53c3-85ba-094b84e20935,0c5aa003-a3ff-4fda-9e60-5fa595d77120,2,2024-25,9.1,18,18,0,PASS
44bd03b8-8731-5c7b-93f5-462a929f0452,0c5aa003-a3ff-4fda-9e60-5fa595d77120,3,2025-26,7.54,20,20,0,PASS
cff226df-7afd-54ad-9790-7857827f49ba,42d9c168-fd14-43c0-b16a-ee1a15541af1,1,2023-24,5.55,18,18,0,PASS
f80a48aa-f483-549d-b5d0-1374820f69b4,42d9c168-fd14-43c0-b16a-ee1a15541af1,2,2023-24,5.5,20,20,0,PASS
185436af-2350-5c57-b065-8d7d5e2dfabb,42d9c168-fd14-43c0-b16a-ee1a15541af1,3,2024-25,6.08,20,20,0,PASS
6fe606e1-4605-58ab-8439-433120c07273,42d9c168-fd14-43c0-b16a-ee1a15541af1,4,2024-25,5.28,22,22,0,PASS
5781d468-eb26-5f9b-a1bd-f204a85edd6b,42d9c168-fd14-43c0-b16a-ee1a15541af1,5,2025-26,5.67,18,18,0,PASS
7f6ee9db-7d81-5bb2-8ec0-85494425e30a,713e38c0-a659-45c2-b1c0-a721df3d791f,1,2023-24,9.85,14,18,1,PASS
7fd6d35d-2fc2-5a7d-b7b3-f9955c9504bd,713e38c0-a659-45c2-b1c0-a721df3d791f,2,2023-24,9.97,22,22,0,PASS
0a882abf-6b3a-570f-be5f-c5de3bbf3670,713e38c0-a659-45c2-b1c0-a721df3d791f,3,2024-25,10.0,20,20,0,PASS
15cf5fa5-e766-53bc-8b75-ee518bd9ea0f,713e38c0-a659-45c2-b1c0-a721df3d791f,4,2024-25,9.97,20,20,0,PASS
b6a2acdb-ac23-555a-a7c8-67b791fa7744,713e38c0-a659-45c2-b1c0-a721df3d791f,5,2025-26,9.81,20,20,0,PASS
4ca451aa-8996-521a-8b9e-da62f713d816,b0d6e898-db9a-4a7d-8e83-e1411e202459,1,2025-26,8.24,18,18,0,PASS
01827870-9b4d-57b2-9375-ca223aca4d3f,2f25aea6-f628-454d-94da-c033a75d09f7,1,2025-26,8.5,18,22,1,PASS
32f04607-465f-5c47-8667-db196d11f654,aa83ea2c-6542-46be-8585-263bd02f139a,1,2025-26,6.96,18,18,0,PASS
85399930-6a29-59c3-a096-ccd40e545b33,7d968e88-bbbc-42ce-88ea-a4568137d982,1,2023-24,7.67,20,20,0,PASS
c22bf03d-25c5-56d2-9844-edc6396a81e3,7d968e88-bbbc-42ce-88ea-a4568137d982,2,2023-24,8.5,20,20,0,PASS
5a32e926-cdd8-5813-a7bf-d50bc02d5194,7d968e88-bbbc-42ce-88ea-a4568137d982,3,2024-25,9.24,22,22,0,PASS
9b99d052-1a4f-51a3-8ecd-de516a758e6b,7d968e88-bbbc-42ce-88ea-a4568137d982,4,2024-25,8.04,18,18,0,PASS
5afe1462-9133-5034-a84b-31ca677b6caf,7d968e88-bbbc-42ce-88ea-a4568137d982,5,2025-26,8.96,20,20,0,PASS
33da303f-0c46-5c89-b918-46b317262de9,c644ae21-03f9-47ac-888a-e9adcc3bd5ba,1,2024-25,5.31,18,18,0,PASS
7993634a-f08d-531f-b376-52901d5b0c77,c644ae21-03f9-47ac-888a-e9adcc3bd5ba,2,2024-25,6.1,22,22,0,PASS
ddcdf2b2-105a-5364-825a-f03489c028ab,c644ae21-03f9-47ac-888a-e9adcc3bd5ba,3,2025-26,6.42,20,20,0,PASS
99f679b3-7d30-5159-ba92-4a8b59dc050d,b69a176f-47a1-4ef4-9c21-1a8675f39902,1,2025-26,7.63,22,22,0,PASS
3800d93c-2b76-5700-a4af-0648398f003f,d3fb4855-a101-4c14-a94d-ecd97e3191b6,1,2023-24,7.83,18,18,0,PASS
9aea27f3-7ffe-59a0-95d1-bdb6932bd378,d3fb4855-a101-4c14-a94d-ecd97e3191b6,2,2023-24,7.59,22,22,0,PASS
0cf9845e-5e5f-5048-adb8-03936cb38ae0,d3fb4855-a101-4c14-a94d-ecd97e3191b6,3,2024-25,9.06,18,18,0,PASS
005012f4-333b-5c06-a15f-47fd4164171b,d3fb4855-a101-4c14-a94d-ecd97e3191b6,4,2024-25,7.77,18,22,1,PASS
f6c805f6-e9f4-5d7e-b316-bbcf7df855d2,d3fb4855-a101-4c14-a94d-ecd97e3191b6,5,2025-26,7.63,18,18,0,PASS
b0af8194-a668-5817-8672-84e7ab611557,f2323f7e-f5df-4968-9088-7aee14f4eb31,1,2024-25,8.2,18,18,0,PASS
658cc2c9-e991-53bb-bde8-0c22465077c7,f2323f7e-f5df-4968-9088-7aee14f4eb31,2,2024-25,6.91,20,20,0,PASS
5e0c803b-e1dc-5b74-9199-1258849d52aa,f2323f7e-f5df-4968-9088-7aee14f4eb31,3,2025-26,7.11,20,20,0,PASS
6375e91b-f483-5e81-ad30-22de23fe8871,16a33464-ab52-4756-9a86-449f75b11a5f,1,2023-24,7.91,22,22,0,PASS
183349c9-5e8a-5361-a029-5ba50e3e8c3b,16a33464-ab52-4756-9a86-449f75b11a5f,2,2023-24,7.96,18,18,0,PASS
22138514-0375-5907-8d46-5e74dcf36be4,16a33464-ab52-4756-9a86-449f75b11a5f,3,2024-25,7.7,20,20,0,PASS
00beba5d-42e3-5526-808c-ae46f3a3734e,16a33464-ab52-4756-9a86-449f75b11a5f,4,2024-25,7.82,20,20,0,PASS
11ccd75f-8adb-52a5-a91d-fc9e01194d06,16a33464-ab52-4756-9a86-449f75b11a5f,5,2025-26,8.0,18,18,0,PASS
0cbd0ea4-0f01-5f1b-bc88-5adf6657b810,57ed2e05-c77a-4f69-8cf7-78c8758232f0,1,2024-25,7.8,20,20,0,PASS
263ea7b1-2019-5141-9e3f-d2a6000e234e,57ed2e05-c77a-4f69-8cf7-78c8758232f0,2,2024-25,8.31,20,20,0,PASS
c5adcb15-f069-5a49-b308-2272d26d428d,57ed2e05-c77a-4f69-8cf7-78c8758232f0,3,2025-26,8.53,20,20,0,PASS
6d02cfa3-381a-52ed-a3ea-5d1d361ed406,30eee6e9-a212-4cd0-b537-21290b8b9e3a,1,2024-25,8.51,20,20,0,PASS
74414120-4f7c-5f23-9c71-44057a06670f,30eee6e9-a212-4cd0-b537-21290b8b9e3a,2,2024-25,8.58,20,20,0,PASS
9e3e9472-6c24-5819-a92b-ee9fdf23d47a,30eee6e9-a212-4cd0-b537-21290b8b9e3a,3,2025-26,8.09,18,18,0,PASS
09594fff-d4f7-5b48-b9c2-e105c379886f,dde68789-89a6-4de6-94f8-e8eb1a3f599e,1,2023-24,7.33,20,20,0,PASS
43eaee8a-cda2-50b4-bf80-4c0e24116bec,dde68789-89a6-4de6-94f8-e8eb1a3f599e,2,2023-24,6.97,20,20,0,PASS
66a6abe7-4d00-5839-8891-791b46546e12,dde68789-89a6-4de6-94f8-e8eb1a3f599e,3,2024-25,6.55,22,22,0,PASS
e13e6237-0e0e-54cd-b8de-076cb0c0884a,dde68789-89a6-4de6-94f8-e8eb1a3f599e,4,2024-25,6.86,16,20,1,PASS
48d521e6-0d52-56c6-bb12-f08a7c17deb4,dde68789-89a6-4de6-94f8-e8eb1a3f599e,5,2025-26,7.55,22,22,0,PASS
99f50c4c-738f-5378-bda2-a022020c3b3c,18564a06-d03c-41ff-b809-34e413e95595,1,2024-25,6.76,18,18,0,PASS
fa6c716c-7f0c-56c3-adda-9c710269509c,18564a06-d03c-41ff-b809-34e413e95595,2,2024-25,7.03,22,22,0,PASS
f4088903-a19d-5997-bce7-4b46e5070bdf,18564a06-d03c-41ff-b809-34e413e95595,3,2025-26,7.0,20,20,0,PASS
00e25dd2-bd78-5103-ab79-9786b79c4caf,d83832f5-1734-4f7e-a563-3d72a275e1f9,1,2023-24,7.2,22,22,0,PASS
1fb8755d-b6cf-525c-8880-26c3e5ceb293,d83832f5-1734-4f7e-a563-3d72a275e1f9,2,2023-24,7.2,18,18,0,PASS
0c9e45b3-d9a3-5d87-81ab-c6a23fa0ea6c,d83832f5-1734-4f7e-a563-3d72a275e1f9,3,2024-25,6.5,18,18,0,PASS
a52455a6-26a5-5856-8b28-9341192f5bdc,d83832f5-1734-4f7e-a563-3d72a275e1f9,4,2024-25,7.12,18,18,0,PASS
a33002cf-0a89-51a1-ae29-302c1075507c,d83832f5-1734-4f7e-a563-3d72a275e1f9,5,2025-26,7.42,22,22,0,PASS
4eca3656-d657-5cf4-84d4-8e04ef9d7f5b,1ea716bb-9a0b-4bfb-8309-27f15f00dd30,1,2025-26,7.54,22,22,0,PASS
cdda9601-ccab-54fc-8795-5bfb5e55c586,1bdf28f3-3c50-45b0-a013-366712b36e1d,1,2023-24,6.94,14,18,1,PASS
9f2c1b24-1918-50a3-84a5-5b117f7a1cb1,1bdf28f3-3c50-45b0-a013-366712b36e1d,2,2023-24,7.28,20,20,0,PASS
627529a6-b33e-5e7b-a8b6-5ba1c31a426c,1bdf28f3-3c50-45b0-a013-366712b36e1d,3,2024-25,6.26,14,18,1,PASS
9cc53022-beb8-592d-904d-b2552aa7db81,1bdf28f3-3c50-45b0-a013-366712b36e1d,4,2024-25,7.2,20,20,0,PASS
c77832e4-ee68-5bf6-bbd5-dee0c11fcd74,1bdf28f3-3c50-45b0-a013-366712b36e1d,5,2025-26,6.28,18,18,0,PASS
29230aa5-0249-50aa-999c-5b5f5c0372a9,f79c9f07-a125-4b05-9813-9ece9d090497,1,2023-24,4.63,20,20,0,PASS
e562f978-328f-50fc-836e-90692d20c3ed,f79c9f07-a125-4b05-9813-9ece9d090497,2,2023-24,4.65,18,18,0,PASS
2b2976e7-363a-588c-b1d2-41600875b879,f79c9f07-a125-4b05-9813-9ece9d090497,3,2024-25,4.71,18,18,0,PASS
575db2b4-381a-56d2-a1dd-07f5c1665b04,f79c9f07-a125-4b05-9813-9ece9d090497,4,2024-25,4.76,22,22,0,PASS
8c73b8ae-01bb-590c-bacd-46c7a05b0cc1,f79c9f07-a125-4b05-9813-9ece9d090497,5,2025-26,4.7,18,18,0,PASS
9e57fbb4-9745-5ab8-8fef-d8fdd46aabb3,c71ed509-d656-4e2f-8147-6f70e32ad06d,1,2023-24,4.31,20,20,0,PASS
f4b20bfd-2c98-5d09-89fb-034b36dddfd6,c71ed509-d656-4e2f-8147-6f70e32ad06d,2,2023-24,4.09,20,20,0,PASS
585b5411-0eeb-509b-b9c1-aa4ebf1337ae,c71ed509-d656-4e2f-8147-6f70e32ad06d,3,2024-25,4.42,18,18,0,PASS
9d2594b4-05c8-5d7e-b876-ad2ba9352d59,c71ed509-d656-4e2f-8147-6f70e32ad06d,4,2024-25,4.81,18,18,0,PASS
6852e660-3c82-56e3-99c0-edd3404ba8ff,c71ed509-d656-4e2f-8147-6f70e32ad06d,5,2025-26,4.18,22,22,0,PASS
e0f5f94b-d153-585d-b30c-743d03ccf0fa,82853abe-eccc-4f08-a4bd-7545c118be57,1,2025-26,7.73,20,20,0,PASS
fb5ac6c9-34ba-5295-b2f4-b7eb50dc7eda,f3304073-90ab-4af6-8d9c-7896102e6a70,1,2024-25,10.0,18,18,0,PASS
b9ae91f5-56ed-57f8-bdea-78a680d4978e,f3304073-90ab-4af6-8d9c-7896102e6a70,2,2024-25,10.0,18,18,0,PASS
8ed9ce27-c8cd-5348-bad7-459e1f6f2070,f3304073-90ab-4af6-8d9c-7896102e6a70,3,2025-26,10.0,18,18,0,PASS
d90048a4-614a-5b79-bdd2-355c0ba92d42,fc73a073-b124-4bd5-bb86-7d25357071ed,1,2024-25,8.01,18,18,0,PASS
434900aa-8f09-5e17-93f7-3e05aa092d15,fc73a073-b124-4bd5-bb86-7d25357071ed,2,2024-25,8.4,20,20,0,PASS
f963f9ad-5ab3-5050-9dd9-34cc54fa15be,fc73a073-b124-4bd5-bb86-7d25357071ed,3,2025-26,7.9,20,20,0,PASS
9cb76c38-f9f1-592b-b647-9efc2f7f1021,66189ab4-7e6f-4424-9998-c750776e2aa0,1,2024-25,8.34,22,22,0,PASS
c5b1e1f0-7514-5061-9eb7-c5677cd7dc0e,66189ab4-7e6f-4424-9998-c750776e2aa0,2,2024-25,8.19,22,22,0,PASS
757a3fa1-d40c-5208-8948-c1e9333406a9,66189ab4-7e6f-4424-9998-c750776e2aa0,3,2025-26,7.48,18,18,0,PASS
a3ee1de1-5445-52a3-a78a-db035010bd1e,bd787236-a7df-4f27-b9a5-5f483f9b46ce,1,2025-26,4.87,18,18,0,PASS
906cb25c-213a-5e5e-8cb0-8d1f9086d6d4,17c3882a-6bfc-4535-beea-5c57a93bf0c5,1,2025-26,9.12,20,20,0,PASS
6a4433c6-07a4-570d-81fb-50f3a176f5a1,510d08a6-65bc-4888-9ecd-7e637777e85d,1,2023-24,6.46,20,20,0,PASS
96390e0e-a0eb-5c62-aa97-b4bab571a804,510d08a6-65bc-4888-9ecd-7e637777e85d,2,2023-24,5.88,20,20,0,PASS
8b7eb706-7757-5b2a-a638-0c5ebc793ec1,510d08a6-65bc-4888-9ecd-7e637777e85d,3,2024-25,6.41,18,18,0,PASS
ed485f58-15c7-5ca2-957b-0f4456eec662,510d08a6-65bc-4888-9ecd-7e637777e85d,4,2024-25,6.22,20,20,0,PASS
2bbd33d1-a293-5c5c-8045-349e3a0a0f1a,510d08a6-65bc-4888-9ecd-7e637777e85d,5,2025-26,6.29,18,18,0,PASS
e0fd2686-9530-502f-b8c7-0ba8ea526985,fb5465af-b2ce-4889-bf1a-bb209b543f4e,1,2024-25,9.21,20,20,0,PASS
b33717e1-ffe4-5bae-bcd2-6f82dcfffb79,fb5465af-b2ce-4889-bf1a-bb209b543f4e,2,2024-25,9.06,22,22,0,PASS
68c9a81b-d36d-5029-8d75-f00f85c75f27,fb5465af-b2ce-4889-bf1a-bb209b543f4e,3,2025-26,9.72,20,20,0,PASS
4c99e4b6-4602-54f2-aa20-13bb88353380,916ea757-e807-45e5-a720-8767c5ee1cf5,1,2023-24,6.82,18,18,0,PASS
e3f089e1-be7d-5e27-887e-f70d67b8c105,916ea757-e807-45e5-a720-8767c5ee1cf5,2,2023-24,6.85,22,22,0,PASS
4a28d452-9d84-5d90-8c01-360fa399461f,916ea757-e807-45e5-a720-8767c5ee1cf5,3,2024-25,6.83,18,18,0,PASS
5b040d8f-a0fd-5bb7-9f0a-22e1457051f9,916ea757-e807-45e5-a720-8767c5ee1cf5,4,2024-25,6.68,20,20,0,PASS
dc344e52-ac3a-58aa-81c0-45b7de71c5e9,916ea757-e807-45e5-a720-8767c5ee1cf5,5,2025-26,6.75,20,20,0,PASS
62f1b6dc-92ea-55e2-b097-4fd18a4d7a18,c0e077b4-548f-4c33-9a4e-b3722e77fefc,1,2024-25,7.89,20,20,0,PASS
75d704cf-ae54-56d8-918e-019b7f775ce4,c0e077b4-548f-4c33-9a4e-b3722e77fefc,2,2024-25,7.5,22,22,0,PASS
3864af00-1afe-5c8f-ab06-8439d6855665,c0e077b4-548f-4c33-9a4e-b3722e77fefc,3,2025-26,7.01,18,18,0,PASS
39641ebb-554a-5c81-b970-97cdb8703f01,af537692-9020-4300-8c7a-5f3ebb8fd0ca,1,2025-26,5.99,20,20,0,PASS
52f78baa-ba93-5379-a641-0894377ae0a0,792afdf7-08ec-48f4-8bac-670a5347ed4c,1,2025-26,8.25,18,18,0,PASS
db12ca49-f7eb-5d7c-925d-2a8598a7b7c1,5a6d4646-27a2-44b4-859c-b9fe24289a00,1,2024-25,9.78,18,18,0,PASS
b31e298b-be6b-59c1-a32f-a1b16e7e6974,5a6d4646-27a2-44b4-859c-b9fe24289a00,2,2024-25,9.05,20,20,0,PASS
42791ec2-58c3-5591-a021-e49319b8d71a,5a6d4646-27a2-44b4-859c-b9fe24289a00,3,2025-26,9.24,22,22,0,PASS
77874f22-536f-502c-9e61-b9fcc8d7e5c9,15bb0eaf-5b47-4e1f-90fe-a437c541116b,1,2025-26,6.91,22,22,0,PASS
76a474de-a6cf-5739-ab4b-2167cb419480,11a69a4f-88ea-4b47-a2a8-05e46b64f4d8,1,2024-25,6.4,18,18,0,PASS
f2fd8cc2-bf7b-5bc0-88b0-9a83b1cdf1ab,11a69a4f-88ea-4b47-a2a8-05e46b64f4d8,2,2024-25,7.81,22,22,0,PASS
b7153c18-7104-5bde-8fb9-a28f849b226e,11a69a4f-88ea-4b47-a2a8-05e46b64f4d8,3,2025-26,6.36,20,20,0,PASS
86b3b296-403a-5a92-b213-14d7a19b64ca,8a098256-3eff-4121-8bb8-b0e8705539b4,1,2023-24,6.6,20,20,0,PASS
edce3946-3536-58bb-ba76-767289ef12fa,8a098256-3eff-4121-8bb8-b0e8705539b4,2,2023-24,6.73,22,22,0,PASS
6684400b-00dd-53e5-893f-375f0faf22b5,8a098256-3eff-4121-8bb8-b0e8705539b4,3,2024-25,7.1,18,18,0,PASS
11f16a54-4517-52da-b267-5309e0197dfa,8a098256-3eff-4121-8bb8-b0e8705539b4,4,2024-25,6.2,18,18,0,PASS
67647b33-6292-5afa-b8a3-acc2bee492b6,8a098256-3eff-4121-8bb8-b0e8705539b4,5,2025-26,6.62,22,22,0,PASS
adb68ae9-3a59-54c7-bd89-7872136734ea,ef3f1624-7ab1-4a9b-939f-e677ebb360d0,1,2024-25,7.85,22,22,0,PASS
1e7119a9-8277-55c9-81d5-e40728719cb7,ef3f1624-7ab1-4a9b-939f-e677ebb360d0,2,2024-25,7.57,22,22,0,PASS
05de0301-c6b8-5b17-a421-687296f2a55a,ef3f1624-7ab1-4a9b-939f-e677ebb360d0,3,2025-26,7.79,22,22,0,PASS
2970fc52-b45e-5483-8a10-3844a9314bef,3fcad028-d89e-42be-a18b-a94532a70a96,1,2024-25,8.7,18,18,0,PASS
1b4060ce-d90e-55e0-adf4-918bc1c29b23,3fcad028-d89e-42be-a18b-a94532a70a96,2,2024-25,8.63,20,20,0,PASS
38a9439f-27ad-5245-890f-a6a6493fa896,3fcad028-d89e-42be-a18b-a94532a70a96,3,2025-26,9.41,18,18,0,PASS
96451fa7-7c5f-5e32-a045-89831e0713e9,d1d451aa-21ca-4233-afd4-555637b49547,1,2025-26,8.11,22,22,0,PASS
82a7c9ff-ce85-5eb2-8e20-3cf97591930f,3d8801ff-0630-430e-a453-05824da0b9c0,1,2025-26,7.59,22,22,0,PASS
bc5319f6-474b-5983-827a-a4373c6be6b1,2a582e8f-eea9-4bfb-b2ae-152de1199ccb,1,2024-25,6.42,20,20,0,PASS
c716eb7f-d98d-5b1f-8b50-08f0c2e49a17,2a582e8f-eea9-4bfb-b2ae-152de1199ccb,2,2024-25,5.89,18,18,0,PASS
a385fa90-e999-5564-ae42-972b8928b2be,2a582e8f-eea9-4bfb-b2ae-152de1199ccb,3,2025-26,5.95,22,22,0,PASS
a967fa0f-7b5e-5a89-8f67-1bdd7866c392,e9ef10b0-1171-4bea-8423-43c5b49dbe57,1,2025-26,7.7,22,22,0,PASS
dbfcb010-6448-5464-a03a-a0a4b299a4db,dbac6907-6549-4f27-a048-d3f0f9f33b03,1,2025-26,7.2,22,22,0,PASS
890dd691-2af4-5fce-8493-c0328ebf8be1,a95ff413-cfac-443c-ad48-0a89ddd9fa7b,1,2023-24,5.85,22,22,0,PASS
13a65aef-7df5-5774-82e0-62c0da661995,a95ff413-cfac-443c-ad48-0a89ddd9fa7b,2,2023-24,5.71,18,18,0,PASS
05f11d71-d662-59f8-9d6d-7b0b333b3a4e,a95ff413-cfac-443c-ad48-0a89ddd9fa7b,3,2024-25,6.14,22,22,0,PASS
39c4e5bc-7beb-5a85-9f37-996a4ec602fc,a95ff413-cfac-443c-ad48-0a89ddd9fa7b,4,2024-25,5.39,22,22,0,PASS
2d815294-dab8-5c20-b952-a94c9da3e142,a95ff413-cfac-443c-ad48-0a89ddd9fa7b,5,2025-26,6.06,20,20,0,PASS
7ae275fe-504c-5edd-950c-a650fbd76282,cdf960cc-20f0-4ed5-b302-3416ee54ce91,1,2023-24,6.54,20,20,0,PASS
7cedbde8-5f81-5108-8a5a-5b6a2930d3ea,cdf960cc-20f0-4ed5-b302-3416ee54ce91,2,2023-24,6.94,22,22,0,PASS
eedf4219-3fd7-55e2-8b9c-92692c96afdb,cdf960cc-20f0-4ed5-b302-3416ee54ce91,3,2024-25,6.74,18,18,0,PASS
41e92a21-aa1a-5284-9f18-be5fe868b9f6,cdf960cc-20f0-4ed5-b302-3416ee54ce91,4,2024-25,6.1,20,20,0,PASS
e1d47e1d-b1b3-5218-bb4d-dc4a64c795b1,cdf960cc-20f0-4ed5-b302-3416ee54ce91,5,2025-26,5.7,22,22,0,PASS
17e4590e-1403-57d8-b914-30bf5baf0112,947996c3-564a-4dec-b498-80fca7c5fef2,1,2023-24,8.53,20,20,0,PASS
82f35488-7df9-5070-afe2-8c615d4c1b4c,947996c3-564a-4dec-b498-80fca7c5fef2,2,2023-24,8.8,18,22,1,PASS
3cf16d19-9ba2-5cb3-be27-3964f944b414,947996c3-564a-4dec-b498-80fca7c5fef2,3,2024-25,8.43,22,22,0,PASS
3183b7cc-c549-5f66-962b-165dd0bab212,947996c3-564a-4dec-b498-80fca7c5fef2,4,2024-25,7.93,22,22,0,PASS
32cb2d3a-e405-5a05-9706-e4520231b4b2,947996c3-564a-4dec-b498-80fca7c5fef2,5,2025-26,8.71,22,22,0,PASS
1cb49e7a-b1d1-5f6f-9371-8d17e98dad03,119148b9-3bd8-4d16-a1ba-2498025e7e5d,1,2025-26,7.54,22,22,0,PASS
b73f2e13-9f33-5c7d-9584-1e95c38b0150,b9a45883-a739-48f5-9db4-571916cf5e78,1,2024-25,8.04,18,18,0,PASS
581d6dc3-6565-5b80-861c-f984bfd4f8f1,b9a45883-a739-48f5-9db4-571916cf5e78,2,2024-25,8.34,18,18,0,PASS
7ebc1ba7-b878-5a0d-9fa5-23b2ad43b5be,b9a45883-a739-48f5-9db4-571916cf5e78,3,2025-26,8.23,20,20,0,PASS
71f3a2c0-d70e-53fa-8c86-5c39612c970b,4fb801ec-678c-4f37-b075-d58e3d1e135e,1,2025-26,5.66,20,20,0,PASS
2cb6abb8-9b8c-5564-a9ad-1b101423b36d,c3a5bedc-3e08-43a4-a155-5c47bcb81f19,1,2024-25,7.46,20,20,0,PASS
fb62a162-2ff5-52e5-83d2-6d278d6eb4db,c3a5bedc-3e08-43a4-a155-5c47bcb81f19,2,2024-25,7.97,22,22,0,PASS
2e8e5932-5331-5ce6-a2d3-54c162a8578a,c3a5bedc-3e08-43a4-a155-5c47bcb81f19,3,2025-26,8.12,22,22,0,PASS
1c816068-93c3-5a53-9fc9-4fc3cb750a37,0708a157-b514-40a7-b530-0db007b81a2d,1,2023-24,7.16,20,20,0,PASS
36d5c082-7000-515b-b263-15a596fd9e21,0708a157-b514-40a7-b530-0db007b81a2d,2,2023-24,7.08,22,22,0,PASS
8b0b2931-eedb-5237-85b7-4c08cf7722bf,0708a157-b514-40a7-b530-0db007b81a2d,3,2024-25,6.75,18,18,0,PASS
5c6aac64-db5a-5e87-82bf-fa8b72ea914e,0708a157-b514-40a7-b530-0db007b81a2d,4,2024-25,8.39,14,18,1,PASS
682074d4-6dd6-5193-b990-5372d51c9513,0708a157-b514-40a7-b530-0db007b81a2d,5,2025-26,7.3,22,22,0,PASS
bb1eadec-768c-5dfb-9490-8b1db7a5bc7e,58eb9d6f-18ec-4cdc-9da3-0b4b778443b2,1,2024-25,8.1,22,22,0,PASS
a99ab752-6d78-5b1c-b1c0-30b0ff9e7bd5,58eb9d6f-18ec-4cdc-9da3-0b4b778443b2,2,2024-25,7.9,22,22,0,PASS
8ed90ce3-4d3a-57f3-abd8-f4f1fe6978dd,58eb9d6f-18ec-4cdc-9da3-0b4b778443b2,3,2025-26,7.81,18,18,0,PASS
15e55072-f5e2-55e1-b83b-9c0d60089642,d8104ec1-8cad-4404-9997-2dcfe3a0d2d7,1,2024-25,7.33,18,18,0,PASS
80173db6-34b0-51dd-ba7d-08fed2d8e1ee,d8104ec1-8cad-4404-9997-2dcfe3a0d2d7,2,2024-25,8.06,20,20,0,PASS
661b44d5-367a-5f66-b753-74f7e8e1cd8f,d8104ec1-8cad-4404-9997-2dcfe3a0d2d7,3,2025-26,8.11,18,18,0,PASS
03d8c997-e701-5544-a76f-78ae67bf87d5,2432e57e-0407-462e-8663-cc56f1dfd154,1,2023-24,7.76,18,18,0,PASS
98083ea6-f31a-5e09-827e-4c19d3d6bfa1,2432e57e-0407-462e-8663-cc56f1dfd154,2,2023-24,7.59,18,18,0,PASS
6bef56b2-a11f-52b3-bf10-4db81e1e3fdf,2432e57e-0407-462e-8663-cc56f1dfd154,3,2024-25,8.17,22,22,0,PASS
45e32d90-a1d1-5c27-849b-dfcf8135aa87,2432e57e-0407-462e-8663-cc56f1dfd154,4,2024-25,7.67,18,18,0,PASS
4de63a72-f225-51ef-8bc5-7ddf4ecda71c,2432e57e-0407-462e-8663-cc56f1dfd154,5,2025-26,7.8,20,20,0,PASS
dd5d5fbd-682b-5568-b002-eabe9ec1a343,c0ea9146-1cce-4934-ab7f-bacaf6884e35,1,2023-24,6.73,20,20,0,PASS
dcf3abc7-3030-592d-847a-45b99fe58307,c0ea9146-1cce-4934-ab7f-bacaf6884e35,2,2023-24,6.66,18,18,0,PASS
b5585443-50de-5ba7-b286-88096307c5e0,c0ea9146-1cce-4934-ab7f-bacaf6884e35,3,2024-25,6.85,20,20,0,PASS
1f86347b-b1bc-5c0d-a85c-607bfc4830af,c0ea9146-1cce-4934-ab7f-bacaf6884e35,4,2024-25,5.66,22,22,0,PASS
d012abad-ad54-5729-bf5c-87dfe55c8b57,c0ea9146-1cce-4934-ab7f-bacaf6884e35,5,2025-26,6.27,20,20,0,PASS
424a2359-10ca-57e0-9192-173940120b2e,5b235b87-58a4-48b8-8604-736ba413acae,1,2025-26,8.15,22,22,0,PASS
676b9e9b-4cc8-55c4-8cd2-d95c1b057c52,1e7696b9-23a1-4c71-aae4-74468d8ccaba,1,2023-24,4.66,22,22,0,PASS
8df178f1-ea86-52cd-a6f9-720ee1d80d67,1e7696b9-23a1-4c71-aae4-74468d8ccaba,2,2023-24,4.74,18,22,1,PASS
344eeb4c-a117-5757-94e0-5291648a80da,1e7696b9-23a1-4c71-aae4-74468d8ccaba,3,2024-25,4.18,18,18,0,PASS
0afa0302-a914-589c-b599-c60458965ade,1e7696b9-23a1-4c71-aae4-74468d8ccaba,4,2024-25,5.23,18,18,0,PASS
f4528c9f-1927-5fdc-890b-193439484d78,1e7696b9-23a1-4c71-aae4-74468d8ccaba,5,2025-26,4.05,22,22,0,PASS
aef517b2-b891-507b-831b-4c7daa9a2a14,c6617192-683f-4679-9385-97a56662d2df,1,2023-24,6.78,14,18,1,FAIL
cae2850c-4227-5faa-922d-e1bcc22007f2,c6617192-683f-4679-9385-97a56662d2df,2,2023-24,7.11,14,18,1,FAIL
2e72a7c0-1361-5441-b820-645a3b1f88d0,c6617192-683f-4679-9385-97a56662d2df,3,2024-25,6.85,22,22,0,PASS
7b0bc458-7cdf-5571-9f93-c21e9ce3dbc7,c6617192-683f-4679-9385-97a56662d2df,4,2024-25,5.97,18,18,0,PASS
e453840e-57d3-580e-ba15-7c678892713f,c6617192-683f-4679-9385-97a56662d2df,5,2025-26,6.99,22,22,0,PASS
22ba4828-5b5b-5b93-964b-b4ca093fa07b,e614247c-70a3-4902-afa8-4576857d67f0,1,2023-24,7.21,22,22,0,PASS
29190762-6aec-58a2-94b4-8c3f85550ceb,e614247c-70a3-4902-afa8-4576857d67f0,2,2023-24,7.41,20,20,0,PASS
2f9dd620-2842-5d7c-8339-80b90a9c81e7,e614247c-70a3-4902-afa8-4576857d67f0,3,2024-25,8.06,16,20,1,PASS
85f01cf7-19e4-5e28-8e21-997a91f31f1a,e614247c-70a3-4902-afa8-4576857d67f0,4,2024-25,7.05,22,22,0,PASS
140909a4-bb9c-5024-8d5d-f92e1fb04c68,e614247c-70a3-4902-afa8-4576857d67f0,5,2025-26,7.35,18,18,0,PASS
87d40521-f6fd-5e62-ab16-18da9c7fcbe2,90f66b5f-7659-49c7-94ba-f10f0897b1ee,1,2023-24,6.75,18,18,0,PASS
8e379c37-89f4-579f-8aa2-101f10b4b6f2,90f66b5f-7659-49c7-94ba-f10f0897b1ee,2,2023-24,7.31,20,20,0,PASS
2a26e690-8b08-5394-a426-69780dfebe5e,90f66b5f-7659-49c7-94ba-f10f0897b1ee,3,2024-25,6.5,18,18,0,PASS
92ee79d4-ffc0-5070-98cc-3811481f7701,90f66b5f-7659-49c7-94ba-f10f0897b1ee,4,2024-25,6.54,20,20,0,PASS
1fc16c66-a9a0-5523-9563-7f51dc8dd7d8,90f66b5f-7659-49c7-94ba-f10f0897b1ee,5,2025-26,6.87,18,18,0,PASS
164f2b9a-2995-564a-9c1e-bfae0db12d00,44cd8e9b-17bd-4a74-8b3f-cb8b844abb94,1,2023-24,6.75,20,20,0,PASS
dc1f05de-c043-593e-8b8b-c6ee5d46b281,44cd8e9b-17bd-4a74-8b3f-cb8b844abb94,2,2023-24,7.2,22,22,0,PASS
0b295c2c-543e-598b-9f4c-edd6e3281855,44cd8e9b-17bd-4a74-8b3f-cb8b844abb94,3,2024-25,5.75,20,20,0,PASS
9740fd0b-933a-5c20-af37-7a17faa104a1,44cd8e9b-17bd-4a74-8b3f-cb8b844abb94,4,2024-25,6.83,22,22,0,PASS
e3094555-ca81-5e9f-95a9-578a5cc9a533,44cd8e9b-17bd-4a74-8b3f-cb8b844abb94,5,2025-26,6.62,20,20,0,PASS
fc6b3b76-f31f-5197-b061-54968a45f42c,24b49df4-206a-4308-a1de-991983ec1d76,1,2025-26,8.93,22,22,0,PASS
1dffad78-c33c-5a8b-ae28-ab88e7f7d702,5a7326ad-a983-4333-975e-8f5cf239f7f4,1,2024-25,6.72,22,22,0,PASS
8c02b266-6888-57f4-99a8-a2c1f8990765,5a7326ad-a983-4333-975e-8f5cf239f7f4,2,2024-25,6.99,20,20,0,PASS
cbdb7ec5-0332-5b8e-af9e-b4369db779fb,5a7326ad-a983-4333-975e-8f5cf239f7f4,3,2025-26,6.79,22,22,0,PASS
1d6593fb-a17b-59d1-9d4a-3941b0f7e949,33dd859a-b85e-4af1-ba10-852847124770,1,2023-24,7.32,22,22,0,PASS
f21c0d6f-15b9-528c-b3dc-2afb8d50fb00,33dd859a-b85e-4af1-ba10-852847124770,2,2023-24,7.52,20,20,0,PASS
ca895243-0e9c-564d-8607-3364f1eecfbd,33dd859a-b85e-4af1-ba10-852847124770,3,2024-25,8.16,18,18,0,PASS
44f8a259-10e2-55c9-b6c7-581378d8f90c,33dd859a-b85e-4af1-ba10-852847124770,4,2024-25,7.93,22,22,0,PASS
a037863a-5a18-5c69-97ca-e0aeefb93f7f,33dd859a-b85e-4af1-ba10-852847124770,5,2025-26,7.64,20,20,0,PASS
9a09ca31-6442-50c9-aaff-9dd9093d7dd0,1c58a4bd-69ae-4d4b-9fd8-77454795b634,1,2024-25,8.32,22,22,0,PASS
b6d15bc8-d755-5542-9fa8-8b180c99c838,1c58a4bd-69ae-4d4b-9fd8-77454795b634,2,2024-25,7.59,20,20,0,PASS
080abec1-ac30-52d8-ae87-5e1471fa2b66,1c58a4bd-69ae-4d4b-9fd8-77454795b634,3,2025-26,8.21,18,18,0,PASS
7011f53f-25cd-55a9-8a4f-176ff5e8b151,32c7f8d3-d121-4f2a-b7e2-8353d5d728da,1,2024-25,6.31,18,18,0,PASS
4f2bcd28-45ea-51c6-9ce2-e763c2363a61,32c7f8d3-d121-4f2a-b7e2-8353d5d728da,2,2024-25,6.1,20,20,0,PASS
4b54f5ed-ed9d-5367-9ee6-829e27678933,32c7f8d3-d121-4f2a-b7e2-8353d5d728da,3,2025-26,5.36,22,22,0,PASS
d7b93e8b-bbdc-5b72-8fcb-6f2bbe2e2a91,0ca18441-8ae3-4301-909d-69294c3c8a8c,1,2024-25,6.93,18,18,0,PASS
981c81eb-990b-529e-84f0-df403759b38e,0ca18441-8ae3-4301-909d-69294c3c8a8c,2,2024-25,6.58,22,22,0,PASS
8ebd6edb-12e7-5449-9830-0b0a6d1775f5,0ca18441-8ae3-4301-909d-69294c3c8a8c,3,2025-26,7.21,22,22,0,PASS
e4a64fc5-4850-5c2b-960e-eabfa156e2c9,cb99d9de-7aec-49d6-8165-ecf0ed2125fd,1,2024-25,7.36,20,20,0,PASS
7ab2d7a8-acd5-549d-ba20-1eae6df61995,cb99d9de-7aec-49d6-8165-ecf0ed2125fd,2,2024-25,7.67,20,20,0,PASS
9643d2de-e835-5976-91ca-9928fad26365,cb99d9de-7aec-49d6-8165-ecf0ed2125fd,3,2025-26,7.03,18,18,0,PASS
ec7effd2-d915-5939-a962-f953942bbc9f,b21d7846-e4d1-4d9d-826f-a7fcf42d578a,1,2024-25,7.35,18,18,0,PASS
91bdbb66-8440-502e-91fb-4d47bb85597f,b21d7846-e4d1-4d9d-826f-a7fcf42d578a,2,2024-25,7.79,18,22,1,FAIL
52b0947a-b0ae-53c4-9e7f-4f84e1cdc498,b21d7846-e4d1-4d9d-826f-a7fcf42d578a,3,2025-26,7.57,22,22,0,PASS
5de06895-32c7-5ada-b7f2-dc253e9e9f5e,a2a233ea-4f6f-402a-956b-6db7782b6ef6,1,2023-24,7.35,18,18,0,PASS
5f3bf9a7-5145-59a6-aa6f-cf9ac4c5b1a9,a2a233ea-4f6f-402a-956b-6db7782b6ef6,2,2023-24,6.18,20,20,0,PASS
0334339e-741a-50eb-8f50-45f1b2729734,a2a233ea-4f6f-402a-956b-6db7782b6ef6,3,2024-25,6.7,20,20,0,PASS
4fbb661b-57e1-5eb9-b943-ac54cac25dc1,a2a233ea-4f6f-402a-956b-6db7782b6ef6,4,2024-25,6.25,18,18,0,PASS
e39a7a08-970a-5bc9-9539-b94487f367f5,a2a233ea-4f6f-402a-956b-6db7782b6ef6,5,2025-26,6.34,22,22,0,PASS
a39ebb63-ed66-5e4c-857a-2ec97a665b58,0c1b69a6-351f-46b8-aac1-cb2bcbc389a9,1,2025-26,7.43,22,22,0,PASS
2fc635cc-c740-5747-ba14-eb669d8fbf44,8288120b-c4d4-47c7-8b90-e41f7f56c0eb,1,2024-25,7.1,18,18,0,PASS
f578b537-9e20-554d-ae92-b2ccdd3b8d99,8288120b-c4d4-47c7-8b90-e41f7f56c0eb,2,2024-25,7.71,18,22,1,PASS
d609ddbc-43a7-5d65-b2a5-a98c6e8f4c67,8288120b-c4d4-47c7-8b90-e41f7f56c0eb,3,2025-26,7.9,20,20,0,PASS
012eb2ac-2a01-5fbb-9d3a-e3e448f559c5,9d92ae85-11e0-4446-99b3-0a8c090d5d1c,1,2023-24,7.24,22,22,0,PASS
604f60e8-bda9-5cc1-9ce9-90a47ced494b,9d92ae85-11e0-4446-99b3-0a8c090d5d1c,2,2023-24,7.23,20,20,0,PASS
f5a3946a-8cf7-5139-b130-e692442f15eb,9d92ae85-11e0-4446-99b3-0a8c090d5d1c,3,2024-25,7.03,20,20,0,PASS
2ad7a70f-d4b7-5a0c-b903-b0025017fe0b,9d92ae85-11e0-4446-99b3-0a8c090d5d1c,4,2024-25,7.14,20,20,0,PASS
33c1663c-70ac-50d4-a866-d1e0c8a2d797,9d92ae85-11e0-4446-99b3-0a8c090d5d1c,5,2025-26,7.27,18,18,0,PASS
0d4660fd-a0e7-5081-85f6-56aca96d84d1,bd9a9373-eb55-4e9d-9c95-016a0b2be880,1,2023-24,7.67,18,18,0,PASS
fd42b681-c592-5168-8535-9d81c0f2ce08,bd9a9373-eb55-4e9d-9c95-016a0b2be880,2,2023-24,7.04,18,18,0,PASS
b379334c-d92d-5c58-aa4c-04ea3e546f4c,bd9a9373-eb55-4e9d-9c95-016a0b2be880,3,2024-25,7.35,22,22,0,PASS
de0d2aa1-2cf0-59d5-b4e1-86ce4a6e03af,bd9a9373-eb55-4e9d-9c95-016a0b2be880,4,2024-25,6.61,20,20,0,PASS
4e1ab66c-b7a5-53b9-be7c-c781eeed4ab0,bd9a9373-eb55-4e9d-9c95-016a0b2be880,5,2025-26,6.41,22,22,0,PASS
ffe2486e-030e-574f-b382-ae9081c729e0,75500e58-34d0-4a57-a948-5e06d86a38c1,1,2023-24,7.8,20,20,0,PASS
5a045c1f-39b5-58cf-9a63-544db16ccf12,75500e58-34d0-4a57-a948-5e06d86a38c1,2,2023-24,7.82,20,20,0,PASS
a4786a47-3824-51c8-83b5-3600d14fb14d,75500e58-34d0-4a57-a948-5e06d86a38c1,3,2024-25,8.47,20,20,0,PASS
a86b783a-b231-58fc-9f3e-1d5d45e677af,75500e58-34d0-4a57-a948-5e06d86a38c1,4,2024-25,8.01,20,20,0,PASS
8babe953-d40b-5d1b-a6b2-140b5b3e1501,75500e58-34d0-4a57-a948-5e06d86a38c1,5,2025-26,8.22,18,18,0,PASS
e8e5eb57-f4aa-50be-ac7d-99cba78e4be9,ebd8fd99-8fea-4d48-a553-40d2796af2a4,1,2024-25,9.62,18,18,0,PASS
7fcb6269-6b20-5cf3-a787-152b7b152b79,ebd8fd99-8fea-4d48-a553-40d2796af2a4,2,2024-25,9.26,18,18,0,PASS
6a7177a8-8ce8-54b4-9b4a-32b6a100c3bc,ebd8fd99-8fea-4d48-a553-40d2796af2a4,3,2025-26,9.21,18,18,0,PASS
96003d27-cf4e-58dc-9803-352b909bf260,7efefd76-9db9-47d8-993c-a364b768b43d,1,2024-25,6.48,18,18,0,PASS
8220d971-7a1a-57b0-9f2e-6ab880a0a4d4,7efefd76-9db9-47d8-993c-a364b768b43d,2,2024-25,6.37,22,22,0,PASS
63c14f2c-2ef1-511e-91bb-b173fa59f635,7efefd76-9db9-47d8-993c-a364b768b43d,3,2025-26,6.95,18,18,0,PASS
ad3a03a7-0bb1-58da-aee1-4a432e49296f,5d73d650-ba2e-4f23-811d-9030da56caeb,1,2024-25,10.0,20,20,0,PASS
7d491069-88cb-534e-94e0-34f77a7ac111,5d73d650-ba2e-4f23-811d-9030da56caeb,2,2024-25,9.95,18,18,0,PASS
a536b65c-8d5f-5150-8dfa-c49f2e5e1835,5d73d650-ba2e-4f23-811d-9030da56caeb,3,2025-26,9.78,18,18,0,PASS
bd3c61fb-29da-54ae-9797-96b4b173a1b7,d6010385-51c4-4a9e-a1d4-8cbcbb4dcdc2,1,2024-25,7.79,22,22,0,PASS
03ed5572-3ff5-5ace-824e-1111e82d29c8,d6010385-51c4-4a9e-a1d4-8cbcbb4dcdc2,2,2024-25,8.77,16,20,1,PASS
6c1160f2-7d6d-5507-888d-0ee260f25935,d6010385-51c4-4a9e-a1d4-8cbcbb4dcdc2,3,2025-26,8.27,22,22,0,PASS
be2a7939-c43e-5626-ae87-6e13b40b24bc,abde5451-01e8-46a3-83ab-265114261db1,1,2025-26,8.63,20,20,0,PASS
304e2b1a-1bc5-50d0-b048-2a784b0de43b,f2a95b3d-ac82-43f8-bfb8-5e676d9dadb4,1,2025-26,7.73,22,22,0,PASS
a32c6bba-fe44-5fae-9d7d-0472f2c5f622,e800936c-b35a-4ac2-ab49-184cc4c1a6c9,1,2023-24,9.43,14,18,1,PASS
21ccad3b-1e75-59db-a3e0-6f24d9d02b42,e800936c-b35a-4ac2-ab49-184cc4c1a6c9,2,2023-24,9.21,22,22,0,PASS
fc62f00d-ddd6-54aa-b153-7fdf91550e9f,e800936c-b35a-4ac2-ab49-184cc4c1a6c9,3,2024-25,9.45,22,22,0,PASS
20b454cb-3bde-52b8-937d-7182b088760c,e800936c-b35a-4ac2-ab49-184cc4c1a6c9,4,2024-25,9.55,14,18,1,PASS
a351d957-1893-5e63-9e79-69e7724a7326,e800936c-b35a-4ac2-ab49-184cc4c1a6c9,5,2025-26,9.83,22,22,0,PASS
2eb22f03-185c-5cc2-afc2-c39dbb1cb3aa,07e7ded9-5cbb-4a52-b079-a716069ac87d,1,2024-25,8.18,20,20,0,PASS
ecccc26e-47ce-5454-9538-0d98bec3bac7,07e7ded9-5cbb-4a52-b079-a716069ac87d,2,2024-25,7.32,22,22,0,PASS
5629796f-0d1e-5f36-812b-de8056e6435d,07e7ded9-5cbb-4a52-b079-a716069ac87d,3,2025-26,7.84,22,22,0,PASS
8f5e2ba0-51fd-5d59-ba92-42eea2d2900e,49857ed5-6a7b-494c-842c-3a680967b69a,1,2024-25,7.34,22,22,0,PASS
6c4f876c-9c3b-5ece-85ac-021ac045348f,49857ed5-6a7b-494c-842c-3a680967b69a,2,2024-25,7.52,18,18,0,PASS
51919604-5e57-5d05-a879-45b2a9a1a0ff,49857ed5-6a7b-494c-842c-3a680967b69a,3,2025-26,7.58,18,18,0,PASS
59c31fab-05f5-5ca8-b588-eab8938cc9f4,7e8354cd-c153-4e88-a9f8-db0ac6be958b,1,2024-25,9.37,20,20,0,PASS
a55288ee-ba04-52d0-950a-499eaf776fa4,7e8354cd-c153-4e88-a9f8-db0ac6be958b,2,2024-25,9.35,18,18,0,PASS
6dffef56-d1a4-5445-901a-83cd0905a165,7e8354cd-c153-4e88-a9f8-db0ac6be958b,3,2025-26,8.64,18,18,0,PASS
aa0a027a-40d4-5c6c-bbe0-5f7d56152c53,200c3d16-5001-45c6-9322-896b16a1dba6,1,2023-24,8.72,22,22,0,PASS
7e5c0e5f-37d1-52ce-8e1e-add3f890002c,200c3d16-5001-45c6-9322-896b16a1dba6,2,2023-24,7.66,14,18,1,PASS
74ea2dd4-5cc0-5e7e-9b3c-342b8150a8a4,200c3d16-5001-45c6-9322-896b16a1dba6,3,2024-25,7.88,22,22,0,PASS
dc1c5054-702d-5acc-8e7b-e1abb920bb45,200c3d16-5001-45c6-9322-896b16a1dba6,4,2024-25,7.93,18,18,0,PASS
ff10ac96-ef2d-5ac9-81bf-cacc70bdfda4,200c3d16-5001-45c6-9322-896b16a1dba6,5,2025-26,8.17,18,22,1,FAIL
422ea1c3-636c-50fe-97ce-c40c9d58c27e,59610b92-d90e-45f3-82af-36a2029b5490,1,2024-25,8.48,18,18,0,PASS
a3ce43d6-407a-54f2-aeb7-3b3ccccdd076,59610b92-d90e-45f3-82af-36a2029b5490,2,2024-25,8.64,22,22,0,PASS
8ae004de-a36d-5aa4-a450-75dd34605f61,59610b92-d90e-45f3-82af-36a2029b5490,3,2025-26,7.63,20,20,0,PASS
4a3ac3df-f745-5701-a77c-fb6370280d28,88aa53a5-221f-42b9-89e9-1e957069cf92,1,2023-24,7.31,20,20,0,PASS
d19bf582-2f4d-57a5-8518-4534f42159cc,88aa53a5-221f-42b9-89e9-1e957069cf92,2,2023-24,6.82,18,18,0,PASS
693e4315-8943-538b-bd29-2a96d28e4656,88aa53a5-221f-42b9-89e9-1e957069cf92,3,2024-25,6.7,22,22,0,PASS
a6e9eab2-19ea-500f-b66d-7d88acc66fb1,88aa53a5-221f-42b9-89e9-1e957069cf92,4,2024-25,7.52,20,20,0,PASS
66a4e8d2-a7f1-5e7a-b144-d9eb187fa78a,88aa53a5-221f-42b9-89e9-1e957069cf92,5,2025-26,6.39,18,18,0,PASS
6b0f7cc6-1252-5f17-b596-17fae5e7c4ed,0024cc2b-b9b9-465e-8a70-6fb0348afcb1,1,2024-25,7.5,18,18,0,PASS
4ed91118-3616-5a9a-bc2a-d108e26b7ff4,0024cc2b-b9b9-465e-8a70-6fb0348afcb1,2,2024-25,6.45,22,22,0,PASS
7565803e-1e54-589b-bc74-4416837d15af,0024cc2b-b9b9-465e-8a70-6fb0348afcb1,3,2025-26,6.97,20,20,0,PASS
de035738-31f1-5c7c-95ff-c0e45c96e70c,74fdba63-6dda-41bf-b3f5-b2c9a511ef58,1,2024-25,6.63,22,22,0,PASS
1eb33a11-9751-5964-8608-87ef8d582371,74fdba63-6dda-41bf-b3f5-b2c9a511ef58,2,2024-25,6.96,22,22,0,PASS
3977f3aa-463b-58b5-90b2-089741fd371d,74fdba63-6dda-41bf-b3f5-b2c9a511ef58,3,2025-26,6.47,22,22,0,PASS
21916ea5-939b-5dd4-b42a-d8345c749e5b,2a1809dd-5e85-4323-9190-d203f33fb2a8,1,2023-24,9.08,22,22,0,PASS
9d150a0d-9304-5c0f-9582-89ab49584591,2a1809dd-5e85-4323-9190-d203f33fb2a8,2,2023-24,9.04,18,18,0,PASS
1547e6e5-adfb-526d-b056-f5bd4b384a9a,2a1809dd-5e85-4323-9190-d203f33fb2a8,3,2024-25,10.0,20,20,0,PASS
4a540c44-9912-5cd5-973e-5ac9dd751214,2a1809dd-5e85-4323-9190-d203f33fb2a8,4,2024-25,9.33,16,20,1,PASS
df04e572-f12e-517b-b816-f23f53129326,2a1809dd-5e85-4323-9190-d203f33fb2a8,5,2025-26,9.87,22,22,0,PASS
c1a36b11-4cbb-59f3-a49f-bf340af31e99,aeffd5c5-5f29-4091-be8a-ea2bb00b354d,1,2024-25,6.5,22,22,0,PASS
ece3363c-b382-59ec-8cd1-de1063cf3549,aeffd5c5-5f29-4091-be8a-ea2bb00b354d,2,2024-25,6.28,20,20,0,PASS
0d41cfc4-7427-5db0-83d9-1ff37c768edc,aeffd5c5-5f29-4091-be8a-ea2bb00b354d,3,2025-26,6.71,18,18,0,PASS
0463a249-0895-5430-a670-23b616d7b230,9fed4953-f4af-488f-adca-2e3051a756c9,1,2023-24,6.99,18,18,0,PASS
64d9428e-4863-5f41-b3ef-67976cb1c3cb,9fed4953-f4af-488f-adca-2e3051a756c9,2,2023-24,7.56,20,20,0,PASS
d6fbc5aa-2a92-5e00-9351-64b0f3ad7d47,9fed4953-f4af-488f-adca-2e3051a756c9,3,2024-25,7.4,22,22,0,PASS
19a542b8-dee3-5385-be70-012650b12f70,9fed4953-f4af-488f-adca-2e3051a756c9,4,2024-25,7.68,22,22,0,PASS
4fab8a6d-abdf-5e20-ad77-c52b6bccac86,9fed4953-f4af-488f-adca-2e3051a756c9,5,2025-26,7.68,22,22,0,PASS
6c1eb355-a330-5dba-a86b-c7250d9947e8,353c83ab-7797-44a2-b291-ac914d1ff87b,1,2025-26,5.71,18,18,0,PASS
b3f86235-1e09-5671-8cc0-e40c8b1fcffe,1aa0c5e8-1f1d-4280-ac46-ae40989b5c9b,1,2023-24,9.0,22,22,0,PASS
2cd88c2b-50d3-5dab-ab9f-bbcca284d1cc,1aa0c5e8-1f1d-4280-ac46-ae40989b5c9b,2,2023-24,8.42,22,22,0,PASS
94e2152f-cb78-5380-aa9d-27f74812b077,1aa0c5e8-1f1d-4280-ac46-ae40989b5c9b,3,2024-25,8.86,18,18,0,PASS
0cc2a40a-57d9-5425-94f1-8e3a61a7ea05,1aa0c5e8-1f1d-4280-ac46-ae40989b5c9b,4,2024-25,9.16,22,22,0,PASS
95c8e217-01f7-5678-9e4b-356790fd7a4c,1aa0c5e8-1f1d-4280-ac46-ae40989b5c9b,5,2025-26,8.46,20,20,0,PASS
02cd7efb-2738-568a-8024-0d34514b04f8,448f9d7f-19cf-47a9-8fae-a872a8a0815b,1,2025-26,6.65,18,18,0,PASS
875265ab-aaee-5f82-99a4-1d9d4c2f149b,c40edde9-dda4-49d1-aceb-f34caeedcca0,1,2023-24,8.26,20,20,0,PASS
fa3a5f97-f125-54b3-9076-11061869f71e,c40edde9-dda4-49d1-aceb-f34caeedcca0,2,2023-24,8.53,18,18,0,PASS
d2f422b0-1c80-5d21-b7e4-ed953b99f617,c40edde9-dda4-49d1-aceb-f34caeedcca0,3,2024-25,8.92,20,20,0,PASS
92e60697-1e19-59dc-bc38-add1e1c675b7,c40edde9-dda4-49d1-aceb-f34caeedcca0,4,2024-25,7.77,20,20,0,PASS
ba3f8e05-bc06-5f67-80a4-3a7aa38d8ecb,c40edde9-dda4-49d1-aceb-f34caeedcca0,5,2025-26,7.86,18,18,0,PASS
b8a11e91-fcd3-5ca0-b8d0-d28923ace4b7,bf3bab5b-d911-45b1-accc-9068cc247a70,1,2024-25,5.4,22,22,0,PASS
2c953b6f-c6d1-5789-abce-6454c97cc24b,bf3bab5b-d911-45b1-accc-9068cc247a70,2,2024-25,6.14,14,18,1,PASS
30e51495-1495-55a4-8cbc-d58cb37607e9,bf3bab5b-d911-45b1-accc-9068cc247a70,3,2025-26,5.5,22,22,0,PASS
b6cb3407-52f5-5464-aed4-0b28a2cd329f,c73f1973-1fe2-4055-b2b0-0e0b615e9b86,1,2025-26,8.11,18,18,0,PASS
eec09393-8874-5cd9-9c4d-bd9b025579ae,d5ae9762-feae-4dda-b484-b12961a1c968,1,2024-25,9.65,22,22,0,PASS
eea53d33-e88f-5d3f-a2ac-08b0ac4e73b6,d5ae9762-feae-4dda-b484-b12961a1c968,2,2024-25,10.0,20,20,0,PASS
fc42644f-6566-5995-ad0b-d35db5f33fc6,d5ae9762-feae-4dda-b484-b12961a1c968,3,2025-26,9.14,18,18,0,PASS
4ca8cfa7-d032-5865-9649-97a4edf025a7,4154b673-3743-4021-a177-5bf305937e30,1,2024-25,9.24,18,18,0,PASS
1a43f913-e255-56be-89ca-2a5f09bf028e,4154b673-3743-4021-a177-5bf305937e30,2,2024-25,8.48,20,20,0,PASS
66097a7f-195b-56a5-850e-fd03a6213733,4154b673-3743-4021-a177-5bf305937e30,3,2025-26,8.02,22,22,0,PASS
6b153c04-bb87-5297-94bd-eac1255b729d,88bd303b-323b-4dcc-8d13-80b7b238e458,1,2024-25,9.21,20,20,0,PASS
99e51a5b-5a2f-59ae-b1f5-cfbe06573279,88bd303b-323b-4dcc-8d13-80b7b238e458,2,2024-25,9.42,22,22,0,PASS
99c360f0-1f8a-5f65-9fc7-ce32edb311e0,88bd303b-323b-4dcc-8d13-80b7b238e458,3,2025-26,9.64,18,18,0,PASS
ebc376a2-12ab-503c-aec4-86cf8645b7dc,d694668f-77f4-468e-8e3a-426ca239c4c8,1,2025-26,7.61,20,20,0,PASS
e9605c51-68f1-588b-a6fb-2a9dd3ad3237,a9afb85a-ba06-4c1a-99d5-2da26a6a681d,1,2024-25,5.08,22,22,0,PASS
10339c84-6a2d-5277-84d8-df49f5dde263,a9afb85a-ba06-4c1a-99d5-2da26a6a681d,2,2024-25,4.5,22,22,0,PASS
2e1d780b-d868-5ae6-812a-4c32dca0fddd,a9afb85a-ba06-4c1a-99d5-2da26a6a681d,3,2025-26,4.96,22,22,0,PASS
78595eef-68eb-5d34-b25c-7ebeefcbf4a5,fc64f279-7f37-4a0c-8666-63fea6ee3711,1,2025-26,8.05,22,22,0,PASS
7b48c5a3-6d5f-5131-8958-321bee393815,aa05300a-dfe1-4fe5-bd1c-75b153ccd355,1,2023-24,6.77,22,22,0,PASS
338ffb77-c3f7-5dce-bb24-bb4a45503858,aa05300a-dfe1-4fe5-bd1c-75b153ccd355,2,2023-24,7.09,22,22,0,PASS
b4d6e716-37b3-5451-9202-cb942264e92b,aa05300a-dfe1-4fe5-bd1c-75b153ccd355,3,2024-25,7.51,22,22,0,PASS
1f9f95e5-68ef-5067-8ed3-32a72ebd6650,aa05300a-dfe1-4fe5-bd1c-75b153ccd355,4,2024-25,7.57,22,22,0,PASS
0e287346-74f1-5194-b265-2275ab1a7df4,aa05300a-dfe1-4fe5-bd1c-75b153ccd355,5,2025-26,7.33,20,20,0,PASS
99f27ece-9871-5cae-81c3-0f54c63245a0,8bc40b4b-faa5-4855-b20b-96d0bc6866f5,1,2023-24,6.15,22,22,0,PASS
6916abc6-7e0c-5636-b976-e31cf5c84479,8bc40b4b-faa5-4855-b20b-96d0bc6866f5,2,2023-24,6.07,22,22,0,PASS
5426551d-694d-5270-8e57-2dabf4a80acc,8bc40b4b-faa5-4855-b20b-96d0bc6866f5,3,2024-25,6.81,20,20,0,PASS
bfb62e2d-9b4e-5343-b1af-aa1273249b2e,8bc40b4b-faa5-4855-b20b-96d0bc6866f5,4,2024-25,5.81,18,18,0,PASS
f4d612c6-9adc-5cf2-b9c6-a2be932b90ce,8bc40b4b-faa5-4855-b20b-96d0bc6866f5,5,2025-26,5.92,22,22,0,PASS
e7a864a6-a4a7-5a74-9f87-7546fef6e9fc,94278129-9587-49a6-a1c2-32d0da2d8903,1,2024-25,8.11,22,22,0,PASS
72958a17-7c9e-5076-b3ed-880122e8394b,94278129-9587-49a6-a1c2-32d0da2d8903,2,2024-25,7.62,20,20,0,PASS
f724c107-1eec-51a1-af57-994c905460c6,94278129-9587-49a6-a1c2-32d0da2d8903,3,2025-26,7.45,20,20,0,PASS
3c865240-f849-5c31-9650-e76728d6c649,1e68384e-18a3-4186-9155-1704e8e46e39,1,2024-25,7.94,18,18,0,PASS
d4a597af-e24d-5021-9344-ed99b789b917,1e68384e-18a3-4186-9155-1704e8e46e39,2,2024-25,7.53,18,18,0,PASS
f03b5920-0dd1-5884-8781-7619eab587dc,1e68384e-18a3-4186-9155-1704e8e46e39,3,2025-26,7.39,18,18,0,PASS
b2cfc24d-9b75-5116-a5b3-8a537d43f0fa,72ffb51a-4f2c-4beb-89be-48644de71420,1,2024-25,8.27,18,18,0,PASS
421d08a2-caa4-5771-8ef7-c106fffe097b,72ffb51a-4f2c-4beb-89be-48644de71420,2,2024-25,7.94,20,20,0,PASS
498e275e-2b33-514a-a2f0-6670471f7f05,72ffb51a-4f2c-4beb-89be-48644de71420,3,2025-26,7.91,20,20,0,PASS
d1ed0b56-3595-5580-8d8a-de417a1bc7dd,f5ff0a9c-ec9e-4df5-a568-063faa105a2e,1,2023-24,7.02,22,22,0,PASS
b78f6e2c-c1a7-5ce7-9a12-6619f498d3b5,f5ff0a9c-ec9e-4df5-a568-063faa105a2e,2,2023-24,6.85,18,18,0,PASS
becc0883-b7a7-595d-a4f2-1e312a289959,f5ff0a9c-ec9e-4df5-a568-063faa105a2e,3,2024-25,7.43,20,20,0,PASS
02a2c88f-eb13-500c-8c41-f202d311868e,f5ff0a9c-ec9e-4df5-a568-063faa105a2e,4,2024-25,6.99,18,18,0,PASS
e504b710-0bdf-5562-91c9-854400a65d92,f5ff0a9c-ec9e-4df5-a568-063faa105a2e,5,2025-26,6.47,22,22,0,PASS
7624362d-7b81-5ef2-b285-0dbcd5352db4,51fc8967-615e-45dd-ac13-838ef464278e,1,2024-25,6.88,14,18,1,PASS
cf4ffb9c-f80d-5aa5-89b7-cf2959c6b094,51fc8967-615e-45dd-ac13-838ef464278e,2,2024-25,7.07,18,18,0,PASS
98ec11b8-59af-5a89-af32-181d381abeb0,51fc8967-615e-45dd-ac13-838ef464278e,3,2025-26,7.33,22,22,0,PASS
c6e7cf91-ff10-5200-aba3-70d7b0f6edbe,2c6f1d1d-78bc-4527-b6a5-006ea336e3c2,1,2023-24,5.94,22,22,0,PASS
92cbe426-710e-59d6-b513-778aedfb4b91,2c6f1d1d-78bc-4527-b6a5-006ea336e3c2,2,2023-24,6.85,20,20,0,PASS
c5d2aca7-92c7-5bde-ab16-d91064e52c13,2c6f1d1d-78bc-4527-b6a5-006ea336e3c2,3,2024-25,6.75,22,22,0,PASS
ccb40c37-7705-5388-a845-10cd41d81db7,2c6f1d1d-78bc-4527-b6a5-006ea336e3c2,4,2024-25,6.47,20,20,0,PASS
e7757327-0d30-5879-b9f6-9b21f5aebe86,2c6f1d1d-78bc-4527-b6a5-006ea336e3c2,5,2025-26,6.99,22,22,0,PASS
5ddd7f51-39d2-59d7-b767-a4aff94356d7,e3e54023-c0aa-49ca-9a5b-09a2edf79970,1,2025-26,6.62,16,20,1,PASS
6f9aa485-2200-5639-9b35-5c6a54e91e13,e4b232db-c745-4bc1-b4c7-e37c85f372fb,1,2023-24,9.43,22,22,0,PASS
9109827c-c459-5ae9-8f37-fe5144d73b89,e4b232db-c745-4bc1-b4c7-e37c85f372fb,2,2023-24,10.0,18,18,0,PASS
e7459e87-daa6-526b-9272-97b36f66be11,e4b232db-c745-4bc1-b4c7-e37c85f372fb,3,2024-25,9.59,18,18,0,PASS
e87b195f-bdc6-51d1-94c1-ab17f00c4a03,e4b232db-c745-4bc1-b4c7-e37c85f372fb,4,2024-25,10.0,20,20,0,PASS
316279ed-a7a0-51f5-ac93-219832bada84,e4b232db-c745-4bc1-b4c7-e37c85f372fb,5,2025-26,10.0,22,22,0,PASS
3ae52b86-6548-5b48-909c-fe690b513712,c338e056-2585-41f0-abb8-d65ecb53a70d,1,2025-26,7.01,18,18,0,PASS
692506ca-3ed9-5486-8965-532c4d1a7aae,485c9553-463f-4962-82b1-f171ad8c70fb,1,2025-26,5.8,22,22,0,PASS
30ac7f2c-7a42-5333-b156-a4c3ce151f89,c836a097-38a4-4060-af53-9c3b2eaa4bb2,1,2025-26,6.84,22,22,0,PASS
2b87c7f3-ea87-55f2-b142-95ee02843c21,5ae77cf9-84a0-4036-a4ce-e6c6bd930a81,1,2023-24,7.82,22,22,0,PASS
4ab711e2-f3f4-5595-a575-23120040d24b,5ae77cf9-84a0-4036-a4ce-e6c6bd930a81,2,2023-24,8.37,18,18,0,PASS
f9a0caaf-73cf-56e0-945a-a8088d5f2c05,5ae77cf9-84a0-4036-a4ce-e6c6bd930a81,3,2024-25,8.22,20,20,0,PASS
7847f065-0ae5-5fa6-985f-4a6a9968aeb2,5ae77cf9-84a0-4036-a4ce-e6c6bd930a81,4,2024-25,8.97,20,20,0,PASS
7ab04673-ebee-5006-a7ed-cac03ce571c6,5ae77cf9-84a0-4036-a4ce-e6c6bd930a81,5,2025-26,8.67,18,18,0,PASS
0fe54bb0-84b4-59ee-9416-97d767493558,6e45faaf-11a8-4055-b0b9-5e35beb79440,1,2023-24,8.39,18,18,0,PASS
87a01048-d8ac-5503-8d9d-724655103db8,6e45faaf-11a8-4055-b0b9-5e35beb79440,2,2023-24,8.44,18,18,0,PASS
d413ec2d-e6ef-57a6-bb9a-16e974ac6440,6e45faaf-11a8-4055-b0b9-5e35beb79440,3,2024-25,8.96,18,18,0,PASS
2937a148-1085-5208-bba3-e4a2a22f8e32,6e45faaf-11a8-4055-b0b9-5e35beb79440,4,2024-25,8.79,20,20,0,PASS
84b84f0f-1fea-570c-a7c6-cf9e8e1a60a8,6e45faaf-11a8-4055-b0b9-5e35beb79440,5,2025-26,8.14,18,18,0,PASS
c29c8612-9963-5c1a-9562-9778c0495a1b,f40f5d2b-a245-42bf-aad5-0fc80d47cac5,1,2024-25,7.16,20,20,0,PASS
6fffde6d-991b-58ba-ba71-2354a31dd031,f40f5d2b-a245-42bf-aad5-0fc80d47cac5,2,2024-25,6.58,18,18,0,PASS
682dcc2d-5bf3-5ee4-880a-5763c8c4d0ee,f40f5d2b-a245-42bf-aad5-0fc80d47cac5,3,2025-26,6.88,20,20,0,PASS
9662471d-16c2-5660-81b5-a18964a7a477,2685b452-d129-4463-a739-3c362f4120c7,1,2023-24,6.17,22,22,0,PASS
edc6dec2-66d7-5bd1-8a63-4ce2d01ec8b6,2685b452-d129-4463-a739-3c362f4120c7,2,2023-24,7.03,18,18,0,PASS
e928dc22-8cd5-5345-a95f-cb869cd41b4f,2685b452-d129-4463-a739-3c362f4120c7,3,2024-25,6.27,22,22,0,PASS
46dbd26f-2a86-5f78-b9b9-1570b244905a,2685b452-d129-4463-a739-3c362f4120c7,4,2024-25,6.36,20,20,0,PASS
59f2891e-fcac-5213-98e9-f47296706bfc,2685b452-d129-4463-a739-3c362f4120c7,5,2025-26,6.95,18,18,0,PASS
444a38e6-e82b-556e-95e7-191f5fda4e78,aeb81a28-905b-4064-a805-0a8384a9d1a0,1,2025-26,7.19,18,22,1,PASS
20b8c492-b106-50be-b937-786ea8de73ea,f32c7625-4071-40d5-9354-ce93269e7e87,1,2023-24,7.72,18,18,0,PASS
ac8c0bc9-42c8-5d2b-b766-8b7af3b048aa,f32c7625-4071-40d5-9354-ce93269e7e87,2,2023-24,6.98,22,22,0,PASS
c17de880-6e61-514f-af74-60967ec065b4,f32c7625-4071-40d5-9354-ce93269e7e87,3,2024-25,8.35,18,18,0,PASS
51d15f43-f977-593e-8831-c4213e8ed2cf,f32c7625-4071-40d5-9354-ce93269e7e87,4,2024-25,7.03,18,18,0,PASS
07a651f4-db2d-5731-a446-8c4a893104b6,f32c7625-4071-40d5-9354-ce93269e7e87,5,2025-26,7.57,18,18,0,PASS
5aa3352a-4518-5843-b221-b75363fa458c,4f8ace03-2e04-4b18-8627-1ebba41de43f,1,2024-25,7.1,16,20,1,PASS
e65d2ee5-1e84-5205-8e3e-e5dd0da37c0f,4f8ace03-2e04-4b18-8627-1ebba41de43f,2,2024-25,7.62,20,20,0,PASS
dded3c75-dd39-5c8d-8a54-a47e405e5e1b,4f8ace03-2e04-4b18-8627-1ebba41de43f,3,2025-26,7.06,20,20,0,PASS
ecf5db6d-0789-5776-be00-fe5cf73f299b,aca7ceaa-6def-4e7c-be7a-2e5f8a48c140,1,2025-26,7.09,18,18,0,PASS
2121178c-157b-5c2b-8d6c-c1f354c1cb2c,ace83e17-34a2-4d4f-b078-852aba41c658,1,2024-25,6.76,20,20,0,PASS
feb01adf-fdae-53a4-999e-1e339aa0b017,ace83e17-34a2-4d4f-b078-852aba41c658,2,2024-25,7.23,20,20,0,PASS
422e1605-7a15-55df-b05f-2c87a6253c8d,ace83e17-34a2-4d4f-b078-852aba41c658,3,2025-26,7.03,20,20,0,PASS
fce9601a-0fa3-5f55-963c-93e17f2d9251,34e68226-d81d-40b3-bc05-41e178b298b1,1,2024-25,7.79,22,22,0,PASS
70d9b7aa-6674-5638-9aad-0eebe7f5c3b4,34e68226-d81d-40b3-bc05-41e178b298b1,2,2024-25,7.54,18,18,0,PASS
68bce99f-5e68-5dfb-b2ca-87c523f00642,34e68226-d81d-40b3-bc05-41e178b298b1,3,2025-26,7.69,22,22,0,PASS
3c7a542b-3284-5ee7-8670-80291c124964,b2fbba87-7a8e-47c4-b4ed-533c9e250d62,1,2023-24,7.54,22,22,0,PASS
b32f0216-24c6-522b-8884-c64773f57c33,b2fbba87-7a8e-47c4-b4ed-533c9e250d62,2,2023-24,7.56,20,20,0,PASS
49b67f51-bc68-5d2f-8d5d-91dc7a262332,b2fbba87-7a8e-47c4-b4ed-533c9e250d62,3,2024-25,7.92,22,22,0,PASS
06f2e9bb-96f5-55f7-ac60-ce657e7e9b4a,b2fbba87-7a8e-47c4-b4ed-533c9e250d62,4,2024-25,7.62,20,20,0,PASS
1fac844a-a4be-56bb-b2b0-69882263180b,b2fbba87-7a8e-47c4-b4ed-533c9e250d62,5,2025-26,7.84,18,18,0,PASS
db342c44-fbc9-56b0-bc82-67b1b83a9783,9f9059af-8f3b-43ba-b3b0-8972e2911d53,1,2023-24,7.93,22,22,0,PASS
3e18602a-81db-58f3-9a22-04bb049babfd,9f9059af-8f3b-43ba-b3b0-8972e2911d53,2,2023-24,7.7,18,18,0,PASS
88b38759-c1e5-5c77-b4ae-8db9d5bc5832,9f9059af-8f3b-43ba-b3b0-8972e2911d53,3,2024-25,8.41,22,22,0,PASS
71505381-0126-5a4b-8b3a-d0a4fbf10d1c,9f9059af-8f3b-43ba-b3b0-8972e2911d53,4,2024-25,7.1,22,22,0,PASS
084e9d7c-edca-56d9-8a40-b5ab24c32299,9f9059af-8f3b-43ba-b3b0-8972e2911d53,5,2025-26,8.2,18,18,0,PASS
95ac86f0-05de-5f09-ab2e-c1ff9b7af696,4e90571e-8d29-4026-98ac-70ef5babc57f,1,2024-25,7.7,20,20,0,PASS
01038d20-d77c-5074-9a3d-db36c5105056,4e90571e-8d29-4026-98ac-70ef5babc57f,2,2024-25,6.31,20,20,0,PASS
a4605f60-cff1-52cf-a194-fa4556bb1283,4e90571e-8d29-4026-98ac-70ef5babc57f,3,2025-26,6.89,20,20,0,PASS
4658fd2e-5730-5057-bfc0-ac27b86a1958,539f828a-a8b4-48f7-bd82-b6a031f44596,1,2024-25,8.65,18,18,0,PASS
b11049e3-5053-5bc6-90e9-2fb56967d93b,539f828a-a8b4-48f7-bd82-b6a031f44596,2,2024-25,8.49,18,18,0,PASS
ec64bfd1-39e2-5993-9471-734e8af03248,539f828a-a8b4-48f7-bd82-b6a031f44596,3,2025-26,8.09,20,20,0,PASS
2b0ef5c3-b5b7-587f-9d80-72d51a3afc07,811c98a0-25c2-44fa-9c07-14c33bdcd376,1,2024-25,7.33,22,22,0,PASS
656eed0a-d9aa-5bde-9624-0c614cf1f557,811c98a0-25c2-44fa-9c07-14c33bdcd376,2,2024-25,7.64,20,20,0,PASS
62f2de15-7f88-5ae7-830d-69bd6ca91cda,811c98a0-25c2-44fa-9c07-14c33bdcd376,3,2025-26,7.39,22,22,0,PASS
03549fa0-d438-5de1-bcd5-58c4cf6d7987,c22956f4-b3a4-46af-bcbf-42c05e08acff,1,2025-26,8.67,22,22,0,PASS
da5ebcd5-24d2-5c66-86bd-7c25483841c3,ed40ade3-3132-4839-ab4c-9622a8e92494,1,2025-26,8.92,20,20,0,PASS
5f4afd60-2df8-5ccd-9983-f0483d5d8031,828d8c74-0036-4277-81af-d4700dfc81c6,1,2023-24,7.41,20,20,0,PASS
0b263b9d-3d72-565e-a56c-c5a934923630,828d8c74-0036-4277-81af-d4700dfc81c6,2,2023-24,7.61,22,22,0,PASS
c0a0da9d-9450-5b04-bb8c-7d35acc93dd2,828d8c74-0036-4277-81af-d4700dfc81c6,3,2024-25,6.84,22,22,0,PASS
ac832979-51e3-544b-a163-05f12d0dada1,828d8c74-0036-4277-81af-d4700dfc81c6,4,2024-25,6.69,20,20,0,PASS
87235f10-db3f-50db-b399-7eb5da957f94,828d8c74-0036-4277-81af-d4700dfc81c6,5,2025-26,7.21,14,18,1,PASS
fcad3a64-1d87-5877-8e72-d5c1351b70a7,825b1a2c-10a0-4580-82e9-2d9a53634557,1,2024-25,7.28,20,20,0,PASS
f95c5179-7f82-503d-8ecc-6d92484f586a,825b1a2c-10a0-4580-82e9-2d9a53634557,2,2024-25,8.42,22,22,0,PASS
66661f9b-a8d3-507c-bd6d-b122f55dadf1,825b1a2c-10a0-4580-82e9-2d9a53634557,3,2025-26,7.81,18,22,1,PASS
59cc0d74-0cef-52e6-b66e-58cb1406d846,7380c0eb-edee-48e7-93bd-f24851bc903c,1,2023-24,7.19,18,18,0,PASS
9e861e4d-3408-5ce2-97c4-cc5221d8527d,7380c0eb-edee-48e7-93bd-f24851bc903c,2,2023-24,6.78,20,20,0,PASS
65735b80-7032-5f7b-a4cb-f35e7838ef05,7380c0eb-edee-48e7-93bd-f24851bc903c,3,2024-25,8.5,18,18,0,PASS
43293035-0f67-5fd1-9519-349180ba96a5,7380c0eb-edee-48e7-93bd-f24851bc903c,4,2024-25,8.72,18,18,0,PASS
0e49d84a-f4ae-5b1d-8473-e8168cb6c70a,7380c0eb-edee-48e7-93bd-f24851bc903c,5,2025-26,8.38,22,22,0,PASS
14db98c3-30b1-5e79-952e-6dae8980c008,26061ff7-9b8e-4726-b727-d3b4a95d28bf,1,2024-25,8.16,22,22,0,PASS
1ecb791e-e62f-5153-b18f-49e74497238e,26061ff7-9b8e-4726-b727-d3b4a95d28bf,2,2024-25,7.64,22,22,0,PASS
0b6a9605-6bdf-5975-ab3c-555ad7e67e2a,26061ff7-9b8e-4726-b727-d3b4a95d28bf,3,2025-26,8.67,20,20,0,PASS
e83bed26-5857-552a-b216-8d494e5cb83f,8c3fde4c-2d89-4665-8630-4d634cac6790,1,2023-24,5.61,18,18,0,PASS
760234a7-f6cc-5d98-aa97-94719162a824,8c3fde4c-2d89-4665-8630-4d634cac6790,2,2023-24,6.03,18,18,0,PASS
59a1e0f5-89c6-5387-bf08-12e2c5e14275,8c3fde4c-2d89-4665-8630-4d634cac6790,3,2024-25,4.97,18,18,0,PASS
5b53f82c-d042-50ff-a773-77c51f1d77f7,8c3fde4c-2d89-4665-8630-4d634cac6790,4,2024-25,5.45,22,22,0,PASS
9f6c5ea1-5a00-5b38-a089-ebfb3ad228ec,8c3fde4c-2d89-4665-8630-4d634cac6790,5,2025-26,5.41,18,18,0,PASS
0c197616-0e68-5161-ba31-c001576c3ea4,d5faef6d-1c0f-42d0-bd08-c6248a06652d,1,2024-25,7.03,16,20,1,PASS
8df870f5-93a7-5bb9-83a7-8534ebfe9f3f,d5faef6d-1c0f-42d0-bd08-c6248a06652d,2,2024-25,7.73,18,18,0,PASS
5dfb725f-a76a-5a53-835f-18a5f4f0f0ab,d5faef6d-1c0f-42d0-bd08-c6248a06652d,3,2025-26,6.6,20,20,0,PASS
880b47a2-82e8-572f-96db-7870bdc9bdab,712ff425-dba8-4bb2-9d76-10c41a7aff9a,1,2024-25,9.21,20,20,0,PASS
7919971c-c9d9-54dd-8b60-fae53f025de7,712ff425-dba8-4bb2-9d76-10c41a7aff9a,2,2024-25,8.74,18,18,0,PASS
2b69fd15-ad3a-582a-8a6a-f444d8ef80af,712ff425-dba8-4bb2-9d76-10c41a7aff9a,3,2025-26,8.63,22,22,0,PASS
cd2b8051-5e29-54c4-8aad-5d0ed6a9cb60,5498f25a-ee5d-470f-ad4e-77381e770e42,1,2025-26,6.95,20,20,0,PASS
a29e94ad-c11f-50be-8c06-b6ffed606930,5c6cc2ed-3771-47f4-8f7f-556ebbe393b5,1,2023-24,8.26,22,22,0,PASS
f62df40d-7d8b-5202-b46a-50ecfae4ae48,5c6cc2ed-3771-47f4-8f7f-556ebbe393b5,2,2023-24,7.53,18,18,0,PASS
64c17f0b-c7e6-5c79-89c5-64954a1e774b,5c6cc2ed-3771-47f4-8f7f-556ebbe393b5,3,2024-25,7.28,18,18,0,PASS
6bdec6e7-86fd-5e62-99cb-124b6bb12846,5c6cc2ed-3771-47f4-8f7f-556ebbe393b5,4,2024-25,6.66,20,20,0,PASS
f672c6c7-e85c-5042-8591-6805627bbcff,5c6cc2ed-3771-47f4-8f7f-556ebbe393b5,5,2025-26,7.62,18,18,0,PASS
7fab6fba-a501-5c8e-bd90-c70cc80aedd4,7c835fa2-3d85-4d9b-8397-bda38fa681da,1,2024-25,9.06,18,18,0,PASS
79414fc8-e33c-5eb0-872b-9cc83447b841,7c835fa2-3d85-4d9b-8397-bda38fa681da,2,2024-25,8.6,18,18,0,PASS
30f9ded7-9e84-5e9c-be9e-dab8a1a78553,7c835fa2-3d85-4d9b-8397-bda38fa681da,3,2025-26,8.38,18,18,0,PASS
0f5047dd-28f7-5b4f-afa6-ba48581622a0,c0ee9ff8-c659-4e90-94d2-978d4284b34a,1,2024-25,6.99,16,20,1,PASS
a93f6867-5ff7-5a7e-a749-3371b62dde16,c0ee9ff8-c659-4e90-94d2-978d4284b34a,2,2024-25,7.2,18,18,0,PASS
e551e90b-dc9c-57de-bc54-764657f367c4,c0ee9ff8-c659-4e90-94d2-978d4284b34a,3,2025-26,8.1,18,18,0,PASS
420e01cd-fa4d-5c72-94e1-661462b8cd2b,387649e6-2b27-4ab2-8f64-a27e321d983f,1,2024-25,6.33,20,20,0,PASS
0e96f2d3-637e-5e69-8c67-1479d79ca127,387649e6-2b27-4ab2-8f64-a27e321d983f,2,2024-25,7.19,22,22,0,PASS
fd9efc03-efb5-50f4-b040-4cff34d24197,387649e6-2b27-4ab2-8f64-a27e321d983f,3,2025-26,7.21,18,22,1,PASS
9904c4a8-4d7b-5959-a48a-36f9ce458517,f0aa3c56-1768-4dcb-906a-9e974944c482,1,2023-24,9.55,20,20,0,PASS
da9891a5-9661-5ec3-bdda-66ecbfb3b61f,f0aa3c56-1768-4dcb-906a-9e974944c482,2,2023-24,9.47,20,20,0,PASS
acd3facb-e2d6-5983-9a29-f5eda7acf604,f0aa3c56-1768-4dcb-906a-9e974944c482,3,2024-25,9.49,20,20,0,PASS
60cb8b13-78d8-5e56-84c1-e846104e3197,f0aa3c56-1768-4dcb-906a-9e974944c482,4,2024-25,9.49,18,18,0,PASS
e8fa6af9-d275-5785-8d33-5bc869d507be,f0aa3c56-1768-4dcb-906a-9e974944c482,5,2025-26,8.91,18,18,0,PASS
a9cc0799-0cfa-54b6-b55c-49577976aa75,73246218-dea4-4b96-92ff-a3977ab84d18,1,2025-26,5.47,20,20,0,PASS
e5409cbb-22cb-556a-a702-3a4fdb4deb78,50d8dbfa-8647-4f4a-b95e-4cc2e88534d6,1,2025-26,7.39,18,18,0,PASS
1b47d45f-3605-528d-b3e7-4f708e9b84e4,9f30ce9f-6e00-4afb-a85c-a4b2712dc148,1,2024-25,7.01,20,20,0,PASS
6e8f18c0-310f-5264-bf99-757e077ed1ed,9f30ce9f-6e00-4afb-a85c-a4b2712dc148,2,2024-25,8.02,22,22,0,PASS
a962a00a-70a5-5f6e-b64f-d4eb85757cf8,9f30ce9f-6e00-4afb-a85c-a4b2712dc148,3,2025-26,7.01,22,22,0,PASS
a7a4b8c8-a104-5bfd-8872-4e61719857b5,c2b3bd72-a29e-4f8b-baad-79f8b1569908,1,2023-24,6.91,18,18,0,PASS
00e1b8bc-f2a6-5c5f-9089-2094d822ae40,c2b3bd72-a29e-4f8b-baad-79f8b1569908,2,2023-24,6.43,18,18,0,PASS
b0b44d25-1bcc-515d-b7d4-bea05761a4a9,c2b3bd72-a29e-4f8b-baad-79f8b1569908,3,2024-25,6.78,22,22,0,PASS
0ddef5bc-1a8b-5712-bec2-a774c3195fcf,c2b3bd72-a29e-4f8b-baad-79f8b1569908,4,2024-25,6.66,18,18,0,PASS
f5013e01-6178-59b0-81b4-f4e82ea3e0fd,c2b3bd72-a29e-4f8b-baad-79f8b1569908,5,2025-26,6.89,20,20,0,PASS
86cb07bd-dac3-5df1-9574-6fc230df466b,a7311312-bdf5-4157-b29e-dd9d9d830bf3,1,2025-26,10.0,20,20,0,PASS
fa5f6923-ec6b-526d-9a26-3a7feb02aa87,bdccaded-65ea-4501-aede-7ce1561e758b,1,2023-24,7.24,18,18,0,PASS
5d9eafb8-1241-5c85-ae4e-87b9542b470e,bdccaded-65ea-4501-aede-7ce1561e758b,2,2023-24,8.39,22,22,0,PASS
e2c0a841-06f9-524a-8e0c-85796aa0251c,bdccaded-65ea-4501-aede-7ce1561e758b,3,2024-25,7.68,20,20,0,PASS
c0dcc98d-d812-5a0e-9500-29eeb4b1b6be,bdccaded-65ea-4501-aede-7ce1561e758b,4,2024-25,8.26,20,20,0,PASS
079527cf-7940-53f9-b172-27f45163a94d,bdccaded-65ea-4501-aede-7ce1561e758b,5,2025-26,7.05,16,20,1,PASS
e7633bd5-36c9-5a21-8ffc-d927c9376433,3c649419-c932-4826-ade9-8beb159a5559,1,2025-26,4.64,18,18,0,PASS
f8392715-de55-51e2-8874-c4f2599c35bf,989d7365-227f-4bdf-b747-3bdbfd414519,1,2024-25,10.0,22,22,0,PASS
1defb5d7-42a0-5fe2-b7bb-e12243c6fcd6,989d7365-227f-4bdf-b747-3bdbfd414519,2,2024-25,9.34,22,22,0,PASS
e69c0b5d-9012-5ab7-a13b-c1150afb6565,989d7365-227f-4bdf-b747-3bdbfd414519,3,2025-26,9.67,22,22,0,PASS
e04a304f-d5ee-58cf-be72-bfa2ee35b8e4,2412b7f0-1aba-43e8-9d6c-63e430338438,1,2023-24,6.29,18,18,0,PASS
1f6a2e8a-3085-5ed2-8627-96b425cc0407,2412b7f0-1aba-43e8-9d6c-63e430338438,2,2023-24,7.2,22,22,0,PASS
c16a9e04-f20a-5ae5-be62-ff659c996c4f,2412b7f0-1aba-43e8-9d6c-63e430338438,3,2024-25,7.41,22,22,0,PASS
33e48aac-7115-5962-a844-7d519af698cb,2412b7f0-1aba-43e8-9d6c-63e430338438,4,2024-25,7.01,22,22,0,PASS
45b10d85-ae32-5725-a39c-c11cc221b4b9,2412b7f0-1aba-43e8-9d6c-63e430338438,5,2025-26,6.58,22,22,0,PASS
771fa89c-07a9-50e2-a361-20cd9b7daaaa,f9e7f15a-7fdf-479f-9430-2473469d0752,1,2025-26,7.62,22,22,0,PASS
996fda62-ce20-5cd8-b060-8ea44e7b46cf,c6c034d5-5398-438a-939e-c289746d58a6,1,2025-26,8.77,22,22,0,PASS
8affec2f-7015-588a-861b-05f60d96b799,255028ff-4668-4c76-b8c1-ba1e9a684c68,1,2024-25,5.85,20,20,0,PASS
137f605b-af70-5538-8489-72847a056040,255028ff-4668-4c76-b8c1-ba1e9a684c68,2,2024-25,5.57,22,22,0,PASS
52907447-2bdd-5d51-a5d0-f468335c95c3,255028ff-4668-4c76-b8c1-ba1e9a684c68,3,2025-26,5.8,20,20,0,PASS
b840ec4b-cee3-565d-9f30-1f38e2a2053f,9bcf43b7-8331-4915-85f3-54f312f1dac1,1,2025-26,8.04,18,18,0,PASS
b6158acc-1ab1-52c2-945b-2a1f02b84417,aa36fed2-9311-4264-aea1-aa7a54e0a7b4,1,2024-25,5.72,20,20,0,PASS
27c512d6-6dbb-5587-a45e-0bcc20090095,aa36fed2-9311-4264-aea1-aa7a54e0a7b4,2,2024-25,6.26,20,20,0,PASS
7d2adcb7-4f86-5ca7-aedc-7689f47b56de,aa36fed2-9311-4264-aea1-aa7a54e0a7b4,3,2025-26,5.69,22,22,0,PASS
c69fa249-c33b-51ec-b585-505aef2eb005,1c933004-18b4-4b09-91b5-5fb685f133c8,1,2023-24,9.24,20,20,0,PASS
9e59ec35-fa14-5624-8f28-712bab1ce65f,1c933004-18b4-4b09-91b5-5fb685f133c8,2,2023-24,10.0,22,22,0,PASS
7bd1bcdb-4fb7-5167-84e5-c793cb1d4b45,1c933004-18b4-4b09-91b5-5fb685f133c8,3,2024-25,10.0,20,20,0,PASS
03f1eb68-a0fe-5bcb-942e-66b1b8d3bd32,1c933004-18b4-4b09-91b5-5fb685f133c8,4,2024-25,9.29,22,22,0,PASS
7ddaafd6-ac9f-5de3-8a75-f0b497075c3d,1c933004-18b4-4b09-91b5-5fb685f133c8,5,2025-26,9.54,22,22,0,PASS
bec3ccc1-8d6d-5dc4-a072-780d4a01912e,aaa0772a-6377-4153-88e1-221fe96680f6,1,2023-24,5.94,18,18,0,PASS
8fb30890-f4a9-53a7-8e17-1407f4f483e5,aaa0772a-6377-4153-88e1-221fe96680f6,2,2023-24,5.87,22,22,0,PASS
aa224c7a-d7ac-586c-9228-fdbbbaeb5dee,aaa0772a-6377-4153-88e1-221fe96680f6,3,2024-25,7.1,22,22,0,PASS
e39fe2d9-ea02-5331-b03f-53ddf8b032a5,aaa0772a-6377-4153-88e1-221fe96680f6,4,2024-25,6.61,18,18,0,PASS
3a76c5a8-0687-543d-80e2-db35e7cf2521,aaa0772a-6377-4153-88e1-221fe96680f6,5,2025-26,6.9,22,22,0,PASS
38d3d54b-f805-514a-9c27-692db5aba132,25e537ea-d4ab-4819-a3e8-d4b4f0bb3903,1,2023-24,9.5,22,22,0,PASS
3025820e-6da2-5c30-bc95-a925f02d2355,25e537ea-d4ab-4819-a3e8-d4b4f0bb3903,2,2023-24,9.16,18,18,0,PASS
8c3ac58d-d409-54a9-afce-837469bf5465,25e537ea-d4ab-4819-a3e8-d4b4f0bb3903,3,2024-25,9.18,22,22,0,PASS
e6c2c54e-f1da-562e-8048-7f579101ef49,25e537ea-d4ab-4819-a3e8-d4b4f0bb3903,4,2024-25,9.36,18,18,0,PASS
b5d128e0-0acb-576f-9706-b092e8944cc6,25e537ea-d4ab-4819-a3e8-d4b4f0bb3903,5,2025-26,8.76,20,20,0,PASS
8fb8fe4c-a47c-504c-95e3-83f758f044a2,6c9046dc-39db-409f-9220-abe036a1d722,1,2023-24,7.82,18,18,0,PASS
2bb643de-40d3-5e22-bf0a-cab2b4963340,6c9046dc-39db-409f-9220-abe036a1d722,2,2023-24,8.4,20,20,0,PASS
a984bdf5-d4da-5ff3-8791-da08ee24d9ac,6c9046dc-39db-409f-9220-abe036a1d722,3,2024-25,8.14,18,18,0,PASS
b065d5d8-b9f5-549f-9e8f-ceae6d6d8cd2,6c9046dc-39db-409f-9220-abe036a1d722,4,2024-25,8.45,18,18,0,PASS
3c396e87-2624-507e-afef-dc415070f1b5,6c9046dc-39db-409f-9220-abe036a1d722,5,2025-26,8.5,22,22,0,PASS
d23c7f04-fde3-5b09-a89b-b088e97287eb,006401e0-058b-4699-baa5-b419dc78f05d,1,2025-26,8.13,20,20,0,PASS
875f0c75-bad7-5670-b73d-36fe8f01c24c,87410cc3-bbe5-4881-919c-09472ff3064d,1,2023-24,4.97,18,18,0,PASS
46b087c6-6040-55e5-87cd-dad3b359c5e9,87410cc3-bbe5-4881-919c-09472ff3064d,2,2023-24,5.76,22,22,0,PASS
4fa39d17-c0f1-51b8-998e-072ddb8ffb1f,87410cc3-bbe5-4881-919c-09472ff3064d,3,2024-25,6.16,20,20,0,PASS
f4c17eb5-92f4-5c65-a510-cfa16ea8aedf,87410cc3-bbe5-4881-919c-09472ff3064d,4,2024-25,6.43,22,22,0,PASS
84c1fb09-2437-538c-a4cb-670c27a8706b,87410cc3-bbe5-4881-919c-09472ff3064d,5,2025-26,6.75,18,18,0,PASS
ae770ad9-7736-5fb5-ad0f-005a0240a836,88f418e6-ad4a-405b-95ef-10c82ae97bdb,1,2023-24,6.21,18,18,0,PASS
0e23a6ef-cfaa-52b4-9659-97acc085a211,88f418e6-ad4a-405b-95ef-10c82ae97bdb,2,2023-24,5.77,18,18,0,PASS
cccb59f1-0c78-56d1-b16f-3d78726002dc,88f418e6-ad4a-405b-95ef-10c82ae97bdb,3,2024-25,6.47,22,22,0,PASS
92d1410c-21d6-519b-9d72-00e367c45dc5,88f418e6-ad4a-405b-95ef-10c82ae97bdb,4,2024-25,5.79,22,22,0,PASS
fe1323cf-0fff-57a4-b65d-7f3f2d3cdfde,88f418e6-ad4a-405b-95ef-10c82ae97bdb,5,2025-26,5.7,18,18,0,PASS
e8646b31-f1d8-5c93-a1f5-cd610f9d5a12,53552857-59bc-466b-a1aa-8c218ba3668c,1,2024-25,7.68,18,18,0,PASS
790ee7c9-2fa0-5402-a3ae-6ce6bc264e89,53552857-59bc-466b-a1aa-8c218ba3668c,2,2024-25,6.84,22,22,0,PASS
7777c7be-b839-5785-bba7-39bba58141b0,53552857-59bc-466b-a1aa-8c218ba3668c,3,2025-26,7.47,20,20,0,PASS
aa85914e-5173-5366-8add-1041161dbafe,3775ddfe-542b-45fb-a34d-ec5a98bfaf13,1,2025-26,8.36,16,20,1,FAIL
7e3682fc-8b19-5b70-aa81-ebfaa865cf41,e4fb146f-009c-4621-8475-18b825dfaed7,1,2024-25,7.93,18,22,1,FAIL
93089632-de6b-584b-8d4a-5a508f6134c0,e4fb146f-009c-4621-8475-18b825dfaed7,2,2024-25,7.16,20,20,0,PASS
1f9b2c59-db5b-5548-9811-b01aad466343,e4fb146f-009c-4621-8475-18b825dfaed7,3,2025-26,5.85,18,18,0,PASS
0e2319d3-38e9-5b1e-b655-ef3771c13b10,1e52497b-9585-49ec-a05f-d7706f227e68,1,2023-24,5.93,20,20,0,PASS
b05561fe-9efd-540c-aafe-c09072eb28ee,1e52497b-9585-49ec-a05f-d7706f227e68,2,2023-24,6.44,22,22,0,PASS
0656a0ed-1e38-5bce-b26f-d67510e97504,1e52497b-9585-49ec-a05f-d7706f227e68,3,2024-25,6.33,20,20,0,PASS
2b58656c-b771-5a44-a48e-1762631c58be,1e52497b-9585-49ec-a05f-d7706f227e68,4,2024-25,6.59,20,20,0,PASS
d89486f2-e49f-5bf9-9e7a-0824ba5538c9,1e52497b-9585-49ec-a05f-d7706f227e68,5,2025-26,6.04,20,20,0,PASS
9604ffd6-5075-5cdf-879d-43d215b9351b,e19d336d-aa2a-4ae0-8d0d-6ce195c50a6d,1,2024-25,6.79,18,18,0,PASS
d97c61fb-9700-503b-a881-799e8e9f6a4c,e19d336d-aa2a-4ae0-8d0d-6ce195c50a6d,2,2024-25,5.4,18,18,0,PASS
c98b5a13-009c-5450-8e44-7a248984407a,e19d336d-aa2a-4ae0-8d0d-6ce195c50a6d,3,2025-26,6.21,20,20,0,PASS
2ed06634-fdc4-508c-9bf3-cc8cb0b30616,01fea676-9226-4a49-8484-5dff4b3f11df,1,2023-24,9.08,14,18,1,PASS
c840e2ad-d342-5983-8dcf-2c872dd57e20,01fea676-9226-4a49-8484-5dff4b3f11df,2,2023-24,8.31,20,20,0,PASS
c299f2af-aa54-5c8c-8a5c-36485d421b4d,01fea676-9226-4a49-8484-5dff4b3f11df,3,2024-25,9.4,22,22,0,PASS
561df433-b6e5-5ae8-bfc0-826cec93a232,01fea676-9226-4a49-8484-5dff4b3f11df,4,2024-25,8.07,22,22,0,PASS
4914cbc3-6cda-5a76-aa93-890f47f7ca53,01fea676-9226-4a49-8484-5dff4b3f11df,5,2025-26,9.83,18,18,0,PASS
ce19d0ae-abd8-5ea8-bbb0-4a76f9c8bce5,124dceff-3c91-42c3-8220-e02831b43603,1,2025-26,8.15,22,22,0,PASS
28acd69c-3bdb-5836-8924-fbec94ffc956,31e3f3ba-8f9f-4a2f-b1dc-3e9a16e5e23b,1,2024-25,9.53,18,18,0,PASS
64bd03c6-51d9-5583-907f-03c786e1786c,31e3f3ba-8f9f-4a2f-b1dc-3e9a16e5e23b,2,2024-25,8.59,20,20,0,PASS
278a60d4-a1e5-52e1-a73e-a9780e26c3e1,31e3f3ba-8f9f-4a2f-b1dc-3e9a16e5e23b,3,2025-26,8.35,20,20,0,PASS
f4ef1446-c627-54c1-a118-5fd262ff39b2,908f83e1-34e3-4886-b25f-a103833e1ea9,1,2024-25,8.76,22,22,0,PASS
89d51aa8-2e3f-5886-9c40-2701f215c700,908f83e1-34e3-4886-b25f-a103833e1ea9,2,2024-25,8.03,18,18,0,PASS
fde2e6f5-504b-5caf-b0ac-c6f8c0e5808b,908f83e1-34e3-4886-b25f-a103833e1ea9,3,2025-26,7.79,20,20,0,PASS
9d50ea1d-4662-5adc-ad38-727582c3d4d3,674ffc0a-b3fa-4f84-b5a0-a91760b1afd8,1,2024-25,8.71,22,22,0,PASS
b547f16c-2baf-5387-94f7-64a48b8adde2,674ffc0a-b3fa-4f84-b5a0-a91760b1afd8,2,2024-25,8.81,22,22,0,PASS
d2f15147-81d9-51ff-a411-478b1219c329,674ffc0a-b3fa-4f84-b5a0-a91760b1afd8,3,2025-26,9.22,20,20,0,PASS
8d027216-d322-58da-8381-c8ed680caea7,7df02ce8-fc7b-412e-ad7e-79fe3ac43f53,1,2025-26,6.89,22,22,0,PASS
3d41d1f0-f7df-5c15-9917-2bafe91ba4d6,77688f13-f461-4068-978d-de811e64bdeb,1,2025-26,8.02,20,20,0,PASS
65b1eea8-7b28-5499-99f9-4d6f1bf91c07,e150210e-4261-49f2-9ca7-42775e792749,1,2023-24,5.65,18,22,1,PASS
16465f4b-1f10-5ce1-99bc-f70b46d28e92,e150210e-4261-49f2-9ca7-42775e792749,2,2023-24,5.95,20,20,0,PASS
ee66152e-5652-5912-b555-a245a3199a84,e150210e-4261-49f2-9ca7-42775e792749,3,2024-25,6.02,18,18,0,PASS
f347e5db-99b7-5c3d-98ee-adc900c8bd4c,e150210e-4261-49f2-9ca7-42775e792749,4,2024-25,6.03,22,22,0,PASS
c29d0157-ee7a-5ef1-a5ac-22495af50e29,e150210e-4261-49f2-9ca7-42775e792749,5,2025-26,6.11,18,18,0,PASS
41ab7d73-0e2c-56b4-87cd-296247636f59,dda48d31-eb02-40e9-a9aa-17e78292ff54,1,2023-24,6.44,22,22,0,PASS
3f0c51b2-94a9-5a74-9c7a-53074ac8ff64,dda48d31-eb02-40e9-a9aa-17e78292ff54,2,2023-24,6.48,18,18,0,PASS
deee2ada-1a0f-5f8d-9366-545b659f688e,dda48d31-eb02-40e9-a9aa-17e78292ff54,3,2024-25,6.3,18,18,0,PASS
112a97a7-3a83-562d-8a5b-7f8de73fb791,dda48d31-eb02-40e9-a9aa-17e78292ff54,4,2024-25,5.87,22,22,0,PASS
b527b9cf-594f-5d9b-9154-d13c1f3377fe,dda48d31-eb02-40e9-a9aa-17e78292ff54,5,2025-26,6.34,22,22,0,PASS
46e579a6-231e-5785-82eb-7965865bb001,90d9e1c8-4955-4659-9353-f43091ce18c2,1,2025-26,9.42,18,18,0,PASS
8e35968e-0d7f-5372-8af1-41faf79f6427,cea197ef-65f2-4abc-875a-6f10bfe68eb1,1,2025-26,7.07,22,22,0,PASS
2e26f4f7-2add-56d5-be35-45239e02f5ec,3deff9b4-9ce6-4aad-b953-5cf97549fbb8,1,2024-25,7.56,22,22,0,PASS
e8ceb233-7ed4-5584-a42d-a0442c37e65c,3deff9b4-9ce6-4aad-b953-5cf97549fbb8,2,2024-25,8.14,20,20,0,PASS
5c022bb7-fec2-535e-9eea-fb755d9e5da1,3deff9b4-9ce6-4aad-b953-5cf97549fbb8,3,2025-26,7.95,20,20,0,PASS
1aefe863-0fdd-541c-9867-8ab58fb5a20d,16534bf2-0d16-4c91-b0b1-9094a41f0a17,1,2025-26,8.37,22,22,0,PASS
45524f13-8ac7-5d56-9b23-4676ddd58e44,6700b1e8-4466-49dd-9de4-e192f1e8be86,1,2025-26,9.05,20,20,0,PASS
f49a9d4f-5dc0-5779-9f73-466787cde216,86a73606-4478-4a0a-aaaa-7e5945a6df3e,1,2023-24,7.09,22,22,0,PASS
f5b9115c-abf1-58ab-b903-d13f8c6ee3e1,86a73606-4478-4a0a-aaaa-7e5945a6df3e,2,2023-24,7.11,18,18,0,PASS
a25d4dbb-992b-51a8-b1a1-ab2dc42aed6f,86a73606-4478-4a0a-aaaa-7e5945a6df3e,3,2024-25,6.84,22,22,0,PASS
ad7cdb30-8c93-5570-836d-2f5da6fe6fe1,86a73606-4478-4a0a-aaaa-7e5945a6df3e,4,2024-25,7.09,18,18,0,PASS
6b89ad1a-838c-5efd-b166-1d0800665b99,86a73606-4478-4a0a-aaaa-7e5945a6df3e,5,2025-26,6.78,18,18,0,PASS
39542457-6e74-5acc-a7d3-ae93c54b17c9,3728d1bd-20ad-4d83-8488-6837ed777049,1,2023-24,7.2,22,22,0,PASS
15e25884-9a30-5343-88cf-870e12259fb6,3728d1bd-20ad-4d83-8488-6837ed777049,2,2023-24,7.9,22,22,0,PASS
fa6e6b80-90bf-59e0-9adb-85bb169b998a,3728d1bd-20ad-4d83-8488-6837ed777049,3,2024-25,7.21,18,18,0,PASS
1e7fe892-6fb1-57f7-a026-4fca5b9528c3,3728d1bd-20ad-4d83-8488-6837ed777049,4,2024-25,8.43,20,20,0,PASS
70326217-41c0-5866-9b79-5a532471e618,3728d1bd-20ad-4d83-8488-6837ed777049,5,2025-26,7.45,18,18,0,PASS
d83259b0-2201-5357-9669-5ed062abff4b,9961e233-8812-44dc-a981-9ea4af222498,1,2025-26,7.02,22,22,0,PASS
ba10008d-fd88-5abc-b6e4-8bfa2eb1b511,e3af0ac2-a04c-42dd-897e-96b735f7954d,1,2024-25,7.56,18,18,0,PASS
4530730b-9832-5316-ab35-bc035771025b,e3af0ac2-a04c-42dd-897e-96b735f7954d,2,2024-25,6.89,22,22,0,PASS
b81accc0-f5ff-5d04-a564-80a141fd9aef,e3af0ac2-a04c-42dd-897e-96b735f7954d,3,2025-26,7.91,22,22,0,PASS
2d93a0ae-a12d-5ba2-980e-207e0c9da199,0c523a8f-4ee9-4bcf-b0e9-e76ad844de86,1,2023-24,7.57,20,20,0,PASS
d35e8f4a-68ad-5e3e-a887-a4c0a62ce61d,0c523a8f-4ee9-4bcf-b0e9-e76ad844de86,2,2023-24,8.51,18,18,0,PASS
64f0e7b1-8e18-50e2-abf1-a80a14342e3e,0c523a8f-4ee9-4bcf-b0e9-e76ad844de86,3,2024-25,8.63,18,18,0,PASS
6842ef23-68ff-5132-bb49-bbce3f071207,0c523a8f-4ee9-4bcf-b0e9-e76ad844de86,4,2024-25,8.41,22,22,0,PASS
7db04b97-0369-52fb-bf93-7e1e02642948,0c523a8f-4ee9-4bcf-b0e9-e76ad844de86,5,2025-26,8.26,18,18,0,PASS
20f5bf7f-b32c-5a21-8c63-e0b447f7ab48,fdf58cae-0644-4e4c-9972-556b5ec454b1,1,2025-26,9.49,22,22,0,PASS
d4a0c0c5-35e7-5c9c-8b9f-68b8367aae17,d54758a9-4aea-4cf8-a819-aabe2f9ebf22,1,2023-24,7.44,16,20,1,PASS
0b41143e-2e23-59d2-b306-a7906311d900,d54758a9-4aea-4cf8-a819-aabe2f9ebf22,2,2023-24,7.52,20,20,0,PASS
5563f4f9-86ff-5a55-b3f7-b44bbcb3b7e5,d54758a9-4aea-4cf8-a819-aabe2f9ebf22,3,2024-25,6.56,20,20,0,PASS
bd344d93-bd31-5f0c-b223-70ae5543d824,d54758a9-4aea-4cf8-a819-aabe2f9ebf22,4,2024-25,6.92,22,22,0,PASS
4b8a5a4f-ab92-5799-b32f-15c603cf5d0b,d54758a9-4aea-4cf8-a819-aabe2f9ebf22,5,2025-26,7.28,22,22,0,PASS
4da98d34-1a17-5765-a3c2-d311ca3484f1,f5c9d673-a59b-4d28-93f5-5bf8ff190380,1,2024-25,7.19,18,22,1,PASS
7537b42f-7f60-5815-b009-41a1e853307b,f5c9d673-a59b-4d28-93f5-5bf8ff190380,2,2024-25,8.37,22,22,0,PASS
d4d281e5-e92c-5415-8e90-a6e8505d79a2,f5c9d673-a59b-4d28-93f5-5bf8ff190380,3,2025-26,7.33,18,18,0,PASS
c5d7a368-39c7-5501-9a48-c9bc2d0a0c24,f8e9c3fe-8fe5-4410-83ee-6ea59a74cd4a,1,2024-25,7.64,22,22,0,PASS
404df697-80bc-5764-93bc-6adb5fc2a3ef,f8e9c3fe-8fe5-4410-83ee-6ea59a74cd4a,2,2024-25,7.2,14,18,1,PASS
1b86fdd3-b931-501b-b390-75f46381cff8,f8e9c3fe-8fe5-4410-83ee-6ea59a74cd4a,3,2025-26,7.32,20,20,0,PASS
7da0d923-093f-523d-a57a-4258d34aed41,dc25282c-7907-472b-be6b-ce2031edf121,1,2025-26,6.78,22,22,0,PASS
8f5b7a8b-bf14-573b-b8a4-f40f18fa3d57,2087fdc0-1be2-45fb-be9a-411cfb58ffff,1,2025-26,6.51,20,20,0,PASS
b8ccfee4-c05c-560b-a508-919973f02e41,844acdfb-fe45-49ac-9229-a491069e94c8,1,2024-25,7.92,18,18,0,PASS
726bac4d-a993-5140-9650-1ae3118beeda,844acdfb-fe45-49ac-9229-a491069e94c8,2,2024-25,6.84,20,20,0,PASS
ba41c3d9-ba19-571f-88d9-92756f2bb677,844acdfb-fe45-49ac-9229-a491069e94c8,3,2025-26,7.28,22,22,0,PASS
e3fb95c2-43d5-5e6a-ad02-c5aacaf86e48,38eac50e-05fb-4ee0-89ee-b62560d4882e,1,2025-26,7.77,18,18,0,PASS
e7103b09-0eb6-57ff-87ec-3ace01e6a33d,43992529-cb0e-49b2-86d4-54a8f6ad29ae,1,2024-25,7.23,18,22,1,PASS
2cedd01d-36e4-5e92-80d1-30100f54629e,43992529-cb0e-49b2-86d4-54a8f6ad29ae,2,2024-25,6.72,20,20,0,PASS
02f85225-2ad4-5d03-bca1-a9f40c4b4e3c,43992529-cb0e-49b2-86d4-54a8f6ad29ae,3,2025-26,7.31,20,20,0,PASS
809f1fbc-22d8-5d3c-8bd0-317a637e0368,73c8db3c-e7a5-45b3-ba1e-762176eb85b8,1,2023-24,6.45,18,18,0,PASS
90010d86-f60f-576a-9064-8d494bf9cc1c,73c8db3c-e7a5-45b3-ba1e-762176eb85b8,2,2023-24,6.42,18,18,0,PASS
24921268-0f6c-5a10-a5c3-bf464ff0826b,73c8db3c-e7a5-45b3-ba1e-762176eb85b8,3,2024-25,5.55,20,20,0,PASS
e1276f76-5a8f-5cb2-ade1-d9534a787fc8,73c8db3c-e7a5-45b3-ba1e-762176eb85b8,4,2024-25,7.06,20,20,0,PASS
bbe3bb49-2539-5d85-ac59-4dc0dff630ff,73c8db3c-e7a5-45b3-ba1e-762176eb85b8,5,2025-26,6.84,22,22,0,PASS
ac3c80a7-9453-5836-8f81-4ecbb97d7373,e7b8fef7-567c-4411-b98c-58471a5b9d49,1,2024-25,7.16,20,20,0,PASS
256593a6-3ee4-5f8f-bcf1-fd857edcb361,e7b8fef7-567c-4411-b98c-58471a5b9d49,2,2024-25,6.73,22,22,0,PASS
221eaee8-922d-5794-a09e-762f7ac20fb2,e7b8fef7-567c-4411-b98c-58471a5b9d49,3,2025-26,6.07,18,18,0,PASS
81e4030f-b252-5366-b626-6201afc20e87,8727ca9b-158a-4ea3-8744-5f4027c7fab2,1,2024-25,10.0,22,22,0,PASS
c4663ee0-ef6d-540a-8c81-4faf5068272a,8727ca9b-158a-4ea3-8744-5f4027c7fab2,2,2024-25,10.0,18,22,1,PASS
acb6d784-b115-55d7-b899-646f0a3c71ab,8727ca9b-158a-4ea3-8744-5f4027c7fab2,3,2025-26,9.25,22,22,0,PASS
2d21e4ba-0fbc-5bc1-955d-e0362ada497c,f04b8902-882f-4f72-a783-6ad515494059,1,2024-25,5.42,18,18,0,PASS
af4c4778-73dd-586b-a974-43306995812d,f04b8902-882f-4f72-a783-6ad515494059,2,2024-25,5.37,20,20,0,PASS
4e786e38-8977-50f1-bdc9-f0fc7a3b5977,f04b8902-882f-4f72-a783-6ad515494059,3,2025-26,5.78,20,20,0,PASS
32afb910-a5cd-56f7-b86d-67b8d0f53176,1d6a36b0-c409-417a-881f-240e2f3dad80,1,2025-26,5.9,18,18,0,PASS
bbdf019d-25e7-5619-b74a-abe9f6edb74f,76f1616e-8584-49b8-b426-b150b5817bf0,1,2025-26,5.38,22,22,0,PASS
d1f7a1a9-755a-5d2d-8998-a3b779753503,18e5f828-f968-43e2-98e3-eba147568b49,1,2023-24,7.63,18,18,0,PASS
abb30196-af84-504d-b96c-8ae1c199fa41,18e5f828-f968-43e2-98e3-eba147568b49,2,2023-24,7.5,18,18,0,PASS
5087662a-2ef1-504b-9801-4eb2fc4b2b7c,18e5f828-f968-43e2-98e3-eba147568b49,3,2024-25,7.61,22,22,0,PASS
c79f890a-d161-5bed-b46c-873f98e2ad95,18e5f828-f968-43e2-98e3-eba147568b49,4,2024-25,8.28,20,20,0,PASS
746f5b84-a8dd-59df-9e37-dfb3cfc9118a,18e5f828-f968-43e2-98e3-eba147568b49,5,2025-26,7.18,20,20,0,PASS
33d246e6-9eaf-5070-a26a-6f9488692fb2,23bbaff9-5ceb-40e8-82b6-8b7759c21a0d,1,2023-24,7.82,20,20,0,PASS
475d9abb-c92e-5228-918e-f837c9f5b869,23bbaff9-5ceb-40e8-82b6-8b7759c21a0d,2,2023-24,8.22,22,22,0,PASS
f543a11c-5d31-566b-b4fb-3dd7a19dc02f,23bbaff9-5ceb-40e8-82b6-8b7759c21a0d,3,2024-25,8.79,22,22,0,PASS
1a355e58-c4b6-532a-a14f-66846dd69d4e,23bbaff9-5ceb-40e8-82b6-8b7759c21a0d,4,2024-25,8.67,18,18,0,PASS
b545005b-7aca-5997-ba71-ce2487ad5a0b,23bbaff9-5ceb-40e8-82b6-8b7759c21a0d,5,2025-26,7.84,22,22,0,PASS
95846a11-f6e1-583e-bde8-1a53bb2e834b,2f3688c9-3972-4d98-b2be-e985145a4c5f,1,2024-25,4.82,18,18,0,PASS
ddc04fa4-c9bb-5125-b308-0f5e9344418b,2f3688c9-3972-4d98-b2be-e985145a4c5f,2,2024-25,4.53,20,20,0,PASS
ac1a1475-0447-5ddd-a5d2-78e3e18665db,2f3688c9-3972-4d98-b2be-e985145a4c5f,3,2025-26,4.36,18,18,0,PASS
cd187403-7c9d-5c21-8fe5-45deef51930f,e0293299-fbeb-41d6-8c55-e01f5e5dbd41,1,2024-25,7.59,22,22,0,PASS
5b78173c-13a5-5e60-8ba8-c27f83ac0bfa,e0293299-fbeb-41d6-8c55-e01f5e5dbd41,2,2024-25,7.65,22,22,0,PASS
0a2e63ef-3a5d-50f4-ab26-a7628884ce38,e0293299-fbeb-41d6-8c55-e01f5e5dbd41,3,2025-26,7.02,20,20,0,PASS
9ac84f7a-f71a-5d34-bfdf-41fdfe62b983,1901ec18-eb4f-4612-96c7-ef1d391b3e03,1,2023-24,7.99,22,22,0,PASS
58bde1e9-0c73-55e3-915d-30aa2abf908d,1901ec18-eb4f-4612-96c7-ef1d391b3e03,2,2023-24,7.21,20,20,0,PASS
1e9a6c99-6096-59b6-8737-518528527470,1901ec18-eb4f-4612-96c7-ef1d391b3e03,3,2024-25,6.74,22,22,0,PASS
a5d591a0-2df3-53f4-842d-d5f659c227cc,1901ec18-eb4f-4612-96c7-ef1d391b3e03,4,2024-25,6.56,20,20,0,PASS
741c0ea5-4e6a-5467-b8cf-e036501fcc0d,1901ec18-eb4f-4612-96c7-ef1d391b3e03,5,2025-26,6.66,20,20,0,PASS
eac265ea-1d60-51ec-a87c-54c44d5e1c33,154be4f1-64e5-427b-874e-744338d4b508,1,2024-25,5.47,22,22,0,PASS
6d43a42c-8796-5e0d-8291-71e451970245,154be4f1-64e5-427b-874e-744338d4b508,2,2024-25,5.56,20,20,0,PASS
1a677abc-3954-5058-94ac-6b174f65af3c,154be4f1-64e5-427b-874e-744338d4b508,3,2025-26,5.38,20,20,0,PASS
eb33d121-3e6b-535d-9d9c-01c242f761da,b1ec3a10-62ca-4b22-a016-f0e5ab78c2ef,1,2025-26,8.77,18,18,0,PASS
113cb02a-4bad-50b7-b1e0-fefeb9eae7b4,1244440a-6c7d-4105-9927-562b372559b5,1,2023-24,9.31,22,22,0,PASS
67bbc61e-6a3c-5447-a41d-ab862772f926,1244440a-6c7d-4105-9927-562b372559b5,2,2023-24,8.18,22,22,0,PASS
ffb48944-50be-595f-8689-1473e225f993,1244440a-6c7d-4105-9927-562b372559b5,3,2024-25,8.4,18,22,1,FAIL
eebea17f-44a6-5e73-9129-170c916b7fa6,1244440a-6c7d-4105-9927-562b372559b5,4,2024-25,8.49,22,22,0,PASS
036e84c9-e5e9-5671-8127-6abe04b0f011,1244440a-6c7d-4105-9927-562b372559b5,5,2025-26,7.76,18,18,0,PASS
10c605ac-a85a-53a6-8abc-d332fe266d31,af4ecbdd-45ad-48ea-a7f1-a19d99eecb3a,1,2025-26,7.55,20,20,0,PASS
dd19ff3f-5a1e-53d7-a9e6-45b4222cbeda,52b96134-0a0f-4566-8b5f-1226a719dfc6,1,2023-24,9.52,18,18,0,PASS
ac774ec0-cccf-54fb-b129-1b987615e485,52b96134-0a0f-4566-8b5f-1226a719dfc6,2,2023-24,9.54,20,20,0,PASS
91a045f9-6864-577d-b1d7-f161029826d0,52b96134-0a0f-4566-8b5f-1226a719dfc6,3,2024-25,9.71,22,22,0,PASS
0411d8cd-d47d-515a-9bd8-211368647f65,52b96134-0a0f-4566-8b5f-1226a719dfc6,4,2024-25,8.94,20,20,0,PASS
13632920-ef67-57d8-b83e-549500eca73f,52b96134-0a0f-4566-8b5f-1226a719dfc6,5,2025-26,9.82,20,20,0,PASS
7e9557f0-db01-5a9d-9a89-ef6ebd0cd854,5856cb04-0d08-41ea-95e0-2791443952ca,1,2024-25,9.63,18,22,1,PASS
fb4a7597-3471-5573-9b23-4d6eb2f8f136,5856cb04-0d08-41ea-95e0-2791443952ca,2,2024-25,8.27,20,20,0,PASS
3583080d-54a1-5703-bdea-a762cb13bdc4,5856cb04-0d08-41ea-95e0-2791443952ca,3,2025-26,9.78,18,22,1,PASS
1a07622e-a879-59c1-8199-eda37f89d0eb,fa9f08dd-6919-4664-90de-beb5a46b6347,1,2024-25,7.83,20,20,0,PASS
6e6fb106-8113-54a8-9ad9-85e43bdc38c6,fa9f08dd-6919-4664-90de-beb5a46b6347,2,2024-25,7.52,20,20,0,PASS
2705092e-ae70-57b4-b6ab-38aeea65d3cf,fa9f08dd-6919-4664-90de-beb5a46b6347,3,2025-26,7.58,22,22,0,PASS
4c5b9e61-57e7-5ecf-8176-3b0f647a63bf,55a828a2-4d99-459a-9a6b-d6b461a34f72,1,2023-24,5.61,22,22,0,PASS
7ee80c37-2508-5322-8530-ec342e27b23b,55a828a2-4d99-459a-9a6b-d6b461a34f72,2,2023-24,7.07,20,20,0,PASS
2d813e31-9b56-5564-a174-80f6892384b7,55a828a2-4d99-459a-9a6b-d6b461a34f72,3,2024-25,5.72,22,22,0,PASS
c15f7700-9b3d-5d2d-ba90-8e865c376bb8,55a828a2-4d99-459a-9a6b-d6b461a34f72,4,2024-25,6.75,20,20,0,PASS
e24d8d7f-4b4d-5891-9f37-996c299a8f98,55a828a2-4d99-459a-9a6b-d6b461a34f72,5,2025-26,6.71,22,22,0,PASS
60c28c07-5a7a-57a3-8a84-86266033e9cd,049b8b04-7223-426b-a8f9-2815a5f1ec17,1,2024-25,6.06,22,22,0,PASS
3f92a1bd-3f54-508e-b16f-059965c052bf,049b8b04-7223-426b-a8f9-2815a5f1ec17,2,2024-25,6.85,18,18,0,PASS
4491a67c-f698-576f-a6a9-c90da188205e,049b8b04-7223-426b-a8f9-2815a5f1ec17,3,2025-26,6.3,22,22,0,PASS
80712da2-d339-5717-8c1c-714e3ad0868a,22522b91-3559-400d-8fbb-e0cd91c2baeb,1,2024-25,7.25,20,20,0,PASS
c97f8365-82fa-51b4-9b18-b918e0822a6a,22522b91-3559-400d-8fbb-e0cd91c2baeb,2,2024-25,8.16,22,22,0,PASS
88838526-f319-570e-a684-6c31b0d4ca24,22522b91-3559-400d-8fbb-e0cd91c2baeb,3,2025-26,7.72,18,18,0,PASS
54da184c-de92-5f8b-b481-d04f79347f9b,3025c386-fa91-45a6-95fa-9e9f6a93114e,1,2024-25,8.79,20,20,0,PASS
ce544374-dc27-54b5-b61a-147f30d71c9a,3025c386-fa91-45a6-95fa-9e9f6a93114e,2,2024-25,8.81,18,18,0,PASS
e54b9c5a-cfba-5771-8c22-bf760f54cd28,3025c386-fa91-45a6-95fa-9e9f6a93114e,3,2025-26,8.85,18,18,0,PASS
8a653709-450f-5e60-81ee-3c255eb48a6a,eb7f0c89-0787-41db-8aa7-4d591a8ca66d,1,2023-24,8.1,22,22,0,PASS
abf84af1-2434-5243-93f7-b99024047260,eb7f0c89-0787-41db-8aa7-4d591a8ca66d,2,2023-24,7.22,18,18,0,PASS
4cd2fb0c-177e-5b31-8e69-c56139f27540,eb7f0c89-0787-41db-8aa7-4d591a8ca66d,3,2024-25,7.54,22,22,0,PASS
92e9afff-e237-506b-9d05-7e739e4bcdb4,eb7f0c89-0787-41db-8aa7-4d591a8ca66d,4,2024-25,7.84,22,22,0,PASS
82d7de0d-bf9c-5d53-8efb-dbb69e821ffe,eb7f0c89-0787-41db-8aa7-4d591a8ca66d,5,2025-26,7.18,20,20,0,PASS
6d47ce0e-ce8c-52c8-96d6-34c4a27db13e,7bc5ff4a-706c-4ef6-8f1a-21b041cd2f0f,1,2025-26,7.29,20,20,0,PASS
0c0fea69-9f94-5b71-b642-ed7890775039,b2914819-2d04-4f53-9154-1af4429f8b13,1,2024-25,4.19,20,20,0,PASS
29041ee7-37ac-57b7-a28b-d2a448532672,b2914819-2d04-4f53-9154-1af4429f8b13,2,2024-25,5.04,22,22,0,PASS
c1dc1452-5164-58de-b3ff-8ca4afbd6fe9,b2914819-2d04-4f53-9154-1af4429f8b13,3,2025-26,5.05,20,20,0,PASS
9973cc51-de90-56e8-9400-1a7c2a6c246c,635bc047-5d93-4e7a-afd4-1810898d7b28,1,2024-25,7.23,18,18,0,PASS
3646ae65-c2c3-5b53-adfd-db72ecc8e6aa,635bc047-5d93-4e7a-afd4-1810898d7b28,2,2024-25,7.66,20,20,0,PASS
14ea73cd-a0e4-5cc2-b578-9f30aad4b36b,635bc047-5d93-4e7a-afd4-1810898d7b28,3,2025-26,7.05,18,18,0,PASS
0a9dcaeb-2e13-5286-b5f0-b18b0510c15d,d3e507af-21d8-46a0-88af-05633d6b7c70,1,2023-24,9.44,22,22,0,PASS
765c9242-0bc4-598f-b024-1fdc95454880,d3e507af-21d8-46a0-88af-05633d6b7c70,2,2023-24,8.7,18,18,0,PASS
37f301b0-f31e-5def-baa4-e08c2e261ddd,d3e507af-21d8-46a0-88af-05633d6b7c70,3,2024-25,9.0,18,18,0,PASS
577b37a1-61cb-5539-a026-bc2816e8c608,d3e507af-21d8-46a0-88af-05633d6b7c70,4,2024-25,9.65,20,20,0,PASS
9ff6d379-b715-5854-8d71-dc7f0b1bb616,d3e507af-21d8-46a0-88af-05633d6b7c70,5,2025-26,10.0,22,22,0,PASS
39461ba0-afdd-5cde-8747-3b52e94e02e0,cf788c24-e1e6-43c7-9cc6-53ec69c3ef60,1,2024-25,7.98,18,18,0,PASS
6bf80a3d-7bb8-5cae-b6e8-602b3c7a02c9,cf788c24-e1e6-43c7-9cc6-53ec69c3ef60,2,2024-25,8.52,20,20,0,PASS
214bceae-bfa3-5299-90a0-a2dc8fa72d9d,cf788c24-e1e6-43c7-9cc6-53ec69c3ef60,3,2025-26,7.47,18,18,0,PASS
adbba7e4-a18f-56e0-b3f9-0119a32f83a1,d23e07b5-474b-417a-a078-b3b57f4004f5,1,2023-24,7.85,22,22,0,PASS
5ce5b5fa-b415-5de3-b66e-0afbbbbde848,d23e07b5-474b-417a-a078-b3b57f4004f5,2,2023-24,7.87,22,22,0,PASS
c7daee30-3c50-5ba6-83f3-b0f5617d0884,d23e07b5-474b-417a-a078-b3b57f4004f5,3,2024-25,7.25,20,20,0,PASS
6b7ce33d-ad93-57ac-ba9d-4bb92c6c5ae7,d23e07b5-474b-417a-a078-b3b57f4004f5,4,2024-25,7.66,18,18,0,PASS
a42270ba-ad35-5261-8f2f-2ad83222e22e,d23e07b5-474b-417a-a078-b3b57f4004f5,5,2025-26,7.96,20,20,0,PASS
8627bc74-9d61-5431-9d61-aa21b3c97af8,6f88cb0a-8210-411f-a0ca-7404903ad8ab,1,2024-25,6.55,18,18,0,PASS
9eb61ad4-80a6-5050-adbb-f8d2cdf4970e,6f88cb0a-8210-411f-a0ca-7404903ad8ab,2,2024-25,6.43,22,22,0,PASS
5cd3b448-259a-54e5-9877-56b137631b25,6f88cb0a-8210-411f-a0ca-7404903ad8ab,3,2025-26,6.92,20,20,0,PASS
b2c6b4dc-3922-5797-a1aa-76ce679dec11,13e6c5d2-d2f3-4d3b-85c9-ceab172c9dfe,1,2025-26,7.11,20,20,0,PASS
b782693c-1f78-56fe-aa9f-8b4a1d801da5,b10c4705-1374-498e-b588-8b6e814cddd2,1,2025-26,8.55,22,22,0,PASS
6846af6e-1fd1-5d52-87a4-e53b21c6b7c5,07692f8b-0ff6-4fc4-84a1-6cfaaffc3d34,1,2024-25,9.1,22,22,0,PASS
bd1e6c65-b709-56fd-b294-436abc2fff7b,07692f8b-0ff6-4fc4-84a1-6cfaaffc3d34,2,2024-25,9.03,22,22,0,PASS
41283883-854d-50de-80fb-f2393ebf55d8,07692f8b-0ff6-4fc4-84a1-6cfaaffc3d34,3,2025-26,8.58,22,22,0,PASS
5e490d24-4cfc-5df0-a88d-49a35311a56d,b8d7a204-924c-46fc-917a-cff4d10a590d,1,2023-24,7.45,22,22,0,PASS
48776c37-fdac-5594-91e3-98c7ca3e29fc,b8d7a204-924c-46fc-917a-cff4d10a590d,2,2023-24,7.52,20,20,0,PASS
5d44abca-f108-5282-a99c-510d0549df66,b8d7a204-924c-46fc-917a-cff4d10a590d,3,2024-25,7.06,22,22,0,PASS
4bda9c2e-239f-5a00-9485-0962fb10d00e,b8d7a204-924c-46fc-917a-cff4d10a590d,4,2024-25,7.5,22,22,0,PASS
b9055d85-26da-56f0-90b5-2d5a2e5175da,b8d7a204-924c-46fc-917a-cff4d10a590d,5,2025-26,7.32,16,20,1,PASS
fbe4aca8-dba0-5b87-b3ba-61ddb647b127,1af32531-4582-4867-a7f1-70e008610d62,1,2023-24,7.54,18,18,0,PASS
28d9fe9c-322a-5410-b9ca-4ed667e62df9,1af32531-4582-4867-a7f1-70e008610d62,2,2023-24,7.22,18,18,0,PASS
54f5eaad-53c8-5c00-8186-05bbc4bba59f,1af32531-4582-4867-a7f1-70e008610d62,3,2024-25,8.28,18,18,0,PASS
0cb70a6f-1f64-5cdc-8426-ec698c4e1092,1af32531-4582-4867-a7f1-70e008610d62,4,2024-25,8.47,20,20,0,PASS
e241eb2e-27af-546d-b7ba-4823bbb2a7fd,1af32531-4582-4867-a7f1-70e008610d62,5,2025-26,7.81,20,20,0,PASS
2dd045db-7c92-5778-90f3-f361370c0b0a,f0a89b4b-9c8e-43bd-a194-216f27c7ab3e,1,2023-24,5.32,22,22,0,PASS
42cd1e37-d4c4-5084-b93f-642699961067,f0a89b4b-9c8e-43bd-a194-216f27c7ab3e,2,2023-24,6.17,22,22,0,PASS
09c5492e-482b-50fe-919b-a653869df068,f0a89b4b-9c8e-43bd-a194-216f27c7ab3e,3,2024-25,5.72,20,20,0,PASS
340ee4fb-baf6-5160-8043-99b9e85bcf47,f0a89b4b-9c8e-43bd-a194-216f27c7ab3e,4,2024-25,6.63,18,18,0,PASS
92dba1de-3076-519d-b69b-4963a467ffe0,f0a89b4b-9c8e-43bd-a194-216f27c7ab3e,5,2025-26,7.51,18,18,0,PASS
d4d06c47-a446-54d6-af07-5241976b9cc3,1d120b48-52c7-42f1-9498-c395cda475ed,1,2025-26,7.74,18,18,0,PASS
6a8af21d-fc1e-59e4-a83a-5c30e99bce14,397ff6ac-450b-4dcc-8487-f7e3f3f3da49,1,2023-24,9.32,20,20,0,PASS
8615d010-8995-5ed2-81a9-f90dcd9ce4d7,397ff6ac-450b-4dcc-8487-f7e3f3f3da49,2,2023-24,9.98,18,18,0,PASS
1359e31e-d477-5131-a3e0-5eb7ed1d27fd,397ff6ac-450b-4dcc-8487-f7e3f3f3da49,3,2024-25,9.13,22,22,0,PASS
97ba15e1-2150-5fc2-a123-7a2035e7143b,397ff6ac-450b-4dcc-8487-f7e3f3f3da49,4,2024-25,9.06,18,18,0,PASS
763df2ee-998c-5f50-a06c-7385895f96f3,397ff6ac-450b-4dcc-8487-f7e3f3f3da49,5,2025-26,10.0,16,20,1,PASS
8cb8ab2b-dc8b-5dab-b3a8-d85a76d33039,1f260fb6-c6fd-4cdc-84ef-e27e79b5c31f,1,2023-24,8.79,20,20,0,PASS
53910273-e001-557f-9228-5a26717c26f4,1f260fb6-c6fd-4cdc-84ef-e27e79b5c31f,2,2023-24,8.81,18,18,0,PASS
07cea1ec-f85d-5573-98ec-9ae7893459bf,1f260fb6-c6fd-4cdc-84ef-e27e79b5c31f,3,2024-25,8.04,20,20,0,PASS
2cded919-7121-5999-bdc7-0980ef43fb53,1f260fb6-c6fd-4cdc-84ef-e27e79b5c31f,4,2024-25,8.31,18,18,0,PASS
b53505a1-2582-50d3-91f8-856479a1029a,1f260fb6-c6fd-4cdc-84ef-e27e79b5c31f,5,2025-26,8.82,22,22,0,PASS
57c1c6e6-f5c3-52a7-8e67-ee6e21c0dd56,82fded1f-b2a4-4326-8d7f-3c6c5aa17bea,1,2024-25,5.89,22,22,0,PASS
acf44366-4ced-550a-ae2e-e218494ba0b1,82fded1f-b2a4-4326-8d7f-3c6c5aa17bea,2,2024-25,6.86,22,22,0,PASS
e5e6967b-c838-55f0-835f-99f37fb1bc0b,82fded1f-b2a4-4326-8d7f-3c6c5aa17bea,3,2025-26,5.56,18,18,0,PASS
f0f18c3c-3ae3-50a1-82e2-0ada47c4e98e,6906833a-ed91-44ef-9f39-cfa1ad466199,1,2025-26,7.27,20,20,0,PASS
36a1a5bc-ac5d-572b-9ca8-6336fe202418,07dbbf5a-9c42-4a2f-a99d-ef55e114f9f7,1,2023-24,6.48,18,18,0,PASS
d497e802-323f-5143-b1cc-2d48ad957bd5,07dbbf5a-9c42-4a2f-a99d-ef55e114f9f7,2,2023-24,6.89,22,22,0,PASS
86b7612b-8d98-569f-9ded-17fc24dfef28,07dbbf5a-9c42-4a2f-a99d-ef55e114f9f7,3,2024-25,6.32,20,20,0,PASS
b271558b-724a-5b49-a0f9-480d3a361e26,07dbbf5a-9c42-4a2f-a99d-ef55e114f9f7,4,2024-25,6.42,22,22,0,PASS
ea87237e-4d3c-510f-8fea-e68b6771182c,07dbbf5a-9c42-4a2f-a99d-ef55e114f9f7,5,2025-26,6.59,18,18,0,PASS
81f48f75-b780-563f-a7d2-e0f5ac6e1e74,33c5f727-dccf-4d56-b26d-056cf0cbdcf1,1,2024-25,8.64,20,20,0,PASS
5128dfa1-131d-5235-a4ff-67017cfafc68,33c5f727-dccf-4d56-b26d-056cf0cbdcf1,2,2024-25,7.71,22,22,0,PASS
063e5c6e-ec41-579d-92dc-cc85522aa017,33c5f727-dccf-4d56-b26d-056cf0cbdcf1,3,2025-26,7.57,18,18,0,PASS
3baa4774-ff7c-5174-b79c-baf800ea17d4,0590278b-4592-4c0b-ac3d-2d87a7a3309e,1,2024-25,4.65,22,22,0,PASS
59dbf189-158d-5cc5-a56d-afb5c83e0a0c,0590278b-4592-4c0b-ac3d-2d87a7a3309e,2,2024-25,4.34,22,22,0,PASS
07a4cbae-c9f5-58cf-8b76-dbc32a41ad54,0590278b-4592-4c0b-ac3d-2d87a7a3309e,3,2025-26,4.27,22,22,0,PASS
81d984a2-fbfc-5ada-a605-0392c0738555,d7122c6c-f0b6-458d-a742-c308cefb60fd,1,2025-26,6.55,20,20,0,PASS
affab562-8673-520f-9164-ee213bab9001,b8f2a8b1-9061-4f3b-b85a-dc4db4618dd1,1,2023-24,8.94,20,20,0,PASS
7d0dd596-fb2a-5434-bcff-2fbde1bde5aa,b8f2a8b1-9061-4f3b-b85a-dc4db4618dd1,2,2023-24,9.06,20,20,0,PASS
64f4e22a-5d6a-5826-a9bf-029960b5de0c,b8f2a8b1-9061-4f3b-b85a-dc4db4618dd1,3,2024-25,8.78,20,20,0,PASS
d8857392-bddb-5b69-84fc-4d7b1e24dec8,b8f2a8b1-9061-4f3b-b85a-dc4db4618dd1,4,2024-25,9.87,18,18,0,PASS
5807a1e2-c69a-5603-903a-ef9fe09f7224,b8f2a8b1-9061-4f3b-b85a-dc4db4618dd1,5,2025-26,8.8,22,22,0,PASS
bb5f037f-1127-5d92-9035-736f9bdb0493,7683985b-bda9-4f7d-9a08-f7e1811bc5e6,1,2023-24,7.27,22,22,0,PASS
bf494f93-ea24-518c-bb73-0a6d364d78da,7683985b-bda9-4f7d-9a08-f7e1811bc5e6,2,2023-24,7.53,20,20,0,PASS
8033e771-4aa2-52ee-ba5e-7c8b1a581154,7683985b-bda9-4f7d-9a08-f7e1811bc5e6,3,2024-25,6.86,18,18,0,PASS
660fc1ee-0887-5c98-9d78-9f2aad16d993,7683985b-bda9-4f7d-9a08-f7e1811bc5e6,4,2024-25,7.76,22,22,0,PASS
bf5cf5d1-2d8b-587d-89e7-83db6bdb348c,7683985b-bda9-4f7d-9a08-f7e1811bc5e6,5,2025-26,7.55,18,18,0,PASS
74243584-ae11-5011-a332-9bf4269630f2,de27ac13-5024-496b-a19b-b5ab88869c48,1,2025-26,8.63,16,20,1,PASS
