id,student_id,skill_name,category,proficiency_level,progress_pct,is_verified,verification_source,certification_issuer,certification_date,credential_id,credential_url,evidence_url
3c1d78b8-5290-4513-b5ac-d6785f2f65a5,621a9c6d-e226-4ff0-a22c-2e72a6a48abe,SQL,Database,INTERMEDIATE,39.6,True,Coursera,Coursera,2026-07-27,CRED-DC9380035E,https://credentials.example.com/CRED-DC9380035E,https://credentials.example.com/CRED-DC9380035E
fe74785e-d047-4b95-a71e-8cead5ebe4a0,34e502c2-fa06-4e5b-afef-98abbff7cfce,Node.js,Web Development,BEGINNER,44.0,False,,,,,,
769c55ad-7daa-438b-b78c-603ab2b99d87,34e502c2-fa06-4e5b-afef-98abbff7cfce,C++,Programming,EXPERT,99.9,False,,,,,,
98a24771-2dbb-4e8c-ada2-118c8a66fdaa,2c3d1809-b161-465f-9647-776b20a08b71,Node.js,Web Development,ADVANCED,89.9,True,Microsoft,Microsoft,2026-04-29,CRED-22A90DB7CD,https://credentials.example.com/CRED-22A90DB7CD,https://credentials.example.com/CRED-22A90DB7CD
e7fba9ec-ac0a-49b2-bdf4-b7e15b226201,2c3d1809-b161-465f-9647-776b20a08b71,Power BI,Data Analytics,BEGINNER,42.0,False,,,,,,
edad00d4-2b76-4d0a-97cb-c98218ecc4d7,2c3d1809-b161-465f-9647-776b20a08b71,JavaScript,Programming,BEGINNER,20.2,False,,,,,,
3bd324ff-7770-45ad-ba96-e9cb516b72da,2c3d1809-b161-465f-9647-776b20a08b71,Figma,Design,ADVANCED,71.6,True,Udemy,Udemy,2026-07-22,CRED-237BF6B949,https://credentials.example.com/CRED-237BF6B949,https://credentials.example.com/CRED-237BF6B949
3f7fb6f3-d434-43f9-975e-23ffdbac4ac7,2c3d1809-b161-465f-9647-776b20a08b71,Git,Tools,INTERMEDIATE,68.3,False,,,,,,
d6619764-c3f8-4919-bd44-dbb951b3220f,60f7d907-739c-4a83-b7a5-e0c7c2f8c831,Docker,DevOps,INTERMEDIATE,43.0,False,,,,,,
96cbafb9-ff35-47e1-ba06-88f3b5bcc446,60f7d907-739c-4a83-b7a5-e0c7c2f8c831,AWS,Cloud,INTERMEDIATE,77.5,False,,,,,,
bdc1078f-674d-41d8-bc30-c3e986607039,60f7d907-739c-4a83-b7a5-e0c7c2f8c831,MongoDB,Database,BEGINNER,22.9,False,,,,,,
8476b99a-5bfd-46d5-b4c5-841de5590263,60f7d907-739c-4a83-b7a5-e0c7c2f8c831,Machine Learning,AI/ML,INTERMEDIATE,54.4,False,,,,,,
66d55d8b-0749-4f5e-a4f2-685bb925373d,60f7d907-739c-4a83-b7a5-e0c7c2f8c831,React,Web Development,INTERMEDIATE,51.5,False,,,,,,
bd76e403-fa85-4f21-b2e2-1fdb8fb118fe,3b41dfe4-59c5-4f15-ade6-d306f55f22f9,Deep Learning,AI/ML,ADVANCED,79.8,False,,,,,,
e548a4d5-72a4-464d-8a03-7f23afd4a941,3b41dfe4-59c5-4f15-ade6-d306f55f22f9,Machine Learning,AI/ML,INTERMEDIATE,63.0,False,,,,,,
0b550086-d4cd-4a12-b102-80d8e19ca7af,b59261e4-5561-4347-b2fe-b2d57d216e4e,Docker,DevOps,INTERMEDIATE,62.0,True,NPTEL,NPTEL,2025-01-01,CRED-9E2529E66B,https://credentials.example.com/CRED-9E2529E66B,https://credentials.example.com/CRED-9E2529E66B
1c12cbdb-f4c0-4db7-a210-21a4b2f205fd,4b13df1a-81b9-4031-8a44-e4a93d035ee6,Node.js,Web Development,BEGINNER,32.0,False,,,,,,
da9363f9-ebb5-4f2e-990c-2ceefd114331,4b13df1a-81b9-4031-8a44-e4a93d035ee6,Linux,Systems,ADVANCED,99.2,True,NPTEL,NPTEL,2025-06-21,CRED-6EFEEB90FA,https://credentials.example.com/CRED-6EFEEB90FA,https://credentials.example.com/CRED-6EFEEB90FA
cf88f002-9f7a-48df-8373-2172ec3b475f,c7dc9f61-161f-406d-b9de-82b00c1645ad,Deep Learning,AI/ML,BEGINNER,24.1,False,,,,,,
1bb21f82-fbd8-4e99-b3ad-a12415c5ed27,c7dc9f61-161f-406d-b9de-82b00c1645ad,Data Structures & Algorithms,Core CS,ADVANCED,69.1,True,AWS Training,AWS Training,2025-04-02,CRED-69A1FDCDC7,https://credentials.example.com/CRED-69A1FDCDC7,https://credentials.example.com/CRED-69A1FDCDC7
03bd8039-7a64-49a0-9f89-617e2c8aec18,c7dc9f61-161f-406d-b9de-82b00c1645ad,Linux,Systems,INTERMEDIATE,36.0,True,Udemy,Udemy,2026-01-13,CRED-D37874C790,https://credentials.example.com/CRED-D37874C790,https://credentials.example.com/CRED-D37874C790
88e3d3a6-cd4a-452c-b1db-821be026fa53,5041cb6b-2d2d-43cc-9b2a-623e3d68809a,Deep Learning,AI/ML,EXPERT,100.0,True,Microsoft,Microsoft,2026-07-12,CRED-ACA8CB559A,https://credentials.example.com/CRED-ACA8CB559A,https://credentials.example.com/CRED-ACA8CB559A
7245e61b-5579-496f-8205-5897eebe11fe,205ab441-ba97-4d3e-94c9-31da22e5306f,Excel,Data Analytics,BEGINNER,30.9,True,AWS Training,AWS Training,2026-08-04,CRED-82ABF18FFF,https://credentials.example.com/CRED-82ABF18FFF,https://credentials.example.com/CRED-82ABF18FFF
321a2887-b24e-4f8c-a36b-587d19357309,205ab441-ba97-4d3e-94c9-31da22e5306f,Data Structures & Algorithms,Core CS,ADVANCED,78.8,True,Coursera,Coursera,2025-09-17,CRED-69600B6B87,https://credentials.example.com/CRED-69600B6B87,https://credentials.example.com/CRED-69600B6B87
2ae19bc2-6652-422f-85f8-755f08569cc1,205ab441-ba97-4d3e-94c9-31da22e5306f,Linux,Systems,BEGINNER,41.0,False,,,,,,
a0aa7625-f87f-4dbd-83ec-fde496763c03,205ab441-ba97-4d3e-94c9-31da22e5306f,Docker,DevOps,BEGINNER,25.2,False,,,,,,
c10802b8-fd9c-4788-bd9c-da6980f05b33,205ab441-ba97-4d3e-94c9-31da22e5306f,Power BI,Data Analytics,INTERMEDIATE,63.0,True,Microsoft,Microsoft,2025-08-22,CRED-6B17B07DE2,https://credentials.example.com/CRED-6B17B07DE2,https://credentials.example.com/CRED-6B17B07DE2
0780798c-c655-4d2b-847d-0f68fb4576b6,73313afa-c5b3-4404-a6fd-cefad75d1eb6,Machine Learning,AI/ML,INTERMEDIATE,71.9,False,,,,,,
6645dad8-18c5-42bc-af1c-3c14719ad243,73313afa-c5b3-4404-a6fd-cefad75d1eb6,Excel,Data Analytics,ADVANCED,73.4,True,AWS Training,AWS Training,2025-08-22,CRED-F27AD54E38,https://credentials.example.com/CRED-F27AD54E38,https://credentials.example.com/CRED-F27AD54E38
93b9d2af-e820-4828-840c-695b5ab8b0b5,73313afa-c5b3-4404-a6fd-cefad75d1eb6,SQL,Database,BEGINNER,22.2,False,,,,,,
300c8ff3-2850-4c8a-94e1-d9b789839f91,73313afa-c5b3-4404-a6fd-cefad75d1eb6,Figma,Design,INTERMEDIATE,57.0,False,,,,,,
39df31c4-55f9-40e9-bf39-729b1cc4bda6,73313afa-c5b3-4404-a6fd-cefad75d1eb6,MongoDB,Database,INTERMEDIATE,56.9,False,,,,,,
4a5e8765-0e57-4352-a4a3-23607bd463e5,6090a4c3-d95b-464f-bfeb-ba44374e5431,Node.js,Web Development,ADVANCED,93.4,True,Udemy,Udemy,2026-05-05,CRED-B43622ABFC,https://credentials.example.com/CRED-B43622ABFC,https://credentials.example.com/CRED-B43622ABFC
4d19101c-3eb7-4734-ad5f-8234005b5a27,bf0e18dc-22a1-49a0-810f-640c425d4b32,Java,Programming,BEGINNER,41.3,False,,,,,,
fe282852-7de7-4e91-b9f4-c49ae32892a9,bf0e18dc-22a1-49a0-810f-640c425d4b32,AWS,Cloud,INTERMEDIATE,58.2,False,,,,,,
31772919-ce2f-409b-98d1-5a4e4e25d49b,dbbd36ea-a403-4737-8c04-fc22f1633c9a,MongoDB,Database,ADVANCED,89.2,True,Udemy,Udemy,2025-01-27,CRED-75C1C27710,https://credentials.example.com/CRED-75C1C27710,https://credentials.example.com/CRED-75C1C27710
859e55ae-f4a2-4aee-a527-c93e17acc2cd,dbbd36ea-a403-4737-8c04-fc22f1633c9a,Git,Tools,INTERMEDIATE,59.3,True,Google,Google,2025-06-17,CRED-AF5CF66AC4,https://credentials.example.com/CRED-AF5CF66AC4,https://credentials.example.com/CRED-AF5CF66AC4
3b58811b-94f4-475c-9b6e-f63ba36a1d2d,dbbd36ea-a403-4737-8c04-fc22f1633c9a,Excel,Data Analytics,INTERMEDIATE,44.4,False,,,,,,
9252bad2-1ccf-4828-98fc-915254672f7d,dbbd36ea-a403-4737-8c04-fc22f1633c9a,Deep Learning,AI/ML,BEGINNER,21.9,False,,,,,,
f5581ddc-ab85-49a9-9e1b-9334b590f577,dbbd36ea-a403-4737-8c04-fc22f1633c9a,Java,Programming,ADVANCED,84.1,True,Microsoft,Microsoft,2025-08-02,CRED-00A8343730,https://credentials.example.com/CRED-00A8343730,https://credentials.example.com/CRED-00A8343730
6f9461a4-1eed-42b9-bdcf-b8c0fcd8b84d,5da8fb5e-cd61-4859-8000-017fe7bdd278,Git,Tools,ADVANCED,76.8,True,Coursera,Coursera,2026-01-20,CRED-0DC20164EE,https://credentials.example.com/CRED-0DC20164EE,https://credentials.example.com/CRED-0DC20164EE
e5ddddf5-6c4f-482b-8b1b-58cea340de70,5da8fb5e-cd61-4859-8000-017fe7bdd278,JavaScript,Programming,EXPERT,100.0,False,,,,,,
167737a6-1335-4c68-bfd2-99c60df70cd1,5da8fb5e-cd61-4859-8000-017fe7bdd278,Python,Programming,BEGINNER,20.9,True,NPTEL,NPTEL,2025-07-31,CRED-16FDA0CCEB,https://credentials.example.com/CRED-16FDA0CCEB,https://credentials.example.com/CRED-16FDA0CCEB
062c1657-83e4-42e5-9f66-fb94f8ca1617,5da8fb5e-cd61-4859-8000-017fe7bdd278,MongoDB,Database,EXPERT,90.6,False,,,,,,
45a6f92c-0192-47f9-8f31-f82ebe6406c8,5da8fb5e-cd61-4859-8000-017fe7bdd278,Deep Learning,AI/ML,INTERMEDIATE,69.6,False,,,,,,
4d8a069b-ca2c-48e4-9581-572d64450c7d,1fc6613b-54fd-4adc-a5df-889c7946c6f1,SQL,Database,BEGINNER,26.7,False,,,,,,
26717303-b4e4-4f18-8914-db01ed405687,c5bc9879-c820-4812-84d9-b40ce5074d05,TensorFlow,AI/ML,EXPERT,88.9,True,AWS Training,AWS Training,2025-02-25,CRED-D40CFAED10,https://credentials.example.com/CRED-D40CFAED10,https://credentials.example.com/CRED-D40CFAED10
5c23ca1b-b0d5-4eb8-8f3d-c3a149d033a3,c5bc9879-c820-4812-84d9-b40ce5074d05,Figma,Design,BEGINNER,21.3,True,AWS Training,AWS Training,2025-09-05,CRED-9F06537526,https://credentials.example.com/CRED-9F06537526,https://credentials.example.com/CRED-9F06537526
5e89bdb4-d9de-4b32-9655-3661e0442fdb,03311a3d-c10e-4431-ab52-3e503cb2ecd6,Python,Programming,BEGINNER,36.8,False,,,,,,
7a5bae0f-aed3-4db8-ae27-69e1bb5733b0,03311a3d-c10e-4431-ab52-3e503cb2ecd6,Excel,Data Analytics,ADVANCED,89.7,True,Google,Google,2026-08-19,CRED-2C7542F716,https://credentials.example.com/CRED-2C7542F716,https://credentials.example.com/CRED-2C7542F716
e6f2d9c4-260c-40d7-b0fc-7a3a53104a35,be3597b2-e328-41e3-8625-f0f063f73070,Java,Programming,EXPERT,95.1,True,NPTEL,NPTEL,2026-05-30,CRED-A84C244A97,https://credentials.example.com/CRED-A84C244A97,https://credentials.example.com/CRED-A84C244A97
5e980bc6-6611-4ab4-af24-4da75ed0b98c,be3597b2-e328-41e3-8625-f0f063f73070,Deep Learning,AI/ML,BEGINNER,42.6,False,,,,,,
80e81b9e-f225-442a-8dab-d802ae2698c9,8f752177-8b62-4d2d-8600-9b05fbe2169b,MongoDB,Database,INTERMEDIATE,58.6,False,,,,,,
91331af9-e3a6-4164-aa3e-5c33b79fd67e,a9219240-e534-4273-b0b8-7b591cdfd764,Excel,Data Analytics,BEGINNER,28.8,False,,,,,,
efaffb06-4da1-4ed7-a344-abab878c0daa,a9219240-e534-4273-b0b8-7b591cdfd764,TensorFlow,AI/ML,ADVANCED,84.5,True,NPTEL,NPTEL,2026-05-19,CRED-E74E9222E6,https://credentials.example.com/CRED-E74E9222E6,https://credentials.example.com/CRED-E74E9222E6
968e2f67-39cc-4609-8105-8ff51206d469,a9219240-e534-4273-b0b8-7b591cdfd764,Python,Programming,INTERMEDIATE,70.2,False,,,,,,
f7bfdd66-b4ef-4e26-80a8-5b17a8e6936c,a9219240-e534-4273-b0b8-7b591cdfd764,AWS,Cloud,INTERMEDIATE,58.2,False,,,,,,
0c47bfc4-32dd-419c-a7a7-17f5af621e22,5ec4f153-e109-4264-964c-73d252319f0e,Java,Programming,INTERMEDIATE,57.0,True,Microsoft,Microsoft,2026-06-19,CRED-7DA9D67786,https://credentials.example.com/CRED-7DA9D67786,https://credentials.example.com/CRED-7DA9D67786
2f63bd78-ee9f-4ae4-9654-bd0b502c05c1,bd0bfff1-aa08-469f-ace3-025aed67e75a,Linux,Systems,BEGINNER,7.8,True,Coursera,Coursera,2026-06-21,CRED-DC9E72B30A,https://credentials.example.com/CRED-DC9E72B30A,https://credentials.example.com/CRED-DC9E72B30A
e8d55bae-10c5-46ca-8043-23db0af88470,1ca793cc-1198-435a-9f94-a3e8496154bb,C++,Programming,BEGINNER,26.7,False,,,,,,
164e542e-60d0-4935-9949-e29df2deea83,1ca793cc-1198-435a-9f94-a3e8496154bb,Deep Learning,AI/ML,INTERMEDIATE,63.8,False,,,,,,
e85ccfba-3c9a-4257-86e3-52dfb309f9d6,1ca793cc-1198-435a-9f94-a3e8496154bb,Docker,DevOps,INTERMEDIATE,67.9,True,Coursera,Coursera,2025-11-12,CRED-AFED5DF46A,https://credentials.example.com/CRED-AFED5DF46A,https://credentials.example.com/CRED-AFED5DF46A
d022f3a4-f999-4de5-a385-160d1902b0d7,f66e0d59-bc27-4097-96db-9ccc9fd6b509,Node.js,Web Development,ADVANCED,72.4,True,Udemy,Udemy,2026-04-13,CRED-FD2270EDCC,https://credentials.example.com/CRED-FD2270EDCC,https://credentials.example.com/CRED-FD2270EDCC
4b343646-1964-42ba-875a-c1c4bdb54f4e,f66e0d59-bc27-4097-96db-9ccc9fd6b509,Data Structures & Algorithms,Core CS,INTERMEDIATE,79.1,False,,,,,,
d188e3c5-a127-4c9b-b491-59d79e19c2cf,c854faf3-84cd-4da5-a49a-3239315a747a,Java,Programming,INTERMEDIATE,57.9,True,NPTEL,NPTEL,2025-05-17,CRED-7ECD6F2B47,https://credentials.example.com/CRED-7ECD6F2B47,https://credentials.example.com/CRED-7ECD6F2B47
aa19bf13-fb3d-487d-a9da-c9647fe0316d,468d5573-23a5-4e70-910f-a6582f4a9796,Kubernetes,DevOps,INTERMEDIATE,55.1,False,,,,,,
e9cb5479-7155-4ced-97dd-9ef4dc5709fb,468d5573-23a5-4e70-910f-a6582f4a9796,Python,Programming,BEGINNER,28.1,False,,,,,,
9f17180d-25fb-4de0-bc77-5b671db0a4de,468d5573-23a5-4e70-910f-a6582f4a9796,AWS,Cloud,BEGINNER,39.2,True,Coursera,Coursera,2026-04-09,CRED-402F681453,https://credentials.example.com/CRED-402F681453,https://credentials.example.com/CRED-402F681453
7cbcecaf-c65f-41f7-a980-cb9e067c1fc1,5b77e068-e415-428f-9c47-56281164a8d0,Java,Programming,ADVANCED,94.8,False,,,,,,
fe281da0-ac06-4dc0-bd58-fa3333a702b0,5b77e068-e415-428f-9c47-56281164a8d0,Figma,Design,INTERMEDIATE,55.9,False,,,,,,
cde0a9ab-8c7c-4dd7-a154-9965eb38d873,5b77e068-e415-428f-9c47-56281164a8d0,Python,Programming,BEGINNER,27.4,False,,,,,,
2d419e0b-bd9f-4d5c-9946-66175660cdf6,c0c6d86b-6877-425e-b5e2-5b6cea1e2664,Power BI,Data Analytics,BEGINNER,32.6,True,Udemy,Udemy,2026-08-13,CRED-5A2E645E34,https://credentials.example.com/CRED-5A2E645E34,https://credentials.example.com/CRED-5A2E645E34
5b43ba57-c2bb-43c2-9608-063161ecd1a5,c0c6d86b-6877-425e-b5e2-5b6cea1e2664,Figma,Design,BEGINNER,47.5,True,Microsoft,Microsoft,2025-01-30,CRED-A0A8F40B20,https://credentials.example.com/CRED-A0A8F40B20,https://credentials.example.com/CRED-A0A8F40B20
d3bde162-c62e-4a06-8bc3-b2d34aa1f29a,274e5dc2-8313-420e-af64-62d711c5d8a9,Linux,Systems,INTERMEDIATE,51.7,False,,,,,,
559443f8-7dbc-431b-8ec6-5528931d370c,274e5dc2-8313-420e-af64-62d711c5d8a9,JavaScript,Programming,ADVANCED,60.6,True,NPTEL,NPTEL,2025-01-19,CRED-40617C9D9E,https://credentials.example.com/CRED-40617C9D9E,https://credentials.example.com/CRED-40617C9D9E
53520a3e-c92d-4e2a-a5a2-67fd0a5a2873,274e5dc2-8313-420e-af64-62d711c5d8a9,Power BI,Data Analytics,ADVANCED,77.1,False,,,,,,
a78893da-38a3-4a28-9b3c-2a86ab31046d,274e5dc2-8313-420e-af64-62d711c5d8a9,TensorFlow,AI/ML,BEGINNER,10.9,False,,,,,,
e2a588c5-65ed-48c4-b22c-0fb751f5fe49,274e5dc2-8313-420e-af64-62d711c5d8a9,Data Structures & Algorithms,Core CS,BEGINNER,23.4,False,,,,,,
48298cdd-1419-463b-9692-62de43bccf5a,a41bfbe4-df25-4d9a-b39c-deffd5136493,Power BI,Data Analytics,INTERMEDIATE,57.7,True,Coursera,Coursera,2026-06-01,CRED-18C43B65C7,https://credentials.example.com/CRED-18C43B65C7,https://credentials.example.com/CRED-18C43B65C7
a2588dba-0d31-44d2-8c90-885d75efd5de,a41bfbe4-df25-4d9a-b39c-deffd5136493,Linux,Systems,BEGINNER,20.0,False,,,,,,
9ef97536-850c-4746-a502-e6bb252866ce,a41bfbe4-df25-4d9a-b39c-deffd5136493,Python,Programming,ADVANCED,65.6,True,AWS Training,AWS Training,2025-10-15,CRED-6E7CC9A191,https://credentials.example.com/CRED-6E7CC9A191,https://credentials.example.com/CRED-6E7CC9A191
420f2d63-6745-4445-9b6c-960602deeb72,a41bfbe4-df25-4d9a-b39c-deffd5136493,Java,Programming,BEGINNER,32.0,False,,,,,,
30ea55db-103b-432b-a2bf-b2cba2301dfe,f099bf6e-1119-4e3a-ad70-6afc47697f2d,Python,Programming,INTERMEDIATE,58.0,False,,,,,,
a4cbfb35-2f60-4a6c-b607-a45b9a46b266,3d2634ae-ac32-4d69-96a0-46233b2d7dad,Power BI,Data Analytics,BEGINNER,26.6,False,,,,,,
2669262f-007c-4246-8544-ab55ebac18b1,3d2634ae-ac32-4d69-96a0-46233b2d7dad,C++,Programming,ADVANCED,91.6,True,Microsoft,Microsoft,2026-05-30,CRED-1ACD054E89,https://credentials.example.com/CRED-1ACD054E89,https://credentials.example.com/CRED-1ACD054E89
b2e408f4-a610-4441-8dd2-3cd4d68e2bc6,3d2634ae-ac32-4d69-96a0-46233b2d7dad,JavaScript,Programming,EXPERT,83.5,False,,,,,,
6ed6c053-0c80-4177-b742-aac0f9e79277,3d2634ae-ac32-4d69-96a0-46233b2d7dad,MongoDB,Database,ADVANCED,75.7,True,Google,Google,2025-12-12,CRED-5EAF2FD18E,https://credentials.example.com/CRED-5EAF2FD18E,https://credentials.example.com/CRED-5EAF2FD18E
1e139d34-63a1-42d9-a023-a489d5a163d6,907b3117-be17-490e-b321-815152024843,Excel,Data Analytics,BEGINNER,11.8,False,,,,,,
aa0141ea-0810-4286-99e7-23d0b6a054c9,907b3117-be17-490e-b321-815152024843,Power BI,Data Analytics,BEGINNER,37.5,False,,,,,,
1f42d6dd-d9bd-40b7-ad2c-bacea01e5718,367906ff-ef0a-467c-89ba-6fadff57f435,Git,Tools,BEGINNER,32.0,True,Google,Google,2026-04-24,CRED-348BAB2FC6,https://credentials.example.com/CRED-348BAB2FC6,https://credentials.example.com/CRED-348BAB2FC6
43dd1c63-3ff2-4871-856d-a4ed669f36ca,5f98ac60-2390-4b08-b203-436e27e21256,Java,Programming,ADVANCED,61.9,True,AWS Training,AWS Training,2025-01-30,CRED-F6AD02DFDF,https://credentials.example.com/CRED-F6AD02DFDF,https://credentials.example.com/CRED-F6AD02DFDF
5da1e297-4859-4dbb-b82f-d0dac5c36b60,a28a7e4f-6327-4d2a-9fb6-c5a24dd9c085,Linux,Systems,ADVANCED,82.0,True,Google,Google,2025-02-01,CRED-3EAAF86EE6,https://credentials.example.com/CRED-3EAAF86EE6,https://credentials.example.com/CRED-3EAAF86EE6
d8f266f5-4820-4464-8c07-6111bca4965a,a28a7e4f-6327-4d2a-9fb6-c5a24dd9c085,Excel,Data Analytics,INTERMEDIATE,62.8,True,AWS Training,AWS Training,2025-01-05,CRED-96C7B984A1,https://credentials.example.com/CRED-96C7B984A1,https://credentials.example.com/CRED-96C7B984A1
46cb1d9d-c6da-46bb-b779-1972acda172a,a28a7e4f-6327-4d2a-9fb6-c5a24dd9c085,Kubernetes,DevOps,INTERMEDIATE,58.3,False,,,,,,
bf1c3897-b403-45e5-a99a-b7f7c0d469fa,a28a7e4f-6327-4d2a-9fb6-c5a24dd9c085,SQL,Database,ADVANCED,81.2,True,Coursera,Coursera,2025-08-25,CRED-D09C6B57E8,https://credentials.example.com/CRED-D09C6B57E8,https://credentials.example.com/CRED-D09C6B57E8
36b5269f-19c6-42bf-b1aa-57d00935dbae,a28a7e4f-6327-4d2a-9fb6-c5a24dd9c085,C++,Programming,BEGINNER,27.8,True,Microsoft,Microsoft,2025-10-05,CRED-8592EED737,https://credentials.example.com/CRED-8592EED737,https://credentials.example.com/CRED-8592EED737
a6a9aee1-35f7-4f3b-b77d-3f84db70717d,b2ed1d86-f2ea-4994-bb8a-a6d29c11d68f,Kubernetes,DevOps,ADVANCED,80.1,True,NPTEL,NPTEL,2026-08-09,CRED-C629867D9A,https://credentials.example.com/CRED-C629867D9A,https://credentials.example.com/CRED-C629867D9A
20e7a60b-6e92-4292-92fa-e01e718f2b19,62635a52-79be-4983-a930-e0a4dddc561a,SQL,Database,ADVANCED,60.1,False,,,,,,
e13d1a5d-26fc-4b31-ae78-d87e4190f10d,62635a52-79be-4983-a930-e0a4dddc561a,JavaScript,Programming,ADVANCED,70.4,False,,,,,,
6a6fde3f-e0be-437f-bfce-52061a822656,62635a52-79be-4983-a930-e0a4dddc561a,Machine Learning,AI/ML,INTERMEDIATE,56.7,False,,,,,,
9e2a0ff4-3b9c-4853-b59e-983e61a78157,62635a52-79be-4983-a930-e0a4dddc561a,Power BI,Data Analytics,BEGINNER,22.3,False,,,,,,
f5f6e340-3853-468a-b55f-ed29c7bfe4bf,62635a52-79be-4983-a930-e0a4dddc561a,Kubernetes,DevOps,INTERMEDIATE,48.4,True,NPTEL,NPTEL,2025-08-30,CRED-DE9FBB6B26,https://credentials.example.com/CRED-DE9FBB6B26,https://credentials.example.com/CRED-DE9FBB6B26
0b53b8d4-13e7-4700-80bb-63a4e7f6d8cf,7200bf7a-08c0-4ca4-9c0e-6d596569e2a1,Power BI,Data Analytics,INTERMEDIATE,71.4,False,,,,,,
9983b110-9b0a-4d8b-b03b-58fe92243608,7200bf7a-08c0-4ca4-9c0e-6d596569e2a1,TensorFlow,AI/ML,EXPERT,100.0,False,,,,,,
400dd49a-0402-4b26-89ac-7ad62a245574,7200bf7a-08c0-4ca4-9c0e-6d596569e2a1,C++,Programming,ADVANCED,66.1,False,,,,,,
7176c0bb-1257-44b3-a22b-abbcd35510ba,d0a7a248-1401-4ba2-90c5-fcb92e59123f,Figma,Design,ADVANCED,65.5,False,,,,,,
1ed1ec87-7304-4a9c-a0fd-b9ac532da220,d0a7a248-1401-4ba2-90c5-fcb92e59123f,Kubernetes,DevOps,INTERMEDIATE,53.8,True,Microsoft,Microsoft,2026-03-27,CRED-DB95F48C35,https://credentials.example.com/CRED-DB95F48C35,https://credentials.example.com/CRED-DB95F48C35
ea87d9a8-c1d8-46ec-acf0-9b0dea8744c8,d0a7a248-1401-4ba2-90c5-fcb92e59123f,Docker,DevOps,BEGINNER,31.2,False,,,,,,
03577adc-71be-4cd4-ae16-a0b91a5e0e39,2edafeee-b273-45ff-8ad6-7fa3a827fdbd,Power BI,Data Analytics,INTERMEDIATE,41.1,False,,,,,,
750353da-0e38-43b4-90f3-39b34da0fa4a,2edafeee-b273-45ff-8ad6-7fa3a827fdbd,Python,Programming,ADVANCED,67.1,False,,,,,,
c9314f50-b329-4859-9d80-de017e510d37,2edafeee-b273-45ff-8ad6-7fa3a827fdbd,TensorFlow,AI/ML,ADVANCED,81.1,False,,,,,,
b0a626db-3cda-42bf-9700-6a4edc2cd5f0,2edafeee-b273-45ff-8ad6-7fa3a827fdbd,SQL,Database,BEGINNER,31.8,False,,,,,,
4e55d08b-f6e0-48e9-9f57-50ff8a584eb6,95367de5-7130-4f76-8f84-a68859c30c97,Git,Tools,BEGINNER,14.8,False,,,,,,
3906fdfe-ed2b-4bac-b36e-b6acdd3a56a9,95367de5-7130-4f76-8f84-a68859c30c97,Python,Programming,ADVANCED,100.0,False,,,,,,
17ad8548-b3c6-4492-a017-176c4804596e,95367de5-7130-4f76-8f84-a68859c30c97,Data Structures & Algorithms,Core CS,ADVANCED,86.1,True,AWS Training,AWS Training,2025-06-15,CRED-348EA935C6,https://credentials.example.com/CRED-348EA935C6,https://credentials.example.com/CRED-348EA935C6
425a99c5-21bc-4125-b1a1-b8fc68395edd,f1f11b54-ca1b-49d1-88b5-b9f36a57a9b0,React,Web Development,ADVANCED,70.3,True,Coursera,Coursera,2025-09-20,CRED-473067522F,https://credentials.example.com/CRED-473067522F,https://credentials.example.com/CRED-473067522F
beaf100f-28cf-477e-aa0b-3e40bddf929d,7006ec6d-87ac-480b-86ea-a9b8143bc4ed,Docker,DevOps,INTERMEDIATE,57.8,False,,,,,,
ef5bb37d-2c8a-452d-8c53-a3f114b66aff,7006ec6d-87ac-480b-86ea-a9b8143bc4ed,MongoDB,Database,BEGINNER,35.4,False,,,,,,
a850d7c2-69c6-470b-857e-98f972bb9932,735fac46-561e-4e9b-8fab-1744b8f7309c,SQL,Database,INTERMEDIATE,61.7,True,NPTEL,NPTEL,2026-07-24,CRED-F239332B7A,https://credentials.example.com/CRED-F239332B7A,https://credentials.example.com/CRED-F239332B7A
c0659f2f-c404-4bad-9bd2-bf4be120bf28,b6661307-cbf4-43cd-93c7-7bfebc22236a,Excel,Data Analytics,INTERMEDIATE,65.6,False,,,,,,
185e7fad-b25e-4195-8cbe-d7046e83205a,b6661307-cbf4-43cd-93c7-7bfebc22236a,TensorFlow,AI/ML,ADVANCED,84.3,False,,,,,,
40585146-cb6f-48c3-8f60-59d0f79af862,b6661307-cbf4-43cd-93c7-7bfebc22236a,Git,Tools,ADVANCED,94.1,True,Udemy,Udemy,2025-05-31,CRED-0D8B475ED8,https://credentials.example.com/CRED-0D8B475ED8,https://credentials.example.com/CRED-0D8B475ED8
7ad459ea-fc6e-4969-8d1d-836bb6ad1fb3,112ea380-f370-463c-abad-540b5bc5b02c,Git,Tools,INTERMEDIATE,55.1,False,,,,,,
9bbe241d-2fc3-414c-981c-f9a23d0db931,112ea380-f370-463c-abad-540b5bc5b02c,TensorFlow,AI/ML,BEGINNER,29.7,False,,,,,,
aafe95cd-0341-42d6-b71d-b845a3a034e9,112ea380-f370-463c-abad-540b5bc5b02c,Java,Programming,BEGINNER,30.0,False,,,,,,
317ef3af-8a2f-4c6d-a940-b69a698ea7af,6a4df9d2-08a8-4900-a4d1-b1cce5358b67,Docker,DevOps,INTERMEDIATE,64.7,False,,,,,,
a17723cd-082a-4897-a606-8c8433105cfb,2d2d894f-bc2c-4b38-821b-b88283ac77ad,TensorFlow,AI/ML,INTERMEDIATE,61.6,False,,,,,,
a80fb47a-87eb-4dae-b2f6-96beeb65811e,2d2d894f-bc2c-4b38-821b-b88283ac77ad,Data Structures & Algorithms,Core CS,INTERMEDIATE,45.7,False,,,,,,
456d1094-35f5-4a40-a423-aa5ac5f78698,72678c82-38a3-423a-a567-7f09511ce1cb,Power BI,Data Analytics,ADVANCED,97.7,False,,,,,,
17936be5-3dc7-435d-a5a0-43b74279bc16,72678c82-38a3-423a-a567-7f09511ce1cb,Figma,Design,INTERMEDIATE,41.2,False,,,,,,
cb74fb5d-c39f-40b0-934f-a3a02da21c11,9331d740-9ea6-4db5-b548-2213e206f732,Machine Learning,AI/ML,INTERMEDIATE,46.7,True,NPTEL,NPTEL,2025-06-28,CRED-B76C2B590E,https://credentials.example.com/CRED-B76C2B590E,https://credentials.example.com/CRED-B76C2B590E
4a8748ad-7167-4e53-91da-e6347287afca,9331d740-9ea6-4db5-b548-2213e206f732,Excel,Data Analytics,INTERMEDIATE,60.2,False,,,,,,
4369bff5-4686-4228-9630-968a64fd0819,9331d740-9ea6-4db5-b548-2213e206f732,AWS,Cloud,INTERMEDIATE,58.2,False,,,,,,
cb1e9aa9-fa4a-4b8b-a222-d804b1d84bac,0b8c6994-702c-4cd6-9023-93a536fdda55,Java,Programming,INTERMEDIATE,47.7,False,,,,,,
ba73ef8a-8e12-4064-b9c8-4d36f4ef7a22,0b8c6994-702c-4cd6-9023-93a536fdda55,Linux,Systems,INTERMEDIATE,65.8,False,,,,,,
b88418ee-c90c-4c85-82f9-88e8e05cf8d9,0b8c6994-702c-4cd6-9023-93a536fdda55,Excel,Data Analytics,BEGINNER,58.7,False,,,,,,
56b39555-49c9-491a-988b-360ce0335a79,0b8c6994-702c-4cd6-9023-93a536fdda55,JavaScript,Programming,INTERMEDIATE,62.5,True,Udemy,Udemy,2026-05-08,CRED-90B044ACC4,https://credentials.example.com/CRED-90B044ACC4,https://credentials.example.com/CRED-90B044ACC4
d31c1b1d-e885-4a61-97d3-824679ff1de0,0b8c6994-702c-4cd6-9023-93a536fdda55,Machine Learning,AI/ML,BEGINNER,30.4,False,,,,,,
48f3f997-a608-46da-a126-32347966d5bb,391e48f1-7d0b-40be-92c6-592eda356258,MongoDB,Database,INTERMEDIATE,71.2,True,Microsoft,Microsoft,2026-05-02,CRED-E9C8317601,https://credentials.example.com/CRED-E9C8317601,https://credentials.example.com/CRED-E9C8317601
00d805f7-f17a-45fc-b053-933451086513,27853259-68b6-46ee-99d2-e2cd051972fb,Deep Learning,AI/ML,ADVANCED,95.2,False,,,,,,
bb3dc139-a82b-4327-902a-91ca80214fe5,27853259-68b6-46ee-99d2-e2cd051972fb,Excel,Data Analytics,INTERMEDIATE,56.0,False,,,,,,
bd86ad12-612a-43d7-ba48-eafa46077fab,27853259-68b6-46ee-99d2-e2cd051972fb,Kubernetes,DevOps,EXPERT,91.5,True,Coursera,Coursera,2025-01-20,CRED-F0A58BFCB1,https://credentials.example.com/CRED-F0A58BFCB1,https://credentials.example.com/CRED-F0A58BFCB1
f27d5dc7-e9be-41f1-af3f-95eac564e843,27853259-68b6-46ee-99d2-e2cd051972fb,SQL,Database,EXPERT,100.0,True,Google,Google,2025-06-27,CRED-C5AE80ED0A,https://credentials.example.com/CRED-C5AE80ED0A,https://credentials.example.com/CRED-C5AE80ED0A
5c01dbcd-78b9-4459-ae21-a00fd9434ef3,27853259-68b6-46ee-99d2-e2cd051972fb,Data Structures & Algorithms,Core CS,INTERMEDIATE,63.1,False,,,,,,
36c0cd7a-1d32-485c-a07b-831d9d459c3a,fabd594b-c2b4-4d6f-a344-573d868164d8,C++,Programming,BEGINNER,37.5,True,AWS Training,AWS Training,2025-08-15,CRED-B7C715CDD8,https://credentials.example.com/CRED-B7C715CDD8,https://credentials.example.com/CRED-B7C715CDD8
e9416b0a-2cad-40f2-85a0-55b926809913,fabd594b-c2b4-4d6f-a344-573d868164d8,SQL,Database,BEGINNER,5.0,False,,,,,,
1b55c565-5797-4c36-8d52-e5bd4da2e963,2da6abd3-1ac5-4187-83ae-69e65e94daa0,Deep Learning,AI/ML,EXPERT,99.2,True,Microsoft,Microsoft,2025-04-22,CRED-3FD3BAC33C,https://credentials.example.com/CRED-3FD3BAC33C,https://credentials.example.com/CRED-3FD3BAC33C
5687597e-b42c-483d-9f30-65c8558cc7a3,2da6abd3-1ac5-4187-83ae-69e65e94daa0,MongoDB,Database,BEGINNER,21.3,True,NPTEL,NPTEL,2026-03-07,CRED-08512E1066,https://credentials.example.com/CRED-08512E1066,https://credentials.example.com/CRED-08512E1066
53e74b02-0803-40ff-862c-9be6fe5f85ae,2da6abd3-1ac5-4187-83ae-69e65e94daa0,Kubernetes,DevOps,ADVANCED,75.5,True,Udemy,Udemy,2026-04-19,CRED-FBE36ED34A,https://credentials.example.com/CRED-FBE36ED34A,https://credentials.example.com/CRED-FBE36ED34A
0299824c-a8a7-497f-82e4-9c4884f2fef7,609bf32f-ef88-4183-8520-3469675c5ad3,Node.js,Web Development,BEGINNER,24.4,False,,,,,,
eee17c74-26fc-4674-95aa-561ac066e861,609bf32f-ef88-4183-8520-3469675c5ad3,Machine Learning,AI/ML,BEGINNER,11.6,True,Google,Google,2026-01-24,CRED-F0A41C686D,https://credentials.example.com/CRED-F0A41C686D,https://credentials.example.com/CRED-F0A41C686D
5cb215e9-2dda-4df8-8177-f77ff67e2e5a,609bf32f-ef88-4183-8520-3469675c5ad3,Python,Programming,BEGINNER,42.1,False,,,,,,
0818a22b-84f7-4a1f-82c8-96bbc5aed46a,609bf32f-ef88-4183-8520-3469675c5ad3,Power BI,Data Analytics,ADVANCED,96.2,True,Coursera,Coursera,2025-05-28,CRED-FEAF6A253F,https://credentials.example.com/CRED-FEAF6A253F,https://credentials.example.com/CRED-FEAF6A253F
addd80d7-818f-4212-b628-47cacced0e56,fd8f6e7a-d896-47c4-8950-0208bf34097f,Git,Tools,BEGINNER,23.8,True,Google,Google,2025-03-27,CRED-C3A2F2C881,https://credentials.example.com/CRED-C3A2F2C881,https://credentials.example.com/CRED-C3A2F2C881
536c5288-eef0-40b3-9d2f-f7fb702b1c20,fd8f6e7a-d896-47c4-8950-0208bf34097f,Linux,Systems,INTERMEDIATE,59.7,True,NPTEL,NPTEL,2026-08-06,CRED-E92A3646A5,https://credentials.example.com/CRED-E92A3646A5,https://credentials.example.com/CRED-E92A3646A5
57aa18bb-a897-43ad-b865-194e1471cbb9,fd8f6e7a-d896-47c4-8950-0208bf34097f,Power BI,Data Analytics,EXPERT,91.4,False,,,,,,
9526bcaf-162a-40d1-af3a-f4003929c450,fce41950-4037-4603-9b82-da005fae7ad0,Figma,Design,ADVANCED,63.4,True,NPTEL,NPTEL,2026-05-01,CRED-2D456AE87F,https://credentials.example.com/CRED-2D456AE87F,https://credentials.example.com/CRED-2D456AE87F
b2ae69ce-e58d-44cd-9645-35a088771419,7fd2adc1-e640-4b50-a95d-9f8229652987,Power BI,Data Analytics,ADVANCED,81.5,False,,,,,,
402d2b10-e0fe-4517-8e39-1ffb3b289385,df6e6a38-cb17-48e9-8503-d29b0c34c068,SQL,Database,EXPERT,99.4,True,AWS Training,AWS Training,2025-01-10,CRED-AEE2ED8D79,https://credentials.example.com/CRED-AEE2ED8D79,https://credentials.example.com/CRED-AEE2ED8D79
ed8e26bc-1672-4a28-81b9-0c191e1a8073,064e4451-fbcc-4e2c-98df-4c9392264c60,Deep Learning,AI/ML,ADVANCED,64.0,False,,,,,,
6a2e6c98-ddb1-47be-9a4b-ead77491653a,064e4451-fbcc-4e2c-98df-4c9392264c60,Excel,Data Analytics,BEGINNER,15.5,False,,,,,,
fdd6185a-c798-46dd-b2d8-3f1cfaa728e9,064e4451-fbcc-4e2c-98df-4c9392264c60,TensorFlow,AI/ML,ADVANCED,82.3,True,NPTEL,NPTEL,2025-09-01,CRED-0485FEF404,https://credentials.example.com/CRED-0485FEF404,https://credentials.example.com/CRED-0485FEF404
574bc88c-dd27-4117-b7b5-918d81be6c47,346e2838-f1b6-494a-ad10-1e53b5a44b54,Docker,DevOps,BEGINNER,36.7,True,Google,Google,2025-12-16,CRED-7AA7819877,https://credentials.example.com/CRED-7AA7819877,https://credentials.example.com/CRED-7AA7819877
2035c32f-be1e-46a6-9355-297b4e0d138a,346e2838-f1b6-494a-ad10-1e53b5a44b54,Deep Learning,AI/ML,INTERMEDIATE,52.8,False,,,,,,
0522485b-9cb4-4239-9428-8fa77f1ee3a5,346e2838-f1b6-494a-ad10-1e53b5a44b54,Power BI,Data Analytics,BEGINNER,21.5,False,,,,,,
d2ec3770-ebd6-4133-b317-c4f994cf5948,1da664ac-810c-46b3-a2be-8e9cc0e3030c,Docker,DevOps,INTERMEDIATE,62.2,False,,,,,,
0e1e896b-093e-48f1-9b4b-c1387caa8e28,1da664ac-810c-46b3-a2be-8e9cc0e3030c,AWS,Cloud,BEGINNER,32.7,True,Udemy,Udemy,2026-01-09,CRED-E4500F31A5,https://credentials.example.com/CRED-E4500F31A5,https://credentials.example.com/CRED-E4500F31A5
e30273f1-9446-4019-9e39-5a324b0736c2,1da664ac-810c-46b3-a2be-8e9cc0e3030c,Kubernetes,DevOps,EXPERT,100.0,False,,,,,,
896004e7-cff9-49b3-8c84-19ef5fe8c44f,1da664ac-810c-46b3-a2be-8e9cc0e3030c,Java,Programming,ADVANCED,71.0,False,,,,,,
88339b2a-5063-4eaa-88b2-f14dd6eacf51,1da664ac-810c-46b3-a2be-8e9cc0e3030c,Excel,Data Analytics,EXPERT,75.9,False,,,,,,
e04a21e2-bab9-4fc4-8cc3-98b269b08bda,89844b29-684e-4711-8815-c6888760f4df,C++,Programming,ADVANCED,77.3,True,Coursera,Coursera,2026-04-03,CRED-CBC44ED7B8,https://credentials.example.com/CRED-CBC44ED7B8,https://credentials.example.com/CRED-CBC44ED7B8
a061ebf4-9a77-4ab7-bf06-98b43ddb2ed4,89844b29-684e-4711-8815-c6888760f4df,Java,Programming,ADVANCED,69.3,True,Google,Google,2025-12-13,CRED-224CACA357,https://credentials.example.com/CRED-224CACA357,https://credentials.example.com/CRED-224CACA357
035ce66f-4bcc-404c-a54f-59064faf1fbb,c60210a0-2054-4976-8d04-93b5738010b0,AWS,Cloud,BEGINNER,36.8,True,Google,Google,2026-01-21,CRED-8BA7F013EB,https://credentials.example.com/CRED-8BA7F013EB,https://credentials.example.com/CRED-8BA7F013EB
66f667a8-5c6a-4995-9f97-6c4e635b12af,c60210a0-2054-4976-8d04-93b5738010b0,Kubernetes,DevOps,INTERMEDIATE,59.6,False,,,,,,
4ac738c5-7c39-4e49-84e2-cd3fd825c78c,c60210a0-2054-4976-8d04-93b5738010b0,Python,Programming,ADVANCED,86.2,False,,,,,,
4c9410e9-6aef-4f12-ad13-71c19a45a3cb,c60210a0-2054-4976-8d04-93b5738010b0,Docker,DevOps,EXPERT,100.0,True,Microsoft,Microsoft,2026-02-15,CRED-846454565E,https://credentials.example.com/CRED-846454565E,https://credentials.example.com/CRED-846454565E
6e96b644-411b-4ca4-a978-f9865ebfca6e,d0e331e2-b577-460d-b447-c38d2f8cf4bf,Linux,Systems,BEGINNER,25.5,False,,,,,,
79e6056c-c002-48f3-a989-ab729685c22d,d0e331e2-b577-460d-b447-c38d2f8cf4bf,AWS,Cloud,ADVANCED,78.7,False,,,,,,
4b6fed86-b8f6-4924-ab44-8b4696f392b8,d0e331e2-b577-460d-b447-c38d2f8cf4bf,Node.js,Web Development,BEGINNER,12.5,False,,,,,,
fd123fa8-936b-430e-a713-026967a598f7,d0e331e2-b577-460d-b447-c38d2f8cf4bf,Python,Programming,BEGINNER,32.2,False,,,,,,
a8ea349d-e863-4a72-8297-a014dff6a852,d0e331e2-b577-460d-b447-c38d2f8cf4bf,Power BI,Data Analytics,BEGINNER,40.4,False,,,,,,
b97fd304-359f-496e-bdd2-291f604a6841,3ad01eef-4870-4b95-82d2-f092a08cae45,Machine Learning,AI/ML,ADVANCED,86.5,True,Coursera,Coursera,2025-03-22,CRED-DF10BFA603,https://credentials.example.com/CRED-DF10BFA603,https://credentials.example.com/CRED-DF10BFA603
14524ee2-5b2a-4db0-8910-847b5bcbc8bc,3ad01eef-4870-4b95-82d2-f092a08cae45,Linux,Systems,INTERMEDIATE,36.2,False,,,,,,
eb711ee7-82ef-44b2-86b0-6c6652ac1a29,3ad01eef-4870-4b95-82d2-f092a08cae45,Git,Tools,ADVANCED,85.1,True,Udemy,Udemy,2025-03-21,CRED-DA24A91066,https://credentials.example.com/CRED-DA24A91066,https://credentials.example.com/CRED-DA24A91066
95b816b8-ac1a-47ea-9680-53679958735a,28f45d5e-3ca4-414c-8d8f-ef6292be852f,Power BI,Data Analytics,INTERMEDIATE,39.9,False,,,,,,
d244178f-4bac-4f32-94a6-07cbcb802e4a,8e7667bf-cb57-4dad-89a5-464570b930cf,C++,Programming,BEGINNER,45.6,False,,,,,,
8153edda-0667-416d-90fd-2eca37c8bbb8,8e7667bf-cb57-4dad-89a5-464570b930cf,Python,Programming,EXPERT,100.0,False,,,,,,
c50992a5-231d-4cef-bb27-fff725215669,8e7667bf-cb57-4dad-89a5-464570b930cf,TensorFlow,AI/ML,ADVANCED,73.0,True,AWS Training,AWS Training,2025-07-31,CRED-471B361EE0,https://credentials.example.com/CRED-471B361EE0,https://credentials.example.com/CRED-471B361EE0
5ebf4607-0001-4d2e-aaa4-5c1d4e2a2d7f,09c68ade-d265-41b2-b165-4dfdd282e15c,Machine Learning,AI/ML,ADVANCED,78.1,False,,,,,,
80c4aa93-2781-4a83-aac1-09f357471cea,09c68ade-d265-41b2-b165-4dfdd282e15c,Python,Programming,BEGINNER,24.7,False,,,,,,
eabc1f99-d929-454f-95cb-6d03f781e723,09c68ade-d265-41b2-b165-4dfdd282e15c,Node.js,Web Development,BEGINNER,39.5,True,Microsoft,Microsoft,2025-08-24,CRED-8252886260,https://credentials.example.com/CRED-8252886260,https://credentials.example.com/CRED-8252886260
571416a6-67f0-4bc9-914e-fa761c287f4d,09c68ade-d265-41b2-b165-4dfdd282e15c,JavaScript,Programming,INTERMEDIATE,70.7,False,,,,,,
48a363f6-8779-4634-b66c-8ef5cf423432,09c68ade-d265-41b2-b165-4dfdd282e15c,Data Structures & Algorithms,Core CS,BEGINNER,39.6,False,,,,,,
10be7032-49fc-4fe4-9341-2cab3c1e3cf1,8fe529aa-f7fc-4e26-a519-e1a6ea9dcaa1,Machine Learning,AI/ML,ADVANCED,60.1,True,NPTEL,NPTEL,2025-09-20,CRED-247E4F739C,https://credentials.example.com/CRED-247E4F739C,https://credentials.example.com/CRED-247E4F739C
8648406c-12f7-46b9-8aa6-9dd65a79bfd2,51d648a0-b49b-4f64-aa29-413ad1d43861,Deep Learning,AI/ML,ADVANCED,95.2,False,,,,,,
8b808932-28d2-4ed4-ab83-cf02fbe037af,51d648a0-b49b-4f64-aa29-413ad1d43861,Python,Programming,BEGINNER,44.2,False,,,,,,
74ab4990-2b9b-4de1-a4dd-3a1ad0b75b2b,51d648a0-b49b-4f64-aa29-413ad1d43861,Java,Programming,BEGINNER,22.7,False,,,,,,
52ea3b56-d7b8-487b-b30f-a273a5e26f28,51d648a0-b49b-4f64-aa29-413ad1d43861,Node.js,Web Development,BEGINNER,20.1,False,,,,,,
a689ba56-0328-4880-b528-c1022e6e318d,51d648a0-b49b-4f64-aa29-413ad1d43861,AWS,Cloud,EXPERT,79.1,True,AWS Training,AWS Training,2025-02-16,CRED-B3294F69F5,https://credentials.example.com/CRED-B3294F69F5,https://credentials.example.com/CRED-B3294F69F5
5b8c513c-0b7f-44dd-a9e0-80ce66a62293,ceb67719-fd3d-4a91-9763-0a1afac5f32b,Git,Tools,ADVANCED,79.2,False,,,,,,
6fe65efc-3185-4b4a-a112-3e9fd2fd849c,1d634bcb-1e4c-4d83-ad56-01a45c2b82c0,Deep Learning,AI/ML,ADVANCED,74.4,False,,,,,,
ae105624-ab25-45bd-8124-9d1f19cef4b8,1d634bcb-1e4c-4d83-ad56-01a45c2b82c0,Git,Tools,EXPERT,97.0,True,Udemy,Udemy,2025-06-15,CRED-062933C947,https://credentials.example.com/CRED-062933C947,https://credentials.example.com/CRED-062933C947
5b8ab496-017a-427b-b410-f74b936e3e6e,1d634bcb-1e4c-4d83-ad56-01a45c2b82c0,Kubernetes,DevOps,BEGINNER,33.5,True,Coursera,Coursera,2025-05-02,CRED-D0C3A60616,https://credentials.example.com/CRED-D0C3A60616,https://credentials.example.com/CRED-D0C3A60616
bab86bd3-fcd2-4953-940c-1f7f7a80da6a,1d634bcb-1e4c-4d83-ad56-01a45c2b82c0,C++,Programming,INTERMEDIATE,45.9,False,,,,,,
4a8bb559-2536-4eb5-a80e-27145171e151,dfde5886-a435-499d-9a4b-e5353b1b3ef6,Git,Tools,EXPERT,100.0,True,AWS Training,AWS Training,2025-05-19,CRED-43BC63D5BC,https://credentials.example.com/CRED-43BC63D5BC,https://credentials.example.com/CRED-43BC63D5BC
ebb61d22-6f44-41ad-889c-a5ea49e91bdf,dfde5886-a435-499d-9a4b-e5353b1b3ef6,SQL,Database,ADVANCED,88.7,False,,,,,,
29fcdd45-9815-4587-b959-4806a294616b,dfde5886-a435-499d-9a4b-e5353b1b3ef6,JavaScript,Programming,BEGINNER,37.0,True,AWS Training,AWS Training,2025-03-15,CRED-A4623479DB,https://credentials.example.com/CRED-A4623479DB,https://credentials.example.com/CRED-A4623479DB
33d54f7b-d9d3-41e4-a6de-a96f6e528521,dfde5886-a435-499d-9a4b-e5353b1b3ef6,Data Structures & Algorithms,Core CS,INTERMEDIATE,58.6,False,,,,,,
4ede2c37-f834-4660-b6d6-8101b84627a6,651b7fa7-b45d-4d55-9113-33adab00051b,Kubernetes,DevOps,BEGINNER,33.8,False,,,,,,
8cb25ee1-5900-4b8e-99c7-3a7015b5ff54,651b7fa7-b45d-4d55-9113-33adab00051b,MongoDB,Database,BEGINNER,33.8,False,,,,,,
ce93eb27-29dc-41ea-8d2c-4aa090ccf652,651b7fa7-b45d-4d55-9113-33adab00051b,SQL,Database,EXPERT,96.6,True,Udemy,Udemy,2025-04-06,CRED-D3C4191AAB,https://credentials.example.com/CRED-D3C4191AAB,https://credentials.example.com/CRED-D3C4191AAB
dc76b6a3-4974-46b0-b6ef-dfbb59a157b7,5bb1fb9b-c011-4651-a87f-bc387702d0e8,AWS,Cloud,INTERMEDIATE,47.5,False,,,,,,
913a3aa8-3a3d-470f-9049-d17ec38bf2a2,8f128df5-f3ab-4bad-8ee8-00905acf346f,Docker,DevOps,ADVANCED,69.4,False,,,,,,
9f1b811f-3409-465c-9ace-f0d3570be2ce,8f128df5-f3ab-4bad-8ee8-00905acf346f,Python,Programming,BEGINNER,30.1,False,,,,,,
2c7543ba-0a50-48de-abbd-fe6b95d128e5,8f128df5-f3ab-4bad-8ee8-00905acf346f,React,Web Development,INTERMEDIATE,56.8,True,Udemy,Udemy,2026-08-23,CRED-C1B6DFF566,https://credentials.example.com/CRED-C1B6DFF566,https://credentials.example.com/CRED-C1B6DFF566
fdeb4a8a-b36c-4895-83a9-a2dad968cabb,8f128df5-f3ab-4bad-8ee8-00905acf346f,TensorFlow,AI/ML,INTERMEDIATE,78.9,False,,,,,,
ed56847c-4142-4098-bba7-7fbd3028ab41,8f128df5-f3ab-4bad-8ee8-00905acf346f,Linux,Systems,BEGINNER,11.6,False,,,,,,
00a5198f-45f3-4795-a497-202098ec417c,054a5ec2-537e-440c-a150-f427cd98fed6,Kubernetes,DevOps,BEGINNER,26.6,True,Coursera,Coursera,2026-03-07,CRED-5904249F88,https://credentials.example.com/CRED-5904249F88,https://credentials.example.com/CRED-5904249F88
078dbdab-4a64-48a0-96f0-490ec6f682f1,054a5ec2-537e-440c-a150-f427cd98fed6,Docker,DevOps,BEGINNER,18.9,False,,,,,,
3ba3f1ae-86c3-4d94-981d-52f804f37684,873b1707-ebea-41fe-9627-6f38c5b22743,Excel,Data Analytics,BEGINNER,15.7,False,,,,,,
ce620ad7-b222-44cc-8493-ffe1cb1b84e3,bc76a678-df74-48ec-bbe8-baf2133f63bf,MongoDB,Database,EXPERT,91.0,False,,,,,,
1440dc54-80f1-4757-9f56-83976737f4a9,bc76a678-df74-48ec-bbe8-baf2133f63bf,Git,Tools,BEGINNER,37.8,False,,,,,,
7d6e80ab-357b-4f9f-92f0-d1a2408180e3,bc76a678-df74-48ec-bbe8-baf2133f63bf,Deep Learning,AI/ML,BEGINNER,21.9,False,,,,,,
31ec3fe9-c05e-4030-b431-33ccbcb958d4,73fa98ac-f27e-4723-aa28-3ba7a197eda3,Python,Programming,EXPERT,91.5,False,,,,,,
fa725c5f-c995-4661-9cdd-baf5e3355f2c,73fa98ac-f27e-4723-aa28-3ba7a197eda3,Kubernetes,DevOps,BEGINNER,28.1,False,,,,,,
43d0c400-523e-4cc9-a06b-d1277f43e972,73fa98ac-f27e-4723-aa28-3ba7a197eda3,Git,Tools,INTERMEDIATE,59.6,False,,,,,,
892e84c0-a4ad-4fb7-a743-07e5137d5dcb,5b724cf4-1098-49ac-8f0d-5945af648bbe,JavaScript,Programming,BEGINNER,46.4,False,,,,,,
ed55d055-3660-460b-b69e-10e328b8d125,5b724cf4-1098-49ac-8f0d-5945af648bbe,TensorFlow,AI/ML,ADVANCED,75.9,False,,,,,,
82179512-55b6-4d20-aa4f-1c97bb932caf,7cc457a4-a683-4f52-a032-e024018a2325,Node.js,Web Development,BEGINNER,25.2,False,,,,,,
3f4309a8-ccb8-4422-9829-2310d3d15f5b,7cc457a4-a683-4f52-a032-e024018a2325,Data Structures & Algorithms,Core CS,ADVANCED,91.4,True,Coursera,Coursera,2025-10-04,CRED-863D3FC181,https://credentials.example.com/CRED-863D3FC181,https://credentials.example.com/CRED-863D3FC181
71e85fd0-cedb-46ca-8ca9-72eba30d5692,7cc457a4-a683-4f52-a032-e024018a2325,JavaScript,Programming,BEGINNER,36.4,False,,,,,,
b3abd8c7-51b3-409f-b7e9-ce4bbaccc025,7cc457a4-a683-4f52-a032-e024018a2325,Deep Learning,AI/ML,EXPERT,100.0,True,Google,Google,2025-06-01,CRED-1C5F30E476,https://credentials.example.com/CRED-1C5F30E476,https://credentials.example.com/CRED-1C5F30E476
b1c40a9b-34bc-43f2-a1e9-d46508045a07,59030cad-3a1b-48ef-9d3e-7200bc044221,Java,Programming,INTERMEDIATE,69.2,True,Coursera,Coursera,2025-12-20,CRED-6F90957453,https://credentials.example.com/CRED-6F90957453,https://credentials.example.com/CRED-6F90957453
6334fd65-cc7c-4806-8abc-9c45e5d3c75a,59030cad-3a1b-48ef-9d3e-7200bc044221,React,Web Development,BEGINNER,6.9,False,,,,,,
737ed193-0490-4700-a739-014c92ea505a,59030cad-3a1b-48ef-9d3e-7200bc044221,C++,Programming,BEGINNER,12.9,False,,,,,,
6948f23c-d4b6-46f7-99bd-db657955aeda,937f4d67-f6fe-481b-9743-e14f7c914d40,C++,Programming,ADVANCED,75.9,True,NPTEL,NPTEL,2026-06-27,CRED-57AA3B951F,https://credentials.example.com/CRED-57AA3B951F,https://credentials.example.com/CRED-57AA3B951F
bec942c0-9521-40a7-bb3f-d79e5b695f5d,937f4d67-f6fe-481b-9743-e14f7c914d40,Java,Programming,INTERMEDIATE,54.5,False,,,,,,
0192ffd3-a866-4b8d-83ec-01e30adf0e7a,937f4d67-f6fe-481b-9743-e14f7c914d40,Node.js,Web Development,BEGINNER,23.9,False,,,,,,
fcb69ec9-c74b-493c-ae41-fdf6ba47a336,b547aafb-3f8c-4c9e-988c-125ddf5c8565,React,Web Development,BEGINNER,20.9,True,Udemy,Udemy,2026-07-05,CRED-0C8D4F37E9,https://credentials.example.com/CRED-0C8D4F37E9,https://credentials.example.com/CRED-0C8D4F37E9
ba7d8279-5951-4fcb-9f04-27c724a3d1d3,a0a03fae-0280-41ef-bd59-e491f86e6bcd,Python,Programming,INTERMEDIATE,49.4,False,,,,,,
c43f0c25-4b19-4e2f-8a58-2218d24f7002,16654cf5-0dbe-46ca-bc6d-bc0eb686f04b,Docker,DevOps,BEGINNER,45.3,False,,,,,,
0ac2746c-0571-4547-9b6a-cac47c45dcad,16654cf5-0dbe-46ca-bc6d-bc0eb686f04b,TensorFlow,AI/ML,EXPERT,86.8,True,Microsoft,Microsoft,2025-02-27,CRED-33EA9345C4,https://credentials.example.com/CRED-33EA9345C4,https://credentials.example.com/CRED-33EA9345C4
1ce647c3-06e8-4201-991e-6fbd822b4c4a,16654cf5-0dbe-46ca-bc6d-bc0eb686f04b,Java,Programming,BEGINNER,37.9,False,,,,,,
7f06705e-cf2c-42a0-b35e-0617aacde383,16654cf5-0dbe-46ca-bc6d-bc0eb686f04b,SQL,Database,ADVANCED,70.5,True,Google,Google,2026-01-30,CRED-49D191AEC2,https://credentials.example.com/CRED-49D191AEC2,https://credentials.example.com/CRED-49D191AEC2
9767504e-c9c6-4f9f-9f9d-12ad33c59667,16654cf5-0dbe-46ca-bc6d-bc0eb686f04b,Python,Programming,BEGINNER,37.1,False,,,,,,
ec4a5583-c11f-40d4-a709-b3e3ca25e8e1,2195f2a4-7b37-4373-b6dd-55cfa6182581,MongoDB,Database,INTERMEDIATE,61.9,False,,,,,,
b3b9e786-46d8-4615-94d7-a7a0a04a1912,2195f2a4-7b37-4373-b6dd-55cfa6182581,Git,Tools,BEGINNER,23.1,False,,,,,,
f880b4a9-e567-490a-8263-e13e93647900,c66ec193-2cd1-4f45-ac3f-fa1caba2ffe8,Python,Programming,BEGINNER,29.2,False,,,,,,
cb7755c2-5e74-43e4-9b66-2921c59afb2e,c66ec193-2cd1-4f45-ac3f-fa1caba2ffe8,Java,Programming,EXPERT,100.0,True,Udemy,Udemy,2026-04-06,CRED-482FD14745,https://credentials.example.com/CRED-482FD14745,https://credentials.example.com/CRED-482FD14745
ef12fbd7-3416-4f5d-9360-708cd1733595,c66ec193-2cd1-4f45-ac3f-fa1caba2ffe8,Node.js,Web Development,EXPERT,80.0,True,AWS Training,AWS Training,2026-03-05,CRED-B3234FCDA3,https://credentials.example.com/CRED-B3234FCDA3,https://credentials.example.com/CRED-B3234FCDA3
b3f28671-c013-4e5c-950e-de49a05c6f2e,c66ec193-2cd1-4f45-ac3f-fa1caba2ffe8,JavaScript,Programming,BEGINNER,23.1,True,Google,Google,2025-03-06,CRED-7F8E19F233,https://credentials.example.com/CRED-7F8E19F233,https://credentials.example.com/CRED-7F8E19F233
ca498ce7-8ebd-468b-91d6-7506160d8654,c66ec193-2cd1-4f45-ac3f-fa1caba2ffe8,Data Structures & Algorithms,Core CS,INTERMEDIATE,44.5,True,Microsoft,Microsoft,2025-10-11,CRED-A5B7C37D86,https://credentials.example.com/CRED-A5B7C37D86,https://credentials.example.com/CRED-A5B7C37D86
3cae29c9-8164-4407-a0a2-2fb02d57bea4,68ad6e38-e6f8-4388-b448-f7cc37d53371,SQL,Database,EXPERT,100.0,True,Udemy,Udemy,2025-02-05,CRED-01BE97D7CC,https://credentials.example.com/CRED-01BE97D7CC,https://credentials.example.com/CRED-01BE97D7CC
1aaffad1-13e7-48c6-8b73-a7e35ef5a7e4,5dddf8ec-f9e6-4e05-a2be-5df1892fbd38,AWS,Cloud,BEGINNER,37.1,False,,,,,,
60290b95-3e1f-4c15-bd94-5c0123718e83,5dddf8ec-f9e6-4e05-a2be-5df1892fbd38,React,Web Development,BEGINNER,28.5,False,,,,,,
bb04d664-07dc-4c0a-809c-e822a780f7ae,5dddf8ec-f9e6-4e05-a2be-5df1892fbd38,C++,Programming,ADVANCED,83.0,True,AWS Training,AWS Training,2026-05-14,CRED-0B15316FED,https://credentials.example.com/CRED-0B15316FED,https://credentials.example.com/CRED-0B15316FED
5f6ee731-533d-4382-9356-5a8684888537,9c967545-2216-46fa-95ce-5f15db52a6ca,Java,Programming,BEGINNER,41.4,True,Coursera,Coursera,2025-04-30,CRED-72F05D16E2,https://credentials.example.com/CRED-72F05D16E2,https://credentials.example.com/CRED-72F05D16E2
a6202969-54da-421b-94d7-430ce39d797a,fbeeb084-9c6b-4567-a8d5-a9cc0989f288,Docker,DevOps,BEGINNER,24.4,False,,,,,,
1a7dcef1-b969-4000-a966-05b763363c5b,fbeeb084-9c6b-4567-a8d5-a9cc0989f288,MongoDB,Database,INTERMEDIATE,52.5,False,,,,,,
b59d307e-ff5a-45b2-a191-a4b6d97ff742,fbeeb084-9c6b-4567-a8d5-a9cc0989f288,Machine Learning,AI/ML,BEGINNER,13.4,False,,,,,,
4f9f112c-b3ba-47da-982e-ba1519bd8986,fbeeb084-9c6b-4567-a8d5-a9cc0989f288,AWS,Cloud,INTERMEDIATE,63.6,False,,,,,,
b87e3ac5-c563-48c6-91dd-382312674973,fbeeb084-9c6b-4567-a8d5-a9cc0989f288,Git,Tools,INTERMEDIATE,58.3,False,,,,,,
7b856324-1c6e-47d9-944d-7cbdddccfd2e,63d9ec0d-a6d8-48ff-8f36-5298388ca746,AWS,Cloud,ADVANCED,89.5,True,Coursera,Coursera,2026-03-04,CRED-54573BF78A,https://credentials.example.com/CRED-54573BF78A,https://credentials.example.com/CRED-54573BF78A
6f590769-8db9-48ff-98dd-58a741e2a4f8,63d9ec0d-a6d8-48ff-8f36-5298388ca746,Data Structures & Algorithms,Core CS,INTERMEDIATE,38.5,False,,,,,,
2759daa0-ddce-4717-9079-c81ae3d0e631,63d9ec0d-a6d8-48ff-8f36-5298388ca746,Power BI,Data Analytics,INTERMEDIATE,56.7,True,AWS Training,AWS Training,2026-07-09,CRED-B2A184FB0B,https://credentials.example.com/CRED-B2A184FB0B,https://credentials.example.com/CRED-B2A184FB0B
64e3c6dd-3f6d-45ab-9d99-52e392dced86,63d9ec0d-a6d8-48ff-8f36-5298388ca746,Deep Learning,AI/ML,INTERMEDIATE,42.1,False,,,,,,
a124cc48-dcd9-43a8-9895-4e923714b3f4,5f24eeb4-7edd-46d1-9bce-beab25093d71,React,Web Development,ADVANCED,81.3,True,NPTEL,NPTEL,2026-07-21,CRED-BD874B1F87,https://credentials.example.com/CRED-BD874B1F87,https://credentials.example.com/CRED-BD874B1F87
1484cb4a-64a7-4e46-89ca-6d23baaa26e7,5f24eeb4-7edd-46d1-9bce-beab25093d71,AWS,Cloud,BEGINNER,45.0,False,,,,,,
a96dc347-f681-4e7b-a375-8a5c95e527ac,5f24eeb4-7edd-46d1-9bce-beab25093d71,Node.js,Web Development,INTERMEDIATE,71.7,False,,,,,,
8843e6c9-fb71-4608-bf5b-5c3ba881cabc,5f24eeb4-7edd-46d1-9bce-beab25093d71,TensorFlow,AI/ML,BEGINNER,26.8,False,,,,,,
da5b7630-f00e-4757-99d8-1949f63bd6fb,9625757e-7b13-4777-bfd2-f7efe3fb69c4,TensorFlow,AI/ML,ADVANCED,62.5,True,Udemy,Udemy,2025-03-02,CRED-7C5955263E,https://credentials.example.com/CRED-7C5955263E,https://credentials.example.com/CRED-7C5955263E
dd816a1f-3cd2-493d-a995-035802ecd97c,fa5e4ff9-07c0-4945-919e-ffcfc2b67440,Java,Programming,INTERMEDIATE,49.1,False,,,,,,
3b9cc089-1d3b-4613-882f-7b7e6554fff7,fa5e4ff9-07c0-4945-919e-ffcfc2b67440,SQL,Database,EXPERT,85.9,True,Google,Google,2025-06-16,CRED-A46112F386,https://credentials.example.com/CRED-A46112F386,https://credentials.example.com/CRED-A46112F386
4d60db96-8e53-4c47-a37a-d018ee253d51,fa5e4ff9-07c0-4945-919e-ffcfc2b67440,JavaScript,Programming,INTERMEDIATE,55.0,False,,,,,,
34c1377d-ccb0-466a-a857-a8b7a133b33a,d0bebdf3-b2c8-41a1-9632-bee14f91d1b9,Python,Programming,INTERMEDIATE,53.4,False,,,,,,
7e5d2962-5245-495e-a233-5fe80416ae6f,d0bebdf3-b2c8-41a1-9632-bee14f91d1b9,Git,Tools,INTERMEDIATE,48.9,False,,,,,,
a25e7f69-f031-4b33-a756-23b35d95678b,d0bebdf3-b2c8-41a1-9632-bee14f91d1b9,Deep Learning,AI/ML,ADVANCED,97.8,True,Google,Google,2026-05-23,CRED-CB48F8392E,https://credentials.example.com/CRED-CB48F8392E,https://credentials.example.com/CRED-CB48F8392E
5471440f-b34c-4e23-b8da-5a8a587326e5,bfeac8cd-70de-41ab-aae8-9db7fb298d97,Git,Tools,INTERMEDIATE,50.5,False,,,,,,
e51f1d06-2de9-41fa-80dc-7c4a4a1d9c8c,bfeac8cd-70de-41ab-aae8-9db7fb298d97,Figma,Design,BEGINNER,22.4,False,,,,,,
42cac195-3b16-4f0e-b8af-6f68cc95667d,bfeac8cd-70de-41ab-aae8-9db7fb298d97,Java,Programming,INTERMEDIATE,60.4,False,,,,,,
821f2d63-8ccf-4585-af62-68c021d868d3,bfeac8cd-70de-41ab-aae8-9db7fb298d97,Docker,DevOps,BEGINNER,44.6,False,,,,,,
18e2152e-caef-46db-b846-f5a528e59455,224a491e-b267-430d-8a0c-ee9e19880a7c,React,Web Development,ADVANCED,80.9,True,Google,Google,2026-07-03,CRED-16B91CB4FB,https://credentials.example.com/CRED-16B91CB4FB,https://credentials.example.com/CRED-16B91CB4FB
c6d66168-a225-48fe-93ec-2b58f57bc80d,224a491e-b267-430d-8a0c-ee9e19880a7c,C++,Programming,EXPERT,100.0,True,Microsoft,Microsoft,2026-05-22,CRED-BB7C824E0F,https://credentials.example.com/CRED-BB7C824E0F,https://credentials.example.com/CRED-BB7C824E0F
84c45951-13da-44b5-82aa-3706e7fbe15e,224a491e-b267-430d-8a0c-ee9e19880a7c,Data Structures & Algorithms,Core CS,INTERMEDIATE,51.3,False,,,,,,
6fd1cad1-2705-4509-ab8d-e61d89d3cbb3,224a491e-b267-430d-8a0c-ee9e19880a7c,MongoDB,Database,ADVANCED,84.8,False,,,,,,
758e0414-13ab-4684-a739-810acf60cdc2,224a491e-b267-430d-8a0c-ee9e19880a7c,Java,Programming,BEGINNER,39.3,False,,,,,,
e82359ca-6de6-4e87-ba9d-25b454265a6e,7612300c-13b5-494d-b31e-45f0277d9f4b,C++,Programming,BEGINNER,9.5,True,Udemy,Udemy,2026-05-22,CRED-BCD3E037B0,https://credentials.example.com/CRED-BCD3E037B0,https://credentials.example.com/CRED-BCD3E037B0
6fb2590a-4a03-44d5-ad97-62e79a46976f,7612300c-13b5-494d-b31e-45f0277d9f4b,Node.js,Web Development,INTERMEDIATE,43.3,False,,,,,,
2aff92ca-f578-4228-884d-851cd73620f8,7612300c-13b5-494d-b31e-45f0277d9f4b,SQL,Database,BEGINNER,40.6,False,,,,,,
810c8b87-f8f6-4a15-b02e-7505ef0bd8ce,18be0e32-197e-4df0-8948-2a65eafedaa7,C++,Programming,ADVANCED,65.2,False,,,,,,
89eee323-dea6-426f-8632-4f3962102942,18be0e32-197e-4df0-8948-2a65eafedaa7,Python,Programming,EXPERT,100.0,True,Coursera,Coursera,2026-02-09,CRED-24D5745D74,https://credentials.example.com/CRED-24D5745D74,https://credentials.example.com/CRED-24D5745D74
a52078ce-061a-408a-9b8a-fd3ed30a6756,18be0e32-197e-4df0-8948-2a65eafedaa7,Machine Learning,AI/ML,BEGINNER,26.4,True,Microsoft,Microsoft,2026-07-20,CRED-62CAFD3D69,https://credentials.example.com/CRED-62CAFD3D69,https://credentials.example.com/CRED-62CAFD3D69
806ee391-109f-45d8-9d3b-dcead990d0c0,05b78ffa-dcb2-4499-967e-d687fd852e65,Git,Tools,INTERMEDIATE,50.2,False,,,,,,
658e8aad-70d2-4a05-98a7-fe841b07a195,05b78ffa-dcb2-4499-967e-d687fd852e65,JavaScript,Programming,INTERMEDIATE,50.9,False,,,,,,
19bd199a-5305-427a-a398-82d7eb9205f3,05b78ffa-dcb2-4499-967e-d687fd852e65,AWS,Cloud,EXPERT,93.9,True,NPTEL,NPTEL,2025-06-19,CRED-C31CF226A8,https://credentials.example.com/CRED-C31CF226A8,https://credentials.example.com/CRED-C31CF226A8
e273e123-705a-48b7-a21b-ab943107db73,05b78ffa-dcb2-4499-967e-d687fd852e65,Machine Learning,AI/ML,ADVANCED,71.9,True,NPTEL,NPTEL,2026-04-02,CRED-04DC286DF6,https://credentials.example.com/CRED-04DC286DF6,https://credentials.example.com/CRED-04DC286DF6
f7f1d092-1a60-4061-8cb6-907e22aceb84,05b78ffa-dcb2-4499-967e-d687fd852e65,MongoDB,Database,BEGINNER,37.1,False,,,,,,
68a829fb-e791-4fbc-8de9-43983e56fc4b,a8d23c1d-41bc-431c-b13a-ec8771147638,Deep Learning,AI/ML,ADVANCED,62.9,True,Coursera,Coursera,2025-09-24,CRED-515B7653E2,https://credentials.example.com/CRED-515B7653E2,https://credentials.example.com/CRED-515B7653E2
b5c8cdb9-a347-4568-8110-e9b0c063e7c3,a8d23c1d-41bc-431c-b13a-ec8771147638,Git,Tools,INTERMEDIATE,53.3,False,,,,,,
e11b25d7-863f-4d1e-9ba7-121a37754450,a8d23c1d-41bc-431c-b13a-ec8771147638,C++,Programming,ADVANCED,91.6,True,Microsoft,Microsoft,2026-07-03,CRED-780B8B7891,https://credentials.example.com/CRED-780B8B7891,https://credentials.example.com/CRED-780B8B7891
2f669bf3-f37c-4325-bf5b-54b096ad8d30,a8d23c1d-41bc-431c-b13a-ec8771147638,Node.js,Web Development,BEGINNER,28.0,True,Microsoft,Microsoft,2026-04-10,CRED-3CF6C18334,https://credentials.example.com/CRED-3CF6C18334,https://credentials.example.com/CRED-3CF6C18334
24baf304-af16-42e5-bbfa-85f3f7954c06,2bb2dd9f-4e45-49ac-863e-11edeed7e869,Machine Learning,AI/ML,INTERMEDIATE,40.3,False,,,,,,
b945dd27-b584-49d2-a36b-811238c333bf,2bb2dd9f-4e45-49ac-863e-11edeed7e869,Deep Learning,AI/ML,INTERMEDIATE,66.0,False,,,,,,
048cd2ea-bce5-4698-bc3e-9f8b9a2a71a8,2bb2dd9f-4e45-49ac-863e-11edeed7e869,C++,Programming,BEGINNER,27.0,False,,,,,,
2b7011ec-5217-46f7-8280-0d1e4c6bf590,2bb2dd9f-4e45-49ac-863e-11edeed7e869,MongoDB,Database,ADVANCED,86.2,False,,,,,,
7ae1e6dc-4404-4b86-bbf7-44f187d7c6cb,7076cf5b-b6ce-4b9a-8766-4819cdebceff,React,Web Development,INTERMEDIATE,60.5,False,,,,,,
aa4d34c5-bc46-4adc-992d-c84716ff98a4,7076cf5b-b6ce-4b9a-8766-4819cdebceff,JavaScript,Programming,INTERMEDIATE,67.4,False,,,,,,
27069db6-fd81-4141-a5fa-dac10703279a,7076cf5b-b6ce-4b9a-8766-4819cdebceff,Kubernetes,DevOps,EXPERT,67.6,False,,,,,,
ec71355a-6d20-4e7e-8c56-febc453091b2,7076cf5b-b6ce-4b9a-8766-4819cdebceff,Git,Tools,INTERMEDIATE,47.1,False,,,,,,
74e8ffe8-87b0-475e-b869-7e0251c500cb,7076cf5b-b6ce-4b9a-8766-4819cdebceff,Java,Programming,INTERMEDIATE,64.4,False,,,,,,
556165f3-1e0b-42ca-aed6-1448c2297832,d429c2bb-e6dc-408b-98cf-a4a048882e0f,Docker,DevOps,BEGINNER,32.0,True,Coursera,Coursera,2026-07-13,CRED-B166D0CA87,https://credentials.example.com/CRED-B166D0CA87,https://credentials.example.com/CRED-B166D0CA87
f8adb031-8e27-4c29-a2d8-eccff3f34a13,11fa9fa2-4971-40a3-9dc2-e676e2b27a4c,Deep Learning,AI/ML,ADVANCED,67.9,True,Google,Google,2025-07-26,CRED-6A82D15C3A,https://credentials.example.com/CRED-6A82D15C3A,https://credentials.example.com/CRED-6A82D15C3A
f6f4e2a7-1024-4004-8945-ee1f012734ef,11fa9fa2-4971-40a3-9dc2-e676e2b27a4c,MongoDB,Database,INTERMEDIATE,57.9,False,,,,,,
a7e3cbef-7ef3-4ad5-89f3-7d5698adc659,f4e38da8-2672-4599-8a01-b7027e4940fb,Java,Programming,ADVANCED,66.5,True,AWS Training,AWS Training,2025-05-22,CRED-2FBEFC847C,https://credentials.example.com/CRED-2FBEFC847C,https://credentials.example.com/CRED-2FBEFC847C
f23d80dd-774a-42bc-ba7b-7a8972881b9d,f4e38da8-2672-4599-8a01-b7027e4940fb,MongoDB,Database,ADVANCED,48.0,True,Microsoft,Microsoft,2026-08-16,CRED-B8CCF822DD,https://credentials.example.com/CRED-B8CCF822DD,https://credentials.example.com/CRED-B8CCF822DD
0fb2ffe9-d1b9-4345-9918-d94eb6634f43,f4e38da8-2672-4599-8a01-b7027e4940fb,Figma,Design,INTERMEDIATE,60.9,False,,,,,,
8a913f8f-b479-4b85-8823-3369eb15db07,f4e38da8-2672-4599-8a01-b7027e4940fb,Deep Learning,AI/ML,INTERMEDIATE,48.6,False,,,,,,
1b22dd8e-2027-4b45-89a9-0f39274edece,aec7a09d-cce7-4f59-b134-5a2de1609367,Excel,Data Analytics,BEGINNER,25.0,False,,,,,,
cf148068-9dda-43d5-931b-acda2d804d7e,aec7a09d-cce7-4f59-b134-5a2de1609367,AWS,Cloud,ADVANCED,65.8,True,Udemy,Udemy,2025-11-05,CRED-666C865580,https://credentials.example.com/CRED-666C865580,https://credentials.example.com/CRED-666C865580
393da52a-8cc7-4414-bb24-5e359c1ff168,aec7a09d-cce7-4f59-b134-5a2de1609367,SQL,Database,BEGINNER,33.3,True,Google,Google,2025-04-02,CRED-32581F1B83,https://credentials.example.com/CRED-32581F1B83,https://credentials.example.com/CRED-32581F1B83
f2932b8f-d684-4ea1-b3e3-fd2f0849a626,aec7a09d-cce7-4f59-b134-5a2de1609367,MongoDB,Database,BEGINNER,32.1,False,,,,,,
7354a30e-fd88-49fd-9ee5-f3d8d8ce0522,aec7a09d-cce7-4f59-b134-5a2de1609367,Node.js,Web Development,ADVANCED,70.0,True,Coursera,Coursera,2026-07-27,CRED-4653F944AE,https://credentials.example.com/CRED-4653F944AE,https://credentials.example.com/CRED-4653F944AE
7e46ba9d-a4d2-4457-b535-203f2ea008cb,e4523ecf-bfdc-4ac6-bc2e-d7311f35c05f,Machine Learning,AI/ML,INTERMEDIATE,47.7,True,NPTEL,NPTEL,2025-04-26,CRED-3A2A2BB392,https://credentials.example.com/CRED-3A2A2BB392,https://credentials.example.com/CRED-3A2A2BB392
e778046c-44c1-4833-af26-6fd5a5c8ba0b,e4523ecf-bfdc-4ac6-bc2e-d7311f35c05f,Node.js,Web Development,INTERMEDIATE,52.4,False,,,,,,
660271a1-ee44-4686-9ad1-1d2077b8fa96,e4523ecf-bfdc-4ac6-bc2e-d7311f35c05f,Git,Tools,INTERMEDIATE,63.9,True,Microsoft,Microsoft,2026-06-25,CRED-9F5211DA47,https://credentials.example.com/CRED-9F5211DA47,https://credentials.example.com/CRED-9F5211DA47
8215b9c8-5f71-418a-8ed0-2a9487270307,d0b10b08-c5aa-40d9-a63d-bf7bf4e29c98,Linux,Systems,INTERMEDIATE,46.6,False,,,,,,
3f0699c2-936e-492d-845b-ff6454e1c6ee,d0b10b08-c5aa-40d9-a63d-bf7bf4e29c98,Java,Programming,ADVANCED,51.3,False,,,,,,
64036f3f-8561-40f7-a880-b93d5cab466f,830bc4e6-6a2e-4714-991e-d3ccfb4cb7cb,Figma,Design,INTERMEDIATE,61.5,False,,,,,,
e51b3f98-d46c-4a97-aaaf-11b868ebe9b7,d7d9c1fb-61f8-4826-9244-4fc724c10503,TensorFlow,AI/ML,BEGINNER,27.2,False,,,,,,
75cdfee0-acc7-401e-bdb9-b4540283f840,d7d9c1fb-61f8-4826-9244-4fc724c10503,React,Web Development,EXPERT,100.0,False,,,,,,
a124d85b-c498-4e36-9c72-aa047eea509c,d7d9c1fb-61f8-4826-9244-4fc724c10503,C++,Programming,ADVANCED,82.8,True,Coursera,Coursera,2026-06-09,CRED-37D65342AF,https://credentials.example.com/CRED-37D65342AF,https://credentials.example.com/CRED-37D65342AF
35dfebbc-302d-42e3-a3a2-f24cb4cd8168,d7d9c1fb-61f8-4826-9244-4fc724c10503,MongoDB,Database,EXPERT,100.0,False,,,,,,
804578c5-6899-4d63-b870-2c21fc78fcae,721c4609-6bc6-46c6-b64d-acae200964c9,Kubernetes,DevOps,BEGINNER,28.6,False,,,,,,
3f905f9b-25ad-479d-ad4f-c568fc8e05ba,721c4609-6bc6-46c6-b64d-acae200964c9,Python,Programming,BEGINNER,38.2,True,AWS Training,AWS Training,2026-05-08,CRED-6A00DAB079,https://credentials.example.com/CRED-6A00DAB079,https://credentials.example.com/CRED-6A00DAB079
53509bee-573a-4b10-b3e5-fddd9a09b608,721c4609-6bc6-46c6-b64d-acae200964c9,Deep Learning,AI/ML,BEGINNER,23.8,False,,,,,,
e0223268-2138-4404-b0d2-e03872d701f3,721c4609-6bc6-46c6-b64d-acae200964c9,AWS,Cloud,BEGINNER,21.9,False,,,,,,
d24d0f26-ae25-4057-950f-a18b1161f03c,721c4609-6bc6-46c6-b64d-acae200964c9,Excel,Data Analytics,BEGINNER,33.7,True,Microsoft,Microsoft,2026-01-15,CRED-91EBD6DA6B,https://credentials.example.com/CRED-91EBD6DA6B,https://credentials.example.com/CRED-91EBD6DA6B
cdda7c09-b221-4546-9eae-2b758f103ffd,5860d71c-eeb2-43f9-bf23-d369127d562c,Git,Tools,BEGINNER,32.8,False,,,,,,
d3735aec-d4c2-4069-abf5-c5410248586a,5860d71c-eeb2-43f9-bf23-d369127d562c,Figma,Design,INTERMEDIATE,53.6,False,,,,,,
6df14601-77d6-4184-9d01-3efe47bbb3f2,5860d71c-eeb2-43f9-bf23-d369127d562c,Excel,Data Analytics,BEGINNER,26.6,False,,,,,,
7dc3e175-3154-4f26-8b19-01c23ee2f147,5708dc25-f806-44f5-be17-75cb4ed8abd7,Git,Tools,BEGINNER,24.0,False,,,,,,
abd3b736-ab1b-4466-a548-59520cae8d55,5708dc25-f806-44f5-be17-75cb4ed8abd7,Power BI,Data Analytics,ADVANCED,100.0,True,Microsoft,Microsoft,2025-10-04,CRED-DF47DF426D,https://credentials.example.com/CRED-DF47DF426D,https://credentials.example.com/CRED-DF47DF426D
d186bc8e-6310-4bc4-9bf1-07726bf1330e,5708dc25-f806-44f5-be17-75cb4ed8abd7,Docker,DevOps,BEGINNER,21.0,True,Google,Google,2025-06-08,CRED-9E81CA6853,https://credentials.example.com/CRED-9E81CA6853,https://credentials.example.com/CRED-9E81CA6853
e532f056-846e-41d5-a610-0625b7973a9f,5708dc25-f806-44f5-be17-75cb4ed8abd7,AWS,Cloud,EXPERT,85.9,True,Google,Google,2025-10-04,CRED-A95FEB42A5,https://credentials.example.com/CRED-A95FEB42A5,https://credentials.example.com/CRED-A95FEB42A5
7c67ab92-85ae-41a0-9ccf-572b08876ab8,30cc6b23-8c66-463f-8a89-32002c807ecc,Git,Tools,ADVANCED,73.6,True,AWS Training,AWS Training,2026-03-25,CRED-1C31349318,https://credentials.example.com/CRED-1C31349318,https://credentials.example.com/CRED-1C31349318
f8541278-b7b6-4e96-8694-5052bd57a8c1,30cc6b23-8c66-463f-8a89-32002c807ecc,Java,Programming,INTERMEDIATE,73.4,False,,,,,,
4b67697f-7446-4e62-8426-e73fc34b8bc1,30cc6b23-8c66-463f-8a89-32002c807ecc,Figma,Design,BEGINNER,42.2,False,,,,,,
fe4ff07b-f846-4f77-8775-1aec0b84d46c,30cc6b23-8c66-463f-8a89-32002c807ecc,Excel,Data Analytics,INTERMEDIATE,55.0,True,AWS Training,AWS Training,2025-03-27,CRED-F5E52B7653,https://credentials.example.com/CRED-F5E52B7653,https://credentials.example.com/CRED-F5E52B7653
2587ec74-7910-4bd1-803a-3febffc83be5,e3e027a0-404c-438e-9b96-6915df9ac2d5,Linux,Systems,INTERMEDIATE,66.7,True,AWS Training,AWS Training,2026-07-21,CRED-38FFFBF8C5,https://credentials.example.com/CRED-38FFFBF8C5,https://credentials.example.com/CRED-38FFFBF8C5
1fd82607-b7bc-41b4-b9b4-951f9eaa3346,e3e027a0-404c-438e-9b96-6915df9ac2d5,Git,Tools,BEGINNER,45.4,False,,,,,,
ec706fda-9724-4839-8b22-508cac8d07be,e3e027a0-404c-438e-9b96-6915df9ac2d5,Excel,Data Analytics,ADVANCED,86.2,True,AWS Training,AWS Training,2026-04-18,CRED-6995B548C3,https://credentials.example.com/CRED-6995B548C3,https://credentials.example.com/CRED-6995B548C3
69e7eabe-81bf-478e-8f9b-07772fecfbf4,e37435ed-b80b-46a4-b1c4-2c67effec2b3,MongoDB,Database,INTERMEDIATE,60.1,False,,,,,,
5464bae4-f594-43ea-befe-a833b98cc888,e37435ed-b80b-46a4-b1c4-2c67effec2b3,Git,Tools,INTERMEDIATE,65.3,True,Coursera,Coursera,2025-04-13,CRED-2A40E91D7E,https://credentials.example.com/CRED-2A40E91D7E,https://credentials.example.com/CRED-2A40E91D7E
b6e1167c-7542-41e6-8682-ef4943e42bfe,e37435ed-b80b-46a4-b1c4-2c67effec2b3,Node.js,Web Development,INTERMEDIATE,69.4,False,,,,,,
c69bf0fe-4456-4ab9-a404-d5f8b6b159d8,e37435ed-b80b-46a4-b1c4-2c67effec2b3,Linux,Systems,BEGINNER,34.1,False,,,,,,
d2a049be-f5e2-4d4e-af77-46bf4d34f9da,13a15c8e-cfc3-45d7-8968-d1eed581e232,SQL,Database,INTERMEDIATE,72.1,False,,,,,,
25553b1d-801a-4807-828e-0053e18db4d8,13a15c8e-cfc3-45d7-8968-d1eed581e232,React,Web Development,INTERMEDIATE,47.9,False,,,,,,
28e48027-94fe-4c98-b130-7350123cfea1,2d7d77a1-16a2-4d29-8024-8cf89fce4108,Node.js,Web Development,INTERMEDIATE,44.0,False,,,,,,
88cfd9be-9f2f-48cb-9348-e8181412c26d,2d7d77a1-16a2-4d29-8024-8cf89fce4108,React,Web Development,INTERMEDIATE,59.6,False,,,,,,
b65ddb29-e87d-47fe-9a63-a2a40d7dd960,31f846b7-b8f0-4204-952c-b886f2d3c009,Kubernetes,DevOps,BEGINNER,34.7,False,,,,,,
7ff113d3-86d6-4cff-b9a9-d53c9d51507c,820d3435-69f9-4542-bbc7-53817d9b075d,Kubernetes,DevOps,BEGINNER,20.2,False,,,,,,
0addcdda-a019-4f6c-825d-f035d6177eb2,820d3435-69f9-4542-bbc7-53817d9b075d,Data Structures & Algorithms,Core CS,ADVANCED,73.8,True,Coursera,Coursera,2026-05-23,CRED-0D6413FAD8,https://credentials.example.com/CRED-0D6413FAD8,https://credentials.example.com/CRED-0D6413FAD8
c0ddc817-895b-433f-b77f-553699c7c988,820d3435-69f9-4542-bbc7-53817d9b075d,C++,Programming,BEGINNER,33.8,False,,,,,,
8125b125-08b9-41db-a1a6-1c3b364bb808,820d3435-69f9-4542-bbc7-53817d9b075d,Linux,Systems,BEGINNER,11.7,True,Google,Google,2025-02-21,CRED-49BBADC366,https://credentials.example.com/CRED-49BBADC366,https://credentials.example.com/CRED-49BBADC366
e84d08b2-76da-4837-8432-96e972f915de,35e42779-079f-425d-9f2f-266fbb0c4d19,Kubernetes,DevOps,BEGINNER,42.5,True,AWS Training,AWS Training,2025-10-10,CRED-6AD083C8FF,https://credentials.example.com/CRED-6AD083C8FF,https://credentials.example.com/CRED-6AD083C8FF
113c523a-04d7-4838-909e-c4fafc489946,35e42779-079f-425d-9f2f-266fbb0c4d19,Figma,Design,BEGINNER,29.8,False,,,,,,
df3ca059-4714-46ed-ae7f-2fd988cab992,35e42779-079f-425d-9f2f-266fbb0c4d19,Machine Learning,AI/ML,INTERMEDIATE,43.0,False,,,,,,
06121706-311a-40e1-8304-1142ab126a5c,35e42779-079f-425d-9f2f-266fbb0c4d19,Linux,Systems,INTERMEDIATE,44.8,True,Coursera,Coursera,2026-06-30,CRED-66C1B7C6E3,https://credentials.example.com/CRED-66C1B7C6E3,https://credentials.example.com/CRED-66C1B7C6E3
71b8807b-216e-444c-89d2-49367de39eed,adb162ca-3c48-4063-a1f7-004a5a975fbb,AWS,Cloud,EXPERT,92.0,False,,,,,,
0ea33640-aeed-49f2-9b5f-e2f5704abcaa,adb162ca-3c48-4063-a1f7-004a5a975fbb,Kubernetes,DevOps,INTERMEDIATE,61.8,False,,,,,,
6349817f-1db1-42af-8460-34ea502226c6,adb162ca-3c48-4063-a1f7-004a5a975fbb,SQL,Database,BEGINNER,21.4,False,,,,,,
795c3af0-a0d6-4dc7-8624-8a57d743175f,adb162ca-3c48-4063-a1f7-004a5a975fbb,C++,Programming,EXPERT,72.7,True,Microsoft,Microsoft,2025-10-02,CRED-2ACE746BF4,https://credentials.example.com/CRED-2ACE746BF4,https://credentials.example.com/CRED-2ACE746BF4
0fa5b5eb-5710-4319-92ec-8889fc659396,600a7614-8211-46e4-82bf-c0e719fb0c3a,Java,Programming,BEGINNER,27.8,False,,,,,,
6b80cf82-7642-4d13-b560-58c3cfe1887d,600a7614-8211-46e4-82bf-c0e719fb0c3a,Node.js,Web Development,BEGINNER,27.7,False,,,,,,
eede54d3-275a-4312-af74-dda9ccaa204f,600a7614-8211-46e4-82bf-c0e719fb0c3a,AWS,Cloud,INTERMEDIATE,47.8,False,,,,,,
2c49fd9d-2c6b-4d09-b7a7-32cba06ead43,03a9127e-d63e-41b3-8bee-89755be92428,Docker,DevOps,BEGINNER,15.6,False,,,,,,
e0841451-bd13-4b35-9aed-a918a10fc6a8,03a9127e-d63e-41b3-8bee-89755be92428,Node.js,Web Development,BEGINNER,36.2,False,,,,,,
6a443b49-294d-45d4-b391-6ef6f3dd4ed0,03a9127e-d63e-41b3-8bee-89755be92428,TensorFlow,AI/ML,BEGINNER,38.7,True,NPTEL,NPTEL,2025-10-07,CRED-B59D0FF123,https://credentials.example.com/CRED-B59D0FF123,https://credentials.example.com/CRED-B59D0FF123
95b69255-fdb5-4bb5-b7a8-219eb585c0f1,ebb1915f-d328-4e0e-b86e-956ee6fcd97c,Linux,Systems,BEGINNER,23.1,False,,,,,,
565e18e1-715d-4550-a707-557ea7c750c7,ebb1915f-d328-4e0e-b86e-956ee6fcd97c,AWS,Cloud,ADVANCED,82.8,True,Coursera,Coursera,2026-05-19,CRED-A523EDF6E2,https://credentials.example.com/CRED-A523EDF6E2,https://credentials.example.com/CRED-A523EDF6E2
cd92d5a8-e087-4c04-88fc-eba5810f5830,5d86059e-9ca8-4411-b11e-8b27b76b339b,Python,Programming,BEGINNER,32.4,False,,,,,,
fe7c6dd6-85dc-421b-adb1-a5a78a6f64d1,5d86059e-9ca8-4411-b11e-8b27b76b339b,C++,Programming,ADVANCED,45.1,False,,,,,,
e2cfbe3c-529e-4c65-8d3c-fc00b99e1753,5d86059e-9ca8-4411-b11e-8b27b76b339b,Node.js,Web Development,INTERMEDIATE,42.8,False,,,,,,
85632cf0-0aed-49a2-ad71-82644628d737,5d86059e-9ca8-4411-b11e-8b27b76b339b,Deep Learning,AI/ML,INTERMEDIATE,65.6,True,Google,Google,2025-04-27,CRED-053ED659E6,https://credentials.example.com/CRED-053ED659E6,https://credentials.example.com/CRED-053ED659E6
e7246e2d-987d-4463-bccd-545f0c2b4ffd,5d86059e-9ca8-4411-b11e-8b27b76b339b,Docker,DevOps,ADVANCED,68.1,True,Google,Google,2025-06-15,CRED-FC3B8BD0B0,https://credentials.example.com/CRED-FC3B8BD0B0,https://credentials.example.com/CRED-FC3B8BD0B0
5c61e40e-343d-44ec-ad3c-f3cfaa2ce038,4a1f8d7b-dbcf-4242-96c7-ef9d6aeb0e10,Docker,DevOps,BEGINNER,42.0,False,,,,,,
b102324c-f8ee-4288-a8f5-d43040cb39db,4a1f8d7b-dbcf-4242-96c7-ef9d6aeb0e10,Deep Learning,AI/ML,ADVANCED,73.4,True,Udemy,Udemy,2025-05-25,CRED-64978DD04F,https://credentials.example.com/CRED-64978DD04F,https://credentials.example.com/CRED-64978DD04F
cf8ca6e0-de2e-4449-a716-a2c614c585dc,4a1f8d7b-dbcf-4242-96c7-ef9d6aeb0e10,SQL,Database,INTERMEDIATE,61.2,True,Udemy,Udemy,2025-03-24,CRED-8079E25A3F,https://credentials.example.com/CRED-8079E25A3F,https://credentials.example.com/CRED-8079E25A3F
6d1d9c97-76af-4fd3-81f8-2de35f05d6e3,4a1f8d7b-dbcf-4242-96c7-ef9d6aeb0e10,MongoDB,Database,INTERMEDIATE,65.6,False,,,,,,
e3980f27-75d5-4e1d-9ed6-38e8249a1924,4a1f8d7b-dbcf-4242-96c7-ef9d6aeb0e10,JavaScript,Programming,ADVANCED,72.2,False,,,,,,
9865cbd6-4281-427c-8251-92d5018d0bc8,66e3c9d5-2d66-4671-8e86-6cba5ad48d76,Docker,DevOps,BEGINNER,16.0,False,,,,,,
94792221-0328-48e9-839d-f40c817386a3,66e3c9d5-2d66-4671-8e86-6cba5ad48d76,Git,Tools,INTERMEDIATE,60.1,False,,,,,,
8f2c858e-0793-4120-9869-fae3e784cffe,66e3c9d5-2d66-4671-8e86-6cba5ad48d76,AWS,Cloud,EXPERT,87.1,True,AWS Training,AWS Training,2025-02-19,CRED-0D54E528BF,https://credentials.example.com/CRED-0D54E528BF,https://credentials.example.com/CRED-0D54E528BF
f111d6d1-3c53-4dd7-9653-854371ece271,66e3c9d5-2d66-4671-8e86-6cba5ad48d76,JavaScript,Programming,INTERMEDIATE,60.2,False,,,,,,
ad3f6680-fdac-4af1-a89d-135dd5e2d2c7,8700c3f7-810d-40ef-b49b-ed095aa26a5e,Linux,Systems,INTERMEDIATE,59.7,False,,,,,,
7d42f261-3072-4dc3-8f56-d1688c61fa82,8700c3f7-810d-40ef-b49b-ed095aa26a5e,React,Web Development,BEGINNER,19.1,False,,,,,,
f421ef4b-4476-4f9b-baee-3863b6aa3c12,8700c3f7-810d-40ef-b49b-ed095aa26a5e,Data Structures & Algorithms,Core CS,ADVANCED,94.4,True,Google,Google,2025-06-17,CRED-CE17D47E3F,https://credentials.example.com/CRED-CE17D47E3F,https://credentials.example.com/CRED-CE17D47E3F
ea9281ee-129a-4b2c-939c-34d0b4b6589c,f7778b69-42e0-4d77-9d5f-906ab089a863,Node.js,Web Development,ADVANCED,87.5,False,,,,,,
eef71027-576b-4438-98ff-737c12362d9d,f7778b69-42e0-4d77-9d5f-906ab089a863,SQL,Database,ADVANCED,66.7,False,,,,,,
c16e6826-543b-4fee-b9ab-5b40e919ed0e,f7778b69-42e0-4d77-9d5f-906ab089a863,Power BI,Data Analytics,INTERMEDIATE,46.5,False,,,,,,
50170e28-f2ac-470c-b294-df9c46162cf9,9461c275-9e50-4dbf-844b-fdcec220b20b,Figma,Design,INTERMEDIATE,51.7,False,,,,,,
fdec6106-9be5-4311-b55c-06b3b3a76357,9461c275-9e50-4dbf-844b-fdcec220b20b,Kubernetes,DevOps,ADVANCED,69.6,False,,,,,,
bec922db-cd5e-4307-a1a0-fe8eca9db2b2,9461c275-9e50-4dbf-844b-fdcec220b20b,TensorFlow,AI/ML,INTERMEDIATE,48.2,False,,,,,,
61ab1be6-723a-4253-b84a-06b79df29d66,1a6b449a-6f07-41ae-a808-2a1777a873fe,C++,Programming,BEGINNER,25.7,True,AWS Training,AWS Training,2026-04-02,CRED-8E15B1E9A3,https://credentials.example.com/CRED-8E15B1E9A3,https://credentials.example.com/CRED-8E15B1E9A3
2c57e5b5-af9d-40c1-98a5-15fed5ee9eb8,1a6b449a-6f07-41ae-a808-2a1777a873fe,Linux,Systems,INTERMEDIATE,75.0,False,,,,,,
798856f8-3968-47ad-b426-b1e39b7c56b4,1a6b449a-6f07-41ae-a808-2a1777a873fe,Python,Programming,EXPERT,89.8,True,Udemy,Udemy,2026-01-28,CRED-247E526DEE,https://credentials.example.com/CRED-247E526DEE,https://credentials.example.com/CRED-247E526DEE
d3df247f-767f-4c90-80ac-fedd871abdc3,1a6b449a-6f07-41ae-a808-2a1777a873fe,MongoDB,Database,BEGINNER,12.4,True,Coursera,Coursera,2025-12-17,CRED-B9D8A4D5F5,https://credentials.example.com/CRED-B9D8A4D5F5,https://credentials.example.com/CRED-B9D8A4D5F5
e29e66d6-286a-436f-9334-b98a53783bf3,4886a7ec-9f8a-4141-812f-7adc1d815651,Data Structures & Algorithms,Core CS,BEGINNER,16.3,False,,,,,,
be20d03b-39f9-45e0-ad16-6acef5d18919,4886a7ec-9f8a-4141-812f-7adc1d815651,Excel,Data Analytics,BEGINNER,41.3,False,,,,,,
7ae0a12b-6be6-41e2-8dc7-4f4e5e351e9d,4886a7ec-9f8a-4141-812f-7adc1d815651,Kubernetes,DevOps,ADVANCED,77.5,True,AWS Training,AWS Training,2026-04-22,CRED-9D79FC272C,https://credentials.example.com/CRED-9D79FC272C,https://credentials.example.com/CRED-9D79FC272C
b28b3d56-88c4-4f3c-84bf-1a9ec866b48a,4886a7ec-9f8a-4141-812f-7adc1d815651,SQL,Database,BEGINNER,31.3,False,,,,,,
5b4724a4-029a-448a-812e-b32f3de97b6c,4886a7ec-9f8a-4141-812f-7adc1d815651,TensorFlow,AI/ML,INTERMEDIATE,49.1,False,,,,,,
adf19744-15d3-412a-988f-eb5b0b798c6d,13ed051d-5b51-4aa5-8842-81d0e5806f5b,Figma,Design,ADVANCED,78.1,True,Udemy,Udemy,2025-11-28,CRED-ABF421C42E,https://credentials.example.com/CRED-ABF421C42E,https://credentials.example.com/CRED-ABF421C42E
1b028e74-3b15-47ed-bbf6-670418f3278a,ecca7626-ae07-4f23-80da-9ddb1c516eda,Node.js,Web Development,BEGINNER,18.4,False,,,,,,
b5168c78-f5ca-4258-aadd-07506824c003,ecca7626-ae07-4f23-80da-9ddb1c516eda,SQL,Database,INTERMEDIATE,54.7,True,Microsoft,Microsoft,2025-06-30,CRED-F687450527,https://credentials.example.com/CRED-F687450527,https://credentials.example.com/CRED-F687450527
04657ff9-ff2c-4268-bc16-ed05cbec343d,ecca7626-ae07-4f23-80da-9ddb1c516eda,Git,Tools,INTERMEDIATE,72.8,False,,,,,,
dc34ec1f-e1fc-47a6-a71d-69358c31aada,ecca7626-ae07-4f23-80da-9ddb1c516eda,TensorFlow,AI/ML,BEGINNER,35.6,False,,,,,,
84aeee04-d367-4d77-8a38-486dccad2f38,ecca7626-ae07-4f23-80da-9ddb1c516eda,Excel,Data Analytics,INTERMEDIATE,70.2,False,,,,,,
c1fcb444-d642-4de3-a9f9-31b9121aad49,ca77b9b0-3cd4-46a7-a0b3-c823780bf8b2,React,Web Development,INTERMEDIATE,69.8,False,,,,,,
eaf30ee3-070e-4db8-8d43-ae9c63d440c9,ca77b9b0-3cd4-46a7-a0b3-c823780bf8b2,Data Structures & Algorithms,Core CS,INTERMEDIATE,43.5,False,,,,,,
43864a18-deae-418a-8e92-0f223cc90de8,ca77b9b0-3cd4-46a7-a0b3-c823780bf8b2,Docker,DevOps,BEGINNER,20.1,False,,,,,,
6b5ae286-0047-4293-a210-000d14bb0754,ca77b9b0-3cd4-46a7-a0b3-c823780bf8b2,Java,Programming,BEGINNER,33.9,True,Udemy,Udemy,2025-04-10,CRED-93B01B2110,https://credentials.example.com/CRED-93B01B2110,https://credentials.example.com/CRED-93B01B2110
583fbfa3-9b74-4977-b32a-285e43a0ef47,ca77b9b0-3cd4-46a7-a0b3-c823780bf8b2,Deep Learning,AI/ML,ADVANCED,80.7,False,,,,,,
f56b6292-8e43-4568-92ca-8195bab36f92,c6d291b4-cb0e-437c-8f0d-247676f2cf42,Node.js,Web Development,ADVANCED,67.8,True,Coursera,Coursera,2025-03-19,CRED-99D2543A91,https://credentials.example.com/CRED-99D2543A91,https://credentials.example.com/CRED-99D2543A91
cff228bb-6958-47aa-b504-165985675ed7,c6d291b4-cb0e-437c-8f0d-247676f2cf42,Git,Tools,BEGINNER,34.4,False,,,,,,
dbfaf9a3-f0f5-413c-9837-95bda8b6e5ba,c6d291b4-cb0e-437c-8f0d-247676f2cf42,Excel,Data Analytics,EXPERT,90.8,True,AWS Training,AWS Training,2026-08-07,CRED-2FA96C8402,https://credentials.example.com/CRED-2FA96C8402,https://credentials.example.com/CRED-2FA96C8402
67799b49-d5de-4d31-953c-404875c0a495,c6d291b4-cb0e-437c-8f0d-247676f2cf42,Python,Programming,BEGINNER,28.3,False,,,,,,
2088d1b7-d593-4533-b559-695bdfc16e7d,260211ee-937c-4df8-8848-9c1a0478c2f2,C++,Programming,INTERMEDIATE,48.5,True,Udemy,Udemy,2025-07-21,CRED-2606A37CF2,https://credentials.example.com/CRED-2606A37CF2,https://credentials.example.com/CRED-2606A37CF2
153f0e4f-4b32-42bc-a3f3-36bfe51a6b81,260211ee-937c-4df8-8848-9c1a0478c2f2,TensorFlow,AI/ML,BEGINNER,27.0,False,,,,,,
77c0912d-7bf8-4e5b-b96d-ea2e760f1d11,c8749c2b-b4ff-4f32-98e9-7daedb9e2ee9,Kubernetes,DevOps,INTERMEDIATE,45.3,False,,,,,,
f4f1a142-5e71-40e1-8bb7-8a84335ced03,c8749c2b-b4ff-4f32-98e9-7daedb9e2ee9,Power BI,Data Analytics,ADVANCED,78.8,True,NPTEL,NPTEL,2026-04-23,CRED-C3BFF521B1,https://credentials.example.com/CRED-C3BFF521B1,https://credentials.example.com/CRED-C3BFF521B1
9d3a53cf-4c53-4242-8855-11baedae654e,c8749c2b-b4ff-4f32-98e9-7daedb9e2ee9,Python,Programming,BEGINNER,32.5,True,NPTEL,NPTEL,2025-08-14,CRED-6D7484528E,https://credentials.example.com/CRED-6D7484528E,https://credentials.example.com/CRED-6D7484528E
1b36d2fc-2d32-46b3-9ee0-c8867ecdf0f1,6e59252b-8f4d-4b5a-8e11-c84524a75f63,Machine Learning,AI/ML,BEGINNER,15.9,False,,,,,,
67749ae8-ad21-4afb-96f3-d57f39031f0a,6e59252b-8f4d-4b5a-8e11-c84524a75f63,MongoDB,Database,BEGINNER,28.4,False,,,,,,
e5e6e1cf-d9ab-42e1-b868-faf1663b4ba2,6e59252b-8f4d-4b5a-8e11-c84524a75f63,Node.js,Web Development,INTERMEDIATE,46.9,False,,,,,,
6b352368-d493-42f3-8cef-21680e240749,22269da9-6a06-4549-9c7c-daa80bc404d3,C++,Programming,INTERMEDIATE,59.9,False,,,,,,
8bee704b-02c0-4707-966e-205dd99072c1,32c44be7-76c1-4d77-a22e-66f87fb71acd,Figma,Design,ADVANCED,70.8,True,NPTEL,NPTEL,2025-07-19,CRED-F5156B2802,https://credentials.example.com/CRED-F5156B2802,https://credentials.example.com/CRED-F5156B2802
dba966fc-9b1f-4d38-8b2c-bbcdfe37a915,32c44be7-76c1-4d77-a22e-66f87fb71acd,Machine Learning,AI/ML,INTERMEDIATE,63.5,False,,,,,,
03b8d572-b4d2-4222-b122-e3016f973ae5,32c44be7-76c1-4d77-a22e-66f87fb71acd,MongoDB,Database,EXPERT,88.5,True,Udemy,Udemy,2025-07-19,CRED-6F9902510E,https://credentials.example.com/CRED-6F9902510E,https://credentials.example.com/CRED-6F9902510E
f1d72177-b808-46bd-9f5d-9960b3cd7812,32c44be7-76c1-4d77-a22e-66f87fb71acd,Git,Tools,BEGINNER,51.5,False,,,,,,
6090dd54-504e-4cad-ab0d-29d40bf88874,a11c7b94-3d35-4dcf-b26b-40a14c9c4994,Python,Programming,INTERMEDIATE,53.9,False,,,,,,
25e63bd1-6703-4d9d-a7ba-a6202ea1e9cf,a11c7b94-3d35-4dcf-b26b-40a14c9c4994,Excel,Data Analytics,BEGINNER,34.5,False,,,,,,
ccf5ea9c-7275-4c9f-a096-0a346869fc1a,a11c7b94-3d35-4dcf-b26b-40a14c9c4994,Java,Programming,EXPERT,92.6,False,,,,,,
88ee14d7-9614-4126-a18b-eaa3eeda19ce,a11c7b94-3d35-4dcf-b26b-40a14c9c4994,Power BI,Data Analytics,BEGINNER,22.9,False,,,,,,
9872d956-b0ab-45bd-a4eb-c0074a16e286,98ce75a1-d148-4552-8946-5b38883ecef3,SQL,Database,ADVANCED,90.4,True,AWS Training,AWS Training,2026-04-30,CRED-82A8B2E4BB,https://credentials.example.com/CRED-82A8B2E4BB,https://credentials.example.com/CRED-82A8B2E4BB
bb15fe53-4d30-464b-87c8-f692cf78c3ce,4bf65490-9937-4be1-b20c-5e676bb7785c,Power BI,Data Analytics,EXPERT,85.4,False,,,,,,
16adf8b5-93f1-4ac0-a026-96a9acab3151,4bf65490-9937-4be1-b20c-5e676bb7785c,React,Web Development,BEGINNER,34.1,False,,,,,,
585c91c0-b1d9-4d0d-b55c-8045236fd25a,9a37bd95-c5e9-433b-a1a2-3a7c10975b01,Figma,Design,BEGINNER,38.7,False,,,,,,
32056199-08d9-4230-ae12-55b2789a9236,9a37bd95-c5e9-433b-a1a2-3a7c10975b01,Linux,Systems,BEGINNER,20.4,False,,,,,,
20e4eddd-280b-41d5-a53b-11ff2c8be42b,9a37bd95-c5e9-433b-a1a2-3a7c10975b01,Power BI,Data Analytics,INTERMEDIATE,50.2,False,,,,,,
45e41539-dd11-46d9-b24a-9a7ea005757f,9a37bd95-c5e9-433b-a1a2-3a7c10975b01,AWS,Cloud,BEGINNER,22.8,False,,,,,,
a0efb438-5f70-4c9a-a7e1-fe0a555649bf,9a37bd95-c5e9-433b-a1a2-3a7c10975b01,React,Web Development,INTERMEDIATE,67.0,False,,,,,,
58823388-9091-4f7d-8cd0-5b2367969dd8,db938d4c-c25a-4cac-bd69-6bcda93aa4cf,AWS,Cloud,INTERMEDIATE,47.5,False,,,,,,
38c711f9-ce92-484c-935b-ad3cb94be49a,db938d4c-c25a-4cac-bd69-6bcda93aa4cf,Excel,Data Analytics,INTERMEDIATE,50.1,False,,,,,,
0b434604-ba83-480d-a01e-c115a4d884e1,db938d4c-c25a-4cac-bd69-6bcda93aa4cf,SQL,Database,BEGINNER,25.8,True,Coursera,Coursera,2025-04-19,CRED-D1CE88FDB1,https://credentials.example.com/CRED-D1CE88FDB1,https://credentials.example.com/CRED-D1CE88FDB1
3970c4ea-bac1-471c-b293-a4459816abf1,44e310ef-e692-422a-a593-c9867b6155d8,AWS,Cloud,BEGINNER,32.6,False,,,,,,
602c8618-8810-4824-ac77-2beb46c539c5,44e310ef-e692-422a-a593-c9867b6155d8,Python,Programming,EXPERT,83.7,False,,,,,,
5d2975a0-39e2-4c8c-b194-deb821e2e128,44e310ef-e692-422a-a593-c9867b6155d8,TensorFlow,AI/ML,ADVANCED,79.0,True,Microsoft,Microsoft,2025-06-23,CRED-43ABF2D6E5,https://credentials.example.com/CRED-43ABF2D6E5,https://credentials.example.com/CRED-43ABF2D6E5
9569ad21-6a03-46eb-afee-d3d92dd5e58c,44e310ef-e692-422a-a593-c9867b6155d8,React,Web Development,INTERMEDIATE,63.3,False,,,,,,
157f927b-1b15-445b-9247-a00615f419ff,08a3fd49-db4f-4293-9631-cbf8c89d0a87,Deep Learning,AI/ML,INTERMEDIATE,60.9,True,Microsoft,Microsoft,2025-02-03,CRED-FA36835C1A,https://credentials.example.com/CRED-FA36835C1A,https://credentials.example.com/CRED-FA36835C1A
6e56295d-1984-4b24-897b-ca320d5bfded,08a3fd49-db4f-4293-9631-cbf8c89d0a87,C++,Programming,EXPERT,85.2,True,Google,Google,2026-08-13,CRED-BEB02F9747,https://credentials.example.com/CRED-BEB02F9747,https://credentials.example.com/CRED-BEB02F9747
a5344f97-433a-4353-802e-e40bacc07e45,af70f11a-dacf-4a55-906f-d0f616848658,Kubernetes,DevOps,ADVANCED,73.9,True,Udemy,Udemy,2026-08-07,CRED-40BF40A281,https://credentials.example.com/CRED-40BF40A281,https://credentials.example.com/CRED-40BF40A281
94be76e1-e3b8-451c-ab4b-c8604a05a0ca,af70f11a-dacf-4a55-906f-d0f616848658,Machine Learning,AI/ML,EXPERT,100.0,True,Coursera,Coursera,2025-03-22,CRED-A84D4A24E5,https://credentials.example.com/CRED-A84D4A24E5,https://credentials.example.com/CRED-A84D4A24E5
b09e4bde-dd4c-4364-a3ca-8f781aa29e54,af70f11a-dacf-4a55-906f-d0f616848658,Python,Programming,ADVANCED,70.7,False,,,,,,
132e1b87-904a-422c-81e7-696b3a82566a,af70f11a-dacf-4a55-906f-d0f616848658,JavaScript,Programming,INTERMEDIATE,57.0,True,Google,Google,2025-03-16,CRED-573BE922AD,https://credentials.example.com/CRED-573BE922AD,https://credentials.example.com/CRED-573BE922AD
4436c444-e482-47ab-8342-3390ef6a7f9e,af70f11a-dacf-4a55-906f-d0f616848658,Git,Tools,BEGINNER,43.7,True,Udemy,Udemy,2025-08-25,CRED-3EF1744593,https://credentials.example.com/CRED-3EF1744593,https://credentials.example.com/CRED-3EF1744593
f427ff3f-e5c6-4b0a-b5ef-b984d615c0a5,d2330171-f678-4f36-aee3-060fc9493057,React,Web Development,ADVANCED,69.8,False,,,,,,
93fa9eae-ef14-4bd1-bc44-574c091fb2fd,d2330171-f678-4f36-aee3-060fc9493057,Git,Tools,INTERMEDIATE,73.2,False,,,,,,
9b7aac55-1a8c-4739-b148-5b3f065188a2,d2330171-f678-4f36-aee3-060fc9493057,Python,Programming,BEGINNER,12.0,False,,,,,,
f50eedef-46ad-4727-8713-cc2f6e52fc6c,d2330171-f678-4f36-aee3-060fc9493057,Linux,Systems,INTERMEDIATE,71.7,False,,,,,,
f669cc5d-8513-4bbc-95f0-fa2af6ca648d,d2330171-f678-4f36-aee3-060fc9493057,Kubernetes,DevOps,ADVANCED,69.1,False,,,,,,
9704900d-81a6-4260-b6ff-42107e102d2a,3ba6bb55-fb55-45c1-8c1e-5c545095c667,Kubernetes,DevOps,INTERMEDIATE,55.0,False,,,,,,
33bf7462-c885-4f98-9e1a-ae3d41cd5203,3ba6bb55-fb55-45c1-8c1e-5c545095c667,React,Web Development,INTERMEDIATE,56.5,True,Udemy,Udemy,2026-03-24,CRED-7C708171A0,https://credentials.example.com/CRED-7C708171A0,https://credentials.example.com/CRED-7C708171A0
1fc9df09-3807-41f3-9b9a-8ce5b33b0327,f8bd4c71-45ff-4dab-b2d3-bbf1ebcd193b,TensorFlow,AI/ML,INTERMEDIATE,45.0,False,,,,,,
5a68a5f0-7ab4-476b-a37f-908514c76df3,19139439-ffbf-483f-ba8d-7ac63c091b03,SQL,Database,INTERMEDIATE,43.4,False,,,,,,
57a3a414-2436-4e9d-b262-a6dced67c441,19139439-ffbf-483f-ba8d-7ac63c091b03,Data Structures & Algorithms,Core CS,INTERMEDIATE,50.9,False,,,,,,
15e74a33-cb3e-43d5-9b85-b6c3edd33f67,19139439-ffbf-483f-ba8d-7ac63c091b03,C++,Programming,ADVANCED,76.6,True,Google,Google,2026-04-09,CRED-58346C8AF2,https://credentials.example.com/CRED-58346C8AF2,https://credentials.example.com/CRED-58346C8AF2
09fc0061-63b2-4229-ac31-4c92e49dcaff,19139439-ffbf-483f-ba8d-7ac63c091b03,MongoDB,Database,ADVANCED,82.9,False,,,,,,
3ca8f692-9a3d-4a57-93d8-4e8a976cdf29,2c31b150-b3c4-489f-8693-6013b9436ffe,Deep Learning,AI/ML,INTERMEDIATE,51.1,False,,,,,,
e41e00e2-f8b0-47d9-807b-931b4fce40a3,3f585e7a-a76b-4a8c-94a4-c4043f78aeee,Deep Learning,AI/ML,ADVANCED,56.0,False,,,,,,
7b74c05c-f20e-4b0f-9b16-f308f7a4e012,3f585e7a-a76b-4a8c-94a4-c4043f78aeee,Linux,Systems,BEGINNER,35.0,False,,,,,,
eb621ae0-7cad-4060-86d6-d42f9b257446,3f585e7a-a76b-4a8c-94a4-c4043f78aeee,Node.js,Web Development,INTERMEDIATE,37.5,False,,,,,,
dd76d965-bffa-4ce0-8fa8-ff179fed1520,3f585e7a-a76b-4a8c-94a4-c4043f78aeee,Docker,DevOps,BEGINNER,27.9,True,Udemy,Udemy,2026-02-17,CRED-8E8DB030E1,https://credentials.example.com/CRED-8E8DB030E1,https://credentials.example.com/CRED-8E8DB030E1
75d184d8-b7d2-4c5f-bf5c-bb819867fa61,3f585e7a-a76b-4a8c-94a4-c4043f78aeee,Kubernetes,DevOps,BEGINNER,5.0,False,,,,,,
70f660a6-ca41-4202-9037-48fda8a7656c,03a9826d-4b05-4977-b633-909e5cab854f,Node.js,Web Development,INTERMEDIATE,67.0,False,,,,,,
108b6ff6-fa8d-4aa0-bfdc-2ccf888adefe,be804ffe-7b1c-4afb-be73-892ffdcaa995,MongoDB,Database,ADVANCED,87.0,True,Udemy,Udemy,2026-06-19,CRED-86627B0422,https://credentials.example.com/CRED-86627B0422,https://credentials.example.com/CRED-86627B0422
8b84657d-9942-4b10-b3b7-783d5d8c98ec,fe7d693a-701e-4722-b742-b18e299411ad,Python,Programming,EXPERT,100.0,True,Coursera,Coursera,2025-12-28,CRED-319F61B3B9,https://credentials.example.com/CRED-319F61B3B9,https://credentials.example.com/CRED-319F61B3B9
74eec9ea-160b-40e0-8c90-863cc80cbd8d,fe7d693a-701e-4722-b742-b18e299411ad,Linux,Systems,EXPERT,100.0,True,AWS Training,AWS Training,2025-09-20,CRED-6E3C951195,https://credentials.example.com/CRED-6E3C951195,https://credentials.example.com/CRED-6E3C951195
f6a2ae4e-8fef-43a1-a166-552226c1f7c5,2cd8aded-286c-4d6b-aef9-d3f737ee116f,Excel,Data Analytics,BEGINNER,53.2,False,,,,,,
c9e948f8-7a58-448a-8ebf-dd7f69cda4cb,2cd8aded-286c-4d6b-aef9-d3f737ee116f,Docker,DevOps,ADVANCED,100.0,True,Udemy,Udemy,2025-09-02,CRED-F52C4B07E2,https://credentials.example.com/CRED-F52C4B07E2,https://credentials.example.com/CRED-F52C4B07E2
5b77bc94-9f94-41e6-ab17-e460070016c5,2cd8aded-286c-4d6b-aef9-d3f737ee116f,C++,Programming,INTERMEDIATE,54.8,False,,,,,,
f19443ee-2c80-4c52-b190-8d7a0078a5e7,2cd8aded-286c-4d6b-aef9-d3f737ee116f,TensorFlow,AI/ML,INTERMEDIATE,47.5,False,,,,,,
2330488d-e591-4db6-9edd-05a5185e825d,4454e29c-1b68-4767-aaef-cb16b89997b4,Excel,Data Analytics,BEGINNER,50.4,False,,,,,,
a7d4b0e7-f3f6-4bbc-aa23-a35b9dd0e5dd,4454e29c-1b68-4767-aaef-cb16b89997b4,Node.js,Web Development,ADVANCED,71.5,True,Google,Google,2025-11-18,CRED-FC53E2DD4F,https://credentials.example.com/CRED-FC53E2DD4F,https://credentials.example.com/CRED-FC53E2DD4F
e1558bc0-8da5-4f80-b529-0b40a3076844,8afbbc17-5de9-41d9-8309-09ea87c46621,Kubernetes,DevOps,INTERMEDIATE,62.6,False,,,,,,
06d5821f-13aa-4a16-ac7f-f22f60f32d35,4117a364-ae31-4089-8541-dac4555bee96,Docker,DevOps,ADVANCED,74.6,False,,,,,,
49333d9b-b7b5-4e04-bafa-1f580b80f04e,4117a364-ae31-4089-8541-dac4555bee96,Deep Learning,AI/ML,ADVANCED,77.4,True,AWS Training,AWS Training,2025-10-30,CRED-3558DF3192,https://credentials.example.com/CRED-3558DF3192,https://credentials.example.com/CRED-3558DF3192
3d38284d-2938-4433-b31e-71d3d2fb7812,4117a364-ae31-4089-8541-dac4555bee96,Node.js,Web Development,BEGINNER,23.5,True,Microsoft,Microsoft,2026-05-08,CRED-63DA49A61E,https://credentials.example.com/CRED-63DA49A61E,https://credentials.example.com/CRED-63DA49A61E
a661383a-e489-4dd4-9c16-9cd462849042,4117a364-ae31-4089-8541-dac4555bee96,Excel,Data Analytics,BEGINNER,43.3,False,,,,,,
48ae58a2-720a-4e63-8cf1-576b93d05a17,bda3289e-fa56-487f-ab01-2addfa83b70f,JavaScript,Programming,INTERMEDIATE,53.0,False,,,,,,
30edf985-3ebd-4e6d-b19b-35193e04e731,bda3289e-fa56-487f-ab01-2addfa83b70f,TensorFlow,AI/ML,ADVANCED,87.4,False,,,,,,
76d8f782-ad69-4ce0-a233-9efbc2630141,bda3289e-fa56-487f-ab01-2addfa83b70f,Python,Programming,INTERMEDIATE,49.8,False,,,,,,
ff554870-abc0-42a8-a68e-6f41c12b02f5,bda3289e-fa56-487f-ab01-2addfa83b70f,C++,Programming,BEGINNER,35.3,True,NPTEL,NPTEL,2025-03-22,CRED-A9F8C7A757,https://credentials.example.com/CRED-A9F8C7A757,https://credentials.example.com/CRED-A9F8C7A757
9c1bebf5-c75a-4af7-bece-ec394db436a5,6100bd34-64d4-4824-9fc1-d2a28fb1ef85,Node.js,Web Development,ADVANCED,73.4,True,Microsoft,Microsoft,2026-04-01,CRED-684CAA79D0,https://credentials.example.com/CRED-684CAA79D0,https://credentials.example.com/CRED-684CAA79D0
b25a2998-6245-45ae-b663-1d2aba0a29a8,6100bd34-64d4-4824-9fc1-d2a28fb1ef85,AWS,Cloud,INTERMEDIATE,71.1,True,Google,Google,2026-03-20,CRED-4A9E22EFE6,https://credentials.example.com/CRED-4A9E22EFE6,https://credentials.example.com/CRED-4A9E22EFE6
822087bb-b43c-4817-b23b-ad626e5b55c4,6100bd34-64d4-4824-9fc1-d2a28fb1ef85,Python,Programming,ADVANCED,65.9,False,,,,,,
bf3bd7a8-18ae-4c43-841f-4a6e9f389689,1bb6f043-1c46-4430-890f-7bab8ffbd88f,Kubernetes,DevOps,BEGINNER,34.9,False,,,,,,
43ce2a9f-96c6-453e-acaa-cbd0edf36fc7,1bb6f043-1c46-4430-890f-7bab8ffbd88f,Git,Tools,INTERMEDIATE,49.4,True,Coursera,Coursera,2025-07-04,CRED-CC89A8FDD3,https://credentials.example.com/CRED-CC89A8FDD3,https://credentials.example.com/CRED-CC89A8FDD3
6b9ee6c8-9e8e-465c-aea1-e499b0055fea,1bb6f043-1c46-4430-890f-7bab8ffbd88f,React,Web Development,BEGINNER,35.6,False,,,,,,
3abd5646-d232-4645-bff1-015f8617b82d,eb92fbf1-8d20-4f42-872a-8aaa1edb0d66,SQL,Database,BEGINNER,19.1,False,,,,,,
73245104-bf69-4461-bb2d-e0922dec972a,eb92fbf1-8d20-4f42-872a-8aaa1edb0d66,Data Structures & Algorithms,Core CS,INTERMEDIATE,69.5,False,,,,,,
a1445dbe-8b50-4e06-8e78-330b23eeb408,eb92fbf1-8d20-4f42-872a-8aaa1edb0d66,JavaScript,Programming,BEGINNER,39.3,False,,,,,,
7d255f51-5cb3-497f-a095-3886fb7682ff,bb1407aa-54d3-4443-bcf8-26a6e4b53711,C++,Programming,INTERMEDIATE,64.6,False,,,,,,
e5ebff73-ac14-4e42-852c-e20ef91de4b0,bb1407aa-54d3-4443-bcf8-26a6e4b53711,Power BI,Data Analytics,ADVANCED,69.6,True,Google,Google,2025-11-22,CRED-D0907E5010,https://credentials.example.com/CRED-D0907E5010,https://credentials.example.com/CRED-D0907E5010
879ead59-7dcd-4147-9fbc-1eab6050fb3b,c09b927d-fe3c-4e8d-a157-100cef49d473,Linux,Systems,ADVANCED,92.1,False,,,,,,
eb1fc57d-9da8-4844-97ac-8949abd4a580,a85f56b6-d3e0-40ad-8013-54d17dd157d8,Deep Learning,AI/ML,INTERMEDIATE,53.5,False,,,,,,
56cc1721-16d2-4b39-b694-b1c9c61de599,a85f56b6-d3e0-40ad-8013-54d17dd157d8,C++,Programming,BEGINNER,48.8,False,,,,,,
7a04b29b-c1a0-485e-a6ee-58b0e984ed56,a85f56b6-d3e0-40ad-8013-54d17dd157d8,Excel,Data Analytics,INTERMEDIATE,74.1,True,Google,Google,2025-05-21,CRED-8CFF838F06,https://credentials.example.com/CRED-8CFF838F06,https://credentials.example.com/CRED-8CFF838F06
c2a6fee4-c367-4224-80be-1f192cc21570,a85f56b6-d3e0-40ad-8013-54d17dd157d8,Node.js,Web Development,INTERMEDIATE,60.4,False,,,,,,
4d85f212-cab6-4001-b7f9-6ce4d5456284,a85f56b6-d3e0-40ad-8013-54d17dd157d8,TensorFlow,AI/ML,EXPERT,87.8,False,,,,,,
a07d3786-1423-4465-ae22-066c6aa550e3,409cf411-6e95-4cdb-b382-448abd0c129a,Java,Programming,ADVANCED,80.2,False,,,,,,
c0ce2345-4e31-43ef-84b8-9e360682abe4,409cf411-6e95-4cdb-b382-448abd0c129a,Power BI,Data Analytics,BEGINNER,50.7,False,,,,,,
3770fc2a-55b9-4fdf-adaf-e56242ac2e0c,409cf411-6e95-4cdb-b382-448abd0c129a,Python,Programming,BEGINNER,23.9,False,,,,,,
45c86abe-86df-415d-b376-d1cf78d6f3ea,409cf411-6e95-4cdb-b382-448abd0c129a,MongoDB,Database,BEGINNER,40.1,False,,,,,,
46bda195-cc34-4391-abfd-14170a8f6ac5,409cf411-6e95-4cdb-b382-448abd0c129a,Data Structures & Algorithms,Core CS,BEGINNER,32.7,False,,,,,,
42dba516-9583-48c9-979e-222789785c35,bef769fe-c1a0-4bf9-aa74-75899f4c4c31,C++,Programming,INTERMEDIATE,48.5,True,Google,Google,2026-02-21,CRED-8CD75502E3,https://credentials.example.com/CRED-8CD75502E3,https://credentials.example.com/CRED-8CD75502E3
9395b9cf-d546-4f45-979e-8cf2ba5026c6,bef769fe-c1a0-4bf9-aa74-75899f4c4c31,React,Web Development,INTERMEDIATE,53.2,True,Udemy,Udemy,2025-07-16,CRED-313763AFC1,https://credentials.example.com/CRED-313763AFC1,https://credentials.example.com/CRED-313763AFC1
5a3632bf-6662-4149-bdd5-3bc064c9c7d2,bef769fe-c1a0-4bf9-aa74-75899f4c4c31,Excel,Data Analytics,EXPERT,94.2,True,AWS Training,AWS Training,2026-05-01,CRED-637ECE21FE,https://credentials.example.com/CRED-637ECE21FE,https://credentials.example.com/CRED-637ECE21FE
b3fa1323-d559-4136-a599-c391a6565725,bef769fe-c1a0-4bf9-aa74-75899f4c4c31,MongoDB,Database,INTERMEDIATE,49.1,False,,,,,,
69e5bb5d-98df-4b85-8789-0954812d2132,bef769fe-c1a0-4bf9-aa74-75899f4c4c31,Node.js,Web Development,INTERMEDIATE,57.4,False,,,,,,
577fd402-7fc7-4b6c-92a2-e44428b116cb,cbe48a00-dba8-4941-8877-14b9d4018bef,React,Web Development,ADVANCED,85.7,True,Google,Google,2025-09-28,CRED-72C38EA4C2,https://credentials.example.com/CRED-72C38EA4C2,https://credentials.example.com/CRED-72C38EA4C2
21fb5055-0dd7-4dfb-8f18-220ef5d43ba7,cbe48a00-dba8-4941-8877-14b9d4018bef,Excel,Data Analytics,INTERMEDIATE,63.3,False,,,,,,
6e1bec16-db32-4b70-abd0-a8998d2395d3,cbe48a00-dba8-4941-8877-14b9d4018bef,AWS,Cloud,BEGINNER,39.0,False,,,,,,
ea1d299c-2f49-49a5-bff7-9f447b3b2b7a,cbe48a00-dba8-4941-8877-14b9d4018bef,Docker,DevOps,BEGINNER,33.4,False,,,,,,
a44d06f4-4281-48d3-a8e2-0c8a58930290,51146eb7-964c-49c5-b017-92e613faf320,AWS,Cloud,ADVANCED,72.4,False,,,,,,
8f8e1314-28e2-4f21-86ce-bb8edb4f7e34,51146eb7-964c-49c5-b017-92e613faf320,Python,Programming,EXPERT,81.3,False,,,,,,
67d129ff-7d25-48c6-b6a0-f21d1811502f,51146eb7-964c-49c5-b017-92e613faf320,JavaScript,Programming,INTERMEDIATE,64.5,False,,,,,,
eaa27c79-f3c7-441c-9170-f9fad98ee945,51146eb7-964c-49c5-b017-92e613faf320,Machine Learning,AI/ML,BEGINNER,51.4,False,,,,,,
bd283b0e-09a3-46dc-a9b7-1feb3efbf97a,d689ac4b-bafe-4de3-afc0-e804c2580239,Data Structures & Algorithms,Core CS,INTERMEDIATE,54.3,True,Google,Google,2026-07-01,CRED-5F4ACB7BF1,https://credentials.example.com/CRED-5F4ACB7BF1,https://credentials.example.com/CRED-5F4ACB7BF1
ec1b7566-b5ad-40c0-a511-46d6af148b9b,d689ac4b-bafe-4de3-afc0-e804c2580239,TensorFlow,AI/ML,INTERMEDIATE,56.9,False,,,,,,
bbac45d4-ac44-4a8c-a0bc-8f72dcace675,d689ac4b-bafe-4de3-afc0-e804c2580239,Power BI,Data Analytics,BEGINNER,16.3,True,NPTEL,NPTEL,2025-07-22,CRED-8D1A5440E2,https://credentials.example.com/CRED-8D1A5440E2,https://credentials.example.com/CRED-8D1A5440E2
1dff1532-f356-47f6-8855-2c43fb55632b,d689ac4b-bafe-4de3-afc0-e804c2580239,Java,Programming,ADVANCED,68.8,False,,,,,,
1bef395d-f9c1-4672-a5d4-22d91e7b07aa,d689ac4b-bafe-4de3-afc0-e804c2580239,AWS,Cloud,BEGINNER,22.6,False,,,,,,
2a9980de-fc2d-4ba9-9ebf-3601d7e6af84,ad1cfaf1-754b-48ad-afc9-65092927ffc7,Kubernetes,DevOps,ADVANCED,67.2,True,Coursera,Coursera,2025-04-16,CRED-26778F6209,https://credentials.example.com/CRED-26778F6209,https://credentials.example.com/CRED-26778F6209
39cefe75-744e-4f08-85e6-a1d592831d92,ad1cfaf1-754b-48ad-afc9-65092927ffc7,Machine Learning,AI/ML,INTERMEDIATE,69.2,False,,,,,,
90728a21-bdae-4cfe-aaa2-b361492fa0ec,c1083a62-3b14-4f0d-8ffd-1c6cbaae1aff,JavaScript,Programming,BEGINNER,30.6,False,,,,,,
448df239-7b8a-49d0-a2ac-6e624d6166b4,c1083a62-3b14-4f0d-8ffd-1c6cbaae1aff,SQL,Database,BEGINNER,23.0,False,,,,,,
a24b6118-8fff-45db-a83c-10a9d0f99e78,c1083a62-3b14-4f0d-8ffd-1c6cbaae1aff,Linux,Systems,BEGINNER,31.1,False,,,,,,
c1d77b5f-20e7-49fc-8838-5a88ca1a3e0d,f5a9cfac-58d1-4b44-9fe1-0b48e485a3ec,Kubernetes,DevOps,INTERMEDIATE,39.8,False,,,,,,
94711084-0856-4a40-bf56-5aec0075142c,f5a9cfac-58d1-4b44-9fe1-0b48e485a3ec,Data Structures & Algorithms,Core CS,BEGINNER,36.2,True,Udemy,Udemy,2025-09-15,CRED-68027A0AD3,https://credentials.example.com/CRED-68027A0AD3,https://credentials.example.com/CRED-68027A0AD3
38c2e362-c9f1-4a64-905a-d8ce22ca3ab1,f5a9cfac-58d1-4b44-9fe1-0b48e485a3ec,Git,Tools,BEGINNER,18.1,False,,,,,,
6d67b678-8779-4767-9890-c69b94b96c25,f5a9cfac-58d1-4b44-9fe1-0b48e485a3ec,Deep Learning,AI/ML,INTERMEDIATE,64.7,False,,,,,,
302f5c6d-9510-4e70-a6bd-10100353215d,f5a9cfac-58d1-4b44-9fe1-0b48e485a3ec,JavaScript,Programming,BEGINNER,10.4,False,,,,,,
5251dd9e-0fff-4053-a66d-43bd6619a763,4fc2d90d-1585-4489-9ff9-6efd2aa92b0e,C++,Programming,INTERMEDIATE,64.0,False,,,,,,
c7a89c33-4e2c-474e-a364-e2711e20011c,4fc2d90d-1585-4489-9ff9-6efd2aa92b0e,Java,Programming,ADVANCED,81.7,True,Microsoft,Microsoft,2026-06-01,CRED-34855504BB,https://credentials.example.com/CRED-34855504BB,https://credentials.example.com/CRED-34855504BB
9d3bdc49-af98-4ceb-9678-b0ef4aff6605,4fc2d90d-1585-4489-9ff9-6efd2aa92b0e,Docker,DevOps,INTERMEDIATE,48.0,True,NPTEL,NPTEL,2025-07-10,CRED-601E5F360C,https://credentials.example.com/CRED-601E5F360C,https://credentials.example.com/CRED-601E5F360C
bc0ab5dd-a319-4ca5-a866-df6cc3f73fa3,fb2c6ae3-df5b-4ce9-aebf-5328b0399ab1,Git,Tools,BEGINNER,34.6,True,Udemy,Udemy,2026-04-25,CRED-F0BD802F57,https://credentials.example.com/CRED-F0BD802F57,https://credentials.example.com/CRED-F0BD802F57
0932b696-c5d4-4d1b-8072-c8b092e3ee56,fb2c6ae3-df5b-4ce9-aebf-5328b0399ab1,Java,Programming,ADVANCED,74.5,True,Microsoft,Microsoft,2026-01-08,CRED-37A894C44C,https://credentials.example.com/CRED-37A894C44C,https://credentials.example.com/CRED-37A894C44C
e692555b-4fe5-4901-af20-4039e49b1117,fb2c6ae3-df5b-4ce9-aebf-5328b0399ab1,C++,Programming,BEGINNER,18.2,False,,,,,,
17575c36-10a1-4785-ba45-413b2a31fc1a,fb2c6ae3-df5b-4ce9-aebf-5328b0399ab1,AWS,Cloud,ADVANCED,79.4,True,Coursera,Coursera,2025-09-18,CRED-10147B8157,https://credentials.example.com/CRED-10147B8157,https://credentials.example.com/CRED-10147B8157
c3191f93-a4ca-48b6-9697-4b0fff9ed433,fb2c6ae3-df5b-4ce9-aebf-5328b0399ab1,SQL,Database,EXPERT,86.8,False,,,,,,
6195c895-c9c5-4971-9a8e-83a98fc40fcc,6acff061-b26f-4ed0-b643-7e8744c10050,Deep Learning,AI/ML,ADVANCED,91.3,False,,,,,,
8a274858-f54a-460b-a4f5-1ff3ba207f86,2de02bf8-dad6-4d6d-b1b4-371757677280,Data Structures & Algorithms,Core CS,BEGINNER,38.4,True,Udemy,Udemy,2025-07-25,CRED-021E17FF06,https://credentials.example.com/CRED-021E17FF06,https://credentials.example.com/CRED-021E17FF06
0479e8ff-c9e3-4224-9a86-3a93d1948de7,2de02bf8-dad6-4d6d-b1b4-371757677280,Kubernetes,DevOps,INTERMEDIATE,59.3,True,Microsoft,Microsoft,2025-09-24,CRED-C306657EB6,https://credentials.example.com/CRED-C306657EB6,https://credentials.example.com/CRED-C306657EB6
e9e4fbd4-9bbc-479f-b0c9-08dddde3766a,2de02bf8-dad6-4d6d-b1b4-371757677280,Java,Programming,ADVANCED,71.9,True,NPTEL,NPTEL,2026-02-15,CRED-40AD09A8CB,https://credentials.example.com/CRED-40AD09A8CB,https://credentials.example.com/CRED-40AD09A8CB
c4d6f086-5957-49ac-88ef-5fbfd609b16f,2de02bf8-dad6-4d6d-b1b4-371757677280,Python,Programming,BEGINNER,50.1,False,,,,,,
3f174cfb-b996-4bd4-8daf-a0f2160ad79e,53e1e785-d6ed-4904-a0a3-d5d5fbef2753,Figma,Design,INTERMEDIATE,35.8,False,,,,,,
1d72bf38-668d-4460-bee1-207362617e4d,95a87c74-750e-4a67-a9cd-e11e462e8260,Java,Programming,INTERMEDIATE,62.8,False,,,,,,
8e6ec147-e9d2-4a9e-8e0e-e123ed8aadae,95a87c74-750e-4a67-a9cd-e11e462e8260,TensorFlow,AI/ML,INTERMEDIATE,46.0,False,,,,,,
c6e7cad6-1f79-4f16-8f89-c75ffb2a6ef0,95a87c74-750e-4a67-a9cd-e11e462e8260,Figma,Design,ADVANCED,80.0,True,Udemy,Udemy,2026-06-09,CRED-0C46DA261C,https://credentials.example.com/CRED-0C46DA261C,https://credentials.example.com/CRED-0C46DA261C
8d2c7376-c4ce-4695-b6b9-039177bca330,2fb2c8b1-e864-4ab0-9271-1d083fe14749,Java,Programming,INTERMEDIATE,40.6,False,,,,,,
fdae40d0-39a7-48ac-8a67-8b7da01d39ad,fabd70fc-d6f2-4cc4-b34c-1379e85b960a,Kubernetes,DevOps,BEGINNER,29.3,False,,,,,,
c732a3dc-5e15-4c92-b8ce-0b59e4486a4d,fabd70fc-d6f2-4cc4-b34c-1379e85b960a,Machine Learning,AI/ML,BEGINNER,28.2,False,,,,,,
36738a1e-27ec-43d2-a0cc-a65dc68638c0,fabd70fc-d6f2-4cc4-b34c-1379e85b960a,Deep Learning,AI/ML,BEGINNER,41.7,False,,,,,,
b32a8ad5-fb2e-4356-9c57-a335769c6764,fabd70fc-d6f2-4cc4-b34c-1379e85b960a,TensorFlow,AI/ML,BEGINNER,15.3,False,,,,,,
ce9a46d7-e923-41eb-b27e-fbf6114372d5,fabd70fc-d6f2-4cc4-b34c-1379e85b960a,Node.js,Web Development,INTERMEDIATE,60.8,True,AWS Training,AWS Training,2026-04-20,CRED-14404D84E7,https://credentials.example.com/CRED-14404D84E7,https://credentials.example.com/CRED-14404D84E7
89bfae24-8fff-40ea-b3d3-4cc1bf4a094b,6b8a2c7d-2352-4224-b0d2-449f0997b999,SQL,Database,ADVANCED,72.7,True,Udemy,Udemy,2026-03-25,CRED-C0CEAC4A11,https://credentials.example.com/CRED-C0CEAC4A11,https://credentials.example.com/CRED-C0CEAC4A11
a7b12ad7-dd5c-4db9-8995-50f889bc9744,6b8a2c7d-2352-4224-b0d2-449f0997b999,JavaScript,Programming,INTERMEDIATE,54.3,True,AWS Training,AWS Training,2025-07-27,CRED-ABD6A6E385,https://credentials.example.com/CRED-ABD6A6E385,https://credentials.example.com/CRED-ABD6A6E385
e5966522-699f-4b01-aa2b-441a6a5ec67d,6b8a2c7d-2352-4224-b0d2-449f0997b999,Excel,Data Analytics,INTERMEDIATE,53.1,True,Microsoft,Microsoft,2026-02-12,CRED-68A70C04EF,https://credentials.example.com/CRED-68A70C04EF,https://credentials.example.com/CRED-68A70C04EF
2a1aa59d-a6ed-43b3-a29d-8e4fb399e0fe,6b8a2c7d-2352-4224-b0d2-449f0997b999,Python,Programming,ADVANCED,82.1,True,Coursera,Coursera,2025-12-18,CRED-81FC81C081,https://credentials.example.com/CRED-81FC81C081,https://credentials.example.com/CRED-81FC81C081
548708f7-df55-4706-8da7-3d5ba0d95450,3429e66c-34c4-4c6d-880e-b1533d5cc61d,Machine Learning,AI/ML,INTERMEDIATE,75.4,False,,,,,,
80e9fbf7-0d0d-4408-921c-81ca757f7a4e,3429e66c-34c4-4c6d-880e-b1533d5cc61d,Excel,Data Analytics,INTERMEDIATE,57.8,True,AWS Training,AWS Training,2026-04-16,CRED-7DDA79BA18,https://credentials.example.com/CRED-7DDA79BA18,https://credentials.example.com/CRED-7DDA79BA18
8d7fb602-4683-4545-ac3d-e5fdd3f6c373,3429e66c-34c4-4c6d-880e-b1533d5cc61d,Docker,DevOps,INTERMEDIATE,48.3,False,,,,,,
efcfe65d-c8f8-4d6c-a3ac-09487bb6437b,3429e66c-34c4-4c6d-880e-b1533d5cc61d,Python,Programming,ADVANCED,74.8,True,NPTEL,NPTEL,2025-04-25,CRED-CFBC48A49B,https://credentials.example.com/CRED-CFBC48A49B,https://credentials.example.com/CRED-CFBC48A49B
35c71e05-be8c-47cb-b165-ea91ac119534,3429e66c-34c4-4c6d-880e-b1533d5cc61d,Data Structures & Algorithms,Core CS,INTERMEDIATE,35.4,False,,,,,,
216ef69b-45b9-4fef-8f55-db06d56205b4,2d35b1f4-f239-4d0a-8fe2-6dbd3991554c,C++,Programming,EXPERT,100.0,True,Udemy,Udemy,2025-12-29,CRED-1B01EA6B2B,https://credentials.example.com/CRED-1B01EA6B2B,https://credentials.example.com/CRED-1B01EA6B2B
aa6e1c6f-2c98-407a-8bba-5711c0c61aff,2d35b1f4-f239-4d0a-8fe2-6dbd3991554c,Deep Learning,AI/ML,BEGINNER,16.3,False,,,,,,
66454c38-8512-459b-b881-cc56ad444c3a,2d35b1f4-f239-4d0a-8fe2-6dbd3991554c,Node.js,Web Development,ADVANCED,83.7,False,,,,,,
cd93c944-451f-4671-839e-07fe2d1b3acb,2d35b1f4-f239-4d0a-8fe2-6dbd3991554c,Python,Programming,INTERMEDIATE,35.7,False,,,,,,
7f957f2d-fc4a-46dc-9556-44ddf6e5d303,121dad7f-adcb-4cfa-98b0-086aeca4ac60,Figma,Design,ADVANCED,80.3,True,Coursera,Coursera,2026-06-10,CRED-3EB244935E,https://credentials.example.com/CRED-3EB244935E,https://credentials.example.com/CRED-3EB244935E
f81a0f2e-5990-4a8c-808c-33dc1d9e3f1c,121dad7f-adcb-4cfa-98b0-086aeca4ac60,Data Structures & Algorithms,Core CS,BEGINNER,22.1,False,,,,,,
13652fb8-e947-40da-8d7a-2ed484101a2d,121dad7f-adcb-4cfa-98b0-086aeca4ac60,Deep Learning,AI/ML,BEGINNER,21.8,False,,,,,,
02579202-a4f6-4c29-815b-9569bdee5413,121dad7f-adcb-4cfa-98b0-086aeca4ac60,Excel,Data Analytics,INTERMEDIATE,46.9,False,,,,,,
3e8ca099-d237-402b-9f5e-7d44f7a8c481,2627b2fe-5f07-4dc4-9587-597de2848dc9,Power BI,Data Analytics,ADVANCED,80.3,True,Coursera,Coursera,2025-04-22,CRED-E1062BF0E0,https://credentials.example.com/CRED-E1062BF0E0,https://credentials.example.com/CRED-E1062BF0E0
f2aeef88-4863-45db-b7e3-84deeedd294a,2627b2fe-5f07-4dc4-9587-597de2848dc9,Docker,DevOps,INTERMEDIATE,47.6,True,Coursera,Coursera,2025-05-24,CRED-51562AA24C,https://credentials.example.com/CRED-51562AA24C,https://credentials.example.com/CRED-51562AA24C
9717702f-616d-40e0-a232-022609ca10b4,0c7864f5-f70a-4ef4-9532-68be5cec2413,JavaScript,Programming,INTERMEDIATE,67.1,False,,,,,,
86db173f-ba23-4ade-a851-1f793abef102,0c7864f5-f70a-4ef4-9532-68be5cec2413,Git,Tools,BEGINNER,30.4,False,,,,,,
2c17bfad-b13f-48e6-964f-1736898ecd50,0c7864f5-f70a-4ef4-9532-68be5cec2413,Docker,DevOps,INTERMEDIATE,52.7,False,,,,,,
bbc340f5-56a2-49dc-a649-04dd0c6c64d2,06d36a42-a4bb-4852-8940-4dcf346b5523,Power BI,Data Analytics,INTERMEDIATE,63.3,True,Microsoft,Microsoft,2026-02-26,CRED-9EC09367CC,https://credentials.example.com/CRED-9EC09367CC,https://credentials.example.com/CRED-9EC09367CC
55c3b6e5-ad20-41c4-ad88-f45726fe8b45,06d36a42-a4bb-4852-8940-4dcf346b5523,SQL,Database,INTERMEDIATE,53.8,False,,,,,,
328c4642-26ea-40ea-a760-7f0435771735,06d36a42-a4bb-4852-8940-4dcf346b5523,AWS,Cloud,EXPERT,100.0,True,Google,Google,2025-03-08,CRED-90D1845FF3,https://credentials.example.com/CRED-90D1845FF3,https://credentials.example.com/CRED-90D1845FF3
c41213c8-0ec4-4125-b17a-160261200eac,06d36a42-a4bb-4852-8940-4dcf346b5523,Excel,Data Analytics,BEGINNER,24.9,False,,,,,,
3228863f-548b-49f3-aced-d9b3af8dcaf5,06d36a42-a4bb-4852-8940-4dcf346b5523,JavaScript,Programming,BEGINNER,39.4,False,,,,,,
8cc24e7c-78f3-4af5-94fb-69a19793796a,e5daf360-227b-4498-8be4-f6377838e453,Kubernetes,DevOps,INTERMEDIATE,64.2,False,,,,,,
c9c82609-4d56-4c11-a0ad-40b938871714,e5daf360-227b-4498-8be4-f6377838e453,Excel,Data Analytics,BEGINNER,41.9,False,,,,,,
27aae3de-f716-43b6-8540-712a3c2f8c3c,e7f7794c-9349-46fb-90c4-5d880bce28e9,MongoDB,Database,BEGINNER,42.2,True,NPTEL,NPTEL,2025-11-10,CRED-651DE294A3,https://credentials.example.com/CRED-651DE294A3,https://credentials.example.com/CRED-651DE294A3
adcf37c1-200e-4880-9d31-6c217400f898,e7f7794c-9349-46fb-90c4-5d880bce28e9,AWS,Cloud,ADVANCED,85.9,False,,,,,,
5c7e939a-688d-4a12-9c12-5d0ee300dc8e,e7f7794c-9349-46fb-90c4-5d880bce28e9,Kubernetes,DevOps,INTERMEDIATE,43.4,False,,,,,,
35f6986c-027e-42eb-b708-b2842e00b1c8,ca0d8d1c-f746-4896-a363-530b495079f0,C++,Programming,BEGINNER,25.3,False,,,,,,
fb6ebd7b-c50e-4cae-a7bf-b0a8afb01889,ca0d8d1c-f746-4896-a363-530b495079f0,Data Structures & Algorithms,Core CS,INTERMEDIATE,48.2,False,,,,,,
77fd88ed-8817-4654-8799-11e548fad349,ca0d8d1c-f746-4896-a363-530b495079f0,Linux,Systems,ADVANCED,73.1,True,Google,Google,2026-06-03,CRED-CBFDC4A268,https://credentials.example.com/CRED-CBFDC4A268,https://credentials.example.com/CRED-CBFDC4A268
06e2d595-3ae8-4811-8938-288564bc20df,ca0d8d1c-f746-4896-a363-530b495079f0,SQL,Database,ADVANCED,71.4,True,Microsoft,Microsoft,2025-06-03,CRED-250A207952,https://credentials.example.com/CRED-250A207952,https://credentials.example.com/CRED-250A207952
149ee6c5-d0fc-4072-9ed9-398b0ecec703,eee4b532-e095-4ce8-b5bc-7563e68b3e43,SQL,Database,INTERMEDIATE,64.9,False,,,,,,
48ed3017-771b-4c79-b44d-81e18d653d15,eee4b532-e095-4ce8-b5bc-7563e68b3e43,Excel,Data Analytics,BEGINNER,42.1,False,,,,,,
f9f7ca56-37d0-4e25-abf2-be5818b67e30,eee4b532-e095-4ce8-b5bc-7563e68b3e43,Data Structures & Algorithms,Core CS,INTERMEDIATE,63.3,False,,,,,,
d1b2ac16-65bd-447d-b4eb-730ccfef63dc,eee4b532-e095-4ce8-b5bc-7563e68b3e43,C++,Programming,INTERMEDIATE,48.2,False,,,,,,
fe9f315f-9bf4-4a47-a2eb-740d2df9fd05,eee4b532-e095-4ce8-b5bc-7563e68b3e43,Deep Learning,AI/ML,BEGINNER,25.4,False,,,,,,
c11e4b7a-be10-42a4-b820-768a1af78b5c,6078c613-ddd0-4405-ada8-7d19958af0ce,Power BI,Data Analytics,ADVANCED,92.7,True,Coursera,Coursera,2026-06-18,CRED-DF102C423F,https://credentials.example.com/CRED-DF102C423F,https://credentials.example.com/CRED-DF102C423F
c01df654-0b22-47d9-a96c-2d69313da3b6,6078c613-ddd0-4405-ada8-7d19958af0ce,TensorFlow,AI/ML,INTERMEDIATE,64.9,False,,,,,,
f4b40fef-2536-4523-ac2f-970bed543862,6078c613-ddd0-4405-ada8-7d19958af0ce,Java,Programming,EXPERT,97.8,False,,,,,,
77648b43-fe3a-4117-b9b4-2dc453e2455a,feb55156-cb88-4ab3-b9f6-de2ba4ee6975,Machine Learning,AI/ML,ADVANCED,91.0,False,,,,,,
08ec872d-31bb-4494-8396-0570c79fb5a1,ca34d703-c5f0-40d3-b570-d57728c74960,TensorFlow,AI/ML,INTERMEDIATE,54.2,False,,,,,,
9fe5c2fc-f61f-42fe-b29f-3221634b09af,4e031b12-b862-41df-8fb6-89dc46a11145,Excel,Data Analytics,INTERMEDIATE,49.4,False,,,,,,
ddd645d9-f112-44df-ae8d-133f6d1f25db,4e031b12-b862-41df-8fb6-89dc46a11145,Kubernetes,DevOps,INTERMEDIATE,74.7,True,NPTEL,NPTEL,2026-05-27,CRED-408502A576,https://credentials.example.com/CRED-408502A576,https://credentials.example.com/CRED-408502A576
a439011a-0ff6-4d3b-9b0b-94175adb65ca,511dc1d1-cdaa-440c-9440-19f6e47c84c0,Java,Programming,INTERMEDIATE,45.2,False,,,,,,
06b54913-0b10-4dfa-bcae-c0c5f60de80b,511dc1d1-cdaa-440c-9440-19f6e47c84c0,Python,Programming,INTERMEDIATE,49.0,False,,,,,,
df27cba2-4a76-4878-9316-d21d9c1515de,511dc1d1-cdaa-440c-9440-19f6e47c84c0,Linux,Systems,EXPERT,74.7,False,,,,,,
68f11cf2-f01f-43b8-a8a2-0fe941db40ad,511dc1d1-cdaa-440c-9440-19f6e47c84c0,Power BI,Data Analytics,INTERMEDIATE,29.7,False,,,,,,
dfab3432-4664-4160-b335-16e6506420e0,511dc1d1-cdaa-440c-9440-19f6e47c84c0,Deep Learning,AI/ML,BEGINNER,39.2,False,,,,,,
5ab57833-ad4c-4dd1-a8fd-22252798a5a4,0c68f883-aefd-437b-a79c-b3228e962429,AWS,Cloud,BEGINNER,23.1,True,NPTEL,NPTEL,2025-11-11,CRED-B47845CF72,https://credentials.example.com/CRED-B47845CF72,https://credentials.example.com/CRED-B47845CF72
a71a66c4-ea07-4077-aea7-9a9e98baa0be,0c68f883-aefd-437b-a79c-b3228e962429,Git,Tools,ADVANCED,79.1,True,Google,Google,2025-08-21,CRED-F11D522451,https://credentials.example.com/CRED-F11D522451,https://credentials.example.com/CRED-F11D522451
1a508146-6fec-43d9-93f3-b7f4d8a0c9c9,0c68f883-aefd-437b-a79c-b3228e962429,MongoDB,Database,INTERMEDIATE,46.0,False,,,,,,
10e5a9ec-8378-4dd2-95a4-78b5da93757d,0c68f883-aefd-437b-a79c-b3228e962429,Deep Learning,AI/ML,ADVANCED,87.1,True,AWS Training,AWS Training,2026-07-13,CRED-F14B53FAE6,https://credentials.example.com/CRED-F14B53FAE6,https://credentials.example.com/CRED-F14B53FAE6
9a5d00ca-8f48-4938-b5d5-80267005a699,6ff4f702-9890-4b07-8aad-27a23d83a88b,Figma,Design,INTERMEDIATE,52.6,True,Coursera,Coursera,2025-03-31,CRED-EE7BFE036A,https://credentials.example.com/CRED-EE7BFE036A,https://credentials.example.com/CRED-EE7BFE036A
cc9c9775-b444-4cf4-9943-3137aa2a8a13,6ff4f702-9890-4b07-8aad-27a23d83a88b,JavaScript,Programming,INTERMEDIATE,57.6,False,,,,,,
2fd1fc31-a655-4a73-aa18-fb53aa64ce5e,9e1d912d-ca84-4fde-a46d-a190e20223b8,Figma,Design,BEGINNER,32.6,False,,,,,,
bd458f9c-528c-4d4a-8047-b3383365cfdd,226cdeb9-2944-4b73-a8db-c0a09e1d6871,C++,Programming,ADVANCED,59.5,False,,,,,,
6fefa912-3b4e-4864-add5-cfc201ed17e1,226cdeb9-2944-4b73-a8db-c0a09e1d6871,SQL,Database,INTERMEDIATE,57.5,False,,,,,,
2f8c9342-d113-4618-826a-3beef2bf242d,226cdeb9-2944-4b73-a8db-c0a09e1d6871,Docker,DevOps,BEGINNER,28.9,True,NPTEL,NPTEL,2025-03-24,CRED-0372895CBF,https://credentials.example.com/CRED-0372895CBF,https://credentials.example.com/CRED-0372895CBF
93fa3c41-bdf3-47e8-8643-a358968a65e0,a12b4220-8d69-47ee-b2da-fbe283d107bd,Kubernetes,DevOps,BEGINNER,16.6,False,,,,,,
b5de084d-4fd6-401e-be97-7268d0d8adf6,da4c690e-a178-42de-83ef-56798b0b6ebb,Node.js,Web Development,EXPERT,100.0,True,NPTEL,NPTEL,2025-04-29,CRED-A22843DB70,https://credentials.example.com/CRED-A22843DB70,https://credentials.example.com/CRED-A22843DB70
c1b35586-ffda-4fae-8801-923eefa0e080,da4c690e-a178-42de-83ef-56798b0b6ebb,Java,Programming,ADVANCED,72.2,True,AWS Training,AWS Training,2026-08-07,CRED-B6806F9F46,https://credentials.example.com/CRED-B6806F9F46,https://credentials.example.com/CRED-B6806F9F46
daf7949f-8431-4590-b4fd-ed7f600f92f3,84b1ec70-0060-4429-ad11-d1b7321a067b,Kubernetes,DevOps,ADVANCED,79.0,True,Udemy,Udemy,2025-05-31,CRED-D977DA80C0,https://credentials.example.com/CRED-D977DA80C0,https://credentials.example.com/CRED-D977DA80C0
e060c773-4475-48a1-804e-aa768c5beffa,84b1ec70-0060-4429-ad11-d1b7321a067b,AWS,Cloud,BEGINNER,57.3,False,,,,,,
c8a9641e-bf1c-458c-bcd3-1f1530a29e38,84b1ec70-0060-4429-ad11-d1b7321a067b,TensorFlow,AI/ML,INTERMEDIATE,58.9,False,,,,,,
57075587-f232-4b3e-9d0e-645d1007b62b,84b1ec70-0060-4429-ad11-d1b7321a067b,JavaScript,Programming,BEGINNER,27.8,True,Microsoft,Microsoft,2025-03-14,CRED-85FE0E2703,https://credentials.example.com/CRED-85FE0E2703,https://credentials.example.com/CRED-85FE0E2703
6142360c-5f68-4a93-b1bf-46eddc7b6847,84b1ec70-0060-4429-ad11-d1b7321a067b,Deep Learning,AI/ML,BEGINNER,33.0,False,,,,,,
2000ab9c-2423-4e15-9a3f-6532875b2d2d,c53c0eb6-6619-4fb1-9280-7ac1349f6140,TensorFlow,AI/ML,ADVANCED,85.4,True,Microsoft,Microsoft,2025-07-14,CRED-369E610FF7,https://credentials.example.com/CRED-369E610FF7,https://credentials.example.com/CRED-369E610FF7
461222d3-a219-46ca-89de-1619c2ba76aa,c53c0eb6-6619-4fb1-9280-7ac1349f6140,MongoDB,Database,INTERMEDIATE,53.9,True,Google,Google,2026-04-19,CRED-B1F3F2C703,https://credentials.example.com/CRED-B1F3F2C703,https://credentials.example.com/CRED-B1F3F2C703
aa88fb85-e8f1-4744-ae34-112ade126b07,c53c0eb6-6619-4fb1-9280-7ac1349f6140,Java,Programming,INTERMEDIATE,56.5,False,,,,,,
308dc89b-61be-45da-80a6-aac140ae50d5,781ab867-85b4-4a89-b657-2560e8e11e9f,Deep Learning,AI/ML,ADVANCED,79.1,False,,,,,,
ba4955a3-f8ab-4b9f-b4b9-7cbcf35dbc79,781ab867-85b4-4a89-b657-2560e8e11e9f,JavaScript,Programming,EXPERT,87.8,False,,,,,,
70906499-2d37-488b-832c-e674f3a2dd48,781ab867-85b4-4a89-b657-2560e8e11e9f,Python,Programming,INTERMEDIATE,51.4,False,,,,,,
c792a727-6a20-4523-8732-50bc493c7a78,781ab867-85b4-4a89-b657-2560e8e11e9f,Power BI,Data Analytics,INTERMEDIATE,49.3,False,,,,,,
706f4056-117e-402a-b6d9-c461755c834c,7effa285-57fc-4580-9cfb-a36daee85193,C++,Programming,INTERMEDIATE,51.7,False,,,,,,
f1427d13-ff58-4ab8-91f6-639bf8013509,7effa285-57fc-4580-9cfb-a36daee85193,Figma,Design,BEGINNER,49.1,False,,,,,,
f2b891ba-0964-4b19-b6f6-c6db98276e37,7effa285-57fc-4580-9cfb-a36daee85193,SQL,Database,INTERMEDIATE,91.5,False,,,,,,
e285c7d5-0699-46cd-8416-d565474fdb89,13ae7278-6bc5-4b1e-8115-0796e715a34b,SQL,Database,BEGINNER,22.2,False,,,,,,
b07a0fa5-9c03-46ad-8e68-16815d25cd5f,c29d5a7c-2e78-4cd7-99ba-38b001cfbfd6,React,Web Development,BEGINNER,37.4,False,,,,,,
a14a37bc-cd02-4666-9422-3f5dea90ca11,c29d5a7c-2e78-4cd7-99ba-38b001cfbfd6,MongoDB,Database,ADVANCED,64.6,False,,,,,,
50badac1-d8d4-44c4-823d-d15df2e2466c,c29d5a7c-2e78-4cd7-99ba-38b001cfbfd6,Node.js,Web Development,ADVANCED,90.7,False,,,,,,
347d47d7-75e8-4487-bad7-ebdd2553ed82,c29d5a7c-2e78-4cd7-99ba-38b001cfbfd6,Data Structures & Algorithms,Core CS,EXPERT,100.0,False,,,,,,
d8b82872-916c-4063-b68a-826c6f9d9679,7621896b-a702-43ea-9b6d-0b3ada0972db,Figma,Design,BEGINNER,13.5,False,,,,,,
df23571c-1d89-4fb8-8057-5c9e2354294e,7621896b-a702-43ea-9b6d-0b3ada0972db,React,Web Development,EXPERT,93.1,False,,,,,,
60e1c6a5-fe85-40c3-a33c-be99002ffd8f,7621896b-a702-43ea-9b6d-0b3ada0972db,TensorFlow,AI/ML,ADVANCED,71.6,True,NPTEL,NPTEL,2026-05-22,CRED-42B6A7A3B7,https://credentials.example.com/CRED-42B6A7A3B7,https://credentials.example.com/CRED-42B6A7A3B7
bcb520f0-a24b-4aa7-8d1f-901bd03611a8,67acaf37-09d1-4ba8-9fb0-589c1c22065d,Machine Learning,AI/ML,ADVANCED,89.8,True,NPTEL,NPTEL,2026-02-11,CRED-EA70727657,https://credentials.example.com/CRED-EA70727657,https://credentials.example.com/CRED-EA70727657
401a9cf6-1c61-45b8-9752-c03378aa413e,67acaf37-09d1-4ba8-9fb0-589c1c22065d,Deep Learning,AI/ML,INTERMEDIATE,60.3,False,,,,,,
bcd66e44-39c5-4180-9f86-ec5f7a02c3ae,67acaf37-09d1-4ba8-9fb0-589c1c22065d,JavaScript,Programming,BEGINNER,50.9,False,,,,,,
0e02d19c-f616-4f54-9a3a-a2d69264e650,3f2306e8-733e-42be-991e-d9bac41e3a98,Excel,Data Analytics,INTERMEDIATE,45.3,False,,,,,,
6fb77ca4-a7c3-4b59-801b-62ad726a3870,3f2306e8-733e-42be-991e-d9bac41e3a98,C++,Programming,BEGINNER,14.4,False,,,,,,
00ec89ac-af04-4d9b-8ba2-96b6fc744db2,cd3921df-af1c-4e1a-a800-7743ad60fb5c,C++,Programming,BEGINNER,16.6,True,Udemy,Udemy,2025-03-16,CRED-192B14C895,https://credentials.example.com/CRED-192B14C895,https://credentials.example.com/CRED-192B14C895
ace06515-2999-4152-869e-75c01cf3df4a,cd3921df-af1c-4e1a-a800-7743ad60fb5c,Data Structures & Algorithms,Core CS,ADVANCED,69.8,True,Coursera,Coursera,2026-03-21,CRED-B6D19383F5,https://credentials.example.com/CRED-B6D19383F5,https://credentials.example.com/CRED-B6D19383F5
66a364a9-a9fc-4e77-9333-b7894f044716,7d636658-44c2-4756-96e6-697014364165,TensorFlow,AI/ML,ADVANCED,54.4,True,Udemy,Udemy,2026-08-22,CRED-C05E0820FE,https://credentials.example.com/CRED-C05E0820FE,https://credentials.example.com/CRED-C05E0820FE
7be90b25-5447-452e-8ee0-9c1be529f63b,7d636658-44c2-4756-96e6-697014364165,Power BI,Data Analytics,BEGINNER,28.8,False,,,,,,
6e8b113e-85e6-4ab5-b865-0b2e3adf8d8e,7d636658-44c2-4756-96e6-697014364165,Kubernetes,DevOps,ADVANCED,93.7,True,Coursera,Coursera,2025-04-25,CRED-F9FA9DF0F2,https://credentials.example.com/CRED-F9FA9DF0F2,https://credentials.example.com/CRED-F9FA9DF0F2
493babe6-5457-47b9-a67e-5278483f688a,2c9069d4-9a88-4ae7-99e8-4f8be0e22fc2,Power BI,Data Analytics,BEGINNER,43.4,False,,,,,,
34c7bdef-0a2f-4867-b30f-545607e4aaf3,2c9069d4-9a88-4ae7-99e8-4f8be0e22fc2,Linux,Systems,ADVANCED,90.6,True,NPTEL,NPTEL,2025-04-20,CRED-22887469DD,https://credentials.example.com/CRED-22887469DD,https://credentials.example.com/CRED-22887469DD
845d5b73-52ec-4d88-9dec-86b4090d5ee4,e9abd609-e222-4a3d-8c98-cf43455ef66d,Deep Learning,AI/ML,BEGINNER,38.0,False,,,,,,
273972d8-92e0-4b62-8b3a-be14612a1eaf,e9abd609-e222-4a3d-8c98-cf43455ef66d,AWS,Cloud,INTERMEDIATE,62.4,False,,,,,,
60875108-9a50-4db0-ba8e-726738681f75,33dfdc25-fe94-4ab8-97a9-9d843eca1d1a,Deep Learning,AI/ML,BEGINNER,27.4,False,,,,,,
630db24f-3e15-4bed-9f7d-c1ebd5ab5699,cf725189-0502-4882-be60-f008746364e9,Machine Learning,AI/ML,INTERMEDIATE,50.4,False,,,,,,
1c5c8c5f-7d6f-4590-b8d4-c7a0bf9e2cc9,cf725189-0502-4882-be60-f008746364e9,Power BI,Data Analytics,EXPERT,85.4,True,Udemy,Udemy,2025-04-01,CRED-80843D3B1A,https://credentials.example.com/CRED-80843D3B1A,https://credentials.example.com/CRED-80843D3B1A
bf7247c9-bca6-40b5-abc9-966f535680e8,cf725189-0502-4882-be60-f008746364e9,Node.js,Web Development,INTERMEDIATE,58.5,False,,,,,,
2aee876b-f341-43a1-bd0f-f78d6e290961,cf725189-0502-4882-be60-f008746364e9,React,Web Development,INTERMEDIATE,52.3,False,,,,,,
1ba9b134-f0b8-4636-9874-7902373902a8,cf725189-0502-4882-be60-f008746364e9,Docker,DevOps,BEGINNER,39.6,False,,,,,,
63f0166a-30e9-4247-980c-badf3c8290dc,b289de15-f628-42c0-9b31-6f3c9c25c66e,TensorFlow,AI/ML,BEGINNER,31.7,False,,,,,,
3ea72f67-6321-4fe6-a693-dec1e275bf26,b289de15-f628-42c0-9b31-6f3c9c25c66e,Data Structures & Algorithms,Core CS,BEGINNER,35.2,False,,,,,,
d2fe20ef-6950-4254-ad52-4cc38ec0ffe8,1e1eb656-7ac2-4ba4-89c5-b9071f823d86,Figma,Design,EXPERT,89.3,True,Coursera,Coursera,2025-03-05,CRED-5136DC26CD,https://credentials.example.com/CRED-5136DC26CD,https://credentials.example.com/CRED-5136DC26CD
d239d262-880a-4996-825d-046f239e299c,1e1eb656-7ac2-4ba4-89c5-b9071f823d86,TensorFlow,AI/ML,BEGINNER,38.6,True,Microsoft,Microsoft,2026-06-28,CRED-60D6C10817,https://credentials.example.com/CRED-60D6C10817,https://credentials.example.com/CRED-60D6C10817
2161020e-2577-4819-aad1-62dd7114adad,d85e8fca-bbb2-432a-922e-f426346f1357,Excel,Data Analytics,INTERMEDIATE,49.2,False,,,,,,
60787569-c653-4959-86fe-9901afe3d2d4,d85e8fca-bbb2-432a-922e-f426346f1357,Linux,Systems,BEGINNER,40.4,False,,,,,,
c60664a3-a9c7-497e-9742-da8ff85404c1,d85e8fca-bbb2-432a-922e-f426346f1357,Python,Programming,BEGINNER,47.0,False,,,,,,
bd3d1b55-9650-4620-b6eb-832c5264af16,05aff4fc-0ef5-40ff-99ad-8b7c67374707,Linux,Systems,BEGINNER,43.3,False,,,,,,
d41de8a1-9f34-4ec7-a88c-29e7917c7f13,05aff4fc-0ef5-40ff-99ad-8b7c67374707,TensorFlow,AI/ML,BEGINNER,28.5,False,,,,,,
2f2d49a0-4322-49f5-80f8-ea39cfd2759c,05aff4fc-0ef5-40ff-99ad-8b7c67374707,Power BI,Data Analytics,ADVANCED,75.6,False,,,,,,
a804acbe-977a-426d-91af-d4ac6b66e8ab,05aff4fc-0ef5-40ff-99ad-8b7c67374707,SQL,Database,BEGINNER,28.7,False,,,,,,
abbf1e4a-5556-4a18-8f84-a45bbf514016,05aff4fc-0ef5-40ff-99ad-8b7c67374707,Machine Learning,AI/ML,BEGINNER,13.8,True,Udemy,Udemy,2026-06-13,CRED-E7DAC21FE9,https://credentials.example.com/CRED-E7DAC21FE9,https://credentials.example.com/CRED-E7DAC21FE9
34701f99-3a95-412e-bbb7-9334908adfa7,6cd7d8b3-c3af-4e50-8560-b1df0af0c3aa,Kubernetes,DevOps,BEGINNER,40.4,True,Udemy,Udemy,2026-07-08,CRED-F01C5709F9,https://credentials.example.com/CRED-F01C5709F9,https://credentials.example.com/CRED-F01C5709F9
978da1bf-78d1-403b-b0c2-d4b30df977c4,6cd7d8b3-c3af-4e50-8560-b1df0af0c3aa,Excel,Data Analytics,BEGINNER,30.2,False,,,,,,
b19ce992-31f5-4ecb-8517-41874597ad42,6cd7d8b3-c3af-4e50-8560-b1df0af0c3aa,Data Structures & Algorithms,Core CS,BEGINNER,14.2,False,,,,,,
f50c58fc-9f3f-4d3a-8975-1ad070f76ef7,89ffb026-0aa3-4fe2-900d-586acff84510,Git,Tools,BEGINNER,26.3,False,,,,,,
9752146f-99f5-4d9f-ae6f-de7eed5badec,a2fb666c-3ad8-4c6e-a3fd-186b8b563569,Kubernetes,DevOps,INTERMEDIATE,53.2,False,,,,,,
f0fd0a64-41ec-4a00-8681-281921ca65e7,a2fb666c-3ad8-4c6e-a3fd-186b8b563569,AWS,Cloud,BEGINNER,35.4,False,,,,,,
9fe3d6d7-8328-4c0d-bac1-9d64f01afa48,196f7491-0a87-49ba-bfdf-da1fce407e41,SQL,Database,BEGINNER,24.8,True,Google,Google,2026-03-16,CRED-DF49E3DEAB,https://credentials.example.com/CRED-DF49E3DEAB,https://credentials.example.com/CRED-DF49E3DEAB
271e66b2-7f39-4067-aa0a-eecb8b611199,196f7491-0a87-49ba-bfdf-da1fce407e41,Figma,Design,ADVANCED,78.7,True,Google,Google,2025-09-30,CRED-BDBE93BF42,https://credentials.example.com/CRED-BDBE93BF42,https://credentials.example.com/CRED-BDBE93BF42
824a0fec-31ee-4719-859d-0fdf89837dfd,196f7491-0a87-49ba-bfdf-da1fce407e41,JavaScript,Programming,INTERMEDIATE,62.6,True,Microsoft,Microsoft,2025-07-05,CRED-A716CE6657,https://credentials.example.com/CRED-A716CE6657,https://credentials.example.com/CRED-A716CE6657
f49334fa-8ac7-4c78-8c34-56d28aa4bdc8,1d6c3143-7e5b-4247-af44-b4738b1ce4d4,Data Structures & Algorithms,Core CS,INTERMEDIATE,50.9,True,Google,Google,2025-02-27,CRED-29D8B2BB72,https://credentials.example.com/CRED-29D8B2BB72,https://credentials.example.com/CRED-29D8B2BB72
e1ec3c02-43f5-4366-8b37-ae032267c3a3,1d6c3143-7e5b-4247-af44-b4738b1ce4d4,Linux,Systems,ADVANCED,66.8,True,NPTEL,NPTEL,2025-05-22,CRED-48B6859146,https://credentials.example.com/CRED-48B6859146,https://credentials.example.com/CRED-48B6859146
b7e1b488-8b44-4cc7-93ed-bb6eaef4a337,1d6c3143-7e5b-4247-af44-b4738b1ce4d4,Kubernetes,DevOps,INTERMEDIATE,67.6,False,,,,,,
97e834ca-ced6-4bc4-a757-364dab4e7840,1d6c3143-7e5b-4247-af44-b4738b1ce4d4,Python,Programming,INTERMEDIATE,70.0,False,,,,,,
1e986aa0-2fde-4974-8638-5d14a79083a2,1d6c3143-7e5b-4247-af44-b4738b1ce4d4,SQL,Database,ADVANCED,81.9,True,Coursera,Coursera,2026-07-31,CRED-43F5B0FF50,https://credentials.example.com/CRED-43F5B0FF50,https://credentials.example.com/CRED-43F5B0FF50
dbcdb460-2830-4d73-b0f4-25e65ec8a7ac,5a991d9d-7d71-4b4f-a3d2-fef8d9bc66cc,Data Structures & Algorithms,Core CS,INTERMEDIATE,50.0,False,,,,,,
0b67be28-e142-4d52-ae2c-dbe2114e6cf7,5a991d9d-7d71-4b4f-a3d2-fef8d9bc66cc,Excel,Data Analytics,INTERMEDIATE,55.8,False,,,,,,
b2885ecf-d9ca-4aef-b9fd-66312e405518,5a991d9d-7d71-4b4f-a3d2-fef8d9bc66cc,Machine Learning,AI/ML,ADVANCED,73.6,False,,,,,,
4d3b7ccc-770d-4e4d-b26e-b2549974a03a,5a991d9d-7d71-4b4f-a3d2-fef8d9bc66cc,Kubernetes,DevOps,ADVANCED,83.0,True,Microsoft,Microsoft,2026-02-18,CRED-059B9A439B,https://credentials.example.com/CRED-059B9A439B,https://credentials.example.com/CRED-059B9A439B
fbd5ac38-1ec5-45a0-a833-5b13d64de30b,5a991d9d-7d71-4b4f-a3d2-fef8d9bc66cc,Docker,DevOps,INTERMEDIATE,37.2,False,,,,,,
f1c42993-631a-4c38-807a-91cbffe3b84f,b89da6be-0137-449d-a852-44063465cce8,Deep Learning,AI/ML,INTERMEDIATE,49.4,False,,,,,,
a9b2b03b-0564-43bb-a04b-5f4b62da1431,b89da6be-0137-449d-a852-44063465cce8,Java,Programming,BEGINNER,34.0,False,,,,,,
3042d02c-3add-4916-8ff1-e6d396fc3f88,ff5cf24e-86e2-4b6d-8bd4-08c0725e1f1c,Kubernetes,DevOps,ADVANCED,81.2,True,Google,Google,2025-06-06,CRED-215AC7A82B,https://credentials.example.com/CRED-215AC7A82B,https://credentials.example.com/CRED-215AC7A82B
05676c45-8ea7-481a-baab-e42f63ed4357,ff5cf24e-86e2-4b6d-8bd4-08c0725e1f1c,Java,Programming,BEGINNER,34.7,True,Udemy,Udemy,2025-01-07,CRED-F5C54D76F7,https://credentials.example.com/CRED-F5C54D76F7,https://credentials.example.com/CRED-F5C54D76F7
9c183be3-4ab2-4d90-a509-d70508b4c3c8,5e6e508c-86eb-4621-a320-03ff96bef7bf,C++,Programming,BEGINNER,24.0,True,Udemy,Udemy,2025-03-13,CRED-CAD30DB1D9,https://credentials.example.com/CRED-CAD30DB1D9,https://credentials.example.com/CRED-CAD30DB1D9
950abe90-5b69-46f3-9a9a-b967e05f8951,5e6e508c-86eb-4621-a320-03ff96bef7bf,Node.js,Web Development,INTERMEDIATE,53.8,True,Udemy,Udemy,2025-08-30,CRED-B841CAF4F5,https://credentials.example.com/CRED-B841CAF4F5,https://credentials.example.com/CRED-B841CAF4F5
839202f4-62e2-47a2-9232-d6212265f12b,5e6e508c-86eb-4621-a320-03ff96bef7bf,Java,Programming,EXPERT,95.2,False,,,,,,
92128075-56c9-4def-bad5-3d2a356d71e5,7d009897-58e5-4e80-b790-233714da2324,Git,Tools,BEGINNER,35.5,False,,,,,,
f1a69c04-61a7-4c5a-82df-197231f86b87,7d009897-58e5-4e80-b790-233714da2324,Linux,Systems,INTERMEDIATE,43.9,False,,,,,,
8d7f70dc-153c-450b-8eb6-5cf660adea22,7d009897-58e5-4e80-b790-233714da2324,Figma,Design,INTERMEDIATE,53.5,False,,,,,,
1bf276b0-e37c-47bd-9b97-86e89460ca0c,7d009897-58e5-4e80-b790-233714da2324,JavaScript,Programming,INTERMEDIATE,58.5,False,,,,,,
d860cb23-bda0-4e54-a6d4-f4232540ef32,0e915a9c-5f50-4427-9524-e51633f06ad9,Node.js,Web Development,ADVANCED,65.6,True,Google,Google,2026-06-15,CRED-2763EB486D,https://credentials.example.com/CRED-2763EB486D,https://credentials.example.com/CRED-2763EB486D
9101d6aa-6d93-49d6-9b56-5f783887b89a,0e915a9c-5f50-4427-9524-e51633f06ad9,Deep Learning,AI/ML,ADVANCED,70.3,False,,,,,,
1717904d-b0a7-40a0-99c7-49b949b7821a,32601f4c-ac26-46dc-b11f-f30daa1e54e4,AWS,Cloud,BEGINNER,47.2,False,,,,,,
00c07d91-5f85-42e8-a2bc-4f99c2cc6957,32601f4c-ac26-46dc-b11f-f30daa1e54e4,Machine Learning,AI/ML,EXPERT,91.1,True,AWS Training,AWS Training,2025-05-25,CRED-1592EA47D2,https://credentials.example.com/CRED-1592EA47D2,https://credentials.example.com/CRED-1592EA47D2
036596f9-4f86-4c2f-85cc-d02a63ba03f9,32601f4c-ac26-46dc-b11f-f30daa1e54e4,Node.js,Web Development,ADVANCED,77.4,False,,,,,,
56830a9c-d75d-45de-ba71-e3863dd97244,32601f4c-ac26-46dc-b11f-f30daa1e54e4,C++,Programming,EXPERT,100.0,True,AWS Training,AWS Training,2025-05-18,CRED-4B1EC11D50,https://credentials.example.com/CRED-4B1EC11D50,https://credentials.example.com/CRED-4B1EC11D50
aaa83599-b1db-4ef1-8a2a-89063ede73c0,32601f4c-ac26-46dc-b11f-f30daa1e54e4,Deep Learning,AI/ML,BEGINNER,39.9,False,,,,,,
b9ab612a-0f35-48c7-8d7c-f0ff352f971d,85255be7-77f6-41bd-8cd2-92739befd69c,React,Web Development,INTERMEDIATE,50.8,True,NPTEL,NPTEL,2025-08-16,CRED-2E2771562E,https://credentials.example.com/CRED-2E2771562E,https://credentials.example.com/CRED-2E2771562E
5c05a224-02b6-4943-a32e-c8c9577db0b9,85255be7-77f6-41bd-8cd2-92739befd69c,MongoDB,Database,INTERMEDIATE,62.4,False,,,,,,
b79a20bd-9ecc-4aad-883a-648edf8fab7c,c2333b31-09ec-44b0-b676-c9154914e222,Power BI,Data Analytics,ADVANCED,66.3,True,Google,Google,2026-06-05,CRED-8C7AC4781A,https://credentials.example.com/CRED-8C7AC4781A,https://credentials.example.com/CRED-8C7AC4781A
c4348960-d3a6-40fd-8e27-fae6fa1bd1b3,6eb783df-851f-4b52-a38f-06c17a232bcd,Excel,Data Analytics,ADVANCED,73.2,True,Microsoft,Microsoft,2026-05-22,CRED-DD291EBCEF,https://credentials.example.com/CRED-DD291EBCEF,https://credentials.example.com/CRED-DD291EBCEF
c1b1aef6-89e4-42d4-87e0-131b7fa35c27,6eb783df-851f-4b52-a38f-06c17a232bcd,Node.js,Web Development,EXPERT,88.1,True,Coursera,Coursera,2025-02-04,CRED-146369A5F2,https://credentials.example.com/CRED-146369A5F2,https://credentials.example.com/CRED-146369A5F2
3a8d1c1e-dfbc-48bf-a228-e57377626ae2,52af834e-801d-461c-bb7c-4625f9a73384,AWS,Cloud,ADVANCED,83.3,False,,,,,,
b930bee5-aec7-4fb6-9921-fcd26080737e,52af834e-801d-461c-bb7c-4625f9a73384,Excel,Data Analytics,BEGINNER,44.7,False,,,,,,
a6bc19c3-7664-4075-b6db-6fdbbef10700,52af834e-801d-461c-bb7c-4625f9a73384,Figma,Design,ADVANCED,65.1,False,,,,,,
660e1266-3609-4d09-9218-5bf7c59cbe82,38982a79-49a1-412b-b2a1-174290b886e1,React,Web Development,EXPERT,83.0,True,Microsoft,Microsoft,2025-09-15,CRED-02CE66992A,https://credentials.example.com/CRED-02CE66992A,https://credentials.example.com/CRED-02CE66992A
10f22758-b26b-4e4c-8b17-c6072c194d20,38982a79-49a1-412b-b2a1-174290b886e1,Docker,DevOps,BEGINNER,22.3,False,,,,,,
b90e0ce6-d678-41b8-b5d1-e2f542549bc8,38982a79-49a1-412b-b2a1-174290b886e1,JavaScript,Programming,ADVANCED,56.5,False,,,,,,
7cfecc8c-9041-40e5-bcc8-5049b56d91a9,f0ea0fe2-f9e9-4a52-ae84-3efa8051a3be,React,Web Development,BEGINNER,36.6,False,,,,,,
4595dd70-d020-4191-aa6c-99b70666fb63,f0ea0fe2-f9e9-4a52-ae84-3efa8051a3be,C++,Programming,BEGINNER,27.1,False,,,,,,
b1cc6665-be93-4042-96f0-fc72df34e5e4,f0ea0fe2-f9e9-4a52-ae84-3efa8051a3be,TensorFlow,AI/ML,INTERMEDIATE,57.1,False,,,,,,
b48e8de4-c02a-482d-b570-12598c1e134a,f0ea0fe2-f9e9-4a52-ae84-3efa8051a3be,Python,Programming,EXPERT,100.0,False,,,,,,
aa56b70f-a382-4204-8f09-9f563760963e,fb548331-f4e9-4ad6-bf26-6c49b50598aa,Java,Programming,ADVANCED,100.0,False,,,,,,
c624c190-fa0e-4e9a-a954-883d0c75573a,ded5b364-8588-458e-a9f7-e2a193883775,React,Web Development,ADVANCED,84.6,False,,,,,,
a1bcd40f-7cc0-4981-a75d-a4c8db0ea206,ded5b364-8588-458e-a9f7-e2a193883775,Data Structures & Algorithms,Core CS,ADVANCED,93.9,False,,,,,,
2470e7f4-43cf-4c87-aafe-c56c6bb4103c,ded5b364-8588-458e-a9f7-e2a193883775,Machine Learning,AI/ML,ADVANCED,70.5,True,Microsoft,Microsoft,2026-04-17,CRED-1F5BB55E27,https://credentials.example.com/CRED-1F5BB55E27,https://credentials.example.com/CRED-1F5BB55E27
b68b961e-3ead-44eb-a749-94633165ab34,ded5b364-8588-458e-a9f7-e2a193883775,AWS,Cloud,INTERMEDIATE,65.2,False,,,,,,
d361cc34-12b1-404f-ba6a-0aeea0606d2b,ded5b364-8588-458e-a9f7-e2a193883775,TensorFlow,AI/ML,ADVANCED,83.7,False,,,,,,
cd655544-2f8b-495d-b9ba-1821123b745a,ca239e5a-e87b-4521-8602-e18c40dcbded,Kubernetes,DevOps,INTERMEDIATE,44.8,True,AWS Training,AWS Training,2026-04-04,CRED-917BAD5D27,https://credentials.example.com/CRED-917BAD5D27,https://credentials.example.com/CRED-917BAD5D27
248f434f-b53d-4bed-8f2b-deda931993a8,3f0c0058-6e4a-4577-8cd3-5838c6a78ae9,Python,Programming,BEGINNER,27.7,True,AWS Training,AWS Training,2026-03-15,CRED-042C029F0D,https://credentials.example.com/CRED-042C029F0D,https://credentials.example.com/CRED-042C029F0D
8dc9741c-34d1-4001-bc49-0554a11e875c,3f0c0058-6e4a-4577-8cd3-5838c6a78ae9,AWS,Cloud,BEGINNER,47.6,False,,,,,,
b356d806-9ee2-41ab-b1f0-e2c50844a4db,37ded831-df02-41b6-b566-5b713bf15bb6,Excel,Data Analytics,BEGINNER,18.5,False,,,,,,
e263a738-257d-4be8-9372-efcd9327d650,37ded831-df02-41b6-b566-5b713bf15bb6,Machine Learning,AI/ML,ADVANCED,58.7,False,,,,,,
22ac2e5e-1eb7-4b35-a062-fd2dbbdfd382,37ded831-df02-41b6-b566-5b713bf15bb6,AWS,Cloud,INTERMEDIATE,56.8,False,,,,,,
b8d56ca4-df80-42f0-b920-bca0b495f11c,37ded831-df02-41b6-b566-5b713bf15bb6,MongoDB,Database,INTERMEDIATE,57.4,False,,,,,,
1f60ef6a-2af0-4bbf-bdce-dcef8df7e6f1,f084fc33-aa1b-4930-84ca-c1544cf2ef6d,Docker,DevOps,INTERMEDIATE,65.8,True,Coursera,Coursera,2025-10-10,CRED-7F836F184A,https://credentials.example.com/CRED-7F836F184A,https://credentials.example.com/CRED-7F836F184A
a55a0137-5a4e-429b-90d6-5eb68e95bf70,af175c0c-15f0-44f8-81e5-ef8524d49392,Git,Tools,BEGINNER,25.4,False,,,,,,
3b45e7d0-f873-485a-b4df-86ac2a3c3d4a,af175c0c-15f0-44f8-81e5-ef8524d49392,AWS,Cloud,INTERMEDIATE,54.0,False,,,,,,
ad9f85a3-839b-4f61-a97a-d9251e6a3503,af175c0c-15f0-44f8-81e5-ef8524d49392,C++,Programming,BEGINNER,28.6,False,,,,,,
61808f14-58eb-4667-a88f-7fcc390032a5,af175c0c-15f0-44f8-81e5-ef8524d49392,SQL,Database,BEGINNER,34.2,False,,,,,,
3e2441b9-a3bc-4edb-874b-be41c41e106a,a14a6397-5b93-464b-b6d8-3ebbe5e7f1c4,TensorFlow,AI/ML,BEGINNER,24.6,True,Microsoft,Microsoft,2026-04-27,CRED-0435517D29,https://credentials.example.com/CRED-0435517D29,https://credentials.example.com/CRED-0435517D29
bd9655fb-7210-4d50-9ae8-88c199882c6a,7f323044-97ed-4628-84f2-587b2028e5c3,Deep Learning,AI/ML,BEGINNER,31.1,False,,,,,,
09b9cc66-d6ab-4a85-8283-861610a07536,7f323044-97ed-4628-84f2-587b2028e5c3,Java,Programming,BEGINNER,16.6,False,,,,,,
6d7876de-64eb-4680-84c0-c0fc1780d1ee,b196267c-e9ec-446b-bb9d-7daaa27cc54c,Python,Programming,BEGINNER,14.7,True,Microsoft,Microsoft,2026-08-11,CRED-4A5977BFAF,https://credentials.example.com/CRED-4A5977BFAF,https://credentials.example.com/CRED-4A5977BFAF
456476bc-06c7-49c9-8ae1-83a4c000f030,b196267c-e9ec-446b-bb9d-7daaa27cc54c,Machine Learning,AI/ML,BEGINNER,38.9,False,,,,,,
d1f5d1a4-57c3-448a-9016-d763906ef095,b196267c-e9ec-446b-bb9d-7daaa27cc54c,Excel,Data Analytics,BEGINNER,42.0,False,,,,,,
cf2de14a-ec85-4240-84cd-4d6fab3a33fb,b196267c-e9ec-446b-bb9d-7daaa27cc54c,TensorFlow,AI/ML,ADVANCED,95.1,False,,,,,,
feab3d7e-1f4a-45a0-af86-76313d7f4853,9129f6dd-8c42-4689-8390-b53442393f78,Kubernetes,DevOps,ADVANCED,57.3,True,NPTEL,NPTEL,2026-04-09,CRED-59792316E1,https://credentials.example.com/CRED-59792316E1,https://credentials.example.com/CRED-59792316E1
3399c68a-d146-4d71-84e2-e76ecddb7f8e,861f280c-3cfe-4b18-9c18-3ecca68192af,JavaScript,Programming,EXPERT,90.8,True,Udemy,Udemy,2025-11-12,CRED-06AC096A7A,https://credentials.example.com/CRED-06AC096A7A,https://credentials.example.com/CRED-06AC096A7A
d7aa8897-9f1b-42b2-bba0-f90b0ea735ce,861f280c-3cfe-4b18-9c18-3ecca68192af,Java,Programming,INTERMEDIATE,69.9,False,,,,,,
a99e6765-cac6-4d1f-babd-7c5aa5cfc105,861f280c-3cfe-4b18-9c18-3ecca68192af,Linux,Systems,BEGINNER,22.9,False,,,,,,
9457d1a2-b2c3-479a-aa0e-4a88a23c2be6,861f280c-3cfe-4b18-9c18-3ecca68192af,Figma,Design,EXPERT,100.0,True,AWS Training,AWS Training,2025-05-25,CRED-7BE4BE06FE,https://credentials.example.com/CRED-7BE4BE06FE,https://credentials.example.com/CRED-7BE4BE06FE
7b6b69ff-2fe1-45bc-9191-c178f84709cf,009a5366-715a-44a4-a575-400171178811,React,Web Development,INTERMEDIATE,50.5,False,,,,,,
aff1c4a3-c2f4-4c24-ac7d-6e8d5553028b,009a5366-715a-44a4-a575-400171178811,MongoDB,Database,INTERMEDIATE,52.0,False,,,,,,
d614d03a-b5c3-4bee-bfc0-2e324c3ff9c5,e309f6c1-3d89-4582-be44-594c355de08f,Python,Programming,INTERMEDIATE,44.0,True,Udemy,Udemy,2026-04-04,CRED-BA87B920F1,https://credentials.example.com/CRED-BA87B920F1,https://credentials.example.com/CRED-BA87B920F1
aa849d25-6dcd-4e5c-a4a7-5b8b63a1de97,2bf9d12f-2d2b-4f7d-be18-857095334cf6,Power BI,Data Analytics,BEGINNER,26.1,False,,,,,,
9a17caf8-7150-4d55-aa3c-06b1cc9e176c,2bf9d12f-2d2b-4f7d-be18-857095334cf6,TensorFlow,AI/ML,BEGINNER,23.6,False,,,,,,
d44e709f-2598-4698-84b2-4586237c97a3,2bf9d12f-2d2b-4f7d-be18-857095334cf6,Python,Programming,ADVANCED,79.6,True,Udemy,Udemy,2025-02-12,CRED-2D0208A2F5,https://credentials.example.com/CRED-2D0208A2F5,https://credentials.example.com/CRED-2D0208A2F5
a0a5a0c4-2de6-411c-bacf-63deca9d33ac,2bf9d12f-2d2b-4f7d-be18-857095334cf6,Git,Tools,BEGINNER,15.9,True,AWS Training,AWS Training,2025-10-09,CRED-86AD96B834,https://credentials.example.com/CRED-86AD96B834,https://credentials.example.com/CRED-86AD96B834
77420394-b124-4efa-a54f-bcb44f44caf8,98741a3c-0101-46f1-91bf-4e998872c26b,MongoDB,Database,INTERMEDIATE,51.7,False,,,,,,
d53499d0-898e-4714-90f4-f905e417e697,98741a3c-0101-46f1-91bf-4e998872c26b,Machine Learning,AI/ML,ADVANCED,75.8,True,NPTEL,NPTEL,2025-09-29,CRED-AA6F61EBC1,https://credentials.example.com/CRED-AA6F61EBC1,https://credentials.example.com/CRED-AA6F61EBC1
69f55b00-c61a-48de-a9e9-354f937c692f,98741a3c-0101-46f1-91bf-4e998872c26b,Data Structures & Algorithms,Core CS,BEGINNER,44.7,False,,,,,,
07d02c6e-4fbb-4ad0-b88b-ea8306f90800,98741a3c-0101-46f1-91bf-4e998872c26b,Linux,Systems,BEGINNER,41.5,False,,,,,,
4cce2dfc-4253-46b0-8bba-5339a11643ec,98741a3c-0101-46f1-91bf-4e998872c26b,Node.js,Web Development,BEGINNER,33.0,False,,,,,,
f13a115f-ed87-48d9-a235-176101782ea3,f81012b0-336d-475e-978a-62fa6bad2777,Node.js,Web Development,INTERMEDIATE,45.4,False,,,,,,
40534e4b-2791-4f9e-8193-0adaa14a3459,f81012b0-336d-475e-978a-62fa6bad2777,Linux,Systems,BEGINNER,38.6,True,Microsoft,Microsoft,2026-05-09,CRED-F6209E6E2C,https://credentials.example.com/CRED-F6209E6E2C,https://credentials.example.com/CRED-F6209E6E2C
a7a704a7-aedd-48f2-ae91-27b1732f8978,f81012b0-336d-475e-978a-62fa6bad2777,MongoDB,Database,INTERMEDIATE,51.7,False,,,,,,
e0868b30-8a79-4087-9366-f76601314ace,f81012b0-336d-475e-978a-62fa6bad2777,Git,Tools,EXPERT,85.8,True,AWS Training,AWS Training,2026-02-15,CRED-5202CFD101,https://credentials.example.com/CRED-5202CFD101,https://credentials.example.com/CRED-5202CFD101
09ef733c-3538-4c86-a47b-b74c63a15518,f81012b0-336d-475e-978a-62fa6bad2777,React,Web Development,ADVANCED,91.1,False,,,,,,
b3334633-235c-4f23-908a-f68cbe80eab4,d126ca15-f173-4e5d-81d2-5cd2c3c6e19c,Excel,Data Analytics,INTERMEDIATE,62.4,False,,,,,,
9bd16355-bd69-43fe-9c13-c93a71932e80,d126ca15-f173-4e5d-81d2-5cd2c3c6e19c,Node.js,Web Development,INTERMEDIATE,48.6,False,,,,,,
f18c63d9-c038-46cd-8c6c-14818aedd737,2827d682-37df-4ce1-bbf3-9a60813adb16,MongoDB,Database,INTERMEDIATE,47.5,False,,,,,,
3af95027-f638-4de9-8b4e-724cf640cdd7,2827d682-37df-4ce1-bbf3-9a60813adb16,Machine Learning,AI/ML,INTERMEDIATE,88.1,False,,,,,,
162124ae-d9fc-4964-9084-75180244c6ce,2827d682-37df-4ce1-bbf3-9a60813adb16,Figma,Design,INTERMEDIATE,57.6,True,Microsoft,Microsoft,2025-08-12,CRED-66E21F67DC,https://credentials.example.com/CRED-66E21F67DC,https://credentials.example.com/CRED-66E21F67DC
b1da6f6e-30d1-44a8-a0ad-67d094325041,2827d682-37df-4ce1-bbf3-9a60813adb16,Kubernetes,DevOps,INTERMEDIATE,53.5,False,,,,,,
e047d945-7e3a-4c93-b26f-9e7bdb7eafbc,0271955f-73e9-486c-aa69-22c6b30e7255,Linux,Systems,ADVANCED,67.6,True,NPTEL,NPTEL,2025-06-08,CRED-69DB777DCF,https://credentials.example.com/CRED-69DB777DCF,https://credentials.example.com/CRED-69DB777DCF
0b900431-8e3a-44b3-8d4a-b37540e2a2b8,0271955f-73e9-486c-aa69-22c6b30e7255,Git,Tools,BEGINNER,38.0,False,,,,,,
93631b6a-aec2-43fb-9c64-5723c91b8f29,0271955f-73e9-486c-aa69-22c6b30e7255,TensorFlow,AI/ML,ADVANCED,64.1,True,Google,Google,2025-04-27,CRED-18BFC1DF90,https://credentials.example.com/CRED-18BFC1DF90,https://credentials.example.com/CRED-18BFC1DF90
e9bde73a-2e38-48b2-ab3e-c9649063f9d9,0271955f-73e9-486c-aa69-22c6b30e7255,Data Structures & Algorithms,Core CS,INTERMEDIATE,44.6,False,,,,,,
311b897c-ccce-48b9-a9f9-abacb64a3f2b,9ffc5036-e640-4c0d-8ea4-34c012166d44,Java,Programming,BEGINNER,27.5,False,,,,,,
691f6204-b203-43c7-aace-b1ff8423bc0c,9ffc5036-e640-4c0d-8ea4-34c012166d44,Deep Learning,AI/ML,INTERMEDIATE,55.7,True,Google,Google,2025-07-08,CRED-28AEBD316C,https://credentials.example.com/CRED-28AEBD316C,https://credentials.example.com/CRED-28AEBD316C
57828ffc-5e5c-4045-a571-0e1ae916baba,9ffc5036-e640-4c0d-8ea4-34c012166d44,TensorFlow,AI/ML,ADVANCED,67.2,False,,,,,,
5697098e-e758-4f9a-9f73-c8bba96d842e,9ffc5036-e640-4c0d-8ea4-34c012166d44,Docker,DevOps,BEGINNER,27.8,True,Udemy,Udemy,2025-06-09,CRED-06E00035C2,https://credentials.example.com/CRED-06E00035C2,https://credentials.example.com/CRED-06E00035C2
bea9e421-b327-4137-8e8c-a9237de405a6,9ffc5036-e640-4c0d-8ea4-34c012166d44,MongoDB,Database,BEGINNER,27.5,True,Microsoft,Microsoft,2026-01-01,CRED-EF3F8F16F0,https://credentials.example.com/CRED-EF3F8F16F0,https://credentials.example.com/CRED-EF3F8F16F0
cb5bd3d5-b4b8-488a-a3f5-1ab475b63ef7,97b50ebe-91e6-4fb0-a91c-135abc8331ca,Python,Programming,ADVANCED,72.8,False,,,,,,
f675a1ce-f663-4787-bdfe-bf8655833658,ad1c08a6-3a5d-4402-9394-1c067df9d095,TensorFlow,AI/ML,EXPERT,95.7,True,Udemy,Udemy,2026-01-29,CRED-65E77F6704,https://credentials.example.com/CRED-65E77F6704,https://credentials.example.com/CRED-65E77F6704
f625f5b4-53bc-42fc-9016-615789b7a787,ad1c08a6-3a5d-4402-9394-1c067df9d095,C++,Programming,ADVANCED,85.3,False,,,,,,
94982b87-c645-4c9e-8f19-df8abc504984,ad1c08a6-3a5d-4402-9394-1c067df9d095,Node.js,Web Development,BEGINNER,28.9,False,,,,,,
9557e3f5-992e-4216-a640-34bde292d691,ad1c08a6-3a5d-4402-9394-1c067df9d095,JavaScript,Programming,INTERMEDIATE,56.0,True,NPTEL,NPTEL,2026-06-29,CRED-8F7E3C840F,https://credentials.example.com/CRED-8F7E3C840F,https://credentials.example.com/CRED-8F7E3C840F
4af6f3a7-e2bb-43c4-9d48-449994071a26,a44b713b-5de1-44ef-9d5f-dafe07c64fde,Kubernetes,DevOps,INTERMEDIATE,62.9,False,,,,,,
8d542997-4ce5-40bc-94ab-bff407a24c63,6b1dadad-96c2-49f5-84a4-8c090c6ca578,AWS,Cloud,BEGINNER,23.0,False,,,,,,
c4843e1d-0cbe-47ae-a192-bbdfb904ad46,6b1dadad-96c2-49f5-84a4-8c090c6ca578,Kubernetes,DevOps,INTERMEDIATE,61.5,False,,,,,,
eae374ff-29bf-4a38-adb0-bed5c2ca6921,5a180a68-54be-4b6c-af4b-9c4072b7383b,SQL,Database,INTERMEDIATE,50.7,False,,,,,,
7af6e65b-17aa-4922-9e86-7e58eb053cad,979c5139-8e28-4f80-9db7-faa090cfc4b7,Power BI,Data Analytics,INTERMEDIATE,60.3,False,,,,,,
169492b0-2a45-4269-b2db-9d6ac8489c6d,979c5139-8e28-4f80-9db7-faa090cfc4b7,Linux,Systems,INTERMEDIATE,44.5,False,,,,,,
104802e1-bb38-438e-9304-3d3bd4fcc2f5,979c5139-8e28-4f80-9db7-faa090cfc4b7,Deep Learning,AI/ML,INTERMEDIATE,52.1,False,,,,,,
a18d53dc-8492-4e62-9209-a3c0afdbac9b,9e562acb-851d-41d2-9875-9842ea42fe88,Data Structures & Algorithms,Core CS,INTERMEDIATE,41.0,False,,,,,,
3d1b9ca6-6010-4dd5-a225-690a4684434d,9e562acb-851d-41d2-9875-9842ea42fe88,Deep Learning,AI/ML,ADVANCED,85.4,True,Coursera,Coursera,2025-04-04,CRED-38F68189B7,https://credentials.example.com/CRED-38F68189B7,https://credentials.example.com/CRED-38F68189B7
e8f0b5b1-b9f9-4fcc-94f7-f3a53437485f,9e562acb-851d-41d2-9875-9842ea42fe88,Python,Programming,INTERMEDIATE,62.8,False,,,,,,
7588b5dd-b07d-4b93-8cac-c94f599d9b39,9e562acb-851d-41d2-9875-9842ea42fe88,JavaScript,Programming,BEGINNER,30.6,False,,,,,,
1203d9d5-9514-4dba-9f58-6a110ac689d3,9e562acb-851d-41d2-9875-9842ea42fe88,React,Web Development,BEGINNER,18.9,False,,,,,,
1957a22c-947e-41c9-bbae-024b8ba45b4b,2bda3d37-e0f4-48cc-9cc7-ee93364d80e6,Kubernetes,DevOps,INTERMEDIATE,72.0,True,Udemy,Udemy,2025-08-25,CRED-D8641F12A6,https://credentials.example.com/CRED-D8641F12A6,https://credentials.example.com/CRED-D8641F12A6
ac83a64b-a4cf-4d82-9955-f6a71061c87f,2bda3d37-e0f4-48cc-9cc7-ee93364d80e6,Data Structures & Algorithms,Core CS,BEGINNER,44.8,False,,,,,,
24e949b1-04a2-4889-aced-03f75cbc2b4f,2bda3d37-e0f4-48cc-9cc7-ee93364d80e6,Git,Tools,ADVANCED,81.9,True,Google,Google,2025-11-21,CRED-EB1510FB30,https://credentials.example.com/CRED-EB1510FB30,https://credentials.example.com/CRED-EB1510FB30
e6e2188d-6e57-4cdb-a6d3-7e209ed290e6,2bda3d37-e0f4-48cc-9cc7-ee93364d80e6,AWS,Cloud,BEGINNER,33.1,False,,,,,,
e80464fa-e48a-42e4-be45-54bae5aa4f14,b294feb3-9edd-4130-aa19-51ab3620f741,Docker,DevOps,INTERMEDIATE,31.7,False,,,,,,
a416d4bb-86b8-46f6-bd8b-db381a6a2828,b294feb3-9edd-4130-aa19-51ab3620f741,Deep Learning,AI/ML,ADVANCED,80.9,True,Google,Google,2025-12-27,CRED-C7D1AB9077,https://credentials.example.com/CRED-C7D1AB9077,https://credentials.example.com/CRED-C7D1AB9077
a75ad2fa-ffa3-4e7c-97ab-c3beac64fb38,b294feb3-9edd-4130-aa19-51ab3620f741,Excel,Data Analytics,ADVANCED,96.0,False,,,,,,
b397a264-ca09-481b-a9e8-8753b0cff2fb,dd718e4e-5783-46d7-993d-657fc25b4bc1,Docker,DevOps,BEGINNER,23.4,False,,,,,,
4eeada67-5412-49b2-b4b7-6818713672a0,dd718e4e-5783-46d7-993d-657fc25b4bc1,Deep Learning,AI/ML,EXPERT,82.6,False,,,,,,
176fb5ee-ca59-4bc7-94bb-6b4a808328c6,dd718e4e-5783-46d7-993d-657fc25b4bc1,Python,Programming,INTERMEDIATE,65.0,False,,,,,,
606adb17-3edd-4775-8b93-315fbd3982b4,dd718e4e-5783-46d7-993d-657fc25b4bc1,TensorFlow,AI/ML,ADVANCED,77.3,False,,,,,,
a71471da-9f8c-4a21-9d04-1b903bd1d57f,bfa9803f-ace8-45c0-8031-109c494be49f,Python,Programming,BEGINNER,37.4,False,,,,,,
56a3eb20-c313-4170-8065-0cd13eed659f,bfa9803f-ace8-45c0-8031-109c494be49f,AWS,Cloud,INTERMEDIATE,40.5,True,Coursera,Coursera,2025-12-17,CRED-F9809D7F3D,https://credentials.example.com/CRED-F9809D7F3D,https://credentials.example.com/CRED-F9809D7F3D
ee490f0c-8aaa-465c-9498-5dc702183c77,baf154b5-2d4d-4c0a-b4fd-2b05d2feb16e,Machine Learning,AI/ML,INTERMEDIATE,75.5,False,,,,,,
b025a6ac-acf0-4693-998f-e0d797a93808,baf154b5-2d4d-4c0a-b4fd-2b05d2feb16e,TensorFlow,AI/ML,INTERMEDIATE,50.0,False,,,,,,
d425934b-e7f8-47ef-b180-18d98825d1a8,baf154b5-2d4d-4c0a-b4fd-2b05d2feb16e,SQL,Database,INTERMEDIATE,49.2,True,Google,Google,2026-07-17,CRED-D22BBA9DD1,https://credentials.example.com/CRED-D22BBA9DD1,https://credentials.example.com/CRED-D22BBA9DD1
15f9f1db-2b31-43d3-8a16-f66179c35200,e62b1509-924f-49ed-b148-ebe005f3b3d1,Kubernetes,DevOps,EXPERT,95.8,False,,,,,,
5d6d790d-3d5f-4d93-ac89-32baf40d594e,e62b1509-924f-49ed-b148-ebe005f3b3d1,C++,Programming,BEGINNER,43.2,False,,,,,,
9174c69c-3a84-4c6b-ae28-2249fead7026,e62b1509-924f-49ed-b148-ebe005f3b3d1,Power BI,Data Analytics,BEGINNER,29.2,False,,,,,,
49987dd5-09ab-431b-9f6d-c99b3f65477b,e62b1509-924f-49ed-b148-ebe005f3b3d1,Data Structures & Algorithms,Core CS,BEGINNER,24.2,False,,,,,,
ead4b8c3-de71-4e13-99d2-8c5520d9c3f6,392519ab-fef0-4af9-b669-0366ff089c3b,React,Web Development,EXPERT,100.0,False,,,,,,
0112f35c-642e-4fac-b059-f4e26a025a8a,392519ab-fef0-4af9-b669-0366ff089c3b,TensorFlow,AI/ML,BEGINNER,25.7,False,,,,,,
503cdc1d-7308-4ad9-905f-63606cf6ac89,967e9c59-a0a5-4c88-a46d-25b7fcdf0d4b,C++,Programming,ADVANCED,92.7,True,Udemy,Udemy,2025-10-16,CRED-FE8AB30E51,https://credentials.example.com/CRED-FE8AB30E51,https://credentials.example.com/CRED-FE8AB30E51
07d29811-3852-44fb-a407-b6cb42736b53,3ff7a083-bbb8-4966-a9a1-1124f6072d27,Excel,Data Analytics,INTERMEDIATE,54.5,False,,,,,,
8681b3f8-ce1c-460e-a46c-b945901a3f94,3ff7a083-bbb8-4966-a9a1-1124f6072d27,AWS,Cloud,ADVANCED,87.2,False,,,,,,
94a6db15-5d59-40b8-8240-ae3637d98fab,3ff7a083-bbb8-4966-a9a1-1124f6072d27,JavaScript,Programming,BEGINNER,31.2,False,,,,,,
51c5c7e6-35a2-4a70-9bb9-21908e5d29a1,3ff7a083-bbb8-4966-a9a1-1124f6072d27,Data Structures & Algorithms,Core CS,ADVANCED,74.9,False,,,,,,
2cbcbbd7-a442-44f9-99c0-a13678b39e98,3ff7a083-bbb8-4966-a9a1-1124f6072d27,Java,Programming,BEGINNER,16.7,False,,,,,,
42211d3c-2a32-435f-a9e2-0a742abff8e5,ca37fdd3-d86c-4a59-be8b-20eb2ef37fca,Git,Tools,INTERMEDIATE,73.5,False,,,,,,
05cf24cc-31c2-44f7-821f-9cb26c2f5f59,53d735ae-0b66-4612-8de1-45b5b36f2c5a,Git,Tools,INTERMEDIATE,60.1,False,,,,,,
23c12323-bad1-4948-8326-e99b6e36202e,facb6741-3b79-475c-8523-b8c4a0ed17d9,Data Structures & Algorithms,Core CS,ADVANCED,82.8,True,Coursera,Coursera,2025-07-18,CRED-D6C53CF234,https://credentials.example.com/CRED-D6C53CF234,https://credentials.example.com/CRED-D6C53CF234
022ec665-0ea6-4cc7-bfa0-97c1fa205750,facb6741-3b79-475c-8523-b8c4a0ed17d9,TensorFlow,AI/ML,BEGINNER,9.9,False,,,,,,
6a14d929-ca6e-41d0-b5e7-19f67799edc8,facb6741-3b79-475c-8523-b8c4a0ed17d9,Linux,Systems,INTERMEDIATE,54.0,True,Microsoft,Microsoft,2025-03-15,CRED-A6857E5F2B,https://credentials.example.com/CRED-A6857E5F2B,https://credentials.example.com/CRED-A6857E5F2B
2505aad4-48b1-4ee3-b1e3-5661078841df,3a834626-4b2d-40ad-af64-391d6d26242d,MongoDB,Database,ADVANCED,89.6,True,AWS Training,AWS Training,2026-07-02,CRED-B6E6EA33D9,https://credentials.example.com/CRED-B6E6EA33D9,https://credentials.example.com/CRED-B6E6EA33D9
4c7efb12-12ad-4aeb-baae-346f85765945,3a834626-4b2d-40ad-af64-391d6d26242d,AWS,Cloud,ADVANCED,69.2,False,,,,,,
efaafb1c-fbb2-45b3-a240-bb888ce1411c,3a834626-4b2d-40ad-af64-391d6d26242d,Deep Learning,AI/ML,INTERMEDIATE,59.9,False,,,,,,
41fe6683-1a64-4547-850f-260c44792f57,3a834626-4b2d-40ad-af64-391d6d26242d,Excel,Data Analytics,BEGINNER,28.1,False,,,,,,
e297cba3-58d0-4e55-8efd-6c722c106a87,fe2ab766-c230-4fea-94cd-c699bfe2124d,Node.js,Web Development,ADVANCED,69.8,False,,,,,,
e5c8fe10-5ea2-458e-bb84-dd4ca63538b9,fe2ab766-c230-4fea-94cd-c699bfe2124d,Kubernetes,DevOps,INTERMEDIATE,44.5,False,,,,,,
f72677ef-8a38-4793-9f1f-2419109f3f20,fe2ab766-c230-4fea-94cd-c699bfe2124d,Machine Learning,AI/ML,BEGINNER,25.9,False,,,,,,
9b15e2e6-48b6-4de4-a3f0-3b47bd2596b2,fe2ab766-c230-4fea-94cd-c699bfe2124d,Deep Learning,AI/ML,BEGINNER,17.2,True,Coursera,Coursera,2026-03-25,CRED-E483E4013B,https://credentials.example.com/CRED-E483E4013B,https://credentials.example.com/CRED-E483E4013B
71b94f2f-ce4a-40fb-8cd0-78f133f7e0a2,fe2ab766-c230-4fea-94cd-c699bfe2124d,Figma,Design,BEGINNER,17.8,False,,,,,,
ecf14a00-873d-4b70-8b52-52a8ddbfc29b,87176dc9-9357-4050-9eac-33089f76d613,Docker,DevOps,BEGINNER,33.4,True,Udemy,Udemy,2025-05-30,CRED-6F3659F418,https://credentials.example.com/CRED-6F3659F418,https://credentials.example.com/CRED-6F3659F418
9e246369-9c20-49fb-8848-fc36e4d2b58f,87176dc9-9357-4050-9eac-33089f76d613,Node.js,Web Development,ADVANCED,82.2,False,,,,,,
804afe5e-355b-42eb-a59a-3cb8daec1d19,87176dc9-9357-4050-9eac-33089f76d613,SQL,Database,INTERMEDIATE,63.6,False,,,,,,
cb86427e-72c3-4003-bba4-50fdaa209316,9877e6b1-3dbd-4639-9554-23724ee2c71d,AWS,Cloud,EXPERT,100.0,False,,,,,,
d67a59f1-5686-49c9-99ae-b65b6e79c153,9877e6b1-3dbd-4639-9554-23724ee2c71d,Node.js,Web Development,INTERMEDIATE,62.4,False,,,,,,
58c4ba53-f041-42c4-8428-c50c8d012dd4,9877e6b1-3dbd-4639-9554-23724ee2c71d,Docker,DevOps,BEGINNER,47.9,False,,,,,,
b3b1b4e3-5bd1-4759-8154-425d8534039a,9877e6b1-3dbd-4639-9554-23724ee2c71d,Deep Learning,AI/ML,BEGINNER,39.8,False,,,,,,
fa0e39da-658d-4696-9c36-35780551d478,9877e6b1-3dbd-4639-9554-23724ee2c71d,SQL,Database,BEGINNER,28.3,False,,,,,,
a3a0de51-9bf2-4330-ab41-5789b1c586ed,9467a5a0-7ccc-416c-8cae-944aed9f9320,Git,Tools,ADVANCED,81.8,False,,,,,,
0b6c9026-935b-433b-ac9d-cbdb82a25d48,9467a5a0-7ccc-416c-8cae-944aed9f9320,AWS,Cloud,INTERMEDIATE,41.8,False,,,,,,
ab1db1fb-aacb-480a-b539-e631dc8be307,9467a5a0-7ccc-416c-8cae-944aed9f9320,MongoDB,Database,INTERMEDIATE,41.3,False,,,,,,
cf8cb676-578f-45a1-b6fd-d97b51ab2556,9467a5a0-7ccc-416c-8cae-944aed9f9320,Node.js,Web Development,INTERMEDIATE,46.6,True,Coursera,Coursera,2025-11-09,CRED-183C211FAC,https://credentials.example.com/CRED-183C211FAC,https://credentials.example.com/CRED-183C211FAC
02f01432-d3d2-4f20-86a1-852d2577c286,9467a5a0-7ccc-416c-8cae-944aed9f9320,Kubernetes,DevOps,INTERMEDIATE,44.6,False,,,,,,
81cc198f-8822-42fa-adb3-b63fe8cd35ac,62c44b4b-e9cc-4962-aa45-cdf98a4d9d4e,Docker,DevOps,BEGINNER,38.6,True,Microsoft,Microsoft,2025-06-10,CRED-6BF9C389F8,https://credentials.example.com/CRED-6BF9C389F8,https://credentials.example.com/CRED-6BF9C389F8
c7c1b7ba-c2fa-4bb7-a2ab-e0169336ced8,62c44b4b-e9cc-4962-aa45-cdf98a4d9d4e,Excel,Data Analytics,INTERMEDIATE,44.8,False,,,,,,
7b449958-c5a2-4338-8650-beb14bbd4b49,62c44b4b-e9cc-4962-aa45-cdf98a4d9d4e,Power BI,Data Analytics,INTERMEDIATE,69.1,False,,,,,,
d37a3186-560d-4f34-b0e9-8ff82c00a988,62c44b4b-e9cc-4962-aa45-cdf98a4d9d4e,Data Structures & Algorithms,Core CS,INTERMEDIATE,67.6,False,,,,,,
e05f0955-e314-4aeb-bb0d-580a6af97031,62c44b4b-e9cc-4962-aa45-cdf98a4d9d4e,Linux,Systems,BEGINNER,36.5,False,,,,,,
30937d8f-d2de-4dd9-9c07-6ba8582a4a9a,ae58e1a2-83a2-4a00-b180-ebf074387d60,Deep Learning,AI/ML,BEGINNER,27.2,False,,,,,,
f1a850df-5613-4f23-937b-ece662ab1a30,ae58e1a2-83a2-4a00-b180-ebf074387d60,Git,Tools,ADVANCED,80.1,True,NPTEL,NPTEL,2025-10-24,CRED-4BDA8E84A9,https://credentials.example.com/CRED-4BDA8E84A9,https://credentials.example.com/CRED-4BDA8E84A9
0b1b6ca1-b177-41ea-90ca-0833f1e80564,ae58e1a2-83a2-4a00-b180-ebf074387d60,Java,Programming,BEGINNER,35.4,False,,,,,,
d25a471f-f412-429e-9582-8a1437da3d82,ae58e1a2-83a2-4a00-b180-ebf074387d60,Python,Programming,ADVANCED,97.5,True,Google,Google,2025-07-09,CRED-8AC15E18B8,https://credentials.example.com/CRED-8AC15E18B8,https://credentials.example.com/CRED-8AC15E18B8
be27f910-5f73-46f6-8276-e320bd7061aa,ae58e1a2-83a2-4a00-b180-ebf074387d60,React,Web Development,INTERMEDIATE,45.9,False,,,,,,
8bca472f-be47-49b7-9295-d82588a06eec,a7e54863-172b-49ba-b337-e831cb190afc,Deep Learning,AI/ML,INTERMEDIATE,49.5,False,,,,,,
ea3ef35a-71cb-47be-acda-7ec5237a69b0,a7e54863-172b-49ba-b337-e831cb190afc,Linux,Systems,BEGINNER,35.8,False,,,,,,
b9a7866d-3279-4706-bfb0-d1a05f5783cd,a7e54863-172b-49ba-b337-e831cb190afc,MongoDB,Database,INTERMEDIATE,58.6,False,,,,,,
699287ba-53f5-4dde-92f4-309ccdba3275,2e581dd5-2c58-4883-b47d-a38757a9ae2c,Java,Programming,ADVANCED,74.4,False,,,,,,
cc10a86b-0c8b-4014-8d92-aaedd67f8a9d,2e581dd5-2c58-4883-b47d-a38757a9ae2c,Power BI,Data Analytics,BEGINNER,45.7,False,,,,,,
be9f04d9-1438-42d7-bcd9-0b1edceabe24,2e581dd5-2c58-4883-b47d-a38757a9ae2c,SQL,Database,BEGINNER,35.6,False,,,,,,
a804c399-a47b-45a2-a17b-8df33eac44f8,2e581dd5-2c58-4883-b47d-a38757a9ae2c,JavaScript,Programming,INTERMEDIATE,59.2,False,,,,,,
2e445be0-2120-4941-9ed6-d8087d79f76c,2e581dd5-2c58-4883-b47d-a38757a9ae2c,React,Web Development,EXPERT,94.3,False,,,,,,
28981235-9fdf-4be5-80f8-c2fd51b36069,19e7e30a-9014-48e2-97a8-a82136a65209,JavaScript,Programming,BEGINNER,35.5,False,,,,,,
fa8aa5b4-e498-4790-a897-e80c551a06f5,19e7e30a-9014-48e2-97a8-a82136a65209,Docker,DevOps,ADVANCED,80.1,True,Udemy,Udemy,2025-11-16,CRED-0AF7550F32,https://credentials.example.com/CRED-0AF7550F32,https://credentials.example.com/CRED-0AF7550F32
2ab12409-d70e-4d4d-b944-7d0bde65851c,148f981d-05e3-45d6-a6a5-884a8ec8b09f,React,Web Development,BEGINNER,41.1,False,,,,,,
0f345d0f-e2fd-4c3d-b534-aa63b7aad1ef,6084b88e-7a2a-41e6-9c65-b0272b99019d,Python,Programming,BEGINNER,39.5,False,,,,,,
5056bfcc-6da1-4a58-83f1-66084b75158c,6084b88e-7a2a-41e6-9c65-b0272b99019d,Linux,Systems,ADVANCED,90.1,False,,,,,,
45bd387d-382b-4b2f-a9be-5e650bc8f0d7,108be8c2-c46c-4508-8eee-90d4ecbb7007,Linux,Systems,INTERMEDIATE,67.2,False,,,,,,
0b62b05f-0c44-4411-b90f-f5efa76d6e93,108be8c2-c46c-4508-8eee-90d4ecbb7007,C++,Programming,BEGINNER,36.3,False,,,,,,
bcdec6fe-bff9-42c2-a330-ddfb3467f360,67319a27-1f17-45dd-9c7b-047d2b7b4bd5,Machine Learning,AI/ML,EXPERT,90.4,False,,,,,,
fee2a653-9cc7-4b5c-a4ec-e9cffface22e,5a29a8d1-4006-4a46-a1cd-46c3bce70e8d,Kubernetes,DevOps,BEGINNER,22.5,True,Coursera,Coursera,2025-05-18,CRED-89D042773F,https://credentials.example.com/CRED-89D042773F,https://credentials.example.com/CRED-89D042773F
50b99e18-8903-4f9d-b110-f86599a376b8,5a29a8d1-4006-4a46-a1cd-46c3bce70e8d,SQL,Database,ADVANCED,91.5,True,NPTEL,NPTEL,2026-06-24,CRED-A26F10CA9A,https://credentials.example.com/CRED-A26F10CA9A,https://credentials.example.com/CRED-A26F10CA9A
07bf9b41-6cce-4934-a006-675791b5b6bd,5a29a8d1-4006-4a46-a1cd-46c3bce70e8d,JavaScript,Programming,BEGINNER,24.1,True,NPTEL,NPTEL,2025-06-27,CRED-A7B216009B,https://credentials.example.com/CRED-A7B216009B,https://credentials.example.com/CRED-A7B216009B
76e1db79-bae0-44c8-a1f7-ef274ef17dc1,891d3a1b-102f-4954-b3c7-bd714661e911,JavaScript,Programming,ADVANCED,94.2,False,,,,,,
61e7e2c5-525f-41e6-9bab-9dd27596b1dc,891d3a1b-102f-4954-b3c7-bd714661e911,MongoDB,Database,BEGINNER,55.9,False,,,,,,
63566d7f-4d22-40d6-914e-ec7219d29ac8,891d3a1b-102f-4954-b3c7-bd714661e911,Kubernetes,DevOps,ADVANCED,74.0,False,,,,,,
658199fc-0446-4679-aceb-1d77b9bdddc8,891d3a1b-102f-4954-b3c7-bd714661e911,Deep Learning,AI/ML,BEGINNER,33.0,False,,,,,,
2666003b-5f37-4fc7-91a5-127738282449,ce7c0672-b2c4-47ee-a04c-b9c605806d05,Git,Tools,INTERMEDIATE,55.2,True,Google,Google,2025-08-21,CRED-A493775AB4,https://credentials.example.com/CRED-A493775AB4,https://credentials.example.com/CRED-A493775AB4
bf38f973-c43b-4dd7-9e5a-6cc895fe139a,ce7c0672-b2c4-47ee-a04c-b9c605806d05,C++,Programming,BEGINNER,14.6,False,,,,,,
cc4bd504-f2f0-4d8f-840f-0ee7628c06e8,1f111f32-6dea-4fb2-8266-3afcc57e1bda,Docker,DevOps,BEGINNER,23.5,False,,,,,,
a2cc3e89-feca-4a05-82cf-85079a88d36f,1f111f32-6dea-4fb2-8266-3afcc57e1bda,Power BI,Data Analytics,INTERMEDIATE,76.2,False,,,,,,
1cff6d1b-1c71-4672-b705-341986670371,1f111f32-6dea-4fb2-8266-3afcc57e1bda,Git,Tools,EXPERT,86.2,False,,,,,,
1d21c88c-177f-4057-9d8b-7000fe529163,1f111f32-6dea-4fb2-8266-3afcc57e1bda,Node.js,Web Development,INTERMEDIATE,57.6,False,,,,,,
412f91b1-1ad2-4646-86f1-d2ddfe903013,74abd212-9d4f-46c8-be47-9e8f5727300d,SQL,Database,BEGINNER,17.1,True,Coursera,Coursera,2025-11-08,CRED-9CE643B302,https://credentials.example.com/CRED-9CE643B302,https://credentials.example.com/CRED-9CE643B302
f7c8c80f-575e-43cb-b739-299e3c0a8dff,02eb3988-d904-491b-a8f0-624840cdfd5b,Linux,Systems,BEGINNER,28.1,False,,,,,,
f8a8a52b-30fd-481b-8a2a-6806effb69ed,02eb3988-d904-491b-a8f0-624840cdfd5b,TensorFlow,AI/ML,BEGINNER,26.4,True,Google,Google,2026-06-02,CRED-96B871CAF5,https://credentials.example.com/CRED-96B871CAF5,https://credentials.example.com/CRED-96B871CAF5
2926bd8b-1f64-4ff2-b710-bab051d68005,02eb3988-d904-491b-a8f0-624840cdfd5b,JavaScript,Programming,BEGINNER,29.9,True,Microsoft,Microsoft,2026-06-23,CRED-AD452C8C40,https://credentials.example.com/CRED-AD452C8C40,https://credentials.example.com/CRED-AD452C8C40
d1cb2a13-b61d-434f-9907-858be44d1fc9,02eb3988-d904-491b-a8f0-624840cdfd5b,C++,Programming,ADVANCED,88.6,False,,,,,,
025afb15-9139-4efd-94a0-62f63786d7a2,5c7d2b4f-8d36-4f85-bc52-905eb86c5725,Kubernetes,DevOps,INTERMEDIATE,33.2,True,AWS Training,AWS Training,2025-10-09,CRED-25BE0A9030,https://credentials.example.com/CRED-25BE0A9030,https://credentials.example.com/CRED-25BE0A9030
8ad23e9c-11ef-46a1-bc38-8fbaea04af74,5c7d2b4f-8d36-4f85-bc52-905eb86c5725,Docker,DevOps,EXPERT,91.1,True,Microsoft,Microsoft,2025-09-01,CRED-E20A81B367,https://credentials.example.com/CRED-E20A81B367,https://credentials.example.com/CRED-E20A81B367
b7a76dbe-3eda-4161-bd41-cdb7eb477dfb,183ec393-673a-4381-a789-805b44ed63d0,Excel,Data Analytics,INTERMEDIATE,76.9,False,,,,,,
e877e1c0-4d57-42b3-a7f3-75bafa15c958,183ec393-673a-4381-a789-805b44ed63d0,SQL,Database,ADVANCED,95.8,True,Google,Google,2026-01-11,CRED-50AE036DA8,https://credentials.example.com/CRED-50AE036DA8,https://credentials.example.com/CRED-50AE036DA8
3e7bc862-3cbe-4c3e-a4f3-eb7e275c4f17,183ec393-673a-4381-a789-805b44ed63d0,Deep Learning,AI/ML,BEGINNER,27.6,False,,,,,,
c5d68fa7-52b9-4c2f-804c-687b8284c77f,183ec393-673a-4381-a789-805b44ed63d0,Docker,DevOps,INTERMEDIATE,57.6,True,Coursera,Coursera,2026-06-23,CRED-4EAE9DDDB0,https://credentials.example.com/CRED-4EAE9DDDB0,https://credentials.example.com/CRED-4EAE9DDDB0
0db437c5-9449-46cb-abc0-20cf63d87f57,2a74a1f7-4817-49e3-aa83-fe858c9309e7,Kubernetes,DevOps,BEGINNER,27.2,False,,,,,,
1bcea6c5-59e0-4a5a-a53e-4987da73ce0d,2a74a1f7-4817-49e3-aa83-fe858c9309e7,Docker,DevOps,ADVANCED,83.2,True,Microsoft,Microsoft,2025-12-28,CRED-FCFE565E77,https://credentials.example.com/CRED-FCFE565E77,https://credentials.example.com/CRED-FCFE565E77
29c0ff35-f2e2-4f3c-974b-e617e11b5de9,2a74a1f7-4817-49e3-aa83-fe858c9309e7,MongoDB,Database,ADVANCED,79.8,True,Microsoft,Microsoft,2025-03-30,CRED-30A57C5346,https://credentials.example.com/CRED-30A57C5346,https://credentials.example.com/CRED-30A57C5346
885fb56c-11e9-47c7-a6c1-19930c14dfbc,2a74a1f7-4817-49e3-aa83-fe858c9309e7,Node.js,Web Development,INTERMEDIATE,57.1,False,,,,,,
d053747d-d1f0-44cb-b8be-a49f4edd2ef5,40a61690-bf42-4f59-b592-9457a1d8c464,Data Structures & Algorithms,Core CS,BEGINNER,40.0,False,,,,,,
b235f5ae-999f-40d9-8918-e8599cc25ad2,4a9797d1-c415-4454-a869-91ae222216c6,Docker,DevOps,BEGINNER,38.6,False,,,,,,
2f7ced17-1776-43c1-aabd-e0cb82e0a9a3,4a9797d1-c415-4454-a869-91ae222216c6,Power BI,Data Analytics,ADVANCED,83.9,True,Udemy,Udemy,2025-12-27,CRED-B3EAC2711A,https://credentials.example.com/CRED-B3EAC2711A,https://credentials.example.com/CRED-B3EAC2711A
2ad2915c-9806-4f98-8c7c-32f13954ec52,ff722687-67d6-48c9-9bc2-b0310632a222,Git,Tools,ADVANCED,83.5,False,,,,,,
3d25b8ee-449e-4bc0-8b70-7e449336d621,ff722687-67d6-48c9-9bc2-b0310632a222,MongoDB,Database,EXPERT,100.0,True,AWS Training,AWS Training,2025-11-10,CRED-E7231D272D,https://credentials.example.com/CRED-E7231D272D,https://credentials.example.com/CRED-E7231D272D
beb6dfb8-e432-4316-80bd-a67a92896350,ff722687-67d6-48c9-9bc2-b0310632a222,Node.js,Web Development,INTERMEDIATE,49.5,True,NPTEL,NPTEL,2025-12-11,CRED-F39F58E2FC,https://credentials.example.com/CRED-F39F58E2FC,https://credentials.example.com/CRED-F39F58E2FC
935ac854-9ba9-4187-9da9-1b4304d8428c,ff722687-67d6-48c9-9bc2-b0310632a222,Python,Programming,BEGINNER,44.4,False,,,,,,
6d8bed25-bee4-490d-b108-91b33eb94879,ff722687-67d6-48c9-9bc2-b0310632a222,Figma,Design,BEGINNER,39.6,False,,,,,,
0ba17e57-7ff7-43fe-9400-ee62bf793cf8,f30d26fc-0427-4381-98e0-0e50c28045fb,Machine Learning,AI/ML,BEGINNER,32.6,False,,,,,,
fe23de72-ebbd-4f61-8867-25c3925c012a,f30d26fc-0427-4381-98e0-0e50c28045fb,Linux,Systems,BEGINNER,32.9,False,,,,,,
bce2eebe-6054-44c0-8114-61d7d956406c,f30d26fc-0427-4381-98e0-0e50c28045fb,TensorFlow,AI/ML,BEGINNER,29.4,False,,,,,,
b9c77132-ddd7-4878-9d50-e9c6564335aa,f30d26fc-0427-4381-98e0-0e50c28045fb,JavaScript,Programming,ADVANCED,76.2,False,,,,,,
911bba7e-da3f-4ae4-a1a2-b5bc2dba4ac9,5f40dab2-cc69-49e5-b14c-2f5b4034448f,Machine Learning,AI/ML,INTERMEDIATE,51.6,True,Coursera,Coursera,2025-12-29,CRED-080B13F0BF,https://credentials.example.com/CRED-080B13F0BF,https://credentials.example.com/CRED-080B13F0BF
f0ca398d-eca0-4fea-b562-a0d3d4ba5739,5f40dab2-cc69-49e5-b14c-2f5b4034448f,Git,Tools,EXPERT,90.6,False,,,,,,
92a125b6-8e6f-4113-aa39-9a05d81c01d0,7298b618-497f-42ee-9e4d-78d5ac898fa2,Machine Learning,AI/ML,INTERMEDIATE,57.4,True,NPTEL,NPTEL,2026-05-03,CRED-A45B8CADA6,https://credentials.example.com/CRED-A45B8CADA6,https://credentials.example.com/CRED-A45B8CADA6
3c222075-19c6-4441-926b-370598b50cbd,7298b618-497f-42ee-9e4d-78d5ac898fa2,C++,Programming,INTERMEDIATE,45.6,False,,,,,,
7b099979-6df5-4c38-8c70-23032b835db6,3afa5079-75dc-467c-9d00-4ffc5a3d10aa,Figma,Design,INTERMEDIATE,34.9,False,,,,,,
3774b4d9-6ccb-475c-985d-8ddb716834e4,b1a50bdf-1d4f-4ed0-9195-752c75f7fff5,TensorFlow,AI/ML,ADVANCED,71.5,False,,,,,,
5c8b4e15-5bc9-4fc8-b9bf-d5ab9518eaa6,b1a50bdf-1d4f-4ed0-9195-752c75f7fff5,Node.js,Web Development,BEGINNER,24.4,False,,,,,,
59369d1e-83db-458d-a94e-eb74cb452192,67c69404-4b2a-40a7-b081-d7b9858c2021,Excel,Data Analytics,BEGINNER,42.9,True,Microsoft,Microsoft,2025-08-14,CRED-73A73BEC2A,https://credentials.example.com/CRED-73A73BEC2A,https://credentials.example.com/CRED-73A73BEC2A
595cb217-6aa4-4769-a0b0-716e8c577239,67c69404-4b2a-40a7-b081-d7b9858c2021,Docker,DevOps,BEGINNER,25.2,True,Google,Google,2026-04-03,CRED-37E7EBADCE,https://credentials.example.com/CRED-37E7EBADCE,https://credentials.example.com/CRED-37E7EBADCE
82781e8d-7f1e-4a74-a37f-042943f5a4ae,f0b5b045-aa4c-4d6f-a659-650cbaaecb75,AWS,Cloud,INTERMEDIATE,59.4,True,AWS Training,AWS Training,2026-01-04,CRED-2B125D487E,https://credentials.example.com/CRED-2B125D487E,https://credentials.example.com/CRED-2B125D487E
24c8b13f-2f6b-4bd8-8d24-d8d84c9e0228,f0b5b045-aa4c-4d6f-a659-650cbaaecb75,MongoDB,Database,BEGINNER,54.9,False,,,,,,
225e2b5f-6177-49ca-b231-9e46a860fdaf,f0b5b045-aa4c-4d6f-a659-650cbaaecb75,C++,Programming,BEGINNER,22.6,False,,,,,,
e62e2198-dd82-4d59-9eb2-634fd7481ff3,f0b5b045-aa4c-4d6f-a659-650cbaaecb75,Java,Programming,BEGINNER,35.4,False,,,,,,
62157c12-2615-4a7f-93e1-24b0b2ac699c,819fbb44-a47d-4268-b4fe-07a08755c05e,Deep Learning,AI/ML,BEGINNER,22.0,True,Google,Google,2026-08-02,CRED-9D1B1B7B60,https://credentials.example.com/CRED-9D1B1B7B60,https://credentials.example.com/CRED-9D1B1B7B60
0230d8d0-85b8-41d2-b2d7-f16c7eeeeb1e,819fbb44-a47d-4268-b4fe-07a08755c05e,Git,Tools,INTERMEDIATE,56.7,True,Microsoft,Microsoft,2026-01-09,CRED-66F515E719,https://credentials.example.com/CRED-66F515E719,https://credentials.example.com/CRED-66F515E719
e6a0449a-9c1a-440e-822a-030a26536388,819fbb44-a47d-4268-b4fe-07a08755c05e,Linux,Systems,INTERMEDIATE,68.4,False,,,,,,
fdaf7422-1d62-4e15-a505-8c1176d54275,819fbb44-a47d-4268-b4fe-07a08755c05e,Figma,Design,EXPERT,95.0,True,Coursera,Coursera,2026-01-18,CRED-F231E1FE75,https://credentials.example.com/CRED-F231E1FE75,https://credentials.example.com/CRED-F231E1FE75
d03f23a3-fdcf-48f3-9d88-f76f5efc6e9a,884f29c5-f10f-4219-a7b2-a143e98d99c0,Power BI,Data Analytics,EXPERT,85.8,True,Coursera,Coursera,2026-02-18,CRED-FA37A5E749,https://credentials.example.com/CRED-FA37A5E749,https://credentials.example.com/CRED-FA37A5E749
eac02fbf-563e-4f58-8e78-ed8ef203c2c5,800dadeb-a4b5-4ab3-91c8-1725ae3fdb6b,JavaScript,Programming,BEGINNER,32.7,False,,,,,,
b7742904-2cef-4270-bf69-6d2c5ea5c3b9,e61fd452-72da-45f6-b3e1-ffdfc86b08a4,Linux,Systems,BEGINNER,41.4,False,,,,,,
bf6a225b-06c1-4108-9f57-ffcc55dd93ea,e8843073-606d-40d5-a309-f67a825c73a5,Java,Programming,BEGINNER,22.6,False,,,,,,
be609a4b-555d-4bd4-b5b8-28b9718afc06,e8843073-606d-40d5-a309-f67a825c73a5,Python,Programming,BEGINNER,41.1,False,,,,,,
469f328a-059f-4edc-9032-4c4091967c24,e8843073-606d-40d5-a309-f67a825c73a5,JavaScript,Programming,INTERMEDIATE,41.2,False,,,,,,
e6a5f363-06a2-4b48-a00c-ce68dfa59a9c,e8843073-606d-40d5-a309-f67a825c73a5,Excel,Data Analytics,EXPERT,90.8,True,Coursera,Coursera,2025-02-01,CRED-58A5627448,https://credentials.example.com/CRED-58A5627448,https://credentials.example.com/CRED-58A5627448
12da61a4-dfd1-4c5d-861d-b607afdf83ec,e8843073-606d-40d5-a309-f67a825c73a5,Data Structures & Algorithms,Core CS,INTERMEDIATE,54.7,False,,,,,,
4fd68d65-69e4-4f91-95cd-34cb52591e13,817de8c1-c5e2-40fa-9561-2c6f470343ac,MongoDB,Database,INTERMEDIATE,44.3,False,,,,,,
7dc40cfe-2c70-4da1-adc5-e40f1038a9ff,817de8c1-c5e2-40fa-9561-2c6f470343ac,SQL,Database,INTERMEDIATE,45.8,False,,,,,,
91d86e34-f6aa-4d74-be76-e1c92b378f55,e9bd7e45-5a3b-460b-b29f-8bc8225ce18f,Node.js,Web Development,BEGINNER,21.8,False,,,,,,
96a6b50f-92b8-460e-ae8f-3cdda154c683,e9bd7e45-5a3b-460b-b29f-8bc8225ce18f,React,Web Development,BEGINNER,35.4,False,,,,,,
e71ffcd3-6e80-4c64-b67a-ea34caffc709,e9bd7e45-5a3b-460b-b29f-8bc8225ce18f,Kubernetes,DevOps,EXPERT,100.0,True,AWS Training,AWS Training,2026-05-21,CRED-A7DE33D3AC,https://credentials.example.com/CRED-A7DE33D3AC,https://credentials.example.com/CRED-A7DE33D3AC
26b2afab-ac1b-4d16-b49e-cb5e70fe84c6,e9bd7e45-5a3b-460b-b29f-8bc8225ce18f,SQL,Database,BEGINNER,26.7,True,Udemy,Udemy,2025-02-08,CRED-3865F556BA,https://credentials.example.com/CRED-3865F556BA,https://credentials.example.com/CRED-3865F556BA
e5573946-dbdb-4df0-8269-b0288c13079b,53efafe3-7bf0-4171-b368-f5ffdd3a0e13,Linux,Systems,BEGINNER,40.5,False,,,,,,
e57941a0-bae0-428a-8a7c-72f079e2b910,53efafe3-7bf0-4171-b368-f5ffdd3a0e13,Excel,Data Analytics,EXPERT,96.8,True,Coursera,Coursera,2025-10-12,CRED-782169BB01,https://credentials.example.com/CRED-782169BB01,https://credentials.example.com/CRED-782169BB01
94481173-01f9-4b04-bdfd-32bfc1aa5f58,6be14b8c-0196-4b0b-9d4b-004b38ebc617,Deep Learning,AI/ML,BEGINNER,23.4,True,NPTEL,NPTEL,2026-04-06,CRED-A7556C2A13,https://credentials.example.com/CRED-A7556C2A13,https://credentials.example.com/CRED-A7556C2A13
9be3a782-7273-45a7-9921-1332741c7444,6be14b8c-0196-4b0b-9d4b-004b38ebc617,AWS,Cloud,BEGINNER,24.5,False,,,,,,
a659e17b-fdf6-46df-a6ac-7591a3b79eae,6be14b8c-0196-4b0b-9d4b-004b38ebc617,Figma,Design,ADVANCED,71.7,False,,,,,,
eda2ba1a-2472-44ac-9816-1bbc5e1c4e3f,6be14b8c-0196-4b0b-9d4b-004b38ebc617,TensorFlow,AI/ML,EXPERT,99.7,False,,,,,,
fcd0746d-1c67-4c13-adad-93e040943e40,f28b955e-3429-4554-805f-6ae433c26064,SQL,Database,EXPERT,83.2,True,Microsoft,Microsoft,2026-01-08,CRED-7987B61FAE,https://credentials.example.com/CRED-7987B61FAE,https://credentials.example.com/CRED-7987B61FAE
e7602818-fdf5-44dd-8a00-620e103d5f62,f28b955e-3429-4554-805f-6ae433c26064,MongoDB,Database,BEGINNER,9.2,False,,,,,,
737381b1-dfb6-4204-a73b-a22566674789,607f8e96-b735-4676-bc7f-035b2e782ee7,Git,Tools,EXPERT,100.0,True,Udemy,Udemy,2025-01-16,CRED-A8B98D0768,https://credentials.example.com/CRED-A8B98D0768,https://credentials.example.com/CRED-A8B98D0768
311dbd5d-a398-42a2-95ce-1f892c65a81d,607f8e96-b735-4676-bc7f-035b2e782ee7,Kubernetes,DevOps,ADVANCED,83.0,True,Coursera,Coursera,2025-04-02,CRED-CC65CF349F,https://credentials.example.com/CRED-CC65CF349F,https://credentials.example.com/CRED-CC65CF349F
2b289c06-af80-4c22-b85a-ee0c908360c4,607f8e96-b735-4676-bc7f-035b2e782ee7,JavaScript,Programming,ADVANCED,68.6,True,Google,Google,2025-03-20,CRED-DB586F4733,https://credentials.example.com/CRED-DB586F4733,https://credentials.example.com/CRED-DB586F4733
33e2e272-5de8-4f05-8b75-c0b7d3b28465,607f8e96-b735-4676-bc7f-035b2e782ee7,Linux,Systems,BEGINNER,23.9,False,,,,,,
84b6c3cb-b5cc-4082-b541-dc2af935f661,607f8e96-b735-4676-bc7f-035b2e782ee7,C++,Programming,EXPERT,83.4,True,Google,Google,2025-10-19,CRED-C22418D65C,https://credentials.example.com/CRED-C22418D65C,https://credentials.example.com/CRED-C22418D65C
37378d5d-55c6-46ec-b770-33090916a19d,916ca084-1eb5-4387-ba35-a130d7dac3b2,Git,Tools,INTERMEDIATE,56.8,False,,,,,,
c1cb1954-2000-4866-84b2-336427f14c00,916ca084-1eb5-4387-ba35-a130d7dac3b2,React,Web Development,INTERMEDIATE,49.9,False,,,,,,
1981243c-5460-432b-be32-2683b1775833,916ca084-1eb5-4387-ba35-a130d7dac3b2,SQL,Database,EXPERT,98.1,True,Coursera,Coursera,2025-09-03,CRED-F9D58B3EFA,https://credentials.example.com/CRED-F9D58B3EFA,https://credentials.example.com/CRED-F9D58B3EFA
de2f1387-f96a-4483-862f-1042e4aa0d0f,82cb0222-b361-4899-91c6-f06468d0edff,Deep Learning,AI/ML,BEGINNER,37.5,False,,,,,,
637ad12f-d768-47de-9ac8-e969e1c0687d,82cb0222-b361-4899-91c6-f06468d0edff,TensorFlow,AI/ML,INTERMEDIATE,50.5,True,Udemy,Udemy,2026-02-28,CRED-BBFFCBAC78,https://credentials.example.com/CRED-BBFFCBAC78,https://credentials.example.com/CRED-BBFFCBAC78
eba945aa-23a8-4291-a9ee-80d05b49c551,b27fbe5b-04b5-442d-b4e6-5f8118d5c9d3,Kubernetes,DevOps,BEGINNER,36.6,True,Microsoft,Microsoft,2025-03-13,CRED-D90785A493,https://credentials.example.com/CRED-D90785A493,https://credentials.example.com/CRED-D90785A493
ff28e94f-c748-44d8-94fd-0594c39dd3cb,b27fbe5b-04b5-442d-b4e6-5f8118d5c9d3,Data Structures & Algorithms,Core CS,BEGINNER,28.5,False,,,,,,
bf3378d3-ea02-4aeb-9da6-b411f8f7f014,b27fbe5b-04b5-442d-b4e6-5f8118d5c9d3,AWS,Cloud,BEGINNER,16.1,False,,,,,,
071659cb-992c-488a-b854-9fc7b940856f,b27fbe5b-04b5-442d-b4e6-5f8118d5c9d3,Deep Learning,AI/ML,INTERMEDIATE,49.7,False,,,,,,
94c758eb-51dd-4c0f-8911-5293d981fa99,b27fbe5b-04b5-442d-b4e6-5f8118d5c9d3,Python,Programming,BEGINNER,16.4,False,,,,,,
3b9fa0a8-90c4-4989-84e3-a5f2d327655e,594c23e8-2de2-45bd-a891-64a7936fee4d,Power BI,Data Analytics,INTERMEDIATE,64.8,True,Google,Google,2025-01-11,CRED-4D5A5AF925,https://credentials.example.com/CRED-4D5A5AF925,https://credentials.example.com/CRED-4D5A5AF925
eb15a1f7-1c43-4b49-97be-b1271ae19a07,594c23e8-2de2-45bd-a891-64a7936fee4d,Excel,Data Analytics,ADVANCED,75.3,True,Udemy,Udemy,2026-03-06,CRED-7A5D847224,https://credentials.example.com/CRED-7A5D847224,https://credentials.example.com/CRED-7A5D847224
24a9d100-9963-43fb-bd0f-76f97ea719f0,594c23e8-2de2-45bd-a891-64a7936fee4d,Java,Programming,INTERMEDIATE,40.9,True,Microsoft,Microsoft,2025-07-09,CRED-3EBC3B0EE9,https://credentials.example.com/CRED-3EBC3B0EE9,https://credentials.example.com/CRED-3EBC3B0EE9
116ae26b-91de-4d5c-9865-c0d6a3082c14,605f6266-3e4b-4fec-ac48-71e7254a94f3,Java,Programming,BEGINNER,21.4,False,,,,,,
75f96f96-1e29-4431-984a-c4b8617dd7f9,605f6266-3e4b-4fec-ac48-71e7254a94f3,MongoDB,Database,EXPERT,100.0,False,,,,,,
efa84bfe-d2d7-4ea8-9e0f-904b7e9bb31d,ddc1ce58-cacc-42f1-882c-389ba58f04cb,Linux,Systems,BEGINNER,6.1,False,,,,,,
ca214d9a-8054-49df-9452-81cf471826ff,ddc1ce58-cacc-42f1-882c-389ba58f04cb,Kubernetes,DevOps,INTERMEDIATE,48.3,False,,,,,,
31611726-9e0a-47ac-8871-cdde8ce93651,ddc1ce58-cacc-42f1-882c-389ba58f04cb,Figma,Design,INTERMEDIATE,40.8,False,,,,,,
43ed34ee-1a11-4f8e-9e78-ed9513559a47,ddc1ce58-cacc-42f1-882c-389ba58f04cb,Java,Programming,ADVANCED,88.3,False,,,,,,
7ae9d143-d24f-4234-886f-267961977c23,ddc1ce58-cacc-42f1-882c-389ba58f04cb,AWS,Cloud,BEGINNER,46.9,False,,,,,,
8d4c0c76-7a9e-4b65-8d43-2b6d3a86e5c1,ee45dbd4-2452-406f-8796-863b951161cc,Data Structures & Algorithms,Core CS,ADVANCED,83.3,False,,,,,,
83ce7b47-09a6-4709-9cea-e498fe0ec4a5,24c51da0-2db2-404b-98fd-cb2f3f81025f,Figma,Design,BEGINNER,24.1,False,,,,,,
2e0728a7-78a7-4c7a-9d1c-a513cbf6dd2a,24c51da0-2db2-404b-98fd-cb2f3f81025f,Linux,Systems,INTERMEDIATE,47.7,False,,,,,,
fdde00d9-0115-4f49-b3e1-b389d228d03a,24c51da0-2db2-404b-98fd-cb2f3f81025f,Machine Learning,AI/ML,INTERMEDIATE,59.5,False,,,,,,
fdad90ed-2e6e-4aaa-b562-7f7b2b6b9183,24c51da0-2db2-404b-98fd-cb2f3f81025f,C++,Programming,INTERMEDIATE,66.3,False,,,,,,
8f09c0e7-26b9-4467-a33a-66af7ff314b7,9f894961-776e-479d-84be-0e3d363df6a6,MongoDB,Database,BEGINNER,18.2,False,,,,,,
11b97ee0-cb46-40f3-b686-f44bd04343ad,9f894961-776e-479d-84be-0e3d363df6a6,Data Structures & Algorithms,Core CS,BEGINNER,41.8,False,,,,,,
f4b8198d-4069-4262-bc79-50f71a04e57b,9f894961-776e-479d-84be-0e3d363df6a6,C++,Programming,BEGINNER,41.2,False,,,,,,
94929406-ce07-466e-91c0-79d389b9cffb,9f894961-776e-479d-84be-0e3d363df6a6,Python,Programming,ADVANCED,71.1,True,Microsoft,Microsoft,2026-07-20,CRED-1FB09EF00A,https://credentials.example.com/CRED-1FB09EF00A,https://credentials.example.com/CRED-1FB09EF00A
8b4bcddb-697f-403d-873e-06ebb4f355ec,c8004dfb-cc97-43b7-a424-323e26ee3428,React,Web Development,INTERMEDIATE,58.6,False,,,,,,
0a5bec11-bf65-49e5-9292-94ab25251b17,c8004dfb-cc97-43b7-a424-323e26ee3428,Data Structures & Algorithms,Core CS,INTERMEDIATE,50.1,False,,,,,,
221ae5b3-159d-4c41-8951-8d8ac0e62fa0,c8004dfb-cc97-43b7-a424-323e26ee3428,Python,Programming,INTERMEDIATE,59.5,False,,,,,,
179ecdd8-16e4-472f-a6a7-372faf7b5f9d,d6eb4a19-e11a-4f40-8b56-3cd47d28b15e,SQL,Database,ADVANCED,62.9,False,,,,,,
0534bb13-9338-4683-ae28-471aafd39385,d6eb4a19-e11a-4f40-8b56-3cd47d28b15e,Java,Programming,INTERMEDIATE,60.1,False,,,,,,
71fee238-4ea1-4641-9dea-f1d606222f6c,d6eb4a19-e11a-4f40-8b56-3cd47d28b15e,Deep Learning,AI/ML,BEGINNER,26.9,False,,,,,,
557c1d2d-76d3-4952-af72-65e9dd1f702a,ae34df1d-486b-46c6-8cd7-a3b2834ecc3d,Git,Tools,INTERMEDIATE,53.0,False,,,,,,
fe6bd871-47a5-4e67-9329-53782ee921bb,ae34df1d-486b-46c6-8cd7-a3b2834ecc3d,Figma,Design,INTERMEDIATE,60.4,False,,,,,,
bca619ce-1a13-4f84-817d-1622f3f59c83,ae34df1d-486b-46c6-8cd7-a3b2834ecc3d,Python,Programming,ADVANCED,62.4,False,,,,,,
ac486583-329d-4693-bc4c-103d7e79e544,ae34df1d-486b-46c6-8cd7-a3b2834ecc3d,Machine Learning,AI/ML,ADVANCED,69.3,False,,,,,,
84af8e19-4333-4edc-a379-83b96621973e,5f59f791-a34e-4457-af51-b0662d210849,MongoDB,Database,INTERMEDIATE,62.2,True,NPTEL,NPTEL,2025-11-27,CRED-EC0C195AC8,https://credentials.example.com/CRED-EC0C195AC8,https://credentials.example.com/CRED-EC0C195AC8
646de57a-a2e2-4e5d-9d8e-36041f48eb9b,5f59f791-a34e-4457-af51-b0662d210849,Data Structures & Algorithms,Core CS,BEGINNER,39.4,False,,,,,,
4cb2f5a8-b02b-4850-8daa-a214592bd2c2,5f59f791-a34e-4457-af51-b0662d210849,Node.js,Web Development,INTERMEDIATE,49.5,False,,,,,,
fc9f6cb7-6203-4ce2-a961-154ddc10a175,5f59f791-a34e-4457-af51-b0662d210849,Git,Tools,ADVANCED,66.1,True,Udemy,Udemy,2025-12-01,CRED-CE0B32836E,https://credentials.example.com/CRED-CE0B32836E,https://credentials.example.com/CRED-CE0B32836E
a4eb1c36-aa81-42ff-a643-8b6544b62791,5f59f791-a34e-4457-af51-b0662d210849,Excel,Data Analytics,BEGINNER,35.2,False,,,,,,
13b3124b-aa4e-4011-88be-cea836f7ff7b,43c92216-852b-48eb-bf52-a9eb0dc34636,Git,Tools,INTERMEDIATE,46.0,False,,,,,,
e6b6eccf-32b3-44c8-baf5-5b2d484c81f3,43c92216-852b-48eb-bf52-a9eb0dc34636,React,Web Development,BEGINNER,22.1,False,,,,,,
b8c2da08-aba1-4aca-9512-f24488b8af06,43c92216-852b-48eb-bf52-a9eb0dc34636,Docker,DevOps,INTERMEDIATE,68.0,False,,,,,,
ab892b78-41c3-4d51-bfd0-73d26750d847,43c92216-852b-48eb-bf52-a9eb0dc34636,Excel,Data Analytics,BEGINNER,48.0,False,,,,,,
a10c0cfb-c3ef-44ab-b74a-37459fd77b96,43c92216-852b-48eb-bf52-a9eb0dc34636,Node.js,Web Development,INTERMEDIATE,56.5,True,Microsoft,Microsoft,2026-05-11,CRED-EB882CB867,https://credentials.example.com/CRED-EB882CB867,https://credentials.example.com/CRED-EB882CB867
0afd329b-b1ac-414b-829a-ca002cfe3f10,705321fa-cf66-440a-b638-e21a7561a2da,SQL,Database,BEGINNER,43.1,False,,,,,,
761d3793-ca52-41be-ae8f-39b04f328ecf,705321fa-cf66-440a-b638-e21a7561a2da,Java,Programming,INTERMEDIATE,56.2,False,,,,,,
867377a5-f46d-4686-88aa-3da8e5656bcd,705321fa-cf66-440a-b638-e21a7561a2da,Python,Programming,INTERMEDIATE,44.1,False,,,,,,
8a31e501-1356-413e-b969-bfade78747dc,f4117b48-c67c-4811-b11a-54f6915e8a0c,Figma,Design,BEGINNER,33.5,False,,,,,,
b0594019-1769-43d3-8743-290f7c182cf6,f4117b48-c67c-4811-b11a-54f6915e8a0c,TensorFlow,AI/ML,ADVANCED,76.5,True,AWS Training,AWS Training,2026-02-03,CRED-CE2D91E0CB,https://credentials.example.com/CRED-CE2D91E0CB,https://credentials.example.com/CRED-CE2D91E0CB
af2fd8af-0607-46fd-a3f5-814a0f8484c8,55697575-391b-42dd-9dc0-dcb8731eca1e,Java,Programming,INTERMEDIATE,28.5,False,,,,,,
491ed429-5b00-4376-bd44-530ab4de8171,c923181a-e3bd-47c1-98a3-c804899de2f4,Deep Learning,AI/ML,ADVANCED,81.6,True,Coursera,Coursera,2026-03-11,CRED-06F645563A,https://credentials.example.com/CRED-06F645563A,https://credentials.example.com/CRED-06F645563A
97868758-b002-470f-a174-33ccaf4b542b,c923181a-e3bd-47c1-98a3-c804899de2f4,Data Structures & Algorithms,Core CS,ADVANCED,76.4,True,AWS Training,AWS Training,2026-08-10,CRED-F8CAAED230,https://credentials.example.com/CRED-F8CAAED230,https://credentials.example.com/CRED-F8CAAED230
114e906a-0439-4861-b9d3-2f8b8b03bd46,c923181a-e3bd-47c1-98a3-c804899de2f4,Excel,Data Analytics,ADVANCED,78.1,True,Microsoft,Microsoft,2025-01-04,CRED-52CB577046,https://credentials.example.com/CRED-52CB577046,https://credentials.example.com/CRED-52CB577046
7dc7ed14-afba-48db-bfe8-d5aa744ddd22,c923181a-e3bd-47c1-98a3-c804899de2f4,SQL,Database,INTERMEDIATE,51.8,False,,,,,,
606e5ed8-0f92-44ca-b9b1-6898f4a5e804,c923181a-e3bd-47c1-98a3-c804899de2f4,C++,Programming,ADVANCED,70.7,False,,,,,,
7eeff922-bde9-4e9d-b730-31a8f9bfaf55,525bfd9d-a612-44ee-8e81-ef48eabb894d,React,Web Development,BEGINNER,31.0,False,,,,,,
487a4f93-d08b-4356-a4e9-8e54679492b6,525bfd9d-a612-44ee-8e81-ef48eabb894d,Java,Programming,ADVANCED,59.2,False,,,,,,
d5879e82-d1f4-407a-9c20-ec6a5ea1eda5,525e3275-5d08-4f97-bfa4-e5e1fe2d2e31,Linux,Systems,INTERMEDIATE,70.8,False,,,,,,
8a34ccbd-ede8-490f-a8e4-fa6fb003c837,269f24b3-58ce-47dd-8a6b-7b68527d99f2,C++,Programming,INTERMEDIATE,53.4,True,Udemy,Udemy,2025-12-13,CRED-B879B7BA6D,https://credentials.example.com/CRED-B879B7BA6D,https://credentials.example.com/CRED-B879B7BA6D
f6e83953-6589-42f1-825c-847f966819a6,269f24b3-58ce-47dd-8a6b-7b68527d99f2,Machine Learning,AI/ML,BEGINNER,17.4,False,,,,,,
bcadcf27-cb0e-463d-8bb9-c161e8afe7b7,269f24b3-58ce-47dd-8a6b-7b68527d99f2,JavaScript,Programming,BEGINNER,31.5,False,,,,,,
b6434474-8ad2-4ed3-9773-0c6f4daba29e,269f24b3-58ce-47dd-8a6b-7b68527d99f2,Excel,Data Analytics,BEGINNER,43.4,True,NPTEL,NPTEL,2025-06-10,CRED-C6B6AEA01C,https://credentials.example.com/CRED-C6B6AEA01C,https://credentials.example.com/CRED-C6B6AEA01C
aa2dc415-a65f-4de1-80bd-bc969d28cd08,6c92b071-a3aa-401f-84fa-f2275669aeb2,Power BI,Data Analytics,INTERMEDIATE,62.1,False,,,,,,
38511cd0-13ef-44c0-b815-0a64db1f6918,6c92b071-a3aa-401f-84fa-f2275669aeb2,AWS,Cloud,BEGINNER,32.7,False,,,,,,
517414c2-1f52-4008-bf00-b6265ab54477,6c92b071-a3aa-401f-84fa-f2275669aeb2,Linux,Systems,EXPERT,96.7,True,Coursera,Coursera,2025-11-27,CRED-58613CBA88,https://credentials.example.com/CRED-58613CBA88,https://credentials.example.com/CRED-58613CBA88
0bd11f7d-de1c-4e14-8309-8e2db0b90422,6c92b071-a3aa-401f-84fa-f2275669aeb2,JavaScript,Programming,INTERMEDIATE,69.5,False,,,,,,
36d1fdc6-841c-4f3b-8cfe-b17a482f3eb5,0cd7a5d4-b989-4bec-af27-d0f1e33026e1,Data Structures & Algorithms,Core CS,BEGINNER,17.4,False,,,,,,
b8218b76-e7ec-4369-913c-b1f80ddccc13,0cd7a5d4-b989-4bec-af27-d0f1e33026e1,Docker,DevOps,BEGINNER,32.8,False,,,,,,
4bbf25c2-1907-464e-8580-31fa3bf07408,0cd7a5d4-b989-4bec-af27-d0f1e33026e1,Linux,Systems,INTERMEDIATE,60.2,False,,,,,,
bc4af132-726e-4fab-b6d9-5aea47d1d575,0cd7a5d4-b989-4bec-af27-d0f1e33026e1,JavaScript,Programming,INTERMEDIATE,59.9,False,,,,,,
9e827468-b63b-4cee-aa21-a3a1f0c2ea37,3b3fdffb-6af2-46f9-88b1-6e99ab653022,React,Web Development,BEGINNER,31.8,False,,,,,,
96d3bb99-8478-4b7d-a6b0-24ad8207bd73,3b3fdffb-6af2-46f9-88b1-6e99ab653022,Java,Programming,EXPERT,94.0,True,NPTEL,NPTEL,2025-08-04,CRED-893D776498,https://credentials.example.com/CRED-893D776498,https://credentials.example.com/CRED-893D776498
0657f2f7-b6cd-4e4f-b563-1cc9090aa0ff,3b3fdffb-6af2-46f9-88b1-6e99ab653022,SQL,Database,BEGINNER,34.8,False,,,,,,
1b891380-32c3-4ace-a217-0b7967ed918b,3b3fdffb-6af2-46f9-88b1-6e99ab653022,Node.js,Web Development,INTERMEDIATE,58.9,True,NPTEL,NPTEL,2025-09-03,CRED-5AF22A4703,https://credentials.example.com/CRED-5AF22A4703,https://credentials.example.com/CRED-5AF22A4703
3827638d-f289-4534-8d1f-660eb0c2f728,c7a8bfb1-88e2-49cf-ad80-6794c2eea035,Java,Programming,INTERMEDIATE,57.0,False,,,,,,
74941e9e-480a-4c77-bc0f-832bdb6c2133,96d09d25-1c92-457e-9c46-159b94f29993,Node.js,Web Development,BEGINNER,28.8,False,,,,,,
c6bfd52c-6ad7-4064-af51-53830b6593d3,96d09d25-1c92-457e-9c46-159b94f29993,Figma,Design,ADVANCED,83.4,False,,,,,,
89b4f044-06c8-46b5-9d88-76d4bf1599b0,96d09d25-1c92-457e-9c46-159b94f29993,Excel,Data Analytics,BEGINNER,12.8,False,,,,,,
d145010c-47d3-4e23-b004-9370eea06827,88219d4a-a97b-4b75-9e38-4c94f25cd48b,Linux,Systems,EXPERT,87.9,True,Microsoft,Microsoft,2026-01-21,CRED-F7DB34427E,https://credentials.example.com/CRED-F7DB34427E,https://credentials.example.com/CRED-F7DB34427E
88d31f62-0b48-4b44-9a9c-033919169381,88219d4a-a97b-4b75-9e38-4c94f25cd48b,JavaScript,Programming,BEGINNER,42.7,False,,,,,,
0cae8f68-99d5-4a82-b98a-2dae81d4ffa9,88219d4a-a97b-4b75-9e38-4c94f25cd48b,Machine Learning,AI/ML,INTERMEDIATE,71.9,False,,,,,,
2ed4b350-1d94-43db-b9bf-d6f63c616d8a,4c6a4e54-667f-484b-a22d-b627e1343b1c,Docker,DevOps,INTERMEDIATE,54.3,False,,,,,,
af3a658a-9d6a-48ad-b96a-00c192086dce,4c6a4e54-667f-484b-a22d-b627e1343b1c,Git,Tools,EXPERT,100.0,True,Coursera,Coursera,2026-01-30,CRED-45A420C619,https://credentials.example.com/CRED-45A420C619,https://credentials.example.com/CRED-45A420C619
328948b9-dded-45f7-b75d-ce51f13d408d,4c6a4e54-667f-484b-a22d-b627e1343b1c,Power BI,Data Analytics,BEGINNER,49.7,True,Google,Google,2026-06-11,CRED-FF1EF990B9,https://credentials.example.com/CRED-FF1EF990B9,https://credentials.example.com/CRED-FF1EF990B9
f97d4297-f751-4858-aa84-54f55a462d93,4c6a4e54-667f-484b-a22d-b627e1343b1c,JavaScript,Programming,BEGINNER,38.8,True,Microsoft,Microsoft,2025-07-02,CRED-B3A915339D,https://credentials.example.com/CRED-B3A915339D,https://credentials.example.com/CRED-B3A915339D
7bfa4cf6-f96b-4a5a-ae7c-c98e6f434041,891cecd9-d673-4fe3-a79d-cafcf3664cb1,Kubernetes,DevOps,ADVANCED,74.6,True,Coursera,Coursera,2025-08-08,CRED-C059C51C0B,https://credentials.example.com/CRED-C059C51C0B,https://credentials.example.com/CRED-C059C51C0B
88753a01-5026-4c11-8bf5-bb41ad0ef0e3,b3239f25-5c50-49dc-b7c0-fd98ab5456bf,SQL,Database,BEGINNER,30.3,False,,,,,,
b37e08c9-27fc-4cd9-a5e6-eb1a78b9e58b,b3239f25-5c50-49dc-b7c0-fd98ab5456bf,Figma,Design,INTERMEDIATE,48.4,False,,,,,,
d0127def-8bac-4cd4-b46b-2e2a1beffbfc,b3239f25-5c50-49dc-b7c0-fd98ab5456bf,JavaScript,Programming,INTERMEDIATE,36.3,False,,,,,,
38c06f1b-5621-4152-8159-4c26fba72254,b3239f25-5c50-49dc-b7c0-fd98ab5456bf,AWS,Cloud,BEGINNER,49.6,False,,,,,,
a4ebe5af-e404-4cb7-a9b4-b3749ab692e4,b3239f25-5c50-49dc-b7c0-fd98ab5456bf,Python,Programming,ADVANCED,81.0,True,NPTEL,NPTEL,2025-05-22,CRED-B2E2445F63,https://credentials.example.com/CRED-B2E2445F63,https://credentials.example.com/CRED-B2E2445F63
73bf1f5a-53b3-4ac4-bcc0-f981d333f4ad,f2953372-100a-4fc5-9f90-f6d0ea7baafb,Deep Learning,AI/ML,EXPERT,87.8,True,Google,Google,2026-08-16,CRED-8AB6F932C5,https://credentials.example.com/CRED-8AB6F932C5,https://credentials.example.com/CRED-8AB6F932C5
c0dd2263-c4aa-4ea2-a65a-56b7f0297ea0,f2953372-100a-4fc5-9f90-f6d0ea7baafb,Excel,Data Analytics,EXPERT,100.0,True,Microsoft,Microsoft,2025-01-01,CRED-7EE74EC980,https://credentials.example.com/CRED-7EE74EC980,https://credentials.example.com/CRED-7EE74EC980
aea0e28c-2de8-48b7-9ba2-f9a9e05533a7,f2953372-100a-4fc5-9f90-f6d0ea7baafb,JavaScript,Programming,INTERMEDIATE,79.8,False,,,,,,
0d412f8a-301e-49ab-b7d9-89f3f79a19e5,2afc55a1-b797-47a7-8760-f16f2be416b2,Node.js,Web Development,ADVANCED,78.0,True,AWS Training,AWS Training,2025-12-05,CRED-27CBDC091D,https://credentials.example.com/CRED-27CBDC091D,https://credentials.example.com/CRED-27CBDC091D
1581ea31-aee3-45f6-a812-fc9b1247529f,2afc55a1-b797-47a7-8760-f16f2be416b2,C++,Programming,ADVANCED,81.6,True,Microsoft,Microsoft,2025-10-06,CRED-054B3166AE,https://credentials.example.com/CRED-054B3166AE,https://credentials.example.com/CRED-054B3166AE
e0f651e9-11e9-40c6-8622-da940ac70a7b,2afc55a1-b797-47a7-8760-f16f2be416b2,Data Structures & Algorithms,Core CS,INTERMEDIATE,63.3,True,Microsoft,Microsoft,2025-09-12,CRED-320D866371,https://credentials.example.com/CRED-320D866371,https://credentials.example.com/CRED-320D866371
a46e503a-1c12-4bd6-8a83-f848624d5a45,2afc55a1-b797-47a7-8760-f16f2be416b2,Machine Learning,AI/ML,BEGINNER,35.1,False,,,,,,
c10d67bf-c43f-4187-9aae-d8c5af185cc2,08e26bb3-bc5f-4891-91a5-2d9256fe731a,Node.js,Web Development,BEGINNER,29.1,False,,,,,,
fc6a498f-0cb2-4844-9dd6-6a8b4ee6db50,08e26bb3-bc5f-4891-91a5-2d9256fe731a,Java,Programming,ADVANCED,80.8,True,NPTEL,NPTEL,2025-10-15,CRED-9E4647C729,https://credentials.example.com/CRED-9E4647C729,https://credentials.example.com/CRED-9E4647C729
e7d263a3-401b-4fb2-96af-ebc09671009a,08e26bb3-bc5f-4891-91a5-2d9256fe731a,Kubernetes,DevOps,INTERMEDIATE,63.9,False,,,,,,
c786c994-1573-4b76-a5ee-b56724f0d9be,08e26bb3-bc5f-4891-91a5-2d9256fe731a,Data Structures & Algorithms,Core CS,EXPERT,100.0,True,NPTEL,NPTEL,2025-09-19,CRED-64CE6349D5,https://credentials.example.com/CRED-64CE6349D5,https://credentials.example.com/CRED-64CE6349D5
7162125c-9b6c-474f-a662-bd0ed6fec409,7c75b225-ecc7-4ec6-9fb5-7cee1f85a4dd,Data Structures & Algorithms,Core CS,BEGINNER,33.6,False,,,,,,
09aa4654-2a84-4578-ad42-e41f00509722,7c75b225-ecc7-4ec6-9fb5-7cee1f85a4dd,Deep Learning,AI/ML,BEGINNER,27.9,False,,,,,,
860bf18b-9b6b-4af6-8fe8-c99705ee247c,b338f939-8a03-4bd6-8c8c-27ea38e89352,Java,Programming,ADVANCED,92.8,False,,,,,,
9078d00d-1b17-43ce-8b4f-6dbf3aecaf0e,b338f939-8a03-4bd6-8c8c-27ea38e89352,C++,Programming,INTERMEDIATE,57.4,True,Google,Google,2025-11-04,CRED-B9E3636989,https://credentials.example.com/CRED-B9E3636989,https://credentials.example.com/CRED-B9E3636989
3a75f759-512f-403b-8be4-3445be8c9bb2,b338f939-8a03-4bd6-8c8c-27ea38e89352,Node.js,Web Development,ADVANCED,87.6,True,NPTEL,NPTEL,2026-06-03,CRED-249830369F,https://credentials.example.com/CRED-249830369F,https://credentials.example.com/CRED-249830369F
ba6e68cf-e921-466d-8d39-7a6771009186,b338f939-8a03-4bd6-8c8c-27ea38e89352,Deep Learning,AI/ML,INTERMEDIATE,79.3,False,,,,,,
97fb1a70-3bb2-433b-8b20-9b33a766c477,b338f939-8a03-4bd6-8c8c-27ea38e89352,Docker,DevOps,ADVANCED,84.1,True,Google,Google,2025-09-28,CRED-CC2274CDDB,https://credentials.example.com/CRED-CC2274CDDB,https://credentials.example.com/CRED-CC2274CDDB
c59e57f8-26e9-4606-b270-b1b25b37d662,afe421ff-0f62-4795-a9f6-59b87902f084,Kubernetes,DevOps,INTERMEDIATE,62.7,False,,,,,,
e8762dec-e9c8-4f33-8a9e-051537e54e82,afe421ff-0f62-4795-a9f6-59b87902f084,Linux,Systems,EXPERT,80.4,True,Coursera,Coursera,2025-09-19,CRED-864A12B6E0,https://credentials.example.com/CRED-864A12B6E0,https://credentials.example.com/CRED-864A12B6E0
d543946a-e26b-4ed7-aade-614e5a6593ce,afe421ff-0f62-4795-a9f6-59b87902f084,SQL,Database,INTERMEDIATE,65.4,False,,,,,,
17c5b8ab-7e22-40ce-9d62-52dc7cd28e8f,afe421ff-0f62-4795-a9f6-59b87902f084,Power BI,Data Analytics,BEGINNER,38.0,False,,,,,,
76ce48dc-b5e7-4815-b44f-fabe66a62d3d,afe421ff-0f62-4795-a9f6-59b87902f084,React,Web Development,EXPERT,96.4,True,Coursera,Coursera,2026-07-27,CRED-A949620528,https://credentials.example.com/CRED-A949620528,https://credentials.example.com/CRED-A949620528
25b95ab8-1790-4f61-9ce1-c8cbb9fe5b1e,0965f80f-e71d-4c0c-82cb-37541a8fa081,Kubernetes,DevOps,EXPERT,100.0,True,NPTEL,NPTEL,2026-01-14,CRED-D4876398C0,https://credentials.example.com/CRED-D4876398C0,https://credentials.example.com/CRED-D4876398C0
92fad50b-060c-4e66-b65f-b0c316779975,f350ea56-aef4-46f6-94ab-ce5a6df2bcaa,AWS,Cloud,ADVANCED,74.0,False,,,,,,
dd89f9e7-ee36-4f88-90b7-53eb03bb5836,f4b491b5-7367-42de-957d-29c4f7698afc,Java,Programming,BEGINNER,17.7,True,AWS Training,AWS Training,2026-06-24,CRED-EB271B25EB,https://credentials.example.com/CRED-EB271B25EB,https://credentials.example.com/CRED-EB271B25EB
2b0ddf8b-2344-41bc-a10e-a6dc9f932d14,f4b491b5-7367-42de-957d-29c4f7698afc,JavaScript,Programming,INTERMEDIATE,67.5,False,,,,,,
9df24676-da00-4e1d-81a3-d4608e3bd282,f4b491b5-7367-42de-957d-29c4f7698afc,AWS,Cloud,INTERMEDIATE,47.0,False,,,,,,
ae711e5a-a57e-4cb3-b8e9-2d12119be9e9,41e1c0f7-00cd-434f-b6b7-c3dfda299dec,Excel,Data Analytics,BEGINNER,31.9,False,,,,,,
d5063488-908e-4472-b4b8-2618cdec4620,ffc9265c-ba26-4313-a79d-14992924e0dc,SQL,Database,BEGINNER,20.6,True,Udemy,Udemy,2026-01-01,CRED-ECBED87BC4,https://credentials.example.com/CRED-ECBED87BC4,https://credentials.example.com/CRED-ECBED87BC4
80914db7-c458-47c5-971a-ddb7326d9df8,b987ea7d-3d78-4edc-b927-48e1f021182d,Kubernetes,DevOps,INTERMEDIATE,56.1,False,,,,,,
d582660a-d47a-43e9-bf24-80a3ad0aeea8,cc90fb96-7463-4d10-bc28-6b09b8723b95,Kubernetes,DevOps,ADVANCED,80.1,False,,,,,,
6bad9a71-e5ca-4295-b05c-94c9cc72209f,cc90fb96-7463-4d10-bc28-6b09b8723b95,Linux,Systems,BEGINNER,40.1,False,,,,,,
3e616e97-112d-4331-a81a-656dc1ec7325,cc90fb96-7463-4d10-bc28-6b09b8723b95,Deep Learning,AI/ML,BEGINNER,41.3,False,,,,,,
140b4da6-6968-4359-9bc6-85beb271a28c,cc90fb96-7463-4d10-bc28-6b09b8723b95,Node.js,Web Development,BEGINNER,34.3,False,,,,,,
cfb701f9-02d4-4cff-bc13-5ca588a586bf,5ce13428-091e-40df-9206-b680c38f7a6f,Machine Learning,AI/ML,EXPERT,79.3,True,Udemy,Udemy,2026-04-02,CRED-E052A44254,https://credentials.example.com/CRED-E052A44254,https://credentials.example.com/CRED-E052A44254
467a6ac8-a6dd-4cea-a92b-9d662d4b3493,36910642-f09b-4218-b99b-4979269fed62,React,Web Development,INTERMEDIATE,80.4,False,,,,,,
f99d9938-513c-4835-ae69-c2bd83729244,36910642-f09b-4218-b99b-4979269fed62,Excel,Data Analytics,BEGINNER,33.3,False,,,,,,
3328ad14-6dde-45f3-bed9-3b6c232230c8,785d959e-1fcb-4e0b-80ac-961a576e2de7,Machine Learning,AI/ML,BEGINNER,35.3,False,,,,,,
13049a05-f476-4ef9-adb4-7e37751ef2ad,785d959e-1fcb-4e0b-80ac-961a576e2de7,Node.js,Web Development,INTERMEDIATE,71.0,True,AWS Training,AWS Training,2025-04-20,CRED-BBFBE5EFFE,https://credentials.example.com/CRED-BBFBE5EFFE,https://credentials.example.com/CRED-BBFBE5EFFE
f028cfe0-a92d-4822-9385-88e266b87d5b,785d959e-1fcb-4e0b-80ac-961a576e2de7,JavaScript,Programming,ADVANCED,59.4,False,,,,,,
6a07dbfe-7ef3-4599-b5c5-d1823740359f,785d959e-1fcb-4e0b-80ac-961a576e2de7,Git,Tools,EXPERT,95.4,False,,,,,,
cc06e49a-c89a-423d-b259-c78b3a354fd4,c1aa5d90-bb65-4ca3-9dce-d9b2f185bb1a,Node.js,Web Development,ADVANCED,75.3,False,,,,,,
5e98f070-9dc0-476d-9c34-5fa54d9dfcd7,c1aa5d90-bb65-4ca3-9dce-d9b2f185bb1a,Python,Programming,INTERMEDIATE,70.4,False,,,,,,
a8c01b4f-37b0-4f9a-8792-6c489ad1d123,c1aa5d90-bb65-4ca3-9dce-d9b2f185bb1a,Excel,Data Analytics,ADVANCED,89.4,True,Coursera,Coursera,2026-07-20,CRED-9D5FD5F94B,https://credentials.example.com/CRED-9D5FD5F94B,https://credentials.example.com/CRED-9D5FD5F94B
4547d946-71c5-4cc7-b5d1-4b7c7faa0cbb,c1aa5d90-bb65-4ca3-9dce-d9b2f185bb1a,Data Structures & Algorithms,Core CS,EXPERT,94.3,False,,,,,,
e2154cde-de8e-4909-910d-af087c486dd9,c1aa5d90-bb65-4ca3-9dce-d9b2f185bb1a,TensorFlow,AI/ML,BEGINNER,43.5,False,,,,,,
acb25b09-2aa0-4bed-9d1e-b15663e3f5a7,b8bab9af-cec0-4a8b-85fc-d98b5443a947,TensorFlow,AI/ML,BEGINNER,11.9,False,,,,,,
da1f877b-64d4-4577-86c1-cf053c2b5e3e,b8bab9af-cec0-4a8b-85fc-d98b5443a947,SQL,Database,INTERMEDIATE,57.5,False,,,,,,
fc2c7189-0540-46e2-9fe2-dafc3f14a013,b8bab9af-cec0-4a8b-85fc-d98b5443a947,Power BI,Data Analytics,BEGINNER,17.0,False,,,,,,
158a2f35-8596-451c-8a2e-1ae4a4bbd276,6585b4ba-0efa-4103-b2fa-7f62774055bc,MongoDB,Database,INTERMEDIATE,66.9,False,,,,,,
775c921d-32a5-4033-9fee-bfce19a1ad67,6585b4ba-0efa-4103-b2fa-7f62774055bc,C++,Programming,ADVANCED,76.7,False,,,,,,
95d7d269-0318-48aa-9ff6-2238a3db7e6f,6585b4ba-0efa-4103-b2fa-7f62774055bc,Excel,Data Analytics,EXPERT,88.8,True,NPTEL,NPTEL,2025-04-01,CRED-BCB1B0424D,https://credentials.example.com/CRED-BCB1B0424D,https://credentials.example.com/CRED-BCB1B0424D
833184bd-c110-4368-af0c-7d1f10cccda5,ad04154a-c106-4cf2-a684-45f47fe77998,Kubernetes,DevOps,BEGINNER,25.2,True,Microsoft,Microsoft,2026-04-26,CRED-1D1FD11C26,https://credentials.example.com/CRED-1D1FD11C26,https://credentials.example.com/CRED-1D1FD11C26
63658e48-4a2c-4346-9601-035e1f701db1,ad04154a-c106-4cf2-a684-45f47fe77998,AWS,Cloud,ADVANCED,59.2,False,,,,,,
c34b72a7-6357-41ba-9bdc-8eec897e54ad,ad04154a-c106-4cf2-a684-45f47fe77998,Linux,Systems,ADVANCED,87.3,False,,,,,,
4c9de202-3265-4c91-8bd4-797d39415508,ad04154a-c106-4cf2-a684-45f47fe77998,Power BI,Data Analytics,EXPERT,100.0,True,NPTEL,NPTEL,2025-10-14,CRED-1FD25CD1A7,https://credentials.example.com/CRED-1FD25CD1A7,https://credentials.example.com/CRED-1FD25CD1A7
d8a3676c-7f52-44d7-819e-eab14d5b9454,7e1c7acb-1e20-44c4-ab78-3b91209ab38c,MongoDB,Database,INTERMEDIATE,64.1,True,NPTEL,NPTEL,2026-03-06,CRED-DBE1B281F5,https://credentials.example.com/CRED-DBE1B281F5,https://credentials.example.com/CRED-DBE1B281F5
bfdb8df3-452f-4d5e-bb63-dbd110d39909,7e1c7acb-1e20-44c4-ab78-3b91209ab38c,Machine Learning,AI/ML,EXPERT,73.5,False,,,,,,
750917b1-5e5e-45ae-9a5f-aca5ee879a2c,5c907dfe-123e-4053-824b-ed3ad306b3aa,React,Web Development,INTERMEDIATE,50.0,True,Google,Google,2025-08-12,CRED-B3B3D5AACB,https://credentials.example.com/CRED-B3B3D5AACB,https://credentials.example.com/CRED-B3B3D5AACB
d65e9ccc-079d-45be-891a-a7c9e339034f,5c907dfe-123e-4053-824b-ed3ad306b3aa,Power BI,Data Analytics,INTERMEDIATE,53.6,False,,,,,,
40749f30-67d7-4226-bf8f-5ad7f58deeda,5c907dfe-123e-4053-824b-ed3ad306b3aa,Git,Tools,ADVANCED,78.6,True,NPTEL,NPTEL,2025-05-01,CRED-105E729227,https://credentials.example.com/CRED-105E729227,https://credentials.example.com/CRED-105E729227
c1817791-90fd-44c8-8055-a0774287d161,cf19dc5f-51b9-42eb-af79-69c2aa5ee4aa,Git,Tools,INTERMEDIATE,47.9,True,AWS Training,AWS Training,2025-07-24,CRED-4C0DDF690F,https://credentials.example.com/CRED-4C0DDF690F,https://credentials.example.com/CRED-4C0DDF690F
d559bc00-7b59-4ad4-a6a1-43565f0754e2,cf19dc5f-51b9-42eb-af79-69c2aa5ee4aa,Java,Programming,BEGINNER,24.7,False,,,,,,
5d8d9bef-3b74-4781-8760-07bd045090e7,cf19dc5f-51b9-42eb-af79-69c2aa5ee4aa,SQL,Database,BEGINNER,30.1,False,,,,,,
d3d3aa2c-5b93-4318-9c23-d6e588784dba,286568cd-4515-4b98-992b-00e46c8c836c,Figma,Design,BEGINNER,28.2,True,AWS Training,AWS Training,2025-02-04,CRED-C0C3295760,https://credentials.example.com/CRED-C0C3295760,https://credentials.example.com/CRED-C0C3295760
22801820-2920-40dc-874e-57379b092d2b,74a9e869-de7e-4294-a9db-43bf84ddaf50,Machine Learning,AI/ML,BEGINNER,50.4,False,,,,,,
8b4111a5-a1ac-477a-9fa1-5b15edda70b1,9e293433-408a-418e-8ff2-806f73d0e249,Power BI,Data Analytics,BEGINNER,35.6,False,,,,,,
e756d2e6-47dc-4b74-bd8d-06854938fb73,9e293433-408a-418e-8ff2-806f73d0e249,Machine Learning,AI/ML,BEGINNER,30.9,False,,,,,,
e00e5eaa-a721-44f1-8a87-997f46303f16,9e293433-408a-418e-8ff2-806f73d0e249,React,Web Development,BEGINNER,46.0,False,,,,,,
52b6fe07-c19c-41ab-bcec-e522b7ab4265,0d2ffbc3-8e68-4da1-9dc2-c2fbcdc30044,Excel,Data Analytics,BEGINNER,34.8,False,,,,,,
2bb8db8c-4a13-4144-b845-253581d5d118,0d2ffbc3-8e68-4da1-9dc2-c2fbcdc30044,Linux,Systems,INTERMEDIATE,61.3,False,,,,,,
0c31495f-b963-4b8f-936b-d62bc56f5d19,0d2ffbc3-8e68-4da1-9dc2-c2fbcdc30044,Docker,DevOps,INTERMEDIATE,52.9,False,,,,,,
690edb67-8a9c-4f03-bba0-925c7aa8bddb,0d2ffbc3-8e68-4da1-9dc2-c2fbcdc30044,Java,Programming,BEGINNER,33.9,False,,,,,,
6b6f0e07-7c58-4967-a4df-695cfb9c78f1,0d2ffbc3-8e68-4da1-9dc2-c2fbcdc30044,Machine Learning,AI/ML,BEGINNER,37.7,False,,,,,,
8152b2eb-a5ad-457f-abb1-ca1d620bc96b,eb76e531-fa90-469e-807c-bc232e0a73a0,Linux,Systems,INTERMEDIATE,47.7,False,,,,,,
96059600-cd53-4a38-bb9b-8bccd2f796a3,4e4c8b4b-d8d8-4340-a928-ed77716572f8,React,Web Development,BEGINNER,20.4,False,,,,,,
9e0d0740-7fa6-44f3-b8e3-91102fd49055,4e4c8b4b-d8d8-4340-a928-ed77716572f8,MongoDB,Database,BEGINNER,55.9,True,Udemy,Udemy,2026-05-07,CRED-A578B701EF,https://credentials.example.com/CRED-A578B701EF,https://credentials.example.com/CRED-A578B701EF
c0b9bcf7-2af7-4f6e-8ee4-123a698f1d5e,4e4c8b4b-d8d8-4340-a928-ed77716572f8,Node.js,Web Development,INTERMEDIATE,69.6,False,,,,,,
7135c155-2dc7-48ba-84e2-b38ed9035a67,09ab8c69-e158-497e-b0f1-18edb7e33844,Excel,Data Analytics,BEGINNER,22.6,False,,,,,,
2757baf7-bbf4-415a-b91c-804a9a985c88,09ab8c69-e158-497e-b0f1-18edb7e33844,Docker,DevOps,BEGINNER,24.0,False,,,,,,
2d61327f-1ecd-41e1-a6cf-a884e2467290,09ab8c69-e158-497e-b0f1-18edb7e33844,Node.js,Web Development,BEGINNER,22.9,False,,,,,,
765ad666-5ac5-4bb2-923e-d71bdd85c6fa,4631783f-6689-4100-8df2-5ebc7dea0217,Linux,Systems,INTERMEDIATE,47.4,False,,,,,,
db259c88-d3b8-4c8b-a462-ac4a8d4ec005,4631783f-6689-4100-8df2-5ebc7dea0217,Data Structures & Algorithms,Core CS,INTERMEDIATE,43.2,False,,,,,,
18b3577e-31bc-4387-96c6-eed4653ea986,4631783f-6689-4100-8df2-5ebc7dea0217,Machine Learning,AI/ML,ADVANCED,79.3,True,NPTEL,NPTEL,2025-01-28,CRED-04E74232A6,https://credentials.example.com/CRED-04E74232A6,https://credentials.example.com/CRED-04E74232A6
702a111e-ae4e-4121-b90a-66c3d2cdcfc3,4631783f-6689-4100-8df2-5ebc7dea0217,Git,Tools,BEGINNER,39.2,False,,,,,,
b8938ba0-6c4d-4d08-bdb4-92004eb06716,4631783f-6689-4100-8df2-5ebc7dea0217,Java,Programming,INTERMEDIATE,46.3,False,,,,,,
1d677f73-f4fe-4fc4-98ea-e41277bf9789,f019617f-cd5c-4e91-bca2-900a999cc88d,C++,Programming,INTERMEDIATE,38.2,False,,,,,,
9b36fccb-60d8-46dc-982e-3e30a8e4c873,4981a16c-f0a6-4d1f-af86-19b8271119fb,SQL,Database,BEGINNER,22.1,False,,,,,,
008a8676-03e3-47ef-bea5-6220956d9660,428ad8d8-9eb4-4e7a-9169-46af2d2a89a1,Node.js,Web Development,ADVANCED,71.4,False,,,,,,
ce06ef45-1419-4d06-b27d-0da89cf2beda,428ad8d8-9eb4-4e7a-9169-46af2d2a89a1,Git,Tools,BEGINNER,14.9,False,,,,,,
badf1c94-5321-4e3b-a7aa-78e99cfd366d,428ad8d8-9eb4-4e7a-9169-46af2d2a89a1,AWS,Cloud,ADVANCED,77.9,True,AWS Training,AWS Training,2026-07-28,CRED-CAE12FE1FC,https://credentials.example.com/CRED-CAE12FE1FC,https://credentials.example.com/CRED-CAE12FE1FC
56637b17-8544-4ace-b7e2-9e10403f9259,428ad8d8-9eb4-4e7a-9169-46af2d2a89a1,Linux,Systems,ADVANCED,77.9,False,,,,,,
7e49b498-a24e-4c6d-b5c8-bdbc6867a9df,428ad8d8-9eb4-4e7a-9169-46af2d2a89a1,React,Web Development,BEGINNER,33.8,True,Udemy,Udemy,2025-05-20,CRED-C7A2A836AF,https://credentials.example.com/CRED-C7A2A836AF,https://credentials.example.com/CRED-C7A2A836AF
538be3e5-c0d9-47a6-a50d-65c67ade471d,1f2799e2-b7a3-43e0-96af-278ded92706b,SQL,Database,INTERMEDIATE,46.9,False,,,,,,
f352ac3f-aca5-44eb-9a94-43e1827ce277,1f2799e2-b7a3-43e0-96af-278ded92706b,Java,Programming,BEGINNER,32.0,False,,,,,,
c069fc41-ccdd-4709-bf41-62e33c8648a6,1f2799e2-b7a3-43e0-96af-278ded92706b,Node.js,Web Development,BEGINNER,19.5,False,,,,,,
9eedaa77-7c02-4c74-9e72-fbddafd538fb,1f2799e2-b7a3-43e0-96af-278ded92706b,Excel,Data Analytics,ADVANCED,62.6,True,NPTEL,NPTEL,2025-10-18,CRED-78D9FB87E1,https://credentials.example.com/CRED-78D9FB87E1,https://credentials.example.com/CRED-78D9FB87E1
7fd9cdd6-5c85-4494-8bff-403b986f4a32,7b8cc207-4ff5-463d-8845-5150e15188ed,Data Structures & Algorithms,Core CS,INTERMEDIATE,41.7,True,Udemy,Udemy,2025-04-01,CRED-D0A0F44A4B,https://credentials.example.com/CRED-D0A0F44A4B,https://credentials.example.com/CRED-D0A0F44A4B
95e3dfb7-21d2-4dd9-884a-ae2d338c794a,28b93a89-7cb4-403e-a8ce-0d9bbd87f691,Kubernetes,DevOps,BEGINNER,16.5,False,,,,,,
00fe01ab-dca8-45e7-ae0b-54751e16ed7d,b9fcac30-d6a3-4ac4-95a0-b316aff02fca,Docker,DevOps,ADVANCED,71.2,False,,,,,,
db8611cf-7d18-4b31-ba18-305dfdadc357,6f2b827b-863f-491b-9acc-19c18d37bd84,Machine Learning,AI/ML,INTERMEDIATE,48.7,False,,,,,,
0963e97b-9d4e-41b3-a552-f72241f3c5ed,6f2b827b-863f-491b-9acc-19c18d37bd84,Docker,DevOps,INTERMEDIATE,52.9,True,Google,Google,2025-05-23,CRED-651C5834CE,https://credentials.example.com/CRED-651C5834CE,https://credentials.example.com/CRED-651C5834CE
c2eb0d35-bb37-48bf-8a55-fece94a52597,6f2b827b-863f-491b-9acc-19c18d37bd84,Git,Tools,INTERMEDIATE,52.3,False,,,,,,
6e95e0e7-c6eb-4eac-a40b-f58946e2b39d,6f2b827b-863f-491b-9acc-19c18d37bd84,SQL,Database,BEGINNER,23.9,False,,,,,,
9afbc353-263f-4d1a-8954-95e208ce5102,6f2b827b-863f-491b-9acc-19c18d37bd84,Data Structures & Algorithms,Core CS,INTERMEDIATE,42.7,False,,,,,,
1954568c-5b2c-401c-a45d-537a4632e8a0,6199ebe3-3b36-44b0-9c6c-c47dfc918741,Docker,DevOps,ADVANCED,76.7,True,Coursera,Coursera,2026-06-12,CRED-53AFCB20CE,https://credentials.example.com/CRED-53AFCB20CE,https://credentials.example.com/CRED-53AFCB20CE
6c15ef08-cc55-4e77-a4ab-f9e30b2612d1,6199ebe3-3b36-44b0-9c6c-c47dfc918741,Excel,Data Analytics,INTERMEDIATE,69.8,False,,,,,,
7b30a63f-d19b-4917-8bc0-fca793b1b0be,060c54fb-3acf-4454-819a-df7b0a864180,Deep Learning,AI/ML,ADVANCED,76.2,True,Google,Google,2025-11-24,CRED-F3A69670E6,https://credentials.example.com/CRED-F3A69670E6,https://credentials.example.com/CRED-F3A69670E6
9f7b94c3-2686-4f75-8234-b253946cd8ba,221669e9-e71e-4825-af5b-d1b515e49a44,Machine Learning,AI/ML,INTERMEDIATE,60.9,False,,,,,,
40a9b934-c1c6-46a4-8be2-1c1aa5537fcc,221669e9-e71e-4825-af5b-d1b515e49a44,C++,Programming,ADVANCED,81.6,True,Udemy,Udemy,2025-05-24,CRED-A215FE15DA,https://credentials.example.com/CRED-A215FE15DA,https://credentials.example.com/CRED-A215FE15DA
bb87f8ec-44f7-40f9-9028-0a9873a4fea6,221669e9-e71e-4825-af5b-d1b515e49a44,AWS,Cloud,ADVANCED,67.8,True,Google,Google,2025-06-03,CRED-F3792A07B9,https://credentials.example.com/CRED-F3792A07B9,https://credentials.example.com/CRED-F3792A07B9
1e21b645-9444-47d0-94ca-2eebdfcd512a,597ff28d-ef88-446d-b634-40115022cddb,Excel,Data Analytics,INTERMEDIATE,50.2,False,,,,,,
b5709a2e-63b5-4b3b-a3f0-22aae15edf6c,597ff28d-ef88-446d-b634-40115022cddb,C++,Programming,BEGINNER,23.5,True,NPTEL,NPTEL,2025-04-09,CRED-89FB025382,https://credentials.example.com/CRED-89FB025382,https://credentials.example.com/CRED-89FB025382
1f4b181a-f3f4-48fe-9b4e-7a5e3699e9b9,8108ad82-fc9d-4eaf-a493-ad6aa34730ef,Excel,Data Analytics,ADVANCED,58.0,True,Microsoft,Microsoft,2026-06-10,CRED-90AF7F2762,https://credentials.example.com/CRED-90AF7F2762,https://credentials.example.com/CRED-90AF7F2762
2e2ce88f-b682-42c3-a215-e5da0138e84e,8108ad82-fc9d-4eaf-a493-ad6aa34730ef,JavaScript,Programming,BEGINNER,31.3,False,,,,,,
650c0ee3-e0db-4d05-8d6b-67d5a8939284,3d9eab84-39bd-4398-924e-d4bde31ceafa,Excel,Data Analytics,BEGINNER,27.9,False,,,,,,
0fe32c4a-70b6-4adc-b316-6b6c2d45824a,3d9eab84-39bd-4398-924e-d4bde31ceafa,SQL,Database,BEGINNER,34.8,False,,,,,,
6cfece4d-20f0-428d-b4b5-0381cb076ead,3d9eab84-39bd-4398-924e-d4bde31ceafa,Linux,Systems,ADVANCED,67.5,True,Google,Google,2025-03-28,CRED-EA59C0748E,https://credentials.example.com/CRED-EA59C0748E,https://credentials.example.com/CRED-EA59C0748E
134d83e9-e048-4224-893d-ea9438a1334d,3d9eab84-39bd-4398-924e-d4bde31ceafa,TensorFlow,AI/ML,BEGINNER,16.8,False,,,,,,
7c75e1f8-d28d-4062-9833-00474e59cccc,4190d31a-0ed0-4f22-8498-cf43b734c782,Data Structures & Algorithms,Core CS,BEGINNER,41.1,False,,,,,,
02da4358-d16e-4cf8-aa5f-bd682fc5b81a,4190d31a-0ed0-4f22-8498-cf43b734c782,Kubernetes,DevOps,INTERMEDIATE,48.9,False,,,,,,
e5491c76-2406-4d50-98cd-77a382f448e3,4190d31a-0ed0-4f22-8498-cf43b734c782,Python,Programming,ADVANCED,90.6,False,,,,,,
843f5726-e4d5-4023-965f-bf1e17c97bb5,4190d31a-0ed0-4f22-8498-cf43b734c782,JavaScript,Programming,BEGINNER,23.8,True,Udemy,Udemy,2026-04-25,CRED-69D8BB3FD4,https://credentials.example.com/CRED-69D8BB3FD4,https://credentials.example.com/CRED-69D8BB3FD4
3d07436e-da77-4c09-a0a3-6b3761ff974e,43a6e46f-f294-4f23-89b9-dd31fb580802,Power BI,Data Analytics,INTERMEDIATE,50.1,True,Udemy,Udemy,2025-02-08,CRED-44E89CB459,https://credentials.example.com/CRED-44E89CB459,https://credentials.example.com/CRED-44E89CB459
342151c6-359c-4805-a7f0-09f635687f5a,43a6e46f-f294-4f23-89b9-dd31fb580802,Figma,Design,BEGINNER,35.8,False,,,,,,
202cb4c1-a492-41f5-9b95-c78eaa2d0e36,43a6e46f-f294-4f23-89b9-dd31fb580802,Deep Learning,AI/ML,BEGINNER,26.4,False,,,,,,
dfd2dd15-6a8c-486a-863e-4067dcd1753c,ed2feb61-97ae-4b20-b7be-e01ed50f1ba8,C++,Programming,EXPERT,77.5,False,,,,,,
5c360a5b-c564-411d-9c06-3c62c6dc47a7,ed2feb61-97ae-4b20-b7be-e01ed50f1ba8,MongoDB,Database,BEGINNER,29.9,False,,,,,,
299e128f-1cb7-4b5f-a84b-af71a9b22a75,ed2feb61-97ae-4b20-b7be-e01ed50f1ba8,Data Structures & Algorithms,Core CS,BEGINNER,35.3,False,,,,,,
86fd48c7-545a-47cf-9e69-315651177afb,ed2feb61-97ae-4b20-b7be-e01ed50f1ba8,TensorFlow,AI/ML,EXPERT,86.9,True,Coursera,Coursera,2025-11-25,CRED-424CE9F175,https://credentials.example.com/CRED-424CE9F175,https://credentials.example.com/CRED-424CE9F175
5515dee0-217a-4f8f-82f8-b35168718594,ed2feb61-97ae-4b20-b7be-e01ed50f1ba8,Node.js,Web Development,BEGINNER,30.7,True,NPTEL,NPTEL,2025-03-25,CRED-A9D2075C5C,https://credentials.example.com/CRED-A9D2075C5C,https://credentials.example.com/CRED-A9D2075C5C
35ee6c8f-a7a6-4b75-9143-2df65b53bb54,eceb6c9e-a83a-48ef-b4bd-54249990d7ad,Node.js,Web Development,BEGINNER,32.5,False,,,,,,
9e95920a-ea8b-4f5b-9125-9b581a7baffc,eceb6c9e-a83a-48ef-b4bd-54249990d7ad,Java,Programming,ADVANCED,68.4,True,Google,Google,2026-06-15,CRED-4293103B81,https://credentials.example.com/CRED-4293103B81,https://credentials.example.com/CRED-4293103B81
4a77ef53-693c-43b0-b8d2-e0258488846b,47f0954e-0841-4647-a4b4-a4d0147ce704,TensorFlow,AI/ML,ADVANCED,57.0,False,,,,,,
d87db7f3-f5d0-42cb-86cd-26be239a9a41,47f0954e-0841-4647-a4b4-a4d0147ce704,Git,Tools,INTERMEDIATE,40.4,False,,,,,,
ec377d7f-9d99-412c-a1b7-afc6cb507a70,47f0954e-0841-4647-a4b4-a4d0147ce704,Kubernetes,DevOps,BEGINNER,35.6,False,,,,,,
a4cbf7a5-f15b-4f95-9e8d-ad5cf1efdd93,47f0954e-0841-4647-a4b4-a4d0147ce704,AWS,Cloud,INTERMEDIATE,73.9,False,,,,,,
7238ab29-38f5-4e81-a338-4c5419c22165,9c79d479-580b-46c7-83d4-663448d73a61,SQL,Database,INTERMEDIATE,46.9,False,,,,,,
6b3f1338-025f-4a0a-a4b7-cc6a983c2598,7cdbec41-40fc-45b1-baa0-866168310536,Excel,Data Analytics,BEGINNER,47.5,False,,,,,,
49ff1207-1194-4f08-be35-9f97e8a5423b,7cdbec41-40fc-45b1-baa0-866168310536,Git,Tools,INTERMEDIATE,52.4,False,,,,,,
d859887b-c18c-4e39-8719-f6baca1ad714,7cdbec41-40fc-45b1-baa0-866168310536,MongoDB,Database,ADVANCED,76.4,True,Udemy,Udemy,2026-05-28,CRED-3B35565CF6,https://credentials.example.com/CRED-3B35565CF6,https://credentials.example.com/CRED-3B35565CF6
a8a0c8fc-ef5c-4e39-abee-496c926aa7fe,7cdbec41-40fc-45b1-baa0-866168310536,Machine Learning,AI/ML,ADVANCED,70.8,False,,,,,,
e929a13e-c263-4177-a676-6932843b54ad,d00062e1-e7e7-46ba-b3a5-f49d715c3572,Excel,Data Analytics,BEGINNER,36.2,True,Coursera,Coursera,2025-09-04,CRED-FFEE17FB46,https://credentials.example.com/CRED-FFEE17FB46,https://credentials.example.com/CRED-FFEE17FB46
35f13cfa-b0e7-40b2-8d29-7995df871d4c,d00062e1-e7e7-46ba-b3a5-f49d715c3572,Node.js,Web Development,ADVANCED,83.6,True,NPTEL,NPTEL,2025-01-21,CRED-3BFD4BC9D8,https://credentials.example.com/CRED-3BFD4BC9D8,https://credentials.example.com/CRED-3BFD4BC9D8
0664f65a-dc0c-4479-ac49-72c2d377adb3,695b2bea-7c3e-49c5-8fb2-aa5b5c80247b,AWS,Cloud,BEGINNER,40.0,True,Google,Google,2026-07-08,CRED-2C9417E6D0,https://credentials.example.com/CRED-2C9417E6D0,https://credentials.example.com/CRED-2C9417E6D0
41997d55-eecc-4ddf-816e-5ed0d6025888,695b2bea-7c3e-49c5-8fb2-aa5b5c80247b,Python,Programming,ADVANCED,89.5,True,Coursera,Coursera,2026-07-11,CRED-CB1801A110,https://credentials.example.com/CRED-CB1801A110,https://credentials.example.com/CRED-CB1801A110
03a19224-2cd4-4ed8-81af-d2003a9894dc,7e56aac0-31c2-4f6d-98f5-df7a51a7ad31,AWS,Cloud,INTERMEDIATE,46.8,False,,,,,,
6a959e96-5bbc-4838-bd91-82788ee3bbb8,7e56aac0-31c2-4f6d-98f5-df7a51a7ad31,MongoDB,Database,BEGINNER,40.8,False,,,,,,
d84df3d8-5f0b-4f3c-969f-0e00589bc5bd,b40e55ae-7bb5-450d-aaa5-155e291d0046,SQL,Database,BEGINNER,24.4,False,,,,,,
5b62b082-ff2f-49be-a8e8-8d17d6505866,b40e55ae-7bb5-450d-aaa5-155e291d0046,Linux,Systems,INTERMEDIATE,56.8,True,AWS Training,AWS Training,2025-07-03,CRED-63F22292A0,https://credentials.example.com/CRED-63F22292A0,https://credentials.example.com/CRED-63F22292A0
2a0e0678-4078-4596-afc6-66d6c1de954e,b40e55ae-7bb5-450d-aaa5-155e291d0046,TensorFlow,AI/ML,INTERMEDIATE,41.4,True,NPTEL,NPTEL,2026-07-07,CRED-34D390F926,https://credentials.example.com/CRED-34D390F926,https://credentials.example.com/CRED-34D390F926
ff553351-3fad-4f10-a715-f84e9ecc255f,b40e55ae-7bb5-450d-aaa5-155e291d0046,React,Web Development,EXPERT,93.6,False,,,,,,
c8503957-bcdd-482a-9878-8ef3f1d8b17f,c2343790-a522-4aa3-bd65-e16ef8cc7f5f,Data Structures & Algorithms,Core CS,BEGINNER,11.7,False,,,,,,
824b781d-e271-43f9-b42c-0ca71c91a451,c2343790-a522-4aa3-bd65-e16ef8cc7f5f,Machine Learning,AI/ML,ADVANCED,81.4,True,AWS Training,AWS Training,2025-01-29,CRED-FE519FE7B7,https://credentials.example.com/CRED-FE519FE7B7,https://credentials.example.com/CRED-FE519FE7B7
a6c05aa8-3f06-4003-b5a1-c3964bf832a1,be5c5254-c344-47af-9476-90e52b9968ac,Figma,Design,INTERMEDIATE,56.1,False,,,,,,
c21f7ef3-b91d-43f6-8294-8042150dd9c7,be5c5254-c344-47af-9476-90e52b9968ac,Machine Learning,AI/ML,ADVANCED,80.2,False,,,,,,
f412d691-0d6a-496c-b69b-3b0ba892946e,be5c5254-c344-47af-9476-90e52b9968ac,Python,Programming,ADVANCED,78.5,False,,,,,,
2b60834d-2ace-4f67-823b-dcc05620276b,be5c5254-c344-47af-9476-90e52b9968ac,Power BI,Data Analytics,BEGINNER,29.8,False,,,,,,
d7d95c16-2bb7-48c2-a4cc-2e76c5d0cf03,be5c5254-c344-47af-9476-90e52b9968ac,Kubernetes,DevOps,INTERMEDIATE,68.0,False,,,,,,
d97ed3ba-fb00-4b7d-887a-854372200ca6,823d85ef-1672-4f4f-8b06-059d1129579a,Data Structures & Algorithms,Core CS,BEGINNER,11.5,False,,,,,,
f2b61585-7b57-4d1b-9949-702eb3acde30,823d85ef-1672-4f4f-8b06-059d1129579a,Linux,Systems,INTERMEDIATE,60.0,False,,,,,,
1cdd7c32-e8a3-4d0e-977d-313dd958fc41,823d85ef-1672-4f4f-8b06-059d1129579a,JavaScript,Programming,ADVANCED,71.4,False,,,,,,
3b554bb5-f120-431e-9703-8f5cb1c89f31,96958bf5-8838-42cd-9d27-5ff54cef8c52,Python,Programming,ADVANCED,75.6,True,NPTEL,NPTEL,2026-01-17,CRED-D5B272CC99,https://credentials.example.com/CRED-D5B272CC99,https://credentials.example.com/CRED-D5B272CC99
96cb5718-43b2-4a1d-925d-42509d28ecdc,96958bf5-8838-42cd-9d27-5ff54cef8c52,Docker,DevOps,INTERMEDIATE,63.6,False,,,,,,
fda9e486-8040-485e-b843-bc9abfa9b69c,96958bf5-8838-42cd-9d27-5ff54cef8c52,AWS,Cloud,BEGINNER,43.9,False,,,,,,
1e4feeca-b1a5-4dc1-9f00-702dc0c7e574,96958bf5-8838-42cd-9d27-5ff54cef8c52,Machine Learning,AI/ML,INTERMEDIATE,52.7,False,,,,,,
bf1fedd2-8918-4719-af05-45e2799ce24f,717519f0-ce96-410a-823f-161441386981,Deep Learning,AI/ML,BEGINNER,41.4,True,Coursera,Coursera,2026-01-13,CRED-14B9959053,https://credentials.example.com/CRED-14B9959053,https://credentials.example.com/CRED-14B9959053
c5de75fe-3d13-418f-acd9-049e140268bc,717519f0-ce96-410a-823f-161441386981,TensorFlow,AI/ML,INTERMEDIATE,52.4,True,AWS Training,AWS Training,2025-02-15,CRED-1187B67AC6,https://credentials.example.com/CRED-1187B67AC6,https://credentials.example.com/CRED-1187B67AC6
b8c399c8-7167-406f-91e4-9e67ed85d33c,717519f0-ce96-410a-823f-161441386981,Data Structures & Algorithms,Core CS,BEGINNER,6.5,False,,,,,,
1db8057b-bb72-47b0-b3dd-5f55713feffc,717519f0-ce96-410a-823f-161441386981,JavaScript,Programming,INTERMEDIATE,58.0,False,,,,,,
5b649507-420c-451c-a3a4-5dea7904937a,afcf1d14-9c64-4672-9bee-623065cbb370,Kubernetes,DevOps,ADVANCED,70.1,False,,,,,,
d5f3b2e1-c2d1-4a28-850c-6333358f142b,afcf1d14-9c64-4672-9bee-623065cbb370,Figma,Design,ADVANCED,78.7,True,Udemy,Udemy,2025-04-27,CRED-91943B654F,https://credentials.example.com/CRED-91943B654F,https://credentials.example.com/CRED-91943B654F
7616ab7b-0d4a-40eb-b15f-ab3b68fed9c5,afcf1d14-9c64-4672-9bee-623065cbb370,Data Structures & Algorithms,Core CS,EXPERT,76.6,False,,,,,,
eab84d18-0038-4cf1-9f60-4a0f3359f3f0,afcf1d14-9c64-4672-9bee-623065cbb370,C++,Programming,INTERMEDIATE,68.6,True,Udemy,Udemy,2025-02-03,CRED-C560DEB8C4,https://credentials.example.com/CRED-C560DEB8C4,https://credentials.example.com/CRED-C560DEB8C4
0a6c22da-a4cd-400f-a5c5-2d9632ad3efe,c84b27f5-2627-47bc-ad67-c0b07b6ee16d,Power BI,Data Analytics,BEGINNER,41.2,False,,,,,,
3219b46e-8f41-4df2-8cf2-0a7de7bb8f8a,c84b27f5-2627-47bc-ad67-c0b07b6ee16d,Data Structures & Algorithms,Core CS,EXPERT,67.8,False,,,,,,
09ffd499-bf76-4f8d-8d15-3c0c71d1821c,c84b27f5-2627-47bc-ad67-c0b07b6ee16d,Git,Tools,EXPERT,83.5,False,,,,,,
b5e0b7a2-c5de-45cb-9dbf-9e0b0bcdbfd2,c84b27f5-2627-47bc-ad67-c0b07b6ee16d,JavaScript,Programming,ADVANCED,94.4,True,Google,Google,2026-05-23,CRED-68F882948A,https://credentials.example.com/CRED-68F882948A,https://credentials.example.com/CRED-68F882948A
6a786bc5-797b-4fca-8c9a-86e56428a67a,c84b27f5-2627-47bc-ad67-c0b07b6ee16d,Excel,Data Analytics,BEGINNER,34.8,False,,,,,,
add2b26b-8356-46b7-a2db-b0bf3cb7325d,81af15f3-e8b5-4ec3-94e1-6e1245259a89,JavaScript,Programming,BEGINNER,27.4,False,,,,,,
aa2813ce-106b-4d74-8aa2-815a958d6c19,81af15f3-e8b5-4ec3-94e1-6e1245259a89,Excel,Data Analytics,BEGINNER,33.4,False,,,,,,
68aed191-2770-4f17-90ca-433edab5549a,81af15f3-e8b5-4ec3-94e1-6e1245259a89,Node.js,Web Development,INTERMEDIATE,48.8,False,,,,,,
1a7b8257-95b9-4926-9e5b-81ea274f55a4,81af15f3-e8b5-4ec3-94e1-6e1245259a89,Figma,Design,EXPERT,90.1,False,,,,,,
daa76fb5-6745-46a6-8c23-374ebe40a845,81af15f3-e8b5-4ec3-94e1-6e1245259a89,Kubernetes,DevOps,INTERMEDIATE,48.0,False,,,,,,
f514075e-fdd1-494b-ae4e-88a73e9d15bb,3e46d505-2fd9-47ff-b13c-80a943f9d246,C++,Programming,BEGINNER,25.6,True,Microsoft,Microsoft,2025-03-23,CRED-150D6503E2,https://credentials.example.com/CRED-150D6503E2,https://credentials.example.com/CRED-150D6503E2
5a5e71b2-b6b6-4515-90a7-eb0ca4f399da,04444cb8-6261-4f67-b3ef-a349e7e1ef86,SQL,Database,INTERMEDIATE,48.0,False,,,,,,
80166f58-3aa4-42e6-aa00-2cdd0d307e6d,04444cb8-6261-4f67-b3ef-a349e7e1ef86,React,Web Development,ADVANCED,84.4,False,,,,,,
989cdbe9-8762-4207-a438-01e6049c2267,7b7d7936-b75a-4cbe-9593-943778684fb4,MongoDB,Database,EXPERT,100.0,False,,,,,,
54d9a8f7-039e-41c7-9ba8-8be4283bb2fb,7b7d7936-b75a-4cbe-9593-943778684fb4,Deep Learning,AI/ML,BEGINNER,6.4,False,,,,,,
ab3c5570-9ee8-4f14-b099-d1c2880007d8,7b7d7936-b75a-4cbe-9593-943778684fb4,Node.js,Web Development,BEGINNER,52.6,False,,,,,,
a12743a3-30db-44ec-a7bd-1c1d8e55bb96,7b7d7936-b75a-4cbe-9593-943778684fb4,Excel,Data Analytics,INTERMEDIATE,64.3,True,Coursera,Coursera,2025-01-11,CRED-FD6B4122EE,https://credentials.example.com/CRED-FD6B4122EE,https://credentials.example.com/CRED-FD6B4122EE
4711aba2-4b4f-4ecc-86f2-35d9b34b7229,7b7d7936-b75a-4cbe-9593-943778684fb4,Docker,DevOps,BEGINNER,32.0,False,,,,,,
ee84204d-c0ce-41e3-8206-fe71ac254a54,165ecc8a-4ba5-4e3e-b055-05016d7328f0,Power BI,Data Analytics,INTERMEDIATE,62.6,False,,,,,,
947b643e-5f7d-4b7d-be7e-61efdcf2fc3b,165ecc8a-4ba5-4e3e-b055-05016d7328f0,TensorFlow,AI/ML,INTERMEDIATE,49.2,False,,,,,,
fbf073b4-b530-4769-8d33-b0137d372d21,165ecc8a-4ba5-4e3e-b055-05016d7328f0,C++,Programming,BEGINNER,36.0,False,,,,,,
de3cbfcf-422a-449e-80f7-6778db8a0c8e,5a1ff57d-2c6f-414a-b722-c75ae5809c57,Python,Programming,EXPERT,91.3,True,Google,Google,2025-11-08,CRED-523DF38BB8,https://credentials.example.com/CRED-523DF38BB8,https://credentials.example.com/CRED-523DF38BB8
2b369ccc-e92f-462c-8f8e-153127535fa7,5a1ff57d-2c6f-414a-b722-c75ae5809c57,Figma,Design,EXPERT,71.1,False,,,,,,
9586c46e-d4e5-4710-a93a-2b5f1c474d50,5a1ff57d-2c6f-414a-b722-c75ae5809c57,Power BI,Data Analytics,INTERMEDIATE,55.9,False,,,,,,
f121f037-a88e-45fa-9f0f-f532d6007505,5a1ff57d-2c6f-414a-b722-c75ae5809c57,Kubernetes,DevOps,BEGINNER,34.4,False,,,,,,
ff839bd1-f49b-4a80-a391-abf55acbfb3d,9ae3f69a-3ffc-4e8f-bee1-79a1633f7fbf,TensorFlow,AI/ML,BEGINNER,19.7,False,,,,,,
b0bab1b3-8c80-47ab-a85f-71f4357abb51,9ae3f69a-3ffc-4e8f-bee1-79a1633f7fbf,C++,Programming,ADVANCED,99.4,False,,,,,,
a2e1621d-2d19-4fa9-aa09-2281d24702d9,9ae3f69a-3ffc-4e8f-bee1-79a1633f7fbf,Machine Learning,AI/ML,INTERMEDIATE,51.5,False,,,,,,
1f397e40-049e-44c6-8eb8-4b25b080a654,9ae3f69a-3ffc-4e8f-bee1-79a1633f7fbf,Data Structures & Algorithms,Core CS,BEGINNER,40.5,False,,,,,,
a73b5859-b5b2-4015-ad2e-221b516c2b5b,9ae3f69a-3ffc-4e8f-bee1-79a1633f7fbf,Linux,Systems,EXPERT,72.0,True,Microsoft,Microsoft,2025-02-15,CRED-687D705EAD,https://credentials.example.com/CRED-687D705EAD,https://credentials.example.com/CRED-687D705EAD
a8475aeb-be5f-468d-9975-caf2130b2279,c5149802-6951-4f24-b992-76cf15931c2c,Deep Learning,AI/ML,EXPERT,93.2,True,NPTEL,NPTEL,2025-07-05,CRED-E72C5284D6,https://credentials.example.com/CRED-E72C5284D6,https://credentials.example.com/CRED-E72C5284D6
7ca51090-e60b-49ce-b970-16424e553a85,c5149802-6951-4f24-b992-76cf15931c2c,Excel,Data Analytics,INTERMEDIATE,49.7,False,,,,,,
f44be579-7fcd-4eb8-8428-720a73de9e27,c5149802-6951-4f24-b992-76cf15931c2c,Data Structures & Algorithms,Core CS,INTERMEDIATE,65.7,True,Microsoft,Microsoft,2026-06-23,CRED-BE1F50618D,https://credentials.example.com/CRED-BE1F50618D,https://credentials.example.com/CRED-BE1F50618D
0749fc09-b9ae-44d5-9e07-50d20c3e7704,c5149802-6951-4f24-b992-76cf15931c2c,TensorFlow,AI/ML,INTERMEDIATE,69.3,True,NPTEL,NPTEL,2025-03-18,CRED-E39C3D5750,https://credentials.example.com/CRED-E39C3D5750,https://credentials.example.com/CRED-E39C3D5750
fb266a1c-ca00-4787-8f2f-74f15ae3e5b3,4f761a64-3631-4af4-a20d-f87e0df2b162,Figma,Design,INTERMEDIATE,45.1,False,,,,,,
fc0ba657-1661-4dca-982f-1fcde94ea4a4,4f761a64-3631-4af4-a20d-f87e0df2b162,Java,Programming,EXPERT,85.9,False,,,,,,
13b17e67-f73c-4ed4-b54c-afab0f4ad900,4f761a64-3631-4af4-a20d-f87e0df2b162,AWS,Cloud,ADVANCED,88.4,True,Udemy,Udemy,2025-02-19,CRED-45871F0B1D,https://credentials.example.com/CRED-45871F0B1D,https://credentials.example.com/CRED-45871F0B1D
42f81c40-f38f-42b5-aa05-10960910150a,44a7dc56-b8e6-4972-8bf9-499074aa5ab6,Machine Learning,AI/ML,EXPERT,84.1,False,,,,,,
8c48ea05-6181-4ba9-becb-43f91b41c0be,deb6a728-497e-4877-a2b7-ded660d752c7,Git,Tools,BEGINNER,30.8,False,,,,,,
3b50f538-2400-4415-b3ef-a52976f6c8c1,3b50e299-3d7d-4930-b4cf-92592a695386,C++,Programming,BEGINNER,27.2,False,,,,,,
7077a078-c376-413a-803d-9ed375133cfc,3b50e299-3d7d-4930-b4cf-92592a695386,Deep Learning,AI/ML,INTERMEDIATE,62.8,False,,,,,,
c40f3e35-f36e-4e52-890e-0f8aa070a35b,3b50e299-3d7d-4930-b4cf-92592a695386,React,Web Development,INTERMEDIATE,45.6,True,Google,Google,2025-01-17,CRED-FEEDDDA0F5,https://credentials.example.com/CRED-FEEDDDA0F5,https://credentials.example.com/CRED-FEEDDDA0F5
03cda857-662a-4494-a3f1-cd3d7c5c62f6,3b50e299-3d7d-4930-b4cf-92592a695386,Python,Programming,ADVANCED,66.3,False,,,,,,
dbe2ebb7-ac7e-42d3-b02a-9c1ae2c80c4d,3b50e299-3d7d-4930-b4cf-92592a695386,Excel,Data Analytics,ADVANCED,83.8,False,,,,,,
b6afce74-6b79-48a7-961b-18ed4b3100ea,f66bf926-f023-47e5-be8f-6af1b1b20a83,TensorFlow,AI/ML,ADVANCED,82.8,False,,,,,,
57104314-2ed4-4321-b93e-f5c27233132d,f66bf926-f023-47e5-be8f-6af1b1b20a83,C++,Programming,INTERMEDIATE,60.4,False,,,,,,
2fc001b5-428b-450d-b8f4-1ba019bda77c,f66bf926-f023-47e5-be8f-6af1b1b20a83,Power BI,Data Analytics,ADVANCED,72.0,False,,,,,,
4e1ff821-a2dd-4809-b85b-29f9d9c7ce80,f66bf926-f023-47e5-be8f-6af1b1b20a83,SQL,Database,INTERMEDIATE,64.3,False,,,,,,
457ca2ff-8445-4b4c-a460-5b2556ebd014,f66bf926-f023-47e5-be8f-6af1b1b20a83,Figma,Design,INTERMEDIATE,59.3,False,,,,,,
b388853a-5107-413f-85d4-814dc4241ecf,95438846-c71f-45a5-9cb4-bb54a1942ca0,Python,Programming,ADVANCED,94.1,False,,,,,,
3be02c2a-eba8-4874-88b2-b3b790df76bd,95438846-c71f-45a5-9cb4-bb54a1942ca0,AWS,Cloud,BEGINNER,29.9,False,,,,,,
6f051b4d-2616-43a1-8847-3e80f3b70995,95438846-c71f-45a5-9cb4-bb54a1942ca0,Deep Learning,AI/ML,BEGINNER,41.6,False,,,,,,
f82b4c93-c950-407d-9221-57a2ee886707,95438846-c71f-45a5-9cb4-bb54a1942ca0,Git,Tools,BEGINNER,21.0,False,,,,,,
cde64702-90ec-441a-85f5-5331f19067b6,95438846-c71f-45a5-9cb4-bb54a1942ca0,TensorFlow,AI/ML,INTERMEDIATE,53.9,False,,,,,,
e1adc8a1-edf6-419b-b9e4-5dc73a73a33b,7b77acd6-1d98-4ea0-bab4-057c8cf1d6c2,Deep Learning,AI/ML,ADVANCED,77.8,True,Coursera,Coursera,2025-04-22,CRED-97F79C705A,https://credentials.example.com/CRED-97F79C705A,https://credentials.example.com/CRED-97F79C705A
8a63ef41-f371-46f5-991c-840ce94fc0f9,7b77acd6-1d98-4ea0-bab4-057c8cf1d6c2,AWS,Cloud,EXPERT,84.8,False,,,,,,
2c3c1221-e643-4de6-a9cc-cedb8f690996,7b77acd6-1d98-4ea0-bab4-057c8cf1d6c2,JavaScript,Programming,INTERMEDIATE,35.7,False,,,,,,
3ed3f038-9d75-4043-852b-8814645f227c,7009dd67-2d82-4309-871c-9ee5d5471bba,TensorFlow,AI/ML,ADVANCED,86.6,True,Google,Google,2026-05-06,CRED-C67BB849D5,https://credentials.example.com/CRED-C67BB849D5,https://credentials.example.com/CRED-C67BB849D5
53b1ebef-9bc6-4bb3-b598-0310141f46b7,7009dd67-2d82-4309-871c-9ee5d5471bba,MongoDB,Database,BEGINNER,23.5,False,,,,,,
fc41e694-547a-4a2f-8cf2-ca3e17fb8e78,7009dd67-2d82-4309-871c-9ee5d5471bba,Power BI,Data Analytics,EXPERT,98.3,True,Microsoft,Microsoft,2025-02-21,CRED-9296A5389B,https://credentials.example.com/CRED-9296A5389B,https://credentials.example.com/CRED-9296A5389B
d3a0a454-6914-4b40-8aa0-61e01929ca44,7009dd67-2d82-4309-871c-9ee5d5471bba,Docker,DevOps,EXPERT,95.9,True,Coursera,Coursera,2025-06-13,CRED-6775F03B70,https://credentials.example.com/CRED-6775F03B70,https://credentials.example.com/CRED-6775F03B70
e2a70e68-ca47-4f43-8eeb-4c1f54daf8d1,7009dd67-2d82-4309-871c-9ee5d5471bba,React,Web Development,BEGINNER,17.3,False,,,,,,
7d405523-0d9d-4b2a-90c0-f60cda4feaf0,eb7d525d-e602-43a2-a132-5005c5eee06f,Figma,Design,BEGINNER,34.7,True,Udemy,Udemy,2025-08-23,CRED-B407FBC923,https://credentials.example.com/CRED-B407FBC923,https://credentials.example.com/CRED-B407FBC923
211b5a8f-fddf-4ae0-9de5-2c3940618a5a,eb7d525d-e602-43a2-a132-5005c5eee06f,Deep Learning,AI/ML,INTERMEDIATE,51.0,False,,,,,,
c30bd7b3-3714-42ac-a373-0e2a48f51455,47bb0d63-3ea6-44f6-bd2f-27e62f89df7e,AWS,Cloud,ADVANCED,78.2,False,,,,,,
27f63f56-56c6-48a0-8d7b-317342fcdff1,47bb0d63-3ea6-44f6-bd2f-27e62f89df7e,Git,Tools,ADVANCED,66.8,False,,,,,,
37fff97b-72e2-4dfb-9dc7-68b4a0e48644,47bb0d63-3ea6-44f6-bd2f-27e62f89df7e,Kubernetes,DevOps,BEGINNER,14.8,False,,,,,,
872dcb1e-20bf-4aab-9fe1-0eb1c54c19ce,8814767c-b94f-4d1a-9e55-0c22a2e226e6,Java,Programming,INTERMEDIATE,62.3,False,,,,,,
dbf74178-f641-4f80-8eb9-e4f879fec816,8814767c-b94f-4d1a-9e55-0c22a2e226e6,MongoDB,Database,BEGINNER,24.8,False,,,,,,
3df40320-e064-40d8-9775-13ef910d9a26,46f45d39-8968-42e4-97e4-490dbdf2178d,Java,Programming,INTERMEDIATE,63.3,False,,,,,,
965e261e-4ccb-4a29-bae7-d2f8394c4a87,46f45d39-8968-42e4-97e4-490dbdf2178d,Deep Learning,AI/ML,ADVANCED,75.9,True,Microsoft,Microsoft,2026-05-29,CRED-27766F0D41,https://credentials.example.com/CRED-27766F0D41,https://credentials.example.com/CRED-27766F0D41
d530ed97-3977-4b5c-a2c1-502f1b385632,3e642d9f-9c9a-4dff-863d-35145e3720cd,JavaScript,Programming,INTERMEDIATE,54.2,False,,,,,,
e371e082-cc10-4529-8151-21f308eb4163,3e642d9f-9c9a-4dff-863d-35145e3720cd,Linux,Systems,BEGINNER,17.4,False,,,,,,
76e6887e-9f27-4000-bae4-7259f0909688,3e642d9f-9c9a-4dff-863d-35145e3720cd,Java,Programming,BEGINNER,21.1,False,,,,,,
93432f22-3d24-4e3b-aed2-9a60f3e80149,0ac4a5d8-ced1-42e6-889b-61b7901fda17,Excel,Data Analytics,INTERMEDIATE,60.9,False,,,,,,
717390a1-eb5d-4acc-b54a-117cde6e92a5,0ac4a5d8-ced1-42e6-889b-61b7901fda17,C++,Programming,BEGINNER,16.0,True,Udemy,Udemy,2026-03-15,CRED-5054448AA9,https://credentials.example.com/CRED-5054448AA9,https://credentials.example.com/CRED-5054448AA9
e4b45b89-4dd2-401d-8038-fcdeae438443,0ac4a5d8-ced1-42e6-889b-61b7901fda17,Node.js,Web Development,INTERMEDIATE,56.6,True,Microsoft,Microsoft,2025-09-22,CRED-0DA54BE7CB,https://credentials.example.com/CRED-0DA54BE7CB,https://credentials.example.com/CRED-0DA54BE7CB
a8211809-6c83-4ff4-8da4-44f7b57ed6c1,2e8d9e93-4c1c-45ba-a0ba-1c4c3a9c8419,Python,Programming,EXPERT,94.0,False,,,,,,
4b6f80dc-2b67-49cb-8881-9a6fe3fe3434,2e8d9e93-4c1c-45ba-a0ba-1c4c3a9c8419,SQL,Database,ADVANCED,69.6,True,AWS Training,AWS Training,2026-07-07,CRED-92FF7B1D95,https://credentials.example.com/CRED-92FF7B1D95,https://credentials.example.com/CRED-92FF7B1D95
67017286-66be-4cb9-b763-22c7b03f4a16,2e8d9e93-4c1c-45ba-a0ba-1c4c3a9c8419,Figma,Design,BEGINNER,18.1,False,,,,,,
0f579eed-0132-4434-b2e2-7a6e5927d3df,2e8d9e93-4c1c-45ba-a0ba-1c4c3a9c8419,Git,Tools,ADVANCED,68.1,False,,,,,,
fcab45c0-fff4-44ca-bf09-897fb4a5d444,2e8d9e93-4c1c-45ba-a0ba-1c4c3a9c8419,Data Structures & Algorithms,Core CS,INTERMEDIATE,52.9,True,AWS Training,AWS Training,2025-02-24,CRED-62B67A2DA6,https://credentials.example.com/CRED-62B67A2DA6,https://credentials.example.com/CRED-62B67A2DA6
c0b21a4b-9a19-43d3-8d6e-8621e175ea76,ea142c35-3cec-4625-b65a-5b6aa4a7a9cb,Figma,Design,INTERMEDIATE,56.0,False,,,,,,
89d46102-264a-4bfe-9f19-e5ba022c8a79,ea142c35-3cec-4625-b65a-5b6aa4a7a9cb,Git,Tools,BEGINNER,31.8,False,,,,,,
fddce08f-9685-44d9-bbca-c1c530539d56,c2572c78-b004-4558-ad44-e3da0b944e15,Python,Programming,INTERMEDIATE,46.1,False,,,,,,
91ef7822-0ff3-4156-83c9-c72f9c2a503d,c40becf1-91bf-4a2a-b34c-3d8bc29c80bb,MongoDB,Database,ADVANCED,80.9,True,Udemy,Udemy,2025-08-17,CRED-C42DBD5B0B,https://credentials.example.com/CRED-C42DBD5B0B,https://credentials.example.com/CRED-C42DBD5B0B
126e00bf-f6b8-4eed-bc0d-1ec4c280836b,c40becf1-91bf-4a2a-b34c-3d8bc29c80bb,Machine Learning,AI/ML,BEGINNER,31.1,False,,,,,,
3143e9ea-82c7-4aa3-935d-d8aa45d35a80,c40becf1-91bf-4a2a-b34c-3d8bc29c80bb,React,Web Development,ADVANCED,75.4,True,Microsoft,Microsoft,2025-12-28,CRED-02B0B35CE9,https://credentials.example.com/CRED-02B0B35CE9,https://credentials.example.com/CRED-02B0B35CE9
e3cbd3c4-3ab2-4dda-a1dc-b29746e3cd5c,c40becf1-91bf-4a2a-b34c-3d8bc29c80bb,JavaScript,Programming,BEGINNER,18.2,False,,,,,,
e59f2b79-0087-4e00-a832-3bad632eb4a7,c40becf1-91bf-4a2a-b34c-3d8bc29c80bb,Python,Programming,INTERMEDIATE,60.0,True,Coursera,Coursera,2026-04-30,CRED-4F11A33013,https://credentials.example.com/CRED-4F11A33013,https://credentials.example.com/CRED-4F11A33013
657f598b-acea-4aab-bd08-7fafdedd528c,3c239fd4-5183-449c-afb8-e91214941486,React,Web Development,BEGINNER,31.2,False,,,,,,
2519187e-7f73-4b9a-9f76-c5bf001a5ee3,3c239fd4-5183-449c-afb8-e91214941486,Kubernetes,DevOps,ADVANCED,77.1,True,Google,Google,2026-05-29,CRED-7D46276B4D,https://credentials.example.com/CRED-7D46276B4D,https://credentials.example.com/CRED-7D46276B4D
69689441-f909-49b5-9e47-3fdd8ccbe894,3c239fd4-5183-449c-afb8-e91214941486,AWS,Cloud,BEGINNER,19.9,False,,,,,,
b4ebda2a-01ad-4ffa-a559-1f771557a6d9,3c239fd4-5183-449c-afb8-e91214941486,TensorFlow,AI/ML,INTERMEDIATE,48.9,False,,,,,,
0b965208-5bd7-48df-9b12-bbcfbce3b960,e48e6ce2-dd6c-4fe7-91a5-eba6b6bd31f7,Linux,Systems,INTERMEDIATE,63.0,False,,,,,,
93fce7cb-d82f-4046-8be7-92aca3feffd3,e48e6ce2-dd6c-4fe7-91a5-eba6b6bd31f7,Java,Programming,EXPERT,77.7,False,,,,,,
aee863c7-32cb-493f-b255-ac321995ff32,e48e6ce2-dd6c-4fe7-91a5-eba6b6bd31f7,TensorFlow,AI/ML,BEGINNER,22.4,True,Udemy,Udemy,2026-08-17,CRED-7B90D9FBE1,https://credentials.example.com/CRED-7B90D9FBE1,https://credentials.example.com/CRED-7B90D9FBE1
63ce5b35-71de-45eb-90d5-a57dd85352b1,e48e6ce2-dd6c-4fe7-91a5-eba6b6bd31f7,Kubernetes,DevOps,BEGINNER,23.5,True,Coursera,Coursera,2026-05-12,CRED-DFCE76B042,https://credentials.example.com/CRED-DFCE76B042,https://credentials.example.com/CRED-DFCE76B042
6c1d78b2-341f-4593-8438-22574bda0365,e48e6ce2-dd6c-4fe7-91a5-eba6b6bd31f7,Excel,Data Analytics,BEGINNER,17.9,False,,,,,,
45ad18ac-c8df-469e-840a-903350b2e81c,36f2379d-78de-4d65-877a-2b58d3bd9f74,Linux,Systems,BEGINNER,25.8,False,,,,,,
b76169bd-1ee5-471b-ab1a-1483b5dd1786,36f2379d-78de-4d65-877a-2b58d3bd9f74,Git,Tools,ADVANCED,58.2,False,,,,,,
23233913-1cb3-4913-ba5c-b69c25ea00b5,34fc5131-35f5-473f-8560-d0b7f26793cc,Deep Learning,AI/ML,BEGINNER,20.9,False,,,,,,
0a79251f-3c44-4661-8f10-c62d66fcd2c9,34fc5131-35f5-473f-8560-d0b7f26793cc,Excel,Data Analytics,ADVANCED,82.6,False,,,,,,
eac179c7-84dc-4d69-adec-a20e72a9f05c,34fc5131-35f5-473f-8560-d0b7f26793cc,React,Web Development,INTERMEDIATE,66.7,True,NPTEL,NPTEL,2026-07-16,CRED-98DC77C4F9,https://credentials.example.com/CRED-98DC77C4F9,https://credentials.example.com/CRED-98DC77C4F9
331dc750-957e-4c22-b0d6-bfdd789f0206,34fc5131-35f5-473f-8560-d0b7f26793cc,SQL,Database,INTERMEDIATE,57.6,False,,,,,,
ff88e8b5-6761-4abb-ac82-0d9fb6cf6b65,00945885-749b-4ef7-9f59-3864e5dfa358,Deep Learning,AI/ML,INTERMEDIATE,43.7,False,,,,,,
7afbf6f6-db69-4719-885b-0e917d87f46f,00945885-749b-4ef7-9f59-3864e5dfa358,Figma,Design,BEGINNER,46.1,False,,,,,,
a7d89c5b-bbf7-477a-b35a-9e63ec852549,00945885-749b-4ef7-9f59-3864e5dfa358,C++,Programming,BEGINNER,33.2,False,,,,,,
13543b00-0edd-40ef-babb-7ba23de43468,b14da601-b100-4c3b-abb3-88ca6578c883,AWS,Cloud,INTERMEDIATE,66.1,False,,,,,,
41b68293-d78c-409e-bfa7-a5daabe10828,b14da601-b100-4c3b-abb3-88ca6578c883,Machine Learning,AI/ML,EXPERT,92.3,True,NPTEL,NPTEL,2026-01-30,CRED-262ACF1456,https://credentials.example.com/CRED-262ACF1456,https://credentials.example.com/CRED-262ACF1456
c9d9cdb4-2b01-499c-9bfa-ead5cc3d9457,b14da601-b100-4c3b-abb3-88ca6578c883,Linux,Systems,EXPERT,98.5,False,,,,,,
a391f512-1ddf-4303-957c-4c2a0b5abc31,b14da601-b100-4c3b-abb3-88ca6578c883,Java,Programming,EXPERT,90.6,True,Coursera,Coursera,2025-09-18,CRED-55F6C303BA,https://credentials.example.com/CRED-55F6C303BA,https://credentials.example.com/CRED-55F6C303BA
9ee6f346-c945-45fd-b92e-2b359c329174,b14da601-b100-4c3b-abb3-88ca6578c883,Node.js,Web Development,INTERMEDIATE,62.5,False,,,,,,
aae6075e-f9ac-4179-bfc2-77bbe4dd00a9,4e16dbc8-f308-4494-b3db-04cd805caecd,Linux,Systems,ADVANCED,90.5,True,Coursera,Coursera,2025-12-18,CRED-7292010021,https://credentials.example.com/CRED-7292010021,https://credentials.example.com/CRED-7292010021
22231129-bab2-4ae7-89bf-e4107b4505e2,4e16dbc8-f308-4494-b3db-04cd805caecd,Deep Learning,AI/ML,ADVANCED,83.2,False,,,,,,
f5e5b6da-50e9-4d84-9c84-4e993787cf96,4e16dbc8-f308-4494-b3db-04cd805caecd,Excel,Data Analytics,INTERMEDIATE,53.3,False,,,,,,
d9473ab4-975e-4d75-bc81-0d5b4c008193,4e16dbc8-f308-4494-b3db-04cd805caecd,JavaScript,Programming,EXPERT,88.2,True,Coursera,Coursera,2026-03-29,CRED-FF8768367D,https://credentials.example.com/CRED-FF8768367D,https://credentials.example.com/CRED-FF8768367D
dfaa76af-8e5e-4452-b0ac-b31536b573fa,b27d73b4-51cd-4351-a905-5c77030c7cf4,JavaScript,Programming,INTERMEDIATE,58.5,False,,,,,,
223562b3-815b-4cc3-8aa4-fccd65fa7178,b27d73b4-51cd-4351-a905-5c77030c7cf4,Deep Learning,AI/ML,EXPERT,91.5,False,,,,,,
f2e61edd-10d1-491f-814f-bcdabb1996a1,b27d73b4-51cd-4351-a905-5c77030c7cf4,MongoDB,Database,INTERMEDIATE,43.9,False,,,,,,
5b7c4188-65cc-46bb-ab64-2763c22e54ce,399c79d2-27a8-4ef3-b025-98cb1f0d5f46,React,Web Development,INTERMEDIATE,52.9,False,,,,,,
d82f6baa-5bb3-4096-b663-e8d34223939d,464c0683-e527-4474-809b-89efae9a1ac7,Figma,Design,BEGINNER,27.1,False,,,,,,
4ae10152-5edb-4470-b17d-3d3b40051ee9,464c0683-e527-4474-809b-89efae9a1ac7,React,Web Development,EXPERT,83.6,True,Udemy,Udemy,2026-04-14,CRED-1C62E32FF2,https://credentials.example.com/CRED-1C62E32FF2,https://credentials.example.com/CRED-1C62E32FF2
5369a274-59b2-4c07-ba36-4fb12067a2e7,464c0683-e527-4474-809b-89efae9a1ac7,Data Structures & Algorithms,Core CS,BEGINNER,35.0,False,,,,,,
726c2018-5df8-44d4-8d5a-a8eb29c73dc1,464c0683-e527-4474-809b-89efae9a1ac7,SQL,Database,INTERMEDIATE,53.0,False,,,,,,
58d5d742-c3e3-4e59-98b7-500014d24351,a7742edd-c54b-4c83-9d2c-014bae4b5961,Data Structures & Algorithms,Core CS,EXPERT,94.6,True,Microsoft,Microsoft,2025-01-17,CRED-3D2A9D9D90,https://credentials.example.com/CRED-3D2A9D9D90,https://credentials.example.com/CRED-3D2A9D9D90
99260f2c-22c1-45c2-ab4c-0a876907fb16,66706043-191b-4978-bcee-88fc3847c5eb,Linux,Systems,BEGINNER,38.7,False,,,,,,
c80fff87-8089-4f76-9b9e-322de7a39cb8,66706043-191b-4978-bcee-88fc3847c5eb,Excel,Data Analytics,ADVANCED,84.8,True,Coursera,Coursera,2025-08-07,CRED-8B0CF50A2A,https://credentials.example.com/CRED-8B0CF50A2A,https://credentials.example.com/CRED-8B0CF50A2A
95182eac-053d-45c8-982a-b3df9d91d73d,73c2061a-8b3f-4250-8ac4-74a9926b0a9d,Python,Programming,ADVANCED,96.7,False,,,,,,
23a88850-0625-4806-8f11-6c5f05ab47e2,73c2061a-8b3f-4250-8ac4-74a9926b0a9d,Machine Learning,AI/ML,BEGINNER,52.1,False,,,,,,
3ce2323c-1572-466d-a2c4-344a24d4b9ca,73c2061a-8b3f-4250-8ac4-74a9926b0a9d,Linux,Systems,INTERMEDIATE,54.0,False,,,,,,
e3e3d219-76d0-406d-8367-7bcbac936e09,8f5f1032-de5a-43bc-bbaf-18177148dcc6,Git,Tools,BEGINNER,16.8,False,,,,,,
4e5affd1-8573-4291-8037-998f61bba3af,b40fb687-23f0-48d4-97e7-06ee10eaa637,Git,Tools,ADVANCED,100.0,False,,,,,,
e31399a8-2cc1-4c0c-9b95-b1351d46c2d3,b40fb687-23f0-48d4-97e7-06ee10eaa637,Python,Programming,BEGINNER,31.6,False,,,,,,
8b89ac0b-962a-4b83-8466-b0620700c458,b40fb687-23f0-48d4-97e7-06ee10eaa637,TensorFlow,AI/ML,INTERMEDIATE,50.5,False,,,,,,
636038fe-4006-44aa-9748-d00a8b4f65cc,b40fb687-23f0-48d4-97e7-06ee10eaa637,JavaScript,Programming,INTERMEDIATE,57.0,False,,,,,,
59fc6f8a-efe8-454a-b62f-f0911a0420f7,4906d0a6-e3be-4f4a-bc15-9c4e3a9339ad,Git,Tools,BEGINNER,36.6,False,,,,,,
2b6cdfc8-84b7-4773-afeb-3640e04edefc,4906d0a6-e3be-4f4a-bc15-9c4e3a9339ad,AWS,Cloud,EXPERT,100.0,False,,,,,,
3007b43c-a175-4673-a2e7-ddf8612fb1ad,d371b3f7-6b2e-4135-8234-c95a5246b3af,Data Structures & Algorithms,Core CS,INTERMEDIATE,57.4,False,,,,,,
0aa6f2d9-d3ac-4708-8d8c-107556b377ed,d371b3f7-6b2e-4135-8234-c95a5246b3af,Docker,DevOps,INTERMEDIATE,55.3,False,,,,,,
d132aebf-b3e1-49b3-bb7d-0bc5b90b9d0a,d371b3f7-6b2e-4135-8234-c95a5246b3af,Linux,Systems,BEGINNER,24.5,False,,,,,,
f0c2e3c3-72fa-4019-bd65-7140d385455e,d371b3f7-6b2e-4135-8234-c95a5246b3af,Figma,Design,ADVANCED,72.0,False,,,,,,
5e66af13-05bd-4e04-9201-bb3624c3dc8a,d371b3f7-6b2e-4135-8234-c95a5246b3af,MongoDB,Database,ADVANCED,71.2,True,AWS Training,AWS Training,2026-02-02,CRED-DA73BB9BCB,https://credentials.example.com/CRED-DA73BB9BCB,https://credentials.example.com/CRED-DA73BB9BCB
1fdb7133-ce7d-4426-89b2-df8a6c60cd4b,320b47e0-c0ed-4b0f-8b1d-50e04b2b3b81,Linux,Systems,INTERMEDIATE,75.6,False,,,,,,
197196cc-2f4c-440b-9225-469a58a7d896,320b47e0-c0ed-4b0f-8b1d-50e04b2b3b81,Node.js,Web Development,INTERMEDIATE,39.3,False,,,,,,
8c072604-d53b-412e-9834-250928007f06,320b47e0-c0ed-4b0f-8b1d-50e04b2b3b81,Java,Programming,ADVANCED,65.1,False,,,,,,
d249928c-614d-42e4-b3c4-ff5a45290aea,320b47e0-c0ed-4b0f-8b1d-50e04b2b3b81,JavaScript,Programming,ADVANCED,84.9,False,,,,,,
424e5d9f-8ecc-42e5-ab5a-a3af191061a7,320b47e0-c0ed-4b0f-8b1d-50e04b2b3b81,Deep Learning,AI/ML,BEGINNER,17.3,False,,,,,,
1091e19e-4841-41d2-a02a-c3fe743b702a,e22f9f0e-4a52-4dd7-b142-be65475509ef,Kubernetes,DevOps,BEGINNER,43.1,False,,,,,,
7da63e7d-1f67-45a0-a70b-b21921013f10,e22f9f0e-4a52-4dd7-b142-be65475509ef,Data Structures & Algorithms,Core CS,ADVANCED,83.4,True,Microsoft,Microsoft,2025-03-29,CRED-83563FA332,https://credentials.example.com/CRED-83563FA332,https://credentials.example.com/CRED-83563FA332
7944ffac-75e8-4fa7-be2f-70f2de0f8801,e22f9f0e-4a52-4dd7-b142-be65475509ef,Git,Tools,BEGINNER,25.8,False,,,,,,
23b75d87-2e3b-4ee2-bdc8-fd113d916faa,e22f9f0e-4a52-4dd7-b142-be65475509ef,Machine Learning,AI/ML,EXPERT,73.3,True,Microsoft,Microsoft,2026-01-10,CRED-3E625876DD,https://credentials.example.com/CRED-3E625876DD,https://credentials.example.com/CRED-3E625876DD
d20c7036-6f63-4365-8454-5b5fd2c3486f,e22f9f0e-4a52-4dd7-b142-be65475509ef,Figma,Design,ADVANCED,76.1,False,,,,,,
df1b9664-3b2a-49b8-84df-cc4f3dbff292,413fc4d7-cb20-4167-aa55-74d4ab124cfc,AWS,Cloud,INTERMEDIATE,54.0,False,,,,,,
5c077185-eec0-42f4-ae7c-c0454a99dd96,ba5c565c-bd05-4d4e-8325-79d981037204,Kubernetes,DevOps,EXPERT,88.3,False,,,,,,
797a1e98-e9e6-479f-ac7f-1f30cc4d3f4a,f515821c-7b16-42ca-8c2a-47be2667ee9a,Deep Learning,AI/ML,BEGINNER,10.4,False,,,,,,
979ecad9-eb28-4cf1-906a-988951befaff,f515821c-7b16-42ca-8c2a-47be2667ee9a,Power BI,Data Analytics,BEGINNER,13.7,False,,,,,,
8ae95213-eafe-4465-a7f7-7c19f623dce2,2789c6bd-2239-4dc8-8346-86bb12f58d2a,SQL,Database,EXPERT,84.8,False,,,,,,
da16f740-00ed-413a-bd95-1ca7e15a877c,2789c6bd-2239-4dc8-8346-86bb12f58d2a,Java,Programming,EXPERT,90.4,True,Udemy,Udemy,2026-06-04,CRED-160847955B,https://credentials.example.com/CRED-160847955B,https://credentials.example.com/CRED-160847955B
650af1ea-ae52-4077-b848-0271f43e11c7,1c02eec3-48fc-4602-9e21-1d3e6895c60b,Linux,Systems,EXPERT,98.0,False,,,,,,
90bebf65-407e-4286-973e-38c8a4846abb,1c02eec3-48fc-4602-9e21-1d3e6895c60b,TensorFlow,AI/ML,INTERMEDIATE,42.9,False,,,,,,
ec383178-0a68-49b3-9e0d-b86a67b76bb3,1c02eec3-48fc-4602-9e21-1d3e6895c60b,React,Web Development,ADVANCED,68.8,True,NPTEL,NPTEL,2026-08-10,CRED-FD2769836E,https://credentials.example.com/CRED-FD2769836E,https://credentials.example.com/CRED-FD2769836E
7c4384a2-05bf-4685-ba3a-b4a9f8ce6f51,1c02eec3-48fc-4602-9e21-1d3e6895c60b,AWS,Cloud,INTERMEDIATE,54.6,False,,,,,,
587be8d1-0a02-4904-b61c-66af1309e06b,9062f31a-8b7f-4fce-a08d-3f2f633e62d8,Machine Learning,AI/ML,BEGINNER,13.1,False,,,,,,
4d14396e-7d10-4e11-87a7-2d53b983c14f,a6379045-c9ee-45e0-91f8-f2b700f4aacf,C++,Programming,ADVANCED,71.8,True,Google,Google,2026-04-03,CRED-9E88135558,https://credentials.example.com/CRED-9E88135558,https://credentials.example.com/CRED-9E88135558
58287dcc-6d89-43b8-bda3-505d5158aa53,a6379045-c9ee-45e0-91f8-f2b700f4aacf,Docker,DevOps,INTERMEDIATE,41.9,True,Google,Google,2025-01-05,CRED-7AD40D13F3,https://credentials.example.com/CRED-7AD40D13F3,https://credentials.example.com/CRED-7AD40D13F3
59c4e6db-dc6c-4bfe-8997-f91a4117388d,a6379045-c9ee-45e0-91f8-f2b700f4aacf,Machine Learning,AI/ML,BEGINNER,11.4,False,,,,,,
ba1581b1-6cbb-4ea4-b261-35268332a682,a6379045-c9ee-45e0-91f8-f2b700f4aacf,Git,Tools,BEGINNER,9.3,False,,,,,,
fe1b1b0c-7e2a-4dc1-9076-e1c40331b2d3,a6379045-c9ee-45e0-91f8-f2b700f4aacf,AWS,Cloud,ADVANCED,85.7,False,,,,,,
56b1813f-1af8-4cb2-89fd-4e881f2fa618,8350f65c-cf75-4886-90aa-208f7020ec0c,Data Structures & Algorithms,Core CS,INTERMEDIATE,56.8,True,NPTEL,NPTEL,2025-01-06,CRED-0719F14F1F,https://credentials.example.com/CRED-0719F14F1F,https://credentials.example.com/CRED-0719F14F1F
963818c6-1511-4d8b-8cd6-d3cd8c180147,8350f65c-cf75-4886-90aa-208f7020ec0c,TensorFlow,AI/ML,INTERMEDIATE,51.1,False,,,,,,
b5663f32-123f-4193-89ab-f5527869519b,8350f65c-cf75-4886-90aa-208f7020ec0c,Java,Programming,ADVANCED,53.5,True,Udemy,Udemy,2026-05-10,CRED-B8DBB0DE64,https://credentials.example.com/CRED-B8DBB0DE64,https://credentials.example.com/CRED-B8DBB0DE64
926a23c5-e344-4c3b-80eb-5eae1768a298,8350f65c-cf75-4886-90aa-208f7020ec0c,Docker,DevOps,ADVANCED,78.8,True,Microsoft,Microsoft,2026-04-01,CRED-26F9D60A6D,https://credentials.example.com/CRED-26F9D60A6D,https://credentials.example.com/CRED-26F9D60A6D
8ece415d-13d1-4d88-a3ab-21b26a5d2105,64323ebd-3996-4f6b-ae80-163979a72f55,Kubernetes,DevOps,ADVANCED,91.6,True,Udemy,Udemy,2026-04-13,CRED-AE59CC293A,https://credentials.example.com/CRED-AE59CC293A,https://credentials.example.com/CRED-AE59CC293A
e512edd2-186d-4a0c-8143-cd80135bc52c,a6618650-e98f-4389-8f8c-6c32d4b35c31,TensorFlow,AI/ML,ADVANCED,93.3,True,Google,Google,2025-08-09,CRED-64E3F39AA0,https://credentials.example.com/CRED-64E3F39AA0,https://credentials.example.com/CRED-64E3F39AA0
abfd3808-45d2-4920-a8d5-3cce62108b15,a6618650-e98f-4389-8f8c-6c32d4b35c31,Data Structures & Algorithms,Core CS,INTERMEDIATE,71.7,False,,,,,,
ad9cfcfa-7931-4ced-892c-816083081129,a6618650-e98f-4389-8f8c-6c32d4b35c31,Machine Learning,AI/ML,INTERMEDIATE,49.1,False,,,,,,
d474af37-e92e-4251-8e6d-68926c509306,a6618650-e98f-4389-8f8c-6c32d4b35c31,C++,Programming,ADVANCED,78.0,True,AWS Training,AWS Training,2025-06-04,CRED-FC1C1537BE,https://credentials.example.com/CRED-FC1C1537BE,https://credentials.example.com/CRED-FC1C1537BE
58c3a610-46e0-43ba-a8df-1dcb12ce86e3,a6618650-e98f-4389-8f8c-6c32d4b35c31,Python,Programming,BEGINNER,22.8,False,,,,,,
f77d6e82-cf1a-40a2-9c60-a8812580679a,96e42048-e57f-407a-a80c-908c5bf91c3a,TensorFlow,AI/ML,ADVANCED,80.6,False,,,,,,
6115eada-d422-44c1-975f-465d8925ec3b,96e42048-e57f-407a-a80c-908c5bf91c3a,React,Web Development,BEGINNER,27.2,False,,,,,,
bad4cc78-fc19-4155-89e1-439fc55bb1ae,cb4109b1-62f0-4b8b-b1cb-053f576e0a2c,Excel,Data Analytics,BEGINNER,30.4,True,AWS Training,AWS Training,2026-06-29,CRED-DEDABB077B,https://credentials.example.com/CRED-DEDABB077B,https://credentials.example.com/CRED-DEDABB077B
022188a8-d71e-4ff2-8f85-ced9ed9029c2,cb4109b1-62f0-4b8b-b1cb-053f576e0a2c,Machine Learning,AI/ML,INTERMEDIATE,50.0,False,,,,,,
db4a63e5-83c5-4a02-aeb6-5366209795e3,cb4109b1-62f0-4b8b-b1cb-053f576e0a2c,Docker,DevOps,BEGINNER,23.2,False,,,,,,
0e29962c-3728-49ee-b65e-03b9e5246100,cb4109b1-62f0-4b8b-b1cb-053f576e0a2c,Linux,Systems,INTERMEDIATE,76.9,False,,,,,,
e59d2cfe-9e94-43a0-afa4-604f591cb1cc,cb4109b1-62f0-4b8b-b1cb-053f576e0a2c,C++,Programming,INTERMEDIATE,46.7,False,,,,,,
5c85400a-99a1-47c8-bd59-8ba03eb5009d,7b30c50a-f7a5-496e-93e1-26c2d0e00a52,Linux,Systems,INTERMEDIATE,69.6,False,,,,,,
eeaaf388-53e9-4670-8b43-4cf27bd46877,7b30c50a-f7a5-496e-93e1-26c2d0e00a52,SQL,Database,EXPERT,74.7,True,Microsoft,Microsoft,2026-02-13,CRED-0163D5E4DA,https://credentials.example.com/CRED-0163D5E4DA,https://credentials.example.com/CRED-0163D5E4DA
47178903-c797-4dbb-b5b2-e6c381a000b3,7b30c50a-f7a5-496e-93e1-26c2d0e00a52,Excel,Data Analytics,INTERMEDIATE,63.6,False,,,,,,
b70f4471-44ab-4b97-a25f-3644b3bd94b8,7b30c50a-f7a5-496e-93e1-26c2d0e00a52,TensorFlow,AI/ML,INTERMEDIATE,43.0,False,,,,,,
85e84f27-e995-42ca-8ffa-89ef6e501b54,7b30c50a-f7a5-496e-93e1-26c2d0e00a52,Kubernetes,DevOps,INTERMEDIATE,45.6,False,,,,,,
361ed57f-7542-4cda-8107-a25ba92c0279,8d60926e-7f4c-4388-ab1f-e336df9a4a4e,Linux,Systems,BEGINNER,18.8,True,Coursera,Coursera,2025-03-29,CRED-2CD0EC1206,https://credentials.example.com/CRED-2CD0EC1206,https://credentials.example.com/CRED-2CD0EC1206
d1b4d0af-d0af-4945-a914-cd500798ef29,8d60926e-7f4c-4388-ab1f-e336df9a4a4e,Machine Learning,AI/ML,BEGINNER,25.5,True,Udemy,Udemy,2026-04-24,CRED-25E36EBD95,https://credentials.example.com/CRED-25E36EBD95,https://credentials.example.com/CRED-25E36EBD95
7ac3a5ba-5912-45ab-81ea-8b23510b079c,8d60926e-7f4c-4388-ab1f-e336df9a4a4e,SQL,Database,ADVANCED,67.6,True,Coursera,Coursera,2025-07-19,CRED-991BD0C324,https://credentials.example.com/CRED-991BD0C324,https://credentials.example.com/CRED-991BD0C324
c6649558-f4c9-43a7-a943-786ca92fe6da,8d60926e-7f4c-4388-ab1f-e336df9a4a4e,Power BI,Data Analytics,ADVANCED,69.8,True,Google,Google,2025-10-27,CRED-379813C1D7,https://credentials.example.com/CRED-379813C1D7,https://credentials.example.com/CRED-379813C1D7
9a766fba-47f7-4090-bc39-067a2ea3d4f0,11b69139-615c-4228-b873-35e1a1129de8,Linux,Systems,BEGINNER,53.1,False,,,,,,
ff0b672c-1e37-4da2-a4bb-2ab9726dfb58,11b69139-615c-4228-b873-35e1a1129de8,Kubernetes,DevOps,ADVANCED,79.0,False,,,,,,
b917af36-8d8e-41ab-9ecb-4e98f4ed23c7,11b69139-615c-4228-b873-35e1a1129de8,Power BI,Data Analytics,ADVANCED,70.2,True,Google,Google,2026-06-11,CRED-2E73271363,https://credentials.example.com/CRED-2E73271363,https://credentials.example.com/CRED-2E73271363
ed6950e9-035b-4dc4-bae2-c3ea63f746e1,21770923-921f-4a6f-a11d-9b03584af01a,Figma,Design,BEGINNER,23.9,False,,,,,,
2d1de29b-4a94-4a36-bf35-6fa7ed4674aa,a878b80e-c659-4726-9ee6-c5bf26b25e52,Deep Learning,AI/ML,BEGINNER,5.0,False,,,,,,
594a4d5a-2255-4f98-a088-b0b10cc3b383,a878b80e-c659-4726-9ee6-c5bf26b25e52,Power BI,Data Analytics,EXPERT,91.3,False,,,,,,
57be2a83-abd6-483f-86f1-2c86fa3636d4,4a44fcea-41d8-4a10-8a7f-22bdbb0a270b,Docker,DevOps,ADVANCED,74.4,True,Udemy,Udemy,2025-05-23,CRED-49D0E18E09,https://credentials.example.com/CRED-49D0E18E09,https://credentials.example.com/CRED-49D0E18E09
8fc4c05e-0d59-497b-a280-192237f19be3,4a44fcea-41d8-4a10-8a7f-22bdbb0a270b,MongoDB,Database,INTERMEDIATE,64.0,False,,,,,,
0bb0d356-1745-4568-b7c5-663ddfeae503,4a44fcea-41d8-4a10-8a7f-22bdbb0a270b,JavaScript,Programming,INTERMEDIATE,57.9,False,,,,,,
2a4e498c-caf7-45cd-adbd-d03cd7c31bff,4a44fcea-41d8-4a10-8a7f-22bdbb0a270b,TensorFlow,AI/ML,INTERMEDIATE,58.4,True,Microsoft,Microsoft,2026-07-17,CRED-07E4F912D5,https://credentials.example.com/CRED-07E4F912D5,https://credentials.example.com/CRED-07E4F912D5
af5bb140-a863-4b6a-902b-e901a266a38d,68cea994-64a6-4b86-b344-0632669b7994,JavaScript,Programming,BEGINNER,46.9,True,NPTEL,NPTEL,2025-11-24,CRED-E60F6DC096,https://credentials.example.com/CRED-E60F6DC096,https://credentials.example.com/CRED-E60F6DC096
62700891-fa2c-40e5-a5c7-9387db472672,68cea994-64a6-4b86-b344-0632669b7994,Python,Programming,ADVANCED,61.6,False,,,,,,
dc1f72da-c8c0-40f0-93a1-dbe3160afdf7,68cea994-64a6-4b86-b344-0632669b7994,Power BI,Data Analytics,INTERMEDIATE,50.0,False,,,,,,
a66af8bc-1983-4446-ba84-023b5d3b5490,68cea994-64a6-4b86-b344-0632669b7994,Kubernetes,DevOps,INTERMEDIATE,54.1,False,,,,,,
892f4d5c-a48b-422c-bda1-e85e9c393fa0,5eb719b3-9ae8-48fe-8966-3b5a861f8eb3,Linux,Systems,EXPERT,93.7,True,NPTEL,NPTEL,2026-05-03,CRED-16942B95CE,https://credentials.example.com/CRED-16942B95CE,https://credentials.example.com/CRED-16942B95CE
e850eb3b-3e7a-4abe-9b95-d9b23fa35560,5eb719b3-9ae8-48fe-8966-3b5a861f8eb3,Figma,Design,EXPERT,100.0,False,,,,,,
71aa7d3b-a17f-4366-870f-6b7a50f6f8b9,5eb719b3-9ae8-48fe-8966-3b5a861f8eb3,Python,Programming,BEGINNER,23.9,False,,,,,,
310bb50f-67bf-43e7-bb02-ffce5f687480,03a9254e-3a48-48c4-b44f-cf60dcb6363b,TensorFlow,AI/ML,BEGINNER,34.9,False,,,,,,
51fcf0e6-23c2-4ff1-8f37-c79b16a60712,03a9254e-3a48-48c4-b44f-cf60dcb6363b,React,Web Development,BEGINNER,23.3,False,,,,,,
522edb0b-843a-46b8-9499-7ddcc251e71c,0fb805bc-da1b-4f41-8989-d39e796d60f9,Excel,Data Analytics,ADVANCED,68.8,False,,,,,,
4b843fa7-5759-401f-be28-cbcb3b376196,0fb805bc-da1b-4f41-8989-d39e796d60f9,Docker,DevOps,BEGINNER,32.2,True,AWS Training,AWS Training,2025-05-12,CRED-3E28D1A037,https://credentials.example.com/CRED-3E28D1A037,https://credentials.example.com/CRED-3E28D1A037
9cadb9f8-0935-4612-8928-778baae535bb,0fb805bc-da1b-4f41-8989-d39e796d60f9,C++,Programming,ADVANCED,83.6,False,,,,,,
120e7887-ba03-4921-ba95-7cd1501e121a,0fb805bc-da1b-4f41-8989-d39e796d60f9,MongoDB,Database,BEGINNER,17.5,False,,,,,,
f30c1929-25e5-45d5-b17d-4147d98eef79,8161add5-3adf-454d-979e-cf2f59e9ddf4,Power BI,Data Analytics,INTERMEDIATE,44.2,False,,,,,,
5607a5ed-32a9-4f77-8a3d-aee8f125ce37,8161add5-3adf-454d-979e-cf2f59e9ddf4,SQL,Database,BEGINNER,51.7,False,,,,,,
f874efe3-e1ca-48a2-99dc-2b1aa644fcd4,986815b7-51bb-448e-b0cc-c10620077b92,AWS,Cloud,INTERMEDIATE,53.7,False,,,,,,
df2a4605-9009-4599-840d-e2c384e95e6b,986815b7-51bb-448e-b0cc-c10620077b92,Power BI,Data Analytics,ADVANCED,86.3,False,,,,,,
2f6bd6e6-dd8d-437c-a4bf-08c36d4cc513,986815b7-51bb-448e-b0cc-c10620077b92,SQL,Database,INTERMEDIATE,61.6,False,,,,,,
30e6f8f7-02d0-461d-af2a-5738709c2749,986815b7-51bb-448e-b0cc-c10620077b92,Deep Learning,AI/ML,BEGINNER,20.5,False,,,,,,
5cb67cea-f738-4ea3-b99d-eec3d09e87bb,986815b7-51bb-448e-b0cc-c10620077b92,MongoDB,Database,INTERMEDIATE,56.7,False,,,,,,
db7a5b27-f94f-4d9e-99c1-1f577e7a0efc,37549ef0-33d1-476d-9275-538d97f020dd,Git,Tools,INTERMEDIATE,64.7,False,,,,,,
67b7759a-10ef-45ab-9f3e-4b040d8a3fcc,37549ef0-33d1-476d-9275-538d97f020dd,React,Web Development,ADVANCED,88.2,False,,,,,,
e7237877-9393-4af1-9380-639f93ed481a,37549ef0-33d1-476d-9275-538d97f020dd,Java,Programming,INTERMEDIATE,50.5,False,,,,,,
31e28b34-ea46-4a97-badf-6e0247be0afb,37549ef0-33d1-476d-9275-538d97f020dd,Docker,DevOps,BEGINNER,44.6,False,,,,,,
8f6780d7-3b6e-4914-bbe3-4249004072ed,7e1364fd-7dde-441d-8ba7-0947e5232737,C++,Programming,BEGINNER,8.9,False,,,,,,
5375ba6b-4b9e-4427-9254-a9aa38939f2c,7e1364fd-7dde-441d-8ba7-0947e5232737,Data Structures & Algorithms,Core CS,BEGINNER,23.7,True,AWS Training,AWS Training,2025-09-25,CRED-A1F36578F1,https://credentials.example.com/CRED-A1F36578F1,https://credentials.example.com/CRED-A1F36578F1
cd8899df-06be-4d10-a034-b074ddd4d0b7,7e1364fd-7dde-441d-8ba7-0947e5232737,React,Web Development,ADVANCED,96.7,True,NPTEL,NPTEL,2025-02-05,CRED-1FD2EA5F2E,https://credentials.example.com/CRED-1FD2EA5F2E,https://credentials.example.com/CRED-1FD2EA5F2E
40dfb60f-250d-4433-965d-dc3c0b65f03b,9d3378c3-d3dc-418c-bff0-e2831854879f,Machine Learning,AI/ML,INTERMEDIATE,47.6,False,,,,,,
a50f1f28-b240-4e72-975d-06b47ec93f57,9d3378c3-d3dc-418c-bff0-e2831854879f,Excel,Data Analytics,INTERMEDIATE,57.2,False,,,,,,
40566c48-c2ab-45e4-b0a0-402c5168a41c,9d3378c3-d3dc-418c-bff0-e2831854879f,Data Structures & Algorithms,Core CS,ADVANCED,72.5,False,,,,,,
530d619c-e11a-43e2-ab20-ab34a8165b39,9d3378c3-d3dc-418c-bff0-e2831854879f,Java,Programming,BEGINNER,40.2,False,,,,,,
556ef0c2-af09-42d5-89c6-d9cc961dee5f,e73c1897-995d-4477-ba2b-fa5225940244,Kubernetes,DevOps,BEGINNER,47.0,False,,,,,,
6b6cd81e-79e2-48a7-babe-f0ad31be6d2a,e73c1897-995d-4477-ba2b-fa5225940244,Deep Learning,AI/ML,ADVANCED,90.6,True,Google,Google,2026-07-21,CRED-3B81DA4998,https://credentials.example.com/CRED-3B81DA4998,https://credentials.example.com/CRED-3B81DA4998
74c6d176-4a13-4e95-88ef-07d0ffbbc75d,e73c1897-995d-4477-ba2b-fa5225940244,Java,Programming,INTERMEDIATE,29.7,False,,,,,,
1cc795c4-d624-40dd-b821-06dc17c7ba72,e73c1897-995d-4477-ba2b-fa5225940244,Docker,DevOps,INTERMEDIATE,48.4,False,,,,,,
dc5d71dd-42ec-45d3-8596-5e0cb935e949,f56e1cba-b38d-4c6a-a91e-e0776085cdd4,SQL,Database,EXPERT,92.0,False,,,,,,
df64265d-398d-438d-af7c-82074877742f,f56e1cba-b38d-4c6a-a91e-e0776085cdd4,Kubernetes,DevOps,BEGINNER,32.5,False,,,,,,
777ceaa8-65fb-49c0-9eb7-c5e7eb105617,8d92fb12-f747-4901-85f2-9b3375801a5d,Java,Programming,INTERMEDIATE,62.6,False,,,,,,
394a4054-8a4e-47bb-af05-246152853739,8d92fb12-f747-4901-85f2-9b3375801a5d,Docker,DevOps,BEGINNER,31.4,False,,,,,,
38975c70-a73b-4613-b804-baf27251e6f8,8d92fb12-f747-4901-85f2-9b3375801a5d,Kubernetes,DevOps,INTERMEDIATE,40.7,False,,,,,,
1ff9ac10-0dde-4712-85ef-6be81b527dfd,e3903719-736d-4fb0-a549-5897d75a939d,Java,Programming,INTERMEDIATE,45.6,True,Microsoft,Microsoft,2026-07-27,CRED-3021FD711E,https://credentials.example.com/CRED-3021FD711E,https://credentials.example.com/CRED-3021FD711E
afa2086e-64d1-477b-8e7a-376174af3517,e3903719-736d-4fb0-a549-5897d75a939d,Git,Tools,EXPERT,86.6,False,,,,,,
dfcd72b9-5ce0-421c-ba9b-b00e1c3d12dc,39a2e5ab-bbdb-4b2c-8fec-26a46d63c11e,Node.js,Web Development,INTERMEDIATE,62.2,False,,,,,,
2c9f14b3-b502-443a-87ef-975c01e9d1ba,39a2e5ab-bbdb-4b2c-8fec-26a46d63c11e,MongoDB,Database,ADVANCED,84.7,True,Udemy,Udemy,2025-03-30,CRED-4862E4D8EB,https://credentials.example.com/CRED-4862E4D8EB,https://credentials.example.com/CRED-4862E4D8EB
25089314-3b64-48a4-91f2-afd4af161247,39a2e5ab-bbdb-4b2c-8fec-26a46d63c11e,Docker,DevOps,BEGINNER,9.7,False,,,,,,
178a82a1-350b-4884-bdbb-b02e8e772441,5d7bebb8-d7a3-4abf-a617-78ede5033f7a,MongoDB,Database,INTERMEDIATE,47.2,False,,,,,,
dfabcba6-ad06-4f43-a8e0-9c0a8f6af67f,5d7bebb8-d7a3-4abf-a617-78ede5033f7a,Node.js,Web Development,BEGINNER,14.8,True,NPTEL,NPTEL,2025-10-05,CRED-5AFEF75483,https://credentials.example.com/CRED-5AFEF75483,https://credentials.example.com/CRED-5AFEF75483
dcfc8eef-8a8d-4fbf-b727-90139b350007,5d7bebb8-d7a3-4abf-a617-78ede5033f7a,Power BI,Data Analytics,BEGINNER,22.8,True,Microsoft,Microsoft,2025-04-02,CRED-9305FDF254,https://credentials.example.com/CRED-9305FDF254,https://credentials.example.com/CRED-9305FDF254
45cbb78b-8a64-48e5-8dfc-1e699ab28dfd,5d7bebb8-d7a3-4abf-a617-78ede5033f7a,C++,Programming,INTERMEDIATE,47.9,False,,,,,,
ad71e1f0-744b-49db-918d-317b7d7445b0,c6642238-0456-44fa-b2aa-8d390207d189,Node.js,Web Development,BEGINNER,19.4,False,,,,,,
e27859ab-48f5-4bab-b1fa-d4078fee9122,c6642238-0456-44fa-b2aa-8d390207d189,C++,Programming,BEGINNER,14.6,False,,,,,,
7e41b944-79ee-4253-8158-e5197d5fbec5,c6642238-0456-44fa-b2aa-8d390207d189,Git,Tools,BEGINNER,23.8,False,,,,,,
bd00eaf3-bbb2-4c43-ba52-225b0174deb8,53826ec6-a689-46d9-b820-5e4e0359a8ca,Power BI,Data Analytics,ADVANCED,80.5,True,Microsoft,Microsoft,2026-06-23,CRED-AEBE16FF41,https://credentials.example.com/CRED-AEBE16FF41,https://credentials.example.com/CRED-AEBE16FF41
4adfb052-3618-4da9-a599-31e8d4f7493b,cadf39c2-ac07-4319-8d15-5a772c56fd46,TensorFlow,AI/ML,BEGINNER,21.3,False,,,,,,
1af515ed-71b4-4e83-b857-2a071fa837b5,cadf39c2-ac07-4319-8d15-5a772c56fd46,Deep Learning,AI/ML,INTERMEDIATE,57.7,False,,,,,,
7f4d1669-b9fe-4493-acea-7763cead513e,cadf39c2-ac07-4319-8d15-5a772c56fd46,Kubernetes,DevOps,BEGINNER,43.2,False,,,,,,
a841b9fc-2800-4be8-9c08-d2b832e50287,b1697047-3d6a-4958-a273-753616c890dc,Excel,Data Analytics,ADVANCED,64.6,True,Google,Google,2026-03-25,CRED-562221ECEC,https://credentials.example.com/CRED-562221ECEC,https://credentials.example.com/CRED-562221ECEC
af9c5477-2cb6-483e-be26-cdfa376b0c23,b1697047-3d6a-4958-a273-753616c890dc,SQL,Database,BEGINNER,36.2,True,NPTEL,NPTEL,2025-12-03,CRED-CD7D1E1B24,https://credentials.example.com/CRED-CD7D1E1B24,https://credentials.example.com/CRED-CD7D1E1B24
f541b0c7-dfe0-4c79-808b-f2d4c29ad1ce,b1697047-3d6a-4958-a273-753616c890dc,Figma,Design,INTERMEDIATE,47.3,False,,,,,,
3ed40d37-943a-4c03-a907-bba4585a3524,b1697047-3d6a-4958-a273-753616c890dc,JavaScript,Programming,ADVANCED,79.3,False,,,,,,
5c2c2c36-4782-49bc-adfc-0b334b17e756,4742cea8-82bc-451a-8d7a-1617a60442f7,Node.js,Web Development,INTERMEDIATE,80.4,False,,,,,,
e867b72f-c279-4eea-97f8-c1e6cabddc50,4742cea8-82bc-451a-8d7a-1617a60442f7,Kubernetes,DevOps,INTERMEDIATE,53.2,True,Google,Google,2025-02-08,CRED-FB4765229B,https://credentials.example.com/CRED-FB4765229B,https://credentials.example.com/CRED-FB4765229B
49d392a5-7a3b-4e47-b85b-2dacf44d0116,4742cea8-82bc-451a-8d7a-1617a60442f7,Linux,Systems,INTERMEDIATE,67.5,False,,,,,,
dfb580a2-6bce-48bf-9b12-4f3d185f328c,335af58e-3979-4d2a-b954-d8efa06b142c,TensorFlow,AI/ML,ADVANCED,76.7,False,,,,,,
6237d4e3-2425-4c8a-8626-5631bc1930fb,335af58e-3979-4d2a-b954-d8efa06b142c,Node.js,Web Development,INTERMEDIATE,77.5,False,,,,,,
a1d957b7-b186-410d-afb5-701a63532533,335af58e-3979-4d2a-b954-d8efa06b142c,Python,Programming,INTERMEDIATE,51.6,True,Microsoft,Microsoft,2025-01-16,CRED-7A0D8D57D4,https://credentials.example.com/CRED-7A0D8D57D4,https://credentials.example.com/CRED-7A0D8D57D4
bfb3bc5f-2f29-4b33-8d78-e7779846136c,335af58e-3979-4d2a-b954-d8efa06b142c,React,Web Development,BEGINNER,16.0,False,,,,,,
fed4e068-117c-48c7-b9b6-80d342aee283,4b9a07e7-79b2-4971-9703-c3d2a3679d40,Kubernetes,DevOps,INTERMEDIATE,49.5,False,,,,,,
907b615f-a60d-4106-90e9-b9f74afea2ea,4b9a07e7-79b2-4971-9703-c3d2a3679d40,C++,Programming,ADVANCED,59.4,True,Google,Google,2025-12-26,CRED-E0D059DF9C,https://credentials.example.com/CRED-E0D059DF9C,https://credentials.example.com/CRED-E0D059DF9C
38e0e3da-4811-4ea3-b67e-5af3dacd6f92,51149241-b68b-4cb2-82a6-759e074803ea,AWS,Cloud,INTERMEDIATE,52.9,False,,,,,,
67bcacb4-7ed3-49fe-abc8-4a43083216c0,51149241-b68b-4cb2-82a6-759e074803ea,Git,Tools,INTERMEDIATE,62.1,False,,,,,,
668ff835-8d62-4cc1-aabd-a2e4592a96df,51149241-b68b-4cb2-82a6-759e074803ea,Figma,Design,INTERMEDIATE,60.3,False,,,,,,
ab4b2f8f-7a51-45a2-a65d-060014edd9f7,51149241-b68b-4cb2-82a6-759e074803ea,Linux,Systems,BEGINNER,43.1,True,NPTEL,NPTEL,2025-08-02,CRED-9696AE7ACF,https://credentials.example.com/CRED-9696AE7ACF,https://credentials.example.com/CRED-9696AE7ACF
2c453f5c-7442-479b-90ae-d2283f61a08b,51149241-b68b-4cb2-82a6-759e074803ea,Machine Learning,AI/ML,ADVANCED,83.4,True,NPTEL,NPTEL,2025-07-15,CRED-9E175F7436,https://credentials.example.com/CRED-9E175F7436,https://credentials.example.com/CRED-9E175F7436
eb0adc24-2c30-4e49-962e-c68933c12dec,8dbcc77d-3cd7-44c5-a33f-06c8eef3e820,Data Structures & Algorithms,Core CS,ADVANCED,87.8,True,Udemy,Udemy,2025-12-07,CRED-5111171857,https://credentials.example.com/CRED-5111171857,https://credentials.example.com/CRED-5111171857
cbb52a53-f5d3-485e-a860-26a9634dce29,8dbcc77d-3cd7-44c5-a33f-06c8eef3e820,MongoDB,Database,BEGINNER,29.9,False,,,,,,
06435c46-ee89-4a4a-97c2-c3af327320f9,8dbcc77d-3cd7-44c5-a33f-06c8eef3e820,Power BI,Data Analytics,INTERMEDIATE,66.9,False,,,,,,
c542db3e-a0a9-4136-9698-16da172c4e84,8dbcc77d-3cd7-44c5-a33f-06c8eef3e820,Git,Tools,BEGINNER,34.2,False,,,,,,
b92cb53b-38fe-422f-876a-ec17f89184e2,e4915405-4783-4351-a245-ef87e9424594,React,Web Development,INTERMEDIATE,47.3,False,,,,,,
447f1be6-3f9b-4009-9481-572088f3a730,e4915405-4783-4351-a245-ef87e9424594,Node.js,Web Development,BEGINNER,37.4,False,,,,,,
fb488dcf-f46e-426b-9d79-da9d1a197c4c,e4915405-4783-4351-a245-ef87e9424594,JavaScript,Programming,INTERMEDIATE,80.5,False,,,,,,
e9072753-77aa-462e-af98-f5fa4bc72949,e4915405-4783-4351-a245-ef87e9424594,Linux,Systems,EXPERT,100.0,False,,,,,,
4cb84a08-9bcb-4f34-b391-0ee18bd1ff19,e4915405-4783-4351-a245-ef87e9424594,C++,Programming,BEGINNER,12.9,False,,,,,,
4f9ad934-f21a-4ac5-92b8-ea9f915ddddb,5a454b5e-09ef-41e5-99ab-a798fed98b9b,Power BI,Data Analytics,ADVANCED,69.1,True,NPTEL,NPTEL,2026-06-05,CRED-1BF583B41E,https://credentials.example.com/CRED-1BF583B41E,https://credentials.example.com/CRED-1BF583B41E
cb9ecd06-480e-4bad-a79e-bf707e8297bc,50eb809a-0c1a-4f40-a68f-e6d652d82df5,JavaScript,Programming,INTERMEDIATE,50.1,False,,,,,,
4616675c-15ca-427f-a398-41bcc234e504,50eb809a-0c1a-4f40-a68f-e6d652d82df5,C++,Programming,ADVANCED,93.0,False,,,,,,
5d479477-9acd-4a2e-82ad-68136a3e297d,50eb809a-0c1a-4f40-a68f-e6d652d82df5,MongoDB,Database,EXPERT,100.0,True,Udemy,Udemy,2025-06-30,CRED-78BC2B1377,https://credentials.example.com/CRED-78BC2B1377,https://credentials.example.com/CRED-78BC2B1377
3577b832-3853-49a6-b9f5-fa2f8ef4a910,50eb809a-0c1a-4f40-a68f-e6d652d82df5,Machine Learning,AI/ML,BEGINNER,35.0,False,,,,,,
b7f2af50-ac8e-48fe-b8b3-3875c78e1d9c,50eb809a-0c1a-4f40-a68f-e6d652d82df5,Deep Learning,AI/ML,INTERMEDIATE,74.5,True,Coursera,Coursera,2026-07-24,CRED-F9DDBAA1A7,https://credentials.example.com/CRED-F9DDBAA1A7,https://credentials.example.com/CRED-F9DDBAA1A7
0b7868a4-f4eb-4745-bc46-941e12670c8a,4386fcdb-3519-4874-9281-8aac1945fbd1,SQL,Database,INTERMEDIATE,45.7,False,,,,,,
9e5d1bec-3316-4778-a142-4b30ba10dac5,4386fcdb-3519-4874-9281-8aac1945fbd1,Docker,DevOps,ADVANCED,95.5,True,Google,Google,2025-09-06,CRED-B009519637,https://credentials.example.com/CRED-B009519637,https://credentials.example.com/CRED-B009519637
d8daaf8e-04d7-42f4-8bfc-d38da704d0c9,4386fcdb-3519-4874-9281-8aac1945fbd1,Linux,Systems,BEGINNER,38.8,False,,,,,,
1209e429-2552-4ad9-85c9-e00fc6b1aded,4386fcdb-3519-4874-9281-8aac1945fbd1,Machine Learning,AI/ML,BEGINNER,54.6,False,,,,,,
99741c02-818e-40a4-b1eb-ed520e9d981f,4386fcdb-3519-4874-9281-8aac1945fbd1,Java,Programming,INTERMEDIATE,65.6,False,,,,,,
2121046c-ff97-4df0-8fbc-13913808432d,7bf0be70-6df2-479d-b470-bb3581a74893,Kubernetes,DevOps,INTERMEDIATE,34.1,True,Udemy,Udemy,2025-12-08,CRED-C9144D8765,https://credentials.example.com/CRED-C9144D8765,https://credentials.example.com/CRED-C9144D8765
a675036f-3462-4cbf-b742-bef6acc47184,7bf0be70-6df2-479d-b470-bb3581a74893,C++,Programming,BEGINNER,21.1,False,,,,,,
acf9e4e0-9433-4a69-ba4d-d52a1bbb5c90,7bf0be70-6df2-479d-b470-bb3581a74893,Figma,Design,ADVANCED,73.9,True,Coursera,Coursera,2026-02-03,CRED-AEDD4418FD,https://credentials.example.com/CRED-AEDD4418FD,https://credentials.example.com/CRED-AEDD4418FD
e6d8a6d0-2a96-4de4-a18a-2988d72ed193,7bf0be70-6df2-479d-b470-bb3581a74893,Git,Tools,ADVANCED,93.6,True,NPTEL,NPTEL,2025-05-01,CRED-8A968D639A,https://credentials.example.com/CRED-8A968D639A,https://credentials.example.com/CRED-8A968D639A
6adc1319-c7e4-41ec-83ea-8253630228a6,929aacb4-8848-41d5-826b-198fd38c282c,Excel,Data Analytics,BEGINNER,19.1,False,,,,,,
27cd9c49-f3b5-481c-8c93-a97aafd1d51f,929aacb4-8848-41d5-826b-198fd38c282c,Machine Learning,AI/ML,BEGINNER,34.1,False,,,,,,
315feb0b-036b-4074-ad31-9177be5807fb,5760b456-3ca1-4a60-8276-caf174ac145c,JavaScript,Programming,BEGINNER,19.7,False,,,,,,
a49caebf-543b-4f5c-8c92-76c48aa68716,5760b456-3ca1-4a60-8276-caf174ac145c,Node.js,Web Development,EXPERT,84.6,True,Coursera,Coursera,2025-04-20,CRED-DDC14340C9,https://credentials.example.com/CRED-DDC14340C9,https://credentials.example.com/CRED-DDC14340C9
a173216a-3618-4c08-a55a-b9601ae44e5a,5760b456-3ca1-4a60-8276-caf174ac145c,Figma,Design,BEGINNER,26.6,False,,,,,,
45f1cfec-de5c-4d0c-98b2-6c3df1a717d1,5760b456-3ca1-4a60-8276-caf174ac145c,Data Structures & Algorithms,Core CS,ADVANCED,78.8,False,,,,,,
429cff8b-dc56-4b45-b1eb-053a53056f18,545a7be8-63a6-49f9-82ba-15c729e970ef,Deep Learning,AI/ML,INTERMEDIATE,34.9,False,,,,,,
1bae16d7-2321-4a91-b023-1fb1385d1feb,545a7be8-63a6-49f9-82ba-15c729e970ef,Node.js,Web Development,ADVANCED,75.5,False,,,,,,
0fb1f3e7-1cd6-497d-a46b-8fad4de32353,545a7be8-63a6-49f9-82ba-15c729e970ef,Excel,Data Analytics,BEGINNER,9.5,False,,,,,,
f0ffa0f4-8242-44ed-acd7-72400a7f25cf,9f4f4382-b43c-43f7-afd6-7f42cc95e525,JavaScript,Programming,INTERMEDIATE,53.4,False,,,,,,
965e788c-135a-4e94-ad9a-d2df9646055d,5c99da36-6987-4c0f-91ea-c1c3447edd36,Power BI,Data Analytics,ADVANCED,84.5,True,Google,Google,2025-01-09,CRED-97760038C9,https://credentials.example.com/CRED-97760038C9,https://credentials.example.com/CRED-97760038C9
49f61e05-8696-40c6-8439-c0ef7f264524,5c99da36-6987-4c0f-91ea-c1c3447edd36,React,Web Development,BEGINNER,33.3,False,,,,,,
81c2ee47-c027-4545-9155-f3aa9d36975a,5c99da36-6987-4c0f-91ea-c1c3447edd36,Kubernetes,DevOps,ADVANCED,94.5,False,,,,,,
6cf05a5c-169e-47e6-a852-e27ffba5d425,5c99da36-6987-4c0f-91ea-c1c3447edd36,SQL,Database,INTERMEDIATE,55.3,False,,,,,,
55620e08-0a39-4bdc-b919-02c2b8c724bc,3f481443-2b77-478b-ba13-0edd65a0ef94,JavaScript,Programming,BEGINNER,44.0,True,Coursera,Coursera,2026-02-22,CRED-81607F7AE7,https://credentials.example.com/CRED-81607F7AE7,https://credentials.example.com/CRED-81607F7AE7
354d163d-001a-480b-b034-8a6c5b64569d,3f481443-2b77-478b-ba13-0edd65a0ef94,Linux,Systems,ADVANCED,90.8,True,Google,Google,2025-04-04,CRED-C476971CF9,https://credentials.example.com/CRED-C476971CF9,https://credentials.example.com/CRED-C476971CF9
5e309958-42ee-44c5-954e-b7aa1d538544,c55164d5-fe26-43d4-8621-eac81ae95fc2,React,Web Development,ADVANCED,78.0,True,AWS Training,AWS Training,2025-02-09,CRED-7C1CFE096E,https://credentials.example.com/CRED-7C1CFE096E,https://credentials.example.com/CRED-7C1CFE096E
0b7476da-dd07-4d2a-b9c6-a1b782bd821c,c55164d5-fe26-43d4-8621-eac81ae95fc2,MongoDB,Database,INTERMEDIATE,65.4,False,,,,,,
89b94830-42c2-42ac-877c-d72146054ae6,c55164d5-fe26-43d4-8621-eac81ae95fc2,Java,Programming,ADVANCED,65.6,False,,,,,,
fcff33f0-fa7c-4155-9dd2-4dc2ca89820c,c55164d5-fe26-43d4-8621-eac81ae95fc2,Docker,DevOps,ADVANCED,94.7,False,,,,,,
40fd9f97-fa7a-4fce-acaf-34163f59c723,9a194e6c-e199-4b1d-b6bc-4c7f14f60129,Power BI,Data Analytics,INTERMEDIATE,35.9,True,AWS Training,AWS Training,2026-05-03,CRED-A3F1A59BFB,https://credentials.example.com/CRED-A3F1A59BFB,https://credentials.example.com/CRED-A3F1A59BFB
df432a73-0e8a-4590-b0c5-3e657297538c,80febf64-2e57-463f-996b-9e3a109abe5b,AWS,Cloud,BEGINNER,33.2,True,Microsoft,Microsoft,2026-01-10,CRED-3A5BD45835,https://credentials.example.com/CRED-3A5BD45835,https://credentials.example.com/CRED-3A5BD45835
7aab7b5b-89a7-4c53-9ae8-07f4103f0930,80febf64-2e57-463f-996b-9e3a109abe5b,React,Web Development,ADVANCED,67.7,True,NPTEL,NPTEL,2026-05-22,CRED-0EFFDA70C1,https://credentials.example.com/CRED-0EFFDA70C1,https://credentials.example.com/CRED-0EFFDA70C1
101bdd24-a05e-4f0f-8417-261bdb1e482d,9c91ebe5-f3dd-4506-a5ec-ff759eb6822a,Data Structures & Algorithms,Core CS,BEGINNER,51.6,False,,,,,,
b5d84d33-3e27-43ea-9ee5-4da10d25952b,9c91ebe5-f3dd-4506-a5ec-ff759eb6822a,C++,Programming,INTERMEDIATE,64.8,False,,,,,,
017b7c85-2dab-461e-ac8a-774dd577ee87,9c91ebe5-f3dd-4506-a5ec-ff759eb6822a,MongoDB,Database,INTERMEDIATE,50.4,False,,,,,,
85d5cdf1-7fa5-41a4-b175-dcffbc171302,9c91ebe5-f3dd-4506-a5ec-ff759eb6822a,Python,Programming,BEGINNER,35.7,False,,,,,,
499bb0a7-02f3-44f9-8169-c692d298832d,9c91ebe5-f3dd-4506-a5ec-ff759eb6822a,Figma,Design,BEGINNER,34.4,True,Coursera,Coursera,2025-03-26,CRED-9B3D226585,https://credentials.example.com/CRED-9B3D226585,https://credentials.example.com/CRED-9B3D226585
efb17356-cce8-41d1-be3a-746a85d175af,f6b78c99-0303-4774-8547-d43ef73ac4bb,Docker,DevOps,ADVANCED,71.0,False,,,,,,
90293063-f301-4a12-923c-26fdc3343068,f6b78c99-0303-4774-8547-d43ef73ac4bb,JavaScript,Programming,INTERMEDIATE,43.3,False,,,,,,
7ccac520-ac41-4474-b84a-ebe772dc7e34,f6b78c99-0303-4774-8547-d43ef73ac4bb,Data Structures & Algorithms,Core CS,BEGINNER,29.9,False,,,,,,
57aeb8c3-5d89-4184-9038-37890808570f,f6b78c99-0303-4774-8547-d43ef73ac4bb,Node.js,Web Development,INTERMEDIATE,51.0,True,Google,Google,2026-01-29,CRED-3DD15B60E7,https://credentials.example.com/CRED-3DD15B60E7,https://credentials.example.com/CRED-3DD15B60E7
a47ece33-a5ec-4bb9-8f12-3256c5083da5,f6b78c99-0303-4774-8547-d43ef73ac4bb,Deep Learning,AI/ML,BEGINNER,12.3,False,,,,,,
5c45d72f-4af1-4995-bfa6-d5473369cc78,9892295e-580a-46c4-a44c-cd835411bf76,Data Structures & Algorithms,Core CS,BEGINNER,30.8,True,Coursera,Coursera,2026-03-05,CRED-E99911F32E,https://credentials.example.com/CRED-E99911F32E,https://credentials.example.com/CRED-E99911F32E
9224d5cd-f83d-4140-adb4-a26b146b1785,dbbe3465-694d-4fc3-8214-7195c6034655,Data Structures & Algorithms,Core CS,BEGINNER,13.5,True,NPTEL,NPTEL,2025-05-29,CRED-2076C9C76B,https://credentials.example.com/CRED-2076C9C76B,https://credentials.example.com/CRED-2076C9C76B
8a1bc225-d314-4053-9f3d-11948b677e92,dbbe3465-694d-4fc3-8214-7195c6034655,Linux,Systems,ADVANCED,90.6,True,Google,Google,2026-01-12,CRED-2ED6A96AB7,https://credentials.example.com/CRED-2ED6A96AB7,https://credentials.example.com/CRED-2ED6A96AB7
7cf9cfe0-2ae3-4a92-9ef8-5c62c639557c,dbbe3465-694d-4fc3-8214-7195c6034655,Deep Learning,AI/ML,INTERMEDIATE,64.4,False,,,,,,
071d48fe-46f9-40a6-830f-85ca8d64de12,dbbe3465-694d-4fc3-8214-7195c6034655,Kubernetes,DevOps,BEGINNER,43.2,False,,,,,,
c36a79eb-d51f-40ee-854f-cc03b94876fc,dbbe3465-694d-4fc3-8214-7195c6034655,Node.js,Web Development,EXPERT,94.0,True,Udemy,Udemy,2026-01-25,CRED-C44775E29A,https://credentials.example.com/CRED-C44775E29A,https://credentials.example.com/CRED-C44775E29A
4f6514ea-0cd3-45e8-a8f1-a39a2687f9a8,125db4c4-4e53-4c42-857b-9e2f5ea35ae2,TensorFlow,AI/ML,INTERMEDIATE,57.2,False,,,,,,
993305f0-289b-4f40-a916-a1e314064793,ba709e3b-7a4f-49ed-a2b3-8f573f4f06e8,C++,Programming,INTERMEDIATE,53.2,False,,,,,,
5ca608de-7bf6-478c-adca-0a04a909ba74,ba709e3b-7a4f-49ed-a2b3-8f573f4f06e8,Figma,Design,ADVANCED,82.5,True,Coursera,Coursera,2025-09-10,CRED-DEEB42099D,https://credentials.example.com/CRED-DEEB42099D,https://credentials.example.com/CRED-DEEB42099D
30543684-2ff6-4b66-a964-87bd64c5c1a3,47e15ebf-3fe3-4f47-a31e-070a0ffd9c90,AWS,Cloud,BEGINNER,20.6,False,,,,,,
bac30266-0a5b-4143-ac75-c30ede375f70,47e15ebf-3fe3-4f47-a31e-070a0ffd9c90,React,Web Development,INTERMEDIATE,43.1,False,,,,,,
180a7bd3-2704-4d85-a37e-37b692e7835a,92c83e9c-7805-4331-b1dc-5ae8d93f90c1,SQL,Database,INTERMEDIATE,57.1,False,,,,,,
d39fb7dd-2230-49d0-a6de-aaac698c894e,92c83e9c-7805-4331-b1dc-5ae8d93f90c1,Excel,Data Analytics,BEGINNER,43.2,False,,,,,,
2bb4f863-dd09-46b5-a004-e7195a1e4a6e,92c83e9c-7805-4331-b1dc-5ae8d93f90c1,MongoDB,Database,BEGINNER,39.9,False,,,,,,
385f2e1a-ac35-4be1-ace1-9c6c764ae02e,92c83e9c-7805-4331-b1dc-5ae8d93f90c1,React,Web Development,BEGINNER,48.3,False,,,,,,
ae44693f-9be5-4925-a081-cb036fae3ec4,9f545a85-3bc1-482c-a992-727ba0d9e010,Data Structures & Algorithms,Core CS,INTERMEDIATE,49.7,True,Microsoft,Microsoft,2026-05-17,CRED-4B47799D3E,https://credentials.example.com/CRED-4B47799D3E,https://credentials.example.com/CRED-4B47799D3E
7c29880f-994a-4027-badd-a558becaf360,d0b60c6f-7009-4b51-912f-efa832392c26,Data Structures & Algorithms,Core CS,BEGINNER,44.9,False,,,,,,
863a8b0f-63c9-4fef-bc31-5785a1afecfc,d0b60c6f-7009-4b51-912f-efa832392c26,AWS,Cloud,INTERMEDIATE,51.5,True,Microsoft,Microsoft,2026-04-06,CRED-CDF25BA6FC,https://credentials.example.com/CRED-CDF25BA6FC,https://credentials.example.com/CRED-CDF25BA6FC
1b0f34e8-a8ff-4d22-8a3b-ab7730c2613e,d0b60c6f-7009-4b51-912f-efa832392c26,Node.js,Web Development,ADVANCED,88.4,True,Coursera,Coursera,2025-08-27,CRED-90A3133FB6,https://credentials.example.com/CRED-90A3133FB6,https://credentials.example.com/CRED-90A3133FB6
9319c2ff-50ed-41e2-ba4c-3920b20d6857,d0b60c6f-7009-4b51-912f-efa832392c26,Java,Programming,BEGINNER,40.4,False,,,,,,
ce52d826-88a0-4db9-ad8a-9032d04cc313,d0b60c6f-7009-4b51-912f-efa832392c26,Power BI,Data Analytics,EXPERT,91.9,False,,,,,,
cf70979d-db25-4751-bf5d-b652b3cc9104,2e2b1ef9-16ac-4184-aa15-e1150f6ac482,Power BI,Data Analytics,INTERMEDIATE,51.9,True,Coursera,Coursera,2026-05-25,CRED-D0ACD3842C,https://credentials.example.com/CRED-D0ACD3842C,https://credentials.example.com/CRED-D0ACD3842C
975fb248-e64c-47f5-a815-323ca3536452,2e2b1ef9-16ac-4184-aa15-e1150f6ac482,Machine Learning,AI/ML,INTERMEDIATE,81.0,False,,,,,,
6cb86656-6e3d-40cc-962f-f0651fb0c1dd,2e2b1ef9-16ac-4184-aa15-e1150f6ac482,AWS,Cloud,BEGINNER,41.3,True,NPTEL,NPTEL,2026-01-21,CRED-FAB4D2B6A9,https://credentials.example.com/CRED-FAB4D2B6A9,https://credentials.example.com/CRED-FAB4D2B6A9
34cdabd2-3841-42b8-a567-592f253f51e7,2e2b1ef9-16ac-4184-aa15-e1150f6ac482,Docker,DevOps,INTERMEDIATE,37.3,False,,,,,,
7b09bbb9-bb8a-4612-b34c-9afcedcf3ca0,af9854a3-9ec9-44ff-83f1-834da464c382,Node.js,Web Development,INTERMEDIATE,64.9,False,,,,,,
d0b2fb5a-48f9-4343-b73b-b2b83520b663,af9854a3-9ec9-44ff-83f1-834da464c382,Deep Learning,AI/ML,INTERMEDIATE,59.2,True,Coursera,Coursera,2026-08-01,CRED-70D1531798,https://credentials.example.com/CRED-70D1531798,https://credentials.example.com/CRED-70D1531798
e45e3f01-6691-4d26-aae3-9f541e246d5e,37d57dad-e268-4057-8a72-d0f484cfb87d,Deep Learning,AI/ML,BEGINNER,43.3,False,,,,,,
7fd887ad-8cd6-4a34-956b-97ffe9cc213e,37d57dad-e268-4057-8a72-d0f484cfb87d,Kubernetes,DevOps,EXPERT,85.4,False,,,,,,
48c6d83a-65fe-47db-92c8-705671448375,f520acfc-42f8-4810-9793-1442a4009adf,Docker,DevOps,INTERMEDIATE,46.0,False,,,,,,
177a7299-9bc8-42b0-91bd-c34815f28d9a,f520acfc-42f8-4810-9793-1442a4009adf,Figma,Design,INTERMEDIATE,37.4,True,Google,Google,2025-04-19,CRED-AA4FDA367C,https://credentials.example.com/CRED-AA4FDA367C,https://credentials.example.com/CRED-AA4FDA367C
527b3a60-b4e5-4504-94d3-f9064b9d1202,f520acfc-42f8-4810-9793-1442a4009adf,React,Web Development,BEGINNER,37.3,False,,,,,,
10de4bec-dcf1-4e95-8b21-546a81511dba,de59e297-4917-4419-9ea9-993422cefcf2,MongoDB,Database,BEGINNER,18.4,False,,,,,,
4193aa65-9e8f-4efd-88e2-d24782699b00,de59e297-4917-4419-9ea9-993422cefcf2,Deep Learning,AI/ML,ADVANCED,69.4,True,Coursera,Coursera,2026-05-30,CRED-0DF8F2341A,https://credentials.example.com/CRED-0DF8F2341A,https://credentials.example.com/CRED-0DF8F2341A
3e0b51a5-d932-49f9-b5f4-c87bc9f49d0e,462f96fa-ebb2-43c1-a1a7-90d65999932b,Docker,DevOps,BEGINNER,17.4,False,,,,,,
fd3f6963-a1b3-4c46-8ac1-858bdde8339d,462f96fa-ebb2-43c1-a1a7-90d65999932b,Java,Programming,BEGINNER,7.1,False,,,,,,
f06cc316-00f6-49f1-b265-a5d42781ca8f,462f96fa-ebb2-43c1-a1a7-90d65999932b,Data Structures & Algorithms,Core CS,BEGINNER,34.4,False,,,,,,
da035ad3-c2db-4d65-b4ea-59bc7c5ae32b,462f96fa-ebb2-43c1-a1a7-90d65999932b,Machine Learning,AI/ML,ADVANCED,97.7,False,,,,,,
607f6da1-a985-4d0b-82cf-222ebcca90e5,61ce7a25-8966-4297-b408-3fb30cbc9394,Docker,DevOps,INTERMEDIATE,51.2,False,,,,,,
e4928b2b-7048-40f7-813c-cb9ac1b8c990,ed3cb4c4-51b8-4080-80b2-41dbfca48bad,Power BI,Data Analytics,BEGINNER,29.5,False,,,,,,
ecfb5596-fa42-4332-9834-762e2f93fa1f,ed3cb4c4-51b8-4080-80b2-41dbfca48bad,JavaScript,Programming,EXPERT,93.8,False,,,,,,
d16583b1-892e-41df-ab2d-d09b52694571,ed3cb4c4-51b8-4080-80b2-41dbfca48bad,Machine Learning,AI/ML,ADVANCED,75.0,False,,,,,,
53222b67-519c-49a2-a223-b51ee3043ff1,ed3cb4c4-51b8-4080-80b2-41dbfca48bad,Git,Tools,BEGINNER,23.6,False,,,,,,
3f0a7f85-bf8c-4700-9e3b-73c10e0ff0fe,ed3cb4c4-51b8-4080-80b2-41dbfca48bad,Python,Programming,BEGINNER,29.2,False,,,,,,
32ca0375-aae2-4377-a392-d8da44c0ec40,15035786-a854-4712-ba07-482404db9f3f,C++,Programming,INTERMEDIATE,66.8,False,,,,,,
947b048a-2994-45ca-91c1-aa19eea854cd,15035786-a854-4712-ba07-482404db9f3f,Docker,DevOps,INTERMEDIATE,61.4,False,,,,,,
80c15bc0-f8c9-42e7-9e44-5e3644e5fcd6,15035786-a854-4712-ba07-482404db9f3f,Kubernetes,DevOps,BEGINNER,16.0,False,,,,,,
5d449f2f-5e82-4ae7-b5d7-d8f908b159da,f19a3f7c-62da-4bb6-9006-cd08dc661cd9,MongoDB,Database,INTERMEDIATE,45.2,False,,,,,,
25e72472-e20c-4b5f-98e2-6745551c471f,f19a3f7c-62da-4bb6-9006-cd08dc661cd9,Linux,Systems,BEGINNER,37.2,False,,,,,,
958adbc0-6499-47a7-9874-a999b9255b3b,f19a3f7c-62da-4bb6-9006-cd08dc661cd9,SQL,Database,BEGINNER,40.7,False,,,,,,
2fd76daa-b4fb-484e-a03a-494369d81070,f19a3f7c-62da-4bb6-9006-cd08dc661cd9,Figma,Design,BEGINNER,24.6,False,,,,,,
84194ade-024a-4e04-bcb8-cee290ab3d24,6dd58b53-2cc0-4281-acca-3b74475ef268,C++,Programming,ADVANCED,84.4,False,,,,,,
15cf88d1-cdc4-4346-bce0-b1f8d09edbda,6dd58b53-2cc0-4281-acca-3b74475ef268,MongoDB,Database,ADVANCED,64.9,True,Google,Google,2026-07-18,CRED-BB89E7C8B7,https://credentials.example.com/CRED-BB89E7C8B7,https://credentials.example.com/CRED-BB89E7C8B7
31949820-297a-4bc5-84e9-4e01a4441431,6dd58b53-2cc0-4281-acca-3b74475ef268,Deep Learning,AI/ML,BEGINNER,24.9,False,,,,,,
c63ca144-7d84-47c6-9a56-836d066d0345,6dd58b53-2cc0-4281-acca-3b74475ef268,Node.js,Web Development,BEGINNER,48.4,False,,,,,,
14954aa2-368f-4621-a4ef-3cf438972958,6dd58b53-2cc0-4281-acca-3b74475ef268,Kubernetes,DevOps,BEGINNER,11.1,False,,,,,,
7e84e0a8-b4f5-4a4f-bd0d-960d4c753dbd,1b298305-c00d-48fe-a978-77e6d1094380,SQL,Database,ADVANCED,75.7,False,,,,,,
5978dce8-2886-44c9-a20b-4a22d6bbb90e,5c01ce5e-5490-466c-8049-69144542083b,TensorFlow,AI/ML,INTERMEDIATE,63.2,False,,,,,,
c00d2906-58a9-4f52-8fa4-bd514e36f5f1,5c01ce5e-5490-466c-8049-69144542083b,Python,Programming,BEGINNER,22.1,False,,,,,,
436d3511-0a83-4a2b-bd06-9092010d49ee,5c01ce5e-5490-466c-8049-69144542083b,Excel,Data Analytics,INTERMEDIATE,53.1,False,,,,,,
6f9c9a66-7279-42d7-b071-a2f0f824b546,5c01ce5e-5490-466c-8049-69144542083b,Deep Learning,AI/ML,INTERMEDIATE,54.2,False,,,,,,
96945a8a-1d85-45ee-996b-537aae314ffd,0878c386-776f-4526-a2ad-676bcf927e67,MongoDB,Database,ADVANCED,65.8,True,NPTEL,NPTEL,2025-10-24,CRED-9F7672D0C9,https://credentials.example.com/CRED-9F7672D0C9,https://credentials.example.com/CRED-9F7672D0C9
4dc2afe7-a2e4-456c-b122-9c7b5fe2726d,0878c386-776f-4526-a2ad-676bcf927e67,Git,Tools,ADVANCED,80.2,True,NPTEL,NPTEL,2025-09-27,CRED-EACC085AF7,https://credentials.example.com/CRED-EACC085AF7,https://credentials.example.com/CRED-EACC085AF7
52eed107-1c2a-4144-a79a-b7661374ce2d,19d1eb1c-0a4d-4c18-8ebe-285b2645cf18,Docker,DevOps,ADVANCED,67.1,False,,,,,,
f9ac1832-8a75-49e8-9bc4-784422164e6e,19d1eb1c-0a4d-4c18-8ebe-285b2645cf18,Data Structures & Algorithms,Core CS,ADVANCED,62.8,True,Microsoft,Microsoft,2026-01-12,CRED-C5E3D5376E,https://credentials.example.com/CRED-C5E3D5376E,https://credentials.example.com/CRED-C5E3D5376E
3c2f49d8-5fc2-42b4-9534-e508cca1e0b0,19d1eb1c-0a4d-4c18-8ebe-285b2645cf18,JavaScript,Programming,INTERMEDIATE,47.8,False,,,,,,
0af748ab-7167-4b3b-8a87-fa9c84cf6145,19d1eb1c-0a4d-4c18-8ebe-285b2645cf18,Java,Programming,INTERMEDIATE,68.2,False,,,,,,
61a087f8-f4a3-4878-9919-62493e9cbb02,19d1eb1c-0a4d-4c18-8ebe-285b2645cf18,Python,Programming,ADVANCED,82.1,True,Udemy,Udemy,2026-08-04,CRED-A220D3DE64,https://credentials.example.com/CRED-A220D3DE64,https://credentials.example.com/CRED-A220D3DE64
7986037f-9c41-4906-b3d7-e97f07e8a9dd,f7a70478-994f-4ebb-9078-73b5e632c2e8,Docker,DevOps,INTERMEDIATE,46.8,False,,,,,,
d0c0b093-c5a4-452e-98d6-cbf8819783e9,f7a70478-994f-4ebb-9078-73b5e632c2e8,Git,Tools,INTERMEDIATE,37.8,False,,,,,,
7939f141-691f-48b6-a053-7192de0c8b4d,f7a70478-994f-4ebb-9078-73b5e632c2e8,SQL,Database,ADVANCED,80.3,True,NPTEL,NPTEL,2026-04-19,CRED-E8F1C8F0EB,https://credentials.example.com/CRED-E8F1C8F0EB,https://credentials.example.com/CRED-E8F1C8F0EB
8f39dc90-82bb-445c-9e24-0f6ed2fa1ac8,f7a70478-994f-4ebb-9078-73b5e632c2e8,Machine Learning,AI/ML,INTERMEDIATE,61.2,False,,,,,,
9cd4f2cd-9b4d-4354-aa57-d530ae9fc772,f7a70478-994f-4ebb-9078-73b5e632c2e8,C++,Programming,INTERMEDIATE,52.1,False,,,,,,
6b096cda-f05b-4c15-aad3-e1eb9471db04,5044810a-2a6e-4956-8c77-4f38cb201e6d,React,Web Development,ADVANCED,61.9,True,Udemy,Udemy,2025-06-18,CRED-8CA3AF69EC,https://credentials.example.com/CRED-8CA3AF69EC,https://credentials.example.com/CRED-8CA3AF69EC
a184dcfb-149a-41ed-ba5d-326dff601288,5044810a-2a6e-4956-8c77-4f38cb201e6d,JavaScript,Programming,INTERMEDIATE,40.4,False,,,,,,
2cd0a7a9-7875-4c88-88f6-4536f690a9d4,5044810a-2a6e-4956-8c77-4f38cb201e6d,Excel,Data Analytics,BEGINNER,36.1,False,,,,,,
cd942c1e-964d-42ec-8296-47a6a6e3441f,de8b3d49-9000-4783-844d-7ec5a8748326,Machine Learning,AI/ML,INTERMEDIATE,57.6,True,NPTEL,NPTEL,2026-08-18,CRED-C17F809200,https://credentials.example.com/CRED-C17F809200,https://credentials.example.com/CRED-C17F809200
d45ca656-1283-4682-a16d-7cdc88dbf2ee,78cd1b79-c9e7-4568-aa23-5d2ed5bbccd1,TensorFlow,AI/ML,BEGINNER,35.8,False,,,,,,
95384312-a2aa-40c0-8752-1c2c6c4f900f,78cd1b79-c9e7-4568-aa23-5d2ed5bbccd1,Kubernetes,DevOps,BEGINNER,19.6,False,,,,,,
46d8800e-1775-400c-8438-46c0a31df440,78cd1b79-c9e7-4568-aa23-5d2ed5bbccd1,Node.js,Web Development,INTERMEDIATE,55.6,False,,,,,,
ebc4b1ef-f583-4403-be76-86aade94cf78,78cd1b79-c9e7-4568-aa23-5d2ed5bbccd1,JavaScript,Programming,INTERMEDIATE,58.4,False,,,,,,
86d4aca8-7775-4334-b192-47626cf261c3,78cd1b79-c9e7-4568-aa23-5d2ed5bbccd1,C++,Programming,INTERMEDIATE,44.2,True,NPTEL,NPTEL,2025-06-05,CRED-ACE55915FA,https://credentials.example.com/CRED-ACE55915FA,https://credentials.example.com/CRED-ACE55915FA
0cac83f8-44a1-45c6-9458-e6c9e98f9fba,94bc0fca-5f06-450c-b0e9-dd58fca94c97,SQL,Database,INTERMEDIATE,55.4,False,,,,,,
27cabb1a-bbcf-4885-9e53-97b162be17ec,94bc0fca-5f06-450c-b0e9-dd58fca94c97,TensorFlow,AI/ML,ADVANCED,92.0,False,,,,,,
61fb34a3-1646-4c53-8491-7cf59e06cb98,94bc0fca-5f06-450c-b0e9-dd58fca94c97,MongoDB,Database,INTERMEDIATE,43.7,False,,,,,,
0fc9c985-6fba-4510-9b0d-9d846b10657b,94bc0fca-5f06-450c-b0e9-dd58fca94c97,Deep Learning,AI/ML,INTERMEDIATE,60.6,False,,,,,,
475fdb83-8a69-4c24-a6f0-495ecfd33c66,fc3b8e2d-585f-4339-8e49-7058af1b1d72,React,Web Development,BEGINNER,31.7,False,,,,,,
4efc7c24-936c-4e9b-aa25-d79b81652f42,fc3b8e2d-585f-4339-8e49-7058af1b1d72,Python,Programming,BEGINNER,41.5,True,Microsoft,Microsoft,2025-05-08,CRED-F6EAD96BD3,https://credentials.example.com/CRED-F6EAD96BD3,https://credentials.example.com/CRED-F6EAD96BD3
0d27fae8-377d-464f-b891-7a5b608d9d4b,bb8e640c-1366-4e43-90ab-77bf5c234dd3,Python,Programming,INTERMEDIATE,48.7,False,,,,,,
c2a482fd-5c86-4e79-89d3-b52f95df7e0a,bb8e640c-1366-4e43-90ab-77bf5c234dd3,Java,Programming,BEGINNER,50.8,False,,,,,,
2487d863-f313-4cec-ad41-d12bc79a426a,bb8e640c-1366-4e43-90ab-77bf5c234dd3,React,Web Development,INTERMEDIATE,49.9,False,,,,,,
3a3c43ad-124c-4aec-aa88-a0e007116ca1,733ccf43-f0e7-4ca1-83bd-68726181d40b,Linux,Systems,BEGINNER,41.9,False,,,,,,
2fbd9cf2-3aeb-47ce-ba24-017702158962,733ccf43-f0e7-4ca1-83bd-68726181d40b,Git,Tools,BEGINNER,20.7,False,,,,,,
8b857c7a-5363-449a-901b-accb4d570dd0,733ccf43-f0e7-4ca1-83bd-68726181d40b,Java,Programming,BEGINNER,14.1,False,,,,,,
45b9b528-42cd-4b14-8ed1-9fd1a071e1a1,7b6a435e-5b61-4f0f-905d-dbe4d65d6a6e,Python,Programming,BEGINNER,21.8,False,,,,,,
95346b5e-7c2c-4e84-94e0-4200ec9b508b,7b6a435e-5b61-4f0f-905d-dbe4d65d6a6e,TensorFlow,AI/ML,EXPERT,85.8,True,Coursera,Coursera,2026-07-04,CRED-90C9D8BEC1,https://credentials.example.com/CRED-90C9D8BEC1,https://credentials.example.com/CRED-90C9D8BEC1
64e357e7-f690-4384-89cb-35bd2343be38,7b6a435e-5b61-4f0f-905d-dbe4d65d6a6e,Linux,Systems,ADVANCED,89.6,True,Udemy,Udemy,2026-02-24,CRED-5AC825B3CA,https://credentials.example.com/CRED-5AC825B3CA,https://credentials.example.com/CRED-5AC825B3CA
010fbc8c-ea77-4562-9030-b7a04215a6d2,7b6a435e-5b61-4f0f-905d-dbe4d65d6a6e,Docker,DevOps,ADVANCED,86.2,False,,,,,,
834b0159-9daa-4de0-9cce-3fa4e212e86a,7b6a435e-5b61-4f0f-905d-dbe4d65d6a6e,Figma,Design,BEGINNER,36.6,False,,,,,,
eeb99b99-e121-468a-8e76-fe45b6801a66,b409980d-b848-4e6b-bbdc-27f8ca6f737f,AWS,Cloud,ADVANCED,90.8,True,Microsoft,Microsoft,2025-06-11,CRED-AEA92AA5C5,https://credentials.example.com/CRED-AEA92AA5C5,https://credentials.example.com/CRED-AEA92AA5C5
f7dc909e-d9e0-4834-b4ad-3fa372fa2c1b,b409980d-b848-4e6b-bbdc-27f8ca6f737f,Git,Tools,INTERMEDIATE,55.1,False,,,,,,
cd48c4e1-d9b1-4376-8002-a339d2f0a2cf,b409980d-b848-4e6b-bbdc-27f8ca6f737f,Docker,DevOps,BEGINNER,42.7,False,,,,,,
b0fa4b7d-4865-49d7-988f-4bb9429e8d86,3a973ea2-3aae-42ab-a6f4-08b003ad2ee4,MongoDB,Database,BEGINNER,38.3,False,,,,,,
1615bc57-5106-48ff-8152-867a6cb7a555,7ca17941-3c21-4b0a-9b19-d2aaeff6064f,Data Structures & Algorithms,Core CS,INTERMEDIATE,53.9,False,,,,,,
406706dd-1d76-4cb5-8e82-abd4050ffc5c,7ca17941-3c21-4b0a-9b19-d2aaeff6064f,React,Web Development,INTERMEDIATE,48.3,False,,,,,,
640aaa7c-29fc-4210-94bd-0ea706f4c69b,75f6feda-a267-4ed1-82db-b6720c8b1a9a,Power BI,Data Analytics,BEGINNER,25.2,False,,,,,,
de672302-384c-459c-8ad0-2d37a2266fcd,75f6feda-a267-4ed1-82db-b6720c8b1a9a,JavaScript,Programming,INTERMEDIATE,56.7,False,,,,,,
0dfc0049-6e8c-4e23-acff-3dec80651693,75f6feda-a267-4ed1-82db-b6720c8b1a9a,Excel,Data Analytics,ADVANCED,92.8,True,AWS Training,AWS Training,2025-03-22,CRED-60BF240D90,https://credentials.example.com/CRED-60BF240D90,https://credentials.example.com/CRED-60BF240D90
da9e3dc6-c5dd-42f2-950e-22a58713274d,75f6feda-a267-4ed1-82db-b6720c8b1a9a,C++,Programming,ADVANCED,69.5,True,NPTEL,NPTEL,2025-08-04,CRED-7C81250CEE,https://credentials.example.com/CRED-7C81250CEE,https://credentials.example.com/CRED-7C81250CEE
b7ef2521-8019-468d-a216-1612d0b5be78,75f6feda-a267-4ed1-82db-b6720c8b1a9a,AWS,Cloud,BEGINNER,11.5,True,AWS Training,AWS Training,2026-01-09,CRED-704C2C3908,https://credentials.example.com/CRED-704C2C3908,https://credentials.example.com/CRED-704C2C3908
8f1b8a04-2487-404f-83e1-862b8e102551,681ceb05-05e2-4070-9704-4ccebd48bd69,TensorFlow,AI/ML,BEGINNER,49.4,False,,,,,,
2e2e878a-85ab-4d48-a26b-74f1ed98ba63,681ceb05-05e2-4070-9704-4ccebd48bd69,Figma,Design,INTERMEDIATE,41.3,False,,,,,,
dbb657aa-79c8-49ec-ac23-d470c3e8a311,1a1914dc-b273-44ac-93b0-c80a66e61e2a,Java,Programming,INTERMEDIATE,49.8,True,Udemy,Udemy,2026-03-12,CRED-D3AE875B3A,https://credentials.example.com/CRED-D3AE875B3A,https://credentials.example.com/CRED-D3AE875B3A
c0067042-333c-47e9-a5c3-e25aef4b14c8,1a1914dc-b273-44ac-93b0-c80a66e61e2a,JavaScript,Programming,BEGINNER,22.0,False,,,,,,
b7bcd644-6830-4b6f-8eaa-9378c3d1c66e,1a1914dc-b273-44ac-93b0-c80a66e61e2a,Figma,Design,ADVANCED,86.7,True,Coursera,Coursera,2026-06-25,CRED-FE72659B2E,https://credentials.example.com/CRED-FE72659B2E,https://credentials.example.com/CRED-FE72659B2E
ec4cfbfb-4f60-41ac-b3e4-850796068c21,1a1914dc-b273-44ac-93b0-c80a66e61e2a,Machine Learning,AI/ML,ADVANCED,88.7,True,NPTEL,NPTEL,2026-01-03,CRED-BF91EEA5E5,https://credentials.example.com/CRED-BF91EEA5E5,https://credentials.example.com/CRED-BF91EEA5E5
6fe87b7d-6e32-45ed-90dd-7b932a83ccf2,9e56ef89-0c52-4e04-beff-14496aa1f6fa,JavaScript,Programming,BEGINNER,34.0,False,,,,,,
ba03cee3-6bf4-405a-977a-9faa0bcd2121,9e56ef89-0c52-4e04-beff-14496aa1f6fa,TensorFlow,AI/ML,ADVANCED,67.8,False,,,,,,
92d9fde3-e343-46f9-b611-7e616e1963e1,778578b6-1155-4bec-a488-eeb9e81ce5f1,Data Structures & Algorithms,Core CS,BEGINNER,46.6,False,,,,,,
1681452c-84e3-422c-b3f7-9fc08c6237c4,778578b6-1155-4bec-a488-eeb9e81ce5f1,Kubernetes,DevOps,INTERMEDIATE,56.4,False,,,,,,
dd089978-39d6-488b-ac80-1e80c546d4ba,778578b6-1155-4bec-a488-eeb9e81ce5f1,Git,Tools,INTERMEDIATE,42.4,False,,,,,,
840b8f01-0430-4fed-b48a-fbcb6dc1d24e,2eea3025-aa4d-42d4-a953-41265cdda874,JavaScript,Programming,INTERMEDIATE,76.6,False,,,,,,
35236006-0118-49c8-85c8-a3cc6b68bfbd,2eea3025-aa4d-42d4-a953-41265cdda874,Python,Programming,BEGINNER,32.3,False,,,,,,
f9bc92b5-e228-4680-a8b8-3770d6c65aca,80bee9cf-5d06-43f6-a324-125c4ca2ad10,Figma,Design,INTERMEDIATE,64.4,False,,,,,,
3f4326b3-7449-4495-8b2d-98c1606940eb,bb43d93c-a820-4dfe-a1aa-361f41b20946,Machine Learning,AI/ML,ADVANCED,71.6,False,,,,,,
f1e40a24-aef6-49ec-8f31-bea003b1cd5b,bb43d93c-a820-4dfe-a1aa-361f41b20946,Figma,Design,BEGINNER,22.0,False,,,,,,
3c87ba82-cd9f-4ea7-9d3e-b6ff12213272,bb43d93c-a820-4dfe-a1aa-361f41b20946,SQL,Database,INTERMEDIATE,45.0,False,,,,,,
c957cbd7-3923-4a04-a014-ae2a32afd90b,bb43d93c-a820-4dfe-a1aa-361f41b20946,JavaScript,Programming,BEGINNER,35.6,False,,,,,,
c9d45a96-3536-4c85-be7c-5b9de7c01449,bb43d93c-a820-4dfe-a1aa-361f41b20946,Excel,Data Analytics,BEGINNER,24.9,False,,,,,,
f1d1d526-c5d9-4a28-a1e1-2183338b400b,12ffdd35-1983-4516-84ba-e5c05354fd16,Python,Programming,INTERMEDIATE,68.6,False,,,,,,
8171b1d7-b28d-471b-9fb0-cc12ba60599c,12ffdd35-1983-4516-84ba-e5c05354fd16,Node.js,Web Development,BEGINNER,35.9,False,,,,,,
4a2abd34-f04f-4092-8bbd-ccdb545c4189,12ffdd35-1983-4516-84ba-e5c05354fd16,React,Web Development,ADVANCED,68.4,True,Google,Google,2025-08-22,CRED-A9617FC4A6,https://credentials.example.com/CRED-A9617FC4A6,https://credentials.example.com/CRED-A9617FC4A6
d0541fb8-b2ff-4a1b-91a6-6b40868decf9,96f05d64-345a-4f30-ac9a-a5d401c71c6f,Docker,DevOps,INTERMEDIATE,45.4,False,,,,,,
8afebb47-c068-4c14-8b73-a4eeeed60144,6341c91d-9a0a-4d79-a295-60e839398818,Figma,Design,INTERMEDIATE,39.4,False,,,,,,
1096af96-63cc-4ad5-b838-ca456409de80,6341c91d-9a0a-4d79-a295-60e839398818,React,Web Development,BEGINNER,55.5,False,,,,,,
e2df9976-bded-48ce-9adf-e53552b2b752,6341c91d-9a0a-4d79-a295-60e839398818,TensorFlow,AI/ML,BEGINNER,28.7,False,,,,,,
021549d3-0405-4d8d-b3ad-f7af539f3f7d,6341c91d-9a0a-4d79-a295-60e839398818,Java,Programming,INTERMEDIATE,40.5,False,,,,,,
965814d0-4de6-49e1-9f79-3e0e23fa2d43,6341c91d-9a0a-4d79-a295-60e839398818,Docker,DevOps,BEGINNER,22.8,False,,,,,,
23c4c623-35fa-4992-9ba2-06a06a414997,93e5f693-9a5d-499a-b901-3598de01014b,React,Web Development,BEGINNER,33.5,True,AWS Training,AWS Training,2025-08-18,CRED-533B03583C,https://credentials.example.com/CRED-533B03583C,https://credentials.example.com/CRED-533B03583C
bf0aa796-c021-4a5b-9d1a-e3ef1f030452,accd7619-ac08-4835-8426-136eb7053b09,Node.js,Web Development,ADVANCED,70.9,True,AWS Training,AWS Training,2025-10-19,CRED-B54A32A416,https://credentials.example.com/CRED-B54A32A416,https://credentials.example.com/CRED-B54A32A416
29e3a595-ecce-4e0f-8f2c-bcab5bdd1181,accd7619-ac08-4835-8426-136eb7053b09,SQL,Database,INTERMEDIATE,69.6,False,,,,,,
c6824a0d-ca8f-42cc-bd05-889104ae30d4,2ff85deb-17c4-4678-bbba-bef09bfbd6fd,Git,Tools,INTERMEDIATE,51.2,True,Microsoft,Microsoft,2025-05-31,CRED-884951A056,https://credentials.example.com/CRED-884951A056,https://credentials.example.com/CRED-884951A056
50d17e85-b772-4f62-bf50-8c86d5390830,2ff85deb-17c4-4678-bbba-bef09bfbd6fd,Node.js,Web Development,ADVANCED,72.3,False,,,,,,
a8b2abd7-e594-4283-8bd8-d2f2133ecf81,2ff85deb-17c4-4678-bbba-bef09bfbd6fd,React,Web Development,BEGINNER,42.2,False,,,,,,
2fb6d1b1-725c-433f-8747-1fd4ab2f7aaa,2ff85deb-17c4-4678-bbba-bef09bfbd6fd,Docker,DevOps,INTERMEDIATE,54.9,True,Udemy,Udemy,2025-08-27,CRED-D540FF8B2E,https://credentials.example.com/CRED-D540FF8B2E,https://credentials.example.com/CRED-D540FF8B2E
3b329c05-ddec-444b-809d-473286ef4320,2ff85deb-17c4-4678-bbba-bef09bfbd6fd,Figma,Design,EXPERT,100.0,True,Udemy,Udemy,2025-04-02,CRED-A57DA8D121,https://credentials.example.com/CRED-A57DA8D121,https://credentials.example.com/CRED-A57DA8D121
ac838827-b346-4b51-8997-f9d62de76c9d,de6ca32c-428f-45ad-976a-a3f61ebc016d,Python,Programming,ADVANCED,96.8,True,Coursera,Coursera,2025-07-31,CRED-CF6E888F55,https://credentials.example.com/CRED-CF6E888F55,https://credentials.example.com/CRED-CF6E888F55
265246de-02ed-4022-9bbd-dad9743468e6,de6ca32c-428f-45ad-976a-a3f61ebc016d,Git,Tools,ADVANCED,78.2,True,Coursera,Coursera,2025-04-23,CRED-70C5D895D6,https://credentials.example.com/CRED-70C5D895D6,https://credentials.example.com/CRED-70C5D895D6
41fd7362-9308-445d-8a7d-ef0f61be138c,de6ca32c-428f-45ad-976a-a3f61ebc016d,C++,Programming,BEGINNER,22.7,True,AWS Training,AWS Training,2025-12-10,CRED-171D929771,https://credentials.example.com/CRED-171D929771,https://credentials.example.com/CRED-171D929771
f8596724-d3ad-499e-b96f-108f0650f94a,de6ca32c-428f-45ad-976a-a3f61ebc016d,Node.js,Web Development,INTERMEDIATE,71.0,False,,,,,,
96b0c3a7-d62c-42f6-980b-91d578991e35,de6ca32c-428f-45ad-976a-a3f61ebc016d,Docker,DevOps,BEGINNER,46.9,False,,,,,,
fc3a33ea-0f13-4b93-827d-6b959e33ca1b,1214d0da-f248-4f36-b6ee-77900a8b47d6,Data Structures & Algorithms,Core CS,INTERMEDIATE,52.7,True,Microsoft,Microsoft,2025-09-22,CRED-CA4C20D2BC,https://credentials.example.com/CRED-CA4C20D2BC,https://credentials.example.com/CRED-CA4C20D2BC
f27a3293-a531-458c-a51c-8e067e40cc15,1214d0da-f248-4f36-b6ee-77900a8b47d6,Kubernetes,DevOps,BEGINNER,14.0,False,,,,,,
950f1ca9-f5cd-4c93-bf6e-8403a0ea7848,e704dbba-bc2a-41be-aacc-e8ce808b7b26,TensorFlow,AI/ML,ADVANCED,61.7,True,Microsoft,Microsoft,2026-02-09,CRED-C400DE8198,https://credentials.example.com/CRED-C400DE8198,https://credentials.example.com/CRED-C400DE8198
19dfb0d4-1bc2-4c64-9a4d-35305ef9f2be,c11e2f54-f779-459c-9e59-4963c963e881,Node.js,Web Development,ADVANCED,74.1,False,,,,,,
e8a7f27a-ea97-42d7-95d6-05f3b61d5a1f,c11e2f54-f779-459c-9e59-4963c963e881,C++,Programming,ADVANCED,68.9,True,Microsoft,Microsoft,2026-03-22,CRED-EF9B0ADBAA,https://credentials.example.com/CRED-EF9B0ADBAA,https://credentials.example.com/CRED-EF9B0ADBAA
8505b36d-8d19-4aad-a04f-3cbd063e33c7,3b63819d-439e-4ae7-9d6c-69c928793169,Java,Programming,INTERMEDIATE,52.4,False,,,,,,
bcf04e7e-ed85-4d7b-a207-0c79c62e627b,74975483-214e-4eda-ab97-a64efb13fd3a,Machine Learning,AI/ML,INTERMEDIATE,52.4,False,,,,,,
4c3aa3e6-56a9-42a3-be48-f31023a57c47,4e96ea77-5242-4382-898d-9f1cfb44a5e6,Kubernetes,DevOps,BEGINNER,22.9,False,,,,,,
52e66455-510f-412c-90c8-825e9a1911dc,4e96ea77-5242-4382-898d-9f1cfb44a5e6,Power BI,Data Analytics,INTERMEDIATE,51.5,True,Coursera,Coursera,2026-05-29,CRED-68F75C7031,https://credentials.example.com/CRED-68F75C7031,https://credentials.example.com/CRED-68F75C7031
be982324-dcc3-4b64-b05a-0e16f27b1250,e84d89a3-3147-4bc9-9ab7-131ead64d534,Figma,Design,ADVANCED,62.5,False,,,,,,
d8e59f3b-60eb-422b-b7b6-01119c8fb578,e84d89a3-3147-4bc9-9ab7-131ead64d534,JavaScript,Programming,INTERMEDIATE,51.3,False,,,,,,
cb903549-a285-41fe-8c8c-8675612a8649,e84d89a3-3147-4bc9-9ab7-131ead64d534,TensorFlow,AI/ML,BEGINNER,37.6,False,,,,,,
fd6bd84c-5e0c-4dd1-92cd-7fa2693d7f7a,12b0d6ad-02f8-4ffa-9bff-8ef330ba9b8b,Power BI,Data Analytics,ADVANCED,74.8,True,Coursera,Coursera,2026-05-10,CRED-04AB7D4325,https://credentials.example.com/CRED-04AB7D4325,https://credentials.example.com/CRED-04AB7D4325
a79bc404-3a99-43d7-9fee-f1a02459213b,12b0d6ad-02f8-4ffa-9bff-8ef330ba9b8b,TensorFlow,AI/ML,INTERMEDIATE,33.0,True,Google,Google,2026-08-21,CRED-614A11584E,https://credentials.example.com/CRED-614A11584E,https://credentials.example.com/CRED-614A11584E
6c4046ce-0628-49f6-a486-5d5f4e48af7c,a8881a5f-4bb2-45f9-b358-c6b2898e665a,Docker,DevOps,INTERMEDIATE,55.7,True,NPTEL,NPTEL,2025-02-26,CRED-10D37F1C07,https://credentials.example.com/CRED-10D37F1C07,https://credentials.example.com/CRED-10D37F1C07
faa4e8ce-f233-4981-813a-976a19144770,a8881a5f-4bb2-45f9-b358-c6b2898e665a,Git,Tools,BEGINNER,34.4,False,,,,,,
2f0c32fb-b88a-4551-8c90-e3e272af23ed,a8881a5f-4bb2-45f9-b358-c6b2898e665a,JavaScript,Programming,INTERMEDIATE,66.1,True,Google,Google,2025-05-22,CRED-B71E640D92,https://credentials.example.com/CRED-B71E640D92,https://credentials.example.com/CRED-B71E640D92
d32f6386-8a03-43f6-8d5e-90ce85a4b0a5,a8881a5f-4bb2-45f9-b358-c6b2898e665a,MongoDB,Database,BEGINNER,20.4,False,,,,,,
edbfc9dc-fbdd-4727-af0b-60f67e0d16cb,0588db62-528e-44a0-a7db-027039547cc9,Git,Tools,BEGINNER,33.0,True,Microsoft,Microsoft,2025-07-19,CRED-22ACC71C8A,https://credentials.example.com/CRED-22ACC71C8A,https://credentials.example.com/CRED-22ACC71C8A
74b2f98c-c920-482b-bd07-0ab197ab8fe0,0588db62-528e-44a0-a7db-027039547cc9,Node.js,Web Development,EXPERT,90.4,False,,,,,,
30f6690d-5b10-4186-b9be-7aa5f6cbdace,0588db62-528e-44a0-a7db-027039547cc9,React,Web Development,EXPERT,90.8,False,,,,,,
0553fcd2-b55e-460e-962a-89316c83e213,0588db62-528e-44a0-a7db-027039547cc9,Linux,Systems,BEGINNER,42.2,False,,,,,,
1d14763e-0719-4f4d-92bf-8ed9858b8dec,0588db62-528e-44a0-a7db-027039547cc9,C++,Programming,INTERMEDIATE,51.1,False,,,,,,
e0e0cf56-adb1-4f3a-af56-7b04955a16f0,883d1cc7-ac81-4116-9ab8-274d4318b8b6,SQL,Database,ADVANCED,84.8,True,NPTEL,NPTEL,2025-07-04,CRED-5DD58E7AF8,https://credentials.example.com/CRED-5DD58E7AF8,https://credentials.example.com/CRED-5DD58E7AF8
f3a7abb5-3b42-4dd7-8aa5-3017cb6a701b,883d1cc7-ac81-4116-9ab8-274d4318b8b6,Figma,Design,BEGINNER,26.8,False,,,,,,
ea467925-db44-4af2-bea1-1cdebe0eab27,883d1cc7-ac81-4116-9ab8-274d4318b8b6,Excel,Data Analytics,BEGINNER,38.7,False,,,,,,
2ab90cf2-2e6b-4312-8fc5-a60d37e173ee,448f32c5-7a26-41b8-958c-65ccbe83f8a4,Kubernetes,DevOps,INTERMEDIATE,50.9,False,,,,,,
2618588c-ad5d-4778-be8d-6fd875c46a68,448f32c5-7a26-41b8-958c-65ccbe83f8a4,MongoDB,Database,EXPERT,91.6,True,Udemy,Udemy,2026-04-29,CRED-615DA8D939,https://credentials.example.com/CRED-615DA8D939,https://credentials.example.com/CRED-615DA8D939
37ca79e0-deb5-4062-95df-13399c6d6fa4,41a4e6a1-4087-465f-8dc4-eca61769e22f,Figma,Design,EXPERT,86.9,False,,,,,,
d93a2466-2652-4932-9873-84826602ed0b,41a4e6a1-4087-465f-8dc4-eca61769e22f,Deep Learning,AI/ML,BEGINNER,36.5,False,,,,,,
ac280ba9-0b61-462a-9012-0b3e4730a560,41a4e6a1-4087-465f-8dc4-eca61769e22f,MongoDB,Database,BEGINNER,17.1,False,,,,,,
25d39605-a619-4e44-9697-655e82a359f4,0fa32671-9012-4e5f-9e0a-080e0f7b5beb,TensorFlow,AI/ML,INTERMEDIATE,61.9,False,,,,,,
514977cc-8526-4c32-9a95-3dc2cf678026,6177cef9-10f8-4313-b0e2-689a49a1a8d4,Node.js,Web Development,BEGINNER,34.9,False,,,,,,
5d121163-b9cb-4832-9c12-9b834a94e3e5,6177cef9-10f8-4313-b0e2-689a49a1a8d4,Python,Programming,INTERMEDIATE,68.3,False,,,,,,
d5de666c-b71c-4380-842a-f4dd525a7e46,6177cef9-10f8-4313-b0e2-689a49a1a8d4,JavaScript,Programming,BEGINNER,25.4,False,,,,,,
2a200a42-b957-4e5b-966e-f15d45851f34,2703ba50-5baf-43b7-bac0-c2d67bb4cda5,Machine Learning,AI/ML,BEGINNER,41.6,False,,,,,,
523acbfc-a13a-4019-abe8-8f277862dfcc,2703ba50-5baf-43b7-bac0-c2d67bb4cda5,Data Structures & Algorithms,Core CS,INTERMEDIATE,47.1,False,,,,,,
97f5aea1-fc25-4c5b-88fe-30eb6cc06c75,75918ca2-6a21-408d-ac63-e5de188154ce,Machine Learning,AI/ML,BEGINNER,28.1,False,,,,,,
b332923e-b76b-4d0a-916d-2fd5c738abd4,75918ca2-6a21-408d-ac63-e5de188154ce,Excel,Data Analytics,BEGINNER,30.6,False,,,,,,
4edcadd0-bffe-4589-b291-327cb9f8dc00,a4c5b46d-c9f2-414f-a0b2-91c1ad2383d5,Power BI,Data Analytics,ADVANCED,81.6,False,,,,,,
bd3e9aa5-51f3-4c3a-88ae-1c5e08fb2800,a4c5b46d-c9f2-414f-a0b2-91c1ad2383d5,Kubernetes,DevOps,INTERMEDIATE,64.3,False,,,,,,
62c05e5c-b325-4eca-ace6-51255f5018e4,a4c5b46d-c9f2-414f-a0b2-91c1ad2383d5,Linux,Systems,ADVANCED,97.0,True,AWS Training,AWS Training,2025-07-13,CRED-1A4353F6E9,https://credentials.example.com/CRED-1A4353F6E9,https://credentials.example.com/CRED-1A4353F6E9
73cccf75-077e-403e-bbed-dbf5e223646f,0dab6e6f-c53b-4063-8afc-0ed98aad91fd,Excel,Data Analytics,BEGINNER,15.9,False,,,,,,
46cc0780-12f7-4b9d-a2d7-0901d5b33297,0dab6e6f-c53b-4063-8afc-0ed98aad91fd,Linux,Systems,ADVANCED,65.9,False,,,,,,
156a4e1b-83b3-4132-97d6-b43dac150d3a,0dab6e6f-c53b-4063-8afc-0ed98aad91fd,TensorFlow,AI/ML,ADVANCED,88.6,True,NPTEL,NPTEL,2025-08-03,CRED-39FC930EAA,https://credentials.example.com/CRED-39FC930EAA,https://credentials.example.com/CRED-39FC930EAA
51a873ce-1ef7-47a3-85a3-1341a8ae5038,0dab6e6f-c53b-4063-8afc-0ed98aad91fd,SQL,Database,BEGINNER,49.7,False,,,,,,
ea91ffae-8ce3-4d0f-883f-76951fb27c13,42275199-7471-4736-94e5-41bc47f40405,Git,Tools,INTERMEDIATE,60.0,False,,,,,,
02a5ed3a-bf50-421f-b874-e2d0c84ed8d7,42275199-7471-4736-94e5-41bc47f40405,Power BI,Data Analytics,ADVANCED,74.2,False,,,,,,
62b4bf00-59ad-4c39-8f50-5fd11d7e1025,42275199-7471-4736-94e5-41bc47f40405,MongoDB,Database,EXPERT,100.0,True,AWS Training,AWS Training,2025-06-20,CRED-BAA12EAA4E,https://credentials.example.com/CRED-BAA12EAA4E,https://credentials.example.com/CRED-BAA12EAA4E
88ec976c-acc6-4334-b65f-062e3d4de21d,9fcd698f-e508-416e-90f0-bf4997ef7573,Kubernetes,DevOps,INTERMEDIATE,65.3,True,Google,Google,2025-04-17,CRED-ACD4CC1934,https://credentials.example.com/CRED-ACD4CC1934,https://credentials.example.com/CRED-ACD4CC1934
c5995c44-4ca6-49e3-b354-39e75cfe9593,9fcd698f-e508-416e-90f0-bf4997ef7573,TensorFlow,AI/ML,BEGINNER,27.5,False,,,,,,
29bbd34c-f736-45e9-aaa9-b296553f04a8,9fcd698f-e508-416e-90f0-bf4997ef7573,React,Web Development,ADVANCED,72.6,False,,,,,,
22c2c475-10ba-448f-8cb9-0c6092a4bad3,9fcd698f-e508-416e-90f0-bf4997ef7573,Deep Learning,AI/ML,INTERMEDIATE,76.5,False,,,,,,
8c4bbb42-af82-4d24-913c-8d5e830c8fcd,f7518e2b-9882-4471-a67e-228189eed01a,JavaScript,Programming,BEGINNER,34.1,False,,,,,,
6566769e-51ea-428d-92bd-70fb29611027,95037317-458a-455f-9702-95f7c1a5ea36,Figma,Design,INTERMEDIATE,68.4,True,Microsoft,Microsoft,2025-01-18,CRED-C5F2C2BAD7,https://credentials.example.com/CRED-C5F2C2BAD7,https://credentials.example.com/CRED-C5F2C2BAD7
3a0fd67b-bbda-4467-8ecd-040b27538021,95037317-458a-455f-9702-95f7c1a5ea36,Machine Learning,AI/ML,ADVANCED,58.9,True,Udemy,Udemy,2025-11-15,CRED-6641D9C8A7,https://credentials.example.com/CRED-6641D9C8A7,https://credentials.example.com/CRED-6641D9C8A7
0ace6932-eb5c-4659-85ef-4ac82b6bfdf9,8fe19e1d-f84c-4a39-8922-3fcfae1a4a33,Git,Tools,BEGINNER,30.9,False,,,,,,
c24419d9-8dc9-4003-b577-89fc96fc9da2,8fe19e1d-f84c-4a39-8922-3fcfae1a4a33,Docker,DevOps,INTERMEDIATE,40.6,True,Google,Google,2026-01-04,CRED-B573973A8B,https://credentials.example.com/CRED-B573973A8B,https://credentials.example.com/CRED-B573973A8B
4378fa52-f15f-47b2-bd18-c3c8a2cab9bb,8fe19e1d-f84c-4a39-8922-3fcfae1a4a33,Power BI,Data Analytics,BEGINNER,38.8,True,Microsoft,Microsoft,2025-09-16,CRED-3790116DE6,https://credentials.example.com/CRED-3790116DE6,https://credentials.example.com/CRED-3790116DE6
e3a8a105-923b-4586-8000-39996ef5014b,ff437719-5046-453d-843e-628f739b47c5,C++,Programming,BEGINNER,28.2,False,,,,,,
487e7e20-91a2-4fe7-a555-aa14f1a101ee,ff437719-5046-453d-843e-628f739b47c5,AWS,Cloud,INTERMEDIATE,35.3,False,,,,,,
4672fee3-6712-4eee-9dee-f523bb60a0b6,ff437719-5046-453d-843e-628f739b47c5,JavaScript,Programming,ADVANCED,62.4,False,,,,,,
d9e88058-1b53-4d0d-ae25-63854d4dc899,ff437719-5046-453d-843e-628f739b47c5,MongoDB,Database,BEGINNER,20.1,False,,,,,,
94b22f70-35ec-4c0f-9baf-f85cafad6aff,ff437719-5046-453d-843e-628f739b47c5,TensorFlow,AI/ML,INTERMEDIATE,66.1,False,,,,,,
a66cd62b-dc17-4caa-a1b0-6f5610e20977,17f46db7-ec9b-4fd8-a527-b0f0bdaabbac,Data Structures & Algorithms,Core CS,INTERMEDIATE,36.4,False,,,,,,
42cea2fa-bf76-45f3-a692-4be1f18754c0,4e8acbac-a6f4-4059-a671-eead236c95da,Deep Learning,AI/ML,ADVANCED,83.9,True,Udemy,Udemy,2025-04-07,CRED-CEE896F952,https://credentials.example.com/CRED-CEE896F952,https://credentials.example.com/CRED-CEE896F952
6af2a677-73d4-4662-be17-7a968a87b67d,4e8acbac-a6f4-4059-a671-eead236c95da,MongoDB,Database,ADVANCED,74.5,True,Microsoft,Microsoft,2025-10-13,CRED-8F5B604ECE,https://credentials.example.com/CRED-8F5B604ECE,https://credentials.example.com/CRED-8F5B604ECE
32949a9b-60ea-4097-b06d-455c17c141ae,2558e420-74ca-4615-adc0-653af7be501b,TensorFlow,AI/ML,INTERMEDIATE,51.2,False,,,,,,
f9d2af04-9772-4089-85ef-2ace16dd761e,2558e420-74ca-4615-adc0-653af7be501b,Kubernetes,DevOps,INTERMEDIATE,55.1,False,,,,,,
8f9c29aa-00ef-490e-b9d5-da5ef9900c35,661cd282-beae-4ca4-98fd-00aed4f56835,C++,Programming,INTERMEDIATE,53.3,False,,,,,,
ed05a1a5-616c-420a-9bf9-6a46e31a5831,661cd282-beae-4ca4-98fd-00aed4f56835,Linux,Systems,EXPERT,91.0,False,,,,,,
dce3bbeb-5b66-40be-89a7-43001a352f7e,1c526e5f-5625-47d5-980a-18537732ee20,C++,Programming,INTERMEDIATE,51.3,False,,,,,,
967fd686-5298-4cc1-8d2c-9063ca2daf3c,1c526e5f-5625-47d5-980a-18537732ee20,SQL,Database,ADVANCED,87.8,False,,,,,,
7a447962-07a0-4176-b6ca-a1847d528ad4,1c526e5f-5625-47d5-980a-18537732ee20,Machine Learning,AI/ML,BEGINNER,36.2,False,,,,,,
2d5cb04c-3867-4759-baeb-c92ae42b1b8e,1c526e5f-5625-47d5-980a-18537732ee20,Git,Tools,BEGINNER,25.3,False,,,,,,
3de727dc-a3a2-4350-8a67-ffa19f203f59,d83fa806-d07f-470a-8edb-d07e29008a53,Data Structures & Algorithms,Core CS,BEGINNER,36.8,False,,,,,,
c5e45c65-969e-47ef-ad78-be1a9e409017,d83fa806-d07f-470a-8edb-d07e29008a53,React,Web Development,BEGINNER,7.4,False,,,,,,
fe36175f-2430-4baa-9487-41d3e29c0b14,95225e7e-5ef7-420f-a5f1-41349acc160e,Power BI,Data Analytics,BEGINNER,34.7,False,,,,,,
3671dfdc-33b0-4469-91ad-3da8fc79214a,95225e7e-5ef7-420f-a5f1-41349acc160e,React,Web Development,ADVANCED,80.5,True,Microsoft,Microsoft,2025-05-21,CRED-173D70C7BD,https://credentials.example.com/CRED-173D70C7BD,https://credentials.example.com/CRED-173D70C7BD
6b7d8dda-dd29-40a7-97d7-b92a15b102b4,7bb988a3-2d40-478d-a082-050dae71947f,React,Web Development,INTERMEDIATE,51.1,True,Coursera,Coursera,2025-09-20,CRED-7B2555DF94,https://credentials.example.com/CRED-7B2555DF94,https://credentials.example.com/CRED-7B2555DF94
f0669f28-2e22-47e1-872e-678d8c6929ac,7bb988a3-2d40-478d-a082-050dae71947f,Java,Programming,BEGINNER,29.3,True,Coursera,Coursera,2025-03-18,CRED-0FDF1FA73D,https://credentials.example.com/CRED-0FDF1FA73D,https://credentials.example.com/CRED-0FDF1FA73D
4c69d087-4183-4118-bef6-5f63af388da2,7bb988a3-2d40-478d-a082-050dae71947f,Docker,DevOps,BEGINNER,28.3,False,,,,,,
ba555d4f-e2de-4825-be6c-bf427a5cf184,7bb988a3-2d40-478d-a082-050dae71947f,SQL,Database,INTERMEDIATE,56.2,False,,,,,,
3c150f94-eb71-478b-bff7-325d85d08f0a,c1942ffb-178b-43e8-b25c-2261a2fafb15,Data Structures & Algorithms,Core CS,INTERMEDIATE,60.1,True,Microsoft,Microsoft,2025-04-10,CRED-947E0BFEED,https://credentials.example.com/CRED-947E0BFEED,https://credentials.example.com/CRED-947E0BFEED
1ff146c7-9cc3-4193-932b-82b12d0b690a,9d306591-85b0-413f-b465-9dec20a52ce0,AWS,Cloud,INTERMEDIATE,54.1,False,,,,,,
564e5396-0f4d-4d88-8b6b-25020fad3593,9d306591-85b0-413f-b465-9dec20a52ce0,React,Web Development,BEGINNER,19.2,False,,,,,,
3458008e-499a-4ada-9dea-a8a2be646b8f,1f1d2a35-1920-4d99-8b6a-c2d552ce37cb,Figma,Design,BEGINNER,7.2,True,Udemy,Udemy,2025-09-30,CRED-D92DEBA87A,https://credentials.example.com/CRED-D92DEBA87A,https://credentials.example.com/CRED-D92DEBA87A
3210765c-cb41-4942-afdc-f80bc5d3cbf1,1f1d2a35-1920-4d99-8b6a-c2d552ce37cb,Docker,DevOps,EXPERT,84.7,True,Udemy,Udemy,2026-05-04,CRED-6F290CA714,https://credentials.example.com/CRED-6F290CA714,https://credentials.example.com/CRED-6F290CA714
ccb7c583-8278-4a9f-9fa5-5bd1f12ab868,1f1d2a35-1920-4d99-8b6a-c2d552ce37cb,AWS,Cloud,BEGINNER,23.2,False,,,,,,
a1ca16b9-0705-49c6-97eb-817239e6b95c,1f1d2a35-1920-4d99-8b6a-c2d552ce37cb,Node.js,Web Development,ADVANCED,88.0,False,,,,,,
fa979065-3479-41cc-b96f-85d398348ef3,1f1d2a35-1920-4d99-8b6a-c2d552ce37cb,MongoDB,Database,ADVANCED,86.9,True,NPTEL,NPTEL,2026-06-29,CRED-CE4A6B9B62,https://credentials.example.com/CRED-CE4A6B9B62,https://credentials.example.com/CRED-CE4A6B9B62
d80ba8e9-b2af-43fa-9ad1-2e9b4e3687b1,95b069e9-bb66-4498-afec-710b5cf149e8,SQL,Database,ADVANCED,75.4,True,NPTEL,NPTEL,2026-06-21,CRED-77B2955BF8,https://credentials.example.com/CRED-77B2955BF8,https://credentials.example.com/CRED-77B2955BF8
2001fa4d-b53b-4579-8e33-5ce399edcf27,95b069e9-bb66-4498-afec-710b5cf149e8,Figma,Design,EXPERT,90.0,False,,,,,,
4943c782-85bf-40e2-bcbc-f60acd980700,95b069e9-bb66-4498-afec-710b5cf149e8,Python,Programming,BEGINNER,26.1,False,,,,,,
16b7509e-39ba-4e82-8eb4-9dd7a7ef4d04,e7331a31-ce9f-40b2-a318-d4d4757c59ed,AWS,Cloud,EXPERT,94.0,True,Google,Google,2026-02-28,CRED-A26814734E,https://credentials.example.com/CRED-A26814734E,https://credentials.example.com/CRED-A26814734E
07ebb5db-a08b-4bd3-876d-8b426036dbe6,e7331a31-ce9f-40b2-a318-d4d4757c59ed,Machine Learning,AI/ML,BEGINNER,25.4,False,,,,,,
1288d2d3-a6f5-4f21-9fde-808b547a5985,4a9c827e-4f21-405b-96d1-2fa16cf3c9e2,C++,Programming,INTERMEDIATE,64.1,False,,,,,,
732d856f-b980-4398-8fdf-2d31a29b7cc4,312f8616-7c11-4091-a381-a18e9111c559,AWS,Cloud,INTERMEDIATE,47.7,False,,,,,,
fdfbd011-30f3-4310-adf5-a0a33640d446,312f8616-7c11-4091-a381-a18e9111c559,MongoDB,Database,BEGINNER,31.7,False,,,,,,
4be7bf24-8fa9-4039-8354-c5c696758869,312f8616-7c11-4091-a381-a18e9111c559,Python,Programming,ADVANCED,80.0,True,Google,Google,2025-10-18,CRED-BA5F6F2665,https://credentials.example.com/CRED-BA5F6F2665,https://credentials.example.com/CRED-BA5F6F2665
42e15a93-ce48-4dd5-96d0-0c85d0748d88,312f8616-7c11-4091-a381-a18e9111c559,JavaScript,Programming,INTERMEDIATE,59.4,False,,,,,,
421b3c6f-6692-4abc-a504-5dd73701f197,b5d6968a-5873-453e-a6a2-534d7cbaea93,Java,Programming,INTERMEDIATE,51.4,False,,,,,,
b843388a-8cb0-4be8-b1f4-5aef70bc889c,b5d6968a-5873-453e-a6a2-534d7cbaea93,React,Web Development,BEGINNER,24.3,True,NPTEL,NPTEL,2026-02-21,CRED-5AEF4952CE,https://credentials.example.com/CRED-5AEF4952CE,https://credentials.example.com/CRED-5AEF4952CE
7bad9d19-6f3a-4056-be98-9e7511561090,b5d6968a-5873-453e-a6a2-534d7cbaea93,Excel,Data Analytics,ADVANCED,72.5,False,,,,,,
c4399acb-4b35-4fe1-99e5-631fb4ca48a2,b5d6968a-5873-453e-a6a2-534d7cbaea93,Linux,Systems,INTERMEDIATE,59.0,False,,,,,,
02103933-20a0-4342-bc68-73d5c0867a8f,3a44ec3c-dd33-41e6-b043-bb7ec9c58683,Data Structures & Algorithms,Core CS,INTERMEDIATE,51.1,False,,,,,,
37e35daf-8a29-4fba-bc54-7cab71825f07,3a44ec3c-dd33-41e6-b043-bb7ec9c58683,MongoDB,Database,INTERMEDIATE,64.6,False,,,,,,
11c89c96-fb2d-46ce-a637-577fd3e92d6f,12ecd442-52e2-432e-b9c5-436aa62ab373,Python,Programming,INTERMEDIATE,44.0,False,,,,,,
cceceee5-2b56-4849-9049-64b551bfd51a,12ecd442-52e2-432e-b9c5-436aa62ab373,MongoDB,Database,ADVANCED,58.8,True,Coursera,Coursera,2026-07-12,CRED-3F584E8CAB,https://credentials.example.com/CRED-3F584E8CAB,https://credentials.example.com/CRED-3F584E8CAB
7c46c120-6c1d-454a-9933-8b4fa5be313e,12ecd442-52e2-432e-b9c5-436aa62ab373,Kubernetes,DevOps,INTERMEDIATE,53.2,False,,,,,,
655a7c55-a337-44be-bb08-aa2d2d69db8c,8e48936a-48b0-4cd4-aca7-8a60f3d82a38,AWS,Cloud,EXPERT,98.5,True,AWS Training,AWS Training,2026-04-08,CRED-4C8CC16709,https://credentials.example.com/CRED-4C8CC16709,https://credentials.example.com/CRED-4C8CC16709
94ba9466-e376-4075-9bfb-2141dc1a1226,8e48936a-48b0-4cd4-aca7-8a60f3d82a38,TensorFlow,AI/ML,INTERMEDIATE,36.6,False,,,,,,
d511a6c6-c5a3-4abe-9414-4bd35ff6af22,8e48936a-48b0-4cd4-aca7-8a60f3d82a38,Python,Programming,BEGINNER,19.9,True,Udemy,Udemy,2025-10-20,CRED-955518F147,https://credentials.example.com/CRED-955518F147,https://credentials.example.com/CRED-955518F147
53968b0f-9c8d-4d7f-918d-d0afc674e8d2,8e48936a-48b0-4cd4-aca7-8a60f3d82a38,Linux,Systems,INTERMEDIATE,57.6,False,,,,,,
d7149a7a-736c-43b4-95ee-d5e5d0550f0a,8e48936a-48b0-4cd4-aca7-8a60f3d82a38,JavaScript,Programming,INTERMEDIATE,68.5,True,NPTEL,NPTEL,2025-07-13,CRED-0C116D5100,https://credentials.example.com/CRED-0C116D5100,https://credentials.example.com/CRED-0C116D5100
a3ce2f1f-0297-41e5-be3b-6fb0208d6172,f6330253-6ea8-4ef7-a826-76a4e5f290e6,Data Structures & Algorithms,Core CS,INTERMEDIATE,66.6,False,,,,,,
4d6c39b4-b4a9-4626-a65d-0d15f1eea73f,f6330253-6ea8-4ef7-a826-76a4e5f290e6,JavaScript,Programming,EXPERT,100.0,False,,,,,,
224ed602-4f06-49cf-ab44-a1ddc0251db4,f6330253-6ea8-4ef7-a826-76a4e5f290e6,AWS,Cloud,EXPERT,97.2,False,,,,,,
0734296b-aae4-4528-93a7-9d84802b4f72,94839a0a-17c3-4e71-9c30-c5fc1d0c1b12,Docker,DevOps,INTERMEDIATE,54.4,False,,,,,,
e9b98690-1d15-403e-bc8a-1154a1f528c7,94839a0a-17c3-4e71-9c30-c5fc1d0c1b12,SQL,Database,ADVANCED,69.0,False,,,,,,
325ffc29-e25e-420e-b1e9-4194f5cbe5dc,b78b6641-2d3b-4d61-a25e-5b70360aabc5,Python,Programming,BEGINNER,18.9,False,,,,,,
ef97ba97-ee10-4e58-a5c2-ce9a66d44281,b78b6641-2d3b-4d61-a25e-5b70360aabc5,C++,Programming,BEGINNER,42.2,False,,,,,,
f0c1ca26-7ed5-4f85-97a9-b194fe6b4cb7,b78b6641-2d3b-4d61-a25e-5b70360aabc5,Kubernetes,DevOps,BEGINNER,33.2,False,,,,,,
a434d62a-3862-4b6d-b53e-5ed4686c0b42,b78b6641-2d3b-4d61-a25e-5b70360aabc5,Data Structures & Algorithms,Core CS,BEGINNER,26.3,False,,,,,,
af093f18-7321-451d-b413-8952a0a89069,48fb2dfb-66c8-4082-b603-925c2121bb34,MongoDB,Database,ADVANCED,88.1,False,,,,,,
3eeb4fa0-9899-46d3-bd24-45a17854b7be,48fb2dfb-66c8-4082-b603-925c2121bb34,Python,Programming,BEGINNER,17.0,True,Coursera,Coursera,2025-12-06,CRED-3DEA1F8D0A,https://credentials.example.com/CRED-3DEA1F8D0A,https://credentials.example.com/CRED-3DEA1F8D0A
bea2c647-8303-421f-b694-74367f0532fd,9b750ad9-9ae5-4f3f-bdd3-a60f23ba1f83,Excel,Data Analytics,INTERMEDIATE,52.1,False,,,,,,
5de6b8f5-07d1-4b65-bdca-1ea93841568a,9b750ad9-9ae5-4f3f-bdd3-a60f23ba1f83,SQL,Database,BEGINNER,33.1,False,,,,,,
25de2921-1e83-4644-9ebd-79798c78e488,78909ea2-6855-49d0-bab9-321bda3984dd,React,Web Development,EXPERT,100.0,False,,,,,,
756c6419-18e0-4e6e-a653-db4d721586d3,78909ea2-6855-49d0-bab9-321bda3984dd,TensorFlow,AI/ML,ADVANCED,73.9,False,,,,,,
58f91468-1bbe-4451-ae36-5ede67115e6b,78909ea2-6855-49d0-bab9-321bda3984dd,Java,Programming,ADVANCED,85.8,False,,,,,,
f0a8533f-06dd-4d02-868a-cdf81eb59cde,78909ea2-6855-49d0-bab9-321bda3984dd,AWS,Cloud,INTERMEDIATE,57.0,False,,,,,,
bf029de9-5cf1-4480-8557-401e501dea3e,4589164c-d275-47b0-8c9e-f9fdb74594c8,Python,Programming,BEGINNER,32.2,False,,,,,,
8e34c45f-153e-4462-bbdd-f93ae0054aa0,4589164c-d275-47b0-8c9e-f9fdb74594c8,Machine Learning,AI/ML,INTERMEDIATE,61.2,False,,,,,,
f8d8abaf-cb77-4e99-bb50-8fd9cfb348ee,4589164c-d275-47b0-8c9e-f9fdb74594c8,MongoDB,Database,INTERMEDIATE,41.5,False,,,,,,
3f771b0a-3900-47a8-b251-31d466bc57c6,1df0ef92-2c69-4e66-87da-62e8185dac87,Power BI,Data Analytics,INTERMEDIATE,55.6,True,AWS Training,AWS Training,2025-02-11,CRED-AEF1C757BE,https://credentials.example.com/CRED-AEF1C757BE,https://credentials.example.com/CRED-AEF1C757BE
746d7a7a-70eb-42f0-90e2-e80fc70af7f2,e52949df-5928-4aaf-8e10-4ef6cdcb6d23,React,Web Development,BEGINNER,30.0,False,,,,,,
892d4ddf-cd3c-42c3-8a07-8b53ca9c892e,e52949df-5928-4aaf-8e10-4ef6cdcb6d23,Docker,DevOps,INTERMEDIATE,64.5,False,,,,,,
413d7994-71b6-4440-a903-6ee49d594041,e52949df-5928-4aaf-8e10-4ef6cdcb6d23,TensorFlow,AI/ML,EXPERT,93.8,True,AWS Training,AWS Training,2026-07-31,CRED-A975C4D79F,https://credentials.example.com/CRED-A975C4D79F,https://credentials.example.com/CRED-A975C4D79F
db503029-349b-4632-9cd7-158e95df0497,e52949df-5928-4aaf-8e10-4ef6cdcb6d23,Kubernetes,DevOps,EXPERT,79.0,False,,,,,,
652425e2-88a8-40d8-8bc3-3a27c84f9b01,c9f54af6-5ba7-49a6-b967-db9c30bcc087,MongoDB,Database,INTERMEDIATE,54.4,False,,,,,,
b8f96a85-5770-4006-81b8-b9e8166e4ca4,c9f54af6-5ba7-49a6-b967-db9c30bcc087,Node.js,Web Development,EXPERT,90.8,True,NPTEL,NPTEL,2026-03-18,CRED-6342399A3E,https://credentials.example.com/CRED-6342399A3E,https://credentials.example.com/CRED-6342399A3E
a08f90d3-2663-49aa-b9e6-0342afc98d09,c9f54af6-5ba7-49a6-b967-db9c30bcc087,JavaScript,Programming,INTERMEDIATE,58.1,False,,,,,,
74ad2ecb-2a1a-4725-b885-3d736805fda8,c9f54af6-5ba7-49a6-b967-db9c30bcc087,Java,Programming,BEGINNER,38.3,False,,,,,,
4dbb1e3c-2b74-490b-a215-e45f1f891698,c9f54af6-5ba7-49a6-b967-db9c30bcc087,Git,Tools,ADVANCED,78.0,False,,,,,,
530db772-3164-494d-a895-8c535cb223a5,b202b3df-ac05-4fce-b02b-68c6b6b9ec4d,C++,Programming,BEGINNER,32.9,True,Coursera,Coursera,2026-06-30,CRED-0767D3484F,https://credentials.example.com/CRED-0767D3484F,https://credentials.example.com/CRED-0767D3484F
7e8d9781-330d-4d24-88e3-9038ab091cde,b202b3df-ac05-4fce-b02b-68c6b6b9ec4d,JavaScript,Programming,INTERMEDIATE,59.2,False,,,,,,
e7f2837b-5f0e-4a57-9bdb-525df58da074,b202b3df-ac05-4fce-b02b-68c6b6b9ec4d,React,Web Development,ADVANCED,81.4,True,Udemy,Udemy,2025-03-15,CRED-89A6D9728A,https://credentials.example.com/CRED-89A6D9728A,https://credentials.example.com/CRED-89A6D9728A
fa135e25-4a2f-4b73-a35d-26254564b98b,e6e9a470-fad6-41c1-ad29-6ece296a80bb,Power BI,Data Analytics,BEGINNER,23.1,False,,,,,,
fd23e2e2-1dce-4643-8aa4-7bd7a1f70f5b,e6e9a470-fad6-41c1-ad29-6ece296a80bb,React,Web Development,INTERMEDIATE,36.1,False,,,,,,
a0b9c917-c263-4e36-86d9-84c124ccec53,16383687-f45e-434a-afaf-d6a562f498be,AWS,Cloud,INTERMEDIATE,50.0,False,,,,,,
002ae693-9972-4956-b272-56b28b153cb7,16383687-f45e-434a-afaf-d6a562f498be,SQL,Database,BEGINNER,19.3,False,,,,,,
330f376c-78dd-4625-850c-f26c54d17ad5,16383687-f45e-434a-afaf-d6a562f498be,Kubernetes,DevOps,INTERMEDIATE,40.3,False,,,,,,
b46325d8-834b-4a6b-8b37-66b014c62431,117e01b1-419c-4978-8e31-27aeed6b520a,Deep Learning,AI/ML,BEGINNER,30.2,False,,,,,,
7d00c160-8dab-4233-96a0-c4d0d99bbf4b,117e01b1-419c-4978-8e31-27aeed6b520a,Power BI,Data Analytics,ADVANCED,67.5,False,,,,,,
77a2ba78-da16-4ffd-81d1-9fcb098b74dc,117e01b1-419c-4978-8e31-27aeed6b520a,Excel,Data Analytics,BEGINNER,39.3,False,,,,,,
ab65f948-23ed-48c3-be4d-74274d0b3603,3b3054d6-369d-41fe-b36c-3954a9b0cdfd,MongoDB,Database,BEGINNER,42.3,False,,,,,,
1e22fb92-3481-4d33-b535-f75b27c0addb,3b3054d6-369d-41fe-b36c-3954a9b0cdfd,Deep Learning,AI/ML,BEGINNER,5.0,False,,,,,,
39a55859-0c5b-4b3b-92ee-903738def245,3b3054d6-369d-41fe-b36c-3954a9b0cdfd,Figma,Design,BEGINNER,38.9,True,NPTEL,NPTEL,2026-08-10,CRED-E697BD25EE,https://credentials.example.com/CRED-E697BD25EE,https://credentials.example.com/CRED-E697BD25EE
99df8d18-83fa-4fad-a457-069c8297e666,14782e0a-46cc-42a7-9b74-f972af5f186f,Deep Learning,AI/ML,INTERMEDIATE,61.3,False,,,,,,
c87542b1-b920-4b2f-8f57-9b0a818a9c10,14782e0a-46cc-42a7-9b74-f972af5f186f,C++,Programming,BEGINNER,22.7,False,,,,,,
fba2578e-f652-473a-a0b5-9c8802253690,14782e0a-46cc-42a7-9b74-f972af5f186f,Git,Tools,ADVANCED,90.6,False,,,,,,
6a4d7aca-ad2a-496c-9fbb-a9aa67b2a543,14782e0a-46cc-42a7-9b74-f972af5f186f,Data Structures & Algorithms,Core CS,ADVANCED,80.7,True,Coursera,Coursera,2025-01-06,CRED-5DE434D4EF,https://credentials.example.com/CRED-5DE434D4EF,https://credentials.example.com/CRED-5DE434D4EF
e2f80dde-a529-4d8e-9157-9075bc7d0bae,14782e0a-46cc-42a7-9b74-f972af5f186f,Java,Programming,INTERMEDIATE,62.6,False,,,,,,
8e6d2fa5-5e9a-4bbf-8211-50acd1770c2c,e709cd63-0940-4942-9a2e-6279b5673342,Python,Programming,BEGINNER,38.1,False,,,,,,
8e08e17f-3a66-4afa-9e08-482d18e63a39,e709cd63-0940-4942-9a2e-6279b5673342,JavaScript,Programming,BEGINNER,19.7,False,,,,,,
e457b81b-6805-4470-9278-80160b146f62,6b907d9a-8065-474a-8bad-7551122e8c1a,Java,Programming,BEGINNER,16.4,False,,,,,,
e9c58ae3-6f08-463d-8f55-b25e8ffc1321,6b907d9a-8065-474a-8bad-7551122e8c1a,Kubernetes,DevOps,ADVANCED,77.5,False,,,,,,
fadd41eb-bfae-47c2-80b6-ec7f44defc2b,6b907d9a-8065-474a-8bad-7551122e8c1a,Power BI,Data Analytics,ADVANCED,70.5,True,NPTEL,NPTEL,2026-01-05,CRED-36D8209808,https://credentials.example.com/CRED-36D8209808,https://credentials.example.com/CRED-36D8209808
a3c68288-014f-494d-b914-cc17ed9e6e87,6b907d9a-8065-474a-8bad-7551122e8c1a,Node.js,Web Development,BEGINNER,17.5,False,,,,,,
eecec709-e3d8-452a-81c1-4e304395bd34,6b907d9a-8065-474a-8bad-7551122e8c1a,Figma,Design,EXPERT,82.7,True,NPTEL,NPTEL,2025-06-08,CRED-67550272A8,https://credentials.example.com/CRED-67550272A8,https://credentials.example.com/CRED-67550272A8
a50618bd-f609-4582-aa38-30f880838c18,39bf36b7-b053-42c2-939f-c419bb61b575,MongoDB,Database,BEGINNER,43.5,False,,,,,,
a9c4b347-7080-4185-b8a1-9d0f26543443,39bf36b7-b053-42c2-939f-c419bb61b575,Power BI,Data Analytics,INTERMEDIATE,33.5,False,,,,,,
5cc8c343-3b53-4d5d-9331-080e32727619,37b6477b-72eb-4463-996c-9a0eed5f9613,C++,Programming,INTERMEDIATE,47.4,True,Udemy,Udemy,2025-10-20,CRED-B269E90F78,https://credentials.example.com/CRED-B269E90F78,https://credentials.example.com/CRED-B269E90F78
956a1cc5-a4b3-48cd-ae74-e12af24553bc,37b6477b-72eb-4463-996c-9a0eed5f9613,Deep Learning,AI/ML,BEGINNER,32.1,False,,,,,,
e43cfa4b-066c-471b-b7f2-479a90d53c4b,894ef0d9-6824-4d59-a097-f3d413892740,Machine Learning,AI/ML,ADVANCED,80.9,False,,,,,,
bd2b37e2-d676-465c-82d3-cdc95ed04f16,894ef0d9-6824-4d59-a097-f3d413892740,Power BI,Data Analytics,EXPERT,79.5,True,AWS Training,AWS Training,2025-09-16,CRED-AD5AE55600,https://credentials.example.com/CRED-AD5AE55600,https://credentials.example.com/CRED-AD5AE55600
c1217b9a-d71d-4efb-866b-622d2b719395,894ef0d9-6824-4d59-a097-f3d413892740,Linux,Systems,ADVANCED,68.9,True,NPTEL,NPTEL,2025-08-29,CRED-D1E90CC798,https://credentials.example.com/CRED-D1E90CC798,https://credentials.example.com/CRED-D1E90CC798
ad6bc81e-4f9f-441d-ad09-731fc6d98486,e36650ad-b473-4508-88d7-99356c7cd0f5,Power BI,Data Analytics,INTERMEDIATE,54.4,False,,,,,,
d02b58ec-6bda-487e-9e30-bd26b06b6201,e36650ad-b473-4508-88d7-99356c7cd0f5,Node.js,Web Development,EXPERT,100.0,True,Coursera,Coursera,2025-05-14,CRED-661071D1AF,https://credentials.example.com/CRED-661071D1AF,https://credentials.example.com/CRED-661071D1AF
f3faf633-b874-4f0d-a72e-01be93e8003e,6ab4f569-a668-4546-98c7-272c06409571,AWS,Cloud,INTERMEDIATE,60.2,False,,,,,,
9ad9f8b7-f492-486e-aa12-78d729cd0ef4,6ab4f569-a668-4546-98c7-272c06409571,Data Structures & Algorithms,Core CS,ADVANCED,84.7,False,,,,,,
c425d236-2d55-40ef-9fa9-c0dd48da3a6f,6ab4f569-a668-4546-98c7-272c06409571,Linux,Systems,BEGINNER,29.9,False,,,,,,
9bf73773-b4ae-4792-96f7-9fe37481ff24,df61065c-0a4f-4fb1-9b92-e86c88aab30e,React,Web Development,INTERMEDIATE,46.4,False,,,,,,
3c834a07-c912-4242-a740-cd8760677f30,df61065c-0a4f-4fb1-9b92-e86c88aab30e,AWS,Cloud,ADVANCED,68.2,True,NPTEL,NPTEL,2025-07-23,CRED-8D96909F2F,https://credentials.example.com/CRED-8D96909F2F,https://credentials.example.com/CRED-8D96909F2F
6128afad-1616-4aae-8d60-030bbc041709,b4f3fc08-dfc7-407f-a48a-e9995cb85ade,C++,Programming,BEGINNER,38.7,False,,,,,,
054238e9-2438-4789-9d60-48f7d15b57f9,b4f3fc08-dfc7-407f-a48a-e9995cb85ade,Linux,Systems,INTERMEDIATE,52.1,False,,,,,,
af8a33c5-8e82-40bc-b07e-caf9dc0d2f73,8bc81522-a65f-436a-b15b-e30e34ba369d,Git,Tools,BEGINNER,25.7,False,,,,,,
3b7af09b-a18f-401e-b564-57efd87d9341,8bc81522-a65f-436a-b15b-e30e34ba369d,Node.js,Web Development,BEGINNER,31.5,True,Coursera,Coursera,2025-11-27,CRED-6048391B36,https://credentials.example.com/CRED-6048391B36,https://credentials.example.com/CRED-6048391B36
ea41481b-7bad-48f5-af70-409cad4c072c,8bc81522-a65f-436a-b15b-e30e34ba369d,JavaScript,Programming,BEGINNER,23.8,False,,,,,,
d14e3f73-1f94-448c-9bb8-a3e889101348,8c0dd4b2-e2fa-4dac-9c61-f71cb9fca72a,Deep Learning,AI/ML,ADVANCED,93.7,True,Google,Google,2026-01-03,CRED-E7C1012802,https://credentials.example.com/CRED-E7C1012802,https://credentials.example.com/CRED-E7C1012802
5505a465-5ab0-49b7-9f67-52eab423f3f5,8c0dd4b2-e2fa-4dac-9c61-f71cb9fca72a,Git,Tools,ADVANCED,42.4,False,,,,,,
c827c758-2248-4961-89b6-00d58922d931,6833a84b-cae2-4f55-aeee-c22d71848337,JavaScript,Programming,ADVANCED,80.9,True,Coursera,Coursera,2026-07-31,CRED-10028A54F7,https://credentials.example.com/CRED-10028A54F7,https://credentials.example.com/CRED-10028A54F7
a7631bb4-5066-43bd-b592-cf80660af381,6833a84b-cae2-4f55-aeee-c22d71848337,Java,Programming,INTERMEDIATE,42.7,False,,,,,,
0fbb5037-f266-470e-9b36-1fa672d98b32,6833a84b-cae2-4f55-aeee-c22d71848337,TensorFlow,AI/ML,INTERMEDIATE,64.5,False,,,,,,
f82912ed-1b95-48c0-b2ba-1657fdf1d1d4,0a18551c-62eb-4cd9-a3d9-6f7eb2cf2b1c,Data Structures & Algorithms,Core CS,INTERMEDIATE,55.5,False,,,,,,
73144000-354d-454b-99cf-7a0dcfe33f63,261a1c6d-ca73-48e8-ad71-ff4321c7569a,Kubernetes,DevOps,BEGINNER,36.7,False,,,,,,
719d6e59-c018-4310-845c-a8eec0ad3eed,261a1c6d-ca73-48e8-ad71-ff4321c7569a,SQL,Database,ADVANCED,67.3,True,Microsoft,Microsoft,2025-01-01,CRED-8D39B47A39,https://credentials.example.com/CRED-8D39B47A39,https://credentials.example.com/CRED-8D39B47A39
32fb7e22-632c-4f57-83f2-794fa7a183b1,261a1c6d-ca73-48e8-ad71-ff4321c7569a,MongoDB,Database,ADVANCED,85.8,True,Coursera,Coursera,2025-06-26,CRED-CAFD0DA98B,https://credentials.example.com/CRED-CAFD0DA98B,https://credentials.example.com/CRED-CAFD0DA98B
6b4ef584-e218-43c7-b0de-41f3e4e18b04,8326ecc9-b00b-483b-b032-ed78852796c1,Java,Programming,BEGINNER,29.0,True,Microsoft,Microsoft,2025-03-05,CRED-009B90BA83,https://credentials.example.com/CRED-009B90BA83,https://credentials.example.com/CRED-009B90BA83
aa4f4525-99fa-444e-ad32-cee3394ef666,8326ecc9-b00b-483b-b032-ed78852796c1,C++,Programming,ADVANCED,86.3,False,,,,,,
679af279-ca18-4f89-9556-2d95c28fd416,8326ecc9-b00b-483b-b032-ed78852796c1,TensorFlow,AI/ML,INTERMEDIATE,63.0,False,,,,,,
9b135613-72c9-42a7-a1d0-3985f979683d,8326ecc9-b00b-483b-b032-ed78852796c1,AWS,Cloud,BEGINNER,20.3,False,,,,,,
da3e4ae8-2bf5-44bb-a122-a8b93c235724,466ca839-b689-4476-9d1f-ccbc87bdbbd6,JavaScript,Programming,ADVANCED,100.0,False,,,,,,
daef598f-37b7-4380-bc31-497c8c826b59,150cf0cf-578b-426a-98da-b9c6202ffe78,Docker,DevOps,EXPERT,100.0,True,Google,Google,2026-06-01,CRED-1FB08084E2,https://credentials.example.com/CRED-1FB08084E2,https://credentials.example.com/CRED-1FB08084E2
f66a65e9-c33c-4b19-a84a-1cfafa6fe140,150cf0cf-578b-426a-98da-b9c6202ffe78,Machine Learning,AI/ML,ADVANCED,84.7,True,AWS Training,AWS Training,2025-11-19,CRED-43133DF847,https://credentials.example.com/CRED-43133DF847,https://credentials.example.com/CRED-43133DF847
b36440d8-cc3f-4c40-8804-51854dd6ba87,1b72a24f-b08f-49a4-a035-c9407cfe0e5f,C++,Programming,BEGINNER,24.8,False,,,,,,
c9c2c8a1-9024-4a96-a349-a49063f46bba,1b72a24f-b08f-49a4-a035-c9407cfe0e5f,Git,Tools,INTERMEDIATE,62.5,False,,,,,,
d3e76b87-0cd6-486d-927c-c659339c358a,328336ab-7588-45a7-8ac0-422d2245d8b7,Power BI,Data Analytics,BEGINNER,32.6,False,,,,,,
b3aa5603-10f4-44a9-9085-4015d61ef39f,4614f111-3026-4243-876e-3ce750ab5594,SQL,Database,BEGINNER,12.1,False,,,,,,
123b6890-9748-459a-b242-338a0a0de0c4,4614f111-3026-4243-876e-3ce750ab5594,C++,Programming,BEGINNER,28.8,False,,,,,,
23f27d08-b3aa-4314-a77c-8f06c5f386d2,778b9820-9219-45b9-a52c-b41646381bb9,TensorFlow,AI/ML,INTERMEDIATE,36.1,False,,,,,,
b6f23a2f-3667-4354-9990-66b7d712d4fb,778b9820-9219-45b9-a52c-b41646381bb9,Machine Learning,AI/ML,BEGINNER,33.9,False,,,,,,
d51f443f-2493-401b-9b57-c27f405ecbbe,778b9820-9219-45b9-a52c-b41646381bb9,Python,Programming,INTERMEDIATE,59.2,False,,,,,,
3f33a0e1-b15d-4dcb-adf2-9f7a7f2cee7b,778b9820-9219-45b9-a52c-b41646381bb9,SQL,Database,BEGINNER,35.9,True,NPTEL,NPTEL,2025-01-23,CRED-47A6BE007F,https://credentials.example.com/CRED-47A6BE007F,https://credentials.example.com/CRED-47A6BE007F
9ce5d45d-70e5-4041-bb10-d5de2da9a466,778b9820-9219-45b9-a52c-b41646381bb9,Figma,Design,ADVANCED,74.9,True,NPTEL,NPTEL,2026-04-20,CRED-3F54095E94,https://credentials.example.com/CRED-3F54095E94,https://credentials.example.com/CRED-3F54095E94
91e75ac4-728c-4b7b-a185-272bb913e548,0c5aa003-a3ff-4fda-9e60-5fa595d77120,Node.js,Web Development,INTERMEDIATE,55.5,True,Google,Google,2025-02-09,CRED-C6FE09AED0,https://credentials.example.com/CRED-C6FE09AED0,https://credentials.example.com/CRED-C6FE09AED0
c8d5fca8-4e7b-4988-8718-832de394d36e,0c5aa003-a3ff-4fda-9e60-5fa595d77120,Linux,Systems,INTERMEDIATE,39.4,False,,,,,,
12d74dfc-17df-4986-91c3-3eb7fa91bdb7,0c5aa003-a3ff-4fda-9e60-5fa595d77120,Power BI,Data Analytics,EXPERT,95.2,True,Coursera,Coursera,2026-03-04,CRED-28323054C3,https://credentials.example.com/CRED-28323054C3,https://credentials.example.com/CRED-28323054C3
eab92645-2fa7-4c35-938b-97fb96e4ae5d,0c5aa003-a3ff-4fda-9e60-5fa595d77120,Data Structures & Algorithms,Core CS,ADVANCED,99.1,False,,,,,,
a5ec8f88-10e9-4c01-abb7-b794130aeb05,42d9c168-fd14-43c0-b16a-ee1a15541af1,TensorFlow,AI/ML,ADVANCED,68.3,False,,,,,,
3502eb6c-3a50-499b-8c2c-b24ccbd9ca51,42d9c168-fd14-43c0-b16a-ee1a15541af1,Data Structures & Algorithms,Core CS,INTERMEDIATE,68.0,False,,,,,,
3dfd9a5d-3a7b-47bd-a4e2-3c40ff5cf25f,713e38c0-a659-45c2-b1c0-a721df3d791f,Python,Programming,INTERMEDIATE,61.3,False,,,,,,
3333bcf0-c81c-492f-b50b-9a9282b78f08,713e38c0-a659-45c2-b1c0-a721df3d791f,MongoDB,Database,INTERMEDIATE,41.3,False,,,,,,
d623c3f9-e36c-445e-a573-0f82a59fc19c,b0d6e898-db9a-4a7d-8e83-e1411e202459,React,Web Development,INTERMEDIATE,47.9,False,,,,,,
2a61ea2b-09c2-46b2-aeba-b44a9327371f,b0d6e898-db9a-4a7d-8e83-e1411e202459,Deep Learning,AI/ML,BEGINNER,40.7,False,,,,,,
9e38661c-049c-4b30-9343-3ef8be7ef229,09430dca-fd8c-41d9-a410-b11374f07e3e,Deep Learning,AI/ML,INTERMEDIATE,45.8,False,,,,,,
e5ec3297-33c6-4535-8073-30be1d43f735,09430dca-fd8c-41d9-a410-b11374f07e3e,Excel,Data Analytics,BEGINNER,23.4,False,,,,,,
1fd2ba4f-1dfa-4fb0-a153-da6d8a4915e1,09430dca-fd8c-41d9-a410-b11374f07e3e,Docker,DevOps,BEGINNER,32.5,False,,,,,,
88faf839-843c-4eb2-9568-ff2e3d291afd,09430dca-fd8c-41d9-a410-b11374f07e3e,TensorFlow,AI/ML,INTERMEDIATE,51.0,False,,,,,,
0344506a-e747-45b1-847b-d971d3b6c08a,09430dca-fd8c-41d9-a410-b11374f07e3e,Data Structures & Algorithms,Core CS,BEGINNER,36.9,True,Google,Google,2026-03-23,CRED-F5D188F768,https://credentials.example.com/CRED-F5D188F768,https://credentials.example.com/CRED-F5D188F768
a21905eb-f134-4bf0-8c74-11c8e0e8e2a3,2f25aea6-f628-454d-94da-c033a75d09f7,JavaScript,Programming,INTERMEDIATE,48.0,False,,,,,,
039534d8-5046-4b35-b5c3-985cc7533e7e,3a493c90-6eab-4969-8522-1072ea4620ca,C++,Programming,ADVANCED,70.3,True,Google,Google,2025-08-19,CRED-E0B8F9F7B7,https://credentials.example.com/CRED-E0B8F9F7B7,https://credentials.example.com/CRED-E0B8F9F7B7
929c4d56-561a-4025-be77-e3daeeb4c058,3a493c90-6eab-4969-8522-1072ea4620ca,JavaScript,Programming,EXPERT,100.0,True,AWS Training,AWS Training,2026-01-31,CRED-E8BA08662A,https://credentials.example.com/CRED-E8BA08662A,https://credentials.example.com/CRED-E8BA08662A
755a170b-d9af-406a-97f9-0487add8793d,3a493c90-6eab-4969-8522-1072ea4620ca,Kubernetes,DevOps,EXPERT,90.0,False,,,,,,
0a7fc039-8378-4236-a756-7a5745ba920b,3a493c90-6eab-4969-8522-1072ea4620ca,Python,Programming,BEGINNER,40.2,True,Microsoft,Microsoft,2025-06-04,CRED-E7EFBBA441,https://credentials.example.com/CRED-E7EFBBA441,https://credentials.example.com/CRED-E7EFBBA441
a31528df-5296-43c7-9212-508f911fb9f6,aa83ea2c-6542-46be-8585-263bd02f139a,Docker,DevOps,INTERMEDIATE,41.6,False,,,,,,
cb741ecc-3b24-4a97-8f81-b5e39d2bffc1,aa83ea2c-6542-46be-8585-263bd02f139a,React,Web Development,INTERMEDIATE,43.1,False,,,,,,
acf8b404-1510-485f-aef1-33c8a39e9c9d,aa83ea2c-6542-46be-8585-263bd02f139a,JavaScript,Programming,ADVANCED,90.1,True,Microsoft,Microsoft,2025-10-31,CRED-19547F636B,https://credentials.example.com/CRED-19547F636B,https://credentials.example.com/CRED-19547F636B
ef288fdc-618a-4685-adbe-8ee10430e505,aa83ea2c-6542-46be-8585-263bd02f139a,TensorFlow,AI/ML,BEGINNER,24.0,False,,,,,,
801f3f63-6cef-4785-b681-d507bed324fc,e04fdc39-93a8-42ed-8364-226fa8743f77,Deep Learning,AI/ML,ADVANCED,78.5,False,,,,,,
dc5d45a2-b71f-4695-9a2c-87c0582defa2,e04fdc39-93a8-42ed-8364-226fa8743f77,Kubernetes,DevOps,INTERMEDIATE,47.7,False,,,,,,
af69e252-4fd9-4918-9b30-b13eb6bcb092,7d968e88-bbbc-42ce-88ea-a4568137d982,TensorFlow,AI/ML,INTERMEDIATE,56.0,False,,,,,,
188d74cc-7280-4220-b7f2-151ec8b60af2,7d968e88-bbbc-42ce-88ea-a4568137d982,Docker,DevOps,BEGINNER,45.9,False,,,,,,
492e4883-9de0-48a5-a720-dad92bc352b0,7d968e88-bbbc-42ce-88ea-a4568137d982,Linux,Systems,ADVANCED,64.1,False,,,,,,
d0187f08-ebec-4eeb-9e08-80d75f715b81,7d968e88-bbbc-42ce-88ea-a4568137d982,Java,Programming,INTERMEDIATE,57.4,False,,,,,,
8b7c316e-8cef-47a4-8336-c2486364f48c,73e3e45f-f043-4023-8fd5-48b1b21973ff,Python,Programming,BEGINNER,36.2,False,,,,,,
7d68c278-30eb-4f80-b999-e275e22b7672,73e3e45f-f043-4023-8fd5-48b1b21973ff,C++,Programming,ADVANCED,74.5,True,Udemy,Udemy,2025-01-28,CRED-4311861C11,https://credentials.example.com/CRED-4311861C11,https://credentials.example.com/CRED-4311861C11
b75d8a66-f460-4a37-9bd1-a6fc1032097e,73e3e45f-f043-4023-8fd5-48b1b21973ff,Deep Learning,AI/ML,INTERMEDIATE,59.8,False,,,,,,
fb83f34a-06ed-4e39-baab-07203237bee9,73e3e45f-f043-4023-8fd5-48b1b21973ff,Node.js,Web Development,BEGINNER,25.2,False,,,,,,
15942e44-0870-4904-ab37-dde5e2f07612,c644ae21-03f9-47ac-888a-e9adcc3bd5ba,MongoDB,Database,ADVANCED,85.4,False,,,,,,
90d1497f-2b7e-43eb-a025-d32bd9dac0c3,c644ae21-03f9-47ac-888a-e9adcc3bd5ba,Kubernetes,DevOps,INTERMEDIATE,54.4,False,,,,,,
989b1338-30bd-4e5d-bba2-6fffbb86bd19,c644ae21-03f9-47ac-888a-e9adcc3bd5ba,Python,Programming,EXPERT,83.2,True,Google,Google,2025-12-29,CRED-336386A4D3,https://credentials.example.com/CRED-336386A4D3,https://credentials.example.com/CRED-336386A4D3
9e55f57b-93db-4082-81c3-d555704195c3,c644ae21-03f9-47ac-888a-e9adcc3bd5ba,React,Web Development,BEGINNER,44.4,False,,,,,,
eb0fcbc9-6d5e-426a-b7e0-0e277cae86d5,c644ae21-03f9-47ac-888a-e9adcc3bd5ba,JavaScript,Programming,BEGINNER,31.9,False,,,,,,
0e48eb93-12bf-4873-9074-0453a5939121,da621c33-de01-4eb0-8abf-eec98a946ebc,React,Web Development,ADVANCED,80.7,True,Coursera,Coursera,2025-04-06,CRED-6F098AD943,https://credentials.example.com/CRED-6F098AD943,https://credentials.example.com/CRED-6F098AD943
860d5c91-1dbc-4ecf-a10d-de6c68c3e065,da621c33-de01-4eb0-8abf-eec98a946ebc,Java,Programming,INTERMEDIATE,55.0,False,,,,,,
28490f8c-4788-4321-b877-7158c43975eb,da621c33-de01-4eb0-8abf-eec98a946ebc,Deep Learning,AI/ML,INTERMEDIATE,55.5,True,NPTEL,NPTEL,2025-03-29,CRED-40621E19C5,https://credentials.example.com/CRED-40621E19C5,https://credentials.example.com/CRED-40621E19C5
309389b9-bbe8-41f8-bd64-ac49dceaba1a,da621c33-de01-4eb0-8abf-eec98a946ebc,MongoDB,Database,INTERMEDIATE,65.6,False,,,,,,
198801b5-93ee-4c14-add6-13c6e2f1ee7b,b69a176f-47a1-4ef4-9c21-1a8675f39902,Node.js,Web Development,BEGINNER,23.9,False,,,,,,
62042843-7fd2-4b2a-80c8-4816ed9a8468,6e21abd3-580d-4f8d-8855-8df61c01bb7f,Deep Learning,AI/ML,BEGINNER,22.0,False,,,,,,
a8f9705b-ba23-4c19-8067-82f8c583f813,6e21abd3-580d-4f8d-8855-8df61c01bb7f,Data Structures & Algorithms,Core CS,ADVANCED,92.4,False,,,,,,
f77b19a9-1da7-4009-a622-ebf4b9047ec4,6e21abd3-580d-4f8d-8855-8df61c01bb7f,AWS,Cloud,ADVANCED,93.4,False,,,,,,
8375fc39-c6f4-4fe8-b681-2027ccaeb4d1,d3fb4855-a101-4c14-a94d-ecd97e3191b6,Python,Programming,EXPERT,72.7,True,AWS Training,AWS Training,2025-01-19,CRED-1F254EB818,https://credentials.example.com/CRED-1F254EB818,https://credentials.example.com/CRED-1F254EB818
ca93c9ed-a14b-47de-9a62-23d1d279611e,f2323f7e-f5df-4968-9088-7aee14f4eb31,Machine Learning,AI/ML,INTERMEDIATE,46.6,False,,,,,,
57d5343f-140e-428a-9274-517b7a3ddfe8,f2323f7e-f5df-4968-9088-7aee14f4eb31,TensorFlow,AI/ML,BEGINNER,33.8,True,Microsoft,Microsoft,2026-08-02,CRED-376905BF11,https://credentials.example.com/CRED-376905BF11,https://credentials.example.com/CRED-376905BF11
c601efd4-7199-4de2-9547-6b9f03c9acad,f2323f7e-f5df-4968-9088-7aee14f4eb31,Docker,DevOps,BEGINNER,29.4,False,,,,,,
209ce6ee-7986-4eab-8ebc-2062f2e86e5c,f2323f7e-f5df-4968-9088-7aee14f4eb31,SQL,Database,EXPERT,98.0,True,NPTEL,NPTEL,2025-12-17,CRED-DED3955046,https://credentials.example.com/CRED-DED3955046,https://credentials.example.com/CRED-DED3955046
22fa2667-2f8f-40b2-bafe-e6912137fdbe,f2323f7e-f5df-4968-9088-7aee14f4eb31,Figma,Design,INTERMEDIATE,64.9,False,,,,,,
a423c791-76c8-4bf1-b6f8-f2d112a9881e,c604cd80-92e9-4f72-96ee-5f18f2411e2e,Power BI,Data Analytics,BEGINNER,34.7,False,,,,,,
7161c275-5bec-4395-9509-f87476117faa,c604cd80-92e9-4f72-96ee-5f18f2411e2e,Docker,DevOps,INTERMEDIATE,80.9,False,,,,,,
b9cb9b66-155e-4245-931a-f42110f1da40,c604cd80-92e9-4f72-96ee-5f18f2411e2e,MongoDB,Database,ADVANCED,85.0,True,Google,Google,2025-12-05,CRED-C5E9185AEF,https://credentials.example.com/CRED-C5E9185AEF,https://credentials.example.com/CRED-C5E9185AEF
0b646b14-9bb8-4127-9928-f579d866d740,c604cd80-92e9-4f72-96ee-5f18f2411e2e,Python,Programming,INTERMEDIATE,48.7,False,,,,,,
ff58958a-e7a4-43cd-81dd-665de35a5b86,16a33464-ab52-4756-9a86-449f75b11a5f,JavaScript,Programming,INTERMEDIATE,39.1,True,NPTEL,NPTEL,2026-03-24,CRED-9B882B9665,https://credentials.example.com/CRED-9B882B9665,https://credentials.example.com/CRED-9B882B9665
25ebfc2a-f5c2-465c-b528-2534bab06139,16a33464-ab52-4756-9a86-449f75b11a5f,Node.js,Web Development,ADVANCED,89.2,True,Coursera,Coursera,2025-03-01,CRED-8A8F82684B,https://credentials.example.com/CRED-8A8F82684B,https://credentials.example.com/CRED-8A8F82684B
dd0afb06-4773-46e3-b9d6-cd8bd3e9dbbe,16a33464-ab52-4756-9a86-449f75b11a5f,Figma,Design,BEGINNER,22.9,False,,,,,,
37de18fa-0f82-4b75-b031-9af38a1b0481,16a33464-ab52-4756-9a86-449f75b11a5f,Power BI,Data Analytics,ADVANCED,79.7,False,,,,,,
b81d8d12-9491-48ba-a30d-b02cd585ce25,57ed2e05-c77a-4f69-8cf7-78c8758232f0,Docker,DevOps,BEGINNER,31.0,False,,,,,,
54f2aa23-7d16-4da5-b1b9-0ded70ccbfb2,57ed2e05-c77a-4f69-8cf7-78c8758232f0,Python,Programming,INTERMEDIATE,54.1,False,,,,,,
ad92354b-6499-497b-9ba8-4d48ca2e7cdd,a77cf863-61c0-4dc2-a0c0-8bc118253a33,MongoDB,Database,BEGINNER,13.8,False,,,,,,
cf2a34b5-5cf4-47de-bd02-bbfb89f903ac,a77cf863-61c0-4dc2-a0c0-8bc118253a33,Machine Learning,AI/ML,ADVANCED,84.2,False,,,,,,
1f14eb2f-b40a-4c3c-93cf-15efc80ae144,a77cf863-61c0-4dc2-a0c0-8bc118253a33,Node.js,Web Development,BEGINNER,35.0,True,Coursera,Coursera,2025-04-05,CRED-B2A4A2DF66,https://credentials.example.com/CRED-B2A4A2DF66,https://credentials.example.com/CRED-B2A4A2DF66
d77fff60-7d78-4825-84a8-e3e0be53a11f,a77cf863-61c0-4dc2-a0c0-8bc118253a33,C++,Programming,BEGINNER,24.8,False,,,,,,
341b81e2-95bf-452e-9687-4540df856779,30eee6e9-a212-4cd0-b537-21290b8b9e3a,JavaScript,Programming,BEGINNER,39.4,False,,,,,,
b5d20b0e-c3d1-4756-bb8a-80f245cdaf3e,30eee6e9-a212-4cd0-b537-21290b8b9e3a,SQL,Database,BEGINNER,49.0,False,,,,,,
656230b7-23c0-4cc9-9d0d-8c0406e5df54,dde68789-89a6-4de6-94f8-e8eb1a3f599e,Machine Learning,AI/ML,BEGINNER,36.8,False,,,,,,
3fa02285-de40-44c7-acb9-74677fb5d9d5,dde68789-89a6-4de6-94f8-e8eb1a3f599e,Kubernetes,DevOps,ADVANCED,70.1,False,,,,,,
8623aa28-6ef4-490b-a4e7-e8ea8dfe1ad7,dde68789-89a6-4de6-94f8-e8eb1a3f599e,C++,Programming,INTERMEDIATE,50.2,False,,,,,,
b5e0f353-1d5d-459b-9302-8cc2215b8272,dde68789-89a6-4de6-94f8-e8eb1a3f599e,SQL,Database,BEGINNER,25.9,False,,,,,,
03cc28f1-0be5-4d76-b0bd-cca716f1055a,18564a06-d03c-41ff-b809-34e413e95595,Python,Programming,INTERMEDIATE,62.2,False,,,,,,
4c0eef63-d464-48e0-9eb4-215147d1a22b,18564a06-d03c-41ff-b809-34e413e95595,Data Structures & Algorithms,Core CS,INTERMEDIATE,59.4,False,,,,,,
02905c82-f008-4f51-bb76-a0bc2a1340a1,18564a06-d03c-41ff-b809-34e413e95595,Figma,Design,INTERMEDIATE,50.3,False,,,,,,
7380be21-8965-46cc-b80a-cd7a9f7bfe0c,d83832f5-1734-4f7e-a563-3d72a275e1f9,Node.js,Web Development,INTERMEDIATE,43.1,False,,,,,,
0fbc5822-ad76-4c7f-9c60-b3574263a754,81996176-e873-4bfd-ab3f-0c75096cbfff,Power BI,Data Analytics,EXPERT,86.8,False,,,,,,
def1c110-25ba-4c4f-9ede-13588bf92413,81996176-e873-4bfd-ab3f-0c75096cbfff,React,Web Development,ADVANCED,80.8,False,,,,,,
552310d9-3f17-459d-b490-b15181c163bc,9fe1bad4-ae63-4419-88ba-01dd166646c6,Git,Tools,BEGINNER,34.5,True,Google,Google,2025-02-20,CRED-833900B20C,https://credentials.example.com/CRED-833900B20C,https://credentials.example.com/CRED-833900B20C
d7c226f2-a29a-45d7-96f9-8266a8155e0d,9fe1bad4-ae63-4419-88ba-01dd166646c6,AWS,Cloud,INTERMEDIATE,54.7,False,,,,,,
be596366-d4d3-4fd5-9b48-16e26c35eaa0,1ea716bb-9a0b-4bfb-8309-27f15f00dd30,Git,Tools,ADVANCED,77.7,False,,,,,,
a47496a2-10db-4900-aa19-8cd3be0a1414,1ea716bb-9a0b-4bfb-8309-27f15f00dd30,Excel,Data Analytics,BEGINNER,26.2,False,,,,,,
d7b123b3-3f9d-4f3d-b51d-580547062541,1ea716bb-9a0b-4bfb-8309-27f15f00dd30,Node.js,Web Development,EXPERT,87.5,True,Microsoft,Microsoft,2025-04-11,CRED-732641C18F,https://credentials.example.com/CRED-732641C18F,https://credentials.example.com/CRED-732641C18F
44fbbbf6-865d-495e-9b12-e702b360fc14,1ea716bb-9a0b-4bfb-8309-27f15f00dd30,Python,Programming,INTERMEDIATE,61.2,False,,,,,,
c7b1b6a9-ce90-4700-8b08-f9a2d75c5c0d,1ea716bb-9a0b-4bfb-8309-27f15f00dd30,SQL,Database,INTERMEDIATE,46.4,False,,,,,,
2daf2586-d996-4a6d-b012-d635d3116eef,1bdf28f3-3c50-45b0-a013-366712b36e1d,Deep Learning,AI/ML,INTERMEDIATE,50.9,False,,,,,,
69b9d26f-44d0-496c-86d1-426ca0c3d386,1bdf28f3-3c50-45b0-a013-366712b36e1d,React,Web Development,BEGINNER,47.5,False,,,,,,
8ff22d9a-8a3a-4d7b-947d-92ef5e30ef10,1bdf28f3-3c50-45b0-a013-366712b36e1d,JavaScript,Programming,INTERMEDIATE,56.4,True,NPTEL,NPTEL,2025-04-18,CRED-19D59ED979,https://credentials.example.com/CRED-19D59ED979,https://credentials.example.com/CRED-19D59ED979
f1eda41c-1d9e-4e60-b135-687e1a192f2c,1bdf28f3-3c50-45b0-a013-366712b36e1d,Docker,DevOps,BEGINNER,17.9,True,Udemy,Udemy,2026-03-12,CRED-9CC69A5F5F,https://credentials.example.com/CRED-9CC69A5F5F,https://credentials.example.com/CRED-9CC69A5F5F
34aab892-f3e4-4130-978a-de5a29bfc00d,1bdf28f3-3c50-45b0-a013-366712b36e1d,C++,Programming,INTERMEDIATE,74.9,False,,,,,,
4883bd28-c2d6-4ea4-ae1f-49a4d3b6b602,a8d38e72-9780-41a5-bf96-540ee5e6085b,Figma,Design,ADVANCED,87.1,True,AWS Training,AWS Training,2025-12-07,CRED-82FC3357E9,https://credentials.example.com/CRED-82FC3357E9,https://credentials.example.com/CRED-82FC3357E9
0f54ee07-de49-4ee8-9d3d-f1c8f6750837,a8d38e72-9780-41a5-bf96-540ee5e6085b,Java,Programming,BEGINNER,40.7,False,,,,,,
2833ea2f-84bb-4c89-b4da-73a9d9bf43e0,a8d38e72-9780-41a5-bf96-540ee5e6085b,Power BI,Data Analytics,BEGINNER,30.0,False,,,,,,
6b2aa9c1-c6de-4548-8b3e-134e050e2166,a8d38e72-9780-41a5-bf96-540ee5e6085b,TensorFlow,AI/ML,INTERMEDIATE,59.9,False,,,,,,
d9cd1df9-41ea-4bea-9003-b81cd02b0a0c,51f87301-2d3b-46c7-b992-2d2a536a77c7,Deep Learning,AI/ML,BEGINNER,27.3,False,,,,,,
53a9ce9d-b04c-463e-8054-d9332bd79926,51f87301-2d3b-46c7-b992-2d2a536a77c7,MongoDB,Database,INTERMEDIATE,49.1,True,AWS Training,AWS Training,2025-11-15,CRED-91AD92326A,https://credentials.example.com/CRED-91AD92326A,https://credentials.example.com/CRED-91AD92326A
fe1db21b-09d2-413a-9ce8-6fcd8fce5fea,51f87301-2d3b-46c7-b992-2d2a536a77c7,AWS,Cloud,BEGINNER,18.0,False,,,,,,
9ba1073d-223a-4f71-af74-a16ae80347e9,f79c9f07-a125-4b05-9813-9ece9d090497,Data Structures & Algorithms,Core CS,BEGINNER,36.2,False,,,,,,
e47db8d4-9538-4df5-8893-b2775e6d3c38,c71ed509-d656-4e2f-8147-6f70e32ad06d,Java,Programming,EXPERT,77.3,False,,,,,,
60ef2831-c22b-470d-8e60-d51e7c1c53aa,c71ed509-d656-4e2f-8147-6f70e32ad06d,Python,Programming,BEGINNER,27.7,False,,,,,,
dd3bb61a-5132-4760-96db-742979900dad,c71ed509-d656-4e2f-8147-6f70e32ad06d,SQL,Database,INTERMEDIATE,64.5,False,,,,,,
94ec3055-a554-49ad-8d4b-cd56887f9e0a,c71ed509-d656-4e2f-8147-6f70e32ad06d,Figma,Design,BEGINNER,43.7,False,,,,,,
83b7af5b-0487-4add-9b83-6b32b4c05814,c71ed509-d656-4e2f-8147-6f70e32ad06d,Kubernetes,DevOps,ADVANCED,79.4,True,Microsoft,Microsoft,2025-03-15,CRED-475B874349,https://credentials.example.com/CRED-475B874349,https://credentials.example.com/CRED-475B874349
0917ca16-a153-423a-a608-5f1ecc9cb24a,82853abe-eccc-4f08-a4bd-7545c118be57,Power BI,Data Analytics,ADVANCED,81.7,True,Google,Google,2025-11-30,CRED-DFFE3FC113,https://credentials.example.com/CRED-DFFE3FC113,https://credentials.example.com/CRED-DFFE3FC113
d9446814-20e9-4117-aec4-bc43f761e423,82853abe-eccc-4f08-a4bd-7545c118be57,Machine Learning,AI/ML,BEGINNER,23.5,True,AWS Training,AWS Training,2025-06-09,CRED-9F79800012,https://credentials.example.com/CRED-9F79800012,https://credentials.example.com/CRED-9F79800012
18bc991a-9547-4be0-9e80-3d76fbe87f64,f3304073-90ab-4af6-8d9c-7896102e6a70,Git,Tools,INTERMEDIATE,73.8,False,,,,,,
336f47fb-5e6e-43df-a641-17b07e1ee855,f3304073-90ab-4af6-8d9c-7896102e6a70,C++,Programming,ADVANCED,68.0,True,Udemy,Udemy,2026-03-19,CRED-3E42107879,https://credentials.example.com/CRED-3E42107879,https://credentials.example.com/CRED-3E42107879
d756bb10-0155-4641-af05-ad3cd55dd397,f3304073-90ab-4af6-8d9c-7896102e6a70,Python,Programming,ADVANCED,78.9,True,Microsoft,Microsoft,2025-12-03,CRED-7CAB76A86C,https://credentials.example.com/CRED-7CAB76A86C,https://credentials.example.com/CRED-7CAB76A86C
4e22babb-7282-43ad-ac81-f3eadf493c32,f3304073-90ab-4af6-8d9c-7896102e6a70,Figma,Design,ADVANCED,91.7,True,Google,Google,2025-12-19,CRED-AEE1C13A60,https://credentials.example.com/CRED-AEE1C13A60,https://credentials.example.com/CRED-AEE1C13A60
da1c6bb7-e294-4e3b-852d-543662b66e9f,f3304073-90ab-4af6-8d9c-7896102e6a70,JavaScript,Programming,INTERMEDIATE,53.1,False,,,,,,
9291bd54-bb58-4d53-a0bc-4acbb31c3faf,fc73a073-b124-4bd5-bb86-7d25357071ed,TensorFlow,AI/ML,BEGINNER,23.2,False,,,,,,
2f96017f-4d19-446f-8744-5e014331ca7c,fc73a073-b124-4bd5-bb86-7d25357071ed,Deep Learning,AI/ML,INTERMEDIATE,41.0,True,NPTEL,NPTEL,2025-07-08,CRED-3A80B21602,https://credentials.example.com/CRED-3A80B21602,https://credentials.example.com/CRED-3A80B21602
2dcc146c-abdd-4f8d-b8ca-ac6e86c15c38,fc73a073-b124-4bd5-bb86-7d25357071ed,Excel,Data Analytics,ADVANCED,65.5,True,Google,Google,2025-06-19,CRED-46B6CA3BE4,https://credentials.example.com/CRED-46B6CA3BE4,https://credentials.example.com/CRED-46B6CA3BE4
a790d43b-13c3-458b-9c70-7056ce4faf96,fc73a073-b124-4bd5-bb86-7d25357071ed,Linux,Systems,BEGINNER,43.3,True,AWS Training,AWS Training,2025-12-31,CRED-C836598E05,https://credentials.example.com/CRED-C836598E05,https://credentials.example.com/CRED-C836598E05
ccb4f473-528b-4957-afcb-bd0c708b42af,fc73a073-b124-4bd5-bb86-7d25357071ed,Data Structures & Algorithms,Core CS,BEGINNER,45.8,False,,,,,,
12674100-64b8-4934-90e1-5cd942ffb5fa,66189ab4-7e6f-4424-9998-c750776e2aa0,Power BI,Data Analytics,EXPERT,99.2,True,NPTEL,NPTEL,2026-08-07,CRED-0812DED822,https://credentials.example.com/CRED-0812DED822,https://credentials.example.com/CRED-0812DED822
d1a2ab5a-5533-49df-b76f-df64f0d3ca42,bd787236-a7df-4f27-b9a5-5f483f9b46ce,Java,Programming,INTERMEDIATE,65.3,False,,,,,,
f47933ee-9abb-4c67-a2dd-b68337341480,bd787236-a7df-4f27-b9a5-5f483f9b46ce,SQL,Database,BEGINNER,36.1,False,,,,,,
f6f200b4-176b-4429-84e2-10b03d5cf979,bd787236-a7df-4f27-b9a5-5f483f9b46ce,Excel,Data Analytics,BEGINNER,26.6,False,,,,,,
edc25177-7b39-48ca-a5e5-689f9f97766d,bd787236-a7df-4f27-b9a5-5f483f9b46ce,Figma,Design,ADVANCED,78.7,False,,,,,,
c35ab084-68ca-4dbf-9812-a5f9273a3595,bd787236-a7df-4f27-b9a5-5f483f9b46ce,Docker,DevOps,BEGINNER,24.4,True,NPTEL,NPTEL,2025-03-23,CRED-F6EB6C0C92,https://credentials.example.com/CRED-F6EB6C0C92,https://credentials.example.com/CRED-F6EB6C0C92
4100cc1b-2384-4de4-aff1-c7f2eafb7ca4,17c3882a-6bfc-4535-beea-5c57a93bf0c5,C++,Programming,INTERMEDIATE,41.7,False,,,,,,
6c8e61ca-e74d-46c5-8b80-22198fc7208f,17c3882a-6bfc-4535-beea-5c57a93bf0c5,Figma,Design,BEGINNER,33.2,False,,,,,,
c223539e-4e1f-4c53-88e0-5320e90dbc61,1833c95e-89ca-488c-83f6-db55b15be6c9,Python,Programming,INTERMEDIATE,46.5,False,,,,,,
791d604d-3d19-45a0-a17f-98926e001ab9,1833c95e-89ca-488c-83f6-db55b15be6c9,JavaScript,Programming,INTERMEDIATE,61.0,False,,,,,,
730cebd0-191c-4957-97da-9868827301ad,510d08a6-65bc-4888-9ecd-7e637777e85d,JavaScript,Programming,INTERMEDIATE,57.5,False,,,,,,
733fc793-82d5-4b8e-8c9b-54ae9e5a2053,510d08a6-65bc-4888-9ecd-7e637777e85d,Figma,Design,BEGINNER,40.8,False,,,,,,
075730b2-1344-4f53-a295-e82fd1222c6c,510d08a6-65bc-4888-9ecd-7e637777e85d,Node.js,Web Development,BEGINNER,45.1,False,,,,,,
47aa88e3-60c7-4c0d-8d9e-9f9b98eaeefe,510d08a6-65bc-4888-9ecd-7e637777e85d,AWS,Cloud,INTERMEDIATE,58.4,False,,,,,,
250340f7-ab96-41ee-8b47-1cf22d4e55fe,fb5465af-b2ce-4889-bf1a-bb209b543f4e,AWS,Cloud,INTERMEDIATE,51.1,False,,,,,,
6b4117c7-5eaa-4c8e-beb7-3abd0982e523,fb5465af-b2ce-4889-bf1a-bb209b543f4e,MongoDB,Database,BEGINNER,28.3,False,,,,,,
0edf9194-ae5a-4567-86d0-276fc271eb97,fb5465af-b2ce-4889-bf1a-bb209b543f4e,JavaScript,Programming,BEGINNER,38.3,True,Udemy,Udemy,2026-01-15,CRED-8EEB55969A,https://credentials.example.com/CRED-8EEB55969A,https://credentials.example.com/CRED-8EEB55969A
b3ef61de-6943-4eed-a29b-5f9c2315349d,19db61bb-5108-40fe-8cba-ad1acee0730e,Python,Programming,EXPERT,96.5,True,Google,Google,2026-03-29,CRED-F43F120BE0,https://credentials.example.com/CRED-F43F120BE0,https://credentials.example.com/CRED-F43F120BE0
695aa501-495b-4ff3-933c-514d01e5ea31,19db61bb-5108-40fe-8cba-ad1acee0730e,AWS,Cloud,INTERMEDIATE,49.5,False,,,,,,
c456d610-dd11-4eb9-a0f3-a0d7cfcb6bb0,19db61bb-5108-40fe-8cba-ad1acee0730e,TensorFlow,AI/ML,INTERMEDIATE,56.6,False,,,,,,
408ea945-1ad9-44ec-a9f2-8f2927c76aaf,19db61bb-5108-40fe-8cba-ad1acee0730e,C++,Programming,INTERMEDIATE,69.8,False,,,,,,
f0031036-7408-4f48-879e-f45e7be0a198,916ea757-e807-45e5-a720-8767c5ee1cf5,Java,Programming,BEGINNER,33.4,False,,,,,,
cd99a3c5-1193-4f24-baca-80360fc61496,916ea757-e807-45e5-a720-8767c5ee1cf5,Deep Learning,AI/ML,INTERMEDIATE,56.8,True,Microsoft,Microsoft,2026-03-01,CRED-7890F5E60F,https://credentials.example.com/CRED-7890F5E60F,https://credentials.example.com/CRED-7890F5E60F
20fafc62-5b68-476e-b0f6-56910211f51d,916ea757-e807-45e5-a720-8767c5ee1cf5,Machine Learning,AI/ML,BEGINNER,24.4,True,Coursera,Coursera,2025-02-20,CRED-5A776DD0DB,https://credentials.example.com/CRED-5A776DD0DB,https://credentials.example.com/CRED-5A776DD0DB
439c06dc-2c6d-4ac7-ad62-25df9e513f6d,916ea757-e807-45e5-a720-8767c5ee1cf5,Figma,Design,INTERMEDIATE,60.9,False,,,,,,
3bccb2e8-b1db-4165-84c6-1a590d6662b3,cfb9f426-6c61-4aa5-85f6-271515a6c269,Data Structures & Algorithms,Core CS,ADVANCED,91.3,True,NPTEL,NPTEL,2025-02-10,CRED-C7B5CAA9C4,https://credentials.example.com/CRED-C7B5CAA9C4,https://credentials.example.com/CRED-C7B5CAA9C4
cd11a6bc-5076-4e39-980f-9b21e29e1ba4,cfb9f426-6c61-4aa5-85f6-271515a6c269,Kubernetes,DevOps,INTERMEDIATE,54.1,False,,,,,,
f14a8849-ea99-4606-8671-b8415481e34f,cfb9f426-6c61-4aa5-85f6-271515a6c269,Node.js,Web Development,BEGINNER,42.3,False,,,,,,
04f39642-dc60-4a8f-8760-8743a39809d4,cfb9f426-6c61-4aa5-85f6-271515a6c269,MongoDB,Database,ADVANCED,60.5,True,AWS Training,AWS Training,2026-06-10,CRED-184C240E60,https://credentials.example.com/CRED-184C240E60,https://credentials.example.com/CRED-184C240E60
f4e34a14-81d8-4e70-b901-31cbcf21681a,c0e077b4-548f-4c33-9a4e-b3722e77fefc,Git,Tools,INTERMEDIATE,36.4,True,Udemy,Udemy,2025-02-05,CRED-FC4B2CA489,https://credentials.example.com/CRED-FC4B2CA489,https://credentials.example.com/CRED-FC4B2CA489
098f5c2a-09a6-4abe-b1fc-f3fc53adb444,c0e077b4-548f-4c33-9a4e-b3722e77fefc,Python,Programming,BEGINNER,43.4,False,,,,,,
79f6e50b-f4b1-49e7-8b9e-32df5ac1b624,c0e077b4-548f-4c33-9a4e-b3722e77fefc,Docker,DevOps,INTERMEDIATE,52.7,False,,,,,,
98989363-a043-455d-8656-f4672f2eddc4,af537692-9020-4300-8c7a-5f3ebb8fd0ca,Kubernetes,DevOps,INTERMEDIATE,43.2,False,,,,,,
4c93432c-324a-4bd3-a9e4-0f20ae784a94,af537692-9020-4300-8c7a-5f3ebb8fd0ca,AWS,Cloud,INTERMEDIATE,44.5,False,,,,,,
d6950621-ae07-45a9-b05f-02b7f69aef4c,a5ac9296-e848-4351-bd7b-9dee39cea3ad,JavaScript,Programming,EXPERT,97.6,True,NPTEL,NPTEL,2026-06-13,CRED-6AAA7D2657,https://credentials.example.com/CRED-6AAA7D2657,https://credentials.example.com/CRED-6AAA7D2657
64739e72-13b2-44b3-9388-140753dff8d0,a5ac9296-e848-4351-bd7b-9dee39cea3ad,Machine Learning,AI/ML,BEGINNER,23.7,False,,,,,,
3c6ec599-babd-47f8-8364-3eb6a9694283,a5ac9296-e848-4351-bd7b-9dee39cea3ad,Docker,DevOps,INTERMEDIATE,47.8,False,,,,,,
6f4c839a-23a1-4ba8-ace0-75d0b71e8536,a5ac9296-e848-4351-bd7b-9dee39cea3ad,Power BI,Data Analytics,ADVANCED,83.4,False,,,,,,
e4b72dde-8517-468d-9c67-fc26024ac5b0,a5ac9296-e848-4351-bd7b-9dee39cea3ad,C++,Programming,INTERMEDIATE,24.3,False,,,,,,
06729677-68fe-4a61-bb75-4225ff4b110a,792afdf7-08ec-48f4-8bac-670a5347ed4c,Kubernetes,DevOps,INTERMEDIATE,47.6,False,,,,,,
c077054f-4a08-4ca5-82f5-84fe60d1ccae,792afdf7-08ec-48f4-8bac-670a5347ed4c,Data Structures & Algorithms,Core CS,EXPERT,89.7,True,Google,Google,2025-12-10,CRED-F4B3CC0742,https://credentials.example.com/CRED-F4B3CC0742,https://credentials.example.com/CRED-F4B3CC0742
9ced15a4-25e0-4247-8c91-d63b5563a205,792afdf7-08ec-48f4-8bac-670a5347ed4c,Deep Learning,AI/ML,BEGINNER,35.8,False,,,,,,
62f3dcd2-c2ae-4827-b7fa-9ebad419cba0,5a6d4646-27a2-44b4-859c-b9fe24289a00,Node.js,Web Development,ADVANCED,80.4,True,Udemy,Udemy,2025-11-02,CRED-2D1AA29327,https://credentials.example.com/CRED-2D1AA29327,https://credentials.example.com/CRED-2D1AA29327
6f477c02-dbaa-4db8-ad64-a4bc5512ac51,5a6d4646-27a2-44b4-859c-b9fe24289a00,Linux,Systems,EXPERT,97.7,True,NPTEL,NPTEL,2026-04-30,CRED-EC353C3CB9,https://credentials.example.com/CRED-EC353C3CB9,https://credentials.example.com/CRED-EC353C3CB9
3c93b72c-3780-4cfe-a7c4-f768b6fde34b,5a6d4646-27a2-44b4-859c-b9fe24289a00,React,Web Development,ADVANCED,84.3,True,AWS Training,AWS Training,2026-04-24,CRED-56EEA2A37C,https://credentials.example.com/CRED-56EEA2A37C,https://credentials.example.com/CRED-56EEA2A37C
75417575-5f0e-443d-abe9-874c654c0350,5a6d4646-27a2-44b4-859c-b9fe24289a00,Machine Learning,AI/ML,ADVANCED,61.5,False,,,,,,
409261e0-6b4c-4f00-be4b-f81dcd3892cb,15bb0eaf-5b47-4e1f-90fe-a437c541116b,Machine Learning,AI/ML,INTERMEDIATE,57.0,True,Google,Google,2025-08-08,CRED-99A3584C20,https://credentials.example.com/CRED-99A3584C20,https://credentials.example.com/CRED-99A3584C20
ba212b60-3e3b-432a-9993-50945f549e26,15bb0eaf-5b47-4e1f-90fe-a437c541116b,Node.js,Web Development,INTERMEDIATE,36.4,False,,,,,,
4b3ce220-ef84-43cc-8511-8c424da6678e,15bb0eaf-5b47-4e1f-90fe-a437c541116b,Figma,Design,BEGINNER,25.4,False,,,,,,
9e66b55f-ce54-4d45-88fa-b48f76f08eac,11a69a4f-88ea-4b47-a2a8-05e46b64f4d8,Excel,Data Analytics,EXPERT,89.0,False,,,,,,
9c18a1bc-144f-434a-aded-01827b4403f0,11a69a4f-88ea-4b47-a2a8-05e46b64f4d8,Deep Learning,AI/ML,ADVANCED,77.5,True,Udemy,Udemy,2025-09-10,CRED-3E910A347D,https://credentials.example.com/CRED-3E910A347D,https://credentials.example.com/CRED-3E910A347D
b80d83d4-50dd-4b60-89fa-fae8070e8201,8a098256-3eff-4121-8bb8-b0e8705539b4,Figma,Design,EXPERT,93.7,False,,,,,,
d73ea187-c762-475c-888b-c0bd845d942f,ef3f1624-7ab1-4a9b-939f-e677ebb360d0,Python,Programming,INTERMEDIATE,57.8,False,,,,,,
9c38944a-1ab9-4bb3-bad8-18241a9ebed4,ef3f1624-7ab1-4a9b-939f-e677ebb360d0,Machine Learning,AI/ML,INTERMEDIATE,38.7,False,,,,,,
60bd2f86-4850-480f-87c0-9d090abf4768,3fcad028-d89e-42be-a18b-a94532a70a96,Kubernetes,DevOps,INTERMEDIATE,51.0,True,Google,Google,2026-01-27,CRED-954432DB84,https://credentials.example.com/CRED-954432DB84,https://credentials.example.com/CRED-954432DB84
d0b03e37-c552-41f5-b3d8-fd5a74561f2e,3fcad028-d89e-42be-a18b-a94532a70a96,Deep Learning,AI/ML,INTERMEDIATE,69.9,False,,,,,,
03d913d6-e433-4270-b1de-d06b9344a063,3fcad028-d89e-42be-a18b-a94532a70a96,Python,Programming,BEGINNER,34.7,True,AWS Training,AWS Training,2026-04-25,CRED-7897E1AA14,https://credentials.example.com/CRED-7897E1AA14,https://credentials.example.com/CRED-7897E1AA14
eab72275-702a-476e-93c4-c2a46cca2045,3fcad028-d89e-42be-a18b-a94532a70a96,Linux,Systems,BEGINNER,25.9,True,Microsoft,Microsoft,2025-09-19,CRED-6E0A23C8D8,https://credentials.example.com/CRED-6E0A23C8D8,https://credentials.example.com/CRED-6E0A23C8D8
393e0af0-0006-4ef1-90bb-a8d0f24e4ee3,d1d451aa-21ca-4233-afd4-555637b49547,MongoDB,Database,ADVANCED,59.2,False,,,,,,
87882f20-adb4-44fb-a5a0-bdd0c161f75a,d1d451aa-21ca-4233-afd4-555637b49547,Java,Programming,BEGINNER,39.3,False,,,,,,
806297c8-f472-45d6-a075-082989d3497d,d1d451aa-21ca-4233-afd4-555637b49547,SQL,Database,BEGINNER,34.6,False,,,,,,
99832d41-fbfa-404b-9a98-9f46bed364d2,d1d451aa-21ca-4233-afd4-555637b49547,JavaScript,Programming,INTERMEDIATE,64.8,False,,,,,,
0cecc430-6ee9-4ce5-b95e-521786ac4928,d1d451aa-21ca-4233-afd4-555637b49547,Data Structures & Algorithms,Core CS,INTERMEDIATE,45.7,False,,,,,,
6a41d730-0289-45c7-8bc3-254036c92592,7db247af-6823-4298-b517-093dd0abbcb3,SQL,Database,BEGINNER,39.5,False,,,,,,
df4c88c2-876c-4255-9070-59c28a4badd2,7db247af-6823-4298-b517-093dd0abbcb3,Data Structures & Algorithms,Core CS,BEGINNER,38.0,False,,,,,,
e725875b-f563-43f0-9f56-6c47cf35477c,7db247af-6823-4298-b517-093dd0abbcb3,JavaScript,Programming,BEGINNER,22.7,False,,,,,,
c8a4c84e-be0f-4e76-b9d3-325332f9dd3c,7db247af-6823-4298-b517-093dd0abbcb3,Deep Learning,AI/ML,ADVANCED,71.5,True,Coursera,Coursera,2025-06-14,CRED-3B35F2728C,https://credentials.example.com/CRED-3B35F2728C,https://credentials.example.com/CRED-3B35F2728C
8fcfd429-16c1-4f4a-8a73-743a7220a0c8,3d8801ff-0630-430e-a453-05824da0b9c0,Java,Programming,BEGINNER,25.4,True,Microsoft,Microsoft,2025-03-11,CRED-D74E7674F5,https://credentials.example.com/CRED-D74E7674F5,https://credentials.example.com/CRED-D74E7674F5
1013fc5f-d6a2-480a-951e-804737dc3e79,3d8801ff-0630-430e-a453-05824da0b9c0,Data Structures & Algorithms,Core CS,INTERMEDIATE,65.0,False,,,,,,
8fc031b4-8426-4d02-9e53-e369d6b1ca57,3d8801ff-0630-430e-a453-05824da0b9c0,Docker,DevOps,INTERMEDIATE,49.2,True,Coursera,Coursera,2025-02-23,CRED-973D43BB7D,https://credentials.example.com/CRED-973D43BB7D,https://credentials.example.com/CRED-973D43BB7D
0ba67dc7-fcf6-4aca-928d-6c3835940d11,3d8801ff-0630-430e-a453-05824da0b9c0,JavaScript,Programming,INTERMEDIATE,45.1,False,,,,,,
6472c0f9-048a-4885-bc7d-cf490b4fafbc,70b10dd7-ddc3-4fdc-b7bd-dce70749210d,Excel,Data Analytics,BEGINNER,25.1,False,,,,,,
e94e404e-234c-4529-a014-deb2bdf7264c,ebc71a0e-0ba4-4dee-9661-db64e672c294,Python,Programming,BEGINNER,28.1,False,,,,,,
62a8e837-9b20-47b7-90ac-6513629d0cb1,ebc71a0e-0ba4-4dee-9661-db64e672c294,Kubernetes,DevOps,ADVANCED,60.9,False,,,,,,
005b1eac-34fe-429e-8b78-638ce633efff,28e36f0d-8920-44ce-9075-986fdbfe09bb,Power BI,Data Analytics,INTERMEDIATE,55.4,False,,,,,,
ad5426c0-7272-434e-bcd5-1a1bcdc57800,2a582e8f-eea9-4bfb-b2ae-152de1199ccb,Git,Tools,ADVANCED,83.8,True,Google,Google,2025-11-16,CRED-610C0DFD45,https://credentials.example.com/CRED-610C0DFD45,https://credentials.example.com/CRED-610C0DFD45
93273bb2-eb82-4c6f-85fc-8506d471c5f2,561a6a88-564d-4233-bffe-48347352024f,Node.js,Web Development,INTERMEDIATE,66.8,True,Microsoft,Microsoft,2025-05-14,CRED-B6D626AA5D,https://credentials.example.com/CRED-B6D626AA5D,https://credentials.example.com/CRED-B6D626AA5D
a5f2aab1-0de5-45a2-9bf6-87e009502a6a,561a6a88-564d-4233-bffe-48347352024f,JavaScript,Programming,INTERMEDIATE,48.9,False,,,,,,
ebcccf82-979a-49c9-972c-8e29f1a161b8,e9ef10b0-1171-4bea-8423-43c5b49dbe57,Machine Learning,AI/ML,INTERMEDIATE,38.7,False,,,,,,
5196a7be-10a9-4be4-9f0b-9c6c2dbaea47,e9ef10b0-1171-4bea-8423-43c5b49dbe57,Power BI,Data Analytics,INTERMEDIATE,63.1,False,,,,,,
f9278c1a-a2f3-4a81-92a9-2368ddd172e3,e9ef10b0-1171-4bea-8423-43c5b49dbe57,Java,Programming,INTERMEDIATE,65.8,False,,,,,,
8d054294-40c7-46db-bc36-a99c455c45de,dbac6907-6549-4f27-a048-d3f0f9f33b03,React,Web Development,BEGINNER,32.4,False,,,,,,
190ea770-f58f-4842-87a9-113895893d31,dbac6907-6549-4f27-a048-d3f0f9f33b03,Power BI,Data Analytics,BEGINNER,24.4,False,,,,,,
b0ec20a0-0374-445c-b4bb-629d3753ae04,dbac6907-6549-4f27-a048-d3f0f9f33b03,Node.js,Web Development,INTERMEDIATE,49.5,False,,,,,,
dd55199a-56bc-4a36-bd24-6203596309b8,dbac6907-6549-4f27-a048-d3f0f9f33b03,Linux,Systems,ADVANCED,73.8,False,,,,,,
85a544ab-6935-4dc8-a204-98042eb58f6c,dbac6907-6549-4f27-a048-d3f0f9f33b03,JavaScript,Programming,INTERMEDIATE,65.3,True,Coursera,Coursera,2025-04-12,CRED-9D46C097EA,https://credentials.example.com/CRED-9D46C097EA,https://credentials.example.com/CRED-9D46C097EA
8d01c337-b511-4e22-9af7-ca4bb57e976f,a95ff413-cfac-443c-ad48-0a89ddd9fa7b,Java,Programming,ADVANCED,89.8,False,,,,,,
890e30c9-0cc5-4d15-add9-8bffa894c730,a95ff413-cfac-443c-ad48-0a89ddd9fa7b,Deep Learning,AI/ML,BEGINNER,13.7,False,,,,,,
2c04564b-d0ae-4bc8-9667-3ee8327d7055,2bdabcc3-2e70-4201-b02c-45a7cd76215e,SQL,Database,INTERMEDIATE,60.2,False,,,,,,
1a350fb5-71bd-45d0-9f7e-a2ecd92185b2,2bdabcc3-2e70-4201-b02c-45a7cd76215e,Excel,Data Analytics,BEGINNER,23.1,False,,,,,,
8760f796-261a-4ca4-82e0-0742a9bd5efc,2bdabcc3-2e70-4201-b02c-45a7cd76215e,React,Web Development,BEGINNER,34.5,False,,,,,,
e62c8640-c2e9-4856-be3e-be67fbbf0561,2bdabcc3-2e70-4201-b02c-45a7cd76215e,JavaScript,Programming,BEGINNER,22.5,False,,,,,,
051629eb-5592-48c9-847d-f59478913f75,cdf960cc-20f0-4ed5-b302-3416ee54ce91,Excel,Data Analytics,INTERMEDIATE,69.6,False,,,,,,
3cee92d7-861d-42b8-8ed6-0e023ca02619,cdf960cc-20f0-4ed5-b302-3416ee54ce91,Java,Programming,INTERMEDIATE,66.5,False,,,,,,
2380f119-a1e3-4e69-80bf-2062e9aa1117,cdf960cc-20f0-4ed5-b302-3416ee54ce91,SQL,Database,ADVANCED,77.9,False,,,,,,
b0bbe044-f9b7-4bb7-beab-d52f7a02acb3,742ed6d3-a679-4e0e-bf16-5bc8d9f7a191,Docker,DevOps,INTERMEDIATE,53.3,False,,,,,,
3a0ab1ad-1465-43f5-bc9a-319b46da1fdf,742ed6d3-a679-4e0e-bf16-5bc8d9f7a191,Python,Programming,ADVANCED,84.3,False,,,,,,
5ac77fa1-768e-4d4a-af5f-ac90b26f2761,742ed6d3-a679-4e0e-bf16-5bc8d9f7a191,Data Structures & Algorithms,Core CS,INTERMEDIATE,64.4,False,,,,,,
077a5be5-f16d-4675-82aa-7a7701d7eafb,742ed6d3-a679-4e0e-bf16-5bc8d9f7a191,Excel,Data Analytics,ADVANCED,74.0,True,Microsoft,Microsoft,2025-08-12,CRED-3AF2EC4C04,https://credentials.example.com/CRED-3AF2EC4C04,https://credentials.example.com/CRED-3AF2EC4C04
20227053-4f7d-480d-a86c-1290faefddac,742ed6d3-a679-4e0e-bf16-5bc8d9f7a191,Power BI,Data Analytics,BEGINNER,26.4,False,,,,,,
8b74de89-17c6-4741-afdb-47952e7351c3,cf387281-581c-4a7e-8889-09483c9a887d,Linux,Systems,ADVANCED,82.2,False,,,,,,
74bb6fc1-0cf3-4e1c-ab19-dea6a12777e7,cf387281-581c-4a7e-8889-09483c9a887d,MongoDB,Database,INTERMEDIATE,66.0,False,,,,,,
f8c29974-c1c3-4e4b-97fd-b12908738216,947996c3-564a-4dec-b498-80fca7c5fef2,Python,Programming,ADVANCED,72.7,True,Google,Google,2026-05-28,CRED-89C0ECF705,https://credentials.example.com/CRED-89C0ECF705,https://credentials.example.com/CRED-89C0ECF705
ae93db8e-bdfc-4f05-b1df-8a361f5da0f0,947996c3-564a-4dec-b498-80fca7c5fef2,Linux,Systems,ADVANCED,82.2,False,,,,,,
e2a2e357-4111-40f3-a4cc-d02ef9f0a501,947996c3-564a-4dec-b498-80fca7c5fef2,C++,Programming,BEGINNER,48.0,False,,,,,,
d7d2f368-b8a5-495b-b8d9-54be49ed7987,947996c3-564a-4dec-b498-80fca7c5fef2,Power BI,Data Analytics,BEGINNER,19.9,True,Microsoft,Microsoft,2025-01-10,CRED-5DD254AE04,https://credentials.example.com/CRED-5DD254AE04,https://credentials.example.com/CRED-5DD254AE04
de25e935-debf-41b8-a9f6-290f0edd1d90,947996c3-564a-4dec-b498-80fca7c5fef2,Git,Tools,BEGINNER,41.7,False,,,,,,
781e9ef1-33af-4261-9099-0cdd9492272b,119148b9-3bd8-4d16-a1ba-2498025e7e5d,AWS,Cloud,BEGINNER,27.4,False,,,,,,
670749c7-06d2-44c9-88fa-6d9c1adae54b,119148b9-3bd8-4d16-a1ba-2498025e7e5d,Figma,Design,BEGINNER,36.7,False,,,,,,
959ccd28-e597-4c1e-99bf-500d438b06e8,b9a45883-a739-48f5-9db4-571916cf5e78,Docker,DevOps,BEGINNER,19.6,False,,,,,,
13855cb2-00be-4d63-bf4b-9ec8594610fd,b9a45883-a739-48f5-9db4-571916cf5e78,Excel,Data Analytics,BEGINNER,24.3,False,,,,,,
375c75eb-50af-4cee-aa5c-86b2b969f8fa,b9a45883-a739-48f5-9db4-571916cf5e78,Linux,Systems,INTERMEDIATE,53.0,True,AWS Training,AWS Training,2026-03-05,CRED-BDDE75E627,https://credentials.example.com/CRED-BDDE75E627,https://credentials.example.com/CRED-BDDE75E627
353bdce5-43a1-4477-8b84-8f828c9da113,b9a45883-a739-48f5-9db4-571916cf5e78,Figma,Design,ADVANCED,75.0,False,,,,,,
f74570ea-592b-41bb-b337-d87e0a682333,b9a45883-a739-48f5-9db4-571916cf5e78,C++,Programming,BEGINNER,38.0,False,,,,,,
e8eb1883-780d-4b5a-bbbf-36ba2f31fcc0,4fb801ec-678c-4f37-b075-d58e3d1e135e,JavaScript,Programming,EXPERT,100.0,True,AWS Training,AWS Training,2026-08-06,CRED-F002A5D0EB,https://credentials.example.com/CRED-F002A5D0EB,https://credentials.example.com/CRED-F002A5D0EB
1f64a774-43ab-4430-a58f-3d88dda48db6,4fb801ec-678c-4f37-b075-d58e3d1e135e,React,Web Development,ADVANCED,70.5,False,,,,,,
fb44bced-cd02-44ed-8a7c-7d6cf1b291d5,4fb801ec-678c-4f37-b075-d58e3d1e135e,Excel,Data Analytics,ADVANCED,58.5,True,AWS Training,AWS Training,2025-08-14,CRED-81786F406F,https://credentials.example.com/CRED-81786F406F,https://credentials.example.com/CRED-81786F406F
51e38fbf-4caf-4338-a1c2-bc119818f469,4fb801ec-678c-4f37-b075-d58e3d1e135e,Linux,Systems,BEGINNER,35.9,False,,,,,,
49ad52dc-5bf0-4de4-bf26-d571e59c101a,4fb801ec-678c-4f37-b075-d58e3d1e135e,AWS,Cloud,INTERMEDIATE,68.0,False,,,,,,
438bfb8a-74ae-4eb5-898f-de612336675c,c3a5bedc-3e08-43a4-a155-5c47bcb81f19,JavaScript,Programming,BEGINNER,20.9,False,,,,,,
9bde4533-fb9b-45a0-ac4b-67a563c6dc11,0708a157-b514-40a7-b530-0db007b81a2d,Deep Learning,AI/ML,INTERMEDIATE,41.0,False,,,,,,
2fbf8528-ef38-43cb-a9a7-4bbcd52f7f18,0708a157-b514-40a7-b530-0db007b81a2d,React,Web Development,INTERMEDIATE,65.6,False,,,,,,
5c03f5ef-e414-4ea7-9af1-9ac56d9beaa9,58eb9d6f-18ec-4cdc-9da3-0b4b778443b2,AWS,Cloud,BEGINNER,32.0,False,,,,,,
7e4658bc-49f5-4630-b17b-ec62103e3d3f,d8104ec1-8cad-4404-9997-2dcfe3a0d2d7,Excel,Data Analytics,ADVANCED,71.7,False,,,,,,
18510687-9a8a-48c7-bca4-c01920f741fa,d8104ec1-8cad-4404-9997-2dcfe3a0d2d7,MongoDB,Database,BEGINNER,14.1,False,,,,,,
17088151-09f6-4f51-b575-6fad7ffae226,d8104ec1-8cad-4404-9997-2dcfe3a0d2d7,C++,Programming,ADVANCED,97.9,False,,,,,,
94eb9c2f-bc0c-42d0-b7ae-c1ac8f925487,d8104ec1-8cad-4404-9997-2dcfe3a0d2d7,Deep Learning,AI/ML,EXPERT,77.2,True,AWS Training,AWS Training,2025-04-16,CRED-1982C8B121,https://credentials.example.com/CRED-1982C8B121,https://credentials.example.com/CRED-1982C8B121
80ccabd3-7644-4ec3-92db-3f2a57e83833,2432e57e-0407-462e-8663-cc56f1dfd154,Kubernetes,DevOps,ADVANCED,89.0,True,AWS Training,AWS Training,2025-06-01,CRED-1D555C2488,https://credentials.example.com/CRED-1D555C2488,https://credentials.example.com/CRED-1D555C2488
d879c8a1-4ab0-4adb-a631-539807a179de,2432e57e-0407-462e-8663-cc56f1dfd154,Power BI,Data Analytics,ADVANCED,81.4,True,Google,Google,2026-03-25,CRED-CDEE86DC2F,https://credentials.example.com/CRED-CDEE86DC2F,https://credentials.example.com/CRED-CDEE86DC2F
00df5b32-75e2-4c00-b511-4d5a6b3c3f55,2432e57e-0407-462e-8663-cc56f1dfd154,MongoDB,Database,INTERMEDIATE,47.3,False,,,,,,
5148d282-5ed5-4a96-a16e-bcd4c4c7ea92,2432e57e-0407-462e-8663-cc56f1dfd154,SQL,Database,INTERMEDIATE,61.2,False,,,,,,
11ca34c9-63c8-4581-b4ca-b998673a137e,2432e57e-0407-462e-8663-cc56f1dfd154,Docker,DevOps,ADVANCED,70.6,False,,,,,,
d474fa5d-5715-4d22-941f-2451fdb1589e,9cfbfbf7-f5bb-495e-abc8-561307573cd6,React,Web Development,ADVANCED,58.5,True,NPTEL,NPTEL,2026-05-03,CRED-CB24C18489,https://credentials.example.com/CRED-CB24C18489,https://credentials.example.com/CRED-CB24C18489
f851c872-db27-447f-9a2d-27da3e31f6a2,9cfbfbf7-f5bb-495e-abc8-561307573cd6,Excel,Data Analytics,INTERMEDIATE,55.6,False,,,,,,
69562d9a-0576-41ec-9f6c-37c6b5d1de82,9cfbfbf7-f5bb-495e-abc8-561307573cd6,JavaScript,Programming,ADVANCED,76.6,True,NPTEL,NPTEL,2025-05-12,CRED-8E9CF7EAAC,https://credentials.example.com/CRED-8E9CF7EAAC,https://credentials.example.com/CRED-8E9CF7EAAC
7e5b207d-17ad-43ca-9add-81a9893d4855,1e467b4d-2a27-4953-84ca-3186375fc486,Data Structures & Algorithms,Core CS,INTERMEDIATE,53.9,False,,,,,,
e9bd8547-f33c-4096-ba3a-5843e4ae4463,1e467b4d-2a27-4953-84ca-3186375fc486,Docker,DevOps,BEGINNER,41.9,False,,,,,,
13caf664-ebba-4497-8f2f-831cf0215b37,1e467b4d-2a27-4953-84ca-3186375fc486,Machine Learning,AI/ML,INTERMEDIATE,58.0,False,,,,,,
dd326969-62a5-436a-bbc2-fbb48fab8dfe,1e467b4d-2a27-4953-84ca-3186375fc486,AWS,Cloud,INTERMEDIATE,54.6,False,,,,,,
80a80997-d0af-4290-8f78-05ed3b98c1af,c0ea9146-1cce-4934-ab7f-bacaf6884e35,Linux,Systems,INTERMEDIATE,62.9,False,,,,,,
b1015bc8-3399-43f3-8f59-65441c579b0f,c0ea9146-1cce-4934-ab7f-bacaf6884e35,Data Structures & Algorithms,Core CS,INTERMEDIATE,49.3,True,Google,Google,2026-04-22,CRED-23756B0126,https://credentials.example.com/CRED-23756B0126,https://credentials.example.com/CRED-23756B0126
ee278fd9-6594-4e27-8966-a50903cb3aca,c0ea9146-1cce-4934-ab7f-bacaf6884e35,C++,Programming,BEGINNER,32.3,False,,,,,,
4fd8f3ed-3633-4c82-bd01-5d1e875f6730,c0ea9146-1cce-4934-ab7f-bacaf6884e35,Node.js,Web Development,INTERMEDIATE,66.5,False,,,,,,
466f9196-c898-436c-b06f-7e5d53065404,5b235b87-58a4-48b8-8604-736ba413acae,Kubernetes,DevOps,BEGINNER,26.0,False,,,,,,
9725fc38-81b3-4998-8d7f-4bf35d61623a,5b235b87-58a4-48b8-8604-736ba413acae,Figma,Design,EXPERT,89.5,False,,,,,,
f97e697f-cd61-42ed-bf5d-8fb2aac555f3,5b235b87-58a4-48b8-8604-736ba413acae,MongoDB,Database,ADVANCED,70.0,True,NPTEL,NPTEL,2026-07-05,CRED-10FD436624,https://credentials.example.com/CRED-10FD436624,https://credentials.example.com/CRED-10FD436624
7fbf6f8b-d93c-4bcb-9c64-40ff40185841,5b235b87-58a4-48b8-8604-736ba413acae,C++,Programming,ADVANCED,85.9,False,,,,,,
3e668790-8931-4007-8309-8a416aba58e2,475036e4-6583-4e14-bf46-a1d0b9957a94,Deep Learning,AI/ML,ADVANCED,69.4,True,Coursera,Coursera,2025-01-08,CRED-8C7B042903,https://credentials.example.com/CRED-8C7B042903,https://credentials.example.com/CRED-8C7B042903
782d83fe-e5d8-48fe-a30c-8c007259bb89,475036e4-6583-4e14-bf46-a1d0b9957a94,Power BI,Data Analytics,BEGINNER,28.5,False,,,,,,
7e9763b5-39ec-4295-a30d-d5eff86d5add,475036e4-6583-4e14-bf46-a1d0b9957a94,React,Web Development,INTERMEDIATE,46.3,False,,,,,,
1f3d1cdb-4fa1-4183-9a10-7e4a28ffe3d4,475036e4-6583-4e14-bf46-a1d0b9957a94,AWS,Cloud,INTERMEDIATE,56.8,True,Microsoft,Microsoft,2025-03-07,CRED-E225E2F19A,https://credentials.example.com/CRED-E225E2F19A,https://credentials.example.com/CRED-E225E2F19A
79566859-7da9-45f9-b0b7-ec6f22e31269,1e7696b9-23a1-4c71-aae4-74468d8ccaba,C++,Programming,BEGINNER,31.2,False,,,,,,
a9a23f9a-8613-47f9-96e9-d8567eadc865,1e7696b9-23a1-4c71-aae4-74468d8ccaba,Data Structures & Algorithms,Core CS,BEGINNER,17.7,False,,,,,,
accabc2d-1e81-48f7-b577-0ab4d7484947,1e7696b9-23a1-4c71-aae4-74468d8ccaba,Java,Programming,BEGINNER,37.8,True,Microsoft,Microsoft,2026-05-18,CRED-221742A203,https://credentials.example.com/CRED-221742A203,https://credentials.example.com/CRED-221742A203
d1c56da8-6fa3-4b1f-b295-999343ca4b3a,1e7696b9-23a1-4c71-aae4-74468d8ccaba,Deep Learning,AI/ML,ADVANCED,80.2,True,Coursera,Coursera,2025-08-31,CRED-B720000D5C,https://credentials.example.com/CRED-B720000D5C,https://credentials.example.com/CRED-B720000D5C
87ba94bc-1f63-427d-815b-afdda6aaf232,1e7696b9-23a1-4c71-aae4-74468d8ccaba,Node.js,Web Development,BEGINNER,22.0,False,,,,,,
b11b58d3-2485-480d-9278-8a9a9e2fd3d8,c6617192-683f-4679-9385-97a56662d2df,AWS,Cloud,EXPERT,98.3,True,Google,Google,2026-02-25,CRED-EF2B7B42CA,https://credentials.example.com/CRED-EF2B7B42CA,https://credentials.example.com/CRED-EF2B7B42CA
d5115d85-db83-4c0e-84dd-a4d3743a35e4,c6617192-683f-4679-9385-97a56662d2df,Machine Learning,AI/ML,BEGINNER,42.6,False,,,,,,
94f1087e-f4f9-4380-92af-ac69a6842c61,e614247c-70a3-4902-afa8-4576857d67f0,Machine Learning,AI/ML,BEGINNER,45.7,False,,,,,,
f1b43730-54d3-462a-ab9c-474253f249e9,90f66b5f-7659-49c7-94ba-f10f0897b1ee,Data Structures & Algorithms,Core CS,INTERMEDIATE,35.9,True,AWS Training,AWS Training,2026-04-18,CRED-7893C3DDE4,https://credentials.example.com/CRED-7893C3DDE4,https://credentials.example.com/CRED-7893C3DDE4
ee5f0526-b73c-498f-8cd3-e7931d256fd8,90f66b5f-7659-49c7-94ba-f10f0897b1ee,Power BI,Data Analytics,INTERMEDIATE,63.1,True,Coursera,Coursera,2026-07-06,CRED-5D67079F1E,https://credentials.example.com/CRED-5D67079F1E,https://credentials.example.com/CRED-5D67079F1E
ce88bac3-a742-4d61-bf06-425bd839fa1b,90f66b5f-7659-49c7-94ba-f10f0897b1ee,Deep Learning,AI/ML,ADVANCED,72.9,False,,,,,,
333db12e-2c7d-4856-8fd1-87058f68d76f,90f66b5f-7659-49c7-94ba-f10f0897b1ee,Node.js,Web Development,BEGINNER,19.1,True,AWS Training,AWS Training,2025-02-25,CRED-57464561C6,https://credentials.example.com/CRED-57464561C6,https://credentials.example.com/CRED-57464561C6
29c7b291-7568-4d45-b51a-f96f15c66943,90f66b5f-7659-49c7-94ba-f10f0897b1ee,TensorFlow,AI/ML,INTERMEDIATE,56.9,False,,,,,,
b59fd578-a5d0-4906-982b-4735b44cd7ce,44cd8e9b-17bd-4a74-8b3f-cb8b844abb94,TensorFlow,AI/ML,ADVANCED,95.1,True,AWS Training,AWS Training,2025-05-31,CRED-A0E2CE9D00,https://credentials.example.com/CRED-A0E2CE9D00,https://credentials.example.com/CRED-A0E2CE9D00
0be67ec8-00aa-442e-8122-29f10d8eacd0,44cd8e9b-17bd-4a74-8b3f-cb8b844abb94,SQL,Database,INTERMEDIATE,60.7,False,,,,,,
d0fee984-e0c1-47fd-b916-4ea9094a74da,44cd8e9b-17bd-4a74-8b3f-cb8b844abb94,Linux,Systems,BEGINNER,17.7,True,AWS Training,AWS Training,2025-04-03,CRED-228269E8A6,https://credentials.example.com/CRED-228269E8A6,https://credentials.example.com/CRED-228269E8A6
66900060-7286-4578-9b25-ea093cdea33c,44cd8e9b-17bd-4a74-8b3f-cb8b844abb94,Kubernetes,DevOps,BEGINNER,29.3,False,,,,,,
bf7342b4-178c-4efb-a29e-2d879def8b04,44cd8e9b-17bd-4a74-8b3f-cb8b844abb94,Node.js,Web Development,BEGINNER,17.6,True,AWS Training,AWS Training,2025-08-20,CRED-18F86B15AD,https://credentials.example.com/CRED-18F86B15AD,https://credentials.example.com/CRED-18F86B15AD
4526d255-68ce-420e-be16-00ca2fcfee76,24b49df4-206a-4308-a1de-991983ec1d76,C++,Programming,BEGINNER,24.1,False,,,,,,
cc93cc1e-e5c4-4df1-b64a-4aa290f00cc1,b6eabf04-0b2a-4be6-ab3e-4d19ebdc3e6e,Figma,Design,INTERMEDIATE,48.1,False,,,,,,
f72fd1cd-2477-413c-a549-e04b7995d929,5a7326ad-a983-4333-975e-8f5cf239f7f4,Java,Programming,BEGINNER,35.0,False,,,,,,
129c7cad-a144-49ef-9046-d972ad477001,5a7326ad-a983-4333-975e-8f5cf239f7f4,Kubernetes,DevOps,BEGINNER,31.0,True,NPTEL,NPTEL,2025-07-29,CRED-6970F92A49,https://credentials.example.com/CRED-6970F92A49,https://credentials.example.com/CRED-6970F92A49
f813ec6c-c2f6-430b-8050-2b6ccd2506e4,5a7326ad-a983-4333-975e-8f5cf239f7f4,Linux,Systems,INTERMEDIATE,41.4,False,,,,,,
297b6413-6032-4945-8b7e-df24a578ddd8,79df76d3-d99f-439a-b8c9-3a3223c01ce6,Python,Programming,BEGINNER,22.8,False,,,,,,
44884a8c-2486-4dd9-93dc-78233ab0a464,79df76d3-d99f-439a-b8c9-3a3223c01ce6,Excel,Data Analytics,BEGINNER,28.6,False,,,,,,
40e00042-117a-4e2d-9343-63728a6f2661,33dd859a-b85e-4af1-ba10-852847124770,Kubernetes,DevOps,INTERMEDIATE,69.1,False,,,,,,
2c0999a6-b976-47b8-a2a3-0fcd6e31d57c,33dd859a-b85e-4af1-ba10-852847124770,Linux,Systems,BEGINNER,43.0,False,,,,,,
021b8132-df54-4e62-850c-7525e4f8ea47,33dd859a-b85e-4af1-ba10-852847124770,Python,Programming,INTERMEDIATE,56.0,False,,,,,,
bfed7425-9f5d-4047-941e-0965dfdca80c,b7692caf-3ce0-4324-b3e7-e71753eccecb,SQL,Database,BEGINNER,27.5,True,AWS Training,AWS Training,2026-03-18,CRED-AF33AE2E9C,https://credentials.example.com/CRED-AF33AE2E9C,https://credentials.example.com/CRED-AF33AE2E9C
915c45cc-045c-4566-9310-37bd93021fe4,b7692caf-3ce0-4324-b3e7-e71753eccecb,React,Web Development,ADVANCED,69.3,False,,,,,,
1df0b539-dd00-4ae3-a637-3165c31c5071,b7692caf-3ce0-4324-b3e7-e71753eccecb,Java,Programming,BEGINNER,23.2,False,,,,,,
d365b1f1-db01-45b1-ab0b-6504b67b6218,1c58a4bd-69ae-4d4b-9fd8-77454795b634,Excel,Data Analytics,ADVANCED,78.0,True,Google,Google,2026-07-16,CRED-BD7FCE0EF0,https://credentials.example.com/CRED-BD7FCE0EF0,https://credentials.example.com/CRED-BD7FCE0EF0
f7ab15ca-b623-4800-be12-e8b9abc4f032,1c58a4bd-69ae-4d4b-9fd8-77454795b634,SQL,Database,ADVANCED,67.4,False,,,,,,
a66fabc1-a9da-4c00-be71-a2bc869663c9,1c58a4bd-69ae-4d4b-9fd8-77454795b634,Node.js,Web Development,INTERMEDIATE,50.8,False,,,,,,
552b7306-6fd4-4f66-a512-3528fa85063c,1c58a4bd-69ae-4d4b-9fd8-77454795b634,Power BI,Data Analytics,ADVANCED,77.4,False,,,,,,
2cb0133b-98e3-47a6-b599-25ca0c454374,1c58a4bd-69ae-4d4b-9fd8-77454795b634,Docker,DevOps,INTERMEDIATE,63.1,False,,,,,,
1c2b8b18-4a73-4b9c-a1f9-cf2222ad37d4,32c7f8d3-d121-4f2a-b7e2-8353d5d728da,MongoDB,Database,EXPERT,91.8,True,AWS Training,AWS Training,2026-03-06,CRED-B4F3E01DA4,https://credentials.example.com/CRED-B4F3E01DA4,https://credentials.example.com/CRED-B4F3E01DA4
8d2c7332-e1d0-4f8f-8aec-d5730fdc3e19,32c7f8d3-d121-4f2a-b7e2-8353d5d728da,C++,Programming,ADVANCED,71.1,True,Coursera,Coursera,2026-05-04,CRED-9EDBCE3B90,https://credentials.example.com/CRED-9EDBCE3B90,https://credentials.example.com/CRED-9EDBCE3B90
d15c9fb9-1617-4fea-82e5-70aaa1ffc541,32c7f8d3-d121-4f2a-b7e2-8353d5d728da,Excel,Data Analytics,BEGINNER,30.9,False,,,,,,
85b76922-4b5e-4d73-844e-10a1291e45f3,d2a60c24-4820-4d1d-8293-7cb77ec3144a,Data Structures & Algorithms,Core CS,BEGINNER,16.5,False,,,,,,
65cee0fb-c330-4663-a0f3-114abbcd73aa,d2a60c24-4820-4d1d-8293-7cb77ec3144a,Node.js,Web Development,INTERMEDIATE,57.4,True,NPTEL,NPTEL,2026-05-15,CRED-77477F5D15,https://credentials.example.com/CRED-77477F5D15,https://credentials.example.com/CRED-77477F5D15
f460790b-34cc-4d57-8405-7f76996c5afc,d2a60c24-4820-4d1d-8293-7cb77ec3144a,Power BI,Data Analytics,INTERMEDIATE,43.3,False,,,,,,
0dd2b339-f5b9-41e5-a741-24f004ca6b08,d2a60c24-4820-4d1d-8293-7cb77ec3144a,Linux,Systems,ADVANCED,57.1,False,,,,,,
8198072f-5e1e-4dea-a475-461252fe9403,0ca18441-8ae3-4301-909d-69294c3c8a8c,Git,Tools,EXPERT,98.6,True,Microsoft,Microsoft,2026-08-22,CRED-8EC85AA6D8,https://credentials.example.com/CRED-8EC85AA6D8,https://credentials.example.com/CRED-8EC85AA6D8
3b02a5d5-94a7-4b1a-a9f5-03d0939554a4,0ca18441-8ae3-4301-909d-69294c3c8a8c,Figma,Design,ADVANCED,81.4,True,Udemy,Udemy,2025-05-09,CRED-612923763D,https://credentials.example.com/CRED-612923763D,https://credentials.example.com/CRED-612923763D
2dd963d4-dc89-4db4-88e5-b5671bd7de78,cb99d9de-7aec-49d6-8165-ecf0ed2125fd,Git,Tools,INTERMEDIATE,46.6,False,,,,,,
c386840f-61dc-41f4-9d63-d58dd125689b,cb99d9de-7aec-49d6-8165-ecf0ed2125fd,SQL,Database,INTERMEDIATE,60.4,True,Microsoft,Microsoft,2025-06-05,CRED-B6B76CEA61,https://credentials.example.com/CRED-B6B76CEA61,https://credentials.example.com/CRED-B6B76CEA61
64033b4f-d9db-43bd-b230-c58b7a559563,cb99d9de-7aec-49d6-8165-ecf0ed2125fd,Docker,DevOps,ADVANCED,82.0,True,NPTEL,NPTEL,2025-10-03,CRED-7E765CB059,https://credentials.example.com/CRED-7E765CB059,https://credentials.example.com/CRED-7E765CB059
6c931415-2d95-489a-99bd-643553212179,cb99d9de-7aec-49d6-8165-ecf0ed2125fd,Power BI,Data Analytics,INTERMEDIATE,58.4,False,,,,,,
bb1c84f7-a63e-4906-afcf-e621ae4a0b76,a84061a3-3fc6-4725-acbc-25eb3254213a,Docker,DevOps,INTERMEDIATE,45.1,False,,,,,,
99c3e80f-cfe1-4b2d-a820-fca0cbc5102c,a84061a3-3fc6-4725-acbc-25eb3254213a,JavaScript,Programming,BEGINNER,5.0,False,,,,,,
23532f9d-da62-4bdb-9d50-b9fac83d7e4a,a84061a3-3fc6-4725-acbc-25eb3254213a,Python,Programming,BEGINNER,29.1,True,NPTEL,NPTEL,2025-04-02,CRED-0629E14696,https://credentials.example.com/CRED-0629E14696,https://credentials.example.com/CRED-0629E14696
e32c47d3-f37d-4b24-a917-22cd18acfa92,a84061a3-3fc6-4725-acbc-25eb3254213a,Power BI,Data Analytics,INTERMEDIATE,37.6,True,Microsoft,Microsoft,2025-04-20,CRED-A9897C48B2,https://credentials.example.com/CRED-A9897C48B2,https://credentials.example.com/CRED-A9897C48B2
4af32b85-3e42-4b0f-94c8-238505421b6f,b21d7846-e4d1-4d9d-826f-a7fcf42d578a,Excel,Data Analytics,INTERMEDIATE,46.6,False,,,,,,
88a7ff2c-a902-4dc9-9945-2ac96c9d0b71,b21d7846-e4d1-4d9d-826f-a7fcf42d578a,Power BI,Data Analytics,BEGINNER,32.8,False,,,,,,
b63e0008-7449-4fd5-92fa-c9c2140b4c09,af7efda8-abad-4afa-87b8-dd2ebc032bc4,Excel,Data Analytics,EXPERT,84.9,False,,,,,,
6320d239-d8e3-495a-9abf-b0eb628060fc,af7efda8-abad-4afa-87b8-dd2ebc032bc4,Figma,Design,ADVANCED,81.8,True,NPTEL,NPTEL,2025-06-02,CRED-4FFA648443,https://credentials.example.com/CRED-4FFA648443,https://credentials.example.com/CRED-4FFA648443
cbb308c3-e7c2-4e7a-a80f-3e065fd3bce1,af7efda8-abad-4afa-87b8-dd2ebc032bc4,TensorFlow,AI/ML,ADVANCED,83.8,True,AWS Training,AWS Training,2026-05-26,CRED-BB042E0689,https://credentials.example.com/CRED-BB042E0689,https://credentials.example.com/CRED-BB042E0689
e45d3eb7-2717-496b-b5e6-a490b66dfa28,af7efda8-abad-4afa-87b8-dd2ebc032bc4,JavaScript,Programming,EXPERT,89.5,True,Microsoft,Microsoft,2026-06-11,CRED-203B977CB5,https://credentials.example.com/CRED-203B977CB5,https://credentials.example.com/CRED-203B977CB5
499a447e-a68a-4e8a-95f9-1b17c49e9954,af7efda8-abad-4afa-87b8-dd2ebc032bc4,Data Structures & Algorithms,Core CS,INTERMEDIATE,64.9,False,,,,,,
90c214fe-eb7e-43a8-9eaa-4b07d7788c05,c0c6c9fc-b0c4-461b-8289-78b176bc5daa,Python,Programming,BEGINNER,25.6,True,Coursera,Coursera,2025-03-29,CRED-0504F0996B,https://credentials.example.com/CRED-0504F0996B,https://credentials.example.com/CRED-0504F0996B
8f418876-23f0-478b-a230-4dfa5e8a5b0f,c0c6c9fc-b0c4-461b-8289-78b176bc5daa,C++,Programming,ADVANCED,73.6,False,,,,,,
089433be-3a2d-4404-9be4-1a6558507b25,a2a233ea-4f6f-402a-956b-6db7782b6ef6,C++,Programming,ADVANCED,83.2,True,Udemy,Udemy,2025-01-08,CRED-01F11DC99E,https://credentials.example.com/CRED-01F11DC99E,https://credentials.example.com/CRED-01F11DC99E
ab4bb4c8-dfdc-4041-a9af-f1e573d5f3a5,a2a233ea-4f6f-402a-956b-6db7782b6ef6,TensorFlow,AI/ML,ADVANCED,88.8,True,Udemy,Udemy,2025-07-14,CRED-416862BD05,https://credentials.example.com/CRED-416862BD05,https://credentials.example.com/CRED-416862BD05
edcee582-71b9-42e0-b956-1395084744ac,0c1b69a6-351f-46b8-aac1-cb2bcbc389a9,Node.js,Web Development,ADVANCED,62.6,True,Google,Google,2025-01-24,CRED-702CB10F22,https://credentials.example.com/CRED-702CB10F22,https://credentials.example.com/CRED-702CB10F22
8967cf8b-d278-4728-971d-d5f11fe381a0,0c1b69a6-351f-46b8-aac1-cb2bcbc389a9,SQL,Database,BEGINNER,27.0,True,Microsoft,Microsoft,2025-08-31,CRED-1A5C4385A1,https://credentials.example.com/CRED-1A5C4385A1,https://credentials.example.com/CRED-1A5C4385A1
83d158c2-01ec-4daa-8697-02f1605dc298,ee5fc224-6c59-4ddb-b91a-411803a28036,Deep Learning,AI/ML,INTERMEDIATE,53.9,True,Microsoft,Microsoft,2025-12-29,CRED-C8DCB2FD36,https://credentials.example.com/CRED-C8DCB2FD36,https://credentials.example.com/CRED-C8DCB2FD36
07943edd-15cc-496f-ad53-0499d2529cbd,ee5fc224-6c59-4ddb-b91a-411803a28036,Figma,Design,BEGINNER,40.6,False,,,,,,
975760b8-b189-4950-bd02-b107591d7e24,ee5fc224-6c59-4ddb-b91a-411803a28036,Data Structures & Algorithms,Core CS,INTERMEDIATE,66.7,False,,,,,,
16f51f76-97fb-4180-88a2-97be601194f3,b5344a53-010a-4422-a779-e861dc881b3f,Excel,Data Analytics,EXPERT,86.4,True,Microsoft,Microsoft,2025-03-31,CRED-D6251C7732,https://credentials.example.com/CRED-D6251C7732,https://credentials.example.com/CRED-D6251C7732
c2155136-bf95-4325-b80e-e95f8434a475,8288120b-c4d4-47c7-8b90-e41f7f56c0eb,C++,Programming,INTERMEDIATE,52.8,False,,,,,,
64bb9abd-950c-40e5-97c1-05a5e102c72c,8288120b-c4d4-47c7-8b90-e41f7f56c0eb,Linux,Systems,ADVANCED,68.5,False,,,,,,
acaa5cdd-1d26-4c96-8639-f51ae6c96970,9d92ae85-11e0-4446-99b3-0a8c090d5d1c,AWS,Cloud,INTERMEDIATE,39.7,True,Microsoft,Microsoft,2025-08-12,CRED-2643CB5AD1,https://credentials.example.com/CRED-2643CB5AD1,https://credentials.example.com/CRED-2643CB5AD1
c1acb188-ee35-4d36-99f0-cf14ef5435d2,9d92ae85-11e0-4446-99b3-0a8c090d5d1c,JavaScript,Programming,ADVANCED,80.4,True,Google,Google,2025-10-04,CRED-30570CBCE4,https://credentials.example.com/CRED-30570CBCE4,https://credentials.example.com/CRED-30570CBCE4
0fe27346-e492-4a76-9b77-ba1356487b50,bd9a9373-eb55-4e9d-9c95-016a0b2be880,Python,Programming,INTERMEDIATE,70.3,False,,,,,,
3c6c11f6-2f4b-47aa-9c1f-76b4cddc62bd,bd9a9373-eb55-4e9d-9c95-016a0b2be880,Node.js,Web Development,INTERMEDIATE,70.6,False,,,,,,
1563f7fe-529f-41dd-be6a-a92302d74b03,bd9a9373-eb55-4e9d-9c95-016a0b2be880,React,Web Development,ADVANCED,91.2,False,,,,,,
6af9b97c-2cdb-4949-8b18-e085d47d31ec,bd9a9373-eb55-4e9d-9c95-016a0b2be880,SQL,Database,INTERMEDIATE,55.2,False,,,,,,
1ffe9d09-25dd-4f99-b27b-9685069de7ee,bd9a9373-eb55-4e9d-9c95-016a0b2be880,JavaScript,Programming,INTERMEDIATE,70.4,False,,,,,,
07d643fc-3332-42bc-ac6d-ab16a782d633,1f5620e1-bac2-4190-89cc-1945a52c4948,TensorFlow,AI/ML,BEGINNER,33.6,False,,,,,,
b17b2b12-ced4-4db3-ae1d-d0e627ca2742,1f5620e1-bac2-4190-89cc-1945a52c4948,Deep Learning,AI/ML,BEGINNER,35.1,False,,,,,,
0534c06f-2b9a-4b6c-9d8c-89b44e1c0ba3,1f5620e1-bac2-4190-89cc-1945a52c4948,Git,Tools,EXPERT,88.3,False,,,,,,
88e19172-6c8e-468f-9c46-7fd55f6dade9,1f5620e1-bac2-4190-89cc-1945a52c4948,Node.js,Web Development,INTERMEDIATE,62.9,False,,,,,,
854eef35-0080-4706-9d41-eab53ecb686e,365a4687-3e1d-4d9b-879b-89931ae7ceda,Data Structures & Algorithms,Core CS,BEGINNER,22.2,False,,,,,,
ccebb8a8-573e-431d-b0bd-b4558b4af0ee,365a4687-3e1d-4d9b-879b-89931ae7ceda,Java,Programming,BEGINNER,39.6,False,,,,,,
804ccaca-cde5-4284-aa39-a98352e174ed,75500e58-34d0-4a57-a948-5e06d86a38c1,MongoDB,Database,BEGINNER,35.8,True,Udemy,Udemy,2026-01-02,CRED-4F51AEC9BD,https://credentials.example.com/CRED-4F51AEC9BD,https://credentials.example.com/CRED-4F51AEC9BD
c5ae522b-29c3-4da9-8714-e0a24c9033ce,75500e58-34d0-4a57-a948-5e06d86a38c1,JavaScript,Programming,BEGINNER,34.8,False,,,,,,
24c0d6a7-829c-4a70-a800-4c5bb53a4f3a,ebd8fd99-8fea-4d48-a553-40d2796af2a4,SQL,Database,BEGINNER,44.1,False,,,,,,
258bf91f-d968-416c-886d-67b350e4f91b,ebd8fd99-8fea-4d48-a553-40d2796af2a4,Excel,Data Analytics,BEGINNER,35.3,False,,,,,,
4729856b-f940-4bab-a48f-93c6b9e82da8,ebd8fd99-8fea-4d48-a553-40d2796af2a4,Python,Programming,ADVANCED,64.3,False,,,,,,
2bf4d7cd-556f-4be1-ad71-395526b060d3,ebd8fd99-8fea-4d48-a553-40d2796af2a4,AWS,Cloud,ADVANCED,82.2,False,,,,,,
9c53d5fe-5b09-4d01-9df2-8b733e8017ef,7efefd76-9db9-47d8-993c-a364b768b43d,AWS,Cloud,BEGINNER,29.6,False,,,,,,
e309257e-4b88-4fd0-90f7-62909dc9cf70,7efefd76-9db9-47d8-993c-a364b768b43d,Machine Learning,AI/ML,ADVANCED,80.3,False,,,,,,
27442fa9-f486-416f-9566-0a5c93bbe666,7efefd76-9db9-47d8-993c-a364b768b43d,Python,Programming,INTERMEDIATE,46.6,False,,,,,,
a760f526-506f-4aed-a0a0-431d309cea35,7efefd76-9db9-47d8-993c-a364b768b43d,MongoDB,Database,ADVANCED,57.7,True,AWS Training,AWS Training,2026-03-24,CRED-DF8ADC1032,https://credentials.example.com/CRED-DF8ADC1032,https://credentials.example.com/CRED-DF8ADC1032
3267daad-fcd7-4cb9-ace3-a95cbad5340c,7efefd76-9db9-47d8-993c-a364b768b43d,Deep Learning,AI/ML,BEGINNER,32.9,False,,,,,,
565ffed5-2814-4ea0-a622-9139d52efaa9,90383e7d-7839-458c-8058-db94e51aa7a7,MongoDB,Database,BEGINNER,43.6,False,,,,,,
10a364fc-1095-40a1-8272-8d7851ea848e,90383e7d-7839-458c-8058-db94e51aa7a7,TensorFlow,AI/ML,ADVANCED,77.1,True,Coursera,Coursera,2025-02-28,CRED-E304FC77B3,https://credentials.example.com/CRED-E304FC77B3,https://credentials.example.com/CRED-E304FC77B3
031c575a-f7f7-4276-bbc6-fc8ab8fada36,90383e7d-7839-458c-8058-db94e51aa7a7,Node.js,Web Development,BEGINNER,8.1,False,,,,,,
46643bf5-992f-4024-9ad1-e0b7211fb5bb,90383e7d-7839-458c-8058-db94e51aa7a7,SQL,Database,ADVANCED,74.6,True,Microsoft,Microsoft,2025-06-15,CRED-B1B63F0254,https://credentials.example.com/CRED-B1B63F0254,https://credentials.example.com/CRED-B1B63F0254
9fa9df32-5547-43f9-ac34-49103d20fd35,5d73d650-ba2e-4f23-811d-9030da56caeb,Kubernetes,DevOps,ADVANCED,67.3,False,,,,,,
4a439e6d-fea3-4fa7-b9ab-a2c9a8a85e08,5d73d650-ba2e-4f23-811d-9030da56caeb,JavaScript,Programming,INTERMEDIATE,62.4,False,,,,,,
a790d096-a69b-4d83-bd9c-2042ed7175d0,d6010385-51c4-4a9e-a1d4-8cbcbb4dcdc2,Data Structures & Algorithms,Core CS,INTERMEDIATE,64.9,True,Google,Google,2025-10-17,CRED-F69BF3861E,https://credentials.example.com/CRED-F69BF3861E,https://credentials.example.com/CRED-F69BF3861E
6a7b9ff2-efdf-4d18-a221-a8f194eea5d9,d6010385-51c4-4a9e-a1d4-8cbcbb4dcdc2,C++,Programming,INTERMEDIATE,61.8,False,,,,,,
d91bed55-8fdb-4eb1-b685-7a225647f161,42b5019d-ede1-43f8-ab39-8768fa454a81,C++,Programming,INTERMEDIATE,49.9,True,Microsoft,Microsoft,2026-01-15,CRED-1C3E0FFCD5,https://credentials.example.com/CRED-1C3E0FFCD5,https://credentials.example.com/CRED-1C3E0FFCD5
a74f0d0d-fbc2-453b-8752-4568e26f4a4c,741b6fb2-4fdb-4515-a545-ac9e79d07794,AWS,Cloud,INTERMEDIATE,40.1,False,,,,,,
65c1f7ee-879a-4453-b399-168925be8f1b,741b6fb2-4fdb-4515-a545-ac9e79d07794,Git,Tools,INTERMEDIATE,50.9,False,,,,,,
bef7e868-2a74-4a8f-9c23-5495e418124d,741b6fb2-4fdb-4515-a545-ac9e79d07794,SQL,Database,ADVANCED,81.5,True,Coursera,Coursera,2025-05-28,CRED-89089A99D0,https://credentials.example.com/CRED-89089A99D0,https://credentials.example.com/CRED-89089A99D0
26d8ed88-59bf-4d26-b3c7-d37cb255e7c1,741b6fb2-4fdb-4515-a545-ac9e79d07794,Machine Learning,AI/ML,EXPERT,99.7,False,,,,,,
be9d43e9-8c66-4117-9927-4dee925ec464,741b6fb2-4fdb-4515-a545-ac9e79d07794,Docker,DevOps,BEGINNER,24.3,False,,,,,,
b8bbf947-dee3-4dd9-9d1b-3ba612c33774,abde5451-01e8-46a3-83ab-265114261db1,Data Structures & Algorithms,Core CS,INTERMEDIATE,59.7,False,,,,,,
b0aa6014-97a7-4231-8c42-7be3e75ac456,f2a95b3d-ac82-43f8-bfb8-5e676d9dadb4,MongoDB,Database,INTERMEDIATE,51.8,True,Coursera,Coursera,2026-08-15,CRED-8F59A79337,https://credentials.example.com/CRED-8F59A79337,https://credentials.example.com/CRED-8F59A79337
7f7538d1-c6f9-471f-b07c-60617bea7799,f2a95b3d-ac82-43f8-bfb8-5e676d9dadb4,SQL,Database,EXPERT,89.9,False,,,,,,
0a90825c-2633-4be1-a380-44cdd748cdce,f2a95b3d-ac82-43f8-bfb8-5e676d9dadb4,TensorFlow,AI/ML,BEGINNER,29.2,False,,,,,,
4c91864d-d4b1-4a06-a1db-ded8ab72a398,f2a95b3d-ac82-43f8-bfb8-5e676d9dadb4,React,Web Development,ADVANCED,68.9,False,,,,,,
8f9e4b9e-b68c-4534-b7da-9addfb4b876b,52dfa3aa-20c2-418e-adc3-dd23a70087c8,JavaScript,Programming,BEGINNER,44.7,True,Google,Google,2025-12-05,CRED-8B5ABACF10,https://credentials.example.com/CRED-8B5ABACF10,https://credentials.example.com/CRED-8B5ABACF10
8a84be5f-7f63-403a-a3d9-18f6962c1f14,92f4fbc8-50ff-4ce0-8ccc-49b152ba9ce7,SQL,Database,INTERMEDIATE,48.4,False,,,,,,
754f0d42-86bb-409d-9dd7-a2e165e20dcd,92f4fbc8-50ff-4ce0-8ccc-49b152ba9ce7,Excel,Data Analytics,BEGINNER,30.4,False,,,,,,
47d5d932-7c0a-438c-81c5-bb4c99bd8db8,92f4fbc8-50ff-4ce0-8ccc-49b152ba9ce7,Git,Tools,INTERMEDIATE,50.0,False,,,,,,
8be07a7c-ceca-4fea-8d9c-a3caa1ab697e,92f4fbc8-50ff-4ce0-8ccc-49b152ba9ce7,Linux,Systems,ADVANCED,75.6,True,Coursera,Coursera,2025-11-26,CRED-4676B15F99,https://credentials.example.com/CRED-4676B15F99,https://credentials.example.com/CRED-4676B15F99
5a6064d0-cbc6-4cb2-ad5b-2e958db81b7d,92f4fbc8-50ff-4ce0-8ccc-49b152ba9ce7,Java,Programming,BEGINNER,45.8,False,,,,,,
44596f8a-a4ce-4ba2-9388-0e823c23b10e,e800936c-b35a-4ac2-ab49-184cc4c1a6c9,Machine Learning,AI/ML,INTERMEDIATE,61.2,False,,,,,,
ffcffa5c-4b41-49fe-948c-fb00070086e8,e800936c-b35a-4ac2-ab49-184cc4c1a6c9,Figma,Design,BEGINNER,18.0,False,,,,,,
f8dcdee0-da1a-4514-9e2b-ea5f7052f75a,e800936c-b35a-4ac2-ab49-184cc4c1a6c9,TensorFlow,AI/ML,INTERMEDIATE,44.2,False,,,,,,
b1e909af-e2a9-42d0-abac-e8591a8bf50b,e800936c-b35a-4ac2-ab49-184cc4c1a6c9,Docker,DevOps,ADVANCED,74.8,False,,,,,,
151222d8-6000-4412-9ca9-d3336246727f,e800936c-b35a-4ac2-ab49-184cc4c1a6c9,JavaScript,Programming,BEGINNER,30.9,False,,,,,,
5af7a65b-6089-4161-a39e-227085035a42,edc01d5e-1387-4af9-bfd8-f6ecadee47d8,C++,Programming,INTERMEDIATE,62.8,True,Coursera,Coursera,2026-07-04,CRED-F604874D8A,https://credentials.example.com/CRED-F604874D8A,https://credentials.example.com/CRED-F604874D8A
ca81959c-35a3-4857-9948-634af2de3ba4,edc01d5e-1387-4af9-bfd8-f6ecadee47d8,Node.js,Web Development,INTERMEDIATE,38.0,False,,,,,,
92d32f07-2567-42ff-ae61-bd5a84671445,edc01d5e-1387-4af9-bfd8-f6ecadee47d8,MongoDB,Database,INTERMEDIATE,47.4,True,Coursera,Coursera,2026-01-30,CRED-C98EB75072,https://credentials.example.com/CRED-C98EB75072,https://credentials.example.com/CRED-C98EB75072
06474017-d545-4e26-bde8-1b8f8b78f39e,edc01d5e-1387-4af9-bfd8-f6ecadee47d8,Java,Programming,BEGINNER,20.4,False,,,,,,
af1fa047-86d8-448e-aa79-24ae9d89a2dd,1b52325d-f9a2-4cab-bb5f-6e02021d7949,Figma,Design,EXPERT,100.0,True,Microsoft,Microsoft,2026-05-27,CRED-057A6FFD95,https://credentials.example.com/CRED-057A6FFD95,https://credentials.example.com/CRED-057A6FFD95
bfd4b34f-67c0-4f2f-a0fc-f4e8b6cfd089,1b52325d-f9a2-4cab-bb5f-6e02021d7949,SQL,Database,INTERMEDIATE,50.1,False,,,,,,
29353995-01ad-4d11-8742-cd4cfc05b4ce,1b52325d-f9a2-4cab-bb5f-6e02021d7949,Deep Learning,AI/ML,ADVANCED,84.9,True,Udemy,Udemy,2025-02-15,CRED-0DCCED6425,https://credentials.example.com/CRED-0DCCED6425,https://credentials.example.com/CRED-0DCCED6425
cc31d7bf-dbaa-4d68-8d3f-c2a945e52790,1b52325d-f9a2-4cab-bb5f-6e02021d7949,JavaScript,Programming,INTERMEDIATE,57.0,False,,,,,,
a15a1724-30db-4712-a81c-9a42ed7a09e5,07e7ded9-5cbb-4a52-b079-a716069ac87d,Node.js,Web Development,BEGINNER,31.7,False,,,,,,
54a5dce9-2404-466c-be09-b81304de191a,49857ed5-6a7b-494c-842c-3a680967b69a,Machine Learning,AI/ML,BEGINNER,21.4,False,,,,,,
495ae0d1-cccd-42dc-9189-241ee0c102b2,49857ed5-6a7b-494c-842c-3a680967b69a,React,Web Development,EXPERT,97.0,False,,,,,,
09e8dc7e-ba25-4a8c-8b8f-cf153aac5ba1,49857ed5-6a7b-494c-842c-3a680967b69a,MongoDB,Database,EXPERT,86.7,True,Coursera,Coursera,2025-06-20,CRED-FC38563CA6,https://credentials.example.com/CRED-FC38563CA6,https://credentials.example.com/CRED-FC38563CA6
9a05165b-f7eb-4f67-91fb-513ed2ab03fe,e53f543e-152f-4b55-adb6-cb5a85d4e3d8,MongoDB,Database,BEGINNER,32.1,False,,,,,,
d53b8284-56b3-45e8-90e5-18d1bc99d8f9,c91ca2dc-0c8c-4c55-90f7-c2f9e16c093f,Docker,DevOps,BEGINNER,26.0,False,,,,,,
1ffa9659-76e4-4674-b9c8-e115b51234ff,7e8354cd-c153-4e88-a9f8-db0ac6be958b,Docker,DevOps,BEGINNER,19.6,False,,,,,,
68222e4f-6c60-4f9f-955d-0f748dcc9e1f,7e8354cd-c153-4e88-a9f8-db0ac6be958b,Kubernetes,DevOps,ADVANCED,67.7,False,,,,,,
da09e0ec-aef5-414a-a59c-25b699c0fdc9,25a7956e-3c76-43af-ad92-c6a174d6b5d1,Figma,Design,BEGINNER,24.7,True,AWS Training,AWS Training,2025-11-19,CRED-C2082265B0,https://credentials.example.com/CRED-C2082265B0,https://credentials.example.com/CRED-C2082265B0
b71d7b23-fe2a-413a-9183-61693719a040,d51d66aa-0e64-4f01-a691-f1b7169d1be6,Python,Programming,BEGINNER,24.4,False,,,,,,
0c2893d4-efbb-4323-9941-b10c14b83242,d51d66aa-0e64-4f01-a691-f1b7169d1be6,Excel,Data Analytics,BEGINNER,31.4,False,,,,,,
f1c4ce62-1294-47d8-8e3f-063e0b7d0985,200c3d16-5001-45c6-9322-896b16a1dba6,Machine Learning,AI/ML,ADVANCED,64.5,True,Microsoft,Microsoft,2026-06-18,CRED-7DB5BB8019,https://credentials.example.com/CRED-7DB5BB8019,https://credentials.example.com/CRED-7DB5BB8019
51eb4494-c0c6-4af9-ab12-5c2c6f3ed8ae,200c3d16-5001-45c6-9322-896b16a1dba6,SQL,Database,INTERMEDIATE,54.8,True,Udemy,Udemy,2025-08-08,CRED-5DDB87CBE5,https://credentials.example.com/CRED-5DDB87CBE5,https://credentials.example.com/CRED-5DDB87CBE5
c03de69d-30a4-46ba-b3ec-904d5756234d,200c3d16-5001-45c6-9322-896b16a1dba6,Python,Programming,INTERMEDIATE,51.3,True,Google,Google,2025-09-20,CRED-B171393D16,https://credentials.example.com/CRED-B171393D16,https://credentials.example.com/CRED-B171393D16
05d1b1fc-a7f2-4c22-82d1-eadd255534a7,200c3d16-5001-45c6-9322-896b16a1dba6,Docker,DevOps,INTERMEDIATE,64.6,False,,,,,,
73a8a547-1040-48b1-bf91-594409a6b10c,200c3d16-5001-45c6-9322-896b16a1dba6,Git,Tools,INTERMEDIATE,57.4,False,,,,,,
fb6ed079-7d2b-47d7-8a17-e6cc9fb6bc73,59610b92-d90e-45f3-82af-36a2029b5490,Java,Programming,BEGINNER,31.3,False,,,,,,
17275812-6068-4694-8e7b-a70fb8aee304,59610b92-d90e-45f3-82af-36a2029b5490,Python,Programming,BEGINNER,35.1,True,Coursera,Coursera,2025-07-06,CRED-B202BD898F,https://credentials.example.com/CRED-B202BD898F,https://credentials.example.com/CRED-B202BD898F
ea4e6c7f-3984-49cd-a9b4-7e4b3ed00651,59610b92-d90e-45f3-82af-36a2029b5490,Node.js,Web Development,INTERMEDIATE,60.6,False,,,,,,
6f13412d-eb07-4487-9607-fc57ab9bc7aa,59610b92-d90e-45f3-82af-36a2029b5490,Docker,DevOps,BEGINNER,27.5,False,,,,,,
ad752127-de6b-4f3a-85fe-bf1ef40c5e6f,88aa53a5-221f-42b9-89e9-1e957069cf92,Linux,Systems,INTERMEDIATE,49.1,True,Microsoft,Microsoft,2025-09-22,CRED-6F13DCF54E,https://credentials.example.com/CRED-6F13DCF54E,https://credentials.example.com/CRED-6F13DCF54E
6122e186-04f0-41c4-bf14-10a4dd93c9d9,88aa53a5-221f-42b9-89e9-1e957069cf92,Docker,DevOps,INTERMEDIATE,58.1,True,Coursera,Coursera,2026-08-02,CRED-A112CF65B7,https://credentials.example.com/CRED-A112CF65B7,https://credentials.example.com/CRED-A112CF65B7
5a791009-09c8-42b6-bdef-c2a4c41e7ea6,88aa53a5-221f-42b9-89e9-1e957069cf92,Power BI,Data Analytics,ADVANCED,92.9,True,Microsoft,Microsoft,2026-08-22,CRED-8CA275BFE8,https://credentials.example.com/CRED-8CA275BFE8,https://credentials.example.com/CRED-8CA275BFE8
c7749684-e9d8-47a2-8b4d-0afd8e2f7aa0,88aa53a5-221f-42b9-89e9-1e957069cf92,Git,Tools,ADVANCED,68.5,True,Udemy,Udemy,2025-08-10,CRED-E554482C82,https://credentials.example.com/CRED-E554482C82,https://credentials.example.com/CRED-E554482C82
684a36ba-0bc4-462d-b1c5-1e3f533a8303,0024cc2b-b9b9-465e-8a70-6fb0348afcb1,Node.js,Web Development,BEGINNER,17.4,True,Udemy,Udemy,2025-07-08,CRED-E6195AB3C0,https://credentials.example.com/CRED-E6195AB3C0,https://credentials.example.com/CRED-E6195AB3C0
ec0c253d-2a8f-44d4-b8f4-ed297f2f34ef,0024cc2b-b9b9-465e-8a70-6fb0348afcb1,TensorFlow,AI/ML,INTERMEDIATE,51.9,False,,,,,,
158aae8c-ac6b-4d09-83c9-6c346fdc1430,0024cc2b-b9b9-465e-8a70-6fb0348afcb1,Docker,DevOps,ADVANCED,70.5,True,NPTEL,NPTEL,2026-06-26,CRED-7CCC81CDAF,https://credentials.example.com/CRED-7CCC81CDAF,https://credentials.example.com/CRED-7CCC81CDAF
6f1c47bc-b2b5-422b-8488-93f18dff5019,0024cc2b-b9b9-465e-8a70-6fb0348afcb1,React,Web Development,ADVANCED,75.3,False,,,,,,
a95b1aca-ac1e-4918-b372-c91d7fabeb39,74fdba63-6dda-41bf-b3f5-b2c9a511ef58,Excel,Data Analytics,ADVANCED,84.0,True,Microsoft,Microsoft,2025-12-02,CRED-B1FE03093A,https://credentials.example.com/CRED-B1FE03093A,https://credentials.example.com/CRED-B1FE03093A
abbc505f-64b3-493a-ba87-51cdfe33ed19,74fdba63-6dda-41bf-b3f5-b2c9a511ef58,Python,Programming,EXPERT,100.0,True,Coursera,Coursera,2025-04-27,CRED-5B1B812D51,https://credentials.example.com/CRED-5B1B812D51,https://credentials.example.com/CRED-5B1B812D51
5b5edbc3-e4f9-4267-85f2-41fdce42051c,74fdba63-6dda-41bf-b3f5-b2c9a511ef58,Docker,DevOps,BEGINNER,38.0,False,,,,,,
4ad49be9-49ce-42f5-b4e4-8a5dcddbe3aa,74fdba63-6dda-41bf-b3f5-b2c9a511ef58,Node.js,Web Development,INTERMEDIATE,64.9,False,,,,,,
087fc780-2c81-43c0-abe8-661bc2337060,2a1809dd-5e85-4323-9190-d203f33fb2a8,React,Web Development,ADVANCED,60.3,True,Microsoft,Microsoft,2026-02-18,CRED-011A1A22FF,https://credentials.example.com/CRED-011A1A22FF,https://credentials.example.com/CRED-011A1A22FF
e9a2dbe6-3744-412c-a27f-c04c0e420496,2a1809dd-5e85-4323-9190-d203f33fb2a8,Machine Learning,AI/ML,INTERMEDIATE,35.4,False,,,,,,
76107e54-57e6-4a60-8855-d2607133a49a,2a1809dd-5e85-4323-9190-d203f33fb2a8,Java,Programming,BEGINNER,28.0,False,,,,,,
fa838c63-a008-4c19-b8ee-bcafd4e1dda0,aeffd5c5-5f29-4091-be8a-ea2bb00b354d,Linux,Systems,ADVANCED,69.8,True,Udemy,Udemy,2026-07-05,CRED-7399A1AEA8,https://credentials.example.com/CRED-7399A1AEA8,https://credentials.example.com/CRED-7399A1AEA8
4b6c505f-df41-4093-b7f6-ef6b8f7d08c0,aeffd5c5-5f29-4091-be8a-ea2bb00b354d,React,Web Development,INTERMEDIATE,57.7,False,,,,,,
676528e7-3fcd-4229-8820-ebb5eb7834c8,aeffd5c5-5f29-4091-be8a-ea2bb00b354d,Git,Tools,BEGINNER,44.2,False,,,,,,
cf89d8d6-bb48-4e48-8af4-87a900829e91,d775fee5-06ef-48ea-afc4-817fbff83ccd,Power BI,Data Analytics,ADVANCED,65.1,True,NPTEL,NPTEL,2025-12-25,CRED-77BBF5403D,https://credentials.example.com/CRED-77BBF5403D,https://credentials.example.com/CRED-77BBF5403D
5f182c7d-42d0-4fce-8f7d-159d1867f45e,d775fee5-06ef-48ea-afc4-817fbff83ccd,Machine Learning,AI/ML,BEGINNER,30.6,False,,,,,,
5c169398-c27d-4877-a343-7f1fc82cc854,d775fee5-06ef-48ea-afc4-817fbff83ccd,Excel,Data Analytics,ADVANCED,70.8,True,NPTEL,NPTEL,2025-03-17,CRED-72CA4E935A,https://credentials.example.com/CRED-72CA4E935A,https://credentials.example.com/CRED-72CA4E935A
99d2e8b3-c30a-4178-ae62-510084d93b54,d775fee5-06ef-48ea-afc4-817fbff83ccd,Git,Tools,EXPERT,100.0,False,,,,,,
8097e892-18d7-4434-831c-3aecfabc2ab3,9fed4953-f4af-488f-adca-2e3051a756c9,Git,Tools,BEGINNER,35.7,False,,,,,,
d6d2fc17-1505-4a76-8c3f-af1565848ac6,9fed4953-f4af-488f-adca-2e3051a756c9,AWS,Cloud,BEGINNER,40.6,False,,,,,,
6b326e75-e362-46ca-8ff0-aba68513d8e0,9fed4953-f4af-488f-adca-2e3051a756c9,React,Web Development,EXPERT,89.7,False,,,,,,
41fd4571-fca7-42ce-ab03-f73f94574c09,9fed4953-f4af-488f-adca-2e3051a756c9,SQL,Database,BEGINNER,34.9,False,,,,,,
651d61a3-0959-4525-8af4-a031a7644b54,353c83ab-7797-44a2-b291-ac914d1ff87b,Machine Learning,AI/ML,BEGINNER,22.5,True,Google,Google,2026-03-07,CRED-B5EF9CC877,https://credentials.example.com/CRED-B5EF9CC877,https://credentials.example.com/CRED-B5EF9CC877
052a63a2-f374-45ec-8ef7-f3dac41d0bbf,353c83ab-7797-44a2-b291-ac914d1ff87b,AWS,Cloud,BEGINNER,36.9,False,,,,,,
311e6fd0-524d-4318-93b8-f3ae6f4b5e27,1f58eb28-4a34-4c9c-ab2d-ace1494d1099,Node.js,Web Development,ADVANCED,79.1,False,,,,,,
2acfc95b-b44c-428e-8feb-21ea8214c1ac,1f58eb28-4a34-4c9c-ab2d-ace1494d1099,TensorFlow,AI/ML,ADVANCED,81.4,True,NPTEL,NPTEL,2025-03-29,CRED-CDCBCC913D,https://credentials.example.com/CRED-CDCBCC913D,https://credentials.example.com/CRED-CDCBCC913D
885b118c-0338-4cda-b110-5ff05eff70c5,1f58eb28-4a34-4c9c-ab2d-ace1494d1099,Kubernetes,DevOps,EXPERT,89.0,True,AWS Training,AWS Training,2025-09-14,CRED-A1D216CF4B,https://credentials.example.com/CRED-A1D216CF4B,https://credentials.example.com/CRED-A1D216CF4B
fbe4ce69-94f0-4fbe-9262-4b2d66e29cd8,1aa0c5e8-1f1d-4280-ac46-ae40989b5c9b,Excel,Data Analytics,ADVANCED,73.1,True,AWS Training,AWS Training,2025-01-11,CRED-FAAC781555,https://credentials.example.com/CRED-FAAC781555,https://credentials.example.com/CRED-FAAC781555
31a1a09d-6231-4f29-a880-babe5c0ef0c8,1aa0c5e8-1f1d-4280-ac46-ae40989b5c9b,Python,Programming,INTERMEDIATE,74.8,False,,,,,,
41c55702-a481-47db-9c6f-aef81f5a8ad9,1aa0c5e8-1f1d-4280-ac46-ae40989b5c9b,TensorFlow,AI/ML,BEGINNER,36.5,True,Microsoft,Microsoft,2025-04-02,CRED-4B24D178EF,https://credentials.example.com/CRED-4B24D178EF,https://credentials.example.com/CRED-4B24D178EF
e832c0ca-3922-441f-9a60-c8b6a1ce49c4,1aa0c5e8-1f1d-4280-ac46-ae40989b5c9b,React,Web Development,BEGINNER,37.4,False,,,,,,
b55bba89-8365-413a-ba3d-49318b96c00f,448f9d7f-19cf-47a9-8fae-a872a8a0815b,Data Structures & Algorithms,Core CS,BEGINNER,43.3,False,,,,,,
4065d3e3-27ed-4e0d-9f15-39185e01bf3a,448f9d7f-19cf-47a9-8fae-a872a8a0815b,JavaScript,Programming,BEGINNER,29.1,False,,,,,,
7bb2948b-060f-4150-8193-e77a54958d4b,448f9d7f-19cf-47a9-8fae-a872a8a0815b,MongoDB,Database,BEGINNER,26.5,False,,,,,,
bb643a45-33fc-40d4-9a84-42950091b03c,c40edde9-dda4-49d1-aceb-f34caeedcca0,Node.js,Web Development,INTERMEDIATE,52.4,False,,,,,,
db59e122-50f7-4fb7-91d9-e0c35b02a742,c40edde9-dda4-49d1-aceb-f34caeedcca0,AWS,Cloud,BEGINNER,14.4,True,Coursera,Coursera,2026-05-01,CRED-360A9AD733,https://credentials.example.com/CRED-360A9AD733,https://credentials.example.com/CRED-360A9AD733
efe7e105-c785-4958-a4da-0858eb8d8042,bf3bab5b-d911-45b1-accc-9068cc247a70,Figma,Design,INTERMEDIATE,82.7,False,,,,,,
90f77203-599a-4764-9e23-133e3908e37b,bf3bab5b-d911-45b1-accc-9068cc247a70,Python,Programming,INTERMEDIATE,42.4,False,,,,,,
12d2b3f0-2f1d-4411-8bdf-629caed435c1,c73f1973-1fe2-4055-b2b0-0e0b615e9b86,Docker,DevOps,BEGINNER,29.7,False,,,,,,
0226beb4-f57b-44ae-90c9-e8624a65534d,c73f1973-1fe2-4055-b2b0-0e0b615e9b86,Data Structures & Algorithms,Core CS,INTERMEDIATE,71.7,True,Google,Google,2026-07-19,CRED-D4D5A56123,https://credentials.example.com/CRED-D4D5A56123,https://credentials.example.com/CRED-D4D5A56123
2e21677c-aa44-494b-ac4b-23b1fec839fe,c73f1973-1fe2-4055-b2b0-0e0b615e9b86,Deep Learning,AI/ML,BEGINNER,39.9,False,,,,,,
878c4972-2c4b-419a-b946-dd2e29501d6e,c73f1973-1fe2-4055-b2b0-0e0b615e9b86,AWS,Cloud,INTERMEDIATE,43.5,False,,,,,,
1e344aa0-c72e-4549-87a4-c77c4ae9a13e,c73f1973-1fe2-4055-b2b0-0e0b615e9b86,Machine Learning,AI/ML,EXPERT,81.9,True,Coursera,Coursera,2026-02-11,CRED-8E3C3A7542,https://credentials.example.com/CRED-8E3C3A7542,https://credentials.example.com/CRED-8E3C3A7542
208f04a3-0b3a-4967-8908-d3cfb000ebb6,d5ae9762-feae-4dda-b484-b12961a1c968,Docker,DevOps,BEGINNER,39.4,False,,,,,,
6323a086-ab9a-4a91-9465-a10f5b9a18c1,4154b673-3743-4021-a177-5bf305937e30,Docker,DevOps,BEGINNER,32.0,False,,,,,,
7ce4e82c-b9a0-4ce6-b9f2-814f54ebe5b7,4154b673-3743-4021-a177-5bf305937e30,Excel,Data Analytics,INTERMEDIATE,54.6,False,,,,,,
09dfb440-689f-489f-82d9-cd5b2d2eb1d4,88bd303b-323b-4dcc-8d13-80b7b238e458,AWS,Cloud,INTERMEDIATE,66.7,False,,,,,,
bec30e7e-9f12-423f-8090-d01ca56f5df5,88bd303b-323b-4dcc-8d13-80b7b238e458,MongoDB,Database,INTERMEDIATE,46.7,False,,,,,,
55c6b786-1e38-43cb-8ecb-510d0b774b8e,88bd303b-323b-4dcc-8d13-80b7b238e458,Deep Learning,AI/ML,INTERMEDIATE,33.6,False,,,,,,
e3dd1abf-49b7-4506-b11d-29ad846b40a5,d694668f-77f4-468e-8e3a-426ca239c4c8,JavaScript,Programming,BEGINNER,17.8,False,,,,,,
41daff96-e64f-4619-8b94-9646f95e974d,a9afb85a-ba06-4c1a-99d5-2da26a6a681d,Power BI,Data Analytics,ADVANCED,79.7,True,Udemy,Udemy,2026-02-20,CRED-6470D00347,https://credentials.example.com/CRED-6470D00347,https://credentials.example.com/CRED-6470D00347
1ff7156a-1aef-4bd7-a251-8a4df41a431f,a9afb85a-ba06-4c1a-99d5-2da26a6a681d,React,Web Development,INTERMEDIATE,46.8,False,,,,,,
a77b8a01-b2a0-41ea-b9d2-9a1cdfacb638,a9afb85a-ba06-4c1a-99d5-2da26a6a681d,Figma,Design,ADVANCED,70.4,False,,,,,,
70455416-d40f-407c-9c16-4f1952148262,a9afb85a-ba06-4c1a-99d5-2da26a6a681d,Python,Programming,INTERMEDIATE,53.4,True,Udemy,Udemy,2026-06-17,CRED-9BF4C81C9E,https://credentials.example.com/CRED-9BF4C81C9E,https://credentials.example.com/CRED-9BF4C81C9E
650fe6ea-a4a3-4461-805e-86b228066b8c,a9afb85a-ba06-4c1a-99d5-2da26a6a681d,Docker,DevOps,BEGINNER,44.2,False,,,,,,
b992e23e-c694-46f6-8c17-d20cba830540,fc64f279-7f37-4a0c-8666-63fea6ee3711,Docker,DevOps,INTERMEDIATE,62.6,False,,,,,,
7d6cf40f-dd64-43d3-832c-fecc2b47640e,aa05300a-dfe1-4fe5-bd1c-75b153ccd355,Java,Programming,BEGINNER,19.5,False,,,,,,
a3257533-54ed-47fd-869d-e1ccfa0e85e4,aa05300a-dfe1-4fe5-bd1c-75b153ccd355,SQL,Database,INTERMEDIATE,64.0,False,,,,,,
79aa73b7-e737-4d83-9c01-0a9e8ef094da,aa05300a-dfe1-4fe5-bd1c-75b153ccd355,AWS,Cloud,INTERMEDIATE,55.4,False,,,,,,
bf69b322-4f22-4588-89d2-ce89984cb75c,aa05300a-dfe1-4fe5-bd1c-75b153ccd355,JavaScript,Programming,ADVANCED,64.8,False,,,,,,
dc62cab9-734a-4fb1-b72a-56cbbd792f73,8bc40b4b-faa5-4855-b20b-96d0bc6866f5,TensorFlow,AI/ML,INTERMEDIATE,52.5,False,,,,,,
78f29402-3535-49ef-8850-de0c3f91c187,8bc40b4b-faa5-4855-b20b-96d0bc6866f5,JavaScript,Programming,BEGINNER,14.5,False,,,,,,
a6b35222-3df9-46ac-afe6-d2ac945bb757,8bc40b4b-faa5-4855-b20b-96d0bc6866f5,Machine Learning,AI/ML,BEGINNER,31.1,False,,,,,,
e4a237bf-4f4d-4ba8-bf28-383485f5294f,8bc40b4b-faa5-4855-b20b-96d0bc6866f5,C++,Programming,BEGINNER,37.1,False,,,,,,
62f1890f-9413-46f9-928a-2f687ee3dfb1,8bc40b4b-faa5-4855-b20b-96d0bc6866f5,Deep Learning,AI/ML,INTERMEDIATE,54.8,True,AWS Training,AWS Training,2025-08-25,CRED-03184D3036,https://credentials.example.com/CRED-03184D3036,https://credentials.example.com/CRED-03184D3036
8b7f4040-97a7-449b-a84b-5058c52e4939,94278129-9587-49a6-a1c2-32d0da2d8903,Kubernetes,DevOps,INTERMEDIATE,51.9,False,,,,,,
cfaf466b-0983-461b-9f87-cbec5a129486,94278129-9587-49a6-a1c2-32d0da2d8903,Data Structures & Algorithms,Core CS,BEGINNER,37.7,False,,,,,,
27bdba37-d4cc-44eb-b1b8-2c5f951d45de,94278129-9587-49a6-a1c2-32d0da2d8903,SQL,Database,ADVANCED,54.5,True,AWS Training,AWS Training,2025-02-04,CRED-50D4309404,https://credentials.example.com/CRED-50D4309404,https://credentials.example.com/CRED-50D4309404
3790a77d-23a0-4eb7-8821-9681c392b5c7,94278129-9587-49a6-a1c2-32d0da2d8903,AWS,Cloud,INTERMEDIATE,52.1,True,Coursera,Coursera,2025-10-24,CRED-7084B83C4D,https://credentials.example.com/CRED-7084B83C4D,https://credentials.example.com/CRED-7084B83C4D
c69c7026-0b0c-4b76-8785-3f66213aced4,79c66d62-85ec-464c-851c-fddacf105bd0,Excel,Data Analytics,BEGINNER,28.6,False,,,,,,
f582dd5e-4dce-40ff-aa23-7053716110f5,79c66d62-85ec-464c-851c-fddacf105bd0,MongoDB,Database,ADVANCED,84.1,False,,,,,,
4292dd94-d9f0-43b0-ad7f-dda0a2178cdc,79c66d62-85ec-464c-851c-fddacf105bd0,Machine Learning,AI/ML,BEGINNER,29.6,True,Microsoft,Microsoft,2026-03-04,CRED-DE300F1D5C,https://credentials.example.com/CRED-DE300F1D5C,https://credentials.example.com/CRED-DE300F1D5C
92c2d5e3-7ff2-4c69-b736-84d3ba7a8139,79c66d62-85ec-464c-851c-fddacf105bd0,Linux,Systems,INTERMEDIATE,59.7,False,,,,,,
37a3b412-458f-40da-b4d7-52a44ac2b308,1e68384e-18a3-4186-9155-1704e8e46e39,C++,Programming,ADVANCED,70.3,True,Google,Google,2025-11-24,CRED-37FB20BB4D,https://credentials.example.com/CRED-37FB20BB4D,https://credentials.example.com/CRED-37FB20BB4D
19ca25f0-cea2-4f72-92cd-3958b3f8ab03,1e68384e-18a3-4186-9155-1704e8e46e39,Figma,Design,BEGINNER,15.5,False,,,,,,
4ef0e8d4-be16-4555-ad31-7aee5f0b063f,1e68384e-18a3-4186-9155-1704e8e46e39,Deep Learning,AI/ML,INTERMEDIATE,40.0,False,,,,,,
70b9a08e-d111-4101-a9a1-e1746161fe01,1e68384e-18a3-4186-9155-1704e8e46e39,Kubernetes,DevOps,BEGINNER,24.1,False,,,,,,
2241db3f-b6dd-427c-8fd2-37702a09a9b9,1e68384e-18a3-4186-9155-1704e8e46e39,Python,Programming,BEGINNER,22.0,False,,,,,,
879a5c44-3211-4638-8d69-39746c01659f,72ffb51a-4f2c-4beb-89be-48644de71420,Linux,Systems,ADVANCED,57.5,False,,,,,,
13feaeab-f193-4158-801d-23d67eee6892,72ffb51a-4f2c-4beb-89be-48644de71420,C++,Programming,BEGINNER,40.0,False,,,,,,
78292bb8-d9af-4319-9a7e-069820ecfc8c,72ffb51a-4f2c-4beb-89be-48644de71420,Kubernetes,DevOps,BEGINNER,13.2,False,,,,,,
d0d1d08a-14af-4578-873b-8650833432a0,72ffb51a-4f2c-4beb-89be-48644de71420,Data Structures & Algorithms,Core CS,BEGINNER,35.0,False,,,,,,
959e1a33-1a25-43a1-850c-0f92b855f55b,f5ff0a9c-ec9e-4df5-a568-063faa105a2e,Java,Programming,BEGINNER,16.9,False,,,,,,
15440fba-4bb8-442c-bef5-e9000bda4a81,f5ff0a9c-ec9e-4df5-a568-063faa105a2e,TensorFlow,AI/ML,INTERMEDIATE,45.0,False,,,,,,
d7a96333-f50e-4be0-99a4-1982f448e8f3,ffabdd59-ccc8-4098-8bfb-06cad728e3f0,Excel,Data Analytics,BEGINNER,17.0,False,,,,,,
b4e5940f-dad6-4d02-9d42-727fa15dfe31,ffabdd59-ccc8-4098-8bfb-06cad728e3f0,Power BI,Data Analytics,INTERMEDIATE,51.2,False,,,,,,
0456a903-b7c3-472d-9d25-b8657df175e5,ffabdd59-ccc8-4098-8bfb-06cad728e3f0,SQL,Database,INTERMEDIATE,59.4,False,,,,,,
11da7201-9eae-4f54-a112-f363ec322fea,ffabdd59-ccc8-4098-8bfb-06cad728e3f0,Kubernetes,DevOps,BEGINNER,27.1,False,,,,,,
9d30d42c-839f-46b6-95e8-0345eb06b782,ffabdd59-ccc8-4098-8bfb-06cad728e3f0,Python,Programming,INTERMEDIATE,61.4,False,,,,,,
c46f1512-67c5-411d-b318-ec142b063247,51fc8967-615e-45dd-ac13-838ef464278e,Deep Learning,AI/ML,ADVANCED,82.8,True,Microsoft,Microsoft,2026-02-12,CRED-38AE81B245,https://credentials.example.com/CRED-38AE81B245,https://credentials.example.com/CRED-38AE81B245
a2a4d9a2-bf7c-42ec-9e2f-fc595ff0d0b1,2c6f1d1d-78bc-4527-b6a5-006ea336e3c2,Java,Programming,EXPERT,95.7,True,AWS Training,AWS Training,2025-09-07,CRED-EEB71C3CE5,https://credentials.example.com/CRED-EEB71C3CE5,https://credentials.example.com/CRED-EEB71C3CE5
25af9951-8a16-433a-9fe6-d809895e10c2,2c6f1d1d-78bc-4527-b6a5-006ea336e3c2,AWS,Cloud,INTERMEDIATE,69.3,False,,,,,,
4ba0752f-ad33-4043-bdb5-5ed1911ad46e,2c6f1d1d-78bc-4527-b6a5-006ea336e3c2,SQL,Database,INTERMEDIATE,49.8,True,NPTEL,NPTEL,2025-08-20,CRED-FA836BFB30,https://credentials.example.com/CRED-FA836BFB30,https://credentials.example.com/CRED-FA836BFB30
6022108b-fdf6-4cde-8e74-55d9d045d6d7,e3e54023-c0aa-49ca-9a5b-09a2edf79970,Data Structures & Algorithms,Core CS,INTERMEDIATE,68.9,False,,,,,,
ef88c42d-d2b2-4629-a55c-cb834135ef30,e3e54023-c0aa-49ca-9a5b-09a2edf79970,Machine Learning,AI/ML,INTERMEDIATE,57.7,False,,,,,,
4bdc1988-bc6f-4890-97a8-4ca856a1263e,e3e54023-c0aa-49ca-9a5b-09a2edf79970,React,Web Development,INTERMEDIATE,59.5,False,,,,,,
7db8b26b-c00b-4142-b94c-2a413040b3f3,e3e54023-c0aa-49ca-9a5b-09a2edf79970,Python,Programming,BEGINNER,21.6,False,,,,,,
403ef658-9940-4720-8f15-832b47e15b6c,e3e54023-c0aa-49ca-9a5b-09a2edf79970,Kubernetes,DevOps,BEGINNER,31.6,False,,,,,,
2b75b77d-4eae-44bf-ac1c-398ac654f24d,e4b232db-c745-4bc1-b4c7-e37c85f372fb,Machine Learning,AI/ML,BEGINNER,28.4,True,AWS Training,AWS Training,2026-05-14,CRED-81052BF16E,https://credentials.example.com/CRED-81052BF16E,https://credentials.example.com/CRED-81052BF16E
b364cf40-c7ad-4863-a545-704f27e313c3,c338e056-2585-41f0-abb8-d65ecb53a70d,Excel,Data Analytics,INTERMEDIATE,52.6,False,,,,,,
fc4629f8-358a-411b-ae92-ee6d523737ce,c338e056-2585-41f0-abb8-d65ecb53a70d,MongoDB,Database,ADVANCED,65.7,True,Udemy,Udemy,2026-02-01,CRED-E25558D822,https://credentials.example.com/CRED-E25558D822,https://credentials.example.com/CRED-E25558D822
836b7272-bef7-490e-9b23-22b5e55c04b4,c338e056-2585-41f0-abb8-d65ecb53a70d,AWS,Cloud,INTERMEDIATE,91.3,True,Coursera,Coursera,2025-02-27,CRED-0CD24E9F26,https://credentials.example.com/CRED-0CD24E9F26,https://credentials.example.com/CRED-0CD24E9F26
ad39afdf-d845-4ddd-b2c0-827dbb9e2a29,c338e056-2585-41f0-abb8-d65ecb53a70d,C++,Programming,BEGINNER,32.3,False,,,,,,
265b51f0-87cf-40bf-903c-9ffad9230ceb,485c9553-463f-4962-82b1-f171ad8c70fb,Linux,Systems,ADVANCED,85.3,False,,,,,,
939a8bfc-34e7-4609-8571-c08b98ab0f89,485c9553-463f-4962-82b1-f171ad8c70fb,Java,Programming,INTERMEDIATE,58.6,False,,,,,,
5c0c621d-5560-4ea9-90a8-ca88297b3432,485c9553-463f-4962-82b1-f171ad8c70fb,TensorFlow,AI/ML,ADVANCED,92.2,True,NPTEL,NPTEL,2025-07-02,CRED-84D8B8E791,https://credentials.example.com/CRED-84D8B8E791,https://credentials.example.com/CRED-84D8B8E791
bc57a776-9426-4577-9fdb-3782eccad83b,485c9553-463f-4962-82b1-f171ad8c70fb,C++,Programming,BEGINNER,40.7,True,Coursera,Coursera,2025-01-26,CRED-ABCE6CC295,https://credentials.example.com/CRED-ABCE6CC295,https://credentials.example.com/CRED-ABCE6CC295
e9741462-12c6-4022-8484-4c9e802cffc7,485c9553-463f-4962-82b1-f171ad8c70fb,AWS,Cloud,EXPERT,100.0,True,Coursera,Coursera,2026-07-21,CRED-1F0FB51EDC,https://credentials.example.com/CRED-1F0FB51EDC,https://credentials.example.com/CRED-1F0FB51EDC
e8843542-c2c3-41ec-b88b-94581b419167,c836a097-38a4-4060-af53-9c3b2eaa4bb2,Figma,Design,INTERMEDIATE,38.4,True,Coursera,Coursera,2025-03-07,CRED-871FCA6DC1,https://credentials.example.com/CRED-871FCA6DC1,https://credentials.example.com/CRED-871FCA6DC1
ac93653c-981f-499b-9050-04ef6c63f066,c836a097-38a4-4060-af53-9c3b2eaa4bb2,Excel,Data Analytics,INTERMEDIATE,52.9,False,,,,,,
3f81c612-10a3-41e2-903e-d4207066d7c4,c836a097-38a4-4060-af53-9c3b2eaa4bb2,Kubernetes,DevOps,INTERMEDIATE,52.5,False,,,,,,
82011d8a-466b-445a-8968-74720a6251d0,c836a097-38a4-4060-af53-9c3b2eaa4bb2,React,Web Development,BEGINNER,45.0,False,,,,,,
a0e96932-c400-4421-9e9e-39b0c9b29a0a,5ae77cf9-84a0-4036-a4ce-e6c6bd930a81,Linux,Systems,INTERMEDIATE,50.5,False,,,,,,
379a4dd7-4189-4a79-b63e-0d21586fbe76,5ae77cf9-84a0-4036-a4ce-e6c6bd930a81,Git,Tools,INTERMEDIATE,53.8,False,,,,,,
1fcf77b2-2fb0-4b37-b2d7-acf33d7b19f2,5ae77cf9-84a0-4036-a4ce-e6c6bd930a81,Node.js,Web Development,BEGINNER,9.3,False,,,,,,
70dc995b-64da-4fbe-8fa4-3c6026c7fedd,5ae77cf9-84a0-4036-a4ce-e6c6bd930a81,Kubernetes,DevOps,INTERMEDIATE,63.6,False,,,,,,
d0ad191d-0a9d-4c4e-b47b-25b3a9674998,6e45faaf-11a8-4055-b0b9-5e35beb79440,Machine Learning,AI/ML,BEGINNER,23.9,False,,,,,,
e1b329b1-9ed8-4709-96a5-84e942b3a366,6e45faaf-11a8-4055-b0b9-5e35beb79440,JavaScript,Programming,BEGINNER,21.4,True,Microsoft,Microsoft,2026-06-09,CRED-375E2132BA,https://credentials.example.com/CRED-375E2132BA,https://credentials.example.com/CRED-375E2132BA
216f7cfa-cf98-4726-9841-5dde11f54886,6e45faaf-11a8-4055-b0b9-5e35beb79440,Deep Learning,AI/ML,INTERMEDIATE,69.7,True,Google,Google,2026-01-03,CRED-2C313CB74D,https://credentials.example.com/CRED-2C313CB74D,https://credentials.example.com/CRED-2C313CB74D
01f0c29b-586a-4d7f-8b1c-8ea94452f593,6e45faaf-11a8-4055-b0b9-5e35beb79440,Figma,Design,BEGINNER,43.1,False,,,,,,
a121892e-ec0e-45d5-8ed9-d638fa825f52,6e45faaf-11a8-4055-b0b9-5e35beb79440,MongoDB,Database,BEGINNER,16.2,False,,,,,,
53e66484-08a7-40a2-8172-66b5785fce85,f40f5d2b-a245-42bf-aad5-0fc80d47cac5,JavaScript,Programming,INTERMEDIATE,55.8,False,,,,,,
0ec13996-4a8d-4297-8b99-e89fa81f6f65,f40f5d2b-a245-42bf-aad5-0fc80d47cac5,Docker,DevOps,BEGINNER,42.2,False,,,,,,
52ac55f3-8db4-44b4-9a8e-378cbeaf1a9e,2685b452-d129-4463-a739-3c362f4120c7,Java,Programming,BEGINNER,22.3,False,,,,,,
f1bb9383-88bb-4cf5-be64-d3cd78977203,2685b452-d129-4463-a739-3c362f4120c7,Kubernetes,DevOps,BEGINNER,23.9,False,,,,,,
e08dfbd7-6c1c-4a5c-bab5-74bfc113d453,2685b452-d129-4463-a739-3c362f4120c7,MongoDB,Database,BEGINNER,38.5,False,,,,,,
62bda1c3-f10e-4b0d-b2f0-c104ad5133b1,2685b452-d129-4463-a739-3c362f4120c7,Figma,Design,BEGINNER,23.0,True,Udemy,Udemy,2025-09-29,CRED-CD0D82E5D6,https://credentials.example.com/CRED-CD0D82E5D6,https://credentials.example.com/CRED-CD0D82E5D6
ea055374-e60b-4b12-93a6-8cb380cf75bc,aeb81a28-905b-4064-a805-0a8384a9d1a0,MongoDB,Database,BEGINNER,30.1,False,,,,,,
a4656704-96f5-4cc9-9e54-62a280fd67cb,f32c7625-4071-40d5-9354-ce93269e7e87,Java,Programming,INTERMEDIATE,53.7,False,,,,,,
021f5539-d898-482d-8c82-eef362bda532,f32c7625-4071-40d5-9354-ce93269e7e87,Python,Programming,INTERMEDIATE,55.4,False,,,,,,
c441ef3b-0cde-4484-aee5-41dfc6186f74,f32c7625-4071-40d5-9354-ce93269e7e87,JavaScript,Programming,EXPERT,100.0,False,,,,,,
fa6f0a98-87b4-4185-a8d9-4268407e6e0c,f32c7625-4071-40d5-9354-ce93269e7e87,C++,Programming,INTERMEDIATE,49.5,False,,,,,,
13cb54c4-67e2-497b-a8ed-dc26910097e8,4f8ace03-2e04-4b18-8627-1ebba41de43f,Kubernetes,DevOps,ADVANCED,79.1,True,NPTEL,NPTEL,2026-04-03,CRED-66A1B85045,https://credentials.example.com/CRED-66A1B85045,https://credentials.example.com/CRED-66A1B85045
77ffdfac-7136-473f-a27b-8a4c887cdac9,4f8ace03-2e04-4b18-8627-1ebba41de43f,C++,Programming,INTERMEDIATE,61.1,False,,,,,,
9a3b6848-a5e2-4b73-b239-1c16cebccc6c,4f8ace03-2e04-4b18-8627-1ebba41de43f,Power BI,Data Analytics,INTERMEDIATE,56.5,True,Google,Google,2025-10-11,CRED-61180950E9,https://credentials.example.com/CRED-61180950E9,https://credentials.example.com/CRED-61180950E9
0a3f12b1-a0df-445f-8801-c9389c047471,4f8ace03-2e04-4b18-8627-1ebba41de43f,JavaScript,Programming,BEGINNER,43.3,False,,,,,,
7cac75c4-c4ad-4566-a01e-bc08b1c341de,4f8ace03-2e04-4b18-8627-1ebba41de43f,Machine Learning,AI/ML,BEGINNER,53.3,False,,,,,,
fd9266e6-f7bd-4587-9dfb-0cab003f20c2,aca7ceaa-6def-4e7c-be7a-2e5f8a48c140,C++,Programming,BEGINNER,33.1,False,,,,,,
f5e3042e-6286-4a3e-a3a7-8c770e9ba2e5,aca7ceaa-6def-4e7c-be7a-2e5f8a48c140,Git,Tools,INTERMEDIATE,66.3,False,,,,,,
fcb806a2-d5e3-4b32-8710-7e2a1c84485d,aca7ceaa-6def-4e7c-be7a-2e5f8a48c140,TensorFlow,AI/ML,INTERMEDIATE,46.9,False,,,,,,
61769320-e940-4934-9b19-6e185c10dc86,aca7ceaa-6def-4e7c-be7a-2e5f8a48c140,Linux,Systems,INTERMEDIATE,68.1,False,,,,,,
6998cb26-eeb1-4e00-aa0b-61a9328d20a9,ace83e17-34a2-4d4f-b078-852aba41c658,Excel,Data Analytics,INTERMEDIATE,60.9,False,,,,,,
e6636deb-5b80-40c6-8eb9-0a14e75bd39d,ace83e17-34a2-4d4f-b078-852aba41c658,Node.js,Web Development,ADVANCED,58.2,False,,,,,,
af9302e6-9451-4fca-9b5a-397c7b8fc808,ace83e17-34a2-4d4f-b078-852aba41c658,Data Structures & Algorithms,Core CS,ADVANCED,83.6,True,Microsoft,Microsoft,2025-11-05,CRED-B18A18C6FB,https://credentials.example.com/CRED-B18A18C6FB,https://credentials.example.com/CRED-B18A18C6FB
d00e5fb9-4e7d-410f-a4e0-4c052528c707,ace83e17-34a2-4d4f-b078-852aba41c658,JavaScript,Programming,BEGINNER,37.4,False,,,,,,
12865727-94b0-4008-9ece-0bfa573d8d24,34e68226-d81d-40b3-bc05-41e178b298b1,Figma,Design,BEGINNER,48.2,False,,,,,,
aad7e928-247c-4852-b8d1-717819eddd1f,b2fbba87-7a8e-47c4-b4ed-533c9e250d62,Java,Programming,INTERMEDIATE,66.7,False,,,,,,
a83cdabd-7214-4b36-96ed-e2e899c64fb3,b2fbba87-7a8e-47c4-b4ed-533c9e250d62,SQL,Database,INTERMEDIATE,71.7,False,,,,,,
ea6f20fc-bdf9-40eb-b707-cb87749d4118,9f9059af-8f3b-43ba-b3b0-8972e2911d53,Linux,Systems,ADVANCED,72.4,True,Udemy,Udemy,2026-08-19,CRED-3F5B8913EF,https://credentials.example.com/CRED-3F5B8913EF,https://credentials.example.com/CRED-3F5B8913EF
b978675d-d03b-414f-b543-3c7cb6705ad7,9f9059af-8f3b-43ba-b3b0-8972e2911d53,Deep Learning,AI/ML,ADVANCED,75.3,True,Google,Google,2025-12-19,CRED-3ACC37E43F,https://credentials.example.com/CRED-3ACC37E43F,https://credentials.example.com/CRED-3ACC37E43F
de3c1fd2-2bf5-407e-86c3-3874ffd04752,9f9059af-8f3b-43ba-b3b0-8972e2911d53,Git,Tools,INTERMEDIATE,64.6,False,,,,,,
fcb2a5c5-3df6-4233-897c-ed8066d6fe4f,4e90571e-8d29-4026-98ac-70ef5babc57f,Data Structures & Algorithms,Core CS,INTERMEDIATE,58.4,False,,,,,,
df528fe8-12d5-4873-813a-ca4535d33a80,4e90571e-8d29-4026-98ac-70ef5babc57f,JavaScript,Programming,BEGINNER,38.0,False,,,,,,
a6a0ca5a-c419-48c6-8727-f76c8d6ddcf3,539f828a-a8b4-48f7-bd82-b6a031f44596,Git,Tools,ADVANCED,69.2,True,Udemy,Udemy,2025-01-29,CRED-5B48599F1E,https://credentials.example.com/CRED-5B48599F1E,https://credentials.example.com/CRED-5B48599F1E
74cf7ee9-1770-499a-b7a5-61b8882a07b6,539f828a-a8b4-48f7-bd82-b6a031f44596,Linux,Systems,ADVANCED,70.6,False,,,,,,
aa6cb035-ca36-4432-81d9-c5e3b52a78e8,539f828a-a8b4-48f7-bd82-b6a031f44596,Kubernetes,DevOps,BEGINNER,47.3,False,,,,,,
13a1d909-1e80-4fab-a54a-c747d93aa499,811c98a0-25c2-44fa-9c07-14c33bdcd376,React,Web Development,INTERMEDIATE,38.5,False,,,,,,
5cecb4c2-5646-4b48-ae20-3220e4c83f32,811c98a0-25c2-44fa-9c07-14c33bdcd376,Figma,Design,BEGINNER,38.1,False,,,,,,
1bc19380-9efa-4ef2-8154-2d02e766cf8b,811c98a0-25c2-44fa-9c07-14c33bdcd376,Kubernetes,DevOps,INTERMEDIATE,49.3,False,,,,,,
f508f14f-d806-4cec-8e0e-298a67804850,c22956f4-b3a4-46af-bcbf-42c05e08acff,JavaScript,Programming,INTERMEDIATE,67.9,True,Google,Google,2026-07-14,CRED-245D711D83,https://credentials.example.com/CRED-245D711D83,https://credentials.example.com/CRED-245D711D83
3a681012-f39a-480b-ad04-8a76c270f5b3,c22956f4-b3a4-46af-bcbf-42c05e08acff,Kubernetes,DevOps,INTERMEDIATE,40.1,False,,,,,,
84493ef1-af65-4669-9220-a122809a0da8,c22956f4-b3a4-46af-bcbf-42c05e08acff,C++,Programming,ADVANCED,88.4,True,Coursera,Coursera,2026-07-25,CRED-9945639511,https://credentials.example.com/CRED-9945639511,https://credentials.example.com/CRED-9945639511
127dfdf3-2fd6-4831-bf28-7c9c01def6ed,c22956f4-b3a4-46af-bcbf-42c05e08acff,MongoDB,Database,EXPERT,92.3,True,Udemy,Udemy,2026-03-20,CRED-84A61F05BC,https://credentials.example.com/CRED-84A61F05BC,https://credentials.example.com/CRED-84A61F05BC
d08fee61-b440-48d0-a7ae-e15ea8f02a15,ed40ade3-3132-4839-ab4c-9622a8e92494,TensorFlow,AI/ML,EXPERT,93.1,True,AWS Training,AWS Training,2026-02-01,CRED-DB18DB87DA,https://credentials.example.com/CRED-DB18DB87DA,https://credentials.example.com/CRED-DB18DB87DA
80d31670-700e-4582-b630-11601db87a89,ed40ade3-3132-4839-ab4c-9622a8e92494,MongoDB,Database,BEGINNER,28.0,False,,,,,,
04ebf6ed-aeb2-4c5a-b8db-ce217efe85f3,ed40ade3-3132-4839-ab4c-9622a8e92494,Excel,Data Analytics,ADVANCED,76.3,False,,,,,,
b23a9cfd-eab5-4bd2-bfb7-81f838ffefcc,ed40ade3-3132-4839-ab4c-9622a8e92494,JavaScript,Programming,BEGINNER,20.1,True,Coursera,Coursera,2025-06-09,CRED-7279309ADC,https://credentials.example.com/CRED-7279309ADC,https://credentials.example.com/CRED-7279309ADC
0f796b3a-62a0-4bbe-a962-b70abe60d695,ed40ade3-3132-4839-ab4c-9622a8e92494,Git,Tools,BEGINNER,41.0,False,,,,,,
9948bd73-8250-49d3-a1cf-9076627c3609,828d8c74-0036-4277-81af-d4700dfc81c6,C++,Programming,INTERMEDIATE,59.3,True,Google,Google,2025-04-03,CRED-3E3CA0DD48,https://credentials.example.com/CRED-3E3CA0DD48,https://credentials.example.com/CRED-3E3CA0DD48
502ef3e7-cdd3-4d61-a8a2-c254473b7b92,828d8c74-0036-4277-81af-d4700dfc81c6,AWS,Cloud,ADVANCED,72.5,False,,,,,,
d0a1416c-1a8e-469d-a499-8f00fd3405a8,828d8c74-0036-4277-81af-d4700dfc81c6,JavaScript,Programming,INTERMEDIATE,46.8,False,,,,,,
062d74ea-86eb-4dee-9ffc-ac595976da8b,825b1a2c-10a0-4580-82e9-2d9a53634557,Java,Programming,BEGINNER,36.1,False,,,,,,
ab4e9749-ecda-4a80-ab8d-42a9c93d3506,825b1a2c-10a0-4580-82e9-2d9a53634557,C++,Programming,ADVANCED,100.0,False,,,,,,
da90357f-0877-47e2-a4f6-2816bf574f75,825b1a2c-10a0-4580-82e9-2d9a53634557,TensorFlow,AI/ML,EXPERT,90.5,True,Microsoft,Microsoft,2025-11-08,CRED-F3EE250198,https://credentials.example.com/CRED-F3EE250198,https://credentials.example.com/CRED-F3EE250198
7797b513-6249-4ba9-acbd-ffa994268ac5,0978d6d4-2569-4a6c-bcb2-82a95e2ed768,Power BI,Data Analytics,INTERMEDIATE,36.2,False,,,,,,
a3a2faa9-40c9-48fd-9c3f-bd57dacd8ae2,0978d6d4-2569-4a6c-bcb2-82a95e2ed768,Machine Learning,AI/ML,INTERMEDIATE,73.7,False,,,,,,
740a17de-51a8-403e-82be-d256c7fee08d,0978d6d4-2569-4a6c-bcb2-82a95e2ed768,SQL,Database,ADVANCED,77.0,True,Coursera,Coursera,2025-11-23,CRED-58B439668D,https://credentials.example.com/CRED-58B439668D,https://credentials.example.com/CRED-58B439668D
461ff769-8915-4b01-851e-c7e0f3cc733e,0978d6d4-2569-4a6c-bcb2-82a95e2ed768,Java,Programming,INTERMEDIATE,63.7,False,,,,,,
b0c52479-03d7-4026-b468-9edcd4479cd4,7380c0eb-edee-48e7-93bd-f24851bc903c,AWS,Cloud,BEGINNER,25.2,False,,,,,,
bffa4292-32f3-40df-ad8d-d93acf8abc1f,7380c0eb-edee-48e7-93bd-f24851bc903c,C++,Programming,ADVANCED,85.8,True,Google,Google,2026-06-17,CRED-FA12AD1FC4,https://credentials.example.com/CRED-FA12AD1FC4,https://credentials.example.com/CRED-FA12AD1FC4
bc3109ac-d9ed-409d-b4c5-12b82407fd9d,26061ff7-9b8e-4726-b727-d3b4a95d28bf,Node.js,Web Development,ADVANCED,85.3,False,,,,,,
a06a724e-4196-4741-ade6-f8bc304ab610,26061ff7-9b8e-4726-b727-d3b4a95d28bf,Kubernetes,DevOps,ADVANCED,78.7,True,NPTEL,NPTEL,2025-06-19,CRED-812E56DC4B,https://credentials.example.com/CRED-812E56DC4B,https://credentials.example.com/CRED-812E56DC4B
4ecbba0b-d6ae-418f-bc76-ebc0abdd33e9,26061ff7-9b8e-4726-b727-d3b4a95d28bf,C++,Programming,ADVANCED,67.9,False,,,,,,
49784383-418c-4ad1-b8f3-31ef9aaec458,26061ff7-9b8e-4726-b727-d3b4a95d28bf,MongoDB,Database,INTERMEDIATE,46.7,True,Coursera,Coursera,2025-12-23,CRED-21D4EA752E,https://credentials.example.com/CRED-21D4EA752E,https://credentials.example.com/CRED-21D4EA752E
da07ec8c-88ff-404c-94e7-cd6951b4cffa,26061ff7-9b8e-4726-b727-d3b4a95d28bf,Python,Programming,INTERMEDIATE,52.5,False,,,,,,
a81a5753-f049-4fd1-b94f-fdb647a3f2eb,8c3fde4c-2d89-4665-8630-4d634cac6790,AWS,Cloud,INTERMEDIATE,55.5,False,,,,,,
11c2cf21-cd20-4abf-a589-cece805d86d4,8c3fde4c-2d89-4665-8630-4d634cac6790,TensorFlow,AI/ML,ADVANCED,92.3,True,Udemy,Udemy,2025-02-17,CRED-C1702BFFFC,https://credentials.example.com/CRED-C1702BFFFC,https://credentials.example.com/CRED-C1702BFFFC
155f37ba-6d92-4fc9-9fdb-31a7313232b6,d5faef6d-1c0f-42d0-bd08-c6248a06652d,Excel,Data Analytics,BEGINNER,34.0,False,,,,,,
1f8caf6c-9bb4-4ae2-96eb-0be1c448da42,d5faef6d-1c0f-42d0-bd08-c6248a06652d,Python,Programming,BEGINNER,46.3,False,,,,,,
c8eabe60-57dc-473e-8198-00b8161c47aa,d5faef6d-1c0f-42d0-bd08-c6248a06652d,Deep Learning,AI/ML,INTERMEDIATE,66.2,False,,,,,,
9167e17d-b952-4e86-8315-6fdf872c0883,d5faef6d-1c0f-42d0-bd08-c6248a06652d,SQL,Database,BEGINNER,23.6,True,Udemy,Udemy,2026-08-17,CRED-97D3A20C94,https://credentials.example.com/CRED-97D3A20C94,https://credentials.example.com/CRED-97D3A20C94
00f8a303-b4e4-47bd-8b21-bc439256f333,d5faef6d-1c0f-42d0-bd08-c6248a06652d,Data Structures & Algorithms,Core CS,ADVANCED,82.5,True,Google,Google,2026-07-30,CRED-D18136108A,https://credentials.example.com/CRED-D18136108A,https://credentials.example.com/CRED-D18136108A
3d0a2bce-f2de-4103-bcd1-21a3ffc78cd6,712ff425-dba8-4bb2-9d76-10c41a7aff9a,Python,Programming,ADVANCED,77.8,False,,,,,,
0ade53f3-88b4-4b5a-a6ba-71ff14036204,712ff425-dba8-4bb2-9d76-10c41a7aff9a,React,Web Development,INTERMEDIATE,62.2,True,Google,Google,2026-02-26,CRED-521C0CC685,https://credentials.example.com/CRED-521C0CC685,https://credentials.example.com/CRED-521C0CC685
f910995b-1206-4cb6-a90d-7e8b844a70da,712ff425-dba8-4bb2-9d76-10c41a7aff9a,Linux,Systems,ADVANCED,79.9,True,AWS Training,AWS Training,2025-02-25,CRED-EEDBFAD18C,https://credentials.example.com/CRED-EEDBFAD18C,https://credentials.example.com/CRED-EEDBFAD18C
537eb4c2-dbca-4d8b-a34d-77d556522e17,712ff425-dba8-4bb2-9d76-10c41a7aff9a,Machine Learning,AI/ML,INTERMEDIATE,47.3,True,AWS Training,AWS Training,2026-01-24,CRED-1F97E9D95C,https://credentials.example.com/CRED-1F97E9D95C,https://credentials.example.com/CRED-1F97E9D95C
86cae440-e8c5-4cfb-a214-747c4d1f5995,712ff425-dba8-4bb2-9d76-10c41a7aff9a,SQL,Database,INTERMEDIATE,56.3,False,,,,,,
7963d322-9789-49f4-9a89-dd5a64d4a98b,5498f25a-ee5d-470f-ad4e-77381e770e42,Linux,Systems,BEGINNER,42.0,True,NPTEL,NPTEL,2025-12-01,CRED-09729C6103,https://credentials.example.com/CRED-09729C6103,https://credentials.example.com/CRED-09729C6103
4ac607c8-4ef3-43a6-829a-13bc697fdbe7,5498f25a-ee5d-470f-ad4e-77381e770e42,MongoDB,Database,ADVANCED,71.5,False,,,,,,
7c908131-bb08-43be-abb1-bb48af092e51,5c6cc2ed-3771-47f4-8f7f-556ebbe393b5,Deep Learning,AI/ML,BEGINNER,26.4,True,Google,Google,2025-10-28,CRED-25186F4416,https://credentials.example.com/CRED-25186F4416,https://credentials.example.com/CRED-25186F4416
4cd563b8-c936-4c57-a7dc-145ee9eff0e1,5c6cc2ed-3771-47f4-8f7f-556ebbe393b5,Excel,Data Analytics,ADVANCED,77.0,False,,,,,,
cb55fa2d-fe73-4481-867e-3d477f5bca72,5c6cc2ed-3771-47f4-8f7f-556ebbe393b5,SQL,Database,BEGINNER,39.8,True,NPTEL,NPTEL,2026-01-28,CRED-5658B89BCE,https://credentials.example.com/CRED-5658B89BCE,https://credentials.example.com/CRED-5658B89BCE
aab0c92a-eb9c-4cb1-bef0-13f203776928,7c835fa2-3d85-4d9b-8397-bda38fa681da,Python,Programming,ADVANCED,65.7,True,Coursera,Coursera,2025-01-01,CRED-D75ED22461,https://credentials.example.com/CRED-D75ED22461,https://credentials.example.com/CRED-D75ED22461
8a49cd8d-ef4c-4a65-a649-f1a73259c46d,7c835fa2-3d85-4d9b-8397-bda38fa681da,MongoDB,Database,BEGINNER,29.0,True,NPTEL,NPTEL,2026-04-14,CRED-F977BCE489,https://credentials.example.com/CRED-F977BCE489,https://credentials.example.com/CRED-F977BCE489
8e256be3-425d-48dc-973d-17d7c38fbd20,7c835fa2-3d85-4d9b-8397-bda38fa681da,Linux,Systems,INTERMEDIATE,44.1,False,,,,,,
3a15721a-f42c-4869-a120-ec7510c88dac,7c835fa2-3d85-4d9b-8397-bda38fa681da,C++,Programming,ADVANCED,83.3,True,AWS Training,AWS Training,2025-01-29,CRED-56469D0B4C,https://credentials.example.com/CRED-56469D0B4C,https://credentials.example.com/CRED-56469D0B4C
450a8714-6fe7-44b8-a6cb-a78f0c7f7fd0,7c835fa2-3d85-4d9b-8397-bda38fa681da,JavaScript,Programming,ADVANCED,65.8,False,,,,,,
601501cb-5557-4396-b368-7cc576953353,c0ee9ff8-c659-4e90-94d2-978d4284b34a,JavaScript,Programming,BEGINNER,42.7,False,,,,,,
b85ceba1-122c-48a4-8f41-14db777d5e05,387649e6-2b27-4ab2-8f64-a27e321d983f,AWS,Cloud,INTERMEDIATE,49.0,False,,,,,,
5c5afc70-dc48-4dca-b800-3bbcac86d0a8,387649e6-2b27-4ab2-8f64-a27e321d983f,JavaScript,Programming,INTERMEDIATE,47.9,False,,,,,,
2de1f83d-44a4-460d-98e1-d11f602fadfc,387649e6-2b27-4ab2-8f64-a27e321d983f,C++,Programming,ADVANCED,72.2,True,AWS Training,AWS Training,2025-08-11,CRED-8EC200087F,https://credentials.example.com/CRED-8EC200087F,https://credentials.example.com/CRED-8EC200087F
19f99e07-7b26-43f7-99ba-08ab14c600a5,f0aa3c56-1768-4dcb-906a-9e974944c482,Power BI,Data Analytics,ADVANCED,82.4,True,Microsoft,Microsoft,2026-02-23,CRED-9693949E8E,https://credentials.example.com/CRED-9693949E8E,https://credentials.example.com/CRED-9693949E8E
7b02975a-3e86-4311-978d-4322852972ae,f0aa3c56-1768-4dcb-906a-9e974944c482,Java,Programming,BEGINNER,38.4,False,,,,,,
ad83647f-9634-4458-bff0-d78629e79a12,f0aa3c56-1768-4dcb-906a-9e974944c482,Git,Tools,EXPERT,80.1,True,Google,Google,2025-06-16,CRED-0CC353AE65,https://credentials.example.com/CRED-0CC353AE65,https://credentials.example.com/CRED-0CC353AE65
992a1c7f-066f-4d43-bd30-893e6c4169fc,f0aa3c56-1768-4dcb-906a-9e974944c482,Docker,DevOps,EXPERT,79.2,True,Microsoft,Microsoft,2026-01-16,CRED-CAB370F73A,https://credentials.example.com/CRED-CAB370F73A,https://credentials.example.com/CRED-CAB370F73A
fe33f021-0ace-46d7-a784-51ff5c900945,73246218-dea4-4b96-92ff-a3977ab84d18,Power BI,Data Analytics,INTERMEDIATE,69.5,False,,,,,,
fd65c994-e702-4220-acf7-2b76cb30e3be,73246218-dea4-4b96-92ff-a3977ab84d18,React,Web Development,ADVANCED,75.9,False,,,,,,
c9054d6f-a7b3-40fb-9262-917c05c89ad6,73246218-dea4-4b96-92ff-a3977ab84d18,MongoDB,Database,INTERMEDIATE,33.8,False,,,,,,
29872acc-4fa6-49eb-95b2-1420af179cb9,73246218-dea4-4b96-92ff-a3977ab84d18,Java,Programming,BEGINNER,22.9,False,,,,,,
20b97f22-965e-49c3-80b3-0c57773ec6a1,73246218-dea4-4b96-92ff-a3977ab84d18,Git,Tools,ADVANCED,79.5,False,,,,,,
4084166f-a4ed-4230-b2a5-09cec164264f,8f0e6792-b0ca-4f50-9384-741138a75598,Machine Learning,AI/ML,INTERMEDIATE,46.9,False,,,,,,
a139e4fc-0fb9-4bfd-8fcd-5d57c35c48c4,8f0e6792-b0ca-4f50-9384-741138a75598,Figma,Design,BEGINNER,45.4,False,,,,,,
603b1f02-1e30-449b-a814-48d74c0188b3,50d8dbfa-8647-4f4a-b95e-4cc2e88534d6,Java,Programming,INTERMEDIATE,42.7,False,,,,,,
f238b7d6-79c7-4e83-b3bb-88e9b2f04e31,50d8dbfa-8647-4f4a-b95e-4cc2e88534d6,Deep Learning,AI/ML,INTERMEDIATE,62.0,False,,,,,,
76a4dec4-0937-49e6-8388-2a6a6b757ac1,50d8dbfa-8647-4f4a-b95e-4cc2e88534d6,AWS,Cloud,BEGINNER,22.4,True,Udemy,Udemy,2026-02-17,CRED-C1E5C2170E,https://credentials.example.com/CRED-C1E5C2170E,https://credentials.example.com/CRED-C1E5C2170E
a78a6972-2dad-4089-97fb-e54c93e6d41a,50d8dbfa-8647-4f4a-b95e-4cc2e88534d6,Machine Learning,AI/ML,BEGINNER,7.5,False,,,,,,
c91783e2-c484-40ce-a7f5-5d040e8b5113,50d8dbfa-8647-4f4a-b95e-4cc2e88534d6,Power BI,Data Analytics,ADVANCED,87.2,True,NPTEL,NPTEL,2025-03-08,CRED-803B45C0C4,https://credentials.example.com/CRED-803B45C0C4,https://credentials.example.com/CRED-803B45C0C4
b58dfaef-822c-4262-9986-c4bbc0d294f1,9f30ce9f-6e00-4afb-a85c-a4b2712dc148,JavaScript,Programming,BEGINNER,34.2,False,,,,,,
cc56c726-1d3d-4450-aafa-891220bacbac,9f30ce9f-6e00-4afb-a85c-a4b2712dc148,Figma,Design,EXPERT,81.0,False,,,,,,
70ecc859-9a12-470c-8db4-582bdf43a9a3,9f30ce9f-6e00-4afb-a85c-a4b2712dc148,Machine Learning,AI/ML,BEGINNER,10.8,False,,,,,,
28e76259-a47d-4bd4-9dcc-04c6a4dcf769,9f30ce9f-6e00-4afb-a85c-a4b2712dc148,Excel,Data Analytics,EXPERT,89.0,True,NPTEL,NPTEL,2025-12-12,CRED-9FD6CBDA6A,https://credentials.example.com/CRED-9FD6CBDA6A,https://credentials.example.com/CRED-9FD6CBDA6A
e0d06a4a-b7c3-4d83-9a66-8ff1b275bc17,9f30ce9f-6e00-4afb-a85c-a4b2712dc148,SQL,Database,INTERMEDIATE,38.0,False,,,,,,
b8eb6c4e-59ce-43ca-8ca4-7b0076ce517c,c2b3bd72-a29e-4f8b-baad-79f8b1569908,Power BI,Data Analytics,BEGINNER,10.0,False,,,,,,
f884860b-03b6-4f68-9cea-f2e41f913998,c2b3bd72-a29e-4f8b-baad-79f8b1569908,MongoDB,Database,INTERMEDIATE,64.5,False,,,,,,
003c7975-1fdd-4f9c-8371-253318f705db,c2b3bd72-a29e-4f8b-baad-79f8b1569908,Python,Programming,INTERMEDIATE,49.8,False,,,,,,
239d3ad4-b716-4dd0-a6c7-534a8013ff9b,c2b3bd72-a29e-4f8b-baad-79f8b1569908,Data Structures & Algorithms,Core CS,BEGINNER,27.5,False,,,,,,
642e7280-d24c-4d68-8949-75b1ef782f31,c2b3bd72-a29e-4f8b-baad-79f8b1569908,Excel,Data Analytics,INTERMEDIATE,35.9,False,,,,,,
2626af82-2811-402d-9135-5e7f54d11c57,a7311312-bdf5-4157-b29e-dd9d9d830bf3,Docker,DevOps,INTERMEDIATE,52.9,True,Microsoft,Microsoft,2026-06-08,CRED-CA33B1A169,https://credentials.example.com/CRED-CA33B1A169,https://credentials.example.com/CRED-CA33B1A169
813fd302-0890-45d3-91bf-03ec85edbfe7,a7311312-bdf5-4157-b29e-dd9d9d830bf3,AWS,Cloud,ADVANCED,67.2,False,,,,,,
f5663ef6-37c4-405f-9ce2-68e16dfed886,a7311312-bdf5-4157-b29e-dd9d9d830bf3,C++,Programming,ADVANCED,68.5,True,Microsoft,Microsoft,2025-07-10,CRED-05FB973CCD,https://credentials.example.com/CRED-05FB973CCD,https://credentials.example.com/CRED-05FB973CCD
48f91993-cd1b-4cd7-8338-7c15e1c3a4f9,a7311312-bdf5-4157-b29e-dd9d9d830bf3,JavaScript,Programming,INTERMEDIATE,44.0,False,,,,,,
ddd4b13b-5783-4591-9a2a-17c97925341e,a7311312-bdf5-4157-b29e-dd9d9d830bf3,Java,Programming,ADVANCED,79.0,True,Google,Google,2026-04-19,CRED-4041182226,https://credentials.example.com/CRED-4041182226,https://credentials.example.com/CRED-4041182226
e59d223c-36cb-48f7-ab9f-ca579e900452,996351d8-9c51-4c46-992d-6e82a35f3644,Git,Tools,BEGINNER,31.9,False,,,,,,
73ea6f42-0ea3-494d-84e2-d28e6728bfa3,996351d8-9c51-4c46-992d-6e82a35f3644,C++,Programming,BEGINNER,38.9,False,,,,,,
0f04b085-2029-4d50-88ba-54cf93211517,cc26aa44-21c3-4e9e-996a-07a135e1c8f2,Git,Tools,INTERMEDIATE,48.3,True,AWS Training,AWS Training,2026-07-21,CRED-2139BD37BD,https://credentials.example.com/CRED-2139BD37BD,https://credentials.example.com/CRED-2139BD37BD
c9b2101c-cc16-44cb-b087-ecda2bd613a3,cc26aa44-21c3-4e9e-996a-07a135e1c8f2,Deep Learning,AI/ML,ADVANCED,81.6,False,,,,,,
a72c09f6-6e99-4d2f-849e-dff29362f0f3,cc26aa44-21c3-4e9e-996a-07a135e1c8f2,Excel,Data Analytics,INTERMEDIATE,65.9,False,,,,,,
80e920ef-c129-4206-b70d-2456441770a3,cc26aa44-21c3-4e9e-996a-07a135e1c8f2,Java,Programming,BEGINNER,9.3,True,Coursera,Coursera,2026-07-02,CRED-02F81C6E12,https://credentials.example.com/CRED-02F81C6E12,https://credentials.example.com/CRED-02F81C6E12
2b722be6-90cf-4d1b-b8ff-9cf2c88f9161,cc26aa44-21c3-4e9e-996a-07a135e1c8f2,AWS,Cloud,ADVANCED,85.6,False,,,,,,
6236da6d-00f4-4630-8a1e-337057cf4341,bdccaded-65ea-4501-aede-7ce1561e758b,SQL,Database,BEGINNER,45.9,True,Udemy,Udemy,2026-08-07,CRED-B710095B01,https://credentials.example.com/CRED-B710095B01,https://credentials.example.com/CRED-B710095B01
916f7cda-d594-4c2d-88bc-054b1faf2f98,bdccaded-65ea-4501-aede-7ce1561e758b,C++,Programming,ADVANCED,90.0,True,NPTEL,NPTEL,2025-01-17,CRED-1D1971255A,https://credentials.example.com/CRED-1D1971255A,https://credentials.example.com/CRED-1D1971255A
f1e0142b-0d97-4d6d-aead-4cbbfb7ddd47,bdccaded-65ea-4501-aede-7ce1561e758b,AWS,Cloud,EXPERT,90.3,True,AWS Training,AWS Training,2025-05-07,CRED-F3E4B22D7E,https://credentials.example.com/CRED-F3E4B22D7E,https://credentials.example.com/CRED-F3E4B22D7E
69ae43b3-3bcf-45cb-a2eb-ac5e8320dfde,bdccaded-65ea-4501-aede-7ce1561e758b,Java,Programming,INTERMEDIATE,43.9,False,,,,,,
928d279d-3b45-481f-b358-f11e9dc41fcd,bdccaded-65ea-4501-aede-7ce1561e758b,Docker,DevOps,BEGINNER,33.2,True,NPTEL,NPTEL,2025-03-28,CRED-73FFB39158,https://credentials.example.com/CRED-73FFB39158,https://credentials.example.com/CRED-73FFB39158
f817bd9c-67e5-4b21-89f6-194c8069868c,3c649419-c932-4826-ade9-8beb159a5559,Node.js,Web Development,EXPERT,100.0,True,Udemy,Udemy,2026-02-26,CRED-12629A92EA,https://credentials.example.com/CRED-12629A92EA,https://credentials.example.com/CRED-12629A92EA
e7a7156f-7201-417b-98d3-95919e024eac,3c649419-c932-4826-ade9-8beb159a5559,C++,Programming,BEGINNER,32.7,False,,,,,,
abf8f301-28bd-4864-95ee-c7e991f2d2ed,239fc409-b6bf-40db-b7de-8a32df040920,Figma,Design,INTERMEDIATE,49.2,False,,,,,,
57d50409-10fc-4880-93a5-80f31ecfd1fb,239fc409-b6bf-40db-b7de-8a32df040920,JavaScript,Programming,INTERMEDIATE,48.5,False,,,,,,
173429f7-4299-487d-9dec-a2868886ada0,239fc409-b6bf-40db-b7de-8a32df040920,Docker,DevOps,INTERMEDIATE,60.0,False,,,,,,
16df4943-41b7-427a-890c-ca1b7d88669f,239fc409-b6bf-40db-b7de-8a32df040920,Power BI,Data Analytics,BEGINNER,11.9,False,,,,,,
e304db08-d744-400d-ac5b-7e6814750a09,239fc409-b6bf-40db-b7de-8a32df040920,Deep Learning,AI/ML,BEGINNER,29.9,True,Microsoft,Microsoft,2025-06-30,CRED-B6640EC655,https://credentials.example.com/CRED-B6640EC655,https://credentials.example.com/CRED-B6640EC655
a1789743-312e-44af-8811-6efecb9a129f,4f238c69-d0d9-42af-9c9b-82743b861003,Data Structures & Algorithms,Core CS,BEGINNER,36.1,False,,,,,,
f774b2cb-b3ee-427e-b2b0-a2beeb7af447,989d7365-227f-4bdf-b747-3bdbfd414519,Git,Tools,BEGINNER,12.6,False,,,,,,
6819dcd3-b0d3-4a70-91d6-38d29d02b1ee,989d7365-227f-4bdf-b747-3bdbfd414519,Power BI,Data Analytics,BEGINNER,24.5,False,,,,,,
c4edb750-7fbd-4099-80f4-f6870ddbd04b,989d7365-227f-4bdf-b747-3bdbfd414519,SQL,Database,INTERMEDIATE,57.3,False,,,,,,
5a89e174-2034-440e-9546-c5795a3b6a14,989d7365-227f-4bdf-b747-3bdbfd414519,Machine Learning,AI/ML,INTERMEDIATE,50.7,False,,,,,,
756afb57-d26d-4b1b-aa91-df252e80e955,2412b7f0-1aba-43e8-9d6c-63e430338438,Kubernetes,DevOps,BEGINNER,24.4,False,,,,,,
5601c86f-875a-466f-b6f5-910d4e8cbaec,2412b7f0-1aba-43e8-9d6c-63e430338438,Python,Programming,BEGINNER,31.6,False,,,,,,
c703294c-5131-4fd3-8fbf-097d54ef763d,2412b7f0-1aba-43e8-9d6c-63e430338438,AWS,Cloud,BEGINNER,42.6,False,,,,,,
1e201d98-2a25-4292-9d3f-393f385df377,f9e7f15a-7fdf-479f-9430-2473469d0752,Data Structures & Algorithms,Core CS,INTERMEDIATE,55.5,False,,,,,,
6f3703a1-a24a-4276-9847-abc8363fac23,c6c034d5-5398-438a-939e-c289746d58a6,React,Web Development,ADVANCED,100.0,True,NPTEL,NPTEL,2025-02-08,CRED-B290A5DDFE,https://credentials.example.com/CRED-B290A5DDFE,https://credentials.example.com/CRED-B290A5DDFE
c73a526e-a3f1-41b7-9393-81eb331883cc,255028ff-4668-4c76-b8c1-ba1e9a684c68,Data Structures & Algorithms,Core CS,INTERMEDIATE,45.9,False,,,,,,
8fc518b7-0a78-4f50-948d-346a499eb545,255028ff-4668-4c76-b8c1-ba1e9a684c68,Java,Programming,BEGINNER,34.5,True,NPTEL,NPTEL,2025-02-11,CRED-0BE4860316,https://credentials.example.com/CRED-0BE4860316,https://credentials.example.com/CRED-0BE4860316
a6200ef0-42ba-448b-a824-7193edd226f0,255028ff-4668-4c76-b8c1-ba1e9a684c68,Machine Learning,AI/ML,ADVANCED,84.5,True,AWS Training,AWS Training,2025-06-19,CRED-45E23B0857,https://credentials.example.com/CRED-45E23B0857,https://credentials.example.com/CRED-45E23B0857
83dcd991-6490-4cb5-8ba1-019130fdc088,9bcf43b7-8331-4915-85f3-54f312f1dac1,Java,Programming,INTERMEDIATE,35.7,False,,,,,,
257e4e88-22fe-4192-8950-52871a085f50,9bcf43b7-8331-4915-85f3-54f312f1dac1,Git,Tools,INTERMEDIATE,65.8,True,Udemy,Udemy,2025-07-11,CRED-4FD79AE3CE,https://credentials.example.com/CRED-4FD79AE3CE,https://credentials.example.com/CRED-4FD79AE3CE
45019c06-b69e-4761-ac8f-b6bf052c68db,9bcf43b7-8331-4915-85f3-54f312f1dac1,Data Structures & Algorithms,Core CS,INTERMEDIATE,45.8,False,,,,,,
09ea29b7-28d1-4d37-9520-4c11eaf90bc4,9bcf43b7-8331-4915-85f3-54f312f1dac1,Node.js,Web Development,INTERMEDIATE,38.0,True,Microsoft,Microsoft,2026-02-03,CRED-87E5E610FC,https://credentials.example.com/CRED-87E5E610FC,https://credentials.example.com/CRED-87E5E610FC
6ddb47c1-af76-4c85-ad05-9e5f51edf610,4e3d90be-9d47-4eb7-8527-dba7131cc5e8,Data Structures & Algorithms,Core CS,BEGINNER,23.6,False,,,,,,
a42ac6a7-faf1-4cdb-98e4-986d7aa2fc90,4e3d90be-9d47-4eb7-8527-dba7131cc5e8,Linux,Systems,BEGINNER,33.9,False,,,,,,
0e3cd165-5c7a-4c49-996a-fc6d1e95a45d,4e3d90be-9d47-4eb7-8527-dba7131cc5e8,React,Web Development,ADVANCED,72.0,True,NPTEL,NPTEL,2025-12-17,CRED-99F56FD6C6,https://credentials.example.com/CRED-99F56FD6C6,https://credentials.example.com/CRED-99F56FD6C6
bd78090d-0e65-4aa7-b786-7c39d6fc4a43,72d5d83c-8fec-4702-ad0a-f9ab6ed635ca,React,Web Development,INTERMEDIATE,59.6,False,,,,,,
4032bb6f-23a7-4c23-a403-63f4c2dc94e5,72d5d83c-8fec-4702-ad0a-f9ab6ed635ca,Figma,Design,BEGINNER,40.6,False,,,,,,
42c06993-0ce9-426f-87a4-6f89c2af15ee,72d5d83c-8fec-4702-ad0a-f9ab6ed635ca,Node.js,Web Development,ADVANCED,77.1,True,Coursera,Coursera,2026-08-11,CRED-6922977D16,https://credentials.example.com/CRED-6922977D16,https://credentials.example.com/CRED-6922977D16
45eab377-44cb-4bc1-ba0e-55fc4e4f1e4d,72d5d83c-8fec-4702-ad0a-f9ab6ed635ca,MongoDB,Database,BEGINNER,28.3,False,,,,,,
a4526f7a-76d4-4c69-b216-1f7c3f252398,aa36fed2-9311-4264-aea1-aa7a54e0a7b4,Deep Learning,AI/ML,INTERMEDIATE,70.1,False,,,,,,
a376a0be-6069-463e-9ed3-ef5c0cd3c6eb,aa36fed2-9311-4264-aea1-aa7a54e0a7b4,AWS,Cloud,BEGINNER,28.4,False,,,,,,
28a3be10-d73a-43e0-8a6b-c14243c19eb5,aa36fed2-9311-4264-aea1-aa7a54e0a7b4,Docker,DevOps,BEGINNER,26.5,False,,,,,,
babacd13-0a06-45d0-a825-e47e67b1e677,aa36fed2-9311-4264-aea1-aa7a54e0a7b4,Git,Tools,INTERMEDIATE,60.3,False,,,,,,
ffbea7c3-32c0-4f00-831a-a49de8a85136,1c933004-18b4-4b09-91b5-5fb685f133c8,AWS,Cloud,INTERMEDIATE,44.1,True,AWS Training,AWS Training,2025-09-03,CRED-1A64B4E7AB,https://credentials.example.com/CRED-1A64B4E7AB,https://credentials.example.com/CRED-1A64B4E7AB
529d3eab-3411-48bc-973c-122c09ed5731,1c933004-18b4-4b09-91b5-5fb685f133c8,Figma,Design,INTERMEDIATE,57.6,False,,,,,,
aa3d70d0-84dd-455e-86d1-3d41c5e9ce38,1c933004-18b4-4b09-91b5-5fb685f133c8,Docker,DevOps,BEGINNER,52.2,False,,,,,,
27d9c939-2c3a-4d1f-86ad-ccf05760deb4,1c933004-18b4-4b09-91b5-5fb685f133c8,C++,Programming,INTERMEDIATE,56.7,False,,,,,,
d96b2648-d456-414d-af7d-372fb68faf46,aaa0772a-6377-4153-88e1-221fe96680f6,Data Structures & Algorithms,Core CS,INTERMEDIATE,43.6,False,,,,,,
0c3b487b-947c-4721-b104-d8be67124b36,aaa0772a-6377-4153-88e1-221fe96680f6,Docker,DevOps,INTERMEDIATE,60.2,False,,,,,,
ea028d1e-f8f5-42d8-9e72-6047c0c9881b,aaa0772a-6377-4153-88e1-221fe96680f6,TensorFlow,AI/ML,INTERMEDIATE,69.2,False,,,,,,
81d13a66-d1f9-4047-baac-ff188bfd37f3,aaa0772a-6377-4153-88e1-221fe96680f6,Excel,Data Analytics,INTERMEDIATE,64.5,True,NPTEL,NPTEL,2025-08-03,CRED-21C133916E,https://credentials.example.com/CRED-21C133916E,https://credentials.example.com/CRED-21C133916E
6ceb67a7-b5c5-41a3-a593-f1c4c4283dad,aaa0772a-6377-4153-88e1-221fe96680f6,JavaScript,Programming,BEGINNER,38.1,False,,,,,,
781d3ed4-0ee7-4ac1-b2a5-47b6e2f26b17,4c126d58-064d-4d70-84b0-887308fe829a,Node.js,Web Development,ADVANCED,70.2,True,AWS Training,AWS Training,2025-09-28,CRED-52E4E9214F,https://credentials.example.com/CRED-52E4E9214F,https://credentials.example.com/CRED-52E4E9214F
dc60f8bb-506b-43d6-bcf5-6690d0e765fa,4c126d58-064d-4d70-84b0-887308fe829a,Linux,Systems,BEGINNER,35.1,False,,,,,,
f8ea8819-2193-4be8-97d7-88092da5694b,25e537ea-d4ab-4819-a3e8-d4b4f0bb3903,Data Structures & Algorithms,Core CS,ADVANCED,74.2,True,Microsoft,Microsoft,2026-06-25,CRED-4C3DC8B8C7,https://credentials.example.com/CRED-4C3DC8B8C7,https://credentials.example.com/CRED-4C3DC8B8C7
6b50a204-8961-47b5-868e-51cfb549a628,25e537ea-d4ab-4819-a3e8-d4b4f0bb3903,Node.js,Web Development,INTERMEDIATE,64.5,False,,,,,,
4dd32b26-4f2b-44b9-9902-8cd8a6ce530e,6c9046dc-39db-409f-9220-abe036a1d722,JavaScript,Programming,INTERMEDIATE,64.5,True,Coursera,Coursera,2025-11-01,CRED-96A4C977E3,https://credentials.example.com/CRED-96A4C977E3,https://credentials.example.com/CRED-96A4C977E3
1b9af37a-d2c6-4aec-aa1e-804e1d6681d8,6c9046dc-39db-409f-9220-abe036a1d722,Python,Programming,EXPERT,91.6,True,Udemy,Udemy,2025-01-01,CRED-618BF745F1,https://credentials.example.com/CRED-618BF745F1,https://credentials.example.com/CRED-618BF745F1
8f978359-0388-47b5-acf0-1861e96de802,6c9046dc-39db-409f-9220-abe036a1d722,Power BI,Data Analytics,BEGINNER,43.5,False,,,,,,
25c848c2-257e-4db5-bc08-f801f1b2e932,6c9046dc-39db-409f-9220-abe036a1d722,Kubernetes,DevOps,ADVANCED,80.3,True,Microsoft,Microsoft,2025-02-21,CRED-46DC5519E5,https://credentials.example.com/CRED-46DC5519E5,https://credentials.example.com/CRED-46DC5519E5
44cb5faa-2cbd-45e9-a2f4-d19362c942d7,6c9046dc-39db-409f-9220-abe036a1d722,AWS,Cloud,BEGINNER,6.4,False,,,,,,
17af6017-c631-4a90-ab25-11c528f32bab,006401e0-058b-4699-baa5-b419dc78f05d,TensorFlow,AI/ML,INTERMEDIATE,53.4,True,NPTEL,NPTEL,2025-09-19,CRED-847770AA87,https://credentials.example.com/CRED-847770AA87,https://credentials.example.com/CRED-847770AA87
dcb0ff59-3f8c-4ccb-8b22-8aea4cdd3d7c,006401e0-058b-4699-baa5-b419dc78f05d,Node.js,Web Development,BEGINNER,21.0,False,,,,,,
d57edd75-2cf2-461a-b764-06293bd3cda0,006401e0-058b-4699-baa5-b419dc78f05d,MongoDB,Database,ADVANCED,78.6,True,Coursera,Coursera,2026-06-17,CRED-02131DD33B,https://credentials.example.com/CRED-02131DD33B,https://credentials.example.com/CRED-02131DD33B
e7de06b1-9d90-48c5-9f1a-7ee0291dd103,006401e0-058b-4699-baa5-b419dc78f05d,Kubernetes,DevOps,BEGINNER,53.5,False,,,,,,
d4616e80-d195-46b1-b345-ba9de7411554,2da760e9-22f1-4f8c-a9a6-f8c8558e9057,Power BI,Data Analytics,EXPERT,100.0,False,,,,,,
692c814d-9237-4e10-b547-19fb7ef6a02d,2da760e9-22f1-4f8c-a9a6-f8c8558e9057,React,Web Development,BEGINNER,43.1,False,,,,,,
38d352d0-4ceb-4075-8bd7-816ec3e8f136,2da760e9-22f1-4f8c-a9a6-f8c8558e9057,MongoDB,Database,EXPERT,87.9,False,,,,,,
ed0fd38b-2151-4516-8ca4-d8ede3ad595c,2da760e9-22f1-4f8c-a9a6-f8c8558e9057,Kubernetes,DevOps,BEGINNER,37.0,False,,,,,,
758bbbb4-71fd-4847-9bd5-635f1036f353,87410cc3-bbe5-4881-919c-09472ff3064d,Machine Learning,AI/ML,INTERMEDIATE,44.2,False,,,,,,
1940ef0f-42f8-4301-8240-c6a09a16aac2,87410cc3-bbe5-4881-919c-09472ff3064d,Data Structures & Algorithms,Core CS,INTERMEDIATE,59.7,False,,,,,,
f0483b16-ec77-4849-8f1f-c8c5eb7194bd,87410cc3-bbe5-4881-919c-09472ff3064d,Python,Programming,ADVANCED,81.0,True,Google,Google,2025-01-09,CRED-DD807DE8A2,https://credentials.example.com/CRED-DD807DE8A2,https://credentials.example.com/CRED-DD807DE8A2
6a61a920-44d0-4f81-8b72-c88dee9d1836,87410cc3-bbe5-4881-919c-09472ff3064d,SQL,Database,ADVANCED,78.4,False,,,,,,
263c0853-d773-4e76-aa07-0bbb4ab7d4ad,87410cc3-bbe5-4881-919c-09472ff3064d,Power BI,Data Analytics,ADVANCED,79.1,True,AWS Training,AWS Training,2026-04-13,CRED-342D748C36,https://credentials.example.com/CRED-342D748C36,https://credentials.example.com/CRED-342D748C36
7c9227cb-6aa0-4f88-8d51-43bc34db0f2a,88f418e6-ad4a-405b-95ef-10c82ae97bdb,Linux,Systems,ADVANCED,84.2,False,,,,,,
44c59bd9-5626-4542-bb2c-0b444b0e5a67,53552857-59bc-466b-a1aa-8c218ba3668c,Figma,Design,ADVANCED,88.8,True,Udemy,Udemy,2025-05-30,CRED-4F06EE5CDA,https://credentials.example.com/CRED-4F06EE5CDA,https://credentials.example.com/CRED-4F06EE5CDA
0b233e42-fb0a-4040-92b1-cd6db6c407ce,53552857-59bc-466b-a1aa-8c218ba3668c,Python,Programming,BEGINNER,29.7,False,,,,,,
3b182d75-efcc-4351-9d0f-dd792f697234,53552857-59bc-466b-a1aa-8c218ba3668c,MongoDB,Database,BEGINNER,30.2,False,,,,,,
95c68fe9-a915-4c76-a470-6099bacd63ce,53552857-59bc-466b-a1aa-8c218ba3668c,Deep Learning,AI/ML,INTERMEDIATE,80.7,False,,,,,,
3894c331-a5a2-4268-bf0d-48d6fa309a3a,3775ddfe-542b-45fb-a34d-ec5a98bfaf13,SQL,Database,BEGINNER,17.8,False,,,,,,
1376655c-27f7-474d-b786-1e11857a7309,3775ddfe-542b-45fb-a34d-ec5a98bfaf13,Linux,Systems,BEGINNER,33.0,False,,,,,,
69b0e64d-0312-4559-a9d2-ba03fd8b0ec6,3775ddfe-542b-45fb-a34d-ec5a98bfaf13,Docker,DevOps,INTERMEDIATE,51.6,False,,,,,,
b0f76c5c-354b-41fa-90a3-aae5393f2bae,3775ddfe-542b-45fb-a34d-ec5a98bfaf13,Power BI,Data Analytics,BEGINNER,27.0,False,,,,,,
43251b57-4cfe-4ffc-b4cc-4dd3e8e4177c,e4fb146f-009c-4621-8475-18b825dfaed7,React,Web Development,INTERMEDIATE,72.1,True,Microsoft,Microsoft,2025-06-12,CRED-5366CB8918,https://credentials.example.com/CRED-5366CB8918,https://credentials.example.com/CRED-5366CB8918
f51213a3-f006-44ad-b8d7-9d26de86e2c8,e4fb146f-009c-4621-8475-18b825dfaed7,C++,Programming,INTERMEDIATE,35.7,True,Google,Google,2025-09-20,CRED-AC4E9609AC,https://credentials.example.com/CRED-AC4E9609AC,https://credentials.example.com/CRED-AC4E9609AC
527a5a17-bd1d-4dcb-b7d8-8915ffc7f42c,e4fb146f-009c-4621-8475-18b825dfaed7,SQL,Database,EXPERT,100.0,False,,,,,,
bac4a47a-379c-4775-a874-c8835906199f,1e52497b-9585-49ec-a05f-d7706f227e68,TensorFlow,AI/ML,BEGINNER,26.3,True,AWS Training,AWS Training,2025-02-26,CRED-71FCD46B17,https://credentials.example.com/CRED-71FCD46B17,https://credentials.example.com/CRED-71FCD46B17
447034ad-2238-459b-b76d-905bb8382245,1e52497b-9585-49ec-a05f-d7706f227e68,Data Structures & Algorithms,Core CS,INTERMEDIATE,57.2,False,,,,,,
67d08c62-82f4-4f80-9103-89e759aff9af,1e52497b-9585-49ec-a05f-d7706f227e68,Excel,Data Analytics,BEGINNER,14.5,True,Coursera,Coursera,2026-02-16,CRED-47834CE244,https://credentials.example.com/CRED-47834CE244,https://credentials.example.com/CRED-47834CE244
de63f7e9-ebd4-4a7b-ba41-a8ada05b3721,e19d336d-aa2a-4ae0-8d0d-6ce195c50a6d,JavaScript,Programming,ADVANCED,83.8,True,Coursera,Coursera,2025-10-06,CRED-5E00352E26,https://credentials.example.com/CRED-5E00352E26,https://credentials.example.com/CRED-5E00352E26
655b214e-16a9-4a5f-86e4-c11c370ef097,e19d336d-aa2a-4ae0-8d0d-6ce195c50a6d,React,Web Development,ADVANCED,68.8,False,,,,,,
3ccc2117-6667-474f-b46c-3316ee5071ee,e19d336d-aa2a-4ae0-8d0d-6ce195c50a6d,Figma,Design,INTERMEDIATE,51.9,False,,,,,,
761c02de-94bb-4f35-a97f-a6fb8264840f,e19d336d-aa2a-4ae0-8d0d-6ce195c50a6d,C++,Programming,INTERMEDIATE,55.5,False,,,,,,
f5ea4fff-ca5c-4120-a6ba-12a55f680484,01fea676-9226-4a49-8484-5dff4b3f11df,TensorFlow,AI/ML,INTERMEDIATE,46.6,False,,,,,,
f2cd15d5-8a51-4785-b57d-e295275446fe,01fea676-9226-4a49-8484-5dff4b3f11df,JavaScript,Programming,EXPERT,100.0,True,AWS Training,AWS Training,2025-10-03,CRED-7DFC353F63,https://credentials.example.com/CRED-7DFC353F63,https://credentials.example.com/CRED-7DFC353F63
20bdd6eb-0979-4175-b561-414a1c9d71ec,01fea676-9226-4a49-8484-5dff4b3f11df,Machine Learning,AI/ML,ADVANCED,85.0,True,Google,Google,2025-01-18,CRED-6F2D60B3C6,https://credentials.example.com/CRED-6F2D60B3C6,https://credentials.example.com/CRED-6F2D60B3C6
9d279eea-11ec-48ad-bb77-1aa4ba527f71,124dceff-3c91-42c3-8220-e02831b43603,Kubernetes,DevOps,BEGINNER,51.6,True,Microsoft,Microsoft,2026-02-03,CRED-3C97073CDF,https://credentials.example.com/CRED-3C97073CDF,https://credentials.example.com/CRED-3C97073CDF
9a9f6d25-f5a6-4c37-ae94-68069145d8a7,124dceff-3c91-42c3-8220-e02831b43603,React,Web Development,INTERMEDIATE,51.6,False,,,,,,
b13bd935-8b64-487e-bb6e-6c458650491f,124dceff-3c91-42c3-8220-e02831b43603,MongoDB,Database,ADVANCED,60.5,False,,,,,,
a49c278b-7ef6-4413-9ca0-15188bf90bfa,124dceff-3c91-42c3-8220-e02831b43603,Python,Programming,ADVANCED,98.2,False,,,,,,
a2dd2c23-3808-451b-9e82-b2cc953b475e,31e3f3ba-8f9f-4a2f-b1dc-3e9a16e5e23b,Kubernetes,DevOps,ADVANCED,66.7,True,Udemy,Udemy,2025-11-07,CRED-6E1FFB9BE6,https://credentials.example.com/CRED-6E1FFB9BE6,https://credentials.example.com/CRED-6E1FFB9BE6
31f62191-a0db-42d8-ad97-8075049ded3f,31e3f3ba-8f9f-4a2f-b1dc-3e9a16e5e23b,Java,Programming,ADVANCED,96.0,False,,,,,,
bcf1f61f-cb80-4f98-80cb-ec9cdf9dc2ad,31e3f3ba-8f9f-4a2f-b1dc-3e9a16e5e23b,TensorFlow,AI/ML,INTERMEDIATE,61.1,True,AWS Training,AWS Training,2026-08-07,CRED-8D6E1CC185,https://credentials.example.com/CRED-8D6E1CC185,https://credentials.example.com/CRED-8D6E1CC185
51b926c0-0c82-40aa-b128-9e35409e09d0,31e3f3ba-8f9f-4a2f-b1dc-3e9a16e5e23b,Data Structures & Algorithms,Core CS,INTERMEDIATE,79.1,False,,,,,,
7f2aa79d-b913-476b-875d-79f5c88a1422,908f83e1-34e3-4886-b25f-a103833e1ea9,Node.js,Web Development,INTERMEDIATE,52.4,False,,,,,,
730e997f-8466-41ed-a826-5b4bfe24ff28,674ffc0a-b3fa-4f84-b5a0-a91760b1afd8,Excel,Data Analytics,INTERMEDIATE,47.5,False,,,,,,
ae791d1b-80b6-4d9e-b567-4b9e40881482,674ffc0a-b3fa-4f84-b5a0-a91760b1afd8,TensorFlow,AI/ML,INTERMEDIATE,67.2,False,,,,,,
6e4a6031-7b3c-48e5-a918-55295a857d7b,674ffc0a-b3fa-4f84-b5a0-a91760b1afd8,Git,Tools,BEGINNER,30.8,False,,,,,,
61a62ae3-e84b-41e7-a9a5-5a48f80b40c1,674ffc0a-b3fa-4f84-b5a0-a91760b1afd8,C++,Programming,EXPERT,97.7,True,Google,Google,2026-04-17,CRED-428F6AA845,https://credentials.example.com/CRED-428F6AA845,https://credentials.example.com/CRED-428F6AA845
6a6f0e49-015a-437e-8924-fe510031cf8b,674ffc0a-b3fa-4f84-b5a0-a91760b1afd8,Node.js,Web Development,ADVANCED,68.6,True,Udemy,Udemy,2025-12-14,CRED-320D3916E6,https://credentials.example.com/CRED-320D3916E6,https://credentials.example.com/CRED-320D3916E6
577ef038-7f7b-4a41-80bc-567cb767de59,0b25c661-ff77-493a-b329-c748086f4578,Excel,Data Analytics,INTERMEDIATE,66.4,False,,,,,,
9325d23b-6e4b-4092-9742-7a16d0ec97d1,0b25c661-ff77-493a-b329-c748086f4578,C++,Programming,BEGINNER,25.1,False,,,,,,
08e41701-0025-4aeb-9005-dfccc460ace7,0b25c661-ff77-493a-b329-c748086f4578,AWS,Cloud,ADVANCED,64.8,True,NPTEL,NPTEL,2025-02-07,CRED-C3481D1429,https://credentials.example.com/CRED-C3481D1429,https://credentials.example.com/CRED-C3481D1429
054a498a-2425-4fc2-b6fc-9b30ed340171,7df02ce8-fc7b-412e-ad7e-79fe3ac43f53,Power BI,Data Analytics,BEGINNER,29.1,False,,,,,,
25eb4005-eebf-4153-a313-c297703c7236,7df02ce8-fc7b-412e-ad7e-79fe3ac43f53,TensorFlow,AI/ML,BEGINNER,23.9,False,,,,,,
4c4bacda-41c9-4730-8b37-3373a2203a17,7df02ce8-fc7b-412e-ad7e-79fe3ac43f53,Node.js,Web Development,INTERMEDIATE,59.1,False,,,,,,
45a0b2ba-6969-45f2-a5b6-964bc3c79408,7df02ce8-fc7b-412e-ad7e-79fe3ac43f53,Excel,Data Analytics,INTERMEDIATE,61.9,False,,,,,,
e09c69ab-e1cb-4d96-80cd-b7daf47a850e,7df02ce8-fc7b-412e-ad7e-79fe3ac43f53,Deep Learning,AI/ML,BEGINNER,32.4,False,,,,,,
5bebf241-dfd3-4fc5-bd38-f1093053e18e,77688f13-f461-4068-978d-de811e64bdeb,Data Structures & Algorithms,Core CS,INTERMEDIATE,36.3,False,,,,,,
846aa118-e0ba-4ff7-bd31-488a7ba6286d,77688f13-f461-4068-978d-de811e64bdeb,Figma,Design,INTERMEDIATE,47.9,False,,,,,,
9ab736ac-543d-4607-a231-bcfc3b27acf3,77688f13-f461-4068-978d-de811e64bdeb,Git,Tools,BEGINNER,45.2,True,Google,Google,2025-02-10,CRED-761D2C825C,https://credentials.example.com/CRED-761D2C825C,https://credentials.example.com/CRED-761D2C825C
63cd1268-5184-457a-9d9b-cb90e498c6c8,e150210e-4261-49f2-9ca7-42775e792749,Data Structures & Algorithms,Core CS,INTERMEDIATE,54.6,False,,,,,,
8dc0e29e-d101-4203-84a5-aedbe011ffe8,e150210e-4261-49f2-9ca7-42775e792749,C++,Programming,INTERMEDIATE,53.7,False,,,,,,
0bd04bf3-868f-423a-b07c-6abcef50b29c,e150210e-4261-49f2-9ca7-42775e792749,MongoDB,Database,BEGINNER,27.3,False,,,,,,
d5b86dd6-530a-4a89-994d-bdc64525c883,e150210e-4261-49f2-9ca7-42775e792749,Kubernetes,DevOps,BEGINNER,47.0,False,,,,,,
17bf4031-d683-422b-a3a7-ebbb2aa78958,e150210e-4261-49f2-9ca7-42775e792749,Machine Learning,AI/ML,BEGINNER,23.4,False,,,,,,
56ce5a78-a398-4bb7-8a9e-ee350d81b825,e44ca2c0-d1fc-44e8-b7da-0e1a2cb904ba,C++,Programming,INTERMEDIATE,50.5,False,,,,,,
13210142-d0a6-4f46-99bb-bb5584c81f96,e44ca2c0-d1fc-44e8-b7da-0e1a2cb904ba,Git,Tools,EXPERT,100.0,True,Microsoft,Microsoft,2026-04-27,CRED-1352F3A423,https://credentials.example.com/CRED-1352F3A423,https://credentials.example.com/CRED-1352F3A423
92e8e106-b374-4a14-bbac-08cf413bd419,e44ca2c0-d1fc-44e8-b7da-0e1a2cb904ba,SQL,Database,BEGINNER,49.8,False,,,,,,
81f0943c-bd31-4e59-b507-32e7033835af,dda48d31-eb02-40e9-a9aa-17e78292ff54,SQL,Database,INTERMEDIATE,54.8,False,,,,,,
31ab0050-2b42-4213-94c8-c970058d6919,dda48d31-eb02-40e9-a9aa-17e78292ff54,AWS,Cloud,BEGINNER,11.7,False,,,,,,
36c85efd-ac3f-426a-a740-42f2af2f67c2,90d9e1c8-4955-4659-9353-f43091ce18c2,Kubernetes,DevOps,ADVANCED,66.3,False,,,,,,
71f8c05d-6567-408d-8e95-dc44e5af9d97,90d9e1c8-4955-4659-9353-f43091ce18c2,React,Web Development,INTERMEDIATE,67.0,False,,,,,,
a5f34f5b-ea16-42fd-82c0-7c9fbd991a26,cea197ef-65f2-4abc-875a-6f10bfe68eb1,Data Structures & Algorithms,Core CS,BEGINNER,43.7,False,,,,,,
2558bd62-0d0e-4b2a-b573-db84f5478635,cea197ef-65f2-4abc-875a-6f10bfe68eb1,TensorFlow,AI/ML,INTERMEDIATE,57.2,False,,,,,,
1108e878-daec-4934-a77e-98f60740e00e,cea197ef-65f2-4abc-875a-6f10bfe68eb1,Deep Learning,AI/ML,INTERMEDIATE,45.6,False,,,,,,
7408b374-b40c-4088-a9a4-24360c6c0ea8,cea197ef-65f2-4abc-875a-6f10bfe68eb1,AWS,Cloud,BEGINNER,26.7,False,,,,,,
45afa16c-18f0-4d45-bc79-0fb318924b83,053d5def-ee0b-45b6-8cd8-05f2267d5293,Machine Learning,AI/ML,ADVANCED,75.8,False,,,,,,
777072f7-51b5-4775-b5cd-9d10bf37da0c,053d5def-ee0b-45b6-8cd8-05f2267d5293,AWS,Cloud,INTERMEDIATE,59.9,False,,,,,,
b6ea1f40-7ad3-4389-87f4-767d503a4d87,053d5def-ee0b-45b6-8cd8-05f2267d5293,Java,Programming,BEGINNER,28.7,False,,,,,,
6e6b976a-c4b7-4192-badd-05af5b91afa5,053d5def-ee0b-45b6-8cd8-05f2267d5293,Excel,Data Analytics,INTERMEDIATE,52.6,False,,,,,,
df58300c-75df-4dfa-920b-df6a0590ed27,3deff9b4-9ce6-4aad-b953-5cf97549fbb8,Python,Programming,INTERMEDIATE,54.4,False,,,,,,
c5c0fd23-878a-498b-b5a2-35da176088cc,3deff9b4-9ce6-4aad-b953-5cf97549fbb8,C++,Programming,INTERMEDIATE,53.5,False,,,,,,
3444955c-9d92-47b5-87e8-98659168a2fe,3deff9b4-9ce6-4aad-b953-5cf97549fbb8,Java,Programming,BEGINNER,27.3,False,,,,,,
19adee83-ef63-4497-a3da-80128af6810b,16534bf2-0d16-4c91-b0b1-9094a41f0a17,Python,Programming,BEGINNER,31.0,False,,,,,,
1991e8b9-53a3-4fe4-8d3c-3edc29540b12,16534bf2-0d16-4c91-b0b1-9094a41f0a17,Node.js,Web Development,BEGINNER,33.1,False,,,,,,
9ec7f708-fd3b-4b71-9233-303fb9467d7e,6700b1e8-4466-49dd-9de4-e192f1e8be86,Node.js,Web Development,BEGINNER,10.9,False,,,,,,
989b01b6-dc57-478c-a15e-77a42aabc5af,6700b1e8-4466-49dd-9de4-e192f1e8be86,TensorFlow,AI/ML,EXPERT,97.8,False,,,,,,
824526d2-ed6c-44ee-83f5-0e4e23b7f78d,6700b1e8-4466-49dd-9de4-e192f1e8be86,Linux,Systems,INTERMEDIATE,61.2,False,,,,,,
8b53b134-b74f-494c-80df-3562dfb3e850,6700b1e8-4466-49dd-9de4-e192f1e8be86,Kubernetes,DevOps,ADVANCED,70.5,True,AWS Training,AWS Training,2025-03-16,CRED-27104AEB09,https://credentials.example.com/CRED-27104AEB09,https://credentials.example.com/CRED-27104AEB09
0a35c1b2-2ed8-47f5-8ac8-c016594a4b5c,86a73606-4478-4a0a-aaaa-7e5945a6df3e,Git,Tools,BEGINNER,37.5,False,,,,,,
e057cfdf-464c-4a7f-9b8a-b3c1aa716234,86a73606-4478-4a0a-aaaa-7e5945a6df3e,Machine Learning,AI/ML,ADVANCED,77.6,True,Udemy,Udemy,2026-04-10,CRED-D3C58F4192,https://credentials.example.com/CRED-D3C58F4192,https://credentials.example.com/CRED-D3C58F4192
a5d674a2-02b9-4e28-b921-3abece381ff2,86a73606-4478-4a0a-aaaa-7e5945a6df3e,MongoDB,Database,INTERMEDIATE,42.5,False,,,,,,
980a13d6-aec6-444d-8ea2-f01c315ada6b,86a73606-4478-4a0a-aaaa-7e5945a6df3e,Node.js,Web Development,EXPERT,100.0,True,Google,Google,2025-07-04,CRED-A6F4045E6B,https://credentials.example.com/CRED-A6F4045E6B,https://credentials.example.com/CRED-A6F4045E6B
842004eb-1ef6-4171-8c6a-702cd31e98f2,3728d1bd-20ad-4d83-8488-6837ed777049,JavaScript,Programming,INTERMEDIATE,66.9,True,Udemy,Udemy,2025-10-28,CRED-2C8680AF08,https://credentials.example.com/CRED-2C8680AF08,https://credentials.example.com/CRED-2C8680AF08
2757d001-29e7-46bf-85b3-8aa3bd732c05,3728d1bd-20ad-4d83-8488-6837ed777049,Excel,Data Analytics,INTERMEDIATE,37.3,False,,,,,,
b641cfc0-af2b-4c97-a568-750444c9337f,3728d1bd-20ad-4d83-8488-6837ed777049,Docker,DevOps,INTERMEDIATE,42.1,False,,,,,,
9797245c-60ff-476b-a136-3fcba877e0d4,3728d1bd-20ad-4d83-8488-6837ed777049,Deep Learning,AI/ML,INTERMEDIATE,39.0,False,,,,,,
bd2b91dc-77f2-4846-9e35-59fa0cce6a05,3728d1bd-20ad-4d83-8488-6837ed777049,Node.js,Web Development,ADVANCED,62.3,False,,,,,,
be9a4769-edd8-4f5c-8b62-a88eec6fe27c,9961e233-8812-44dc-a981-9ea4af222498,Linux,Systems,BEGINNER,25.5,False,,,,,,
ea1ba6dd-42be-4d0e-937a-31bc091c4b61,9961e233-8812-44dc-a981-9ea4af222498,Figma,Design,BEGINNER,31.1,False,,,,,,
efd727f5-61b8-41e0-9635-5d4038a273ce,e3af0ac2-a04c-42dd-897e-96b735f7954d,Linux,Systems,EXPERT,78.2,True,Google,Google,2026-04-14,CRED-F00DAD6B4B,https://credentials.example.com/CRED-F00DAD6B4B,https://credentials.example.com/CRED-F00DAD6B4B
77db1533-36d5-4f14-a13a-eb164093e656,e3af0ac2-a04c-42dd-897e-96b735f7954d,SQL,Database,INTERMEDIATE,52.1,False,,,,,,
7137b585-89ae-4e76-bc29-e2ce20815247,e3af0ac2-a04c-42dd-897e-96b735f7954d,Data Structures & Algorithms,Core CS,BEGINNER,33.9,False,,,,,,
76824a3e-dfdb-47a1-a16c-c77e39a2de8b,e3af0ac2-a04c-42dd-897e-96b735f7954d,Excel,Data Analytics,ADVANCED,87.2,False,,,,,,
5f29c40c-826b-4fa3-9f29-c2f11013ac42,3d940377-7414-4e3d-abff-766ed92f88f0,SQL,Database,ADVANCED,72.6,True,AWS Training,AWS Training,2025-04-17,CRED-030C5364A0,https://credentials.example.com/CRED-030C5364A0,https://credentials.example.com/CRED-030C5364A0
c18f284d-df4a-49ef-9c65-ebc867043e49,3d940377-7414-4e3d-abff-766ed92f88f0,Java,Programming,INTERMEDIATE,62.1,True,NPTEL,NPTEL,2025-09-09,CRED-4F85EDDF95,https://credentials.example.com/CRED-4F85EDDF95,https://credentials.example.com/CRED-4F85EDDF95
88c68b7a-0d7a-48a9-8f36-60e438488f02,3d940377-7414-4e3d-abff-766ed92f88f0,Machine Learning,AI/ML,BEGINNER,22.9,True,Google,Google,2025-07-05,CRED-2481934840,https://credentials.example.com/CRED-2481934840,https://credentials.example.com/CRED-2481934840
48ef6c6c-72aa-4401-bbd8-d8a04446805b,3d940377-7414-4e3d-abff-766ed92f88f0,Power BI,Data Analytics,INTERMEDIATE,57.8,False,,,,,,
57a2d1a9-8a05-4324-b463-56d8f38d12d5,0c523a8f-4ee9-4bcf-b0e9-e76ad844de86,Power BI,Data Analytics,INTERMEDIATE,50.6,True,Microsoft,Microsoft,2025-12-01,CRED-815BB32C32,https://credentials.example.com/CRED-815BB32C32,https://credentials.example.com/CRED-815BB32C32
e07d8d24-3009-482d-a452-421cdba364e0,0c523a8f-4ee9-4bcf-b0e9-e76ad844de86,Node.js,Web Development,ADVANCED,87.2,False,,,,,,
d5712b7f-2e94-4dc5-a606-ab900bb7a027,0c523a8f-4ee9-4bcf-b0e9-e76ad844de86,Java,Programming,ADVANCED,76.1,True,AWS Training,AWS Training,2025-09-04,CRED-4AA8EED253,https://credentials.example.com/CRED-4AA8EED253,https://credentials.example.com/CRED-4AA8EED253
f04158c8-e6ef-4de7-86ad-a40bbc6b8aaa,0c523a8f-4ee9-4bcf-b0e9-e76ad844de86,React,Web Development,INTERMEDIATE,67.6,False,,,,,,
fd88341b-2add-4d65-99d8-edd5739c1564,fdf58cae-0644-4e4c-9972-556b5ec454b1,Node.js,Web Development,BEGINNER,12.6,False,,,,,,
5dccedf3-ace1-41c5-9a97-1d78a2e7c6cc,fdf58cae-0644-4e4c-9972-556b5ec454b1,Git,Tools,BEGINNER,41.8,False,,,,,,
ee6d3464-b69d-445a-89ea-ed80502d7e9a,fdf58cae-0644-4e4c-9972-556b5ec454b1,Python,Programming,BEGINNER,29.6,False,,,,,,
6da54736-a6b4-4524-862d-6e9a098c5872,fdf58cae-0644-4e4c-9972-556b5ec454b1,MongoDB,Database,ADVANCED,79.8,False,,,,,,
7a52991c-35fc-447f-af20-5ac545094e44,952cca8d-ad08-4c43-be67-26f68859a130,Docker,DevOps,ADVANCED,68.5,False,,,,,,
6e913823-39c7-4089-9ba2-7b02ac1e7797,952cca8d-ad08-4c43-be67-26f68859a130,Data Structures & Algorithms,Core CS,INTERMEDIATE,55.6,False,,,,,,
64a86fb1-aeda-4029-8eae-ab234a5256ab,d54758a9-4aea-4cf8-a819-aabe2f9ebf22,Deep Learning,AI/ML,INTERMEDIATE,64.3,False,,,,,,
b646d99f-0837-4fbe-bbb7-83818ad019b8,f5c9d673-a59b-4d28-93f5-5bf8ff190380,SQL,Database,BEGINNER,25.1,False,,,,,,
72758c64-1d46-44fc-83ef-620227691c1f,f5c9d673-a59b-4d28-93f5-5bf8ff190380,C++,Programming,ADVANCED,71.4,True,AWS Training,AWS Training,2026-04-11,CRED-66622F6C29,https://credentials.example.com/CRED-66622F6C29,https://credentials.example.com/CRED-66622F6C29
632bfe24-b831-498f-bb4e-4c61bcee2811,f5c9d673-a59b-4d28-93f5-5bf8ff190380,Deep Learning,AI/ML,BEGINNER,32.3,True,NPTEL,NPTEL,2026-02-06,CRED-2FC788DBAD,https://credentials.example.com/CRED-2FC788DBAD,https://credentials.example.com/CRED-2FC788DBAD
0eafd08e-8453-4f17-bced-71d6872bc219,f5c9d673-a59b-4d28-93f5-5bf8ff190380,Data Structures & Algorithms,Core CS,BEGINNER,23.7,False,,,,,,
401dc0a1-c574-44ba-94ff-3014dd9d0a5f,8defb13c-8403-4126-8a99-4740c436baa7,Linux,Systems,BEGINNER,30.0,False,,,,,,
cb5b1f73-05bc-4c95-82a5-2f6fa936063e,8defb13c-8403-4126-8a99-4740c436baa7,Machine Learning,AI/ML,ADVANCED,84.4,True,Microsoft,Microsoft,2026-02-03,CRED-0F3AF34B7D,https://credentials.example.com/CRED-0F3AF34B7D,https://credentials.example.com/CRED-0F3AF34B7D
ff8663b1-b131-4426-b5e4-0ca70073143c,b1124137-f9b8-426e-9d16-5e5cb2d4f347,Linux,Systems,BEGINNER,22.4,False,,,,,,
fe6ec755-0dda-4d62-ad96-ee008ed11308,b1124137-f9b8-426e-9d16-5e5cb2d4f347,Figma,Design,ADVANCED,65.7,True,Coursera,Coursera,2025-05-10,CRED-6634C0D2ED,https://credentials.example.com/CRED-6634C0D2ED,https://credentials.example.com/CRED-6634C0D2ED
715b9d97-8bcb-4a9f-8d3a-1cf6abc054a5,a3565032-3161-4ceb-a9ca-3debb228dbdf,Deep Learning,AI/ML,BEGINNER,28.3,False,,,,,,
1f3d3ba2-c25a-4ecc-8faa-0d9f2f00ab8e,a3565032-3161-4ceb-a9ca-3debb228dbdf,AWS,Cloud,BEGINNER,16.7,False,,,,,,
4443418a-fc58-47c2-bdbc-417876c2225f,f8e9c3fe-8fe5-4410-83ee-6ea59a74cd4a,SQL,Database,ADVANCED,70.1,False,,,,,,
11cb629b-873a-4180-aad5-f1f88e379b2c,f8e9c3fe-8fe5-4410-83ee-6ea59a74cd4a,Python,Programming,BEGINNER,28.9,False,,,,,,
11970b23-4cd3-4694-9245-d8516fa5161a,f8e9c3fe-8fe5-4410-83ee-6ea59a74cd4a,Kubernetes,DevOps,EXPERT,94.2,False,,,,,,
f6e6305f-2723-48e9-8bbf-a15530ff211f,dc25282c-7907-472b-be6b-ce2031edf121,Figma,Design,ADVANCED,76.9,False,,,,,,
fe045d31-d6b1-4f6e-88a1-52ceaeb77ede,dc25282c-7907-472b-be6b-ce2031edf121,MongoDB,Database,ADVANCED,84.3,False,,,,,,
51db4e06-2821-4b7d-928e-5702ab6e53a7,dc25282c-7907-472b-be6b-ce2031edf121,Python,Programming,BEGINNER,38.3,False,,,,,,
c905b7bf-6ccc-41d0-b0cf-d8bcb2c28c09,dc25282c-7907-472b-be6b-ce2031edf121,Java,Programming,ADVANCED,89.2,False,,,,,,
59851e0c-ed56-45ff-96ec-569e3a499041,dc25282c-7907-472b-be6b-ce2031edf121,Deep Learning,AI/ML,INTERMEDIATE,63.4,False,,,,,,
c0856f59-0381-4182-a38d-c03d529cb273,2087fdc0-1be2-45fb-be9a-411cfb58ffff,Power BI,Data Analytics,BEGINNER,23.8,False,,,,,,
288c671d-484a-4373-9ef1-177087795eb6,2087fdc0-1be2-45fb-be9a-411cfb58ffff,Kubernetes,DevOps,INTERMEDIATE,60.3,False,,,,,,
0ec9b09e-d466-464e-8f92-5e6b45fe9ac3,2087fdc0-1be2-45fb-be9a-411cfb58ffff,SQL,Database,INTERMEDIATE,63.5,False,,,,,,
75a2ca02-cc97-4c66-9d41-dc069a9966ac,2087fdc0-1be2-45fb-be9a-411cfb58ffff,Linux,Systems,INTERMEDIATE,48.4,False,,,,,,
2b5de5ac-f53a-40ea-991d-754e73f4579f,2087fdc0-1be2-45fb-be9a-411cfb58ffff,Excel,Data Analytics,ADVANCED,69.6,False,,,,,,
7e56a7ba-e7ac-46f0-87d1-560da667d77e,3cda6550-b193-4027-a121-b98ef8abab08,Kubernetes,DevOps,INTERMEDIATE,58.9,True,Microsoft,Microsoft,2025-09-23,CRED-6B80651787,https://credentials.example.com/CRED-6B80651787,https://credentials.example.com/CRED-6B80651787
81652a91-c119-4202-b4c5-2164a1ecfd39,3cda6550-b193-4027-a121-b98ef8abab08,JavaScript,Programming,INTERMEDIATE,48.7,False,,,,,,
66342dfc-10bb-4616-b89f-e908331f5548,3cda6550-b193-4027-a121-b98ef8abab08,Figma,Design,BEGINNER,14.5,False,,,,,,
8075bbd5-0cfa-49fd-884d-4516741aa064,3cda6550-b193-4027-a121-b98ef8abab08,Excel,Data Analytics,INTERMEDIATE,53.0,False,,,,,,
71013be5-0c24-42df-ae21-c68bb7a05d95,3cda6550-b193-4027-a121-b98ef8abab08,Java,Programming,EXPERT,90.5,False,,,,,,
96403fe1-b70a-43ca-946b-6af2c3522ea0,844acdfb-fe45-49ac-9229-a491069e94c8,Deep Learning,AI/ML,INTERMEDIATE,53.5,True,NPTEL,NPTEL,2025-10-09,CRED-05FD94A5B0,https://credentials.example.com/CRED-05FD94A5B0,https://credentials.example.com/CRED-05FD94A5B0
93238f00-6085-4333-8e47-60105d98b72e,38eac50e-05fb-4ee0-89ee-b62560d4882e,React,Web Development,INTERMEDIATE,60.9,False,,,,,,
93530e31-5c53-4386-9ac8-bf3072f2bce4,38eac50e-05fb-4ee0-89ee-b62560d4882e,Power BI,Data Analytics,ADVANCED,68.2,True,Microsoft,Microsoft,2025-04-17,CRED-1EE013A22E,https://credentials.example.com/CRED-1EE013A22E,https://credentials.example.com/CRED-1EE013A22E
7bfd9300-7f24-4e84-aeab-2bead5137eaa,38eac50e-05fb-4ee0-89ee-b62560d4882e,JavaScript,Programming,ADVANCED,88.6,True,NPTEL,NPTEL,2025-06-11,CRED-6857CA812A,https://credentials.example.com/CRED-6857CA812A,https://credentials.example.com/CRED-6857CA812A
e6354d83-bb84-4fdd-851e-91e7944007fa,38eac50e-05fb-4ee0-89ee-b62560d4882e,Kubernetes,DevOps,INTERMEDIATE,50.2,False,,,,,,
8a3c083b-0823-46bf-ad45-c3a06bfb8c6c,43992529-cb0e-49b2-86d4-54a8f6ad29ae,Git,Tools,INTERMEDIATE,56.3,False,,,,,,
5ef39c76-96d0-480a-8962-546a06184450,73c8db3c-e7a5-45b3-ba1e-762176eb85b8,TensorFlow,AI/ML,INTERMEDIATE,57.3,False,,,,,,
8fa1f62c-61e5-421f-969c-7fc614dc3cd1,73c8db3c-e7a5-45b3-ba1e-762176eb85b8,SQL,Database,EXPERT,87.2,False,,,,,,
22974aeb-e694-4e5b-8485-aa27a590beaa,73c8db3c-e7a5-45b3-ba1e-762176eb85b8,Docker,DevOps,BEGINNER,27.4,False,,,,,,
e1f5cc66-0dfd-4d88-a704-7213e173f410,73c8db3c-e7a5-45b3-ba1e-762176eb85b8,Excel,Data Analytics,INTERMEDIATE,75.2,False,,,,,,
a24daa61-d106-4b3c-81d9-5f954abacf2d,73c8db3c-e7a5-45b3-ba1e-762176eb85b8,AWS,Cloud,ADVANCED,84.0,False,,,,,,
5ac93994-a63b-44ad-b981-3afe4c063492,e7b8fef7-567c-4411-b98c-58471a5b9d49,SQL,Database,EXPERT,98.3,True,Udemy,Udemy,2025-04-30,CRED-90B3BF4C7F,https://credentials.example.com/CRED-90B3BF4C7F,https://credentials.example.com/CRED-90B3BF4C7F
2cfa3bd0-a7b5-45ed-93fe-81e632e69045,e7b8fef7-567c-4411-b98c-58471a5b9d49,Git,Tools,INTERMEDIATE,57.4,True,NPTEL,NPTEL,2026-05-05,CRED-00B6054421,https://credentials.example.com/CRED-00B6054421,https://credentials.example.com/CRED-00B6054421
fa2e2113-5b25-4bb3-8303-00ccc6cbb41a,e7b8fef7-567c-4411-b98c-58471a5b9d49,TensorFlow,AI/ML,INTERMEDIATE,41.6,True,Coursera,Coursera,2025-05-17,CRED-D151F19148,https://credentials.example.com/CRED-D151F19148,https://credentials.example.com/CRED-D151F19148
337168fd-db53-4b54-958e-5e3452b98e0f,e7b8fef7-567c-4411-b98c-58471a5b9d49,Python,Programming,INTERMEDIATE,50.8,True,AWS Training,AWS Training,2025-07-20,CRED-AF3DDF2790,https://credentials.example.com/CRED-AF3DDF2790,https://credentials.example.com/CRED-AF3DDF2790
497c90f3-3f15-4a80-ab10-2eb23dd7e4db,8727ca9b-158a-4ea3-8744-5f4027c7fab2,SQL,Database,BEGINNER,32.7,False,,,,,,
f33facad-6217-42b3-9da5-1a397b3aed7e,8727ca9b-158a-4ea3-8744-5f4027c7fab2,Figma,Design,BEGINNER,34.1,False,,,,,,
bec2d99a-f971-4b08-89cc-68ae0c59a1b5,8727ca9b-158a-4ea3-8744-5f4027c7fab2,AWS,Cloud,BEGINNER,26.8,True,Coursera,Coursera,2026-08-05,CRED-B1DBC837F4,https://credentials.example.com/CRED-B1DBC837F4,https://credentials.example.com/CRED-B1DBC837F4
612db936-558d-49d4-ac13-2e573747e69b,8727ca9b-158a-4ea3-8744-5f4027c7fab2,TensorFlow,AI/ML,INTERMEDIATE,54.8,True,Udemy,Udemy,2025-06-08,CRED-FF3F021C60,https://credentials.example.com/CRED-FF3F021C60,https://credentials.example.com/CRED-FF3F021C60
cfeccc84-9d7f-441c-874f-8c801396c8c2,8727ca9b-158a-4ea3-8744-5f4027c7fab2,Linux,Systems,BEGINNER,25.3,False,,,,,,
3180f888-cca2-4535-8239-bb7f077a16d5,f04b8902-882f-4f72-a783-6ad515494059,JavaScript,Programming,INTERMEDIATE,62.4,False,,,,,,
cf5fbe42-17c4-4977-b7c0-859d3708d4a0,f04b8902-882f-4f72-a783-6ad515494059,Data Structures & Algorithms,Core CS,BEGINNER,29.6,False,,,,,,
62e1f435-958a-4d93-b53b-5e18ac4d6d6d,f04b8902-882f-4f72-a783-6ad515494059,TensorFlow,AI/ML,ADVANCED,75.6,True,NPTEL,NPTEL,2026-04-22,CRED-DEB3D445D7,https://credentials.example.com/CRED-DEB3D445D7,https://credentials.example.com/CRED-DEB3D445D7
81ba200a-09dc-4181-a054-0db8f8741f67,f04b8902-882f-4f72-a783-6ad515494059,Node.js,Web Development,INTERMEDIATE,47.3,False,,,,,,
bc49cbd3-2762-4624-a2d9-77931024e837,f04b8902-882f-4f72-a783-6ad515494059,Python,Programming,ADVANCED,70.4,True,Coursera,Coursera,2025-05-17,CRED-0A7827E3F1,https://credentials.example.com/CRED-0A7827E3F1,https://credentials.example.com/CRED-0A7827E3F1
3114ab0f-37b0-49ed-80e4-84e9574c9f9c,1d6a36b0-c409-417a-881f-240e2f3dad80,AWS,Cloud,BEGINNER,33.1,False,,,,,,
bd98b89b-318e-4281-af29-7a26431c7870,1d6a36b0-c409-417a-881f-240e2f3dad80,Deep Learning,AI/ML,ADVANCED,79.3,True,NPTEL,NPTEL,2026-02-18,CRED-7610700BDE,https://credentials.example.com/CRED-7610700BDE,https://credentials.example.com/CRED-7610700BDE
8a4e501a-a481-4b10-9b92-b05f18d87106,1d6a36b0-c409-417a-881f-240e2f3dad80,Python,Programming,INTERMEDIATE,50.4,False,,,,,,
466ed044-ee1a-4fec-ab7d-7c236ca3498f,1d6a36b0-c409-417a-881f-240e2f3dad80,C++,Programming,INTERMEDIATE,54.0,False,,,,,,
f3c02c53-f6a2-4ab3-ae4f-6c7e1291fec7,1d6a36b0-c409-417a-881f-240e2f3dad80,Power BI,Data Analytics,BEGINNER,31.5,False,,,,,,
c92f1e27-4776-43a1-bde2-15fe8ec6147f,76f1616e-8584-49b8-b426-b150b5817bf0,Kubernetes,DevOps,ADVANCED,77.4,False,,,,,,
1994c853-687f-4343-a723-553c9d1880f4,76f1616e-8584-49b8-b426-b150b5817bf0,TensorFlow,AI/ML,BEGINNER,36.6,False,,,,,,
00109683-fe50-4d6a-b206-52e97c82587c,76f1616e-8584-49b8-b426-b150b5817bf0,Power BI,Data Analytics,INTERMEDIATE,53.9,False,,,,,,
90659b94-40cd-4712-8763-cfc811249c52,76f1616e-8584-49b8-b426-b150b5817bf0,MongoDB,Database,INTERMEDIATE,54.4,False,,,,,,
c6327922-ba53-4c89-92b3-10c8f668913e,18e5f828-f968-43e2-98e3-eba147568b49,Node.js,Web Development,INTERMEDIATE,60.5,False,,,,,,
a07f8da8-f6eb-4879-be7b-3bafc47b4716,18e5f828-f968-43e2-98e3-eba147568b49,C++,Programming,INTERMEDIATE,41.2,True,Google,Google,2025-08-16,CRED-EE786AEF8D,https://credentials.example.com/CRED-EE786AEF8D,https://credentials.example.com/CRED-EE786AEF8D
b6de1f19-926c-44df-8abd-2b86fac8103b,18e5f828-f968-43e2-98e3-eba147568b49,Git,Tools,INTERMEDIATE,41.8,False,,,,,,
e23d5c57-8ef2-4627-83d8-3b0994c6dcfa,18e5f828-f968-43e2-98e3-eba147568b49,Java,Programming,BEGINNER,42.2,False,,,,,,
5f29e27b-d970-4597-83f0-3497f935914a,18e5f828-f968-43e2-98e3-eba147568b49,Data Structures & Algorithms,Core CS,BEGINNER,40.6,False,,,,,,
745612bc-3826-4f49-b116-2c0b5aec4790,2907461c-f765-4d3c-a834-1d95facf9fa0,Linux,Systems,INTERMEDIATE,65.8,False,,,,,,
d64a2fca-bcc0-4caf-84b3-b8f68a216de1,2907461c-f765-4d3c-a834-1d95facf9fa0,Figma,Design,ADVANCED,91.8,False,,,,,,
b03f2305-ea2a-4c03-a1e9-8ee7c4238fbe,23bbaff9-5ceb-40e8-82b6-8b7759c21a0d,Java,Programming,INTERMEDIATE,61.9,True,Google,Google,2025-01-30,CRED-62DAF0C670,https://credentials.example.com/CRED-62DAF0C670,https://credentials.example.com/CRED-62DAF0C670
ec9bceb8-0ae0-4fe0-b9b9-1b323098b204,23bbaff9-5ceb-40e8-82b6-8b7759c21a0d,Python,Programming,EXPERT,100.0,False,,,,,,
a3a4e2b6-253f-461f-a86e-2222b09265c4,2f3688c9-3972-4d98-b2be-e985145a4c5f,MongoDB,Database,ADVANCED,73.5,True,Udemy,Udemy,2026-03-24,CRED-A82C787182,https://credentials.example.com/CRED-A82C787182,https://credentials.example.com/CRED-A82C787182
8fbb068b-2fd3-4d68-a2c6-ed9a06e34d53,2f3688c9-3972-4d98-b2be-e985145a4c5f,SQL,Database,INTERMEDIATE,52.4,False,,,,,,
e050eead-3d31-4074-800b-c1c4811db9d3,2f3688c9-3972-4d98-b2be-e985145a4c5f,Java,Programming,ADVANCED,95.3,True,Microsoft,Microsoft,2026-06-08,CRED-87691AA15B,https://credentials.example.com/CRED-87691AA15B,https://credentials.example.com/CRED-87691AA15B
0314583e-afaf-40aa-b12a-888bc63c232c,2f3688c9-3972-4d98-b2be-e985145a4c5f,Kubernetes,DevOps,INTERMEDIATE,64.9,False,,,,,,
3e804e1a-45ef-4dda-8b11-45bde1d71601,e0293299-fbeb-41d6-8c55-e01f5e5dbd41,C++,Programming,BEGINNER,23.9,False,,,,,,
5c53d9cc-476e-47e6-9fd8-e051a1751b0d,1901ec18-eb4f-4612-96c7-ef1d391b3e03,Deep Learning,AI/ML,INTERMEDIATE,59.2,False,,,,,,
2f07eead-66f4-4868-b815-4970175cf821,1901ec18-eb4f-4612-96c7-ef1d391b3e03,Linux,Systems,INTERMEDIATE,40.7,False,,,,,,
5d269901-a84c-422c-b279-e256e2c3941f,1901ec18-eb4f-4612-96c7-ef1d391b3e03,Git,Tools,EXPERT,96.8,False,,,,,,
c5ac62a5-5485-44f2-a1a0-42a13a635dce,1901ec18-eb4f-4612-96c7-ef1d391b3e03,Data Structures & Algorithms,Core CS,INTERMEDIATE,52.2,False,,,,,,
02b8e130-7857-45cd-9cc7-61ab754d64a3,1901ec18-eb4f-4612-96c7-ef1d391b3e03,Python,Programming,BEGINNER,41.5,False,,,,,,
b96e5ab0-de7f-42fe-bc7c-48917a3a02ee,154be4f1-64e5-427b-874e-744338d4b508,Excel,Data Analytics,INTERMEDIATE,45.6,False,,,,,,
7c39d9d1-862b-4826-8623-b77b560b57db,154be4f1-64e5-427b-874e-744338d4b508,Kubernetes,DevOps,INTERMEDIATE,73.8,False,,,,,,
db5e85bb-599f-4058-bc03-70716269d6fe,5d5636b6-fe1c-46cb-8a21-efdc25c97705,JavaScript,Programming,BEGINNER,16.1,False,,,,,,
065431e7-ca3e-4cee-bb46-208b84f1b2a9,5d5636b6-fe1c-46cb-8a21-efdc25c97705,React,Web Development,INTERMEDIATE,59.5,False,,,,,,
7da145ae-6945-4871-ab85-f0b8712e7753,5d5636b6-fe1c-46cb-8a21-efdc25c97705,Node.js,Web Development,BEGINNER,37.5,False,,,,,,
cac56ff5-9c1c-485a-afdf-1540730bb47a,5d5636b6-fe1c-46cb-8a21-efdc25c97705,Git,Tools,INTERMEDIATE,51.7,False,,,,,,
0458e3ba-6a44-4e94-a37c-981422552b16,5d5636b6-fe1c-46cb-8a21-efdc25c97705,TensorFlow,AI/ML,ADVANCED,94.8,False,,,,,,
c54678fe-c6f6-4676-bbb2-0379990ee10e,b1ec3a10-62ca-4b22-a016-f0e5ab78c2ef,JavaScript,Programming,ADVANCED,80.2,True,Coursera,Coursera,2026-03-20,CRED-46496AD910,https://credentials.example.com/CRED-46496AD910,https://credentials.example.com/CRED-46496AD910
d73ad0d3-78d4-4d55-b6a8-17b88fb9bef1,b1ec3a10-62ca-4b22-a016-f0e5ab78c2ef,Excel,Data Analytics,EXPERT,100.0,False,,,,,,
5f0f3eb3-7dac-46fa-9763-1416474e0748,b1ec3a10-62ca-4b22-a016-f0e5ab78c2ef,React,Web Development,ADVANCED,71.8,True,Udemy,Udemy,2025-11-19,CRED-3A52E6DD0B,https://credentials.example.com/CRED-3A52E6DD0B,https://credentials.example.com/CRED-3A52E6DD0B
c60e9b19-d316-4f16-8871-3c062fcfe1f2,b1ec3a10-62ca-4b22-a016-f0e5ab78c2ef,SQL,Database,BEGINNER,26.8,True,Udemy,Udemy,2025-07-17,CRED-147BEC2C64,https://credentials.example.com/CRED-147BEC2C64,https://credentials.example.com/CRED-147BEC2C64
1fd1b5f0-7fe4-4ccd-88be-20553d78e6bd,1244440a-6c7d-4105-9927-562b372559b5,AWS,Cloud,ADVANCED,61.1,True,Udemy,Udemy,2025-10-02,CRED-4380A4738F,https://credentials.example.com/CRED-4380A4738F,https://credentials.example.com/CRED-4380A4738F
e6980363-16d5-4e86-b313-abff2a558c29,1244440a-6c7d-4105-9927-562b372559b5,Linux,Systems,INTERMEDIATE,51.9,False,,,,,,
7675b460-0959-4504-83fe-e15867e28d5a,af4ecbdd-45ad-48ea-a7f1-a19d99eecb3a,Excel,Data Analytics,BEGINNER,23.6,False,,,,,,
cf9de914-26a7-4f96-87f2-0db15d474039,af4ecbdd-45ad-48ea-a7f1-a19d99eecb3a,Git,Tools,BEGINNER,33.1,False,,,,,,
32934acd-0d4c-4745-a381-c755525d7568,c98e0eb6-4b14-425b-9976-1b907ea572f4,Deep Learning,AI/ML,ADVANCED,66.8,False,,,,,,
406dca31-d078-45c4-a891-ad507e71c8ab,52b96134-0a0f-4566-8b5f-1226a719dfc6,Git,Tools,BEGINNER,28.1,False,,,,,,
ebe66186-8cef-4e07-93d7-dd5fe4bc1eba,52b96134-0a0f-4566-8b5f-1226a719dfc6,React,Web Development,BEGINNER,29.8,False,,,,,,
c3a6bc89-8205-4c7c-b991-18dbad8f9ebc,52b96134-0a0f-4566-8b5f-1226a719dfc6,Kubernetes,DevOps,BEGINNER,7.9,False,,,,,,
ecda6acc-159c-4ef7-8e69-fa2c244527b8,5856cb04-0d08-41ea-95e0-2791443952ca,AWS,Cloud,INTERMEDIATE,51.8,False,,,,,,
ca20d7ef-d929-4077-84b6-e4625eb3e313,5856cb04-0d08-41ea-95e0-2791443952ca,SQL,Database,ADVANCED,88.5,False,,,,,,
7d99043a-c4b8-4a9e-8021-719bfab7cd29,5856cb04-0d08-41ea-95e0-2791443952ca,TensorFlow,AI/ML,INTERMEDIATE,58.6,False,,,,,,
aff88f3c-412b-4221-b2f5-8c0e307a2de6,5856cb04-0d08-41ea-95e0-2791443952ca,Node.js,Web Development,BEGINNER,33.4,False,,,,,,
8d8e217a-149e-4d80-81ab-a3568a071a8c,a5b90708-36f3-4ba6-809d-bbb957aab438,C++,Programming,BEGINNER,32.2,False,,,,,,
4a2b4caa-fea3-4387-9918-866d0b77f432,a5b90708-36f3-4ba6-809d-bbb957aab438,Figma,Design,ADVANCED,83.9,True,Google,Google,2025-04-16,CRED-28F3011D4E,https://credentials.example.com/CRED-28F3011D4E,https://credentials.example.com/CRED-28F3011D4E
8840eb48-a290-44a7-9919-4fa75a7dc389,a5b90708-36f3-4ba6-809d-bbb957aab438,Docker,DevOps,ADVANCED,71.3,True,Google,Google,2025-08-16,CRED-281D522AE9,https://credentials.example.com/CRED-281D522AE9,https://credentials.example.com/CRED-281D522AE9
eeb590fe-0230-416f-a81f-196c068ce2f9,a5b90708-36f3-4ba6-809d-bbb957aab438,Deep Learning,AI/ML,ADVANCED,94.3,True,Coursera,Coursera,2025-06-28,CRED-0FC2DD9600,https://credentials.example.com/CRED-0FC2DD9600,https://credentials.example.com/CRED-0FC2DD9600
a00cbab7-9c5e-4aab-a760-8596ed8e022c,fa9f08dd-6919-4664-90de-beb5a46b6347,Power BI,Data Analytics,INTERMEDIATE,68.1,True,NPTEL,NPTEL,2025-11-10,CRED-8531E79712,https://credentials.example.com/CRED-8531E79712,https://credentials.example.com/CRED-8531E79712
4817bc07-6b24-40ca-a16e-aba3213b474f,fa9f08dd-6919-4664-90de-beb5a46b6347,MongoDB,Database,ADVANCED,83.6,True,Google,Google,2026-05-23,CRED-1A51CB6F59,https://credentials.example.com/CRED-1A51CB6F59,https://credentials.example.com/CRED-1A51CB6F59
60ba7fba-c1b2-488d-96b9-11ca79286fda,fa9f08dd-6919-4664-90de-beb5a46b6347,C++,Programming,INTERMEDIATE,81.4,False,,,,,,
4f293e20-cbc1-49e3-91ec-e20d37d6bd9c,55a828a2-4d99-459a-9a6b-d6b461a34f72,Docker,DevOps,ADVANCED,78.6,False,,,,,,
f8cb528f-f557-42e1-9f0e-06417111f30d,55a828a2-4d99-459a-9a6b-d6b461a34f72,Power BI,Data Analytics,ADVANCED,86.4,True,Udemy,Udemy,2026-03-01,CRED-79590E10C8,https://credentials.example.com/CRED-79590E10C8,https://credentials.example.com/CRED-79590E10C8
ab67e69f-6b3d-4bce-afc6-ace3860e3a4c,55a828a2-4d99-459a-9a6b-d6b461a34f72,Deep Learning,AI/ML,BEGINNER,30.5,False,,,,,,
a0bfd4a9-d182-492e-82aa-75dccbcb138e,55a828a2-4d99-459a-9a6b-d6b461a34f72,SQL,Database,BEGINNER,26.0,False,,,,,,
c59ff786-043b-4954-a913-32e7726eacae,049b8b04-7223-426b-a8f9-2815a5f1ec17,C++,Programming,INTERMEDIATE,41.4,False,,,,,,
06a02a3c-c1c8-4771-a53a-cb20285d76d6,049b8b04-7223-426b-a8f9-2815a5f1ec17,Power BI,Data Analytics,ADVANCED,71.5,False,,,,,,
e07f2f27-f307-4b1e-a76f-a6c1f0e32bb0,049b8b04-7223-426b-a8f9-2815a5f1ec17,Java,Programming,ADVANCED,67.6,True,AWS Training,AWS Training,2025-05-21,CRED-75B7464D59,https://credentials.example.com/CRED-75B7464D59,https://credentials.example.com/CRED-75B7464D59
6c38a5c7-5a27-4920-8c1f-139b00fec5fe,22522b91-3559-400d-8fbb-e0cd91c2baeb,SQL,Database,BEGINNER,20.6,False,,,,,,
a1d3593e-00ca-43be-b0d0-dd72e130f4b6,22522b91-3559-400d-8fbb-e0cd91c2baeb,Linux,Systems,INTERMEDIATE,52.0,False,,,,,,
e127a307-c132-455a-8e97-bd2164a04711,3025c386-fa91-45a6-95fa-9e9f6a93114e,Figma,Design,BEGINNER,13.3,False,,,,,,
ae7e5607-075c-400b-9452-379e85e19b6c,eb7f0c89-0787-41db-8aa7-4d591a8ca66d,Machine Learning,AI/ML,BEGINNER,41.0,False,,,,,,
c374d6c6-3b23-45af-94ba-a1abf5c11fcc,eb7f0c89-0787-41db-8aa7-4d591a8ca66d,SQL,Database,BEGINNER,26.1,False,,,,,,
9b370475-ea25-46b2-b811-bebc224f72fb,78ff812f-a481-42a9-b220-0b36f39b6319,Figma,Design,BEGINNER,19.0,False,,,,,,
ea514f86-26e8-42e1-a48a-90cfbf977b1f,78ff812f-a481-42a9-b220-0b36f39b6319,Power BI,Data Analytics,BEGINNER,26.4,True,Google,Google,2026-06-03,CRED-EABDD13421,https://credentials.example.com/CRED-EABDD13421,https://credentials.example.com/CRED-EABDD13421
6b28117f-a112-48b9-9f53-d35c890f3cb1,7bc5ff4a-706c-4ef6-8f1a-21b041cd2f0f,JavaScript,Programming,EXPERT,79.0,True,AWS Training,AWS Training,2026-06-04,CRED-C40B9B21C1,https://credentials.example.com/CRED-C40B9B21C1,https://credentials.example.com/CRED-C40B9B21C1
338ecb85-6152-48b3-a278-486ddad9745c,7bc5ff4a-706c-4ef6-8f1a-21b041cd2f0f,TensorFlow,AI/ML,BEGINNER,28.6,True,NPTEL,NPTEL,2025-04-16,CRED-DA0AA73632,https://credentials.example.com/CRED-DA0AA73632,https://credentials.example.com/CRED-DA0AA73632
5c67e0ee-919f-4240-a5f1-dc27930c805c,7bc5ff4a-706c-4ef6-8f1a-21b041cd2f0f,Kubernetes,DevOps,BEGINNER,36.1,False,,,,,,
ee54a347-d3d6-4359-bb9c-7b3c629afeda,7bc5ff4a-706c-4ef6-8f1a-21b041cd2f0f,Machine Learning,AI/ML,BEGINNER,27.3,False,,,,,,
fbc78359-5d61-46c5-a20f-a79d50c0e7ef,b2914819-2d04-4f53-9154-1af4429f8b13,React,Web Development,EXPERT,90.9,True,Coursera,Coursera,2025-10-27,CRED-04392A6242,https://credentials.example.com/CRED-04392A6242,https://credentials.example.com/CRED-04392A6242
969f630f-c544-4ec1-84d9-a7f69caf3b59,b2914819-2d04-4f53-9154-1af4429f8b13,Machine Learning,AI/ML,INTERMEDIATE,51.7,False,,,,,,
183bc51a-2638-4dc8-b325-d99d05440e09,b2914819-2d04-4f53-9154-1af4429f8b13,AWS,Cloud,ADVANCED,82.4,True,AWS Training,AWS Training,2026-05-16,CRED-6E88DA4012,https://credentials.example.com/CRED-6E88DA4012,https://credentials.example.com/CRED-6E88DA4012
1f8745f4-3755-4fb4-9a4e-8a0b847d1bd1,b2914819-2d04-4f53-9154-1af4429f8b13,JavaScript,Programming,ADVANCED,84.9,True,NPTEL,NPTEL,2026-06-06,CRED-BC718E7AA1,https://credentials.example.com/CRED-BC718E7AA1,https://credentials.example.com/CRED-BC718E7AA1
43dd07f3-b519-4bce-b521-f4b156a90b5d,b2914819-2d04-4f53-9154-1af4429f8b13,Power BI,Data Analytics,INTERMEDIATE,54.4,False,,,,,,
7d412ea1-852d-44be-985c-f720cd420735,635bc047-5d93-4e7a-afd4-1810898d7b28,MongoDB,Database,BEGINNER,5.0,True,AWS Training,AWS Training,2025-09-18,CRED-010A5D3B27,https://credentials.example.com/CRED-010A5D3B27,https://credentials.example.com/CRED-010A5D3B27
6efeb81a-bfb9-4384-a904-b93793adf4aa,635bc047-5d93-4e7a-afd4-1810898d7b28,AWS,Cloud,INTERMEDIATE,65.6,False,,,,,,
96ea9aad-21ca-4496-a3a8-f2e8f05849de,635bc047-5d93-4e7a-afd4-1810898d7b28,Data Structures & Algorithms,Core CS,EXPERT,90.9,False,,,,,,
c5718e67-b540-403f-89ae-b18b7ff95518,635bc047-5d93-4e7a-afd4-1810898d7b28,Python,Programming,BEGINNER,28.3,False,,,,,,
672eb17a-04e3-43e6-b870-38894964be3f,635bc047-5d93-4e7a-afd4-1810898d7b28,JavaScript,Programming,BEGINNER,40.6,False,,,,,,
1ee039d0-3dd5-47fe-8d92-477c71b3fd40,d3e507af-21d8-46a0-88af-05633d6b7c70,Deep Learning,AI/ML,ADVANCED,75.8,True,Google,Google,2026-05-14,CRED-AC2B50ACE3,https://credentials.example.com/CRED-AC2B50ACE3,https://credentials.example.com/CRED-AC2B50ACE3
978374b9-3c0d-4727-a340-d1fe55a49db2,d3e507af-21d8-46a0-88af-05633d6b7c70,Machine Learning,AI/ML,ADVANCED,74.5,True,AWS Training,AWS Training,2025-11-09,CRED-5011FA4EFD,https://credentials.example.com/CRED-5011FA4EFD,https://credentials.example.com/CRED-5011FA4EFD
b1471a47-c65f-4945-8724-608b9e7a73e7,d3e507af-21d8-46a0-88af-05633d6b7c70,TensorFlow,AI/ML,ADVANCED,68.6,True,Coursera,Coursera,2025-04-20,CRED-E427D1DCAE,https://credentials.example.com/CRED-E427D1DCAE,https://credentials.example.com/CRED-E427D1DCAE
80162340-1c31-444a-addd-31e56b654afe,d3e507af-21d8-46a0-88af-05633d6b7c70,Node.js,Web Development,BEGINNER,37.6,False,,,,,,
4c8bc8db-3d2c-4479-b79c-4b19cc4bbee3,d3e507af-21d8-46a0-88af-05633d6b7c70,JavaScript,Programming,INTERMEDIATE,55.0,False,,,,,,
da56d9c5-bde4-4efe-b343-ebcff8ee7318,cf788c24-e1e6-43c7-9cc6-53ec69c3ef60,Excel,Data Analytics,BEGINNER,31.2,True,AWS Training,AWS Training,2025-12-02,CRED-A5F29918BF,https://credentials.example.com/CRED-A5F29918BF,https://credentials.example.com/CRED-A5F29918BF
06f543b9-2bbc-44ff-bad0-92266f3c0ff9,cf788c24-e1e6-43c7-9cc6-53ec69c3ef60,Java,Programming,ADVANCED,68.8,False,,,,,,
a195f190-74a3-4d27-9d12-713347048ed9,cf788c24-e1e6-43c7-9cc6-53ec69c3ef60,Python,Programming,BEGINNER,44.3,False,,,,,,
d75c16a4-3ca3-46ab-a828-7d95ae11e26d,cf788c24-e1e6-43c7-9cc6-53ec69c3ef60,Machine Learning,AI/ML,BEGINNER,28.2,False,,,,,,
a0508882-327f-4b15-8121-4f063d2dc59f,d23e07b5-474b-417a-a078-b3b57f4004f5,Figma,Design,ADVANCED,69.5,False,,,,,,
46ccbfe3-c61b-4e39-a8e8-9b222d82c650,6f88cb0a-8210-411f-a0ca-7404903ad8ab,JavaScript,Programming,ADVANCED,62.7,True,Google,Google,2025-07-17,CRED-1C6C8B9898,https://credentials.example.com/CRED-1C6C8B9898,https://credentials.example.com/CRED-1C6C8B9898
ba2a4b8b-f5cc-4bc6-9c8f-87bbb0cc8b5f,4a142a35-c426-44b0-ae93-48a441ecc876,Java,Programming,INTERMEDIATE,70.4,False,,,,,,
baedd882-1bdd-4053-8334-5f9e6f4fa1f9,13e6c5d2-d2f3-4d3b-85c9-ceab172c9dfe,Kubernetes,DevOps,ADVANCED,72.8,True,Udemy,Udemy,2025-07-17,CRED-BDAD9E278A,https://credentials.example.com/CRED-BDAD9E278A,https://credentials.example.com/CRED-BDAD9E278A
44898d9b-53a8-49ce-b70c-1dd1e2c54f6c,13e6c5d2-d2f3-4d3b-85c9-ceab172c9dfe,Git,Tools,INTERMEDIATE,45.8,True,Microsoft,Microsoft,2025-03-25,CRED-2FCA6EF334,https://credentials.example.com/CRED-2FCA6EF334,https://credentials.example.com/CRED-2FCA6EF334
c6955156-4f55-4a9d-a4b6-f5f2c93e1814,13e6c5d2-d2f3-4d3b-85c9-ceab172c9dfe,SQL,Database,BEGINNER,19.5,False,,,,,,
e04350f5-9d8a-468d-905e-31c2552d5684,b10c4705-1374-498e-b588-8b6e814cddd2,Node.js,Web Development,INTERMEDIATE,61.5,False,,,,,,
31333d9e-e09f-49f1-869b-acb1a3fb68c4,b10c4705-1374-498e-b588-8b6e814cddd2,Linux,Systems,BEGINNER,32.5,False,,,,,,
b4259338-42c3-40fc-9bcf-8c1f6003f4a2,b10c4705-1374-498e-b588-8b6e814cddd2,Python,Programming,BEGINNER,26.6,False,,,,,,
3c5aeec7-4889-4e22-b425-07b4b1dbda27,07692f8b-0ff6-4fc4-84a1-6cfaaffc3d34,SQL,Database,INTERMEDIATE,53.2,True,NPTEL,NPTEL,2025-02-06,CRED-9C2ADB9F05,https://credentials.example.com/CRED-9C2ADB9F05,https://credentials.example.com/CRED-9C2ADB9F05
4ef4ffb8-7920-4baf-818f-14134e934c3b,07692f8b-0ff6-4fc4-84a1-6cfaaffc3d34,C++,Programming,INTERMEDIATE,63.9,False,,,,,,
214e5bc9-faec-446d-96c2-1c748caaa7e3,07692f8b-0ff6-4fc4-84a1-6cfaaffc3d34,TensorFlow,AI/ML,BEGINNER,37.2,False,,,,,,
caa6e672-3339-4a50-ba42-75b54007634a,07692f8b-0ff6-4fc4-84a1-6cfaaffc3d34,Node.js,Web Development,BEGINNER,27.3,False,,,,,,
f1894a7a-95d0-4a96-9f04-fa4ab6227fdb,07692f8b-0ff6-4fc4-84a1-6cfaaffc3d34,Excel,Data Analytics,ADVANCED,69.1,True,Google,Google,2026-05-10,CRED-3A8BA0673E,https://credentials.example.com/CRED-3A8BA0673E,https://credentials.example.com/CRED-3A8BA0673E
0c162be6-f8f3-496f-86f5-770433a6cc60,b8d7a204-924c-46fc-917a-cff4d10a590d,Excel,Data Analytics,INTERMEDIATE,44.1,False,,,,,,
850b142c-6246-45b0-b523-3f3f8d0b661f,b8d7a204-924c-46fc-917a-cff4d10a590d,JavaScript,Programming,INTERMEDIATE,53.5,True,Google,Google,2025-12-15,CRED-BB88F2E29A,https://credentials.example.com/CRED-BB88F2E29A,https://credentials.example.com/CRED-BB88F2E29A
9f7fc1a3-0fe6-4898-8e17-ea56865a2872,b8d7a204-924c-46fc-917a-cff4d10a590d,MongoDB,Database,INTERMEDIATE,55.3,True,Google,Google,2025-10-20,CRED-1E366C4679,https://credentials.example.com/CRED-1E366C4679,https://credentials.example.com/CRED-1E366C4679
5fac5cce-0b62-4b26-8bf1-191b77f268b9,1af32531-4582-4867-a7f1-70e008610d62,JavaScript,Programming,ADVANCED,93.1,False,,,,,,
53ec38af-3627-4ad1-8a1c-ce178040d2d6,1af32531-4582-4867-a7f1-70e008610d62,Power BI,Data Analytics,INTERMEDIATE,59.3,True,NPTEL,NPTEL,2026-05-31,CRED-60AB1E756F,https://credentials.example.com/CRED-60AB1E756F,https://credentials.example.com/CRED-60AB1E756F
e5bc113e-15d7-4723-9d6f-4f7e873c3758,1af32531-4582-4867-a7f1-70e008610d62,Figma,Design,INTERMEDIATE,67.1,False,,,,,,
182eb6b1-e5e5-44f3-8f3d-65345f9f2836,1af32531-4582-4867-a7f1-70e008610d62,Kubernetes,DevOps,ADVANCED,71.5,True,Microsoft,Microsoft,2025-10-05,CRED-3E82E84F09,https://credentials.example.com/CRED-3E82E84F09,https://credentials.example.com/CRED-3E82E84F09
653cda77-7999-4238-9a95-9f72cb7e2526,1af32531-4582-4867-a7f1-70e008610d62,Docker,DevOps,INTERMEDIATE,46.5,False,,,,,,
a8c363f3-036f-47be-85c3-30bbeeaf49e6,f0a89b4b-9c8e-43bd-a194-216f27c7ab3e,Deep Learning,AI/ML,BEGINNER,25.6,True,Microsoft,Microsoft,2026-06-07,CRED-3264FEFA32,https://credentials.example.com/CRED-3264FEFA32,https://credentials.example.com/CRED-3264FEFA32
53b954bb-39a4-49ba-bc8d-126aeae39ec5,1d120b48-52c7-42f1-9498-c395cda475ed,Git,Tools,INTERMEDIATE,67.1,False,,,,,,
6d5ef85d-5250-4f66-a2b4-47279ef4f23b,1d120b48-52c7-42f1-9498-c395cda475ed,Power BI,Data Analytics,BEGINNER,29.8,False,,,,,,
2c852b0b-6a63-4878-876d-a42ffa9c6cc0,fd7bc3ed-564c-48e3-8af4-d47ec4b6adae,Node.js,Web Development,EXPERT,99.0,False,,,,,,
eae89e02-1eae-4499-a6bb-a79b6452e570,fd7bc3ed-564c-48e3-8af4-d47ec4b6adae,Kubernetes,DevOps,BEGINNER,20.2,False,,,,,,
7f3c5349-08f7-4077-a47c-7544b540a292,397ff6ac-450b-4dcc-8487-f7e3f3f3da49,Figma,Design,BEGINNER,33.8,False,,,,,,
84ae6ff2-e714-4457-8391-07e98c5102fb,397ff6ac-450b-4dcc-8487-f7e3f3f3da49,Python,Programming,BEGINNER,20.5,False,,,,,,
ab999bfd-ff9a-4d18-b066-aa7b6db15ec3,397ff6ac-450b-4dcc-8487-f7e3f3f3da49,Deep Learning,AI/ML,BEGINNER,33.6,False,,,,,,
7d1659cd-fc47-46a3-9a23-cdd203fb7844,1f260fb6-c6fd-4cdc-84ef-e27e79b5c31f,Power BI,Data Analytics,EXPERT,97.9,False,,,,,,
08ab52e2-48cb-4a71-abf2-79eb98fa5ad8,1f260fb6-c6fd-4cdc-84ef-e27e79b5c31f,Deep Learning,AI/ML,ADVANCED,90.3,False,,,,,,
84c01fb1-4c23-4db3-8d84-f014ca985ed7,1f260fb6-c6fd-4cdc-84ef-e27e79b5c31f,Data Structures & Algorithms,Core CS,EXPERT,84.2,True,Coursera,Coursera,2025-02-24,CRED-056C02FCAD,https://credentials.example.com/CRED-056C02FCAD,https://credentials.example.com/CRED-056C02FCAD
0d7e1f6a-c44e-4bef-b5a6-984641b62686,1f260fb6-c6fd-4cdc-84ef-e27e79b5c31f,Node.js,Web Development,ADVANCED,74.5,False,,,,,,
99a02319-f0f3-41cd-b0f9-6c2013a3442e,1f260fb6-c6fd-4cdc-84ef-e27e79b5c31f,Excel,Data Analytics,EXPERT,91.4,True,Microsoft,Microsoft,2025-12-26,CRED-1A04BC1684,https://credentials.example.com/CRED-1A04BC1684,https://credentials.example.com/CRED-1A04BC1684
aba74c36-39ab-415a-bdcc-6aa7830caec9,82fded1f-b2a4-4326-8d7f-3c6c5aa17bea,Deep Learning,AI/ML,BEGINNER,45.4,False,,,,,,
98312245-25c6-481f-8f92-3729f34b3ee0,6906833a-ed91-44ef-9f39-cfa1ad466199,Node.js,Web Development,BEGINNER,33.5,True,Coursera,Coursera,2026-03-16,CRED-A5DFB7CB47,https://credentials.example.com/CRED-A5DFB7CB47,https://credentials.example.com/CRED-A5DFB7CB47
c2fa49e1-1eb4-4737-87ba-9154ec31c04c,c9426514-1f43-4ec4-a1be-04036ec45c7e,SQL,Database,ADVANCED,59.6,True,Udemy,Udemy,2026-06-09,CRED-A3750A2E75,https://credentials.example.com/CRED-A3750A2E75,https://credentials.example.com/CRED-A3750A2E75
8f52c992-296e-4f29-8abc-0e70ad9788a6,c9426514-1f43-4ec4-a1be-04036ec45c7e,Linux,Systems,ADVANCED,81.7,True,Coursera,Coursera,2026-05-18,CRED-1449CD7F89,https://credentials.example.com/CRED-1449CD7F89,https://credentials.example.com/CRED-1449CD7F89
7684282e-9031-430e-95eb-b4a58e654f15,c9426514-1f43-4ec4-a1be-04036ec45c7e,Power BI,Data Analytics,INTERMEDIATE,51.0,True,Udemy,Udemy,2026-03-30,CRED-58E3BA3EE4,https://credentials.example.com/CRED-58E3BA3EE4,https://credentials.example.com/CRED-58E3BA3EE4
880c5a0b-2a4c-4342-9d48-5e3d61d804aa,c9426514-1f43-4ec4-a1be-04036ec45c7e,TensorFlow,AI/ML,INTERMEDIATE,58.4,False,,,,,,
5b50a3a4-eeca-4bdc-aedf-7eb6f5d61c0d,c9426514-1f43-4ec4-a1be-04036ec45c7e,JavaScript,Programming,EXPERT,84.7,True,NPTEL,NPTEL,2026-05-31,CRED-FB6C04F16A,https://credentials.example.com/CRED-FB6C04F16A,https://credentials.example.com/CRED-FB6C04F16A
4177f45a-41ee-400e-b374-0136f783a1a3,07dbbf5a-9c42-4a2f-a99d-ef55e114f9f7,MongoDB,Database,BEGINNER,27.2,False,,,,,,
e73a8312-a3a8-48b2-af08-0e7a2fcc9a81,07dbbf5a-9c42-4a2f-a99d-ef55e114f9f7,Excel,Data Analytics,BEGINNER,31.4,False,,,,,,
83f98b16-332c-4026-9250-7ea5e0a1511b,7d372ae8-b86d-43c6-9296-92c6222105e7,Machine Learning,AI/ML,BEGINNER,21.7,False,,,,,,
0c6deb67-2a83-47f9-b10e-a96ff8607e2a,7d372ae8-b86d-43c6-9296-92c6222105e7,Figma,Design,BEGINNER,10.5,True,Microsoft,Microsoft,2026-04-17,CRED-0D5AA878D8,https://credentials.example.com/CRED-0D5AA878D8,https://credentials.example.com/CRED-0D5AA878D8
a30867e7-864c-4231-b5cc-11b2f4b4247d,9725996d-ae2f-454e-9317-777d1dc37f50,AWS,Cloud,BEGINNER,34.9,True,AWS Training,AWS Training,2025-01-14,CRED-DAFE70C355,https://credentials.example.com/CRED-DAFE70C355,https://credentials.example.com/CRED-DAFE70C355
cf5f31d1-024b-46ac-8bc7-b4b03da7655f,9725996d-ae2f-454e-9317-777d1dc37f50,Excel,Data Analytics,BEGINNER,29.4,False,,,,,,
288fafca-9308-4efa-a85e-abdba8e5d0fd,9725996d-ae2f-454e-9317-777d1dc37f50,Machine Learning,AI/ML,ADVANCED,72.7,False,,,,,,
7ccea121-46a2-4644-bf77-67ccdc431abd,9725996d-ae2f-454e-9317-777d1dc37f50,React,Web Development,INTERMEDIATE,40.1,False,,,,,,
accc60d7-1fc4-4974-9a30-5877f90fb4e5,33c5f727-dccf-4d56-b26d-056cf0cbdcf1,Kubernetes,DevOps,ADVANCED,87.7,True,Coursera,Coursera,2026-04-28,CRED-0822A1916E,https://credentials.example.com/CRED-0822A1916E,https://credentials.example.com/CRED-0822A1916E
f317173d-12b6-4ee9-be7e-8cb2912f7d6c,33c5f727-dccf-4d56-b26d-056cf0cbdcf1,SQL,Database,BEGINNER,23.4,False,,,,,,
a7d7e040-f9d7-416c-861a-c4567893f60e,33c5f727-dccf-4d56-b26d-056cf0cbdcf1,Power BI,Data Analytics,BEGINNER,21.3,False,,,,,,
9b1b7869-9d51-4e76-b270-264b9d760eab,0590278b-4592-4c0b-ac3d-2d87a7a3309e,Excel,Data Analytics,ADVANCED,82.1,False,,,,,,
b6beabc3-cde6-4349-a381-88c11ace3180,0590278b-4592-4c0b-ac3d-2d87a7a3309e,Docker,DevOps,INTERMEDIATE,58.2,False,,,,,,
1613322c-3fe0-47c3-9ef1-9428e91a1da3,2052df68-0f4f-45a0-9cce-d4a6ad838770,Kubernetes,DevOps,ADVANCED,72.5,False,,,,,,
7b66a9e9-1402-4fc9-9e6e-8591f51664cc,2052df68-0f4f-45a0-9cce-d4a6ad838770,JavaScript,Programming,ADVANCED,85.9,False,,,,,,
0c1d33b9-231a-4e15-9da4-b635e3f9af75,2052df68-0f4f-45a0-9cce-d4a6ad838770,Data Structures & Algorithms,Core CS,BEGINNER,38.8,False,,,,,,
3d0a3e60-3a57-4c7f-9d30-94226589f87d,2052df68-0f4f-45a0-9cce-d4a6ad838770,Figma,Design,BEGINNER,28.8,False,,,,,,
14248f2c-35f8-4a62-9596-d110ac2b9a4d,d7122c6c-f0b6-458d-a742-c308cefb60fd,Java,Programming,ADVANCED,70.0,False,,,,,,
1acf9899-8547-44f5-9663-e2a9ae3c9a06,d7122c6c-f0b6-458d-a742-c308cefb60fd,Machine Learning,AI/ML,ADVANCED,72.9,False,,,,,,
95dda719-687d-480f-8f03-97a1d037cae6,d7122c6c-f0b6-458d-a742-c308cefb60fd,Excel,Data Analytics,ADVANCED,67.3,False,,,,,,
dd910385-1477-4bf6-9864-01d67ae3e7fc,d7122c6c-f0b6-458d-a742-c308cefb60fd,JavaScript,Programming,ADVANCED,83.2,False,,,,,,
934503b1-6f91-42b3-8ae6-f1e0d16aee64,b8f2a8b1-9061-4f3b-b85a-dc4db4618dd1,Kubernetes,DevOps,ADVANCED,96.1,False,,,,,,
dcea0d90-9185-46f1-a610-07a46af6a582,b8f2a8b1-9061-4f3b-b85a-dc4db4618dd1,Data Structures & Algorithms,Core CS,ADVANCED,92.2,True,Coursera,Coursera,2025-08-29,CRED-8F7165F3A7,https://credentials.example.com/CRED-8F7165F3A7,https://credentials.example.com/CRED-8F7165F3A7
50a3ae49-2544-4256-bbbe-8764bebde727,b8f2a8b1-9061-4f3b-b85a-dc4db4618dd1,MongoDB,Database,EXPERT,100.0,True,Coursera,Coursera,2025-09-10,CRED-86FA09D5B9,https://credentials.example.com/CRED-86FA09D5B9,https://credentials.example.com/CRED-86FA09D5B9
daac5867-4919-4268-8d91-71f3267590c2,b8f2a8b1-9061-4f3b-b85a-dc4db4618dd1,Figma,Design,BEGINNER,20.2,False,,,,,,
af49884f-67e3-47f7-86f6-8d17f31f3568,b8f2a8b1-9061-4f3b-b85a-dc4db4618dd1,C++,Programming,BEGINNER,20.3,False,,,,,,
24ede5f4-95e5-48d5-9a0f-0e5d8a92067d,ae9f84e7-e01e-49fe-9bca-05498774a11a,React,Web Development,BEGINNER,13.9,False,,,,,,
f4f9e1b8-e737-4d84-8c26-9aebbed51484,ae9f84e7-e01e-49fe-9bca-05498774a11a,Machine Learning,AI/ML,BEGINNER,18.8,True,NPTEL,NPTEL,2026-03-16,CRED-325B378167,https://credentials.example.com/CRED-325B378167,https://credentials.example.com/CRED-325B378167
d066bbcf-8c63-47e5-970c-02fa473fd566,ae9f84e7-e01e-49fe-9bca-05498774a11a,SQL,Database,ADVANCED,73.0,False,,,,,,
beb6efa6-1b00-47d8-b420-04c36f58ad4b,ae9f84e7-e01e-49fe-9bca-05498774a11a,Excel,Data Analytics,BEGINNER,29.8,False,,,,,,
4322b221-32d2-427b-8f69-3a8db44bb772,d4bd5a5b-0d76-4744-9c7e-d9d80146270c,Deep Learning,AI/ML,INTERMEDIATE,69.2,True,Coursera,Coursera,2025-06-12,CRED-5B1D5BF097,https://credentials.example.com/CRED-5B1D5BF097,https://credentials.example.com/CRED-5B1D5BF097
79d2c88b-9391-4acc-86c4-b8ba802777f8,7683985b-bda9-4f7d-9a08-f7e1811bc5e6,C++,Programming,INTERMEDIATE,58.0,False,,,,,,
665505e5-a169-47dc-9a29-45bccafcaea1,de27ac13-5024-496b-a19b-b5ab88869c48,Power BI,Data Analytics,INTERMEDIATE,48.0,True,NPTEL,NPTEL,2025-11-13,CRED-E29FA2A4F5,https://credentials.example.com/CRED-E29FA2A4F5,https://credentials.example.com/CRED-E29FA2A4F5
003ef6fa-2381-4174-97c7-548e10308b89,de27ac13-5024-496b-a19b-b5ab88869c48,Machine Learning,AI/ML,ADVANCED,87.4,True,NPTEL,NPTEL,2025-11-24,CRED-B2F7499370,https://credentials.example.com/CRED-B2F7499370,https://credentials.example.com/CRED-B2F7499370
