id,email,password_hash,role
eb6efcdf-a27a-41ae-ac60-e71c92f6e8f1,sneha1@skit.ac.in,$2b$10$N9qo8uLOickgx2ZMRZoMyeIjZAgcfl7p92ldGxad68LJZdL17lhWy,STUDENT
f18ec7ae-f847-466c-8f7b-2f922493fb4e,harsh2@skit.ac.in,$2b$10$N9qo8uLOickgx2ZMRZoMyeIjZAgcfl7p92ldGxad68LJZdL17lhWy,STUDENT
43c801d1-65ba-45e3-b41a-934c108f04a7,bhavya3@skit.ac.in,$2b$10$N9qo8uLOickgx2ZMRZoMyeIjZAgcfl7p92ldGxad68LJZdL17lhWy,STUDENT
dc86467e-98bc-4229-8908-e3177de9da0a,manish4@skit.ac.in,$2b$10$N9qo8uLOickgx2ZMRZoMyeIjZAgcfl7p92ldGxad68LJZdL17lhWy,STUDENT
ef1413b5-1d6f-4e54-b461-a71ad20c3152,sanjay5@skit.ac.in,$2b$10$N9qo8uLOickgx2ZMRZoMyeIjZAgcfl7p92ldGxad68LJZdL17lhWy,STUDENT
fa29de1c-3da0-4567-a732-ce74224b1eb1,mehak6@skit.ac.in,$2b$10$N9qo8uLOickgx2ZMRZoMyeIjZAgcfl7p92ldGxad68LJZdL17lhWy,STUDENT
52efe35b-b702-43fc-957a-dbd1fb98a2cf,bhavya7@skit.ac.in,$2b$10$N9qo8uLOickgx2ZMRZoMyeIjZAgcfl7p92ldGxad68LJZdL17lhWy,STUDENT
c64d9c3d-99b9-4b1c-a05a-664ef5fed7c1,harsh8@skit.ac.in,$2b$10$N9qo8uLOickgx2ZMRZoMyeIjZAgcfl7p92ldGxad68LJZdL17lhWy,STUDENT
1297d1a3-3fbe-4877-bb14-249409975249,pranav9@skit.ac.in,$2b$10$N9qo8uLOickgx2ZMRZoMyeIjZAgcfl7p92ldGxad68LJZdL17lhWy,STUDENT
d4a6bcf5-4624-4877-84e7-5a3f5fd86641,arjun10@skit.ac.in,$2b$10$N9qo8uLOickgx2ZMRZoMyeIjZAgcfl7p92ldGxad68LJZdL17lhWy,STUDENT
e3b0bb36-b5bc-462b-9e6a-f38569532a13,janvi11@skit.ac.in,$2b$10$N9qo8uLOickgx2ZMRZoMyeIjZAgcfl7p92ldGxad68LJZdL17lhWy,STUDENT
10ae4969-0c69-442d-9d12-e7821dc3ded4,vikas12@skit.ac.in,$2b$10$N9qo8uLOickgx2ZMRZoMyeIjZAgcfl7p92ldGxad68LJZdL17lhWy,STUDENT
806d0693-8cf1-41aa-bc5e-3dba96b8d3c7,mehak13@skit.ac.in,$2b$10$N9qo8uLOickgx2ZMRZoMyeIjZAgcfl7p92ldGxad68LJZdL17lhWy,STUDENT
c878d4a6-090c-4726-a0eb-0d6a9d740431,aniket14@skit.ac.in,$2b$10$N9qo8uLOickgx2ZMRZoMyeIjZAgcfl7p92ldGxad68LJZdL17lhWy,STUDENT
958880e0-db82-4660-9303-c9b17307262e,rohan15@skit.ac.in,$2b$10$N9qo8uLOickgx2ZMRZoMyeIjZAgcfl7p92ldGxad68LJZdL17lhWy,STUDENT
ed9f9fd4-c42a-419f-99b4-5ebbc2aa1177,mehak16@skit.ac.in,$2b$10$N9qo8uLOickgx2ZMRZoMyeIjZAgcfl7p92ldGxad68LJZdL17lhWy,STUDENT
4d1b5348-a078-4699-b190-7615bf8af984,ananya17@skit.ac.in,$2b$10$N9qo8uLOickgx2ZMRZoMyeIjZAgcfl7p92ldGxad68LJZdL17lhWy,STUDENT
9c0c87d3-11ca-4995-93dd-9e413e164194,sachin18@skit.ac.in,$2b$10$N9qo8uLOickgx2ZMRZoMyeIjZAgcfl7p92ldGxad68LJZdL17lhWy,STUDENT
51f877fc-b8a6-4f05-b8ac-08aeae2e14c5,nisha19@skit.ac.in,$2b$10$N9qo8uLOickgx2ZMRZoMyeIjZAgcfl7p92ldGxad68LJZdL17lhWy,STUDENT
21432e0b-9109-427d-862b-ae1ffb7a3009,dev20@skit.ac.in,$2b$10$N9qo8uLOickgx2ZMRZoMyeIjZAgcfl7p92ldGxad68LJZdL17lhWy,STUDENT
d2519bf0-de9b-4e93-9873-3c45b2ed964b,aniket21@skit.ac.in,$2b$10$N9qo8uLOickgx2ZMRZoMyeIjZAgcfl7p92ldGxad68LJZdL17lhWy,STUDENT
e8e38ec3-d7e7-465b-9e23-d12c3e949389,pranav22@skit.ac.in,$2b$10$N9qo8uLOickgx2ZMRZoMyeIjZAgcfl7p92ldGxad68LJZdL17lhWy,STUDENT
0b58ea92-249b-4300-99ae-77b6faaa0a6f,akash23@skit.ac.in,$2b$10$N9qo8uLOickgx2ZMRZoMyeIjZAgcfl7p92ldGxad68LJZdL17lhWy,STUDENT
fab812ce-c36e-4e7c-a3ab-41402939d774,utkarsh24@skit.ac.in,$2b$10$N9qo8uLOickgx2ZMRZoMyeIjZAgcfl7p92ldGxad68LJZdL17lhWy,STUDENT
031fc4ad-dacd-4db4-960d-b61d723e50f4,khushi25@skit.ac.in,$2b$10$N9qo8uLOickgx2ZMRZoMyeIjZAgcfl7p92ldGxad68LJZdL17lhWy,STUDENT
f06ecf25-cfa8-4ee9-bb13-0f99716e87b4,pranav26@skit.ac.in,$2b$10$N9qo8uLOickgx2ZMRZoMyeIjZAgcfl7p92ldGxad68LJZdL17lhWy,STUDENT
965381a8-8c92-4bed-9abe-1fb673966b07,mehak27@skit.ac.in,$2b$10$N9qo8uLOickgx2ZMRZoMyeIjZAgcfl7p92ldGxad68LJZdL17lhWy,STUDENT
47924d37-f040-4ffd-94e5-80b81d98b476,arjun28@skit.ac.in,$2b$10$N9qo8uLOickgx2ZMRZoMyeIjZAgcfl7p92ldGxad68LJZdL17lhWy,STUDENT
6dd89187-6d34-4513-8e41-18194586262c,janvi29@skit.ac.in,$2b$10$N9qo8uLOickgx2ZMRZoMyeIjZAgcfl7p92ldGxad68LJZdL17lhWy,STUDENT
dc3c6f7d-f6cf-420f-b3fb-d291a7c0afab,sameer30@skit.ac.in,$2b$10$N9qo8uLOickgx2ZMRZoMyeIjZAgcfl7p92ldGxad68LJZdL17lhWy,STUDENT
9436d242-781c-453a-8d18-6c071f6b6ff3,aditya31@skit.ac.in,$2b$10$N9qo8uLOickgx2ZMRZoMyeIjZAgcfl7p92ldGxad68LJZdL17lhWy,STUDENT
8fca01e2-c196-4b31-a86f-bf3bbd1e8e6e,ishita32@skit.ac.in,$2b$10$N9qo8uLOickgx2ZMRZoMyeIjZAgcfl7p92ldGxad68LJZdL17lhWy,STUDENT
4d1e4fac-db4f-4d86-ba10-a487198e3fd6,karan33@skit.ac.in,$2b$10$N9qo8uLOickgx2ZMRZoMyeIjZAgcfl7p92ldGxad68LJZdL17lhWy,STUDENT
674671a1-cf85-4148-806e-d0a1e9c3f27b,harsh34@skit.ac.in,$2b$10$N9qo8uLOickgx2ZMRZoMyeIjZAgcfl7p92ldGxad68LJZdL17lhWy,STUDENT
1d3be89e-b950-4137-8329-e178849e3bcf,sachin35@skit.ac.in,$2b$10$N9qo8uLOickgx2ZMRZoMyeIjZAgcfl7p92ldGxad68LJZdL17lhWy,STUDENT
a481949f-9bed-4003-bb3f-ad8eb4e81fba,khushi36@skit.ac.in,$2b$10$N9qo8uLOickgx2ZMRZoMyeIjZAgcfl7p92ldGxad68LJZdL17lhWy,STUDENT
ea4d60b4-5006-40c9-8158-bbaf7c59ea68,sachin37@skit.ac.in,$2b$10$N9qo8uLOickgx2ZMRZoMyeIjZAgcfl7p92ldGxad68LJZdL17lhWy,STUDENT
2550d0d6-3c96-4bcb-8688-b689ec79e2f8,riya38@skit.ac.in,$2b$10$N9qo8uLOickgx2ZMRZoMyeIjZAgcfl7p92ldGxad68LJZdL17lhWy,STUDENT
3e94966c-303f-45ec-bdaf-b288ea2d211d,dev39@skit.ac.in,$2b$10$N9qo8uLOickgx2ZMRZoMyeIjZAgcfl7p92ldGxad68LJZdL17lhWy,STUDENT
51204ec7-b2a6-489e-bd8f-a82f15960964,pooja40@skit.ac.in,$2b$10$N9qo8uLOickgx2ZMRZoMyeIjZAgcfl7p92ldGxad68LJZdL17lhWy,STUDENT
f2389e63-1d48-4bd9-88fa-62be24e7f90f,aniket41@skit.ac.in,$2b$10$N9qo8uLOickgx2ZMRZoMyeIjZAgcfl7p92ldGxad68LJZdL17lhWy,STUDENT
edd6b109-59ae-4f32-a025-c5d47a52c49b,pranav42@skit.ac.in,$2b$10$N9qo8uLOickgx2ZMRZoMyeIjZAgcfl7p92ldGxad68LJZdL17lhWy,STUDENT
e7c71c04-16ed-4b51-b275-a813a9b2f212,anjali43@skit.ac.in,$2b$10$N9qo8uLOickgx2ZMRZoMyeIjZAgcfl7p92ldGxad68LJZdL17lhWy,STUDENT
3f0c5084-84de-4161-82ac-39c3a8eff9de,pranav44@skit.ac.in,$2b$10$N9qo8uLOickgx2ZMRZoMyeIjZAgcfl7p92ldGxad68LJZdL17lhWy,STUDENT
87f66e59-e15d-497e-b1a4-a405e613bb1a,yash45@skit.ac.in,$2b$10$N9qo8uLOickgx2ZMRZoMyeIjZAgcfl7p92ldGxad68LJZdL17lhWy,STUDENT
523eca11-a63f-44c0-9d8d-52bdf4752d1f,sachin46@skit.ac.in,$2b$10$N9qo8uLOickgx2ZMRZoMyeIjZAgcfl7p92ldGxad68LJZdL17lhWy,STUDENT
9154892e-17bd-4511-8fe5-19d7051c6351,nisha47@skit.ac.in,$2b$10$N9qo8uLOickgx2ZMRZoMyeIjZAgcfl7p92ldGxad68LJZdL17lhWy,STUDENT
de91c454-e3d3-4c72-bc9e-91c6972c9945,mohit48@skit.ac.in,$2b$10$N9qo8uLOickgx2ZMRZoMyeIjZAgcfl7p92ldGxad68LJZdL17lhWy,STUDENT
ac202fca-3573-43f9-896b-185b5fd937bc,vikas49@skit.ac.in,$2b$10$N9qo8uLOickgx2ZMRZoMyeIjZAgcfl7p92ldGxad68LJZdL17lhWy,STUDENT
086adf08-2e67-4621-bd65-b0b7289bbd35,parth50@skit.ac.in,$2b$10$N9qo8uLOickgx2ZMRZoMyeIjZAgcfl7p92ldGxad68LJZdL17lhWy,STUDENT
867bbb84-b630-4d90-8ced-2e6160a18c09,yashvi51@skit.ac.in,$2b$10$N9qo8uLOickgx2ZMRZoMyeIjZAgcfl7p92ldGxad68LJZdL17lhWy,STUDENT
6283578a-8d20-4245-ae59-3202ce6513ea,aditi52@skit.ac.in,$2b$10$N9qo8uLOickgx2ZMRZoMyeIjZAgcfl7p92ldGxad68LJZdL17lhWy,STUDENT
d0bcb043-a0ed-4ab0-84e3-8171e011b68a,shreya53@skit.ac.in,$2b$10$N9qo8uLOickgx2ZMRZoMyeIjZAgcfl7p92ldGxad68LJZdL17lhWy,STUDENT
74a1da3a-6420-4b58-889e-378808390829,vaibhav54@skit.ac.in,$2b$10$N9qo8uLOickgx2ZMRZoMyeIjZAgcfl7p92ldGxad68LJZdL17lhWy,STUDENT
43e34b94-5ab3-4217-ac68-dce776ed5b17,sachin55@skit.ac.in,$2b$10$N9qo8uLOickgx2ZMRZoMyeIjZAgcfl7p92ldGxad68LJZdL17lhWy,STUDENT
37877eca-0a1b-4dd0-a22a-7f91d768f496,sneha56@skit.ac.in,$2b$10$N9qo8uLOickgx2ZMRZoMyeIjZAgcfl7p92ldGxad68LJZdL17lhWy,STUDENT
c20d7d82-3a2d-43a9-93eb-bb05daabbfe6,pranav57@skit.ac.in,$2b$10$N9qo8uLOickgx2ZMRZoMyeIjZAgcfl7p92ldGxad68LJZdL17lhWy,STUDENT
8d8ba73e-3dc2-49f6-ab42-8abe6409da5f,sanjay58@skit.ac.in,$2b$10$N9qo8uLOickgx2ZMRZoMyeIjZAgcfl7p92ldGxad68LJZdL17lhWy,STUDENT
8a4e1874-bd1f-409c-9d17-9500915b90a3,shreya59@skit.ac.in,$2b$10$N9qo8uLOickgx2ZMRZoMyeIjZAgcfl7p92ldGxad68LJZdL17lhWy,STUDENT
ecae94d3-4f80-4132-8e63-8d56b1f84780,varun60@skit.ac.in,$2b$10$N9qo8uLOickgx2ZMRZoMyeIjZAgcfl7p92ldGxad68LJZdL17lhWy,STUDENT
95ecb30e-a4d1-4891-86b4-94abdcf04c8c,rohan61@skit.ac.in,$2b$10$N9qo8uLOickgx2ZMRZoMyeIjZAgcfl7p92ldGxad68LJZdL17lhWy,STUDENT
3d335541-e14b-4698-ae53-520969f38dc6,yash62@skit.ac.in,$2b$10$N9qo8uLOickgx2ZMRZoMyeIjZAgcfl7p92ldGxad68LJZdL17lhWy,STUDENT
af3b4b0c-7bad-41f8-b7fd-ecfa5f725595,sachin63@skit.ac.in,$2b$10$N9qo8uLOickgx2ZMRZoMyeIjZAgcfl7p92ldGxad68LJZdL17lhWy,STUDENT
93948bdd-6098-4d37-bf8a-010f0da3a5e9,pooja64@skit.ac.in,$2b$10$N9qo8uLOickgx2ZMRZoMyeIjZAgcfl7p92ldGxad68LJZdL17lhWy,STUDENT
fc2bdc13-1a2b-4348-b5fe-9ed7ece7366a,ayush65@skit.ac.in,$2b$10$N9qo8uLOickgx2ZMRZoMyeIjZAgcfl7p92ldGxad68LJZdL17lhWy,STUDENT
b1307a1f-ab33-42f9-9c32-a7a961c9c83b,katyayini66@skit.ac.in,$2b$10$N9qo8uLOickgx2ZMRZoMyeIjZAgcfl7p92ldGxad68LJZdL17lhWy,STUDENT
6d364a6b-c948-4d1c-8fbe-51515d4adfbc,ishita67@skit.ac.in,$2b$10$N9qo8uLOickgx2ZMRZoMyeIjZAgcfl7p92ldGxad68LJZdL17lhWy,STUDENT
65302d79-9271-44e2-b824-a9ea03ee1603,pranav68@skit.ac.in,$2b$10$N9qo8uLOickgx2ZMRZoMyeIjZAgcfl7p92ldGxad68LJZdL17lhWy,STUDENT
825c5559-3601-4e2b-a690-826ab686e06f,ayush69@skit.ac.in,$2b$10$N9qo8uLOickgx2ZMRZoMyeIjZAgcfl7p92ldGxad68LJZdL17lhWy,STUDENT
88797ba5-ba09-4eb5-b342-d7b96c530155,karan70@skit.ac.in,$2b$10$N9qo8uLOickgx2ZMRZoMyeIjZAgcfl7p92ldGxad68LJZdL17lhWy,STUDENT
d3b18068-eb7d-45bb-aaea-5cdd0a8b454a,harsh71@skit.ac.in,$2b$10$N9qo8uLOickgx2ZMRZoMyeIjZAgcfl7p92ldGxad68LJZdL17lhWy,STUDENT
814928c0-3465-453e-986b-b340e21a407d,dev72@skit.ac.in,$2b$10$N9qo8uLOickgx2ZMRZoMyeIjZAgcfl7p92ldGxad68LJZdL17lhWy,STUDENT
613398fc-c36a-43f3-bfaa-cb51ed56f01f,nisha73@skit.ac.in,$2b$10$N9qo8uLOickgx2ZMRZoMyeIjZAgcfl7p92ldGxad68LJZdL17lhWy,STUDENT
c8ece312-e927-4ec1-a3cf-ac88daf2f996,zoya74@skit.ac.in,$2b$10$N9qo8uLOickgx2ZMRZoMyeIjZAgcfl7p92ldGxad68LJZdL17lhWy,STUDENT
2101af8b-5a3f-4c75-baa8-b9c469cf291d,yashvi75@skit.ac.in,$2b$10$N9qo8uLOickgx2ZMRZoMyeIjZAgcfl7p92ldGxad68LJZdL17lhWy,STUDENT
c08aeb2d-4b2f-45da-ae6e-3d23d44ddea5,bhavya76@skit.ac.in,$2b$10$N9qo8uLOickgx2ZMRZoMyeIjZAgcfl7p92ldGxad68LJZdL17lhWy,STUDENT
f61acf40-feec-4a2b-8676-709d293df1e3,rahul77@skit.ac.in,$2b$10$N9qo8uLOickgx2ZMRZoMyeIjZAgcfl7p92ldGxad68LJZdL17lhWy,STUDENT
6a6a1b82-77d2-486d-a234-13d9c2c95a2e,shreya78@skit.ac.in,$2b$10$N9qo8uLOickgx2ZMRZoMyeIjZAgcfl7p92ldGxad68LJZdL17lhWy,STUDENT
f816f831-9121-4bb6-b3a9-6151880d2afc,kashish79@skit.ac.in,$2b$10$N9qo8uLOickgx2ZMRZoMyeIjZAgcfl7p92ldGxad68LJZdL17lhWy,STUDENT
f0654f0e-cdaa-486a-9928-155d4ea661d6,khushi80@skit.ac.in,$2b$10$N9qo8uLOickgx2ZMRZoMyeIjZAgcfl7p92ldGxad68LJZdL17lhWy,STUDENT
44a3a7f2-aa44-499e-b57b-f0fef0505286,mohit81@skit.ac.in,$2b$10$N9qo8uLOickgx2ZMRZoMyeIjZAgcfl7p92ldGxad68LJZdL17lhWy,STUDENT
453cdb55-a863-4b41-b545-292a108d0175,ayush82@skit.ac.in,$2b$10$N9qo8uLOickgx2ZMRZoMyeIjZAgcfl7p92ldGxad68LJZdL17lhWy,STUDENT
c3ffc9ca-0659-4519-b0dc-5d6193c6fcf1,mohit83@skit.ac.in,$2b$10$N9qo8uLOickgx2ZMRZoMyeIjZAgcfl7p92ldGxad68LJZdL17lhWy,STUDENT
739ff3a9-4ce1-4adc-947a-b88c001744d8,anjali84@skit.ac.in,$2b$10$N9qo8uLOickgx2ZMRZoMyeIjZAgcfl7p92ldGxad68LJZdL17lhWy,STUDENT
a27fe72a-c66b-431b-89d8-1c730830da6c,rohan85@skit.ac.in,$2b$10$N9qo8uLOickgx2ZMRZoMyeIjZAgcfl7p92ldGxad68LJZdL17lhWy,STUDENT
0e12ea17-721b-4f0f-aaaf-26a5aeb14da5,ayush86@skit.ac.in,$2b$10$N9qo8uLOickgx2ZMRZoMyeIjZAgcfl7p92ldGxad68LJZdL17lhWy,STUDENT
5b30de24-9c66-4cf3-a180-5a29d5211e1a,parth87@skit.ac.in,$2b$10$N9qo8uLOickgx2ZMRZoMyeIjZAgcfl7p92ldGxad68LJZdL17lhWy,STUDENT
e74ffffe-135c-4939-b7e0-e8a2303d01f0,vaibhav88@skit.ac.in,$2b$10$N9qo8uLOickgx2ZMRZoMyeIjZAgcfl7p92ldGxad68LJZdL17lhWy,STUDENT
bbaef43a-a757-459d-b1aa-853f857e8f9e,siddharth89@skit.ac.in,$2b$10$N9qo8uLOickgx2ZMRZoMyeIjZAgcfl7p92ldGxad68LJZdL17lhWy,STUDENT
42242749-23ad-44bf-8f59-c96ca6785b25,kashish90@skit.ac.in,$2b$10$N9qo8uLOickgx2ZMRZoMyeIjZAgcfl7p92ldGxad68LJZdL17lhWy,STUDENT
dd4721c0-8faf-48f4-a296-4cf60b18b55d,kashish91@skit.ac.in,$2b$10$N9qo8uLOickgx2ZMRZoMyeIjZAgcfl7p92ldGxad68LJZdL17lhWy,STUDENT
5666714b-d05d-4f18-8dc5-3a20e44a59cd,ansh92@skit.ac.in,$2b$10$N9qo8uLOickgx2ZMRZoMyeIjZAgcfl7p92ldGxad68LJZdL17lhWy,STUDENT
4916e820-57d9-4714-bd0b-1ff2a9910c27,sameer93@skit.ac.in,$2b$10$N9qo8uLOickgx2ZMRZoMyeIjZAgcfl7p92ldGxad68LJZdL17lhWy,STUDENT
ccb052b8-6124-49d8-ac83-c7bf4c4b7dad,rahul94@skit.ac.in,$2b$10$N9qo8uLOickgx2ZMRZoMyeIjZAgcfl7p92ldGxad68LJZdL17lhWy,STUDENT
36e70435-f493-4c96-824b-fe1e60deb57e,nisha95@skit.ac.in,$2b$10$N9qo8uLOickgx2ZMRZoMyeIjZAgcfl7p92ldGxad68LJZdL17lhWy,STUDENT
89385b98-0d8a-4405-8400-c28505bb85f5,pooja96@skit.ac.in,$2b$10$N9qo8uLOickgx2ZMRZoMyeIjZAgcfl7p92ldGxad68LJZdL17lhWy,STUDENT
b737e468-69f1-434b-9c51-a1ba09345f5c,pranav97@skit.ac.in,$2b$10$N9qo8uLOickgx2ZMRZoMyeIjZAgcfl7p92ldGxad68LJZdL17lhWy,STUDENT
526a368c-a654-4668-afd3-dcab89a15ccc,sameer98@skit.ac.in,$2b$10$N9qo8uLOickgx2ZMRZoMyeIjZAgcfl7p92ldGxad68LJZdL17lhWy,STUDENT
dc778bbf-b14c-465f-a2c1-69f195a3c982,ayush99@skit.ac.in,$2b$10$N9qo8uLOickgx2ZMRZoMyeIjZAgcfl7p92ldGxad68LJZdL17lhWy,STUDENT
85235a08-0d4c-4ab1-a64f-62a95e8672be,shivam100@skit.ac.in,$2b$10$N9qo8uLOickgx2ZMRZoMyeIjZAgcfl7p92ldGxad68LJZdL17lhWy,STUDENT
2e0be8a9-da84-42a2-8473-f997b38b094f,student101@skit.ac.in,$2b$10$N9qo8uLOickgx2ZMRZoMyeIjZAgcfl7p92ldGxad68LJZdL17lhWy,STUDENT
d4bae3a0-3d13-40c4-a446-224c00233494,student102@skit.ac.in,$2b$10$N9qo8uLOickgx2ZMRZoMyeIjZAgcfl7p92ldGxad68LJZdL17lhWy,STUDENT
4194a20a-cea8-47c0-b762-9f6b158cfc02,student103@skit.ac.in,$2b$10$N9qo8uLOickgx2ZMRZoMyeIjZAgcfl7p92ldGxad68LJZdL17lhWy,STUDENT
cf1cc438-d011-4657-a524-b21138130c33,student104@skit.ac.in,$2b$10$N9qo8uLOickgx2ZMRZoMyeIjZAgcfl7p92ldGxad68LJZdL17lhWy,STUDENT
0e0cf12a-8ecc-4b3b-92c4-0a9740fff683,student105@skit.ac.in,$2b$10$N9qo8uLOickgx2ZMRZoMyeIjZAgcfl7p92ldGxad68LJZdL17lhWy,STUDENT
4d0faceb-8ca6-420e-943f-9292e7469cd7,student106@skit.ac.in,$2b$10$N9qo8uLOickgx2ZMRZoMyeIjZAgcfl7p92ldGxad68LJZdL17lhWy,STUDENT
7709d9c0-c48f-40b3-9c7b-d49bbfca6ca9,student107@skit.ac.in,$2b$10$N9qo8uLOickgx2ZMRZoMyeIjZAgcfl7p92ldGxad68LJZdL17lhWy,STUDENT
c7a0dc80-9b27-49d5-bcc4-5fd30e631384,student108@skit.ac.in,$2b$10$N9qo8uLOickgx2ZMRZoMyeIjZAgcfl7p92ldGxad68LJZdL17lhWy,STUDENT
f3a52a54-8e99-429e-a9fb-93cb33c18edf,student109@skit.ac.in,$2b$10$N9qo8uLOickgx2ZMRZoMyeIjZAgcfl7p92ldGxad68LJZdL17lhWy,STUDENT
ff89583f-64bb-43c2-ad0e-c4828575122c,student110@skit.ac.in,$2b$10$N9qo8uLOickgx2ZMRZoMyeIjZAgcfl7p92ldGxad68LJZdL17lhWy,STUDENT
af893779-9134-4921-9453-ade18f50b7af,student111@skit.ac.in,$2b$10$N9qo8uLOickgx2ZMRZoMyeIjZAgcfl7p92ldGxad68LJZdL17lhWy,STUDENT
a47204fb-8fbf-4568-9c11-9b39802b1231,student112@skit.ac.in,$2b$10$N9qo8uLOickgx2ZMRZoMyeIjZAgcfl7p92ldGxad68LJZdL17lhWy,STUDENT
a6de136f-437f-49c6-95e3-8a67ae691df5,student113@skit.ac.in,$2b$10$N9qo8uLOickgx2ZMRZoMyeIjZAgcfl7p92ldGxad68LJZdL17lhWy,STUDENT
d9786a61-fb9c-463c-a590-80d7254b3973,student114@skit.ac.in,$2b$10$N9qo8uLOickgx2ZMRZoMyeIjZAgcfl7p92ldGxad68LJZdL17lhWy,STUDENT
817dac9a-a892-437a-b68e-a049d387dda5,student115@skit.ac.in,$2b$10$N9qo8uLOickgx2ZMRZoMyeIjZAgcfl7p92ldGxad68LJZdL17lhWy,STUDENT
98070855-8758-4ae3-9fd3-4b8ba128c982,student116@skit.ac.in,$2b$10$N9qo8uLOickgx2ZMRZoMyeIjZAgcfl7p92ldGxad68LJZdL17lhWy,STUDENT
ea8ede06-c93d-424c-aa45-1b706cd5a89a,student117@skit.ac.in,$2b$10$N9qo8uLOickgx2ZMRZoMyeIjZAgcfl7p92ldGxad68LJZdL17lhWy,STUDENT
cb322f3c-ed5a-4df6-929b-55a72a43d2e1,student118@skit.ac.in,$2b$10$N9qo8uLOickgx2ZMRZoMyeIjZAgcfl7p92ldGxad68LJZdL17lhWy,STUDENT
f926c027-ae30-455b-a241-58011579c428,student119@skit.ac.in,$2b$10$N9qo8uLOickgx2ZMRZoMyeIjZAgcfl7p92ldGxad68LJZdL17lhWy,STUDENT
ae63b5be-7841-498e-81bd-8eda8c16eceb,student120@skit.ac.in,$2b$10$N9qo8uLOickgx2ZMRZoMyeIjZAgcfl7p92ldGxad68LJZdL17lhWy,STUDENT
36512bf1-efd1-4f60-98f5-c82932d9345b,student121@skit.ac.in,$2b$10$N9qo8uLOickgx2ZMRZoMyeIjZAgcfl7p92ldGxad68LJZdL17lhWy,STUDENT
73ceb0c6-e28c-43bc-9a4b-a15ad8e069d1,student122@skit.ac.in,$2b$10$N9qo8uLOickgx2ZMRZoMyeIjZAgcfl7p92ldGxad68LJZdL17lhWy,STUDENT
25ad6de9-343f-48fd-9c11-6816c1fb3393,student123@skit.ac.in,$2b$10$N9qo8uLOickgx2ZMRZoMyeIjZAgcfl7p92ldGxad68LJZdL17lhWy,STUDENT
bd33436a-437a-4359-ac99-e29885b873be,student124@skit.ac.in,$2b$10$N9qo8uLOickgx2ZMRZoMyeIjZAgcfl7p92ldGxad68LJZdL17lhWy,STUDENT
66fdd326-39df-49df-856c-3615531d9618,student125@skit.ac.in,$2b$10$N9qo8uLOickgx2ZMRZoMyeIjZAgcfl7p92ldGxad68LJZdL17lhWy,STUDENT
e6feeceb-8dec-492f-8764-b410784579fb,student126@skit.ac.in,$2b$10$N9qo8uLOickgx2ZMRZoMyeIjZAgcfl7p92ldGxad68LJZdL17lhWy,STUDENT
0b789eb1-ecd4-4a47-b67f-0bf15a67265a,student127@skit.ac.in,$2b$10$N9qo8uLOickgx2ZMRZoMyeIjZAgcfl7p92ldGxad68LJZdL17lhWy,STUDENT
ca974ddb-53b7-4906-a384-f597786b142b,student128@skit.ac.in,$2b$10$N9qo8uLOickgx2ZMRZoMyeIjZAgcfl7p92ldGxad68LJZdL17lhWy,STUDENT
8539bcd2-283f-4e2b-b7ae-2653385864d2,student129@skit.ac.in,$2b$10$N9qo8uLOickgx2ZMRZoMyeIjZAgcfl7p92ldGxad68LJZdL17lhWy,STUDENT
bb4bc9a2-720e-4f4b-b7bd-95a9f22b5427,student130@skit.ac.in,$2b$10$N9qo8uLOickgx2ZMRZoMyeIjZAgcfl7p92ldGxad68LJZdL17lhWy,STUDENT
d40d6e30-41af-4510-b119-193d79c78ba4,student131@skit.ac.in,$2b$10$N9qo8uLOickgx2ZMRZoMyeIjZAgcfl7p92ldGxad68LJZdL17lhWy,STUDENT
1edd1ebc-889e-4922-84a0-17d0f67ef50c,student132@skit.ac.in,$2b$10$N9qo8uLOickgx2ZMRZoMyeIjZAgcfl7p92ldGxad68LJZdL17lhWy,STUDENT
42519721-65b2-410d-a1ae-f95af3270b10,student133@skit.ac.in,$2b$10$N9qo8uLOickgx2ZMRZoMyeIjZAgcfl7p92ldGxad68LJZdL17lhWy,STUDENT
faf1042a-9d2e-4e8e-960d-a34d22920440,student134@skit.ac.in,$2b$10$N9qo8uLOickgx2ZMRZoMyeIjZAgcfl7p92ldGxad68LJZdL17lhWy,STUDENT
7ad7fb69-d8e8-4c9f-8313-ec79d81116d9,student135@skit.ac.in,$2b$10$N9qo8uLOickgx2ZMRZoMyeIjZAgcfl7p92ldGxad68LJZdL17lhWy,STUDENT
d13902e8-ae92-400c-9a73-14b80bfd27ca,student136@skit.ac.in,$2b$10$N9qo8uLOickgx2ZMRZoMyeIjZAgcfl7p92ldGxad68LJZdL17lhWy,STUDENT
6c75048a-bfe5-4924-927d-064a52c56387,student137@skit.ac.in,$2b$10$N9qo8uLOickgx2ZMRZoMyeIjZAgcfl7p92ldGxad68LJZdL17lhWy,STUDENT
5d071121-eb33-4914-8883-f7e093b204f9,student138@skit.ac.in,$2b$10$N9qo8uLOickgx2ZMRZoMyeIjZAgcfl7p92ldGxad68LJZdL17lhWy,STUDENT
441e1d54-9973-43c9-81fd-0217dcba17b9,student139@skit.ac.in,$2b$10$N9qo8uLOickgx2ZMRZoMyeIjZAgcfl7p92ldGxad68LJZdL17lhWy,STUDENT
b2e8af2f-2d41-45f8-9641-779f1ca12a5e,student140@skit.ac.in,$2b$10$N9qo8uLOickgx2ZMRZoMyeIjZAgcfl7p92ldGxad68LJZdL17lhWy,STUDENT
a9c1b730-a923-43d0-b6fe-e727bf43b714,student141@skit.ac.in,$2b$10$N9qo8uLOickgx2ZMRZoMyeIjZAgcfl7p92ldGxad68LJZdL17lhWy,STUDENT
166e4b94-9869-4440-ada9-39b345fc2817,student142@skit.ac.in,$2b$10$N9qo8uLOickgx2ZMRZoMyeIjZAgcfl7p92ldGxad68LJZdL17lhWy,STUDENT
8c84e5c9-2783-4341-9778-e4f9d71ae2ea,student143@skit.ac.in,$2b$10$N9qo8uLOickgx2ZMRZoMyeIjZAgcfl7p92ldGxad68LJZdL17lhWy,STUDENT
b3880a00-a454-493c-89ee-e5325e020f15,student144@skit.ac.in,$2b$10$N9qo8uLOickgx2ZMRZoMyeIjZAgcfl7p92ldGxad68LJZdL17lhWy,STUDENT
4bc4fa2c-3ea4-4e87-abb2-c3dd65c36865,student145@skit.ac.in,$2b$10$N9qo8uLOickgx2ZMRZoMyeIjZAgcfl7p92ldGxad68LJZdL17lhWy,STUDENT
9e0fd257-f89b-46ee-a7ec-52483c171f97,student146@skit.ac.in,$2b$10$N9qo8uLOickgx2ZMRZoMyeIjZAgcfl7p92ldGxad68LJZdL17lhWy,STUDENT
3f9bff8d-881e-4334-901c-a8bddc229e63,student147@skit.ac.in,$2b$10$N9qo8uLOickgx2ZMRZoMyeIjZAgcfl7p92ldGxad68LJZdL17lhWy,STUDENT
ddb3bbc5-a676-42f7-bbc2-f5814426e659,student148@skit.ac.in,$2b$10$N9qo8uLOickgx2ZMRZoMyeIjZAgcfl7p92ldGxad68LJZdL17lhWy,STUDENT
41e607e0-84c7-4b79-8fef-5f759c3c632e,student149@skit.ac.in,$2b$10$N9qo8uLOickgx2ZMRZoMyeIjZAgcfl7p92ldGxad68LJZdL17lhWy,STUDENT
5ffb8ccf-373f-450d-a0b3-6679f8501084,student150@skit.ac.in,$2b$10$N9qo8uLOickgx2ZMRZoMyeIjZAgcfl7p92ldGxad68LJZdL17lhWy,STUDENT
bebf5464-b21e-4ba1-b8b0-328bcb5f17d6,student151@skit.ac.in,$2b$10$N9qo8uLOickgx2ZMRZoMyeIjZAgcfl7p92ldGxad68LJZdL17lhWy,STUDENT
56f0fc28-4635-4cbe-9afe-5738f0807e94,student152@skit.ac.in,$2b$10$N9qo8uLOickgx2ZMRZoMyeIjZAgcfl7p92ldGxad68LJZdL17lhWy,STUDENT
60a3a307-3e0e-408f-8a58-40f8c6ed77ce,student153@skit.ac.in,$2b$10$N9qo8uLOickgx2ZMRZoMyeIjZAgcfl7p92ldGxad68LJZdL17lhWy,STUDENT
28aae682-2174-4124-a0b8-c3550e19436f,student154@skit.ac.in,$2b$10$N9qo8uLOickgx2ZMRZoMyeIjZAgcfl7p92ldGxad68LJZdL17lhWy,STUDENT
8d9f52ee-f387-45d4-b685-69d364d855a4,student155@skit.ac.in,$2b$10$N9qo8uLOickgx2ZMRZoMyeIjZAgcfl7p92ldGxad68LJZdL17lhWy,STUDENT
04cd3645-cf1a-4166-b36b-f98b39c8d355,student156@skit.ac.in,$2b$10$N9qo8uLOickgx2ZMRZoMyeIjZAgcfl7p92ldGxad68LJZdL17lhWy,STUDENT
15c92bd1-7d9d-4834-a9cd-c24e5a5503e9,student157@skit.ac.in,$2b$10$N9qo8uLOickgx2ZMRZoMyeIjZAgcfl7p92ldGxad68LJZdL17lhWy,STUDENT
6525dae4-f8b3-4c33-a989-1a6d9d56686a,student158@skit.ac.in,$2b$10$N9qo8uLOickgx2ZMRZoMyeIjZAgcfl7p92ldGxad68LJZdL17lhWy,STUDENT
9649bec3-bbf9-4252-881e-c8dd7cef94ae,student159@skit.ac.in,$2b$10$N9qo8uLOickgx2ZMRZoMyeIjZAgcfl7p92ldGxad68LJZdL17lhWy,STUDENT
c033b9b3-9dc7-49ca-a8e5-e127d9d8cc70,student160@skit.ac.in,$2b$10$N9qo8uLOickgx2ZMRZoMyeIjZAgcfl7p92ldGxad68LJZdL17lhWy,STUDENT
cff8c444-91d5-4c5f-bbfb-3e6064b75786,student161@skit.ac.in,$2b$10$N9qo8uLOickgx2ZMRZoMyeIjZAgcfl7p92ldGxad68LJZdL17lhWy,STUDENT
e38c8f64-f56c-4762-bab5-f1d71e60b641,student162@skit.ac.in,$2b$10$N9qo8uLOickgx2ZMRZoMyeIjZAgcfl7p92ldGxad68LJZdL17lhWy,STUDENT
30d3fe88-87db-4a04-92d0-a5a494d97f67,student163@skit.ac.in,$2b$10$N9qo8uLOickgx2ZMRZoMyeIjZAgcfl7p92ldGxad68LJZdL17lhWy,STUDENT
49584b80-e495-4125-96d7-aa896d4fa76d,student164@skit.ac.in,$2b$10$N9qo8uLOickgx2ZMRZoMyeIjZAgcfl7p92ldGxad68LJZdL17lhWy,STUDENT
09a24546-4a8f-407e-ad6e-79424e63faf6,student165@skit.ac.in,$2b$10$N9qo8uLOickgx2ZMRZoMyeIjZAgcfl7p92ldGxad68LJZdL17lhWy,STUDENT
77c3f902-cbc0-4cc9-8dbc-e8756dd997fc,student166@skit.ac.in,$2b$10$N9qo8uLOickgx2ZMRZoMyeIjZAgcfl7p92ldGxad68LJZdL17lhWy,STUDENT
5ad267a8-45a5-439c-a173-0272e3f226a8,student167@skit.ac.in,$2b$10$N9qo8uLOickgx2ZMRZoMyeIjZAgcfl7p92ldGxad68LJZdL17lhWy,STUDENT
8912b38b-c6dd-40e5-b54a-b02ce5b56167,student168@skit.ac.in,$2b$10$N9qo8uLOickgx2ZMRZoMyeIjZAgcfl7p92ldGxad68LJZdL17lhWy,STUDENT
c7dc8ff3-a11a-4f05-a177-872bc99e9562,student169@skit.ac.in,$2b$10$N9qo8uLOickgx2ZMRZoMyeIjZAgcfl7p92ldGxad68LJZdL17lhWy,STUDENT
d7afc0cd-6afb-4b5e-8d0d-acdfa1806e3f,student170@skit.ac.in,$2b$10$N9qo8uLOickgx2ZMRZoMyeIjZAgcfl7p92ldGxad68LJZdL17lhWy,STUDENT
9cf05697-6fbb-44f6-a5a9-eac0bfaca122,student171@skit.ac.in,$2b$10$N9qo8uLOickgx2ZMRZoMyeIjZAgcfl7p92ldGxad68LJZdL17lhWy,STUDENT
e171d109-d9a3-4c2f-84f5-0af392136566,student172@skit.ac.in,$2b$10$N9qo8uLOickgx2ZMRZoMyeIjZAgcfl7p92ldGxad68LJZdL17lhWy,STUDENT
8a94a56e-0d89-43e0-89d3-f73f53a35156,student173@skit.ac.in,$2b$10$N9qo8uLOickgx2ZMRZoMyeIjZAgcfl7p92ldGxad68LJZdL17lhWy,STUDENT
d4de48e5-cdfb-42e7-b786-4e8a1f94b8e1,student174@skit.ac.in,$2b$10$N9qo8uLOickgx2ZMRZoMyeIjZAgcfl7p92ldGxad68LJZdL17lhWy,STUDENT
62400f7a-0688-4e4f-8f92-c5471db90005,student175@skit.ac.in,$2b$10$N9qo8uLOickgx2ZMRZoMyeIjZAgcfl7p92ldGxad68LJZdL17lhWy,STUDENT
74871d47-2b14-4c6e-ad0e-31f5174ba3de,student176@skit.ac.in,$2b$10$N9qo8uLOickgx2ZMRZoMyeIjZAgcfl7p92ldGxad68LJZdL17lhWy,STUDENT
c71386ed-83e2-499b-8661-37f3d4fe6daf,student177@skit.ac.in,$2b$10$N9qo8uLOickgx2ZMRZoMyeIjZAgcfl7p92ldGxad68LJZdL17lhWy,STUDENT
1baf161f-5d3d-431e-9bd0-216e76430374,student178@skit.ac.in,$2b$10$N9qo8uLOickgx2ZMRZoMyeIjZAgcfl7p92ldGxad68LJZdL17lhWy,STUDENT
16ad004c-ccfd-41c5-be5a-a1677b66084a,student179@skit.ac.in,$2b$10$N9qo8uLOickgx2ZMRZoMyeIjZAgcfl7p92ldGxad68LJZdL17lhWy,STUDENT
06159fdb-82ac-4726-a1fc-604781399e38,student180@skit.ac.in,$2b$10$N9qo8uLOickgx2ZMRZoMyeIjZAgcfl7p92ldGxad68LJZdL17lhWy,STUDENT
f7052fc3-daee-4785-909b-d2d95c90473b,student181@skit.ac.in,$2b$10$N9qo8uLOickgx2ZMRZoMyeIjZAgcfl7p92ldGxad68LJZdL17lhWy,STUDENT
01bdd222-fe94-4bd1-86c3-20fc161fbf04,student182@skit.ac.in,$2b$10$N9qo8uLOickgx2ZMRZoMyeIjZAgcfl7p92ldGxad68LJZdL17lhWy,STUDENT
08a6762a-1990-40a9-a139-ac3e23309248,student183@skit.ac.in,$2b$10$N9qo8uLOickgx2ZMRZoMyeIjZAgcfl7p92ldGxad68LJZdL17lhWy,STUDENT
4bee63ea-cd97-465f-99f5-c82b340e601b,student184@skit.ac.in,$2b$10$N9qo8uLOickgx2ZMRZoMyeIjZAgcfl7p92ldGxad68LJZdL17lhWy,STUDENT
08ad0239-dac2-4e7d-a2fd-a4e4956c9f58,student185@skit.ac.in,$2b$10$N9qo8uLOickgx2ZMRZoMyeIjZAgcfl7p92ldGxad68LJZdL17lhWy,STUDENT
8f8a076c-4c87-479f-8558-8259ffa2e160,student186@skit.ac.in,$2b$10$N9qo8uLOickgx2ZMRZoMyeIjZAgcfl7p92ldGxad68LJZdL17lhWy,STUDENT
16812963-a35a-4549-add5-63b647e5e49e,student187@skit.ac.in,$2b$10$N9qo8uLOickgx2ZMRZoMyeIjZAgcfl7p92ldGxad68LJZdL17lhWy,STUDENT
cb4603ec-0b20-4dc5-b26f-8f4a7f593581,student188@skit.ac.in,$2b$10$N9qo8uLOickgx2ZMRZoMyeIjZAgcfl7p92ldGxad68LJZdL17lhWy,STUDENT
5fe462e6-883e-4358-b6f7-877f428c3700,student189@skit.ac.in,$2b$10$N9qo8uLOickgx2ZMRZoMyeIjZAgcfl7p92ldGxad68LJZdL17lhWy,STUDENT
0e515847-fa3b-41d8-82d8-061d5a37eaf8,student190@skit.ac.in,$2b$10$N9qo8uLOickgx2ZMRZoMyeIjZAgcfl7p92ldGxad68LJZdL17lhWy,STUDENT
e5d04c34-ea2c-425a-85be-e295b2c19a66,student191@skit.ac.in,$2b$10$N9qo8uLOickgx2ZMRZoMyeIjZAgcfl7p92ldGxad68LJZdL17lhWy,STUDENT
d2f2118b-68e8-4992-9038-f6516cff60bb,student192@skit.ac.in,$2b$10$N9qo8uLOickgx2ZMRZoMyeIjZAgcfl7p92ldGxad68LJZdL17lhWy,STUDENT
acb3e3f2-f756-4101-8adf-86fee08cffb3,student193@skit.ac.in,$2b$10$N9qo8uLOickgx2ZMRZoMyeIjZAgcfl7p92ldGxad68LJZdL17lhWy,STUDENT
caec49f6-eb2b-456b-91d8-b031a824c849,student194@skit.ac.in,$2b$10$N9qo8uLOickgx2ZMRZoMyeIjZAgcfl7p92ldGxad68LJZdL17lhWy,STUDENT
54f8bcb6-c0e3-4119-a15d-2f066f53831b,student195@skit.ac.in,$2b$10$N9qo8uLOickgx2ZMRZoMyeIjZAgcfl7p92ldGxad68LJZdL17lhWy,STUDENT
8deae388-0ef0-406b-bb29-204abee695c7,student196@skit.ac.in,$2b$10$N9qo8uLOickgx2ZMRZoMyeIjZAgcfl7p92ldGxad68LJZdL17lhWy,STUDENT
440d158f-3d0e-407b-b691-c4b056e22c96,student197@skit.ac.in,$2b$10$N9qo8uLOickgx2ZMRZoMyeIjZAgcfl7p92ldGxad68LJZdL17lhWy,STUDENT
084286f4-72b0-46f9-9b65-9aa2330b59d3,student198@skit.ac.in,$2b$10$N9qo8uLOickgx2ZMRZoMyeIjZAgcfl7p92ldGxad68LJZdL17lhWy,STUDENT
ab916f89-8ba2-4cef-ab1c-35cc56407cd7,student199@skit.ac.in,$2b$10$N9qo8uLOickgx2ZMRZoMyeIjZAgcfl7p92ldGxad68LJZdL17lhWy,STUDENT
cdf7e0b2-a62a-4179-bae1-bce5474411ca,student200@skit.ac.in,$2b$10$N9qo8uLOickgx2ZMRZoMyeIjZAgcfl7p92ldGxad68LJZdL17lhWy,STUDENT
c6983816-bdc4-45dc-9a86-930a6df683d6,student201@skit.ac.in,$2b$10$N9qo8uLOickgx2ZMRZoMyeIjZAgcfl7p92ldGxad68LJZdL17lhWy,STUDENT
a45facb6-055a-4c3d-a9cc-3c978d298827,student202@skit.ac.in,$2b$10$N9qo8uLOickgx2ZMRZoMyeIjZAgcfl7p92ldGxad68LJZdL17lhWy,STUDENT
9a8421ba-d8e8-408d-9dfd-758a45b753cd,student203@skit.ac.in,$2b$10$N9qo8uLOickgx2ZMRZoMyeIjZAgcfl7p92ldGxad68LJZdL17lhWy,STUDENT
f0cbc061-6b61-478c-9fbf-49246c95adc1,student204@skit.ac.in,$2b$10$N9qo8uLOickgx2ZMRZoMyeIjZAgcfl7p92ldGxad68LJZdL17lhWy,STUDENT
704f2f6e-bfaa-45a2-8f35-9369a12a3dce,student205@skit.ac.in,$2b$10$N9qo8uLOickgx2ZMRZoMyeIjZAgcfl7p92ldGxad68LJZdL17lhWy,STUDENT
8575fc8d-2d8a-4cdc-8b6b-e98d5452969b,student206@skit.ac.in,$2b$10$N9qo8uLOickgx2ZMRZoMyeIjZAgcfl7p92ldGxad68LJZdL17lhWy,STUDENT
a91a095a-a23b-45ce-bfe3-2c74813e4b0f,student207@skit.ac.in,$2b$10$N9qo8uLOickgx2ZMRZoMyeIjZAgcfl7p92ldGxad68LJZdL17lhWy,STUDENT
ac3ea5fb-b895-4a16-87b5-481f9c9c44ce,student208@skit.ac.in,$2b$10$N9qo8uLOickgx2ZMRZoMyeIjZAgcfl7p92ldGxad68LJZdL17lhWy,STUDENT
f2bd6588-4e97-4e84-9bf1-7ed3f1d4d170,student209@skit.ac.in,$2b$10$N9qo8uLOickgx2ZMRZoMyeIjZAgcfl7p92ldGxad68LJZdL17lhWy,STUDENT
e0fa9bfc-29d7-4cb1-b02f-2bd1f2380f48,student210@skit.ac.in,$2b$10$N9qo8uLOickgx2ZMRZoMyeIjZAgcfl7p92ldGxad68LJZdL17lhWy,STUDENT
7d6d9770-4e47-4d83-89c4-b5d63a45c761,student211@skit.ac.in,$2b$10$N9qo8uLOickgx2ZMRZoMyeIjZAgcfl7p92ldGxad68LJZdL17lhWy,STUDENT
cfe67b73-2e54-4628-b98c-b6c4e9f84104,student212@skit.ac.in,$2b$10$N9qo8uLOickgx2ZMRZoMyeIjZAgcfl7p92ldGxad68LJZdL17lhWy,STUDENT
6f0a6e09-e0d1-446e-968f-4da24e220255,student213@skit.ac.in,$2b$10$N9qo8uLOickgx2ZMRZoMyeIjZAgcfl7p92ldGxad68LJZdL17lhWy,STUDENT
fd1495a6-7623-42dc-8936-9e6bfb620103,student214@skit.ac.in,$2b$10$N9qo8uLOickgx2ZMRZoMyeIjZAgcfl7p92ldGxad68LJZdL17lhWy,STUDENT
5208bb43-0fb4-4039-ae59-dd9cabf333ea,student215@skit.ac.in,$2b$10$N9qo8uLOickgx2ZMRZoMyeIjZAgcfl7p92ldGxad68LJZdL17lhWy,STUDENT
4db4445f-de10-440e-b7c7-e88097cdb474,student216@skit.ac.in,$2b$10$N9qo8uLOickgx2ZMRZoMyeIjZAgcfl7p92ldGxad68LJZdL17lhWy,STUDENT
04bb4ebf-f29e-4325-9c2c-df06ff7d41ef,student217@skit.ac.in,$2b$10$N9qo8uLOickgx2ZMRZoMyeIjZAgcfl7p92ldGxad68LJZdL17lhWy,STUDENT
2dda8c86-0bb3-4539-909d-99edee0f0996,student218@skit.ac.in,$2b$10$N9qo8uLOickgx2ZMRZoMyeIjZAgcfl7p92ldGxad68LJZdL17lhWy,STUDENT
404ad239-2e3b-4707-8a59-d87baa7a4576,student219@skit.ac.in,$2b$10$N9qo8uLOickgx2ZMRZoMyeIjZAgcfl7p92ldGxad68LJZdL17lhWy,STUDENT
227a1d7a-85f8-4653-8ade-63986d258f87,student220@skit.ac.in,$2b$10$N9qo8uLOickgx2ZMRZoMyeIjZAgcfl7p92ldGxad68LJZdL17lhWy,STUDENT
7301a6ff-97a4-4221-bad0-242c760ade26,student221@skit.ac.in,$2b$10$N9qo8uLOickgx2ZMRZoMyeIjZAgcfl7p92ldGxad68LJZdL17lhWy,STUDENT
ca8e82e5-d518-45f5-b8f1-571ad835f95d,student222@skit.ac.in,$2b$10$N9qo8uLOickgx2ZMRZoMyeIjZAgcfl7p92ldGxad68LJZdL17lhWy,STUDENT
8917370a-d524-483d-b9c7-f49642e85939,student223@skit.ac.in,$2b$10$N9qo8uLOickgx2ZMRZoMyeIjZAgcfl7p92ldGxad68LJZdL17lhWy,STUDENT
99f6845f-1085-42c1-b8b1-3e57fc8dc76d,student224@skit.ac.in,$2b$10$N9qo8uLOickgx2ZMRZoMyeIjZAgcfl7p92ldGxad68LJZdL17lhWy,STUDENT
f27445ae-5cc3-432f-9a0c-83d3e6188b8f,student225@skit.ac.in,$2b$10$N9qo8uLOickgx2ZMRZoMyeIjZAgcfl7p92ldGxad68LJZdL17lhWy,STUDENT
62394c21-f837-4d8d-8eb0-ec31c85b9c2d,student226@skit.ac.in,$2b$10$N9qo8uLOickgx2ZMRZoMyeIjZAgcfl7p92ldGxad68LJZdL17lhWy,STUDENT
9b296f89-c3d9-4e0e-9d30-3eb693cfb6bd,student227@skit.ac.in,$2b$10$N9qo8uLOickgx2ZMRZoMyeIjZAgcfl7p92ldGxad68LJZdL17lhWy,STUDENT
6ac00c1f-7af5-4b21-89b3-a16de98c6b1d,student228@skit.ac.in,$2b$10$N9qo8uLOickgx2ZMRZoMyeIjZAgcfl7p92ldGxad68LJZdL17lhWy,STUDENT
5fc2e8c1-0209-40ae-9efe-aee5d8059c67,student229@skit.ac.in,$2b$10$N9qo8uLOickgx2ZMRZoMyeIjZAgcfl7p92ldGxad68LJZdL17lhWy,STUDENT
e7b3b61d-c230-453b-bac0-aaba7d995d9d,student230@skit.ac.in,$2b$10$N9qo8uLOickgx2ZMRZoMyeIjZAgcfl7p92ldGxad68LJZdL17lhWy,STUDENT
32a3f8a2-f854-4ea9-a531-30d3724d14ee,student231@skit.ac.in,$2b$10$N9qo8uLOickgx2ZMRZoMyeIjZAgcfl7p92ldGxad68LJZdL17lhWy,STUDENT
ecadadba-61d2-4d8f-b397-01fdb29b8ed3,student232@skit.ac.in,$2b$10$N9qo8uLOickgx2ZMRZoMyeIjZAgcfl7p92ldGxad68LJZdL17lhWy,STUDENT
84205eac-34e1-4715-a3e1-0db20ee5eeba,student233@skit.ac.in,$2b$10$N9qo8uLOickgx2ZMRZoMyeIjZAgcfl7p92ldGxad68LJZdL17lhWy,STUDENT
d5a9bd66-99ab-456a-b195-21735964b6f6,student234@skit.ac.in,$2b$10$N9qo8uLOickgx2ZMRZoMyeIjZAgcfl7p92ldGxad68LJZdL17lhWy,STUDENT
187710a3-d767-44ae-b5b1-9ddfbd316830,student235@skit.ac.in,$2b$10$N9qo8uLOickgx2ZMRZoMyeIjZAgcfl7p92ldGxad68LJZdL17lhWy,STUDENT
525dc285-9869-4697-a459-bcea99231a7a,student236@skit.ac.in,$2b$10$N9qo8uLOickgx2ZMRZoMyeIjZAgcfl7p92ldGxad68LJZdL17lhWy,STUDENT
abdfde6f-0d0d-4188-ae40-c528543d06c4,student237@skit.ac.in,$2b$10$N9qo8uLOickgx2ZMRZoMyeIjZAgcfl7p92ldGxad68LJZdL17lhWy,STUDENT
8deae36c-03ed-4aa2-9da7-13eb5800a16a,student238@skit.ac.in,$2b$10$N9qo8uLOickgx2ZMRZoMyeIjZAgcfl7p92ldGxad68LJZdL17lhWy,STUDENT
3a3c9025-2ace-437e-85a6-45e5caad3ddb,student239@skit.ac.in,$2b$10$N9qo8uLOickgx2ZMRZoMyeIjZAgcfl7p92ldGxad68LJZdL17lhWy,STUDENT
cf02f9b3-e808-4a73-8e2f-4ae93bc6d0fe,student240@skit.ac.in,$2b$10$N9qo8uLOickgx2ZMRZoMyeIjZAgcfl7p92ldGxad68LJZdL17lhWy,STUDENT
4e2d65ce-e25e-4d0b-983f-b867345247bf,student241@skit.ac.in,$2b$10$N9qo8uLOickgx2ZMRZoMyeIjZAgcfl7p92ldGxad68LJZdL17lhWy,STUDENT
cfcf9f4b-fdb0-4604-ab77-f2b6b13e479c,student242@skit.ac.in,$2b$10$N9qo8uLOickgx2ZMRZoMyeIjZAgcfl7p92ldGxad68LJZdL17lhWy,STUDENT
6825159e-110d-4751-8ed5-1138741694b7,student243@skit.ac.in,$2b$10$N9qo8uLOickgx2ZMRZoMyeIjZAgcfl7p92ldGxad68LJZdL17lhWy,STUDENT
f4ef63f3-8ed6-44f2-aae7-c3526d9ffc9c,student244@skit.ac.in,$2b$10$N9qo8uLOickgx2ZMRZoMyeIjZAgcfl7p92ldGxad68LJZdL17lhWy,STUDENT
687ef9ad-5335-4a6d-8926-d16f95caebc6,student245@skit.ac.in,$2b$10$N9qo8uLOickgx2ZMRZoMyeIjZAgcfl7p92ldGxad68LJZdL17lhWy,STUDENT
1b0e5f6a-e857-4b05-8c99-76a0efdf2094,student246@skit.ac.in,$2b$10$N9qo8uLOickgx2ZMRZoMyeIjZAgcfl7p92ldGxad68LJZdL17lhWy,STUDENT
ca68b771-0bff-4014-8396-2fad48a2eb81,student247@skit.ac.in,$2b$10$N9qo8uLOickgx2ZMRZoMyeIjZAgcfl7p92ldGxad68LJZdL17lhWy,STUDENT
828862ad-06e2-4941-9f7d-1a69b801b1e1,student248@skit.ac.in,$2b$10$N9qo8uLOickgx2ZMRZoMyeIjZAgcfl7p92ldGxad68LJZdL17lhWy,STUDENT
6eb6b32d-1e40-49d2-baac-70c23f2981b0,student249@skit.ac.in,$2b$10$N9qo8uLOickgx2ZMRZoMyeIjZAgcfl7p92ldGxad68LJZdL17lhWy,STUDENT
e8ebcf90-d479-41b2-92cf-e9faf614c9f7,student250@skit.ac.in,$2b$10$N9qo8uLOickgx2ZMRZoMyeIjZAgcfl7p92ldGxad68LJZdL17lhWy,STUDENT
8addc5c8-08fc-4cf9-8b9e-d4b9b7a57ee9,student251@skit.ac.in,$2b$10$N9qo8uLOickgx2ZMRZoMyeIjZAgcfl7p92ldGxad68LJZdL17lhWy,STUDENT
561c7325-d4a6-4250-aa3e-8133b6a25f56,student252@skit.ac.in,$2b$10$N9qo8uLOickgx2ZMRZoMyeIjZAgcfl7p92ldGxad68LJZdL17lhWy,STUDENT
c071727d-9c32-4ebf-a2fa-f9557ccf2d71,student253@skit.ac.in,$2b$10$N9qo8uLOickgx2ZMRZoMyeIjZAgcfl7p92ldGxad68LJZdL17lhWy,STUDENT
4b809781-da8b-4ca9-a38b-8416ca109792,student254@skit.ac.in,$2b$10$N9qo8uLOickgx2ZMRZoMyeIjZAgcfl7p92ldGxad68LJZdL17lhWy,STUDENT
118433a7-cba4-4d46-ac36-7ad556097966,student255@skit.ac.in,$2b$10$N9qo8uLOickgx2ZMRZoMyeIjZAgcfl7p92ldGxad68LJZdL17lhWy,STUDENT
520c491b-06e7-4cd2-855a-3940fa06f3b5,student256@skit.ac.in,$2b$10$N9qo8uLOickgx2ZMRZoMyeIjZAgcfl7p92ldGxad68LJZdL17lhWy,STUDENT
83cd8d96-ba70-4580-8edf-1ae6f0a2aeb3,student257@skit.ac.in,$2b$10$N9qo8uLOickgx2ZMRZoMyeIjZAgcfl7p92ldGxad68LJZdL17lhWy,STUDENT
e8ab4b4a-5dc4-4df4-b8e8-66866f1a0ff0,student258@skit.ac.in,$2b$10$N9qo8uLOickgx2ZMRZoMyeIjZAgcfl7p92ldGxad68LJZdL17lhWy,STUDENT
b435b939-ff44-40c6-bff5-ad3db83b0b9e,student259@skit.ac.in,$2b$10$N9qo8uLOickgx2ZMRZoMyeIjZAgcfl7p92ldGxad68LJZdL17lhWy,STUDENT
f801ea0f-cd04-49ef-ae00-dbbeedd00c2b,student260@skit.ac.in,$2b$10$N9qo8uLOickgx2ZMRZoMyeIjZAgcfl7p92ldGxad68LJZdL17lhWy,STUDENT
390f352d-b4e6-4ca8-a589-740960450778,student261@skit.ac.in,$2b$10$N9qo8uLOickgx2ZMRZoMyeIjZAgcfl7p92ldGxad68LJZdL17lhWy,STUDENT
d0d7f46d-ad83-421c-88be-be2a2be16d73,student262@skit.ac.in,$2b$10$N9qo8uLOickgx2ZMRZoMyeIjZAgcfl7p92ldGxad68LJZdL17lhWy,STUDENT
7cc00e7b-0fcd-4fe5-949e-f46a551eb980,student263@skit.ac.in,$2b$10$N9qo8uLOickgx2ZMRZoMyeIjZAgcfl7p92ldGxad68LJZdL17lhWy,STUDENT
f930d529-e715-44ba-9790-7212e7e85867,student264@skit.ac.in,$2b$10$N9qo8uLOickgx2ZMRZoMyeIjZAgcfl7p92ldGxad68LJZdL17lhWy,STUDENT
6b4a6111-06bf-4c8f-9b67-a76bf48c14f1,student265@skit.ac.in,$2b$10$N9qo8uLOickgx2ZMRZoMyeIjZAgcfl7p92ldGxad68LJZdL17lhWy,STUDENT
ed8b1062-85f3-4228-a197-c990d413c9b3,student266@skit.ac.in,$2b$10$N9qo8uLOickgx2ZMRZoMyeIjZAgcfl7p92ldGxad68LJZdL17lhWy,STUDENT
7ffac218-2613-4bfd-9361-63e95895df8b,student267@skit.ac.in,$2b$10$N9qo8uLOickgx2ZMRZoMyeIjZAgcfl7p92ldGxad68LJZdL17lhWy,STUDENT
2998e99b-67a6-403a-b155-bc96b99f2c67,student268@skit.ac.in,$2b$10$N9qo8uLOickgx2ZMRZoMyeIjZAgcfl7p92ldGxad68LJZdL17lhWy,STUDENT
b7973192-f47f-4215-b8a2-a45fe4becef3,student269@skit.ac.in,$2b$10$N9qo8uLOickgx2ZMRZoMyeIjZAgcfl7p92ldGxad68LJZdL17lhWy,STUDENT
26cb44bf-18c9-47b8-a4ab-0213bd868d2c,student270@skit.ac.in,$2b$10$N9qo8uLOickgx2ZMRZoMyeIjZAgcfl7p92ldGxad68LJZdL17lhWy,STUDENT
3eabb89d-0764-4aad-9dba-9ac8cda9cb5f,student271@skit.ac.in,$2b$10$N9qo8uLOickgx2ZMRZoMyeIjZAgcfl7p92ldGxad68LJZdL17lhWy,STUDENT
4dcb327a-a9b4-4934-9a3f-5c73b7e92e35,student272@skit.ac.in,$2b$10$N9qo8uLOickgx2ZMRZoMyeIjZAgcfl7p92ldGxad68LJZdL17lhWy,STUDENT
e78855f1-b176-49b5-b2ab-7450673f61ed,student273@skit.ac.in,$2b$10$N9qo8uLOickgx2ZMRZoMyeIjZAgcfl7p92ldGxad68LJZdL17lhWy,STUDENT
9500701c-11a8-416c-bcf8-c8a5a6198931,student274@skit.ac.in,$2b$10$N9qo8uLOickgx2ZMRZoMyeIjZAgcfl7p92ldGxad68LJZdL17lhWy,STUDENT
9aeb23bb-4759-48ce-8daf-45cbfa4917be,student275@skit.ac.in,$2b$10$N9qo8uLOickgx2ZMRZoMyeIjZAgcfl7p92ldGxad68LJZdL17lhWy,STUDENT
214aced3-41e4-4b73-a5e2-17fab7d5df04,student276@skit.ac.in,$2b$10$N9qo8uLOickgx2ZMRZoMyeIjZAgcfl7p92ldGxad68LJZdL17lhWy,STUDENT
d4c77721-5696-43f1-8ace-3720fa57dbc1,student277@skit.ac.in,$2b$10$N9qo8uLOickgx2ZMRZoMyeIjZAgcfl7p92ldGxad68LJZdL17lhWy,STUDENT
5a626816-ec30-4aa1-b1af-d8644fe3871b,student278@skit.ac.in,$2b$10$N9qo8uLOickgx2ZMRZoMyeIjZAgcfl7p92ldGxad68LJZdL17lhWy,STUDENT
81844dc4-73a7-4960-8777-66b9c2fa90db,student279@skit.ac.in,$2b$10$N9qo8uLOickgx2ZMRZoMyeIjZAgcfl7p92ldGxad68LJZdL17lhWy,STUDENT
7ba85b6a-bb17-4376-927b-fd9f01428330,student280@skit.ac.in,$2b$10$N9qo8uLOickgx2ZMRZoMyeIjZAgcfl7p92ldGxad68LJZdL17lhWy,STUDENT
08872db4-7fb0-4f7d-a294-789c97df9d4b,student281@skit.ac.in,$2b$10$N9qo8uLOickgx2ZMRZoMyeIjZAgcfl7p92ldGxad68LJZdL17lhWy,STUDENT
00f65ae2-cd1e-4566-8ad6-71b873778701,student282@skit.ac.in,$2b$10$N9qo8uLOickgx2ZMRZoMyeIjZAgcfl7p92ldGxad68LJZdL17lhWy,STUDENT
0810c050-f300-4be0-a927-df851bc9bd6b,student283@skit.ac.in,$2b$10$N9qo8uLOickgx2ZMRZoMyeIjZAgcfl7p92ldGxad68LJZdL17lhWy,STUDENT
089e2f9b-9b58-41f9-99c0-997cf1e19f4a,student284@skit.ac.in,$2b$10$N9qo8uLOickgx2ZMRZoMyeIjZAgcfl7p92ldGxad68LJZdL17lhWy,STUDENT
ff4cd192-48e5-4ddb-a2fd-c8630681abc1,student285@skit.ac.in,$2b$10$N9qo8uLOickgx2ZMRZoMyeIjZAgcfl7p92ldGxad68LJZdL17lhWy,STUDENT
1383cd0e-745e-454d-bb8f-49c94ca52c8c,student286@skit.ac.in,$2b$10$N9qo8uLOickgx2ZMRZoMyeIjZAgcfl7p92ldGxad68LJZdL17lhWy,STUDENT
9e8abf39-4710-4fb5-8fc2-d83834ce3b68,student287@skit.ac.in,$2b$10$N9qo8uLOickgx2ZMRZoMyeIjZAgcfl7p92ldGxad68LJZdL17lhWy,STUDENT
a9f46622-3f4a-4d2a-92a2-186fedf92b0f,student288@skit.ac.in,$2b$10$N9qo8uLOickgx2ZMRZoMyeIjZAgcfl7p92ldGxad68LJZdL17lhWy,STUDENT
d4f274ae-9820-4e72-9552-c077296a9a0c,student289@skit.ac.in,$2b$10$N9qo8uLOickgx2ZMRZoMyeIjZAgcfl7p92ldGxad68LJZdL17lhWy,STUDENT
7785e8b7-06c8-40f0-bb41-e4c5eef598d3,student290@skit.ac.in,$2b$10$N9qo8uLOickgx2ZMRZoMyeIjZAgcfl7p92ldGxad68LJZdL17lhWy,STUDENT
4e01a2f6-0eb3-49e6-87f1-ac659cb7151c,student291@skit.ac.in,$2b$10$N9qo8uLOickgx2ZMRZoMyeIjZAgcfl7p92ldGxad68LJZdL17lhWy,STUDENT
9f50161f-b3e4-4ac0-9179-935205bcd0e1,student292@skit.ac.in,$2b$10$N9qo8uLOickgx2ZMRZoMyeIjZAgcfl7p92ldGxad68LJZdL17lhWy,STUDENT
241f7c7a-f465-4d6f-ab19-ceab2d92b2bd,student293@skit.ac.in,$2b$10$N9qo8uLOickgx2ZMRZoMyeIjZAgcfl7p92ldGxad68LJZdL17lhWy,STUDENT
ee0427ff-2ad0-4dd6-93ea-b3781d46e95d,student294@skit.ac.in,$2b$10$N9qo8uLOickgx2ZMRZoMyeIjZAgcfl7p92ldGxad68LJZdL17lhWy,STUDENT
dd9e90a4-d8c0-40ad-b7d9-80cce4387929,student295@skit.ac.in,$2b$10$N9qo8uLOickgx2ZMRZoMyeIjZAgcfl7p92ldGxad68LJZdL17lhWy,STUDENT
9084e5ad-c75a-4b89-b803-5b41b00edc56,student296@skit.ac.in,$2b$10$N9qo8uLOickgx2ZMRZoMyeIjZAgcfl7p92ldGxad68LJZdL17lhWy,STUDENT
0689f63b-c5cb-48e4-9f9d-f88d013c1308,student297@skit.ac.in,$2b$10$N9qo8uLOickgx2ZMRZoMyeIjZAgcfl7p92ldGxad68LJZdL17lhWy,STUDENT
1c625f5d-d8a8-49b4-9513-adb8d63c1b3b,student298@skit.ac.in,$2b$10$N9qo8uLOickgx2ZMRZoMyeIjZAgcfl7p92ldGxad68LJZdL17lhWy,STUDENT
a7f158de-26eb-4c44-aa84-baef5bebbc5a,student299@skit.ac.in,$2b$10$N9qo8uLOickgx2ZMRZoMyeIjZAgcfl7p92ldGxad68LJZdL17lhWy,STUDENT
174859b8-3a2e-4f5c-a7b4-9ba032d7522e,student300@skit.ac.in,$2b$10$N9qo8uLOickgx2ZMRZoMyeIjZAgcfl7p92ldGxad68LJZdL17lhWy,STUDENT
5e8634f2-a709-4f54-ba85-f89850ee62e9,student301@skit.ac.in,$2b$10$N9qo8uLOickgx2ZMRZoMyeIjZAgcfl7p92ldGxad68LJZdL17lhWy,STUDENT
c1a1863b-f435-4982-8e12-6eca40e461a3,student302@skit.ac.in,$2b$10$N9qo8uLOickgx2ZMRZoMyeIjZAgcfl7p92ldGxad68LJZdL17lhWy,STUDENT
edef68de-700d-45b2-bb1a-a504b7efff96,student303@skit.ac.in,$2b$10$N9qo8uLOickgx2ZMRZoMyeIjZAgcfl7p92ldGxad68LJZdL17lhWy,STUDENT
b0dde554-078d-49f7-bd84-821eec5f3bd2,student304@skit.ac.in,$2b$10$N9qo8uLOickgx2ZMRZoMyeIjZAgcfl7p92ldGxad68LJZdL17lhWy,STUDENT
922a5062-0a88-4d7e-84f2-de2c8857734a,student305@skit.ac.in,$2b$10$N9qo8uLOickgx2ZMRZoMyeIjZAgcfl7p92ldGxad68LJZdL17lhWy,STUDENT
865ed2eb-890b-438f-a86d-d83b9f04a0cb,student306@skit.ac.in,$2b$10$N9qo8uLOickgx2ZMRZoMyeIjZAgcfl7p92ldGxad68LJZdL17lhWy,STUDENT
81423664-2d4a-4586-a7ab-0031be36bbdc,student307@skit.ac.in,$2b$10$N9qo8uLOickgx2ZMRZoMyeIjZAgcfl7p92ldGxad68LJZdL17lhWy,STUDENT
72b27b1c-33c9-48c2-9f3e-ffe725f72d6a,student308@skit.ac.in,$2b$10$N9qo8uLOickgx2ZMRZoMyeIjZAgcfl7p92ldGxad68LJZdL17lhWy,STUDENT
fbd42c29-7a2b-49c7-b688-c8c1034690ad,student309@skit.ac.in,$2b$10$N9qo8uLOickgx2ZMRZoMyeIjZAgcfl7p92ldGxad68LJZdL17lhWy,STUDENT
5337af30-cbd4-476a-af49-fa708930120b,student310@skit.ac.in,$2b$10$N9qo8uLOickgx2ZMRZoMyeIjZAgcfl7p92ldGxad68LJZdL17lhWy,STUDENT
0df61297-8270-4664-b4b4-dc017f2dc3dc,student311@skit.ac.in,$2b$10$N9qo8uLOickgx2ZMRZoMyeIjZAgcfl7p92ldGxad68LJZdL17lhWy,STUDENT
5e5951c5-92e3-4d2b-bc5a-cd150db296bd,student312@skit.ac.in,$2b$10$N9qo8uLOickgx2ZMRZoMyeIjZAgcfl7p92ldGxad68LJZdL17lhWy,STUDENT
a989e01d-a333-4a05-a9b7-5c3d45b601de,student313@skit.ac.in,$2b$10$N9qo8uLOickgx2ZMRZoMyeIjZAgcfl7p92ldGxad68LJZdL17lhWy,STUDENT
3557f485-af92-4ceb-bd6b-8c252c3e9652,student314@skit.ac.in,$2b$10$N9qo8uLOickgx2ZMRZoMyeIjZAgcfl7p92ldGxad68LJZdL17lhWy,STUDENT
ad80ef54-4bca-4977-bdbd-886f47c73caf,student315@skit.ac.in,$2b$10$N9qo8uLOickgx2ZMRZoMyeIjZAgcfl7p92ldGxad68LJZdL17lhWy,STUDENT
d445bd00-6b56-469f-a972-d5a3fc2b2a8b,student316@skit.ac.in,$2b$10$N9qo8uLOickgx2ZMRZoMyeIjZAgcfl7p92ldGxad68LJZdL17lhWy,STUDENT
d4d2a234-3500-4d2b-83bc-7c3fa65ea2a0,student317@skit.ac.in,$2b$10$N9qo8uLOickgx2ZMRZoMyeIjZAgcfl7p92ldGxad68LJZdL17lhWy,STUDENT
cb90f0f4-230e-4730-8a1a-148be76eaa14,student318@skit.ac.in,$2b$10$N9qo8uLOickgx2ZMRZoMyeIjZAgcfl7p92ldGxad68LJZdL17lhWy,STUDENT
3cc4283a-c600-42b5-beaa-547687dc4522,student319@skit.ac.in,$2b$10$N9qo8uLOickgx2ZMRZoMyeIjZAgcfl7p92ldGxad68LJZdL17lhWy,STUDENT
920e89d7-d1bc-4a39-b3e9-f2e87a47dcc5,student320@skit.ac.in,$2b$10$N9qo8uLOickgx2ZMRZoMyeIjZAgcfl7p92ldGxad68LJZdL17lhWy,STUDENT
0aa1d322-6ab9-40e3-9c62-c922ee815c13,student321@skit.ac.in,$2b$10$N9qo8uLOickgx2ZMRZoMyeIjZAgcfl7p92ldGxad68LJZdL17lhWy,STUDENT
d677ff0a-b5cf-412e-a325-8bf518764e60,student322@skit.ac.in,$2b$10$N9qo8uLOickgx2ZMRZoMyeIjZAgcfl7p92ldGxad68LJZdL17lhWy,STUDENT
eeea035f-eaeb-4ccb-b26f-03ba3e86edaa,student323@skit.ac.in,$2b$10$N9qo8uLOickgx2ZMRZoMyeIjZAgcfl7p92ldGxad68LJZdL17lhWy,STUDENT
82bcd720-22f8-4e2a-9b1a-8888d7d4588d,student324@skit.ac.in,$2b$10$N9qo8uLOickgx2ZMRZoMyeIjZAgcfl7p92ldGxad68LJZdL17lhWy,STUDENT
1f2bf673-fdfb-45f5-9df3-7d816df54054,student325@skit.ac.in,$2b$10$N9qo8uLOickgx2ZMRZoMyeIjZAgcfl7p92ldGxad68LJZdL17lhWy,STUDENT
13248d99-5256-4692-ae50-c2a29419205f,student326@skit.ac.in,$2b$10$N9qo8uLOickgx2ZMRZoMyeIjZAgcfl7p92ldGxad68LJZdL17lhWy,STUDENT
b802c58f-7b13-42f6-a9db-f7c50229cbe8,student327@skit.ac.in,$2b$10$N9qo8uLOickgx2ZMRZoMyeIjZAgcfl7p92ldGxad68LJZdL17lhWy,STUDENT
915cf50e-395e-46ea-a273-a3697dfd4bb1,student328@skit.ac.in,$2b$10$N9qo8uLOickgx2ZMRZoMyeIjZAgcfl7p92ldGxad68LJZdL17lhWy,STUDENT
ddd8b382-ac3e-4f5b-a2ab-b19091550f4e,student329@skit.ac.in,$2b$10$N9qo8uLOickgx2ZMRZoMyeIjZAgcfl7p92ldGxad68LJZdL17lhWy,STUDENT
817a6d52-fbd1-44ec-a803-486b0ce80af7,student330@skit.ac.in,$2b$10$N9qo8uLOickgx2ZMRZoMyeIjZAgcfl7p92ldGxad68LJZdL17lhWy,STUDENT
97689463-4290-4406-854b-c72ee68a5073,student331@skit.ac.in,$2b$10$N9qo8uLOickgx2ZMRZoMyeIjZAgcfl7p92ldGxad68LJZdL17lhWy,STUDENT
1f059b15-a73b-4e8c-934b-c9b69a75ff9d,student332@skit.ac.in,$2b$10$N9qo8uLOickgx2ZMRZoMyeIjZAgcfl7p92ldGxad68LJZdL17lhWy,STUDENT
e7026284-0d2a-4193-a9e2-c459f3965c22,student333@skit.ac.in,$2b$10$N9qo8uLOickgx2ZMRZoMyeIjZAgcfl7p92ldGxad68LJZdL17lhWy,STUDENT
aac259fb-5999-4009-9b8e-f2ce32e39a20,student334@skit.ac.in,$2b$10$N9qo8uLOickgx2ZMRZoMyeIjZAgcfl7p92ldGxad68LJZdL17lhWy,STUDENT
12d463d8-2868-42e7-ad8c-022925bdaade,student335@skit.ac.in,$2b$10$N9qo8uLOickgx2ZMRZoMyeIjZAgcfl7p92ldGxad68LJZdL17lhWy,STUDENT
c6987426-2dbf-499f-b471-f7d911918f9b,student336@skit.ac.in,$2b$10$N9qo8uLOickgx2ZMRZoMyeIjZAgcfl7p92ldGxad68LJZdL17lhWy,STUDENT
fcc8a0af-efa3-44dd-9e52-2e26eb0d51d3,student337@skit.ac.in,$2b$10$N9qo8uLOickgx2ZMRZoMyeIjZAgcfl7p92ldGxad68LJZdL17lhWy,STUDENT
1a9df89a-d44b-428d-acc2-86778eaca5e2,student338@skit.ac.in,$2b$10$N9qo8uLOickgx2ZMRZoMyeIjZAgcfl7p92ldGxad68LJZdL17lhWy,STUDENT
a658d8a3-36db-4329-aab5-ec6ec0b89514,student339@skit.ac.in,$2b$10$N9qo8uLOickgx2ZMRZoMyeIjZAgcfl7p92ldGxad68LJZdL17lhWy,STUDENT
b41a88a1-5fd3-4b24-adc9-152476cf9848,student340@skit.ac.in,$2b$10$N9qo8uLOickgx2ZMRZoMyeIjZAgcfl7p92ldGxad68LJZdL17lhWy,STUDENT
7f735d1a-7552-4319-91b6-a9ddb0576025,student341@skit.ac.in,$2b$10$N9qo8uLOickgx2ZMRZoMyeIjZAgcfl7p92ldGxad68LJZdL17lhWy,STUDENT
3ff853b6-f3ca-4476-8a7c-6c2e5eddeae0,student342@skit.ac.in,$2b$10$N9qo8uLOickgx2ZMRZoMyeIjZAgcfl7p92ldGxad68LJZdL17lhWy,STUDENT
c7d202a2-892d-4359-9ac1-608829514053,student343@skit.ac.in,$2b$10$N9qo8uLOickgx2ZMRZoMyeIjZAgcfl7p92ldGxad68LJZdL17lhWy,STUDENT
f0627168-7deb-4a11-ae6a-32da3d221eb5,student344@skit.ac.in,$2b$10$N9qo8uLOickgx2ZMRZoMyeIjZAgcfl7p92ldGxad68LJZdL17lhWy,STUDENT
6029cb60-e219-4050-b258-79b61f5d28c1,student345@skit.ac.in,$2b$10$N9qo8uLOickgx2ZMRZoMyeIjZAgcfl7p92ldGxad68LJZdL17lhWy,STUDENT
4d8deda5-1084-40b4-8b3b-68163c313458,student346@skit.ac.in,$2b$10$N9qo8uLOickgx2ZMRZoMyeIjZAgcfl7p92ldGxad68LJZdL17lhWy,STUDENT
9223754a-537d-47b0-919a-8634d6bc119a,student347@skit.ac.in,$2b$10$N9qo8uLOickgx2ZMRZoMyeIjZAgcfl7p92ldGxad68LJZdL17lhWy,STUDENT
09bc1ec6-f42b-4111-ab30-fd36998e15b6,student348@skit.ac.in,$2b$10$N9qo8uLOickgx2ZMRZoMyeIjZAgcfl7p92ldGxad68LJZdL17lhWy,STUDENT
49eadafb-822d-43c9-914e-254b6824b443,student349@skit.ac.in,$2b$10$N9qo8uLOickgx2ZMRZoMyeIjZAgcfl7p92ldGxad68LJZdL17lhWy,STUDENT
9a6ab46e-aa3c-4cba-aa3f-88f62a6969a5,student350@skit.ac.in,$2b$10$N9qo8uLOickgx2ZMRZoMyeIjZAgcfl7p92ldGxad68LJZdL17lhWy,STUDENT
0ff5fcd5-c816-46f2-9ce5-a3fa90304861,student351@skit.ac.in,$2b$10$N9qo8uLOickgx2ZMRZoMyeIjZAgcfl7p92ldGxad68LJZdL17lhWy,STUDENT
9d6d8e9c-21a5-4e2e-823e-658c0d531cba,student352@skit.ac.in,$2b$10$N9qo8uLOickgx2ZMRZoMyeIjZAgcfl7p92ldGxad68LJZdL17lhWy,STUDENT
51804733-4e74-4f22-8084-8988fd6566f2,student353@skit.ac.in,$2b$10$N9qo8uLOickgx2ZMRZoMyeIjZAgcfl7p92ldGxad68LJZdL17lhWy,STUDENT
f387ab8b-56d8-44a2-866d-f76ed3e5a028,student354@skit.ac.in,$2b$10$N9qo8uLOickgx2ZMRZoMyeIjZAgcfl7p92ldGxad68LJZdL17lhWy,STUDENT
38f303d5-ea7e-4e6d-9d24-cfd37c2a5ee8,student355@skit.ac.in,$2b$10$N9qo8uLOickgx2ZMRZoMyeIjZAgcfl7p92ldGxad68LJZdL17lhWy,STUDENT
555be240-16c7-4eac-8e68-690816329272,student356@skit.ac.in,$2b$10$N9qo8uLOickgx2ZMRZoMyeIjZAgcfl7p92ldGxad68LJZdL17lhWy,STUDENT
8d7a826a-00bc-44fd-b06f-6fc2a86df2a1,student357@skit.ac.in,$2b$10$N9qo8uLOickgx2ZMRZoMyeIjZAgcfl7p92ldGxad68LJZdL17lhWy,STUDENT
1e5d67c9-4be9-4436-a691-cbef706853e4,student358@skit.ac.in,$2b$10$N9qo8uLOickgx2ZMRZoMyeIjZAgcfl7p92ldGxad68LJZdL17lhWy,STUDENT
d6381f78-1665-446c-bb9e-a1dbe09bbb35,student359@skit.ac.in,$2b$10$N9qo8uLOickgx2ZMRZoMyeIjZAgcfl7p92ldGxad68LJZdL17lhWy,STUDENT
f6baee3d-c2ac-4f55-bb4d-bb52ec4def0a,student360@skit.ac.in,$2b$10$N9qo8uLOickgx2ZMRZoMyeIjZAgcfl7p92ldGxad68LJZdL17lhWy,STUDENT
109be36c-c86b-4c63-bb32-2fc223da52db,student361@skit.ac.in,$2b$10$N9qo8uLOickgx2ZMRZoMyeIjZAgcfl7p92ldGxad68LJZdL17lhWy,STUDENT
29eb9dd2-ed4a-47cf-b4d7-01cf271607b3,student362@skit.ac.in,$2b$10$N9qo8uLOickgx2ZMRZoMyeIjZAgcfl7p92ldGxad68LJZdL17lhWy,STUDENT
2a84ca88-f3ed-4c2b-ba81-c7a31f9432ce,student363@skit.ac.in,$2b$10$N9qo8uLOickgx2ZMRZoMyeIjZAgcfl7p92ldGxad68LJZdL17lhWy,STUDENT
05776afb-8ea4-4f82-90fc-c56b467843b0,student364@skit.ac.in,$2b$10$N9qo8uLOickgx2ZMRZoMyeIjZAgcfl7p92ldGxad68LJZdL17lhWy,STUDENT
3706c510-e8d8-4ccf-9e88-1a56f6a652fd,student365@skit.ac.in,$2b$10$N9qo8uLOickgx2ZMRZoMyeIjZAgcfl7p92ldGxad68LJZdL17lhWy,STUDENT
1a52a431-796e-4aa7-8e70-4b3f5cd44627,student366@skit.ac.in,$2b$10$N9qo8uLOickgx2ZMRZoMyeIjZAgcfl7p92ldGxad68LJZdL17lhWy,STUDENT
c06d1ca7-07d8-4c92-8982-1005029fd88a,student367@skit.ac.in,$2b$10$N9qo8uLOickgx2ZMRZoMyeIjZAgcfl7p92ldGxad68LJZdL17lhWy,STUDENT
c9d8acfb-c5a4-4751-96c2-47d6c81c0308,student368@skit.ac.in,$2b$10$N9qo8uLOickgx2ZMRZoMyeIjZAgcfl7p92ldGxad68LJZdL17lhWy,STUDENT
228f43c3-4b03-4d75-becc-e6bd5e20a70b,student369@skit.ac.in,$2b$10$N9qo8uLOickgx2ZMRZoMyeIjZAgcfl7p92ldGxad68LJZdL17lhWy,STUDENT
eb14c82d-2122-4160-82d2-dec56d5b1145,student370@skit.ac.in,$2b$10$N9qo8uLOickgx2ZMRZoMyeIjZAgcfl7p92ldGxad68LJZdL17lhWy,STUDENT
82cb21f6-af79-4a7f-89db-47e817e29622,student371@skit.ac.in,$2b$10$N9qo8uLOickgx2ZMRZoMyeIjZAgcfl7p92ldGxad68LJZdL17lhWy,STUDENT
8805042f-c2ac-4e68-b76a-42668178a5e5,student372@skit.ac.in,$2b$10$N9qo8uLOickgx2ZMRZoMyeIjZAgcfl7p92ldGxad68LJZdL17lhWy,STUDENT
ef800f40-7e89-4368-a8c3-4e52f0c83163,student373@skit.ac.in,$2b$10$N9qo8uLOickgx2ZMRZoMyeIjZAgcfl7p92ldGxad68LJZdL17lhWy,STUDENT
1bb4ce69-6c57-4f04-a981-5b6d8005b713,student374@skit.ac.in,$2b$10$N9qo8uLOickgx2ZMRZoMyeIjZAgcfl7p92ldGxad68LJZdL17lhWy,STUDENT
13bd9136-1966-4084-b59c-2402e3306c70,student375@skit.ac.in,$2b$10$N9qo8uLOickgx2ZMRZoMyeIjZAgcfl7p92ldGxad68LJZdL17lhWy,STUDENT
5c9a579d-02a0-4556-9602-1aca40593d73,student376@skit.ac.in,$2b$10$N9qo8uLOickgx2ZMRZoMyeIjZAgcfl7p92ldGxad68LJZdL17lhWy,STUDENT
ec81fdde-0f80-4672-b1d4-8c4e8e51f4d5,student377@skit.ac.in,$2b$10$N9qo8uLOickgx2ZMRZoMyeIjZAgcfl7p92ldGxad68LJZdL17lhWy,STUDENT
2031e8f6-7df5-479c-bad8-0d01de22c0c4,student378@skit.ac.in,$2b$10$N9qo8uLOickgx2ZMRZoMyeIjZAgcfl7p92ldGxad68LJZdL17lhWy,STUDENT
a868f96b-5664-4c98-aa2a-14981ec44438,student379@skit.ac.in,$2b$10$N9qo8uLOickgx2ZMRZoMyeIjZAgcfl7p92ldGxad68LJZdL17lhWy,STUDENT
254ee9ec-a947-4f8b-a275-be5cea11de25,student380@skit.ac.in,$2b$10$N9qo8uLOickgx2ZMRZoMyeIjZAgcfl7p92ldGxad68LJZdL17lhWy,STUDENT
a5523c77-aae7-4577-b534-fbe71ee53d9e,student381@skit.ac.in,$2b$10$N9qo8uLOickgx2ZMRZoMyeIjZAgcfl7p92ldGxad68LJZdL17lhWy,STUDENT
cb842029-9161-47b1-b22f-d168dc03b9d8,student382@skit.ac.in,$2b$10$N9qo8uLOickgx2ZMRZoMyeIjZAgcfl7p92ldGxad68LJZdL17lhWy,STUDENT
3e819f38-6991-4653-9464-900d58b0e3e9,student383@skit.ac.in,$2b$10$N9qo8uLOickgx2ZMRZoMyeIjZAgcfl7p92ldGxad68LJZdL17lhWy,STUDENT
f491db64-7b1f-44c3-84df-a3c1708f871f,student384@skit.ac.in,$2b$10$N9qo8uLOickgx2ZMRZoMyeIjZAgcfl7p92ldGxad68LJZdL17lhWy,STUDENT
aa15eeca-9e26-4b12-a4d4-f477a4f9b4b8,student385@skit.ac.in,$2b$10$N9qo8uLOickgx2ZMRZoMyeIjZAgcfl7p92ldGxad68LJZdL17lhWy,STUDENT
4c6f5f3b-4817-459c-a703-7f3e7393946c,student386@skit.ac.in,$2b$10$N9qo8uLOickgx2ZMRZoMyeIjZAgcfl7p92ldGxad68LJZdL17lhWy,STUDENT
96bf2537-2c8f-4f8e-8d74-2b380f1b0c84,student387@skit.ac.in,$2b$10$N9qo8uLOickgx2ZMRZoMyeIjZAgcfl7p92ldGxad68LJZdL17lhWy,STUDENT
73f9fd0a-3953-4bd1-b22e-60889544141b,student388@skit.ac.in,$2b$10$N9qo8uLOickgx2ZMRZoMyeIjZAgcfl7p92ldGxad68LJZdL17lhWy,STUDENT
f6034ec8-eaa5-425b-81bb-41e31b3ac6ec,student389@skit.ac.in,$2b$10$N9qo8uLOickgx2ZMRZoMyeIjZAgcfl7p92ldGxad68LJZdL17lhWy,STUDENT
5865200f-154d-4007-8923-849bfd712814,student390@skit.ac.in,$2b$10$N9qo8uLOickgx2ZMRZoMyeIjZAgcfl7p92ldGxad68LJZdL17lhWy,STUDENT
7ede00d3-4ef3-47ee-b9be-4a2fe32dae0d,student391@skit.ac.in,$2b$10$N9qo8uLOickgx2ZMRZoMyeIjZAgcfl7p92ldGxad68LJZdL17lhWy,STUDENT
d9067375-cf8f-45e9-bf1f-0e060927df36,student392@skit.ac.in,$2b$10$N9qo8uLOickgx2ZMRZoMyeIjZAgcfl7p92ldGxad68LJZdL17lhWy,STUDENT
d4c0d371-dae3-4a7f-b221-4fa56f7603b0,student393@skit.ac.in,$2b$10$N9qo8uLOickgx2ZMRZoMyeIjZAgcfl7p92ldGxad68LJZdL17lhWy,STUDENT
fc9bf206-8e80-4b6d-b44d-04e4b3297ddf,student394@skit.ac.in,$2b$10$N9qo8uLOickgx2ZMRZoMyeIjZAgcfl7p92ldGxad68LJZdL17lhWy,STUDENT
60f78e14-99e5-420b-a424-d17c8c87bf37,student395@skit.ac.in,$2b$10$N9qo8uLOickgx2ZMRZoMyeIjZAgcfl7p92ldGxad68LJZdL17lhWy,STUDENT
f6c2ab49-05da-498b-b510-0b0a68fc398a,student396@skit.ac.in,$2b$10$N9qo8uLOickgx2ZMRZoMyeIjZAgcfl7p92ldGxad68LJZdL17lhWy,STUDENT
92e9895f-70ca-4fe3-9002-4f73864b6958,student397@skit.ac.in,$2b$10$N9qo8uLOickgx2ZMRZoMyeIjZAgcfl7p92ldGxad68LJZdL17lhWy,STUDENT
1dbc27ea-087b-4fb1-9e44-799dba65fa51,student398@skit.ac.in,$2b$10$N9qo8uLOickgx2ZMRZoMyeIjZAgcfl7p92ldGxad68LJZdL17lhWy,STUDENT
b92e609b-9313-4015-9f53-14d9409c206d,student399@skit.ac.in,$2b$10$N9qo8uLOickgx2ZMRZoMyeIjZAgcfl7p92ldGxad68LJZdL17lhWy,STUDENT
191efd15-ba18-4889-81c1-2023f0dc7049,student400@skit.ac.in,$2b$10$N9qo8uLOickgx2ZMRZoMyeIjZAgcfl7p92ldGxad68LJZdL17lhWy,STUDENT
94bc2653-6bb0-4ddd-975a-57c9293c3772,student401@skit.ac.in,$2b$10$N9qo8uLOickgx2ZMRZoMyeIjZAgcfl7p92ldGxad68LJZdL17lhWy,STUDENT
6a41de36-1a03-4f25-bc8a-bece8d3690ad,student402@skit.ac.in,$2b$10$N9qo8uLOickgx2ZMRZoMyeIjZAgcfl7p92ldGxad68LJZdL17lhWy,STUDENT
4c5e3094-ef81-4db5-808f-22f5411db5df,student403@skit.ac.in,$2b$10$N9qo8uLOickgx2ZMRZoMyeIjZAgcfl7p92ldGxad68LJZdL17lhWy,STUDENT
bef0b6bd-eea1-4647-bcdd-4740949c290c,student404@skit.ac.in,$2b$10$N9qo8uLOickgx2ZMRZoMyeIjZAgcfl7p92ldGxad68LJZdL17lhWy,STUDENT
83defe7e-90e1-4b24-8e5a-a9beebd6a451,student405@skit.ac.in,$2b$10$N9qo8uLOickgx2ZMRZoMyeIjZAgcfl7p92ldGxad68LJZdL17lhWy,STUDENT
1ef1f692-9339-47ba-9037-2b3b3d039b79,student406@skit.ac.in,$2b$10$N9qo8uLOickgx2ZMRZoMyeIjZAgcfl7p92ldGxad68LJZdL17lhWy,STUDENT
fd754da9-65c9-44cd-aaad-8b860c87b896,student407@skit.ac.in,$2b$10$N9qo8uLOickgx2ZMRZoMyeIjZAgcfl7p92ldGxad68LJZdL17lhWy,STUDENT
395bdb9d-6ba3-4531-9c56-b5b3e3305d1a,student408@skit.ac.in,$2b$10$N9qo8uLOickgx2ZMRZoMyeIjZAgcfl7p92ldGxad68LJZdL17lhWy,STUDENT
832cb1e4-bfe8-41c1-a459-be68e684d911,student409@skit.ac.in,$2b$10$N9qo8uLOickgx2ZMRZoMyeIjZAgcfl7p92ldGxad68LJZdL17lhWy,STUDENT
ae5cdf03-ed6a-402d-b631-c1dd4a898c30,student410@skit.ac.in,$2b$10$N9qo8uLOickgx2ZMRZoMyeIjZAgcfl7p92ldGxad68LJZdL17lhWy,STUDENT
992fc046-0b15-464f-a9cb-4adb6fcb02e5,student411@skit.ac.in,$2b$10$N9qo8uLOickgx2ZMRZoMyeIjZAgcfl7p92ldGxad68LJZdL17lhWy,STUDENT
2bcf94c0-f41d-4457-b871-e32223dadf1d,student412@skit.ac.in,$2b$10$N9qo8uLOickgx2ZMRZoMyeIjZAgcfl7p92ldGxad68LJZdL17lhWy,STUDENT
c5d01016-fce6-4ac0-873c-c4afddcccf65,student413@skit.ac.in,$2b$10$N9qo8uLOickgx2ZMRZoMyeIjZAgcfl7p92ldGxad68LJZdL17lhWy,STUDENT
1d3c54cf-acda-4503-afdb-27f14e62bb3c,student414@skit.ac.in,$2b$10$N9qo8uLOickgx2ZMRZoMyeIjZAgcfl7p92ldGxad68LJZdL17lhWy,STUDENT
ede8d019-bd64-4c91-b137-1f81c3ff6d30,student415@skit.ac.in,$2b$10$N9qo8uLOickgx2ZMRZoMyeIjZAgcfl7p92ldGxad68LJZdL17lhWy,STUDENT
6a00deb8-3aab-4ee8-b2a8-60fc90e48a38,student416@skit.ac.in,$2b$10$N9qo8uLOickgx2ZMRZoMyeIjZAgcfl7p92ldGxad68LJZdL17lhWy,STUDENT
014e37ad-69d8-449e-9f57-08dcae1ea3e2,student417@skit.ac.in,$2b$10$N9qo8uLOickgx2ZMRZoMyeIjZAgcfl7p92ldGxad68LJZdL17lhWy,STUDENT
124c46b0-131c-4f5a-b074-cb1995626b4f,student418@skit.ac.in,$2b$10$N9qo8uLOickgx2ZMRZoMyeIjZAgcfl7p92ldGxad68LJZdL17lhWy,STUDENT
930a5df7-e29f-4add-9c53-aae12fe001f1,student419@skit.ac.in,$2b$10$N9qo8uLOickgx2ZMRZoMyeIjZAgcfl7p92ldGxad68LJZdL17lhWy,STUDENT
503b9c5f-b5eb-493e-818f-731c4f51a2b9,student420@skit.ac.in,$2b$10$N9qo8uLOickgx2ZMRZoMyeIjZAgcfl7p92ldGxad68LJZdL17lhWy,STUDENT
8f7898f3-80fa-4ac2-8f81-022851fcf1f5,student421@skit.ac.in,$2b$10$N9qo8uLOickgx2ZMRZoMyeIjZAgcfl7p92ldGxad68LJZdL17lhWy,STUDENT
d01f561e-d6dd-4d73-adf1-9b6be88dfc79,student422@skit.ac.in,$2b$10$N9qo8uLOickgx2ZMRZoMyeIjZAgcfl7p92ldGxad68LJZdL17lhWy,STUDENT
ff6b6109-07e6-44e7-a8fb-e1c47b90f15e,student423@skit.ac.in,$2b$10$N9qo8uLOickgx2ZMRZoMyeIjZAgcfl7p92ldGxad68LJZdL17lhWy,STUDENT
7f484442-8a0c-4b5a-aed5-f45037cc857f,student424@skit.ac.in,$2b$10$N9qo8uLOickgx2ZMRZoMyeIjZAgcfl7p92ldGxad68LJZdL17lhWy,STUDENT
a2f44c6c-460e-4e46-accc-9a91f3f69432,student425@skit.ac.in,$2b$10$N9qo8uLOickgx2ZMRZoMyeIjZAgcfl7p92ldGxad68LJZdL17lhWy,STUDENT
afb2d49d-f0e3-476d-b5b3-7bf244515f9c,student426@skit.ac.in,$2b$10$N9qo8uLOickgx2ZMRZoMyeIjZAgcfl7p92ldGxad68LJZdL17lhWy,STUDENT
0f771aba-9165-4705-a840-d4158956d3a2,student427@skit.ac.in,$2b$10$N9qo8uLOickgx2ZMRZoMyeIjZAgcfl7p92ldGxad68LJZdL17lhWy,STUDENT
7823d8e0-1206-43ba-a286-dad1c63104ad,student428@skit.ac.in,$2b$10$N9qo8uLOickgx2ZMRZoMyeIjZAgcfl7p92ldGxad68LJZdL17lhWy,STUDENT
ce055b50-248d-4b1c-b47a-3aadc9988bc6,student429@skit.ac.in,$2b$10$N9qo8uLOickgx2ZMRZoMyeIjZAgcfl7p92ldGxad68LJZdL17lhWy,STUDENT
31185615-2429-4c58-bbd9-1d7e835ad826,student430@skit.ac.in,$2b$10$N9qo8uLOickgx2ZMRZoMyeIjZAgcfl7p92ldGxad68LJZdL17lhWy,STUDENT
feb21461-22d4-4ad3-a635-926887e6eafd,student431@skit.ac.in,$2b$10$N9qo8uLOickgx2ZMRZoMyeIjZAgcfl7p92ldGxad68LJZdL17lhWy,STUDENT
0cdfb12a-1b47-441c-a1a0-2bc9b38fd70b,student432@skit.ac.in,$2b$10$N9qo8uLOickgx2ZMRZoMyeIjZAgcfl7p92ldGxad68LJZdL17lhWy,STUDENT
a3b86269-8b8f-4d65-b4b7-1578babb01c0,student433@skit.ac.in,$2b$10$N9qo8uLOickgx2ZMRZoMyeIjZAgcfl7p92ldGxad68LJZdL17lhWy,STUDENT
13e94aab-0aec-403f-a993-86b48d01b021,student434@skit.ac.in,$2b$10$N9qo8uLOickgx2ZMRZoMyeIjZAgcfl7p92ldGxad68LJZdL17lhWy,STUDENT
6e6d668e-dca3-4c0f-ab3e-c5eb0fd4caa2,student435@skit.ac.in,$2b$10$N9qo8uLOickgx2ZMRZoMyeIjZAgcfl7p92ldGxad68LJZdL17lhWy,STUDENT
b4be6efe-627f-484f-9976-84b2f7e044a3,student436@skit.ac.in,$2b$10$N9qo8uLOickgx2ZMRZoMyeIjZAgcfl7p92ldGxad68LJZdL17lhWy,STUDENT
b2aaad25-3cf7-4624-a3ea-b33e0ec2950a,student437@skit.ac.in,$2b$10$N9qo8uLOickgx2ZMRZoMyeIjZAgcfl7p92ldGxad68LJZdL17lhWy,STUDENT
44e73ace-1603-403b-8a1c-c79a43bc69a1,student438@skit.ac.in,$2b$10$N9qo8uLOickgx2ZMRZoMyeIjZAgcfl7p92ldGxad68LJZdL17lhWy,STUDENT
053596e3-4454-4fb6-a682-5febf089a169,student439@skit.ac.in,$2b$10$N9qo8uLOickgx2ZMRZoMyeIjZAgcfl7p92ldGxad68LJZdL17lhWy,STUDENT
3130636d-cdc5-4ac9-b39a-b33f0aab80c1,student440@skit.ac.in,$2b$10$N9qo8uLOickgx2ZMRZoMyeIjZAgcfl7p92ldGxad68LJZdL17lhWy,STUDENT
aa67c6f3-d151-4aa9-b04f-538302688637,student441@skit.ac.in,$2b$10$N9qo8uLOickgx2ZMRZoMyeIjZAgcfl7p92ldGxad68LJZdL17lhWy,STUDENT
e1b7c38c-3541-4faf-b353-da2008537e4e,student442@skit.ac.in,$2b$10$N9qo8uLOickgx2ZMRZoMyeIjZAgcfl7p92ldGxad68LJZdL17lhWy,STUDENT
467f36a5-7217-4be6-b8fb-a9a5079003ca,student443@skit.ac.in,$2b$10$N9qo8uLOickgx2ZMRZoMyeIjZAgcfl7p92ldGxad68LJZdL17lhWy,STUDENT
1c47c4f3-b58a-445c-be43-0709e434a0b1,student444@skit.ac.in,$2b$10$N9qo8uLOickgx2ZMRZoMyeIjZAgcfl7p92ldGxad68LJZdL17lhWy,STUDENT
9ccc6253-aad0-4ba1-9f47-75c5f1010d90,student445@skit.ac.in,$2b$10$N9qo8uLOickgx2ZMRZoMyeIjZAgcfl7p92ldGxad68LJZdL17lhWy,STUDENT
4188b11b-e3a6-4d68-868b-5b2e72c1a862,student446@skit.ac.in,$2b$10$N9qo8uLOickgx2ZMRZoMyeIjZAgcfl7p92ldGxad68LJZdL17lhWy,STUDENT
4f816fbb-0d6a-4ff1-85ca-6f106cc7cdad,student447@skit.ac.in,$2b$10$N9qo8uLOickgx2ZMRZoMyeIjZAgcfl7p92ldGxad68LJZdL17lhWy,STUDENT
865295b7-a094-441e-bf48-70ea8acc0f18,student448@skit.ac.in,$2b$10$N9qo8uLOickgx2ZMRZoMyeIjZAgcfl7p92ldGxad68LJZdL17lhWy,STUDENT
bd32fcc8-aea4-41a2-ba81-7e68fb48fea5,student449@skit.ac.in,$2b$10$N9qo8uLOickgx2ZMRZoMyeIjZAgcfl7p92ldGxad68LJZdL17lhWy,STUDENT
71b8de7d-a186-49bb-b5d3-f8ff1cf63b0a,student450@skit.ac.in,$2b$10$N9qo8uLOickgx2ZMRZoMyeIjZAgcfl7p92ldGxad68LJZdL17lhWy,STUDENT
06070f90-2a3d-4c13-88e8-e0df01dd8ae8,student451@skit.ac.in,$2b$10$N9qo8uLOickgx2ZMRZoMyeIjZAgcfl7p92ldGxad68LJZdL17lhWy,STUDENT
c4cb1772-d975-4d8f-b062-f4c38c874104,student452@skit.ac.in,$2b$10$N9qo8uLOickgx2ZMRZoMyeIjZAgcfl7p92ldGxad68LJZdL17lhWy,STUDENT
e556a6df-2a77-42cd-80b4-f2e1bae230f0,student453@skit.ac.in,$2b$10$N9qo8uLOickgx2ZMRZoMyeIjZAgcfl7p92ldGxad68LJZdL17lhWy,STUDENT
c95a5ae3-4ec5-4380-8bc6-9d38147bd927,student454@skit.ac.in,$2b$10$N9qo8uLOickgx2ZMRZoMyeIjZAgcfl7p92ldGxad68LJZdL17lhWy,STUDENT
f02484d3-3ca9-4aac-ba41-7de88f7ad74c,student455@skit.ac.in,$2b$10$N9qo8uLOickgx2ZMRZoMyeIjZAgcfl7p92ldGxad68LJZdL17lhWy,STUDENT
bf673391-70de-4201-8c75-9b8228056eaa,student456@skit.ac.in,$2b$10$N9qo8uLOickgx2ZMRZoMyeIjZAgcfl7p92ldGxad68LJZdL17lhWy,STUDENT
16642c94-5ed5-4637-9a3d-38cadc4e7c44,student457@skit.ac.in,$2b$10$N9qo8uLOickgx2ZMRZoMyeIjZAgcfl7p92ldGxad68LJZdL17lhWy,STUDENT
394180a2-a058-44d2-a043-77715c0aca66,student458@skit.ac.in,$2b$10$N9qo8uLOickgx2ZMRZoMyeIjZAgcfl7p92ldGxad68LJZdL17lhWy,STUDENT
7f0020a9-ff93-4b09-94ea-cf75c1943119,student459@skit.ac.in,$2b$10$N9qo8uLOickgx2ZMRZoMyeIjZAgcfl7p92ldGxad68LJZdL17lhWy,STUDENT
c5331c73-4dba-4040-8f5b-c2c1ef1f9c5d,student460@skit.ac.in,$2b$10$N9qo8uLOickgx2ZMRZoMyeIjZAgcfl7p92ldGxad68LJZdL17lhWy,STUDENT
d9aa35c9-f260-4bdb-8456-cd8cfc07bbda,student461@skit.ac.in,$2b$10$N9qo8uLOickgx2ZMRZoMyeIjZAgcfl7p92ldGxad68LJZdL17lhWy,STUDENT
e9621e08-22b6-4710-b779-46f1737f4057,student462@skit.ac.in,$2b$10$N9qo8uLOickgx2ZMRZoMyeIjZAgcfl7p92ldGxad68LJZdL17lhWy,STUDENT
91fad47c-74b1-4df5-a9df-d40dc67bcd6e,student463@skit.ac.in,$2b$10$N9qo8uLOickgx2ZMRZoMyeIjZAgcfl7p92ldGxad68LJZdL17lhWy,STUDENT
b8d59dda-af1d-4bfd-b17c-ae2226cb584a,student464@skit.ac.in,$2b$10$N9qo8uLOickgx2ZMRZoMyeIjZAgcfl7p92ldGxad68LJZdL17lhWy,STUDENT
e1ac43fa-56eb-4396-a756-5ef06d694c3e,student465@skit.ac.in,$2b$10$N9qo8uLOickgx2ZMRZoMyeIjZAgcfl7p92ldGxad68LJZdL17lhWy,STUDENT
f277b75a-ab55-4a02-9451-83c66559f9a0,student466@skit.ac.in,$2b$10$N9qo8uLOickgx2ZMRZoMyeIjZAgcfl7p92ldGxad68LJZdL17lhWy,STUDENT
5f0c7d81-8821-46bd-89d1-9a6a1b0d8d83,student467@skit.ac.in,$2b$10$N9qo8uLOickgx2ZMRZoMyeIjZAgcfl7p92ldGxad68LJZdL17lhWy,STUDENT
54944c54-8592-4aaa-860e-6b69ffef0a0d,student468@skit.ac.in,$2b$10$N9qo8uLOickgx2ZMRZoMyeIjZAgcfl7p92ldGxad68LJZdL17lhWy,STUDENT
97c45716-701a-4224-bf90-c8cb32bffe36,student469@skit.ac.in,$2b$10$N9qo8uLOickgx2ZMRZoMyeIjZAgcfl7p92ldGxad68LJZdL17lhWy,STUDENT
8bebeb5b-865d-452f-ba67-6f0b4369eece,student470@skit.ac.in,$2b$10$N9qo8uLOickgx2ZMRZoMyeIjZAgcfl7p92ldGxad68LJZdL17lhWy,STUDENT
1ea52b8f-ec2d-402a-ad40-d46d8ef09f6b,student471@skit.ac.in,$2b$10$N9qo8uLOickgx2ZMRZoMyeIjZAgcfl7p92ldGxad68LJZdL17lhWy,STUDENT
e93f678c-9a06-4d2a-89c2-ef88aa5ee969,student472@skit.ac.in,$2b$10$N9qo8uLOickgx2ZMRZoMyeIjZAgcfl7p92ldGxad68LJZdL17lhWy,STUDENT
71a121c6-9f95-4410-a6b1-d752cbcd853e,student473@skit.ac.in,$2b$10$N9qo8uLOickgx2ZMRZoMyeIjZAgcfl7p92ldGxad68LJZdL17lhWy,STUDENT
783c2904-fa61-49e1-9a34-2d0ddcfd0db8,student474@skit.ac.in,$2b$10$N9qo8uLOickgx2ZMRZoMyeIjZAgcfl7p92ldGxad68LJZdL17lhWy,STUDENT
2bd09e17-d515-49a1-8cd5-5c9fcfe48586,student475@skit.ac.in,$2b$10$N9qo8uLOickgx2ZMRZoMyeIjZAgcfl7p92ldGxad68LJZdL17lhWy,STUDENT
30de3adb-89e4-41cb-b011-7c906e57e3ed,student476@skit.ac.in,$2b$10$N9qo8uLOickgx2ZMRZoMyeIjZAgcfl7p92ldGxad68LJZdL17lhWy,STUDENT
59ef7b05-f9aa-4d0d-a03d-b3be3e6104fc,student477@skit.ac.in,$2b$10$N9qo8uLOickgx2ZMRZoMyeIjZAgcfl7p92ldGxad68LJZdL17lhWy,STUDENT
43f7f8e4-7e19-42f8-85bb-a26107bebd96,student478@skit.ac.in,$2b$10$N9qo8uLOickgx2ZMRZoMyeIjZAgcfl7p92ldGxad68LJZdL17lhWy,STUDENT
8c3882f2-f234-4c35-bf84-52ee6abfe039,student479@skit.ac.in,$2b$10$N9qo8uLOickgx2ZMRZoMyeIjZAgcfl7p92ldGxad68LJZdL17lhWy,STUDENT
cc7dc69f-24e1-4dfe-959f-a5910d63676d,student480@skit.ac.in,$2b$10$N9qo8uLOickgx2ZMRZoMyeIjZAgcfl7p92ldGxad68LJZdL17lhWy,STUDENT
50d9527c-918a-4db5-a6e3-cf1d9a65eb30,student481@skit.ac.in,$2b$10$N9qo8uLOickgx2ZMRZoMyeIjZAgcfl7p92ldGxad68LJZdL17lhWy,STUDENT
7d58fb59-7a55-47f8-8a2f-5e51683c7d8e,student482@skit.ac.in,$2b$10$N9qo8uLOickgx2ZMRZoMyeIjZAgcfl7p92ldGxad68LJZdL17lhWy,STUDENT
6e511bfc-328c-4dfb-a4e5-cf25289e5492,student483@skit.ac.in,$2b$10$N9qo8uLOickgx2ZMRZoMyeIjZAgcfl7p92ldGxad68LJZdL17lhWy,STUDENT
8b65876c-7520-47e5-b95f-be0714aababf,student484@skit.ac.in,$2b$10$N9qo8uLOickgx2ZMRZoMyeIjZAgcfl7p92ldGxad68LJZdL17lhWy,STUDENT
23f4fdd2-fe3e-4050-aee1-2acaa18341b4,student485@skit.ac.in,$2b$10$N9qo8uLOickgx2ZMRZoMyeIjZAgcfl7p92ldGxad68LJZdL17lhWy,STUDENT
6a46b8ca-9846-4b93-9855-a2ce8cbf8fc1,student486@skit.ac.in,$2b$10$N9qo8uLOickgx2ZMRZoMyeIjZAgcfl7p92ldGxad68LJZdL17lhWy,STUDENT
2170677b-cb6c-4874-8ed3-d20cee4f9b9c,student487@skit.ac.in,$2b$10$N9qo8uLOickgx2ZMRZoMyeIjZAgcfl7p92ldGxad68LJZdL17lhWy,STUDENT
988d02de-d8f5-4dfd-bb88-2844a66bc478,student488@skit.ac.in,$2b$10$N9qo8uLOickgx2ZMRZoMyeIjZAgcfl7p92ldGxad68LJZdL17lhWy,STUDENT
35c3842a-4eb6-468d-ba6e-25d2c51cf6c8,student489@skit.ac.in,$2b$10$N9qo8uLOickgx2ZMRZoMyeIjZAgcfl7p92ldGxad68LJZdL17lhWy,STUDENT
adcea2c0-4cb6-488e-88c1-426735f50ba9,student490@skit.ac.in,$2b$10$N9qo8uLOickgx2ZMRZoMyeIjZAgcfl7p92ldGxad68LJZdL17lhWy,STUDENT
42a320fc-5190-400d-b7dd-7ba39e73a390,student491@skit.ac.in,$2b$10$N9qo8uLOickgx2ZMRZoMyeIjZAgcfl7p92ldGxad68LJZdL17lhWy,STUDENT
cea92f27-4118-49ff-bb89-aca97b0df902,student492@skit.ac.in,$2b$10$N9qo8uLOickgx2ZMRZoMyeIjZAgcfl7p92ldGxad68LJZdL17lhWy,STUDENT
19daa60d-0e30-4f5c-80ca-2d069e02a983,student493@skit.ac.in,$2b$10$N9qo8uLOickgx2ZMRZoMyeIjZAgcfl7p92ldGxad68LJZdL17lhWy,STUDENT
0af9bcc0-afd2-4557-abc8-02d90ddf1b74,student494@skit.ac.in,$2b$10$N9qo8uLOickgx2ZMRZoMyeIjZAgcfl7p92ldGxad68LJZdL17lhWy,STUDENT
8db21b7d-33ae-429a-b656-19cb92beb6d2,student495@skit.ac.in,$2b$10$N9qo8uLOickgx2ZMRZoMyeIjZAgcfl7p92ldGxad68LJZdL17lhWy,STUDENT
0c444ace-2f00-4011-9b99-113556c66784,student496@skit.ac.in,$2b$10$N9qo8uLOickgx2ZMRZoMyeIjZAgcfl7p92ldGxad68LJZdL17lhWy,STUDENT
36b0167b-44de-4577-a546-81e296d6778a,student497@skit.ac.in,$2b$10$N9qo8uLOickgx2ZMRZoMyeIjZAgcfl7p92ldGxad68LJZdL17lhWy,STUDENT
de5c4460-0858-475a-9c88-7e2ad3d604d1,student498@skit.ac.in,$2b$10$N9qo8uLOickgx2ZMRZoMyeIjZAgcfl7p92ldGxad68LJZdL17lhWy,STUDENT
40de7b16-2408-4ac0-b134-a878a3792bb0,student499@skit.ac.in,$2b$10$N9qo8uLOickgx2ZMRZoMyeIjZAgcfl7p92ldGxad68LJZdL17lhWy,STUDENT
8f247e9e-7091-412e-aa7b-0b943e5cfb2a,student500@skit.ac.in,$2b$10$N9qo8uLOickgx2ZMRZoMyeIjZAgcfl7p92ldGxad68LJZdL17lhWy,STUDENT
ad0078dd-cbb7-462c-83f3-c698f2a51a3b,student501@skit.ac.in,$2b$10$N9qo8uLOickgx2ZMRZoMyeIjZAgcfl7p92ldGxad68LJZdL17lhWy,STUDENT
f814213b-6119-4853-bf4e-e1046a72f696,student502@skit.ac.in,$2b$10$N9qo8uLOickgx2ZMRZoMyeIjZAgcfl7p92ldGxad68LJZdL17lhWy,STUDENT
91593fb8-efb1-48dc-8dd4-5a2b15768901,student503@skit.ac.in,$2b$10$N9qo8uLOickgx2ZMRZoMyeIjZAgcfl7p92ldGxad68LJZdL17lhWy,STUDENT
8c7922e5-bc63-453e-8fbc-7909e58e1374,student504@skit.ac.in,$2b$10$N9qo8uLOickgx2ZMRZoMyeIjZAgcfl7p92ldGxad68LJZdL17lhWy,STUDENT
1b0a7578-9884-4aae-9a40-2c478aab0543,student505@skit.ac.in,$2b$10$N9qo8uLOickgx2ZMRZoMyeIjZAgcfl7p92ldGxad68LJZdL17lhWy,STUDENT
2a2832af-1014-44f6-a83d-71f7a3e5b0c6,student506@skit.ac.in,$2b$10$N9qo8uLOickgx2ZMRZoMyeIjZAgcfl7p92ldGxad68LJZdL17lhWy,STUDENT
1694cf01-90a4-48ba-908b-b70d17084c88,student507@skit.ac.in,$2b$10$N9qo8uLOickgx2ZMRZoMyeIjZAgcfl7p92ldGxad68LJZdL17lhWy,STUDENT
cf136db8-3358-46d7-946d-35f12749f750,student508@skit.ac.in,$2b$10$N9qo8uLOickgx2ZMRZoMyeIjZAgcfl7p92ldGxad68LJZdL17lhWy,STUDENT
ef4a057a-132a-40c5-9347-16571f90ad13,student509@skit.ac.in,$2b$10$N9qo8uLOickgx2ZMRZoMyeIjZAgcfl7p92ldGxad68LJZdL17lhWy,STUDENT
e2ec2eba-56dc-4fe9-ab16-15a6c8f403e3,student510@skit.ac.in,$2b$10$N9qo8uLOickgx2ZMRZoMyeIjZAgcfl7p92ldGxad68LJZdL17lhWy,STUDENT
754c2b3f-4332-40af-90a9-dfbdef8e0b07,student511@skit.ac.in,$2b$10$N9qo8uLOickgx2ZMRZoMyeIjZAgcfl7p92ldGxad68LJZdL17lhWy,STUDENT
348c6e2a-0689-4f16-9615-fc4835fddb65,student512@skit.ac.in,$2b$10$N9qo8uLOickgx2ZMRZoMyeIjZAgcfl7p92ldGxad68LJZdL17lhWy,STUDENT
e52c886d-be52-4efc-83e8-28f6f0afe844,student513@skit.ac.in,$2b$10$N9qo8uLOickgx2ZMRZoMyeIjZAgcfl7p92ldGxad68LJZdL17lhWy,STUDENT
1d080183-8e8e-423d-963e-7d17f1220043,student514@skit.ac.in,$2b$10$N9qo8uLOickgx2ZMRZoMyeIjZAgcfl7p92ldGxad68LJZdL17lhWy,STUDENT
4a547fe8-d0a7-4349-b4fa-cb7e2da99f86,student515@skit.ac.in,$2b$10$N9qo8uLOickgx2ZMRZoMyeIjZAgcfl7p92ldGxad68LJZdL17lhWy,STUDENT
61b2e66e-99f8-4872-861b-671a772b1da0,student516@skit.ac.in,$2b$10$N9qo8uLOickgx2ZMRZoMyeIjZAgcfl7p92ldGxad68LJZdL17lhWy,STUDENT
275cf105-e2d6-4805-badb-a5368115087a,student517@skit.ac.in,$2b$10$N9qo8uLOickgx2ZMRZoMyeIjZAgcfl7p92ldGxad68LJZdL17lhWy,STUDENT
a6d65152-b98d-41ba-a374-3bccfb975e77,student518@skit.ac.in,$2b$10$N9qo8uLOickgx2ZMRZoMyeIjZAgcfl7p92ldGxad68LJZdL17lhWy,STUDENT
f5f4f1bb-1742-4454-bc0e-86eb526baaf5,student519@skit.ac.in,$2b$10$N9qo8uLOickgx2ZMRZoMyeIjZAgcfl7p92ldGxad68LJZdL17lhWy,STUDENT
2b8d18e4-a5dc-4dbb-97e3-1b5b87cf4d31,student520@skit.ac.in,$2b$10$N9qo8uLOickgx2ZMRZoMyeIjZAgcfl7p92ldGxad68LJZdL17lhWy,STUDENT
219d29f6-157e-4f0e-945d-b32853531641,student521@skit.ac.in,$2b$10$N9qo8uLOickgx2ZMRZoMyeIjZAgcfl7p92ldGxad68LJZdL17lhWy,STUDENT
3b8a08e8-f81f-4616-95cb-5216dead0fd8,student522@skit.ac.in,$2b$10$N9qo8uLOickgx2ZMRZoMyeIjZAgcfl7p92ldGxad68LJZdL17lhWy,STUDENT
ef8d9916-2bf4-4617-be01-1a6219182aca,student523@skit.ac.in,$2b$10$N9qo8uLOickgx2ZMRZoMyeIjZAgcfl7p92ldGxad68LJZdL17lhWy,STUDENT
36962309-61ef-4728-bf72-f49da97a5777,student524@skit.ac.in,$2b$10$N9qo8uLOickgx2ZMRZoMyeIjZAgcfl7p92ldGxad68LJZdL17lhWy,STUDENT
d7a731a4-2096-4e79-bc3b-97307f8cd7f6,student525@skit.ac.in,$2b$10$N9qo8uLOickgx2ZMRZoMyeIjZAgcfl7p92ldGxad68LJZdL17lhWy,STUDENT
c5fecd91-2bd1-4ec6-a2af-0111e94563b3,student526@skit.ac.in,$2b$10$N9qo8uLOickgx2ZMRZoMyeIjZAgcfl7p92ldGxad68LJZdL17lhWy,STUDENT
edd49406-4ff3-4d4d-9ca9-2ea5f4c99a50,student527@skit.ac.in,$2b$10$N9qo8uLOickgx2ZMRZoMyeIjZAgcfl7p92ldGxad68LJZdL17lhWy,STUDENT
659c0cbd-eb05-4b03-b6e4-7ea7b0af2bf6,student528@skit.ac.in,$2b$10$N9qo8uLOickgx2ZMRZoMyeIjZAgcfl7p92ldGxad68LJZdL17lhWy,STUDENT
bb460fe4-38a9-415e-b5c6-c7dfd528a193,student529@skit.ac.in,$2b$10$N9qo8uLOickgx2ZMRZoMyeIjZAgcfl7p92ldGxad68LJZdL17lhWy,STUDENT
7bf3b7b3-4add-4a18-a26c-db435ee2e451,student530@skit.ac.in,$2b$10$N9qo8uLOickgx2ZMRZoMyeIjZAgcfl7p92ldGxad68LJZdL17lhWy,STUDENT
7c52f382-2d2f-42a0-b09a-31c476a86eac,student531@skit.ac.in,$2b$10$N9qo8uLOickgx2ZMRZoMyeIjZAgcfl7p92ldGxad68LJZdL17lhWy,STUDENT
3d592fb1-27c0-4a48-b2fe-282261723ff9,student532@skit.ac.in,$2b$10$N9qo8uLOickgx2ZMRZoMyeIjZAgcfl7p92ldGxad68LJZdL17lhWy,STUDENT
2c7bf8df-6fea-40c3-a339-2fdac25206cf,student533@skit.ac.in,$2b$10$N9qo8uLOickgx2ZMRZoMyeIjZAgcfl7p92ldGxad68LJZdL17lhWy,STUDENT
988aee8f-cd7f-4c34-9a91-e51381ca2769,student534@skit.ac.in,$2b$10$N9qo8uLOickgx2ZMRZoMyeIjZAgcfl7p92ldGxad68LJZdL17lhWy,STUDENT
85143b42-7be4-4d64-9740-8bc34278c24e,student535@skit.ac.in,$2b$10$N9qo8uLOickgx2ZMRZoMyeIjZAgcfl7p92ldGxad68LJZdL17lhWy,STUDENT
ba05643b-7beb-4108-8913-17ff36fef765,student536@skit.ac.in,$2b$10$N9qo8uLOickgx2ZMRZoMyeIjZAgcfl7p92ldGxad68LJZdL17lhWy,STUDENT
52d52852-9c6c-406e-bdd8-7f8b44404843,student537@skit.ac.in,$2b$10$N9qo8uLOickgx2ZMRZoMyeIjZAgcfl7p92ldGxad68LJZdL17lhWy,STUDENT
109c84b2-d57e-4f4d-a83d-2fadd73c3156,student538@skit.ac.in,$2b$10$N9qo8uLOickgx2ZMRZoMyeIjZAgcfl7p92ldGxad68LJZdL17lhWy,STUDENT
ea570a6d-ee30-4c8d-bac3-7b9d58da7da7,student539@skit.ac.in,$2b$10$N9qo8uLOickgx2ZMRZoMyeIjZAgcfl7p92ldGxad68LJZdL17lhWy,STUDENT
c296db32-b371-4138-8155-961d4982a640,student540@skit.ac.in,$2b$10$N9qo8uLOickgx2ZMRZoMyeIjZAgcfl7p92ldGxad68LJZdL17lhWy,STUDENT
d64babde-cdf3-483b-94d2-943ae8dddbd4,student541@skit.ac.in,$2b$10$N9qo8uLOickgx2ZMRZoMyeIjZAgcfl7p92ldGxad68LJZdL17lhWy,STUDENT
7c6b8e5f-1e7c-4398-a810-ca25caa4595f,student542@skit.ac.in,$2b$10$N9qo8uLOickgx2ZMRZoMyeIjZAgcfl7p92ldGxad68LJZdL17lhWy,STUDENT
35367520-f3b4-4e5d-a70e-8d2f6ff0df6d,student543@skit.ac.in,$2b$10$N9qo8uLOickgx2ZMRZoMyeIjZAgcfl7p92ldGxad68LJZdL17lhWy,STUDENT
283a6091-646d-4c04-9c0f-4f4066e57851,student544@skit.ac.in,$2b$10$N9qo8uLOickgx2ZMRZoMyeIjZAgcfl7p92ldGxad68LJZdL17lhWy,STUDENT
461ef83e-be0e-4da1-8f05-8f1ade242083,student545@skit.ac.in,$2b$10$N9qo8uLOickgx2ZMRZoMyeIjZAgcfl7p92ldGxad68LJZdL17lhWy,STUDENT
89128804-1c0d-4307-acb5-a95c20eb5bbb,student546@skit.ac.in,$2b$10$N9qo8uLOickgx2ZMRZoMyeIjZAgcfl7p92ldGxad68LJZdL17lhWy,STUDENT
cbe4768b-d980-496c-8a37-828e0b790e3c,student547@skit.ac.in,$2b$10$N9qo8uLOickgx2ZMRZoMyeIjZAgcfl7p92ldGxad68LJZdL17lhWy,STUDENT
5f5206be-d8b3-47e0-bc12-97a9fa277dc9,student548@skit.ac.in,$2b$10$N9qo8uLOickgx2ZMRZoMyeIjZAgcfl7p92ldGxad68LJZdL17lhWy,STUDENT
8f6bdf0a-cf2c-48c7-a09d-5dcd6469da60,student549@skit.ac.in,$2b$10$N9qo8uLOickgx2ZMRZoMyeIjZAgcfl7p92ldGxad68LJZdL17lhWy,STUDENT
a9163088-6f75-45b5-b1f8-42642717ac95,student550@skit.ac.in,$2b$10$N9qo8uLOickgx2ZMRZoMyeIjZAgcfl7p92ldGxad68LJZdL17lhWy,STUDENT
7c7be354-5b15-4ad0-8741-5a788e61447a,student551@skit.ac.in,$2b$10$N9qo8uLOickgx2ZMRZoMyeIjZAgcfl7p92ldGxad68LJZdL17lhWy,STUDENT
ff1e9f6a-8db8-46e4-a986-3f6980cfe3e9,student552@skit.ac.in,$2b$10$N9qo8uLOickgx2ZMRZoMyeIjZAgcfl7p92ldGxad68LJZdL17lhWy,STUDENT
dae93b0c-e8e3-4e5b-9b84-b18ba206639a,student553@skit.ac.in,$2b$10$N9qo8uLOickgx2ZMRZoMyeIjZAgcfl7p92ldGxad68LJZdL17lhWy,STUDENT
3e015b13-e8de-48c5-bbb3-70b489723aa7,student554@skit.ac.in,$2b$10$N9qo8uLOickgx2ZMRZoMyeIjZAgcfl7p92ldGxad68LJZdL17lhWy,STUDENT
641c3045-bebb-4225-964c-b8141bfffe30,student555@skit.ac.in,$2b$10$N9qo8uLOickgx2ZMRZoMyeIjZAgcfl7p92ldGxad68LJZdL17lhWy,STUDENT
b923fdb5-23d7-4900-9b7e-f0dee50b0a44,student556@skit.ac.in,$2b$10$N9qo8uLOickgx2ZMRZoMyeIjZAgcfl7p92ldGxad68LJZdL17lhWy,STUDENT
78818ff8-730e-404c-92bd-b239e67f1c88,student557@skit.ac.in,$2b$10$N9qo8uLOickgx2ZMRZoMyeIjZAgcfl7p92ldGxad68LJZdL17lhWy,STUDENT
92ebf654-8847-40ae-8cc4-6d0ee8037128,student558@skit.ac.in,$2b$10$N9qo8uLOickgx2ZMRZoMyeIjZAgcfl7p92ldGxad68LJZdL17lhWy,STUDENT
337acf51-ca26-44f0-bb87-5ce3dd925210,student559@skit.ac.in,$2b$10$N9qo8uLOickgx2ZMRZoMyeIjZAgcfl7p92ldGxad68LJZdL17lhWy,STUDENT
91456af9-b2c4-4358-8aeb-541293aea87c,student560@skit.ac.in,$2b$10$N9qo8uLOickgx2ZMRZoMyeIjZAgcfl7p92ldGxad68LJZdL17lhWy,STUDENT
92c1518d-8c5e-461d-bf58-b624cd26b7f1,student561@skit.ac.in,$2b$10$N9qo8uLOickgx2ZMRZoMyeIjZAgcfl7p92ldGxad68LJZdL17lhWy,STUDENT
93270af3-fc06-4523-be31-ec95811f1aef,student562@skit.ac.in,$2b$10$N9qo8uLOickgx2ZMRZoMyeIjZAgcfl7p92ldGxad68LJZdL17lhWy,STUDENT
b9ec43d4-0840-47b2-8113-14798fcaa465,student563@skit.ac.in,$2b$10$N9qo8uLOickgx2ZMRZoMyeIjZAgcfl7p92ldGxad68LJZdL17lhWy,STUDENT
47f3a755-7c20-426c-9404-d4ac28234a9b,student564@skit.ac.in,$2b$10$N9qo8uLOickgx2ZMRZoMyeIjZAgcfl7p92ldGxad68LJZdL17lhWy,STUDENT
684d0138-df75-449c-9123-d2becefdd331,student565@skit.ac.in,$2b$10$N9qo8uLOickgx2ZMRZoMyeIjZAgcfl7p92ldGxad68LJZdL17lhWy,STUDENT
e228ec89-3cf0-42b7-88ed-ad1003e30e3a,student566@skit.ac.in,$2b$10$N9qo8uLOickgx2ZMRZoMyeIjZAgcfl7p92ldGxad68LJZdL17lhWy,STUDENT
62fe4bbc-f9c1-4294-a29c-91b6e3ed363e,student567@skit.ac.in,$2b$10$N9qo8uLOickgx2ZMRZoMyeIjZAgcfl7p92ldGxad68LJZdL17lhWy,STUDENT
f250531f-3610-439e-a824-2447fefa1949,student568@skit.ac.in,$2b$10$N9qo8uLOickgx2ZMRZoMyeIjZAgcfl7p92ldGxad68LJZdL17lhWy,STUDENT
6e74dcfb-5cce-4df4-9ade-61c5600e8c94,student569@skit.ac.in,$2b$10$N9qo8uLOickgx2ZMRZoMyeIjZAgcfl7p92ldGxad68LJZdL17lhWy,STUDENT
54d42c49-7719-481f-8644-ce3151076fc3,student570@skit.ac.in,$2b$10$N9qo8uLOickgx2ZMRZoMyeIjZAgcfl7p92ldGxad68LJZdL17lhWy,STUDENT
7d86090e-ff22-4205-831a-6dace69ef78c,student571@skit.ac.in,$2b$10$N9qo8uLOickgx2ZMRZoMyeIjZAgcfl7p92ldGxad68LJZdL17lhWy,STUDENT
fd77642a-0b9b-45c9-b1bd-9b0abad8dce0,student572@skit.ac.in,$2b$10$N9qo8uLOickgx2ZMRZoMyeIjZAgcfl7p92ldGxad68LJZdL17lhWy,STUDENT
29eb066a-b2c5-491b-b8a5-6aa5a68e0ee9,student573@skit.ac.in,$2b$10$N9qo8uLOickgx2ZMRZoMyeIjZAgcfl7p92ldGxad68LJZdL17lhWy,STUDENT
dde5cf11-7b16-4ea8-bbe7-194fb75c928d,student574@skit.ac.in,$2b$10$N9qo8uLOickgx2ZMRZoMyeIjZAgcfl7p92ldGxad68LJZdL17lhWy,STUDENT
98589e0d-3af9-4c67-ac81-3ecb3be434c8,student575@skit.ac.in,$2b$10$N9qo8uLOickgx2ZMRZoMyeIjZAgcfl7p92ldGxad68LJZdL17lhWy,STUDENT
18475bfc-70aa-4ecf-85b8-766b23803c13,student576@skit.ac.in,$2b$10$N9qo8uLOickgx2ZMRZoMyeIjZAgcfl7p92ldGxad68LJZdL17lhWy,STUDENT
bcef85cb-fd53-4d54-8c60-ce8716aa902c,student577@skit.ac.in,$2b$10$N9qo8uLOickgx2ZMRZoMyeIjZAgcfl7p92ldGxad68LJZdL17lhWy,STUDENT
f4de3ce4-ee74-488b-8340-379ca2a81b00,student578@skit.ac.in,$2b$10$N9qo8uLOickgx2ZMRZoMyeIjZAgcfl7p92ldGxad68LJZdL17lhWy,STUDENT
7206a30a-0753-4336-8b35-20560da73c39,student579@skit.ac.in,$2b$10$N9qo8uLOickgx2ZMRZoMyeIjZAgcfl7p92ldGxad68LJZdL17lhWy,STUDENT
be6c27ef-10d7-4bc8-a52d-5d2e30d6101c,student580@skit.ac.in,$2b$10$N9qo8uLOickgx2ZMRZoMyeIjZAgcfl7p92ldGxad68LJZdL17lhWy,STUDENT
5782027d-37f2-45d3-941b-7a089255fa59,student581@skit.ac.in,$2b$10$N9qo8uLOickgx2ZMRZoMyeIjZAgcfl7p92ldGxad68LJZdL17lhWy,STUDENT
86e2adca-ee26-430e-af09-651739d78fd8,student582@skit.ac.in,$2b$10$N9qo8uLOickgx2ZMRZoMyeIjZAgcfl7p92ldGxad68LJZdL17lhWy,STUDENT
1e748741-4e85-45d9-a4ed-4b4a25660942,student583@skit.ac.in,$2b$10$N9qo8uLOickgx2ZMRZoMyeIjZAgcfl7p92ldGxad68LJZdL17lhWy,STUDENT
750aad36-d649-40bc-892a-2a4a13352b75,student584@skit.ac.in,$2b$10$N9qo8uLOickgx2ZMRZoMyeIjZAgcfl7p92ldGxad68LJZdL17lhWy,STUDENT
515dc969-ea1f-4733-81fb-f42c03b8b7ca,student585@skit.ac.in,$2b$10$N9qo8uLOickgx2ZMRZoMyeIjZAgcfl7p92ldGxad68LJZdL17lhWy,STUDENT
7a68163c-940a-44e8-a5b0-70b992aca2f5,student586@skit.ac.in,$2b$10$N9qo8uLOickgx2ZMRZoMyeIjZAgcfl7p92ldGxad68LJZdL17lhWy,STUDENT
aba3e84d-75f1-4d66-b898-915f8b07188a,student587@skit.ac.in,$2b$10$N9qo8uLOickgx2ZMRZoMyeIjZAgcfl7p92ldGxad68LJZdL17lhWy,STUDENT
3799de35-cde8-4eb1-bb2c-00f4cac7d9a3,student588@skit.ac.in,$2b$10$N9qo8uLOickgx2ZMRZoMyeIjZAgcfl7p92ldGxad68LJZdL17lhWy,STUDENT
f08b11c3-e32d-46d5-b0d6-5d7ca7bd4f59,student589@skit.ac.in,$2b$10$N9qo8uLOickgx2ZMRZoMyeIjZAgcfl7p92ldGxad68LJZdL17lhWy,STUDENT
03b78f40-6917-4cc6-a5c2-84f642b8c5ac,student590@skit.ac.in,$2b$10$N9qo8uLOickgx2ZMRZoMyeIjZAgcfl7p92ldGxad68LJZdL17lhWy,STUDENT
78382d9a-1948-446c-b915-22c383e512bf,student591@skit.ac.in,$2b$10$N9qo8uLOickgx2ZMRZoMyeIjZAgcfl7p92ldGxad68LJZdL17lhWy,STUDENT
13af5657-e8bb-4649-8d19-46fcaa2a7de9,student592@skit.ac.in,$2b$10$N9qo8uLOickgx2ZMRZoMyeIjZAgcfl7p92ldGxad68LJZdL17lhWy,STUDENT
261a8427-e097-403f-99c0-a14242b2d12b,student593@skit.ac.in,$2b$10$N9qo8uLOickgx2ZMRZoMyeIjZAgcfl7p92ldGxad68LJZdL17lhWy,STUDENT
eb9e0348-9ac0-4892-8994-ea84462b3919,student594@skit.ac.in,$2b$10$N9qo8uLOickgx2ZMRZoMyeIjZAgcfl7p92ldGxad68LJZdL17lhWy,STUDENT
24df51bf-1dc1-4ae4-b963-e83773a4d686,student595@skit.ac.in,$2b$10$N9qo8uLOickgx2ZMRZoMyeIjZAgcfl7p92ldGxad68LJZdL17lhWy,STUDENT
099acf28-8cc6-446e-836a-e1ed5c21d372,student596@skit.ac.in,$2b$10$N9qo8uLOickgx2ZMRZoMyeIjZAgcfl7p92ldGxad68LJZdL17lhWy,STUDENT
ae13197b-0400-4712-b500-23806e8cbfe4,student597@skit.ac.in,$2b$10$N9qo8uLOickgx2ZMRZoMyeIjZAgcfl7p92ldGxad68LJZdL17lhWy,STUDENT
ab2e941c-cc36-4c89-9e6b-8268383fb3df,student598@skit.ac.in,$2b$10$N9qo8uLOickgx2ZMRZoMyeIjZAgcfl7p92ldGxad68LJZdL17lhWy,STUDENT
20e6bef8-810a-4e10-a335-5d3cce6094d5,student599@skit.ac.in,$2b$10$N9qo8uLOickgx2ZMRZoMyeIjZAgcfl7p92ldGxad68LJZdL17lhWy,STUDENT
e01a6111-53da-423d-a54f-58ba9dba0fbe,student600@skit.ac.in,$2b$10$N9qo8uLOickgx2ZMRZoMyeIjZAgcfl7p92ldGxad68LJZdL17lhWy,STUDENT
4e322dff-2f47-479f-b140-94d49bdcf62d,student601@skit.ac.in,$2b$10$N9qo8uLOickgx2ZMRZoMyeIjZAgcfl7p92ldGxad68LJZdL17lhWy,STUDENT
e7f36ca1-f3a7-460a-aaa7-8ae9a0ac6b14,student602@skit.ac.in,$2b$10$N9qo8uLOickgx2ZMRZoMyeIjZAgcfl7p92ldGxad68LJZdL17lhWy,STUDENT
4978239e-2239-470b-a11a-27806175a3a5,student603@skit.ac.in,$2b$10$N9qo8uLOickgx2ZMRZoMyeIjZAgcfl7p92ldGxad68LJZdL17lhWy,STUDENT
ffaf6f63-d38e-4ae4-98a0-e64c02516cbb,student604@skit.ac.in,$2b$10$N9qo8uLOickgx2ZMRZoMyeIjZAgcfl7p92ldGxad68LJZdL17lhWy,STUDENT
862f848a-3028-4dac-99ef-60e81f7f53c7,student605@skit.ac.in,$2b$10$N9qo8uLOickgx2ZMRZoMyeIjZAgcfl7p92ldGxad68LJZdL17lhWy,STUDENT
050ecf8e-7590-4f2b-b0a1-467e5cb77c9d,student606@skit.ac.in,$2b$10$N9qo8uLOickgx2ZMRZoMyeIjZAgcfl7p92ldGxad68LJZdL17lhWy,STUDENT
8fa68cb1-6e73-4931-b4ea-fb2f627072cf,student607@skit.ac.in,$2b$10$N9qo8uLOickgx2ZMRZoMyeIjZAgcfl7p92ldGxad68LJZdL17lhWy,STUDENT
6c54b1f7-7e17-4759-a394-4b98110e3afb,student608@skit.ac.in,$2b$10$N9qo8uLOickgx2ZMRZoMyeIjZAgcfl7p92ldGxad68LJZdL17lhWy,STUDENT
219048c6-2c07-4223-8e1a-3899a193ae2b,student609@skit.ac.in,$2b$10$N9qo8uLOickgx2ZMRZoMyeIjZAgcfl7p92ldGxad68LJZdL17lhWy,STUDENT
1b1acbb6-6e22-4687-9474-d868373c91ac,student610@skit.ac.in,$2b$10$N9qo8uLOickgx2ZMRZoMyeIjZAgcfl7p92ldGxad68LJZdL17lhWy,STUDENT
13a64699-067a-4800-9d37-4a6e07228cb1,student611@skit.ac.in,$2b$10$N9qo8uLOickgx2ZMRZoMyeIjZAgcfl7p92ldGxad68LJZdL17lhWy,STUDENT
40ad1fea-cd51-447a-95e0-d9337366b70f,student612@skit.ac.in,$2b$10$N9qo8uLOickgx2ZMRZoMyeIjZAgcfl7p92ldGxad68LJZdL17lhWy,STUDENT
ada41a5a-e984-4c77-a932-d6948f74ec9c,student613@skit.ac.in,$2b$10$N9qo8uLOickgx2ZMRZoMyeIjZAgcfl7p92ldGxad68LJZdL17lhWy,STUDENT
7be5986b-4a9c-4e40-b8a4-a280862a7b08,student614@skit.ac.in,$2b$10$N9qo8uLOickgx2ZMRZoMyeIjZAgcfl7p92ldGxad68LJZdL17lhWy,STUDENT
6df65c15-49ef-4828-af06-c811f5754195,student615@skit.ac.in,$2b$10$N9qo8uLOickgx2ZMRZoMyeIjZAgcfl7p92ldGxad68LJZdL17lhWy,STUDENT
7f3b5bc7-c956-4e0f-a3f3-c7fe10fb1fce,student616@skit.ac.in,$2b$10$N9qo8uLOickgx2ZMRZoMyeIjZAgcfl7p92ldGxad68LJZdL17lhWy,STUDENT
50942e64-8096-47f2-ab6b-54e8da0406c2,student617@skit.ac.in,$2b$10$N9qo8uLOickgx2ZMRZoMyeIjZAgcfl7p92ldGxad68LJZdL17lhWy,STUDENT
f48e8d2d-38bc-4ce2-afae-7f4ddd19db81,student618@skit.ac.in,$2b$10$N9qo8uLOickgx2ZMRZoMyeIjZAgcfl7p92ldGxad68LJZdL17lhWy,STUDENT
bab9a3b9-36e8-42a1-86be-d6b999dc1827,student619@skit.ac.in,$2b$10$N9qo8uLOickgx2ZMRZoMyeIjZAgcfl7p92ldGxad68LJZdL17lhWy,STUDENT
af24c3fa-d268-421d-b3a2-85b3c5fc8c79,student620@skit.ac.in,$2b$10$N9qo8uLOickgx2ZMRZoMyeIjZAgcfl7p92ldGxad68LJZdL17lhWy,STUDENT
379029d9-3b52-47a8-be9b-66c5512ea6f8,student621@skit.ac.in,$2b$10$N9qo8uLOickgx2ZMRZoMyeIjZAgcfl7p92ldGxad68LJZdL17lhWy,STUDENT
72cfeff9-8ba1-49a4-8163-c6c247d7b98d,student622@skit.ac.in,$2b$10$N9qo8uLOickgx2ZMRZoMyeIjZAgcfl7p92ldGxad68LJZdL17lhWy,STUDENT
1d534942-0937-4d1a-a98b-08aecc09ad08,student623@skit.ac.in,$2b$10$N9qo8uLOickgx2ZMRZoMyeIjZAgcfl7p92ldGxad68LJZdL17lhWy,STUDENT
3f987dea-73f4-46a5-badb-d6975dfd2985,student624@skit.ac.in,$2b$10$N9qo8uLOickgx2ZMRZoMyeIjZAgcfl7p92ldGxad68LJZdL17lhWy,STUDENT
ac2d3b7f-051b-4dd4-985a-4f2aae5e3254,student625@skit.ac.in,$2b$10$N9qo8uLOickgx2ZMRZoMyeIjZAgcfl7p92ldGxad68LJZdL17lhWy,STUDENT
76884c0a-ab85-4435-ae46-cd7a26fe9e87,student626@skit.ac.in,$2b$10$N9qo8uLOickgx2ZMRZoMyeIjZAgcfl7p92ldGxad68LJZdL17lhWy,STUDENT
985a71ad-7139-4598-8b86-658cdd4769c1,student627@skit.ac.in,$2b$10$N9qo8uLOickgx2ZMRZoMyeIjZAgcfl7p92ldGxad68LJZdL17lhWy,STUDENT
33783c04-4284-442f-a08e-321342dc102f,student628@skit.ac.in,$2b$10$N9qo8uLOickgx2ZMRZoMyeIjZAgcfl7p92ldGxad68LJZdL17lhWy,STUDENT
f6b13aed-1705-4ea5-9a3b-747aeddaaefc,student629@skit.ac.in,$2b$10$N9qo8uLOickgx2ZMRZoMyeIjZAgcfl7p92ldGxad68LJZdL17lhWy,STUDENT
22c69b4c-bbcf-4d7d-831f-3e69fd979c86,student630@skit.ac.in,$2b$10$N9qo8uLOickgx2ZMRZoMyeIjZAgcfl7p92ldGxad68LJZdL17lhWy,STUDENT
4b9e779a-eed0-45c6-96fe-c9b83a01a72b,student631@skit.ac.in,$2b$10$N9qo8uLOickgx2ZMRZoMyeIjZAgcfl7p92ldGxad68LJZdL17lhWy,STUDENT
cc7b0825-6cfc-4e9e-ad61-38d48f7cb2d8,student632@skit.ac.in,$2b$10$N9qo8uLOickgx2ZMRZoMyeIjZAgcfl7p92ldGxad68LJZdL17lhWy,STUDENT
5b54946f-a6b5-4231-b91c-e4434b958e1e,student633@skit.ac.in,$2b$10$N9qo8uLOickgx2ZMRZoMyeIjZAgcfl7p92ldGxad68LJZdL17lhWy,STUDENT
db66eae9-15f6-4fad-94e9-6859f6300940,student634@skit.ac.in,$2b$10$N9qo8uLOickgx2ZMRZoMyeIjZAgcfl7p92ldGxad68LJZdL17lhWy,STUDENT
3b9bedf6-95e9-4653-9eea-efad6664e1e4,student635@skit.ac.in,$2b$10$N9qo8uLOickgx2ZMRZoMyeIjZAgcfl7p92ldGxad68LJZdL17lhWy,STUDENT
db346114-1e6b-4226-8548-e08201010287,student636@skit.ac.in,$2b$10$N9qo8uLOickgx2ZMRZoMyeIjZAgcfl7p92ldGxad68LJZdL17lhWy,STUDENT
ae7e66a3-a85a-4841-90b1-8b1df5e2fa6a,student637@skit.ac.in,$2b$10$N9qo8uLOickgx2ZMRZoMyeIjZAgcfl7p92ldGxad68LJZdL17lhWy,STUDENT
03f29de3-ade5-499b-a327-59219ae4ada7,student638@skit.ac.in,$2b$10$N9qo8uLOickgx2ZMRZoMyeIjZAgcfl7p92ldGxad68LJZdL17lhWy,STUDENT
2b580f9a-c1a4-4454-bc10-0949e2105403,student639@skit.ac.in,$2b$10$N9qo8uLOickgx2ZMRZoMyeIjZAgcfl7p92ldGxad68LJZdL17lhWy,STUDENT
072dffbe-5fa1-41b6-920a-f93bb6b0dbdc,student640@skit.ac.in,$2b$10$N9qo8uLOickgx2ZMRZoMyeIjZAgcfl7p92ldGxad68LJZdL17lhWy,STUDENT
c4d91c85-0408-42f6-b281-6fcfece06309,student641@skit.ac.in,$2b$10$N9qo8uLOickgx2ZMRZoMyeIjZAgcfl7p92ldGxad68LJZdL17lhWy,STUDENT
6dc30d0c-2f4d-43d6-bd2b-34e293d8b8cb,student642@skit.ac.in,$2b$10$N9qo8uLOickgx2ZMRZoMyeIjZAgcfl7p92ldGxad68LJZdL17lhWy,STUDENT
b38a167e-1d7f-4ac7-8229-d6d3f3464b5e,student643@skit.ac.in,$2b$10$N9qo8uLOickgx2ZMRZoMyeIjZAgcfl7p92ldGxad68LJZdL17lhWy,STUDENT
de4ecd60-e7c2-42f1-96bd-01a8339c9b62,student644@skit.ac.in,$2b$10$N9qo8uLOickgx2ZMRZoMyeIjZAgcfl7p92ldGxad68LJZdL17lhWy,STUDENT
f7561e2a-b3cd-411f-a562-d6281a4f5d5d,student645@skit.ac.in,$2b$10$N9qo8uLOickgx2ZMRZoMyeIjZAgcfl7p92ldGxad68LJZdL17lhWy,STUDENT
f357e492-1f3b-433e-968c-4d9c31990b5f,student646@skit.ac.in,$2b$10$N9qo8uLOickgx2ZMRZoMyeIjZAgcfl7p92ldGxad68LJZdL17lhWy,STUDENT
6ea20b6b-212c-44d7-a5b2-9985a6e4d19d,student647@skit.ac.in,$2b$10$N9qo8uLOickgx2ZMRZoMyeIjZAgcfl7p92ldGxad68LJZdL17lhWy,STUDENT
f5d059d9-6dd7-44c3-a928-7f7b1b4968f0,student648@skit.ac.in,$2b$10$N9qo8uLOickgx2ZMRZoMyeIjZAgcfl7p92ldGxad68LJZdL17lhWy,STUDENT
1dc23374-0c8c-41bb-9deb-61da8f6ed37a,student649@skit.ac.in,$2b$10$N9qo8uLOickgx2ZMRZoMyeIjZAgcfl7p92ldGxad68LJZdL17lhWy,STUDENT
629a28a6-3824-41e3-b07a-9d63d1aab11f,student650@skit.ac.in,$2b$10$N9qo8uLOickgx2ZMRZoMyeIjZAgcfl7p92ldGxad68LJZdL17lhWy,STUDENT
6090ca63-b42b-4f34-9148-10c1d5260267,student651@skit.ac.in,$2b$10$N9qo8uLOickgx2ZMRZoMyeIjZAgcfl7p92ldGxad68LJZdL17lhWy,STUDENT
d66fed98-55ef-4e29-b135-5290ba591ecd,student652@skit.ac.in,$2b$10$N9qo8uLOickgx2ZMRZoMyeIjZAgcfl7p92ldGxad68LJZdL17lhWy,STUDENT
d5580b3d-c6d3-4ae8-ad10-79cfea33f823,student653@skit.ac.in,$2b$10$N9qo8uLOickgx2ZMRZoMyeIjZAgcfl7p92ldGxad68LJZdL17lhWy,STUDENT
b033dbe1-a7e7-499e-a0ce-f5771e461721,student654@skit.ac.in,$2b$10$N9qo8uLOickgx2ZMRZoMyeIjZAgcfl7p92ldGxad68LJZdL17lhWy,STUDENT
73798800-6c67-457d-b2a3-809d694c12fc,student655@skit.ac.in,$2b$10$N9qo8uLOickgx2ZMRZoMyeIjZAgcfl7p92ldGxad68LJZdL17lhWy,STUDENT
be16f237-60f6-488e-b822-18997bf25f79,student656@skit.ac.in,$2b$10$N9qo8uLOickgx2ZMRZoMyeIjZAgcfl7p92ldGxad68LJZdL17lhWy,STUDENT
df468f25-b282-4cd1-9ea7-dc1a47414ad3,student657@skit.ac.in,$2b$10$N9qo8uLOickgx2ZMRZoMyeIjZAgcfl7p92ldGxad68LJZdL17lhWy,STUDENT
5a704e91-27cc-4193-9c84-a3b6e0139167,student658@skit.ac.in,$2b$10$N9qo8uLOickgx2ZMRZoMyeIjZAgcfl7p92ldGxad68LJZdL17lhWy,STUDENT
adb8b201-b364-47a3-be23-4f2515434292,student659@skit.ac.in,$2b$10$N9qo8uLOickgx2ZMRZoMyeIjZAgcfl7p92ldGxad68LJZdL17lhWy,STUDENT
83041d39-3699-498a-906f-fa245840964e,student660@skit.ac.in,$2b$10$N9qo8uLOickgx2ZMRZoMyeIjZAgcfl7p92ldGxad68LJZdL17lhWy,STUDENT
2a6487e4-9e5e-449f-b311-235792a1617b,student661@skit.ac.in,$2b$10$N9qo8uLOickgx2ZMRZoMyeIjZAgcfl7p92ldGxad68LJZdL17lhWy,STUDENT
05acca3d-7e6f-4a8b-a6c3-756524af8c27,student662@skit.ac.in,$2b$10$N9qo8uLOickgx2ZMRZoMyeIjZAgcfl7p92ldGxad68LJZdL17lhWy,STUDENT
4b16ba53-d2b9-4965-a598-9319d8452b43,student663@skit.ac.in,$2b$10$N9qo8uLOickgx2ZMRZoMyeIjZAgcfl7p92ldGxad68LJZdL17lhWy,STUDENT
bec4a52d-12b1-4470-98fc-ddc9ef8a4e22,student664@skit.ac.in,$2b$10$N9qo8uLOickgx2ZMRZoMyeIjZAgcfl7p92ldGxad68LJZdL17lhWy,STUDENT
81abb6d8-02ab-4696-900e-95409c046537,student665@skit.ac.in,$2b$10$N9qo8uLOickgx2ZMRZoMyeIjZAgcfl7p92ldGxad68LJZdL17lhWy,STUDENT
4da294d0-d9a5-44e8-8e28-75e352175fe7,student666@skit.ac.in,$2b$10$N9qo8uLOickgx2ZMRZoMyeIjZAgcfl7p92ldGxad68LJZdL17lhWy,STUDENT
5a4878bd-d59c-42e8-bb13-a12cb9323e28,student667@skit.ac.in,$2b$10$N9qo8uLOickgx2ZMRZoMyeIjZAgcfl7p92ldGxad68LJZdL17lhWy,STUDENT
a2165fd6-af17-4a0c-9bff-ec4960f41169,student668@skit.ac.in,$2b$10$N9qo8uLOickgx2ZMRZoMyeIjZAgcfl7p92ldGxad68LJZdL17lhWy,STUDENT
436b94f2-c401-4dd6-a4b4-91e0124dd0ca,student669@skit.ac.in,$2b$10$N9qo8uLOickgx2ZMRZoMyeIjZAgcfl7p92ldGxad68LJZdL17lhWy,STUDENT
ca61775b-0208-48d9-bdd9-a98e9e7ced38,student670@skit.ac.in,$2b$10$N9qo8uLOickgx2ZMRZoMyeIjZAgcfl7p92ldGxad68LJZdL17lhWy,STUDENT
2e4c77e6-b7fe-44b0-b583-197ac0bdc35b,student671@skit.ac.in,$2b$10$N9qo8uLOickgx2ZMRZoMyeIjZAgcfl7p92ldGxad68LJZdL17lhWy,STUDENT
18825306-0466-4fef-986b-58659e19cdfd,student672@skit.ac.in,$2b$10$N9qo8uLOickgx2ZMRZoMyeIjZAgcfl7p92ldGxad68LJZdL17lhWy,STUDENT
a0038881-724f-4cf7-9a97-854b8892521f,student673@skit.ac.in,$2b$10$N9qo8uLOickgx2ZMRZoMyeIjZAgcfl7p92ldGxad68LJZdL17lhWy,STUDENT
609e712d-513c-43ac-adf4-a1dcd93435e0,student674@skit.ac.in,$2b$10$N9qo8uLOickgx2ZMRZoMyeIjZAgcfl7p92ldGxad68LJZdL17lhWy,STUDENT
8be9aa36-73b0-4e4d-b89c-b3ca74f94e5a,student675@skit.ac.in,$2b$10$N9qo8uLOickgx2ZMRZoMyeIjZAgcfl7p92ldGxad68LJZdL17lhWy,STUDENT
4062a8d1-5db7-4b91-b27e-67db83cbf739,student676@skit.ac.in,$2b$10$N9qo8uLOickgx2ZMRZoMyeIjZAgcfl7p92ldGxad68LJZdL17lhWy,STUDENT
3b4acfc8-4bf3-40d0-91ea-1626485a51f5,student677@skit.ac.in,$2b$10$N9qo8uLOickgx2ZMRZoMyeIjZAgcfl7p92ldGxad68LJZdL17lhWy,STUDENT
76e2cac0-b7a9-4d34-8f4f-ab68b2a3fa98,student678@skit.ac.in,$2b$10$N9qo8uLOickgx2ZMRZoMyeIjZAgcfl7p92ldGxad68LJZdL17lhWy,STUDENT
5ef557e5-d763-406f-b391-1ba5c1d61bcc,student679@skit.ac.in,$2b$10$N9qo8uLOickgx2ZMRZoMyeIjZAgcfl7p92ldGxad68LJZdL17lhWy,STUDENT
bccc71a3-a396-4d10-bc5b-6602f005b145,student680@skit.ac.in,$2b$10$N9qo8uLOickgx2ZMRZoMyeIjZAgcfl7p92ldGxad68LJZdL17lhWy,STUDENT
fe36d21d-e062-4fac-9c1a-de4cd3fc0a0d,student681@skit.ac.in,$2b$10$N9qo8uLOickgx2ZMRZoMyeIjZAgcfl7p92ldGxad68LJZdL17lhWy,STUDENT
f719d515-b56f-4531-804b-bd7ce2a58b91,student682@skit.ac.in,$2b$10$N9qo8uLOickgx2ZMRZoMyeIjZAgcfl7p92ldGxad68LJZdL17lhWy,STUDENT
2eea974a-7263-4c6e-8dd5-fe5f674c4975,student683@skit.ac.in,$2b$10$N9qo8uLOickgx2ZMRZoMyeIjZAgcfl7p92ldGxad68LJZdL17lhWy,STUDENT
2c09e770-7160-4a3e-8c62-c4b1c1c05639,student684@skit.ac.in,$2b$10$N9qo8uLOickgx2ZMRZoMyeIjZAgcfl7p92ldGxad68LJZdL17lhWy,STUDENT
762db714-a13f-47ad-8ffa-f1465146fdce,student685@skit.ac.in,$2b$10$N9qo8uLOickgx2ZMRZoMyeIjZAgcfl7p92ldGxad68LJZdL17lhWy,STUDENT
ff4c9809-69c2-4bd3-8394-e9b09d7ad724,student686@skit.ac.in,$2b$10$N9qo8uLOickgx2ZMRZoMyeIjZAgcfl7p92ldGxad68LJZdL17lhWy,STUDENT
4c2a76dd-190f-4cdc-a53c-05a6cf08d565,student687@skit.ac.in,$2b$10$N9qo8uLOickgx2ZMRZoMyeIjZAgcfl7p92ldGxad68LJZdL17lhWy,STUDENT
cef1d0c0-bd54-4f3b-9b48-5a1330e72772,student688@skit.ac.in,$2b$10$N9qo8uLOickgx2ZMRZoMyeIjZAgcfl7p92ldGxad68LJZdL17lhWy,STUDENT
f20ca794-061e-471a-bc9f-6fa5ca9c2ef4,student689@skit.ac.in,$2b$10$N9qo8uLOickgx2ZMRZoMyeIjZAgcfl7p92ldGxad68LJZdL17lhWy,STUDENT
3e24e02c-df7b-41e2-94d8-f16d48d14b72,student690@skit.ac.in,$2b$10$N9qo8uLOickgx2ZMRZoMyeIjZAgcfl7p92ldGxad68LJZdL17lhWy,STUDENT
e4d70a8b-9f55-4db7-9c79-68d110334e96,student691@skit.ac.in,$2b$10$N9qo8uLOickgx2ZMRZoMyeIjZAgcfl7p92ldGxad68LJZdL17lhWy,STUDENT
7fac7d1b-4aaa-442a-bec2-ddb893c59b80,student692@skit.ac.in,$2b$10$N9qo8uLOickgx2ZMRZoMyeIjZAgcfl7p92ldGxad68LJZdL17lhWy,STUDENT
0ab3256b-c46a-4bdf-bb42-25395785ec4c,student693@skit.ac.in,$2b$10$N9qo8uLOickgx2ZMRZoMyeIjZAgcfl7p92ldGxad68LJZdL17lhWy,STUDENT
33f96f6c-af39-4a13-bbce-6cc159b03500,student694@skit.ac.in,$2b$10$N9qo8uLOickgx2ZMRZoMyeIjZAgcfl7p92ldGxad68LJZdL17lhWy,STUDENT
ad509f24-cec4-4aa6-9426-378825c8d370,student695@skit.ac.in,$2b$10$N9qo8uLOickgx2ZMRZoMyeIjZAgcfl7p92ldGxad68LJZdL17lhWy,STUDENT
919e7c98-3e94-4a71-a200-0e99421e06da,student696@skit.ac.in,$2b$10$N9qo8uLOickgx2ZMRZoMyeIjZAgcfl7p92ldGxad68LJZdL17lhWy,STUDENT
9bbe6672-0d9a-4563-86ee-3a9985f5e276,student697@skit.ac.in,$2b$10$N9qo8uLOickgx2ZMRZoMyeIjZAgcfl7p92ldGxad68LJZdL17lhWy,STUDENT
658e1a20-a869-45e6-862a-35bedd104380,student698@skit.ac.in,$2b$10$N9qo8uLOickgx2ZMRZoMyeIjZAgcfl7p92ldGxad68LJZdL17lhWy,STUDENT
d7f09972-7eb5-419d-b2e8-bf9b206393c4,student699@skit.ac.in,$2b$10$N9qo8uLOickgx2ZMRZoMyeIjZAgcfl7p92ldGxad68LJZdL17lhWy,STUDENT
bb787839-6e09-4f02-a34b-769cae51b9b2,student700@skit.ac.in,$2b$10$N9qo8uLOickgx2ZMRZoMyeIjZAgcfl7p92ldGxad68LJZdL17lhWy,STUDENT
08df58fc-654c-4554-84d1-a049c6750362,student701@skit.ac.in,$2b$10$N9qo8uLOickgx2ZMRZoMyeIjZAgcfl7p92ldGxad68LJZdL17lhWy,STUDENT
387b3f13-63bf-47a3-9b11-bd4ae1de1165,student702@skit.ac.in,$2b$10$N9qo8uLOickgx2ZMRZoMyeIjZAgcfl7p92ldGxad68LJZdL17lhWy,STUDENT
dbe6135f-fef7-4ea9-a25d-5375971d3e04,student703@skit.ac.in,$2b$10$N9qo8uLOickgx2ZMRZoMyeIjZAgcfl7p92ldGxad68LJZdL17lhWy,STUDENT
d2a24470-e899-444a-9e3f-e7d2ea5f1709,student704@skit.ac.in,$2b$10$N9qo8uLOickgx2ZMRZoMyeIjZAgcfl7p92ldGxad68LJZdL17lhWy,STUDENT
1f1678df-987e-4e29-b320-204ca8ba27c2,student705@skit.ac.in,$2b$10$N9qo8uLOickgx2ZMRZoMyeIjZAgcfl7p92ldGxad68LJZdL17lhWy,STUDENT
3ba0330a-3a05-467b-b0f9-0866b475579e,student706@skit.ac.in,$2b$10$N9qo8uLOickgx2ZMRZoMyeIjZAgcfl7p92ldGxad68LJZdL17lhWy,STUDENT
777a7a53-db41-4182-8d74-afcfd02bcd45,student707@skit.ac.in,$2b$10$N9qo8uLOickgx2ZMRZoMyeIjZAgcfl7p92ldGxad68LJZdL17lhWy,STUDENT
b07cfe39-f5c9-4e8d-ae31-779bf5106536,student708@skit.ac.in,$2b$10$N9qo8uLOickgx2ZMRZoMyeIjZAgcfl7p92ldGxad68LJZdL17lhWy,STUDENT
5ff124e2-8e5e-4837-af10-535fa9897d25,student709@skit.ac.in,$2b$10$N9qo8uLOickgx2ZMRZoMyeIjZAgcfl7p92ldGxad68LJZdL17lhWy,STUDENT
464f6245-ea2d-4117-a140-364cd9508fcd,student710@skit.ac.in,$2b$10$N9qo8uLOickgx2ZMRZoMyeIjZAgcfl7p92ldGxad68LJZdL17lhWy,STUDENT
e33589ba-f04f-489d-be83-d1aff85f4d91,student711@skit.ac.in,$2b$10$N9qo8uLOickgx2ZMRZoMyeIjZAgcfl7p92ldGxad68LJZdL17lhWy,STUDENT
2889f229-0083-4214-8329-e806216c561d,student712@skit.ac.in,$2b$10$N9qo8uLOickgx2ZMRZoMyeIjZAgcfl7p92ldGxad68LJZdL17lhWy,STUDENT
c29e2f3f-f60d-4b5f-8480-e5f24080baa5,student713@skit.ac.in,$2b$10$N9qo8uLOickgx2ZMRZoMyeIjZAgcfl7p92ldGxad68LJZdL17lhWy,STUDENT
4aff1667-7bd3-4fbd-9bbb-ea786cac5b5a,student714@skit.ac.in,$2b$10$N9qo8uLOickgx2ZMRZoMyeIjZAgcfl7p92ldGxad68LJZdL17lhWy,STUDENT
a2130cb8-a58c-4f56-b37e-8d73e81bfcf7,student715@skit.ac.in,$2b$10$N9qo8uLOickgx2ZMRZoMyeIjZAgcfl7p92ldGxad68LJZdL17lhWy,STUDENT
ee5f0c09-40ac-4db5-85b1-8f04f85bade8,student716@skit.ac.in,$2b$10$N9qo8uLOickgx2ZMRZoMyeIjZAgcfl7p92ldGxad68LJZdL17lhWy,STUDENT
4adb0099-4623-401b-ad82-8cb7d34f925b,student717@skit.ac.in,$2b$10$N9qo8uLOickgx2ZMRZoMyeIjZAgcfl7p92ldGxad68LJZdL17lhWy,STUDENT
0bb77ec3-35bd-4046-bf18-4eb1a3f5adcf,student718@skit.ac.in,$2b$10$N9qo8uLOickgx2ZMRZoMyeIjZAgcfl7p92ldGxad68LJZdL17lhWy,STUDENT
ec9a4ccd-5afd-4a69-8897-a8e022fd9fd5,student719@skit.ac.in,$2b$10$N9qo8uLOickgx2ZMRZoMyeIjZAgcfl7p92ldGxad68LJZdL17lhWy,STUDENT
e43c70ac-b6e1-4cf7-90be-69d54a15c405,student720@skit.ac.in,$2b$10$N9qo8uLOickgx2ZMRZoMyeIjZAgcfl7p92ldGxad68LJZdL17lhWy,STUDENT
c1adfb1a-fd40-4a07-9d98-aaa92b401ccf,student721@skit.ac.in,$2b$10$N9qo8uLOickgx2ZMRZoMyeIjZAgcfl7p92ldGxad68LJZdL17lhWy,STUDENT
58a7bec8-ed16-49ff-968c-ff8cca5a0143,student722@skit.ac.in,$2b$10$N9qo8uLOickgx2ZMRZoMyeIjZAgcfl7p92ldGxad68LJZdL17lhWy,STUDENT
12c5a34d-a25b-4553-b5f9-93812560612f,student723@skit.ac.in,$2b$10$N9qo8uLOickgx2ZMRZoMyeIjZAgcfl7p92ldGxad68LJZdL17lhWy,STUDENT
c5397754-b0fe-470c-b02e-ee56f2cbfd0f,student724@skit.ac.in,$2b$10$N9qo8uLOickgx2ZMRZoMyeIjZAgcfl7p92ldGxad68LJZdL17lhWy,STUDENT
3a365b85-43a8-4f58-886e-1ac3f3fe58c6,student725@skit.ac.in,$2b$10$N9qo8uLOickgx2ZMRZoMyeIjZAgcfl7p92ldGxad68LJZdL17lhWy,STUDENT
a89fe987-ba76-4b30-bf2d-742c52bfac96,student726@skit.ac.in,$2b$10$N9qo8uLOickgx2ZMRZoMyeIjZAgcfl7p92ldGxad68LJZdL17lhWy,STUDENT
87e4393c-40a6-4766-9f69-1f2073771454,student727@skit.ac.in,$2b$10$N9qo8uLOickgx2ZMRZoMyeIjZAgcfl7p92ldGxad68LJZdL17lhWy,STUDENT
309f9241-03da-4f0f-8e9d-936bd3cbb850,student728@skit.ac.in,$2b$10$N9qo8uLOickgx2ZMRZoMyeIjZAgcfl7p92ldGxad68LJZdL17lhWy,STUDENT
1f6df290-0035-4542-9456-8d2782c2b69a,student729@skit.ac.in,$2b$10$N9qo8uLOickgx2ZMRZoMyeIjZAgcfl7p92ldGxad68LJZdL17lhWy,STUDENT
8ba915bd-7af7-472e-b2da-ff5f397bf136,student730@skit.ac.in,$2b$10$N9qo8uLOickgx2ZMRZoMyeIjZAgcfl7p92ldGxad68LJZdL17lhWy,STUDENT
dc0db22c-da11-45b2-bf5e-36a0cfb7a7c2,student731@skit.ac.in,$2b$10$N9qo8uLOickgx2ZMRZoMyeIjZAgcfl7p92ldGxad68LJZdL17lhWy,STUDENT
839114a2-d24b-438a-9f07-d0a7f9a7be1b,student732@skit.ac.in,$2b$10$N9qo8uLOickgx2ZMRZoMyeIjZAgcfl7p92ldGxad68LJZdL17lhWy,STUDENT
4fe52c39-5df0-4f3f-aa28-a189ab139908,student733@skit.ac.in,$2b$10$N9qo8uLOickgx2ZMRZoMyeIjZAgcfl7p92ldGxad68LJZdL17lhWy,STUDENT
1924879e-16fc-4064-a88a-71bf206fbbbf,student734@skit.ac.in,$2b$10$N9qo8uLOickgx2ZMRZoMyeIjZAgcfl7p92ldGxad68LJZdL17lhWy,STUDENT
5c9783c9-8401-4c4f-b81c-bef024a5f1ed,student735@skit.ac.in,$2b$10$N9qo8uLOickgx2ZMRZoMyeIjZAgcfl7p92ldGxad68LJZdL17lhWy,STUDENT
b0882e62-03c1-4cb4-a8ad-0f2ba7bdca4e,student736@skit.ac.in,$2b$10$N9qo8uLOickgx2ZMRZoMyeIjZAgcfl7p92ldGxad68LJZdL17lhWy,STUDENT
58f86104-66d7-4aa7-a504-abb4eaea0e4a,student737@skit.ac.in,$2b$10$N9qo8uLOickgx2ZMRZoMyeIjZAgcfl7p92ldGxad68LJZdL17lhWy,STUDENT
8d38229e-0243-4363-975a-db3d48c3c7c4,student738@skit.ac.in,$2b$10$N9qo8uLOickgx2ZMRZoMyeIjZAgcfl7p92ldGxad68LJZdL17lhWy,STUDENT
277307fa-bbdb-4327-9ff2-1d7a2010d1e5,student739@skit.ac.in,$2b$10$N9qo8uLOickgx2ZMRZoMyeIjZAgcfl7p92ldGxad68LJZdL17lhWy,STUDENT
b23563bd-3105-45d1-8f02-1b5edcd0d406,student740@skit.ac.in,$2b$10$N9qo8uLOickgx2ZMRZoMyeIjZAgcfl7p92ldGxad68LJZdL17lhWy,STUDENT
de744afd-d6c5-4ab0-b729-7bc572d112da,student741@skit.ac.in,$2b$10$N9qo8uLOickgx2ZMRZoMyeIjZAgcfl7p92ldGxad68LJZdL17lhWy,STUDENT
43bd8055-f1aa-499f-b151-23922b8a6872,student742@skit.ac.in,$2b$10$N9qo8uLOickgx2ZMRZoMyeIjZAgcfl7p92ldGxad68LJZdL17lhWy,STUDENT
7564b456-a7b1-40f0-9f1b-d651e160fe5e,student743@skit.ac.in,$2b$10$N9qo8uLOickgx2ZMRZoMyeIjZAgcfl7p92ldGxad68LJZdL17lhWy,STUDENT
99b019ce-0732-49fc-b8c6-7cd3973ab08e,student744@skit.ac.in,$2b$10$N9qo8uLOickgx2ZMRZoMyeIjZAgcfl7p92ldGxad68LJZdL17lhWy,STUDENT
96ca5f87-7d63-4cda-b394-0ec9b91400d7,student745@skit.ac.in,$2b$10$N9qo8uLOickgx2ZMRZoMyeIjZAgcfl7p92ldGxad68LJZdL17lhWy,STUDENT
643116d7-509c-4ff3-9cc4-70dcd976abe1,student746@skit.ac.in,$2b$10$N9qo8uLOickgx2ZMRZoMyeIjZAgcfl7p92ldGxad68LJZdL17lhWy,STUDENT
046908f2-e6fa-4b56-a7a5-48720c84265d,student747@skit.ac.in,$2b$10$N9qo8uLOickgx2ZMRZoMyeIjZAgcfl7p92ldGxad68LJZdL17lhWy,STUDENT
68a4c1b0-240e-485a-92fd-486f17ab7300,student748@skit.ac.in,$2b$10$N9qo8uLOickgx2ZMRZoMyeIjZAgcfl7p92ldGxad68LJZdL17lhWy,STUDENT
cc9f7ce6-9d65-4215-ba43-ba503e3ad67a,student749@skit.ac.in,$2b$10$N9qo8uLOickgx2ZMRZoMyeIjZAgcfl7p92ldGxad68LJZdL17lhWy,STUDENT
c9d55333-b0b1-4160-aaec-ba950ba79c51,student750@skit.ac.in,$2b$10$N9qo8uLOickgx2ZMRZoMyeIjZAgcfl7p92ldGxad68LJZdL17lhWy,STUDENT
6ceb3146-65b1-4600-8106-6192bb947dac,student751@skit.ac.in,$2b$10$N9qo8uLOickgx2ZMRZoMyeIjZAgcfl7p92ldGxad68LJZdL17lhWy,STUDENT
10dcf8ff-4a2f-4708-b875-9c120929ae77,student752@skit.ac.in,$2b$10$N9qo8uLOickgx2ZMRZoMyeIjZAgcfl7p92ldGxad68LJZdL17lhWy,STUDENT
016c1105-d0bd-4d18-82a8-97af9bcbcc51,student753@skit.ac.in,$2b$10$N9qo8uLOickgx2ZMRZoMyeIjZAgcfl7p92ldGxad68LJZdL17lhWy,STUDENT
2ae4ad02-2b96-4afe-9789-d5acfcbb9552,student754@skit.ac.in,$2b$10$N9qo8uLOickgx2ZMRZoMyeIjZAgcfl7p92ldGxad68LJZdL17lhWy,STUDENT
3c195e66-95ae-4fda-a6f3-36855721d145,student755@skit.ac.in,$2b$10$N9qo8uLOickgx2ZMRZoMyeIjZAgcfl7p92ldGxad68LJZdL17lhWy,STUDENT
11d65f83-ec86-42ca-b3cf-013d04e7cac8,student756@skit.ac.in,$2b$10$N9qo8uLOickgx2ZMRZoMyeIjZAgcfl7p92ldGxad68LJZdL17lhWy,STUDENT
336a2d30-a28e-4cac-92f2-c23750957881,student757@skit.ac.in,$2b$10$N9qo8uLOickgx2ZMRZoMyeIjZAgcfl7p92ldGxad68LJZdL17lhWy,STUDENT
a1c6a2ad-e6b5-4219-9241-2350b16767c2,student758@skit.ac.in,$2b$10$N9qo8uLOickgx2ZMRZoMyeIjZAgcfl7p92ldGxad68LJZdL17lhWy,STUDENT
abe9d850-69e2-4b83-8a9f-a42cfef74340,student759@skit.ac.in,$2b$10$N9qo8uLOickgx2ZMRZoMyeIjZAgcfl7p92ldGxad68LJZdL17lhWy,STUDENT
6e7a5d86-9d6b-422f-85e6-175d4665f6e7,student760@skit.ac.in,$2b$10$N9qo8uLOickgx2ZMRZoMyeIjZAgcfl7p92ldGxad68LJZdL17lhWy,STUDENT
e3350cc0-6b25-439a-a909-6b4d625e7cc0,student761@skit.ac.in,$2b$10$N9qo8uLOickgx2ZMRZoMyeIjZAgcfl7p92ldGxad68LJZdL17lhWy,STUDENT
a49d6737-936b-4b12-8172-a2bf04dbaaa2,student762@skit.ac.in,$2b$10$N9qo8uLOickgx2ZMRZoMyeIjZAgcfl7p92ldGxad68LJZdL17lhWy,STUDENT
82b48a14-6659-44b5-8682-fe350196a19c,student763@skit.ac.in,$2b$10$N9qo8uLOickgx2ZMRZoMyeIjZAgcfl7p92ldGxad68LJZdL17lhWy,STUDENT
bedc7487-d413-4e11-a587-cd75cbac5ede,student764@skit.ac.in,$2b$10$N9qo8uLOickgx2ZMRZoMyeIjZAgcfl7p92ldGxad68LJZdL17lhWy,STUDENT
c7aaf74e-03b9-4853-bf6c-c626e5cc94ed,student765@skit.ac.in,$2b$10$N9qo8uLOickgx2ZMRZoMyeIjZAgcfl7p92ldGxad68LJZdL17lhWy,STUDENT
b721e88c-bb3b-452c-962a-b48148af02ef,student766@skit.ac.in,$2b$10$N9qo8uLOickgx2ZMRZoMyeIjZAgcfl7p92ldGxad68LJZdL17lhWy,STUDENT
c0d99fda-120b-4de4-b899-3ac885f0a6c9,student767@skit.ac.in,$2b$10$N9qo8uLOickgx2ZMRZoMyeIjZAgcfl7p92ldGxad68LJZdL17lhWy,STUDENT
e2982b19-9853-4efc-93ee-b5daf79de65d,student768@skit.ac.in,$2b$10$N9qo8uLOickgx2ZMRZoMyeIjZAgcfl7p92ldGxad68LJZdL17lhWy,STUDENT
3383684a-124b-456a-baed-d89e816ca139,student769@skit.ac.in,$2b$10$N9qo8uLOickgx2ZMRZoMyeIjZAgcfl7p92ldGxad68LJZdL17lhWy,STUDENT
eae3f386-4431-4727-83ba-b2a8e028666a,student770@skit.ac.in,$2b$10$N9qo8uLOickgx2ZMRZoMyeIjZAgcfl7p92ldGxad68LJZdL17lhWy,STUDENT
777fbd93-a506-4294-adef-e42f32a245e4,student771@skit.ac.in,$2b$10$N9qo8uLOickgx2ZMRZoMyeIjZAgcfl7p92ldGxad68LJZdL17lhWy,STUDENT
62515e20-0140-4fb1-986c-745ce2f79756,student772@skit.ac.in,$2b$10$N9qo8uLOickgx2ZMRZoMyeIjZAgcfl7p92ldGxad68LJZdL17lhWy,STUDENT
8f34228e-4ac3-4d0c-9852-c2ad41c9890a,student773@skit.ac.in,$2b$10$N9qo8uLOickgx2ZMRZoMyeIjZAgcfl7p92ldGxad68LJZdL17lhWy,STUDENT
c9205c87-5acb-40f6-9bd0-ce7bd765bc5c,student774@skit.ac.in,$2b$10$N9qo8uLOickgx2ZMRZoMyeIjZAgcfl7p92ldGxad68LJZdL17lhWy,STUDENT
15803f91-6d06-4ed4-a975-129a1cfb567f,student775@skit.ac.in,$2b$10$N9qo8uLOickgx2ZMRZoMyeIjZAgcfl7p92ldGxad68LJZdL17lhWy,STUDENT
f7d4c6fb-2221-400f-89d6-00e67035edaf,student776@skit.ac.in,$2b$10$N9qo8uLOickgx2ZMRZoMyeIjZAgcfl7p92ldGxad68LJZdL17lhWy,STUDENT
7b309297-0598-41de-bbf7-65524bd6ff0d,student777@skit.ac.in,$2b$10$N9qo8uLOickgx2ZMRZoMyeIjZAgcfl7p92ldGxad68LJZdL17lhWy,STUDENT
9772ff9a-0dc3-4188-924e-457b36c3dcfa,student778@skit.ac.in,$2b$10$N9qo8uLOickgx2ZMRZoMyeIjZAgcfl7p92ldGxad68LJZdL17lhWy,STUDENT
b8e55c28-2fd5-4721-8669-2beb32858f0f,student779@skit.ac.in,$2b$10$N9qo8uLOickgx2ZMRZoMyeIjZAgcfl7p92ldGxad68LJZdL17lhWy,STUDENT
13640534-b496-4a6d-b908-02849b35d6ea,student780@skit.ac.in,$2b$10$N9qo8uLOickgx2ZMRZoMyeIjZAgcfl7p92ldGxad68LJZdL17lhWy,STUDENT
8d01ae0c-fbb4-41a9-bd52-3d7a77430995,student781@skit.ac.in,$2b$10$N9qo8uLOickgx2ZMRZoMyeIjZAgcfl7p92ldGxad68LJZdL17lhWy,STUDENT
1ca19f38-f109-49ec-8b03-5c0495ff4d5d,student782@skit.ac.in,$2b$10$N9qo8uLOickgx2ZMRZoMyeIjZAgcfl7p92ldGxad68LJZdL17lhWy,STUDENT
d4cd40f6-895d-4805-85bb-74fb2e0eff6a,student783@skit.ac.in,$2b$10$N9qo8uLOickgx2ZMRZoMyeIjZAgcfl7p92ldGxad68LJZdL17lhWy,STUDENT
52bb8a64-a233-47f4-b7be-88933cead7e3,student784@skit.ac.in,$2b$10$N9qo8uLOickgx2ZMRZoMyeIjZAgcfl7p92ldGxad68LJZdL17lhWy,STUDENT
b7130350-5df4-4678-a863-969b60021709,student785@skit.ac.in,$2b$10$N9qo8uLOickgx2ZMRZoMyeIjZAgcfl7p92ldGxad68LJZdL17lhWy,STUDENT
2869386c-9188-4f63-aaf2-2b0a84ef23df,student786@skit.ac.in,$2b$10$N9qo8uLOickgx2ZMRZoMyeIjZAgcfl7p92ldGxad68LJZdL17lhWy,STUDENT
2b8f36d8-ce30-467c-ae92-400e65040790,student787@skit.ac.in,$2b$10$N9qo8uLOickgx2ZMRZoMyeIjZAgcfl7p92ldGxad68LJZdL17lhWy,STUDENT
07a860ce-edb4-43b9-9a58-cef2df6f59b1,student788@skit.ac.in,$2b$10$N9qo8uLOickgx2ZMRZoMyeIjZAgcfl7p92ldGxad68LJZdL17lhWy,STUDENT
d8289c1b-0dda-4a1c-965e-17df68172099,student789@skit.ac.in,$2b$10$N9qo8uLOickgx2ZMRZoMyeIjZAgcfl7p92ldGxad68LJZdL17lhWy,STUDENT
8b1bb665-1d96-4524-a1e6-33e467f847d2,student790@skit.ac.in,$2b$10$N9qo8uLOickgx2ZMRZoMyeIjZAgcfl7p92ldGxad68LJZdL17lhWy,STUDENT
5798a575-53c1-4c68-944a-247916787b98,student791@skit.ac.in,$2b$10$N9qo8uLOickgx2ZMRZoMyeIjZAgcfl7p92ldGxad68LJZdL17lhWy,STUDENT
c5c7e9e9-6a43-4eba-9c1b-c5f413495272,student792@skit.ac.in,$2b$10$N9qo8uLOickgx2ZMRZoMyeIjZAgcfl7p92ldGxad68LJZdL17lhWy,STUDENT
0e1413b9-33b2-4ea2-bc36-1c0fcc5ed1d5,student793@skit.ac.in,$2b$10$N9qo8uLOickgx2ZMRZoMyeIjZAgcfl7p92ldGxad68LJZdL17lhWy,STUDENT
65b1bdbe-9580-4493-be29-8b55a68ce482,student794@skit.ac.in,$2b$10$N9qo8uLOickgx2ZMRZoMyeIjZAgcfl7p92ldGxad68LJZdL17lhWy,STUDENT
f141df0a-3bdc-41bf-8752-70688a929302,student795@skit.ac.in,$2b$10$N9qo8uLOickgx2ZMRZoMyeIjZAgcfl7p92ldGxad68LJZdL17lhWy,STUDENT
72b4c201-98da-4960-95dc-e2ecc387769a,student796@skit.ac.in,$2b$10$N9qo8uLOickgx2ZMRZoMyeIjZAgcfl7p92ldGxad68LJZdL17lhWy,STUDENT
63bf7cd6-d5dd-452b-998d-a2a3ff8dce60,student797@skit.ac.in,$2b$10$N9qo8uLOickgx2ZMRZoMyeIjZAgcfl7p92ldGxad68LJZdL17lhWy,STUDENT
a8cdff69-fa39-4f7f-9df0-975d441448b7,student798@skit.ac.in,$2b$10$N9qo8uLOickgx2ZMRZoMyeIjZAgcfl7p92ldGxad68LJZdL17lhWy,STUDENT
af6c66cc-6a43-4d97-b6fb-0e2bc0d8100c,student799@skit.ac.in,$2b$10$N9qo8uLOickgx2ZMRZoMyeIjZAgcfl7p92ldGxad68LJZdL17lhWy,STUDENT
f00bb52e-ca6a-4a95-9f6a-3fd1190ac64c,student800@skit.ac.in,$2b$10$N9qo8uLOickgx2ZMRZoMyeIjZAgcfl7p92ldGxad68LJZdL17lhWy,STUDENT
397d1f35-680a-4e03-9d50-2f1e038e2df7,student801@skit.ac.in,$2b$10$N9qo8uLOickgx2ZMRZoMyeIjZAgcfl7p92ldGxad68LJZdL17lhWy,STUDENT
5729974b-5a5d-4d3e-bcaa-1160b801669e,student802@skit.ac.in,$2b$10$N9qo8uLOickgx2ZMRZoMyeIjZAgcfl7p92ldGxad68LJZdL17lhWy,STUDENT
af850d05-e8f0-4fd2-b78b-779e1bd59724,student803@skit.ac.in,$2b$10$N9qo8uLOickgx2ZMRZoMyeIjZAgcfl7p92ldGxad68LJZdL17lhWy,STUDENT
09c28281-38a8-4dbb-9a5a-ad5ea7f1fa39,student804@skit.ac.in,$2b$10$N9qo8uLOickgx2ZMRZoMyeIjZAgcfl7p92ldGxad68LJZdL17lhWy,STUDENT
31fed499-8679-4e1f-a216-3f384f3bffec,student805@skit.ac.in,$2b$10$N9qo8uLOickgx2ZMRZoMyeIjZAgcfl7p92ldGxad68LJZdL17lhWy,STUDENT
b339238b-d9c7-4467-bfd4-c90f582a86b1,student806@skit.ac.in,$2b$10$N9qo8uLOickgx2ZMRZoMyeIjZAgcfl7p92ldGxad68LJZdL17lhWy,STUDENT
3035d046-ad4c-407d-9da7-30827030990b,student807@skit.ac.in,$2b$10$N9qo8uLOickgx2ZMRZoMyeIjZAgcfl7p92ldGxad68LJZdL17lhWy,STUDENT
50f23c59-87e9-48b3-aeac-9e19e2696c13,student808@skit.ac.in,$2b$10$N9qo8uLOickgx2ZMRZoMyeIjZAgcfl7p92ldGxad68LJZdL17lhWy,STUDENT
3458e18d-87fd-4e51-bbae-83afad4d045e,student809@skit.ac.in,$2b$10$N9qo8uLOickgx2ZMRZoMyeIjZAgcfl7p92ldGxad68LJZdL17lhWy,STUDENT
f55bd19e-e5b7-4f8e-8008-9402eead3bcd,student810@skit.ac.in,$2b$10$N9qo8uLOickgx2ZMRZoMyeIjZAgcfl7p92ldGxad68LJZdL17lhWy,STUDENT
1dad66c0-2448-4ecd-a134-15a578d6ed38,student811@skit.ac.in,$2b$10$N9qo8uLOickgx2ZMRZoMyeIjZAgcfl7p92ldGxad68LJZdL17lhWy,STUDENT
7ec07bd3-ca69-4fb2-bff4-9b943f0189c5,student812@skit.ac.in,$2b$10$N9qo8uLOickgx2ZMRZoMyeIjZAgcfl7p92ldGxad68LJZdL17lhWy,STUDENT
88fd0cb2-42b1-4e7e-ad7e-c6113c4f0848,student813@skit.ac.in,$2b$10$N9qo8uLOickgx2ZMRZoMyeIjZAgcfl7p92ldGxad68LJZdL17lhWy,STUDENT
fa9e3b50-de87-4e02-af6d-7748fba4c79e,student814@skit.ac.in,$2b$10$N9qo8uLOickgx2ZMRZoMyeIjZAgcfl7p92ldGxad68LJZdL17lhWy,STUDENT
4c130dde-81cf-4bca-b71f-b2413a3f993d,student815@skit.ac.in,$2b$10$N9qo8uLOickgx2ZMRZoMyeIjZAgcfl7p92ldGxad68LJZdL17lhWy,STUDENT
f1f46990-c718-4f55-986b-63ad746ef6a7,student816@skit.ac.in,$2b$10$N9qo8uLOickgx2ZMRZoMyeIjZAgcfl7p92ldGxad68LJZdL17lhWy,STUDENT
806fbc20-4f17-47b8-b610-f6151bfe39c3,student817@skit.ac.in,$2b$10$N9qo8uLOickgx2ZMRZoMyeIjZAgcfl7p92ldGxad68LJZdL17lhWy,STUDENT
9dba5224-9eb6-4a40-a6fe-8603892876fe,student818@skit.ac.in,$2b$10$N9qo8uLOickgx2ZMRZoMyeIjZAgcfl7p92ldGxad68LJZdL17lhWy,STUDENT
88cbd3db-660f-48fe-b147-e4602d5c906b,student819@skit.ac.in,$2b$10$N9qo8uLOickgx2ZMRZoMyeIjZAgcfl7p92ldGxad68LJZdL17lhWy,STUDENT
d1ac6a0c-e16b-463b-a70d-1e82fa522898,student820@skit.ac.in,$2b$10$N9qo8uLOickgx2ZMRZoMyeIjZAgcfl7p92ldGxad68LJZdL17lhWy,STUDENT
13873bf7-2a5e-4ed9-a5d9-9086740d9920,student821@skit.ac.in,$2b$10$N9qo8uLOickgx2ZMRZoMyeIjZAgcfl7p92ldGxad68LJZdL17lhWy,STUDENT
90152df2-9912-4d9a-818e-cca60cc13a3f,student822@skit.ac.in,$2b$10$N9qo8uLOickgx2ZMRZoMyeIjZAgcfl7p92ldGxad68LJZdL17lhWy,STUDENT
5181a2d0-eaf8-4b8c-a0b1-345906262040,student823@skit.ac.in,$2b$10$N9qo8uLOickgx2ZMRZoMyeIjZAgcfl7p92ldGxad68LJZdL17lhWy,STUDENT
9ab5918c-2987-4c34-924f-96a3114ffad7,student824@skit.ac.in,$2b$10$N9qo8uLOickgx2ZMRZoMyeIjZAgcfl7p92ldGxad68LJZdL17lhWy,STUDENT
2be9afdf-3a8f-4fa5-9e60-ff0378afc4d4,student825@skit.ac.in,$2b$10$N9qo8uLOickgx2ZMRZoMyeIjZAgcfl7p92ldGxad68LJZdL17lhWy,STUDENT
f675e7a3-c6a8-43fe-861f-0ec974bf3215,student826@skit.ac.in,$2b$10$N9qo8uLOickgx2ZMRZoMyeIjZAgcfl7p92ldGxad68LJZdL17lhWy,STUDENT
43892873-7c50-4920-948e-3872520fa5cc,student827@skit.ac.in,$2b$10$N9qo8uLOickgx2ZMRZoMyeIjZAgcfl7p92ldGxad68LJZdL17lhWy,STUDENT
2ef06f69-8cbd-4c78-92e3-bbaec971235b,student828@skit.ac.in,$2b$10$N9qo8uLOickgx2ZMRZoMyeIjZAgcfl7p92ldGxad68LJZdL17lhWy,STUDENT
74110b99-c064-4f31-ab30-a385706e116e,student829@skit.ac.in,$2b$10$N9qo8uLOickgx2ZMRZoMyeIjZAgcfl7p92ldGxad68LJZdL17lhWy,STUDENT
b2c4f6e0-e417-4d42-bb20-2f4eb3d52833,student830@skit.ac.in,$2b$10$N9qo8uLOickgx2ZMRZoMyeIjZAgcfl7p92ldGxad68LJZdL17lhWy,STUDENT
2048ad08-0b19-4861-bed6-8260edb0561e,student831@skit.ac.in,$2b$10$N9qo8uLOickgx2ZMRZoMyeIjZAgcfl7p92ldGxad68LJZdL17lhWy,STUDENT
05bcaca9-21c7-4022-88f1-88991458f0a9,student832@skit.ac.in,$2b$10$N9qo8uLOickgx2ZMRZoMyeIjZAgcfl7p92ldGxad68LJZdL17lhWy,STUDENT
d44ae8f1-47e0-4061-9128-40587f5e49bc,student833@skit.ac.in,$2b$10$N9qo8uLOickgx2ZMRZoMyeIjZAgcfl7p92ldGxad68LJZdL17lhWy,STUDENT
d6cc3990-ffc6-48c5-820e-25de36a0d925,student834@skit.ac.in,$2b$10$N9qo8uLOickgx2ZMRZoMyeIjZAgcfl7p92ldGxad68LJZdL17lhWy,STUDENT
9c1d157d-8e37-46ad-9c6d-98fbc00c3fc2,student835@skit.ac.in,$2b$10$N9qo8uLOickgx2ZMRZoMyeIjZAgcfl7p92ldGxad68LJZdL17lhWy,STUDENT
b4bc0734-604a-482e-aa70-456a93736b9e,student836@skit.ac.in,$2b$10$N9qo8uLOickgx2ZMRZoMyeIjZAgcfl7p92ldGxad68LJZdL17lhWy,STUDENT
2614bc6f-bd5c-482e-9007-f9b67011d216,student837@skit.ac.in,$2b$10$N9qo8uLOickgx2ZMRZoMyeIjZAgcfl7p92ldGxad68LJZdL17lhWy,STUDENT
4df510c4-6149-4156-a904-4123c36315e7,student838@skit.ac.in,$2b$10$N9qo8uLOickgx2ZMRZoMyeIjZAgcfl7p92ldGxad68LJZdL17lhWy,STUDENT
796c81db-e43f-4b27-bbad-8c08b98f1646,student839@skit.ac.in,$2b$10$N9qo8uLOickgx2ZMRZoMyeIjZAgcfl7p92ldGxad68LJZdL17lhWy,STUDENT
bfbbe41f-20f7-4134-b97c-8950bf63778b,student840@skit.ac.in,$2b$10$N9qo8uLOickgx2ZMRZoMyeIjZAgcfl7p92ldGxad68LJZdL17lhWy,STUDENT
4f76ad38-70ba-433e-bd5f-fdb19879cf84,student841@skit.ac.in,$2b$10$N9qo8uLOickgx2ZMRZoMyeIjZAgcfl7p92ldGxad68LJZdL17lhWy,STUDENT
574befab-4603-4270-ab29-ba5b4c49000b,student842@skit.ac.in,$2b$10$N9qo8uLOickgx2ZMRZoMyeIjZAgcfl7p92ldGxad68LJZdL17lhWy,STUDENT
b50f932b-6085-42b0-8fe4-d8c4a1422ed0,student843@skit.ac.in,$2b$10$N9qo8uLOickgx2ZMRZoMyeIjZAgcfl7p92ldGxad68LJZdL17lhWy,STUDENT
9ca5bbab-af24-423b-a352-cfb6c8da99b5,student844@skit.ac.in,$2b$10$N9qo8uLOickgx2ZMRZoMyeIjZAgcfl7p92ldGxad68LJZdL17lhWy,STUDENT
707fe868-2c65-4db3-a66f-c71c6c613a20,student845@skit.ac.in,$2b$10$N9qo8uLOickgx2ZMRZoMyeIjZAgcfl7p92ldGxad68LJZdL17lhWy,STUDENT
c11e1ef1-31a8-4c79-b927-40bf817a675d,student846@skit.ac.in,$2b$10$N9qo8uLOickgx2ZMRZoMyeIjZAgcfl7p92ldGxad68LJZdL17lhWy,STUDENT
3c924519-528d-4f98-8728-38cc39dc6628,student847@skit.ac.in,$2b$10$N9qo8uLOickgx2ZMRZoMyeIjZAgcfl7p92ldGxad68LJZdL17lhWy,STUDENT
0d8df11f-1038-41db-8579-8c1c3062acfd,student848@skit.ac.in,$2b$10$N9qo8uLOickgx2ZMRZoMyeIjZAgcfl7p92ldGxad68LJZdL17lhWy,STUDENT
f527e59c-60fd-4af2-8aa2-19e2af55fcf0,student849@skit.ac.in,$2b$10$N9qo8uLOickgx2ZMRZoMyeIjZAgcfl7p92ldGxad68LJZdL17lhWy,STUDENT
e42c9aa6-dbfd-4e76-85ec-e0252996b359,student850@skit.ac.in,$2b$10$N9qo8uLOickgx2ZMRZoMyeIjZAgcfl7p92ldGxad68LJZdL17lhWy,STUDENT
c2781aec-2c15-4710-84b2-c8f37e8ff8a3,student851@skit.ac.in,$2b$10$N9qo8uLOickgx2ZMRZoMyeIjZAgcfl7p92ldGxad68LJZdL17lhWy,STUDENT
5b90deda-c8e0-4d74-8c55-1a9cbcb013d2,student852@skit.ac.in,$2b$10$N9qo8uLOickgx2ZMRZoMyeIjZAgcfl7p92ldGxad68LJZdL17lhWy,STUDENT
46388d3b-c608-40da-b94f-c53651030f0c,student853@skit.ac.in,$2b$10$N9qo8uLOickgx2ZMRZoMyeIjZAgcfl7p92ldGxad68LJZdL17lhWy,STUDENT
6f164a53-abf7-434a-a452-207323006384,student854@skit.ac.in,$2b$10$N9qo8uLOickgx2ZMRZoMyeIjZAgcfl7p92ldGxad68LJZdL17lhWy,STUDENT
9d2f5441-c8e4-4a56-adc3-1ad3958b6529,student855@skit.ac.in,$2b$10$N9qo8uLOickgx2ZMRZoMyeIjZAgcfl7p92ldGxad68LJZdL17lhWy,STUDENT
62d2e64a-893d-45eb-8d35-34c1e0ecf143,student856@skit.ac.in,$2b$10$N9qo8uLOickgx2ZMRZoMyeIjZAgcfl7p92ldGxad68LJZdL17lhWy,STUDENT
b08ed53a-3b18-4fbb-a9fc-58ee0a31a1ac,student857@skit.ac.in,$2b$10$N9qo8uLOickgx2ZMRZoMyeIjZAgcfl7p92ldGxad68LJZdL17lhWy,STUDENT
f2aa35fe-fdd6-45a7-9881-eba0b3dd6adb,student858@skit.ac.in,$2b$10$N9qo8uLOickgx2ZMRZoMyeIjZAgcfl7p92ldGxad68LJZdL17lhWy,STUDENT
00014582-820d-4c26-a805-0814655be5aa,student859@skit.ac.in,$2b$10$N9qo8uLOickgx2ZMRZoMyeIjZAgcfl7p92ldGxad68LJZdL17lhWy,STUDENT
09b4b684-57bb-4907-9e48-80ccdb529ff3,student860@skit.ac.in,$2b$10$N9qo8uLOickgx2ZMRZoMyeIjZAgcfl7p92ldGxad68LJZdL17lhWy,STUDENT
0f4d626d-3c77-4ebc-9703-27400e83950d,student861@skit.ac.in,$2b$10$N9qo8uLOickgx2ZMRZoMyeIjZAgcfl7p92ldGxad68LJZdL17lhWy,STUDENT
e30c9098-72c9-49d8-9961-52bbd78fa731,student862@skit.ac.in,$2b$10$N9qo8uLOickgx2ZMRZoMyeIjZAgcfl7p92ldGxad68LJZdL17lhWy,STUDENT
36a2ba13-35d8-48e8-91ea-5c58a8393c75,student863@skit.ac.in,$2b$10$N9qo8uLOickgx2ZMRZoMyeIjZAgcfl7p92ldGxad68LJZdL17lhWy,STUDENT
cb65e5be-21bb-4951-873f-fc7232e89840,student864@skit.ac.in,$2b$10$N9qo8uLOickgx2ZMRZoMyeIjZAgcfl7p92ldGxad68LJZdL17lhWy,STUDENT
f61d3795-9e94-4756-952d-53c3fcae3a54,student865@skit.ac.in,$2b$10$N9qo8uLOickgx2ZMRZoMyeIjZAgcfl7p92ldGxad68LJZdL17lhWy,STUDENT
1c6f6deb-4547-4ccc-a233-9bc9d541d022,student866@skit.ac.in,$2b$10$N9qo8uLOickgx2ZMRZoMyeIjZAgcfl7p92ldGxad68LJZdL17lhWy,STUDENT
621fca35-07ff-43b4-b9e2-f48aebfcc9a9,student867@skit.ac.in,$2b$10$N9qo8uLOickgx2ZMRZoMyeIjZAgcfl7p92ldGxad68LJZdL17lhWy,STUDENT
9e8768bf-9681-4af8-8486-43d0ef41189b,student868@skit.ac.in,$2b$10$N9qo8uLOickgx2ZMRZoMyeIjZAgcfl7p92ldGxad68LJZdL17lhWy,STUDENT
bde82bdf-03e9-40d0-b5f4-095ef5f8ed45,student869@skit.ac.in,$2b$10$N9qo8uLOickgx2ZMRZoMyeIjZAgcfl7p92ldGxad68LJZdL17lhWy,STUDENT
274f1fa2-a704-43e1-883f-04637a849f84,student870@skit.ac.in,$2b$10$N9qo8uLOickgx2ZMRZoMyeIjZAgcfl7p92ldGxad68LJZdL17lhWy,STUDENT
8b7b831e-8cea-460d-a4e0-bf863ac0a74d,student871@skit.ac.in,$2b$10$N9qo8uLOickgx2ZMRZoMyeIjZAgcfl7p92ldGxad68LJZdL17lhWy,STUDENT
ad3027fa-b26e-46e2-b454-acc44f741402,student872@skit.ac.in,$2b$10$N9qo8uLOickgx2ZMRZoMyeIjZAgcfl7p92ldGxad68LJZdL17lhWy,STUDENT
d8d386e4-528e-4b33-89d9-df7b96a08811,student873@skit.ac.in,$2b$10$N9qo8uLOickgx2ZMRZoMyeIjZAgcfl7p92ldGxad68LJZdL17lhWy,STUDENT
f8d240ff-1251-4907-bcd9-b210a97e4606,student874@skit.ac.in,$2b$10$N9qo8uLOickgx2ZMRZoMyeIjZAgcfl7p92ldGxad68LJZdL17lhWy,STUDENT
e1ad58c3-773e-456a-b0e7-ea39c743da36,student875@skit.ac.in,$2b$10$N9qo8uLOickgx2ZMRZoMyeIjZAgcfl7p92ldGxad68LJZdL17lhWy,STUDENT
69a5c00e-2d8f-4b06-9299-7e821b772d95,student876@skit.ac.in,$2b$10$N9qo8uLOickgx2ZMRZoMyeIjZAgcfl7p92ldGxad68LJZdL17lhWy,STUDENT
9b41dc0e-ec30-49e8-82be-8b03205f8148,student877@skit.ac.in,$2b$10$N9qo8uLOickgx2ZMRZoMyeIjZAgcfl7p92ldGxad68LJZdL17lhWy,STUDENT
96480143-1a81-4e41-a78a-ef8cd21a3349,student878@skit.ac.in,$2b$10$N9qo8uLOickgx2ZMRZoMyeIjZAgcfl7p92ldGxad68LJZdL17lhWy,STUDENT
aa9c7e78-1b20-445d-955c-34e7bdaa7096,student879@skit.ac.in,$2b$10$N9qo8uLOickgx2ZMRZoMyeIjZAgcfl7p92ldGxad68LJZdL17lhWy,STUDENT
61ab06ad-42f1-4ef6-a037-fa2c81f5281f,student880@skit.ac.in,$2b$10$N9qo8uLOickgx2ZMRZoMyeIjZAgcfl7p92ldGxad68LJZdL17lhWy,STUDENT
3e9ec58c-fa45-4673-a3e3-c67b43c198cf,student881@skit.ac.in,$2b$10$N9qo8uLOickgx2ZMRZoMyeIjZAgcfl7p92ldGxad68LJZdL17lhWy,STUDENT
e9201037-6f5d-410e-935f-10f8f0662971,student882@skit.ac.in,$2b$10$N9qo8uLOickgx2ZMRZoMyeIjZAgcfl7p92ldGxad68LJZdL17lhWy,STUDENT
101dc130-dc47-4b53-9ef8-4cce39e3f1b3,student883@skit.ac.in,$2b$10$N9qo8uLOickgx2ZMRZoMyeIjZAgcfl7p92ldGxad68LJZdL17lhWy,STUDENT
7310ad74-33c5-41c9-94f4-b3e5b163fa6c,student884@skit.ac.in,$2b$10$N9qo8uLOickgx2ZMRZoMyeIjZAgcfl7p92ldGxad68LJZdL17lhWy,STUDENT
a9b81da5-b934-4f15-b1ec-76b72af81d6f,student885@skit.ac.in,$2b$10$N9qo8uLOickgx2ZMRZoMyeIjZAgcfl7p92ldGxad68LJZdL17lhWy,STUDENT
ee383b84-af7b-41b6-9812-7da59a885a40,student886@skit.ac.in,$2b$10$N9qo8uLOickgx2ZMRZoMyeIjZAgcfl7p92ldGxad68LJZdL17lhWy,STUDENT
04297a87-58b1-49ea-98dc-699e2b952759,student887@skit.ac.in,$2b$10$N9qo8uLOickgx2ZMRZoMyeIjZAgcfl7p92ldGxad68LJZdL17lhWy,STUDENT
b25949e5-db1b-41b9-ab59-3bed4283273d,student888@skit.ac.in,$2b$10$N9qo8uLOickgx2ZMRZoMyeIjZAgcfl7p92ldGxad68LJZdL17lhWy,STUDENT
5b1d04bd-9a48-4e85-b8bc-e50ddc7b1c3f,student889@skit.ac.in,$2b$10$N9qo8uLOickgx2ZMRZoMyeIjZAgcfl7p92ldGxad68LJZdL17lhWy,STUDENT
a8c7b97f-cb00-48a7-9051-38f59831515e,student890@skit.ac.in,$2b$10$N9qo8uLOickgx2ZMRZoMyeIjZAgcfl7p92ldGxad68LJZdL17lhWy,STUDENT
3bff0499-790e-4246-a956-d3b9c6207fce,student891@skit.ac.in,$2b$10$N9qo8uLOickgx2ZMRZoMyeIjZAgcfl7p92ldGxad68LJZdL17lhWy,STUDENT
cd4a9354-6307-40ff-862c-aca411d772e5,student892@skit.ac.in,$2b$10$N9qo8uLOickgx2ZMRZoMyeIjZAgcfl7p92ldGxad68LJZdL17lhWy,STUDENT
2fbcba26-9fd6-4a7c-b1e9-0c2b3853fa67,student893@skit.ac.in,$2b$10$N9qo8uLOickgx2ZMRZoMyeIjZAgcfl7p92ldGxad68LJZdL17lhWy,STUDENT
9e155734-37e6-4732-8474-89cc51a120f0,student894@skit.ac.in,$2b$10$N9qo8uLOickgx2ZMRZoMyeIjZAgcfl7p92ldGxad68LJZdL17lhWy,STUDENT
b89ec6fe-3649-4a98-a856-7211a66b5bd6,student895@skit.ac.in,$2b$10$N9qo8uLOickgx2ZMRZoMyeIjZAgcfl7p92ldGxad68LJZdL17lhWy,STUDENT
b51b0d0b-dd3e-48f0-b878-8ec62fdc780d,student896@skit.ac.in,$2b$10$N9qo8uLOickgx2ZMRZoMyeIjZAgcfl7p92ldGxad68LJZdL17lhWy,STUDENT
fdc34d59-641e-4696-9f79-a5f1e7ef783c,student897@skit.ac.in,$2b$10$N9qo8uLOickgx2ZMRZoMyeIjZAgcfl7p92ldGxad68LJZdL17lhWy,STUDENT
ea157098-dca7-4fa0-a994-33d0d86df418,student898@skit.ac.in,$2b$10$N9qo8uLOickgx2ZMRZoMyeIjZAgcfl7p92ldGxad68LJZdL17lhWy,STUDENT
e9ee31d9-e0b5-4c84-8b14-900fd2286b98,student899@skit.ac.in,$2b$10$N9qo8uLOickgx2ZMRZoMyeIjZAgcfl7p92ldGxad68LJZdL17lhWy,STUDENT
358e56b4-b2cb-4d1e-99d3-24668ff0ad9b,student900@skit.ac.in,$2b$10$N9qo8uLOickgx2ZMRZoMyeIjZAgcfl7p92ldGxad68LJZdL17lhWy,STUDENT
531b53f8-c978-4b9d-be3b-4cf4dfe5a2fd,student901@skit.ac.in,$2b$10$N9qo8uLOickgx2ZMRZoMyeIjZAgcfl7p92ldGxad68LJZdL17lhWy,STUDENT
cd25e4e5-6a2a-4c88-b67b-f576b4cfc814,student902@skit.ac.in,$2b$10$N9qo8uLOickgx2ZMRZoMyeIjZAgcfl7p92ldGxad68LJZdL17lhWy,STUDENT
e0acfa43-591a-488f-9c5a-29196bbb4161,student903@skit.ac.in,$2b$10$N9qo8uLOickgx2ZMRZoMyeIjZAgcfl7p92ldGxad68LJZdL17lhWy,STUDENT
d7d5f745-e1b3-4a3e-83f2-f50d9fe29731,student904@skit.ac.in,$2b$10$N9qo8uLOickgx2ZMRZoMyeIjZAgcfl7p92ldGxad68LJZdL17lhWy,STUDENT
23bbec19-f143-4b82-b899-f163976c76c9,student905@skit.ac.in,$2b$10$N9qo8uLOickgx2ZMRZoMyeIjZAgcfl7p92ldGxad68LJZdL17lhWy,STUDENT
17b0a78c-d450-4785-938c-fe4964b04008,student906@skit.ac.in,$2b$10$N9qo8uLOickgx2ZMRZoMyeIjZAgcfl7p92ldGxad68LJZdL17lhWy,STUDENT
545ff5bf-d1e6-4c73-b8e5-2bd190ce5507,student907@skit.ac.in,$2b$10$N9qo8uLOickgx2ZMRZoMyeIjZAgcfl7p92ldGxad68LJZdL17lhWy,STUDENT
7fa2db22-ca6b-4f01-81a4-7e6a9de3cbe3,student908@skit.ac.in,$2b$10$N9qo8uLOickgx2ZMRZoMyeIjZAgcfl7p92ldGxad68LJZdL17lhWy,STUDENT
8c7b8a76-cb1c-4b77-bd98-f3c6b3275ca3,student909@skit.ac.in,$2b$10$N9qo8uLOickgx2ZMRZoMyeIjZAgcfl7p92ldGxad68LJZdL17lhWy,STUDENT
d52dc1d5-b828-409d-903b-7e5f4b0cca20,student910@skit.ac.in,$2b$10$N9qo8uLOickgx2ZMRZoMyeIjZAgcfl7p92ldGxad68LJZdL17lhWy,STUDENT
0e09bd64-a9a0-4869-afea-1dfb88e3d946,student911@skit.ac.in,$2b$10$N9qo8uLOickgx2ZMRZoMyeIjZAgcfl7p92ldGxad68LJZdL17lhWy,STUDENT
6e05f009-9229-4d80-86ad-5c63ae007c9b,student912@skit.ac.in,$2b$10$N9qo8uLOickgx2ZMRZoMyeIjZAgcfl7p92ldGxad68LJZdL17lhWy,STUDENT
49b70c74-801e-4053-b938-46cfee3b1cd4,student913@skit.ac.in,$2b$10$N9qo8uLOickgx2ZMRZoMyeIjZAgcfl7p92ldGxad68LJZdL17lhWy,STUDENT
b8f3bb44-2b91-4828-834d-633daeab6cf8,student914@skit.ac.in,$2b$10$N9qo8uLOickgx2ZMRZoMyeIjZAgcfl7p92ldGxad68LJZdL17lhWy,STUDENT
68b6ebb0-2514-465d-999b-891ef836d4bf,student915@skit.ac.in,$2b$10$N9qo8uLOickgx2ZMRZoMyeIjZAgcfl7p92ldGxad68LJZdL17lhWy,STUDENT
f92e35c7-70df-4bad-85a0-0df6ceacbbcd,student916@skit.ac.in,$2b$10$N9qo8uLOickgx2ZMRZoMyeIjZAgcfl7p92ldGxad68LJZdL17lhWy,STUDENT
a6739a46-579c-4e3e-8faf-b4bfc0952a74,student917@skit.ac.in,$2b$10$N9qo8uLOickgx2ZMRZoMyeIjZAgcfl7p92ldGxad68LJZdL17lhWy,STUDENT
fb52958c-2172-4ea9-9319-ad7003839919,student918@skit.ac.in,$2b$10$N9qo8uLOickgx2ZMRZoMyeIjZAgcfl7p92ldGxad68LJZdL17lhWy,STUDENT
05f4f76e-1ee7-4d42-96b6-f337886b397f,student919@skit.ac.in,$2b$10$N9qo8uLOickgx2ZMRZoMyeIjZAgcfl7p92ldGxad68LJZdL17lhWy,STUDENT
b96a17ab-93c0-448e-8af7-3a0b9a450a33,student920@skit.ac.in,$2b$10$N9qo8uLOickgx2ZMRZoMyeIjZAgcfl7p92ldGxad68LJZdL17lhWy,STUDENT
5a17f7f0-032f-4dce-a1b6-1784c110dfdf,student921@skit.ac.in,$2b$10$N9qo8uLOickgx2ZMRZoMyeIjZAgcfl7p92ldGxad68LJZdL17lhWy,STUDENT
a3596557-1db6-4df5-a161-d2bbcfe6918e,student922@skit.ac.in,$2b$10$N9qo8uLOickgx2ZMRZoMyeIjZAgcfl7p92ldGxad68LJZdL17lhWy,STUDENT
6b915c93-fdb5-44b5-9bb3-312ed8791db6,student923@skit.ac.in,$2b$10$N9qo8uLOickgx2ZMRZoMyeIjZAgcfl7p92ldGxad68LJZdL17lhWy,STUDENT
ab0be8db-f614-4268-88ed-8fcb58cc4f68,student924@skit.ac.in,$2b$10$N9qo8uLOickgx2ZMRZoMyeIjZAgcfl7p92ldGxad68LJZdL17lhWy,STUDENT
219bd90d-4fc3-4027-bbec-468d1ae4a50b,student925@skit.ac.in,$2b$10$N9qo8uLOickgx2ZMRZoMyeIjZAgcfl7p92ldGxad68LJZdL17lhWy,STUDENT
08b3b2bc-47af-4088-8436-481d2865bdfa,student926@skit.ac.in,$2b$10$N9qo8uLOickgx2ZMRZoMyeIjZAgcfl7p92ldGxad68LJZdL17lhWy,STUDENT
1d115e75-c055-48cb-a00c-07b33882723c,student927@skit.ac.in,$2b$10$N9qo8uLOickgx2ZMRZoMyeIjZAgcfl7p92ldGxad68LJZdL17lhWy,STUDENT
84f27f9a-f0fd-4247-9b13-54e8a4e43176,student928@skit.ac.in,$2b$10$N9qo8uLOickgx2ZMRZoMyeIjZAgcfl7p92ldGxad68LJZdL17lhWy,STUDENT
0168d33e-8353-4918-b121-2ea0086400ab,student929@skit.ac.in,$2b$10$N9qo8uLOickgx2ZMRZoMyeIjZAgcfl7p92ldGxad68LJZdL17lhWy,STUDENT
4d272189-8535-44e3-970a-36dcee64f2f6,student930@skit.ac.in,$2b$10$N9qo8uLOickgx2ZMRZoMyeIjZAgcfl7p92ldGxad68LJZdL17lhWy,STUDENT
ceb5f47c-5671-4410-bc1d-22ae2d898e92,student931@skit.ac.in,$2b$10$N9qo8uLOickgx2ZMRZoMyeIjZAgcfl7p92ldGxad68LJZdL17lhWy,STUDENT
77ab3672-4cdb-474b-8827-95af5957e296,student932@skit.ac.in,$2b$10$N9qo8uLOickgx2ZMRZoMyeIjZAgcfl7p92ldGxad68LJZdL17lhWy,STUDENT
6db74042-2838-4bc5-a483-af38d5a73cb6,student933@skit.ac.in,$2b$10$N9qo8uLOickgx2ZMRZoMyeIjZAgcfl7p92ldGxad68LJZdL17lhWy,STUDENT
06cf23c6-1e68-4077-a8df-6fb8aa583931,student934@skit.ac.in,$2b$10$N9qo8uLOickgx2ZMRZoMyeIjZAgcfl7p92ldGxad68LJZdL17lhWy,STUDENT
5de798e0-3c4f-44e6-84a1-d07054095f28,student935@skit.ac.in,$2b$10$N9qo8uLOickgx2ZMRZoMyeIjZAgcfl7p92ldGxad68LJZdL17lhWy,STUDENT
42d66c81-27e4-46f4-ad44-36ddc8fc4244,student936@skit.ac.in,$2b$10$N9qo8uLOickgx2ZMRZoMyeIjZAgcfl7p92ldGxad68LJZdL17lhWy,STUDENT
00348c17-9561-459c-8664-63d9631732f2,student937@skit.ac.in,$2b$10$N9qo8uLOickgx2ZMRZoMyeIjZAgcfl7p92ldGxad68LJZdL17lhWy,STUDENT
68513e4c-ec84-4a6d-8d71-feadf35200e6,student938@skit.ac.in,$2b$10$N9qo8uLOickgx2ZMRZoMyeIjZAgcfl7p92ldGxad68LJZdL17lhWy,STUDENT
4fd215ec-c910-4e3f-8b69-2bd278746bd8,student939@skit.ac.in,$2b$10$N9qo8uLOickgx2ZMRZoMyeIjZAgcfl7p92ldGxad68LJZdL17lhWy,STUDENT
71281906-164d-4e7c-ae74-350842ea0101,student940@skit.ac.in,$2b$10$N9qo8uLOickgx2ZMRZoMyeIjZAgcfl7p92ldGxad68LJZdL17lhWy,STUDENT
1d7be922-9ab2-44fc-84ba-40d8e67d2ed6,student941@skit.ac.in,$2b$10$N9qo8uLOickgx2ZMRZoMyeIjZAgcfl7p92ldGxad68LJZdL17lhWy,STUDENT
811858bd-8722-43de-8e1a-5ace08a36727,student942@skit.ac.in,$2b$10$N9qo8uLOickgx2ZMRZoMyeIjZAgcfl7p92ldGxad68LJZdL17lhWy,STUDENT
b36327b1-45dd-4611-8920-7f38ae7266e4,student943@skit.ac.in,$2b$10$N9qo8uLOickgx2ZMRZoMyeIjZAgcfl7p92ldGxad68LJZdL17lhWy,STUDENT
2074249c-95d0-4a02-9fe4-aeb677e2419c,student944@skit.ac.in,$2b$10$N9qo8uLOickgx2ZMRZoMyeIjZAgcfl7p92ldGxad68LJZdL17lhWy,STUDENT
0dd770d9-246b-4190-b1b2-f9bc1cb49897,student945@skit.ac.in,$2b$10$N9qo8uLOickgx2ZMRZoMyeIjZAgcfl7p92ldGxad68LJZdL17lhWy,STUDENT
332790d2-0cdb-4cb0-a1c3-321995154d72,student946@skit.ac.in,$2b$10$N9qo8uLOickgx2ZMRZoMyeIjZAgcfl7p92ldGxad68LJZdL17lhWy,STUDENT
c300a58c-6ae3-409b-b738-439f60015d14,student947@skit.ac.in,$2b$10$N9qo8uLOickgx2ZMRZoMyeIjZAgcfl7p92ldGxad68LJZdL17lhWy,STUDENT
2f208cb9-b0de-4a5c-9a85-af1a67267f51,student948@skit.ac.in,$2b$10$N9qo8uLOickgx2ZMRZoMyeIjZAgcfl7p92ldGxad68LJZdL17lhWy,STUDENT
2857e95d-6357-4756-97e8-c5d7e57ede4e,student949@skit.ac.in,$2b$10$N9qo8uLOickgx2ZMRZoMyeIjZAgcfl7p92ldGxad68LJZdL17lhWy,STUDENT
6051ff8b-f0a2-49fa-909d-22088e2b5d1d,student950@skit.ac.in,$2b$10$N9qo8uLOickgx2ZMRZoMyeIjZAgcfl7p92ldGxad68LJZdL17lhWy,STUDENT
5f1d4438-ee97-4975-bfbd-5178fb3b442e,student951@skit.ac.in,$2b$10$N9qo8uLOickgx2ZMRZoMyeIjZAgcfl7p92ldGxad68LJZdL17lhWy,STUDENT
8ecff77d-ae71-41a4-8687-63705770b434,student952@skit.ac.in,$2b$10$N9qo8uLOickgx2ZMRZoMyeIjZAgcfl7p92ldGxad68LJZdL17lhWy,STUDENT
6939b8e9-e970-438e-8cbb-fadb73fcb480,student953@skit.ac.in,$2b$10$N9qo8uLOickgx2ZMRZoMyeIjZAgcfl7p92ldGxad68LJZdL17lhWy,STUDENT
3b1d03b2-c05f-4061-a5ae-6d7f8b9f2463,student954@skit.ac.in,$2b$10$N9qo8uLOickgx2ZMRZoMyeIjZAgcfl7p92ldGxad68LJZdL17lhWy,STUDENT
2964a080-eaa1-49ec-b1e6-949c1ad48627,student955@skit.ac.in,$2b$10$N9qo8uLOickgx2ZMRZoMyeIjZAgcfl7p92ldGxad68LJZdL17lhWy,STUDENT
a342fd13-c251-4758-bd5c-6cc529fde3d8,student956@skit.ac.in,$2b$10$N9qo8uLOickgx2ZMRZoMyeIjZAgcfl7p92ldGxad68LJZdL17lhWy,STUDENT
e6d41ac1-bc91-4881-a891-5868d02bbe6b,student957@skit.ac.in,$2b$10$N9qo8uLOickgx2ZMRZoMyeIjZAgcfl7p92ldGxad68LJZdL17lhWy,STUDENT
9c7f75eb-b84a-4750-95f4-32802426a621,student958@skit.ac.in,$2b$10$N9qo8uLOickgx2ZMRZoMyeIjZAgcfl7p92ldGxad68LJZdL17lhWy,STUDENT
ae3d339f-dfb3-4a1d-8759-82dab4f08228,student959@skit.ac.in,$2b$10$N9qo8uLOickgx2ZMRZoMyeIjZAgcfl7p92ldGxad68LJZdL17lhWy,STUDENT
65ea9f5a-be54-423e-9f2e-c7fc43b2337c,student960@skit.ac.in,$2b$10$N9qo8uLOickgx2ZMRZoMyeIjZAgcfl7p92ldGxad68LJZdL17lhWy,STUDENT
73789025-36fe-48e7-99ef-38e9eb03cd67,student961@skit.ac.in,$2b$10$N9qo8uLOickgx2ZMRZoMyeIjZAgcfl7p92ldGxad68LJZdL17lhWy,STUDENT
489e386b-e568-4ec5-8c0d-cde97371878f,student962@skit.ac.in,$2b$10$N9qo8uLOickgx2ZMRZoMyeIjZAgcfl7p92ldGxad68LJZdL17lhWy,STUDENT
94184490-e9a7-4393-96b7-c043418464e5,student963@skit.ac.in,$2b$10$N9qo8uLOickgx2ZMRZoMyeIjZAgcfl7p92ldGxad68LJZdL17lhWy,STUDENT
85e27802-2bf3-488f-a479-8bd58d3dcf11,student964@skit.ac.in,$2b$10$N9qo8uLOickgx2ZMRZoMyeIjZAgcfl7p92ldGxad68LJZdL17lhWy,STUDENT
8e73701a-2cc7-40bd-bae4-3ca0c1e40651,student965@skit.ac.in,$2b$10$N9qo8uLOickgx2ZMRZoMyeIjZAgcfl7p92ldGxad68LJZdL17lhWy,STUDENT
268dc493-7f24-426b-8454-411e8f0fc126,student966@skit.ac.in,$2b$10$N9qo8uLOickgx2ZMRZoMyeIjZAgcfl7p92ldGxad68LJZdL17lhWy,STUDENT
0f11d98f-a2d0-4851-a37a-65cb03731212,student967@skit.ac.in,$2b$10$N9qo8uLOickgx2ZMRZoMyeIjZAgcfl7p92ldGxad68LJZdL17lhWy,STUDENT
184eb062-d68a-45b6-a929-f786aec1e3fc,student968@skit.ac.in,$2b$10$N9qo8uLOickgx2ZMRZoMyeIjZAgcfl7p92ldGxad68LJZdL17lhWy,STUDENT
59fcfe55-9338-4bf4-b22a-7ba0e6412a85,student969@skit.ac.in,$2b$10$N9qo8uLOickgx2ZMRZoMyeIjZAgcfl7p92ldGxad68LJZdL17lhWy,STUDENT
e9e8b6cd-b752-487d-9784-19c6e9159106,student970@skit.ac.in,$2b$10$N9qo8uLOickgx2ZMRZoMyeIjZAgcfl7p92ldGxad68LJZdL17lhWy,STUDENT
947e3460-4112-4d90-aa5f-c00b5266b317,student971@skit.ac.in,$2b$10$N9qo8uLOickgx2ZMRZoMyeIjZAgcfl7p92ldGxad68LJZdL17lhWy,STUDENT
5bba9b06-7dd5-4c20-8a33-ecdf35d0bc48,student972@skit.ac.in,$2b$10$N9qo8uLOickgx2ZMRZoMyeIjZAgcfl7p92ldGxad68LJZdL17lhWy,STUDENT
b39eaae5-f12a-418f-b23d-a13409080629,student973@skit.ac.in,$2b$10$N9qo8uLOickgx2ZMRZoMyeIjZAgcfl7p92ldGxad68LJZdL17lhWy,STUDENT
40db8f3c-2f1c-4450-a6d6-d1b9473b172a,student974@skit.ac.in,$2b$10$N9qo8uLOickgx2ZMRZoMyeIjZAgcfl7p92ldGxad68LJZdL17lhWy,STUDENT
45ea1fa4-1f0d-423b-b360-c675ee849387,student975@skit.ac.in,$2b$10$N9qo8uLOickgx2ZMRZoMyeIjZAgcfl7p92ldGxad68LJZdL17lhWy,STUDENT
2a7492d2-4948-461b-a0e9-f3807e7cc4d3,student976@skit.ac.in,$2b$10$N9qo8uLOickgx2ZMRZoMyeIjZAgcfl7p92ldGxad68LJZdL17lhWy,STUDENT
09c03910-fa83-439c-a20c-dd34c3f355fc,student977@skit.ac.in,$2b$10$N9qo8uLOickgx2ZMRZoMyeIjZAgcfl7p92ldGxad68LJZdL17lhWy,STUDENT
5db65398-940d-4d93-9639-c7e15516b87b,student978@skit.ac.in,$2b$10$N9qo8uLOickgx2ZMRZoMyeIjZAgcfl7p92ldGxad68LJZdL17lhWy,STUDENT
f695d999-fd0b-4235-85be-9c6e121c935e,student979@skit.ac.in,$2b$10$N9qo8uLOickgx2ZMRZoMyeIjZAgcfl7p92ldGxad68LJZdL17lhWy,STUDENT
4ef9d8c1-6ec6-47c8-801c-abd6d30994c2,student980@skit.ac.in,$2b$10$N9qo8uLOickgx2ZMRZoMyeIjZAgcfl7p92ldGxad68LJZdL17lhWy,STUDENT
4359499d-47b3-482e-8323-838dec2ccfad,student981@skit.ac.in,$2b$10$N9qo8uLOickgx2ZMRZoMyeIjZAgcfl7p92ldGxad68LJZdL17lhWy,STUDENT
fd83c992-13da-44ee-9696-746857730958,student982@skit.ac.in,$2b$10$N9qo8uLOickgx2ZMRZoMyeIjZAgcfl7p92ldGxad68LJZdL17lhWy,STUDENT
f897bdb9-a537-4c55-b2fb-504576b9a6ad,student983@skit.ac.in,$2b$10$N9qo8uLOickgx2ZMRZoMyeIjZAgcfl7p92ldGxad68LJZdL17lhWy,STUDENT
41566ffd-1c8c-4a23-b24d-c94361a47d8f,student984@skit.ac.in,$2b$10$N9qo8uLOickgx2ZMRZoMyeIjZAgcfl7p92ldGxad68LJZdL17lhWy,STUDENT
35a063b1-4c29-49f8-bf78-42dfa9fa4b43,student985@skit.ac.in,$2b$10$N9qo8uLOickgx2ZMRZoMyeIjZAgcfl7p92ldGxad68LJZdL17lhWy,STUDENT
238152b5-f58c-4686-8f2d-42def70e8a7a,student986@skit.ac.in,$2b$10$N9qo8uLOickgx2ZMRZoMyeIjZAgcfl7p92ldGxad68LJZdL17lhWy,STUDENT
917a3732-52c2-4bd9-a45f-54146daf410d,student987@skit.ac.in,$2b$10$N9qo8uLOickgx2ZMRZoMyeIjZAgcfl7p92ldGxad68LJZdL17lhWy,STUDENT
bb7ad677-da37-406f-a8e5-7c57df97491e,student988@skit.ac.in,$2b$10$N9qo8uLOickgx2ZMRZoMyeIjZAgcfl7p92ldGxad68LJZdL17lhWy,STUDENT
ef64187f-95a2-4694-b7b9-3f31321c8814,student989@skit.ac.in,$2b$10$N9qo8uLOickgx2ZMRZoMyeIjZAgcfl7p92ldGxad68LJZdL17lhWy,STUDENT
4ab18354-199a-4033-a945-3474800f1ff7,student990@skit.ac.in,$2b$10$N9qo8uLOickgx2ZMRZoMyeIjZAgcfl7p92ldGxad68LJZdL17lhWy,STUDENT
ee0af845-70de-43eb-b286-31e37bd313d6,student991@skit.ac.in,$2b$10$N9qo8uLOickgx2ZMRZoMyeIjZAgcfl7p92ldGxad68LJZdL17lhWy,STUDENT
2e048ffd-b4b4-4b16-9599-3a7bcaa7943c,student992@skit.ac.in,$2b$10$N9qo8uLOickgx2ZMRZoMyeIjZAgcfl7p92ldGxad68LJZdL17lhWy,STUDENT
00a7dd3e-4af6-4d8b-89a7-a2cf79b4ce32,student993@skit.ac.in,$2b$10$N9qo8uLOickgx2ZMRZoMyeIjZAgcfl7p92ldGxad68LJZdL17lhWy,STUDENT
01bd08fc-b81b-4b06-b054-e8a29ec54115,student994@skit.ac.in,$2b$10$N9qo8uLOickgx2ZMRZoMyeIjZAgcfl7p92ldGxad68LJZdL17lhWy,STUDENT
8211c75f-9e5a-44b5-97f7-a93f9ee36514,student995@skit.ac.in,$2b$10$N9qo8uLOickgx2ZMRZoMyeIjZAgcfl7p92ldGxad68LJZdL17lhWy,STUDENT
ee1ed397-6b4d-416f-a7fa-0361be704c35,student996@skit.ac.in,$2b$10$N9qo8uLOickgx2ZMRZoMyeIjZAgcfl7p92ldGxad68LJZdL17lhWy,STUDENT
06895817-f724-4b4c-ad7b-2249459f2d35,student997@skit.ac.in,$2b$10$N9qo8uLOickgx2ZMRZoMyeIjZAgcfl7p92ldGxad68LJZdL17lhWy,STUDENT
1b48385f-1734-4210-901e-e5aed495abe6,student998@skit.ac.in,$2b$10$N9qo8uLOickgx2ZMRZoMyeIjZAgcfl7p92ldGxad68LJZdL17lhWy,STUDENT
22ccfa59-7c72-48a9-b82e-be8ace6439fc,student999@skit.ac.in,$2b$10$N9qo8uLOickgx2ZMRZoMyeIjZAgcfl7p92ldGxad68LJZdL17lhWy,STUDENT
02861413-26e8-46e3-97ac-bee38404abc1,student1000@skit.ac.in,$2b$10$N9qo8uLOickgx2ZMRZoMyeIjZAgcfl7p92ldGxad68LJZdL17lhWy,STUDENT
3f8d0a69-9c37-5997-a0bf-41068e75c552,faculty1@skit.ac.in,$2b$10$N9qo8uLOickgx2ZMRZoMyeIjZAgcfl7p92ldGxad68LJZdL17lhWy,FACULTY
b14ca183-aef1-5b53-b572-d75dc13b749f,faculty2@skit.ac.in,$2b$10$N9qo8uLOickgx2ZMRZoMyeIjZAgcfl7p92ldGxad68LJZdL17lhWy,FACULTY
3a526dc3-146e-5ffc-9315-062370b55289,faculty3@skit.ac.in,$2b$10$N9qo8uLOickgx2ZMRZoMyeIjZAgcfl7p92ldGxad68LJZdL17lhWy,FACULTY
3efbfef5-ee14-582e-9691-62516b88f88c,faculty4@skit.ac.in,$2b$10$N9qo8uLOickgx2ZMRZoMyeIjZAgcfl7p92ldGxad68LJZdL17lhWy,FACULTY
d06e0abd-0d7e-5e36-9a91-46be44f931d8,faculty5@skit.ac.in,$2b$10$N9qo8uLOickgx2ZMRZoMyeIjZAgcfl7p92ldGxad68LJZdL17lhWy,FACULTY
48ef41c7-bbff-5f87-b56f-570ccea26950,faculty6@skit.ac.in,$2b$10$N9qo8uLOickgx2ZMRZoMyeIjZAgcfl7p92ldGxad68LJZdL17lhWy,FACULTY
c173ff3c-1543-5c6c-8821-75aad7b210e2,faculty7@skit.ac.in,$2b$10$N9qo8uLOickgx2ZMRZoMyeIjZAgcfl7p92ldGxad68LJZdL17lhWy,FACULTY
8c6bfa7d-5e64-512a-aeb0-43a0d78163b4,faculty8@skit.ac.in,$2b$10$N9qo8uLOickgx2ZMRZoMyeIjZAgcfl7p92ldGxad68LJZdL17lhWy,FACULTY
7844ee63-a322-5723-882c-a984caaf4208,faculty9@skit.ac.in,$2b$10$N9qo8uLOickgx2ZMRZoMyeIjZAgcfl7p92ldGxad68LJZdL17lhWy,FACULTY
63e493b4-8963-5e29-bd63-61ca6035186a,faculty10@skit.ac.in,$2b$10$N9qo8uLOickgx2ZMRZoMyeIjZAgcfl7p92ldGxad68LJZdL17lhWy,FACULTY
cd9a47eb-3613-5a16-8f38-40c2de409760,faculty11@skit.ac.in,$2b$10$N9qo8uLOickgx2ZMRZoMyeIjZAgcfl7p92ldGxad68LJZdL17lhWy,FACULTY
0ffc5b94-4fc1-56fb-a831-43237ffc5447,faculty12@skit.ac.in,$2b$10$N9qo8uLOickgx2ZMRZoMyeIjZAgcfl7p92ldGxad68LJZdL17lhWy,FACULTY
