id,student_id,course_id,academic_year,semester,internal_marks,mid_term_marks,lab_marks,final_exam_marks,total_marks,grade,is_backlog
d642c6dc-5d4a-2f70-453a-03c8316b422b,621a9c6d-e226-4ff0-a22c-2e72a6a48abe,f8b6ad01-594d-5e52-b325-ed9eb13211e1,2026-27,2,17.84,16.08,19.31,34.16,87.39,A,f
f8d3e647-8d4e-dc3a-c8f5-3f4b0d097695,621a9c6d-e226-4ff0-a22c-2e72a6a48abe,f27d152a-f613-51a3-aea8-0506e5d24c3a,2026-27,2,18.64,16.38,16.51,31.86,83.39,A,f
688c3cc5-77c7-c48a-af4e-7f5afcd24255,621a9c6d-e226-4ff0-a22c-2e72a6a48abe,5297007a-130e-5341-af7a-4e9027c2dadf,2026-27,2,16.14,17.78,18.11,31.96,83.99,A,f
da472f50-df56-8741-ee6c-a928e71e0e00,621a9c6d-e226-4ff0-a22c-2e72a6a48abe,c8e42f25-4acd-5f8b-8bce-f0cab27cc71f,2026-27,2,16.84,17.98,18.31,31.36,84.49,A,f
802636bb-bb4a-ae69-47dd-8bc0f6e343b3,621a9c6d-e226-4ff0-a22c-2e72a6a48abe,5ceb5573-0231-5d70-848b-193fcfdb644c,2026-27,2,18.94,17.58,18.61,35.46,90.59,A+,f
f36f0e0e-27fd-6af6-3ad0-5c8f987feb6a,34e502c2-fa06-4e5b-afef-98abbff7cfce,29f10515-0a52-55f4-896b-fa882e11e38e,2026-27,6,14.81,13.92,15.89,29.45,74.07,B+,f
bd9fa300-173b-37e9-65da-2393dfdb94ba,34e502c2-fa06-4e5b-afef-98abbff7cfce,2bc3bd90-0760-5d47-9467-5a5992c412e5,2026-27,6,14.91,16.02,17.49,28.45,76.87,B+,f
26f2b40c-9e85-b17a-6d44-e983f854e5ee,34e502c2-fa06-4e5b-afef-98abbff7cfce,d9518e1b-06ba-5f43-b6b9-67d017eaae5d,2026-27,6,16.41,14.12,14.89,31.65,77.07,B+,f
42aee194-8ed7-6d04-f795-93f266131168,34e502c2-fa06-4e5b-afef-98abbff7cfce,005078bd-c539-5c44-a631-7e7dd9fb778c,2026-27,6,17.51,16.62,14.79,31.85,80.77,A,f
a328ad53-1ad0-feea-967b-711d46681477,34e502c2-fa06-4e5b-afef-98abbff7cfce,539f9c66-84f9-5b19-943a-cb15d62bbc33,2026-27,6,16.81,15.12,15.89,30.35,78.17,B+,f
ed93ce3e-f151-d011-54ab-3717bc05a862,2c3d1809-b161-465f-9647-776b20a08b71,f8b6ad01-594d-5e52-b325-ed9eb13211e1,2026-27,2,17.6,16.35,17.06,36.25,87.26,A,f
e7ef804a-b84e-dc83-4094-0fd4727b8488,2c3d1809-b161-465f-9647-776b20a08b71,f27d152a-f613-51a3-aea8-0506e5d24c3a,2026-27,2,18.6,17.35,16.96,33.45,86.36,A,f
cd9f735f-837a-836a-1f90-89f0f5c888ca,2c3d1809-b161-465f-9647-776b20a08b71,5297007a-130e-5341-af7a-4e9027c2dadf,2026-27,2,17.9,16.15,18.76,35.95,88.76,A,f
146d3df6-2d45-45a5-8a9c-66c1a34711b6,2c3d1809-b161-465f-9647-776b20a08b71,c8e42f25-4acd-5f8b-8bce-f0cab27cc71f,2026-27,2,18.2,15.95,17.96,33.85,85.96,A,f
466a93bb-129c-2fc4-6d4b-4b97697ea2e8,2c3d1809-b161-465f-9647-776b20a08b71,5ceb5573-0231-5d70-848b-193fcfdb644c,2026-27,2,17.3,15.75,17.56,35.25,85.86,A,f
419d7a12-7459-aa15-5e7a-5fa02edf4bce,60f7d907-739c-4a83-b7a5-e0c7c2f8c831,29f10515-0a52-55f4-896b-fa882e11e38e,2026-27,6,16.47,16.61,17.53,36.18,86.79,A,f
1e229f6a-6311-96ea-583e-384df381c84a,60f7d907-739c-4a83-b7a5-e0c7c2f8c831,2bc3bd90-0760-5d47-9467-5a5992c412e5,2026-27,6,17.77,15.11,16.83,35.58,85.29,A,f
d770b550-bcaa-e22d-139b-b659934081aa,60f7d907-739c-4a83-b7a5-e0c7c2f8c831,d9518e1b-06ba-5f43-b6b9-67d017eaae5d,2026-27,6,16.97,15.31,16.63,34.48,83.39,A,f
6c0218a8-553b-1a2b-781b-547bc270ec37,60f7d907-739c-4a83-b7a5-e0c7c2f8c831,005078bd-c539-5c44-a631-7e7dd9fb778c,2026-27,6,17.97,16.41,17.43,35.68,87.49,A,f
1e8c979c-4391-7541-673e-caf0bf1a59d7,60f7d907-739c-4a83-b7a5-e0c7c2f8c831,539f9c66-84f9-5b19-943a-cb15d62bbc33,2026-27,6,16.47,15.01,17.53,33.98,82.99,A,f
02787204-bce8-1344-9578-37726edfc2da,3b41dfe4-59c5-4f15-ade6-d306f55f22f9,29f10515-0a52-55f4-896b-fa882e11e38e,2026-27,6,17.35,14.47,17.96,30.26,80.04,A,f
3a6266e2-4d9b-0fe0-3078-a590df400a31,3b41dfe4-59c5-4f15-ade6-d306f55f22f9,2bc3bd90-0760-5d47-9467-5a5992c412e5,2026-27,6,17.95,14.97,15.36,30.76,79.04,B+,f
d40f4ea1-987d-147a-6bcc-1340c8737a30,3b41dfe4-59c5-4f15-ade6-d306f55f22f9,d9518e1b-06ba-5f43-b6b9-67d017eaae5d,2026-27,6,17.15,15.67,17.96,33.76,84.54,A,f
c72a116c-074b-96fc-846c-b0c8f81c1541,3b41dfe4-59c5-4f15-ade6-d306f55f22f9,005078bd-c539-5c44-a631-7e7dd9fb778c,2026-27,6,15.55,14.67,16.76,34.46,81.44,A,f
0f933fe9-6cab-3e95-3f5c-3e08763bdab1,3b41dfe4-59c5-4f15-ade6-d306f55f22f9,539f9c66-84f9-5b19-943a-cb15d62bbc33,2026-27,6,16.25,17.77,17.06,32.76,83.84,A,f
22be854f-ecb1-9825-12e7-c2c9514ad061,b59261e4-5561-4347-b2fe-b2d57d216e4e,f8b6ad01-594d-5e52-b325-ed9eb13211e1,2026-27,2,17.71,18.56,19.19,32.15,87.61,A,f
9775eb2b-ae54-79e1-31b5-905e8ca6d325,b59261e4-5561-4347-b2fe-b2d57d216e4e,f27d152a-f613-51a3-aea8-0506e5d24c3a,2026-27,2,17.01,18.36,17.09,33.05,85.51,A,f
a8887f43-812b-2315-83bb-aa7aeb93d84a,b59261e4-5561-4347-b2fe-b2d57d216e4e,5297007a-130e-5341-af7a-4e9027c2dadf,2026-27,2,17.11,16.76,18.29,33.65,85.81,A,f
d5930a76-210c-a1c6-3f95-afa880fa3ca8,b59261e4-5561-4347-b2fe-b2d57d216e4e,c8e42f25-4acd-5f8b-8bce-f0cab27cc71f,2026-27,2,18.81,18.96,19.39,36.05,93.21,A+,f
8daf4048-0d3b-3480-ae78-485651e7ff22,b59261e4-5561-4347-b2fe-b2d57d216e4e,5ceb5573-0231-5d70-848b-193fcfdb644c,2026-27,2,18.31,16.16,16.99,35.55,87.01,A,f
93ded69b-1193-26bc-ccc3-58735addc3d2,4b13df1a-81b9-4031-8a44-e4a93d035ee6,f8b6ad01-594d-5e52-b325-ed9eb13211e1,2026-27,2,17.89,16.87,17.94,36.3,89.0,A,f
f5df1948-84e5-4fce-80e7-e998f5a0b6c4,4b13df1a-81b9-4031-8a44-e4a93d035ee6,f27d152a-f613-51a3-aea8-0506e5d24c3a,2026-27,2,18.39,18.97,20.0,39.3,96.66,A+,f
81f7f93e-14ed-a361-f246-688cb50cf2d5,4b13df1a-81b9-4031-8a44-e4a93d035ee6,5297007a-130e-5341-af7a-4e9027c2dadf,2026-27,2,20.0,20.0,19.74,40.0,99.74,A+,f
55a267a9-d04b-ae17-6623-a16ec09d5f6c,4b13df1a-81b9-4031-8a44-e4a93d035ee6,c8e42f25-4acd-5f8b-8bce-f0cab27cc71f,2026-27,2,19.59,16.97,18.64,37.7,92.9,A+,f
6bc7b150-bf1f-7406-9264-4ce6973c0ca6,4b13df1a-81b9-4031-8a44-e4a93d035ee6,5ceb5573-0231-5d70-848b-193fcfdb644c,2026-27,2,17.79,17.07,19.74,34.6,89.2,A,f
942d1c8f-64da-9d25-7b03-73eaba7f2c02,c7dc9f61-161f-406d-b9de-82b00c1645ad,c697ab81-ffed-5fa6-9b51-be0954571d20,2026-27,1,15.85,15.29,18.61,32.76,82.51,A,f
2b4677b6-020d-3123-c893-4dd2a2990451,c7dc9f61-161f-406d-b9de-82b00c1645ad,cc6bfe47-d156-5f3c-a0a6-64be53ff1202,2026-27,1,16.25,15.39,16.21,37.06,84.91,A,f
5d1d5102-0273-00aa-5d70-822381f8347f,c7dc9f61-161f-406d-b9de-82b00c1645ad,945cbb28-3a50-5ed1-8e70-c416ee3f92f0,2026-27,1,18.25,16.29,16.71,32.36,83.61,A,f
bf018221-6298-ca76-9886-37c4c40ee184,c7dc9f61-161f-406d-b9de-82b00c1645ad,325f5f11-db40-5f00-816d-d66357e36c70,2026-27,1,16.65,17.49,18.91,36.96,90.01,A+,f
f9340f56-e895-52cb-bdc6-abfc7575eddd,c7dc9f61-161f-406d-b9de-82b00c1645ad,817d9a6f-e405-58f8-991b-373c31bd4e25,2026-27,1,17.25,15.69,17.91,32.86,83.71,A,f
5d402942-03d1-ddb8-6f35-ba05868bd0d9,5041cb6b-2d2d-43cc-9b2a-623e3d68809a,730c5632-33dc-5e69-a798-6135043a47aa,2026-27,4,17.34,18.49,18.52,34.27,88.62,A,f
315aea5c-cd5f-0bf9-5b89-6aea53aa700e,5041cb6b-2d2d-43cc-9b2a-623e3d68809a,21e87180-7538-5689-922d-8889674702ed,2026-27,4,18.94,18.09,18.42,35.17,90.62,A+,f
7b3da252-482b-ebff-c0a5-72b2ff6de04c,5041cb6b-2d2d-43cc-9b2a-623e3d68809a,a71f945b-22bf-5921-85a0-cb1acd7cb2e6,2026-27,4,16.54,16.49,18.82,31.57,83.42,A,f
fb18a5e0-5a6d-adf3-a377-4a51c77a67d8,5041cb6b-2d2d-43cc-9b2a-623e3d68809a,859db046-894d-53cc-8cb4-3643d0c7f1fe,2026-27,4,18.94,18.09,16.72,37.37,91.12,A+,f
dabed7cf-5f26-b14e-b858-21a3949f1094,5041cb6b-2d2d-43cc-9b2a-623e3d68809a,40d412e8-fc3b-5972-8ff2-90b35de8a2d3,2026-27,4,17.44,18.59,17.12,31.97,85.12,A,f
25c5f438-d0a6-1850-0468-d6201ffaefed,205ab441-ba97-4d3e-94c9-31da22e5306f,29f10515-0a52-55f4-896b-fa882e11e38e,2026-27,6,18.39,17.44,18.37,35.38,89.58,A,f
0b32486e-80ea-70f5-e058-e0cb13cf63bc,205ab441-ba97-4d3e-94c9-31da22e5306f,2bc3bd90-0760-5d47-9467-5a5992c412e5,2026-27,6,16.99,18.34,16.87,34.98,87.18,A,f
407dc7a6-b953-fd70-918b-951fe170c62e,205ab441-ba97-4d3e-94c9-31da22e5306f,d9518e1b-06ba-5f43-b6b9-67d017eaae5d,2026-27,6,18.49,15.54,17.37,34.28,85.68,A,f
2e82b8ea-4dbf-335f-2107-ee8b605281dc,205ab441-ba97-4d3e-94c9-31da22e5306f,005078bd-c539-5c44-a631-7e7dd9fb778c,2026-27,6,17.39,15.94,18.07,31.58,82.98,A,f
7c55c31d-c15d-7da6-b095-a1af698eaf05,205ab441-ba97-4d3e-94c9-31da22e5306f,539f9c66-84f9-5b19-943a-cb15d62bbc33,2026-27,6,18.39,19.14,18.67,37.08,93.28,A+,f
2a4eac40-fe36-5ccd-dc73-b015f7464a3b,73313afa-c5b3-4404-a6fd-cefad75d1eb6,29f10515-0a52-55f4-896b-fa882e11e38e,2026-27,6,16.52,14.86,17.16,30.4,78.94,B+,f
3df4a2c9-47f5-a197-e9ce-b586eb3f0997,73313afa-c5b3-4404-a6fd-cefad75d1eb6,2bc3bd90-0760-5d47-9467-5a5992c412e5,2026-27,6,17.62,17.06,18.06,33.8,86.54,A,f
5ea6b0ca-c48c-150b-1f81-6f7a39a29361,73313afa-c5b3-4404-a6fd-cefad75d1eb6,d9518e1b-06ba-5f43-b6b9-67d017eaae5d,2026-27,6,17.92,18.46,17.86,31.1,85.34,A,f
ac9b6879-79ec-71d6-21ed-879d30241f99,73313afa-c5b3-4404-a6fd-cefad75d1eb6,005078bd-c539-5c44-a631-7e7dd9fb778c,2026-27,6,15.92,18.06,16.06,31.4,81.44,A,f
560c41da-6231-857b-1fac-3fd5721cdeb1,73313afa-c5b3-4404-a6fd-cefad75d1eb6,539f9c66-84f9-5b19-943a-cb15d62bbc33,2026-27,6,16.82,17.66,18.76,33.3,86.54,A,f
5cc83984-09f8-3c76-f93f-f271a217d0e4,6090a4c3-d95b-464f-bfeb-ba44374e5431,730c5632-33dc-5e69-a798-6135043a47aa,2026-27,4,16.06,17.2,18.51,32.99,84.76,A,f
1166c83b-a493-6829-f472-89ed78cc9993,6090a4c3-d95b-464f-bfeb-ba44374e5431,21e87180-7538-5689-922d-8889674702ed,2026-27,4,17.56,16.9,17.41,30.59,82.46,A,f
8901e1fd-34ad-a510-84e0-1b030983822c,6090a4c3-d95b-464f-bfeb-ba44374e5431,a71f945b-22bf-5921-85a0-cb1acd7cb2e6,2026-27,4,16.56,15.1,18.11,32.89,82.66,A,f
8ab6013a-f80f-50df-1d57-1f785b65a324,6090a4c3-d95b-464f-bfeb-ba44374e5431,859db046-894d-53cc-8cb4-3643d0c7f1fe,2026-27,4,18.06,17.9,17.71,31.99,85.66,A,f
a4ed4984-c2a3-64a8-31f9-21bb4f593c3f,6090a4c3-d95b-464f-bfeb-ba44374e5431,40d412e8-fc3b-5972-8ff2-90b35de8a2d3,2026-27,4,16.36,16.9,17.61,30.99,81.86,A,f
00dc7c8e-aa08-7b57-4fe3-aa1bd1c6461d,bf0e18dc-22a1-49a0-810f-640c425d4b32,29f10515-0a52-55f4-896b-fa882e11e38e,2026-27,6,17.12,15.04,16.63,32.29,81.08,A,f
36c6904c-4a5e-6db5-2689-8d6b55e4d36f,bf0e18dc-22a1-49a0-810f-640c425d4b32,2bc3bd90-0760-5d47-9467-5a5992c412e5,2026-27,6,17.12,15.14,18.03,35.09,85.38,A,f
5f8824e2-5f27-8a2e-fb12-adbda635f998,bf0e18dc-22a1-49a0-810f-640c425d4b32,d9518e1b-06ba-5f43-b6b9-67d017eaae5d,2026-27,6,16.22,16.24,17.63,33.99,84.08,A,f
b7593d92-fac9-9674-f1af-2117a784918f,bf0e18dc-22a1-49a0-810f-640c425d4b32,005078bd-c539-5c44-a631-7e7dd9fb778c,2026-27,6,18.02,15.54,16.23,32.49,82.28,A,f
cdf6860f-3e63-0697-b153-2f3ada954edc,bf0e18dc-22a1-49a0-810f-640c425d4b32,539f9c66-84f9-5b19-943a-cb15d62bbc33,2026-27,6,15.32,15.44,18.03,34.39,83.18,A,f
a092bfce-16b8-11ad-0bfd-6069910c0ee4,dbbd36ea-a403-4737-8c04-fc22f1633c9a,29f10515-0a52-55f4-896b-fa882e11e38e,2026-27,6,17.1,18.67,19.94,38.87,94.58,A+,f
80ca205e-d8c6-1748-1da1-e5686447814b,dbbd36ea-a403-4737-8c04-fc22f1633c9a,2bc3bd90-0760-5d47-9467-5a5992c412e5,2026-27,6,18.2,19.57,20.0,37.27,95.04,A+,f
ad38c9f3-a87b-24db-c511-93e280a2f3e0,dbbd36ea-a403-4737-8c04-fc22f1633c9a,d9518e1b-06ba-5f43-b6b9-67d017eaae5d,2026-27,6,19.7,16.87,20.0,33.97,90.54,A+,f
76dc94cb-b6f5-41ee-996e-7d1ac31a464c,dbbd36ea-a403-4737-8c04-fc22f1633c9a,005078bd-c539-5c44-a631-7e7dd9fb778c,2026-27,6,17.6,16.37,19.34,39.67,92.98,A+,f
7133515d-ea0b-16b1-c90a-6bbc566ec627,dbbd36ea-a403-4737-8c04-fc22f1633c9a,539f9c66-84f9-5b19-943a-cb15d62bbc33,2026-27,6,17.3,19.77,20.0,35.17,92.24,A+,f
5250c5ef-15ea-dc64-0814-79e52a4d37a3,5da8fb5e-cd61-4859-8000-017fe7bdd278,730c5632-33dc-5e69-a798-6135043a47aa,2026-27,4,17.88,19.56,18.54,40.0,95.98,A+,f
a829023f-7f27-6ecf-623b-e13a1fb66ee8,5da8fb5e-cd61-4859-8000-017fe7bdd278,21e87180-7538-5689-922d-8889674702ed,2026-27,4,19.08,19.46,18.94,38.3,95.78,A+,f
bd0e44f8-3a6c-1d2c-cb15-4e906561cee2,5da8fb5e-cd61-4859-8000-017fe7bdd278,a71f945b-22bf-5921-85a0-cb1acd7cb2e6,2026-27,4,20.0,18.76,20.0,39.2,97.96,A+,f
dde14550-275e-78ce-7681-3f4957e6a0d8,5da8fb5e-cd61-4859-8000-017fe7bdd278,859db046-894d-53cc-8cb4-3643d0c7f1fe,2026-27,4,20.0,18.36,19.54,40.0,97.9,A+,f
c7219d4c-3326-280f-7ad0-b18992e648e1,5da8fb5e-cd61-4859-8000-017fe7bdd278,40d412e8-fc3b-5972-8ff2-90b35de8a2d3,2026-27,4,17.38,18.66,18.64,35.0,89.68,A,f
af52c81d-f589-9fcf-e56d-294320c8f293,1fc6613b-54fd-4adc-a5df-889c7946c6f1,c697ab81-ffed-5fa6-9b51-be0954571d20,2026-27,1,18.22,15.58,17.52,36.84,88.16,A,f
81387b10-bc0c-5474-e0db-ab5f447e1fe2,1fc6613b-54fd-4adc-a5df-889c7946c6f1,cc6bfe47-d156-5f3c-a0a6-64be53ff1202,2026-27,1,17.92,18.68,18.92,36.74,92.26,A+,f
29bf80ee-61e4-a938-b0f4-cc29264a665a,1fc6613b-54fd-4adc-a5df-889c7946c6f1,945cbb28-3a50-5ed1-8e70-c416ee3f92f0,2026-27,1,17.62,19.58,18.82,34.44,90.46,A+,f
9f917bc4-ce75-14a2-7440-d679ceaac9f4,1fc6613b-54fd-4adc-a5df-889c7946c6f1,325f5f11-db40-5f00-816d-d66357e36c70,2026-27,1,16.52,15.68,18.52,32.94,83.66,A,f
6373fdd9-392b-4df5-91ee-0e1b4dcb8975,1fc6613b-54fd-4adc-a5df-889c7946c6f1,817d9a6f-e405-58f8-991b-373c31bd4e25,2026-27,1,18.12,16.08,17.02,36.44,87.66,A,f
fe1c3223-42ae-deb2-3c54-2196fba64f0d,c5bc9879-c820-4812-84d9-b40ce5074d05,730c5632-33dc-5e69-a798-6135043a47aa,2026-27,4,17.04,17.0,19.23,34.62,87.89,A,f
5eaadbea-8c69-3197-23de-54664e6e3850,c5bc9879-c820-4812-84d9-b40ce5074d05,21e87180-7538-5689-922d-8889674702ed,2026-27,4,18.34,16.2,18.23,36.32,89.09,A,f
19bf4f96-5457-9d1e-5522-7c191d6926f4,c5bc9879-c820-4812-84d9-b40ce5074d05,a71f945b-22bf-5921-85a0-cb1acd7cb2e6,2026-27,4,18.04,16.2,17.83,31.92,83.99,A,f
8fb5f884-8695-a930-ff0f-76d35de0a8a8,c5bc9879-c820-4812-84d9-b40ce5074d05,859db046-894d-53cc-8cb4-3643d0c7f1fe,2026-27,4,19.14,15.4,19.03,33.22,86.79,A,f
3a616998-f8a7-a6b5-c72b-a0f923209272,c5bc9879-c820-4812-84d9-b40ce5074d05,40d412e8-fc3b-5972-8ff2-90b35de8a2d3,2026-27,4,18.44,19.0,17.13,37.32,91.89,A+,f
1f4760b6-6cc6-c5ac-f096-1e0f44489ef6,03311a3d-c10e-4431-ab52-3e503cb2ecd6,c697ab81-ffed-5fa6-9b51-be0954571d20,2026-27,1,17.07,18.02,17.04,33.43,85.56,A,f
9010e0b0-6771-f441-07c9-9b84fe9655d4,03311a3d-c10e-4431-ab52-3e503cb2ecd6,cc6bfe47-d156-5f3c-a0a6-64be53ff1202,2026-27,1,17.07,17.22,17.14,32.23,83.66,A,f
455031dc-32d7-2db2-8025-feedb0dfb306,03311a3d-c10e-4431-ab52-3e503cb2ecd6,945cbb28-3a50-5ed1-8e70-c416ee3f92f0,2026-27,1,18.37,18.02,17.74,32.43,86.56,A,f
eada5318-2509-b7cd-9f59-e509b5f4bd76,03311a3d-c10e-4431-ab52-3e503cb2ecd6,325f5f11-db40-5f00-816d-d66357e36c70,2026-27,1,17.37,18.72,16.44,35.63,88.16,A,f
67fb6e2f-d976-a74c-e6c5-2b6c10ef8d88,03311a3d-c10e-4431-ab52-3e503cb2ecd6,817d9a6f-e405-58f8-991b-373c31bd4e25,2026-27,1,17.07,17.62,17.64,31.93,84.26,A,f
bae6baed-2128-97f5-15ff-76f7385dd5df,be3597b2-e328-41e3-8625-f0f063f73070,29f10515-0a52-55f4-896b-fa882e11e38e,2026-27,6,20.0,18.54,19.92,37.16,95.62,A+,f
20260ab0-03c5-87d7-861d-8e1038394d14,be3597b2-e328-41e3-8625-f0f063f73070,2bc3bd90-0760-5d47-9467-5a5992c412e5,2026-27,6,17.76,17.54,18.42,34.96,88.68,A,f
4de6c3c8-582f-c600-2775-c1fe70ff1427,be3597b2-e328-41e3-8625-f0f063f73070,d9518e1b-06ba-5f43-b6b9-67d017eaae5d,2026-27,6,18.16,18.94,20.0,39.26,96.36,A+,f
fa1edab0-bd0c-2470-2956-24bb58340dc9,be3597b2-e328-41e3-8625-f0f063f73070,005078bd-c539-5c44-a631-7e7dd9fb778c,2026-27,6,17.96,18.04,19.02,39.96,94.98,A+,f
f3c7c28c-aebb-f30e-9b1f-56572be05117,be3597b2-e328-41e3-8625-f0f063f73070,539f9c66-84f9-5b19-943a-cb15d62bbc33,2026-27,6,17.36,18.74,20.0,35.36,91.46,A+,f
96827e62-2988-f35d-b734-bda74551bde5,8f752177-8b62-4d2d-8600-9b05fbe2169b,730c5632-33dc-5e69-a798-6135043a47aa,2026-27,4,18.68,16.74,17.47,37.71,90.6,A+,f
8f584ab5-263e-f18c-6ca0-e0e6388cf06c,8f752177-8b62-4d2d-8600-9b05fbe2169b,21e87180-7538-5689-922d-8889674702ed,2026-27,4,16.48,15.44,17.77,33.31,83.0,A,f
46f14352-7b15-e941-378a-ca5b23dcf420,8f752177-8b62-4d2d-8600-9b05fbe2169b,a71f945b-22bf-5921-85a0-cb1acd7cb2e6,2026-27,4,17.28,16.24,17.27,34.71,85.5,A,f
ed366b47-beb4-590c-c1de-e9a7d4780e2b,8f752177-8b62-4d2d-8600-9b05fbe2169b,859db046-894d-53cc-8cb4-3643d0c7f1fe,2026-27,4,19.18,17.14,18.77,35.51,90.6,A+,f
a9f4ce80-fe3e-3f1f-5156-23a6a2e399a0,8f752177-8b62-4d2d-8600-9b05fbe2169b,40d412e8-fc3b-5972-8ff2-90b35de8a2d3,2026-27,4,17.78,16.44,16.57,35.61,86.4,A,f
c413c30b-92a5-2212-5600-5fbdac1b4a5c,a9219240-e534-4273-b0b8-7b591cdfd764,c697ab81-ffed-5fa6-9b51-be0954571d20,2026-27,1,17.16,15.89,17.88,31.83,82.76,A,f
7bc09595-daea-80b6-c1ed-3a33903e3999,a9219240-e534-4273-b0b8-7b591cdfd764,cc6bfe47-d156-5f3c-a0a6-64be53ff1202,2026-27,1,16.46,18.09,15.88,34.33,84.76,A,f
41471a11-4d3c-4f29-245c-37dd064b5d9a,a9219240-e534-4273-b0b8-7b591cdfd764,945cbb28-3a50-5ed1-8e70-c416ee3f92f0,2026-27,1,17.96,14.49,16.28,34.13,82.86,A,f
f0b69753-a32e-2600-ad34-cb0791ae5d9c,a9219240-e534-4273-b0b8-7b591cdfd764,325f5f11-db40-5f00-816d-d66357e36c70,2026-27,1,15.56,15.39,16.48,31.13,78.56,B+,f
a087c091-99f5-d5cb-b8e3-91ee9ade9d73,a9219240-e534-4273-b0b8-7b591cdfd764,817d9a6f-e405-58f8-991b-373c31bd4e25,2026-27,1,16.06,17.19,18.28,32.33,83.86,A,f
ede0cb2e-5b32-f25f-9706-a97776cf06a1,5ec4f153-e109-4264-964c-73d252319f0e,c697ab81-ffed-5fa6-9b51-be0954571d20,2026-27,1,17.88,19.54,18.07,37.45,92.94,A+,f
c95f572e-9192-1d7d-f11b-1374a515a76e,5ec4f153-e109-4264-964c-73d252319f0e,cc6bfe47-d156-5f3c-a0a6-64be53ff1202,2026-27,1,16.58,17.74,17.67,33.25,85.24,A,f
ea5885fe-db62-9485-b937-6b0d79389ad1,5ec4f153-e109-4264-964c-73d252319f0e,945cbb28-3a50-5ed1-8e70-c416ee3f92f0,2026-27,1,18.18,18.64,17.67,34.55,89.04,A,f
c803e98f-bcb9-f0d9-cbbc-6a159d467f90,5ec4f153-e109-4264-964c-73d252319f0e,325f5f11-db40-5f00-816d-d66357e36c70,2026-27,1,17.68,16.64,19.67,35.65,89.64,A,f
dd3a341f-e16f-0931-b471-650a14d47221,5ec4f153-e109-4264-964c-73d252319f0e,817d9a6f-e405-58f8-991b-373c31bd4e25,2026-27,1,16.48,18.74,18.97,34.85,89.04,A,f
2242afb8-7836-7bd5-6b56-9fc30a4f415c,bd0bfff1-aa08-469f-ace3-025aed67e75a,c697ab81-ffed-5fa6-9b51-be0954571d20,2026-27,1,16.94,17.14,16.09,29.89,80.06,A,f
bcdeef1e-aa03-bc06-b780-1cf3a690b482,bd0bfff1-aa08-469f-ace3-025aed67e75a,cc6bfe47-d156-5f3c-a0a6-64be53ff1202,2026-27,1,14.64,15.94,16.69,32.59,79.86,B+,f
845eb4af-06c3-2f31-028e-d5ea9e49fbce,bd0bfff1-aa08-469f-ace3-025aed67e75a,945cbb28-3a50-5ed1-8e70-c416ee3f92f0,2026-27,1,15.04,15.14,14.89,28.99,74.06,B+,f
2b2cbeab-ed29-561f-499d-627639108976,bd0bfff1-aa08-469f-ace3-025aed67e75a,325f5f11-db40-5f00-816d-d66357e36c70,2026-27,1,17.04,15.04,16.49,30.89,79.46,B+,f
4e5af79a-f23a-3112-bce5-ecaf9b427d0a,bd0bfff1-aa08-469f-ace3-025aed67e75a,817d9a6f-e405-58f8-991b-373c31bd4e25,2026-27,1,17.04,14.74,15.09,29.99,76.86,B+,f
f8bdb10d-e56e-f31b-3370-8f28be0865b8,1ca793cc-1198-435a-9f94-a3e8496154bb,29f10515-0a52-55f4-896b-fa882e11e38e,2026-27,6,17.38,17.16,20.0,36.43,90.97,A+,f
8f82efd8-2ef3-1567-f83b-0e96edb21290,1ca793cc-1198-435a-9f94-a3e8496154bb,2bc3bd90-0760-5d47-9467-5a5992c412e5,2026-27,6,18.18,17.06,20.0,37.83,93.07,A+,f
3a0e6f9d-4fcd-0b03-cbef-78ac6d88c6f3,1ca793cc-1198-435a-9f94-a3e8496154bb,d9518e1b-06ba-5f43-b6b9-67d017eaae5d,2026-27,6,18.08,19.76,18.22,34.83,90.89,A+,f
5cf0e428-4767-b013-a100-b7f8988d5650,1ca793cc-1198-435a-9f94-a3e8496154bb,005078bd-c539-5c44-a631-7e7dd9fb778c,2026-27,6,19.88,17.26,18.32,35.63,91.09,A+,f
b91e4d66-5bcc-9495-9a43-4f4c6b0b4a69,1ca793cc-1198-435a-9f94-a3e8496154bb,539f9c66-84f9-5b19-943a-cb15d62bbc33,2026-27,6,17.68,18.86,18.72,37.13,92.39,A+,f
dfb91bb6-4a07-a2ae-5c76-8429285ee0ab,f66e0d59-bc27-4097-96db-9ccc9fd6b509,f8b6ad01-594d-5e52-b325-ed9eb13211e1,2026-27,2,17.59,15.14,17.07,37.48,87.28,A,f
4261ae99-0b94-5afa-c12f-f311c03af729,f66e0d59-bc27-4097-96db-9ccc9fd6b509,f27d152a-f613-51a3-aea8-0506e5d24c3a,2026-27,2,18.79,15.44,17.87,34.48,86.58,A,f
ff80ca03-8a8d-a6fe-34b7-c4b0ef717c39,f66e0d59-bc27-4097-96db-9ccc9fd6b509,5297007a-130e-5341-af7a-4e9027c2dadf,2026-27,2,17.39,15.14,18.27,35.48,86.28,A,f
2a3c091e-bc3f-6e81-6ef6-a1750ea023e4,f66e0d59-bc27-4097-96db-9ccc9fd6b509,c8e42f25-4acd-5f8b-8bce-f0cab27cc71f,2026-27,2,17.09,15.74,17.57,34.38,84.78,A,f
9f4536e4-28ac-7c99-f5c4-81ba3dc2ab0c,f66e0d59-bc27-4097-96db-9ccc9fd6b509,5ceb5573-0231-5d70-848b-193fcfdb644c,2026-27,2,15.99,16.34,16.37,33.18,81.88,A,f
10c39987-11e0-5abf-4ea0-027a470996de,c854faf3-84cd-4da5-a49a-3239315a747a,29f10515-0a52-55f4-896b-fa882e11e38e,2026-27,6,17.01,16.57,17.52,34.65,85.75,A,f
f74118f5-08d1-8e17-0a23-dd296bb4c04f,c854faf3-84cd-4da5-a49a-3239315a747a,2bc3bd90-0760-5d47-9467-5a5992c412e5,2026-27,6,17.21,19.27,17.02,34.65,88.15,A,f
263bc14f-b837-5277-4581-c825fe5dcc35,c854faf3-84cd-4da5-a49a-3239315a747a,d9518e1b-06ba-5f43-b6b9-67d017eaae5d,2026-27,6,17.21,18.57,18.82,35.45,90.05,A+,f
449ec57d-4928-3625-e6d3-6a1d2a7afd6f,c854faf3-84cd-4da5-a49a-3239315a747a,005078bd-c539-5c44-a631-7e7dd9fb778c,2026-27,6,17.41,17.97,17.52,35.85,88.75,A,f
aa414e7c-5938-b86c-403f-f532ba23f584,c854faf3-84cd-4da5-a49a-3239315a747a,539f9c66-84f9-5b19-943a-cb15d62bbc33,2026-27,6,18.81,18.87,17.12,34.75,89.55,A,f
217917d8-8f85-c527-3d08-7506a032f2b1,468d5573-23a5-4e70-910f-a6582f4a9796,c697ab81-ffed-5fa6-9b51-be0954571d20,2026-27,1,17.87,18.54,17.39,36.21,90.01,A+,f
4c1c99d3-1058-343d-6007-99d84fdb6c60,468d5573-23a5-4e70-910f-a6582f4a9796,cc6bfe47-d156-5f3c-a0a6-64be53ff1202,2026-27,1,17.57,16.74,18.49,34.71,87.51,A,f
d697bbcb-9f94-e278-51ac-7fd142803b0a,468d5573-23a5-4e70-910f-a6582f4a9796,945cbb28-3a50-5ed1-8e70-c416ee3f92f0,2026-27,1,19.07,17.84,18.39,37.41,92.71,A+,f
7bf7dd88-e3e9-d685-0650-401b449ec39c,468d5573-23a5-4e70-910f-a6582f4a9796,325f5f11-db40-5f00-816d-d66357e36c70,2026-27,1,19.37,18.84,17.79,38.81,94.81,A+,f
75888fb9-21bf-c638-7e31-0068572f62aa,468d5573-23a5-4e70-910f-a6582f4a9796,817d9a6f-e405-58f8-991b-373c31bd4e25,2026-27,1,18.77,17.74,17.99,34.81,89.31,A,f
92e319b4-478d-bb3f-87c8-33fb383a002d,5b77e068-e415-428f-9c47-56281164a8d0,29f10515-0a52-55f4-896b-fa882e11e38e,2026-27,6,17.1,18.44,17.06,35.27,87.87,A,f
ce797020-1e37-8be3-a2f8-7e9863d93f07,5b77e068-e415-428f-9c47-56281164a8d0,2bc3bd90-0760-5d47-9467-5a5992c412e5,2026-27,6,16.4,17.74,17.96,36.57,88.67,A,f
1bbce1d2-2762-828f-d6f6-97f34894b952,5b77e068-e415-428f-9c47-56281164a8d0,d9518e1b-06ba-5f43-b6b9-67d017eaae5d,2026-27,6,17.3,15.84,16.56,33.47,83.17,A,f
2a4b8b58-64ad-a3fe-a81d-6530d33d51a9,5b77e068-e415-428f-9c47-56281164a8d0,005078bd-c539-5c44-a631-7e7dd9fb778c,2026-27,6,16.0,17.94,19.06,33.07,86.07,A,f
60543299-36f0-8bfc-4f65-aab9cbd2d1e3,5b77e068-e415-428f-9c47-56281164a8d0,539f9c66-84f9-5b19-943a-cb15d62bbc33,2026-27,6,18.6,18.84,16.76,36.67,90.87,A+,f
7832226e-f79e-2428-8851-40d0a36d48be,c0c6d86b-6877-425e-b5e2-5b6cea1e2664,c697ab81-ffed-5fa6-9b51-be0954571d20,2026-27,1,17.86,16.41,18.73,33.73,86.73,A,f
c30e2043-0789-d046-f252-c2c27d72f017,c0c6d86b-6877-425e-b5e2-5b6cea1e2664,cc6bfe47-d156-5f3c-a0a6-64be53ff1202,2026-27,1,17.76,15.41,17.03,36.23,86.43,A,f
ae2c7c32-d432-6b0a-de75-511f633319fe,c0c6d86b-6877-425e-b5e2-5b6cea1e2664,945cbb28-3a50-5ed1-8e70-c416ee3f92f0,2026-27,1,18.06,15.51,17.53,37.43,88.53,A,f
696ab777-7572-f518-e935-16341506b11d,c0c6d86b-6877-425e-b5e2-5b6cea1e2664,325f5f11-db40-5f00-816d-d66357e36c70,2026-27,1,17.66,18.71,19.03,31.93,87.33,A,f
e5254726-e7cc-39bc-dc8c-20d2982cb993,c0c6d86b-6877-425e-b5e2-5b6cea1e2664,817d9a6f-e405-58f8-991b-373c31bd4e25,2026-27,1,17.16,16.01,19.23,34.13,86.53,A,f
403ac1fb-981a-d434-e5e6-5b8de1a3300a,274e5dc2-8313-420e-af64-62d711c5d8a9,29f10515-0a52-55f4-896b-fa882e11e38e,2026-27,6,18.4,17.29,19.26,36.63,91.58,A+,f
7a3097db-aa3c-3140-fbbb-effb44d52398,274e5dc2-8313-420e-af64-62d711c5d8a9,2bc3bd90-0760-5d47-9467-5a5992c412e5,2026-27,6,19.5,17.99,18.36,35.73,91.58,A+,f
51e7c4a5-7110-714a-ad90-dd127fcd213c,274e5dc2-8313-420e-af64-62d711c5d8a9,d9518e1b-06ba-5f43-b6b9-67d017eaae5d,2026-27,6,19.1,18.89,17.86,34.73,90.58,A+,f
85f82d2a-e657-a0a0-f66a-d5bd8c430821,274e5dc2-8313-420e-af64-62d711c5d8a9,005078bd-c539-5c44-a631-7e7dd9fb778c,2026-27,6,19.0,16.79,18.36,37.43,91.58,A+,f
46719ae7-2c72-b2f2-b6df-9f352a44e5a2,274e5dc2-8313-420e-af64-62d711c5d8a9,539f9c66-84f9-5b19-943a-cb15d62bbc33,2026-27,6,17.8,19.69,20.0,38.13,95.62,A+,f
9ffd6fb5-9fc7-b60d-fe20-622543d64457,a41bfbe4-df25-4d9a-b39c-deffd5136493,730c5632-33dc-5e69-a798-6135043a47aa,2026-27,4,17.57,17.91,17.71,33.71,86.9,A,f
22d61895-b248-ae78-4551-614662e4278e,a41bfbe4-df25-4d9a-b39c-deffd5136493,21e87180-7538-5689-922d-8889674702ed,2026-27,4,18.47,18.21,17.11,32.51,86.3,A,f
3680c9db-046b-37b5-e956-a1edefc6d8d6,a41bfbe4-df25-4d9a-b39c-deffd5136493,a71f945b-22bf-5921-85a0-cb1acd7cb2e6,2026-27,4,16.27,16.31,16.01,31.01,79.6,B+,f
abccd013-469f-a0ce-ca62-610124785b92,a41bfbe4-df25-4d9a-b39c-deffd5136493,859db046-894d-53cc-8cb4-3643d0c7f1fe,2026-27,4,17.07,18.11,16.21,34.91,86.3,A,f
4bd51383-7a60-dfbe-778d-9e7159514c16,a41bfbe4-df25-4d9a-b39c-deffd5136493,40d412e8-fc3b-5972-8ff2-90b35de8a2d3,2026-27,4,15.47,16.11,16.71,32.31,80.6,A,f
d57b0e4a-8f7e-ba5a-6b47-8c37164e2474,f099bf6e-1119-4e3a-ad70-6afc47697f2d,c697ab81-ffed-5fa6-9b51-be0954571d20,2026-27,1,17.77,17.16,19.44,34.91,89.28,A,f
fb8ee8e1-8ce9-f528-d303-ce75fa438bb7,f099bf6e-1119-4e3a-ad70-6afc47697f2d,cc6bfe47-d156-5f3c-a0a6-64be53ff1202,2026-27,1,20.0,16.96,18.04,35.81,90.81,A+,f
e349d8da-da31-0818-10c9-085ac6321557,f099bf6e-1119-4e3a-ad70-6afc47697f2d,945cbb28-3a50-5ed1-8e70-c416ee3f92f0,2026-27,1,19.27,19.46,20.0,40.0,98.73,A+,f
68a04d4a-b4f6-e3d9-66e2-142aed51f6c3,f099bf6e-1119-4e3a-ad70-6afc47697f2d,325f5f11-db40-5f00-816d-d66357e36c70,2026-27,1,19.67,20.0,19.34,40.0,99.01,A+,f
eb557588-e960-f63c-6008-75cd9f66d82a,f099bf6e-1119-4e3a-ad70-6afc47697f2d,817d9a6f-e405-58f8-991b-373c31bd4e25,2026-27,1,18.47,19.66,17.94,35.71,91.78,A+,f
46d6f420-0f80-d574-9cf0-009bb74d9152,3d2634ae-ac32-4d69-96a0-46233b2d7dad,c697ab81-ffed-5fa6-9b51-be0954571d20,2026-27,1,18.44,18.22,17.89,36.29,90.84,A+,f
d4663394-9d4a-b64e-3585-0b0932256aa5,3d2634ae-ac32-4d69-96a0-46233b2d7dad,cc6bfe47-d156-5f3c-a0a6-64be53ff1202,2026-27,1,18.74,17.82,18.19,36.79,91.54,A+,f
a97f9d77-454c-4240-c82a-a5896e6825a3,3d2634ae-ac32-4d69-96a0-46233b2d7dad,945cbb28-3a50-5ed1-8e70-c416ee3f92f0,2026-27,1,20.0,20.0,18.39,40.0,98.39,A+,f
174719d4-9b81-ec9f-21ac-cb4a429ff99b,3d2634ae-ac32-4d69-96a0-46233b2d7dad,325f5f11-db40-5f00-816d-d66357e36c70,2026-27,1,18.84,18.42,20.0,34.99,92.25,A+,f
1e912107-b655-2403-0b3b-44b3f795caf8,3d2634ae-ac32-4d69-96a0-46233b2d7dad,817d9a6f-e405-58f8-991b-373c31bd4e25,2026-27,1,17.34,19.92,17.79,39.39,94.44,A+,f
99b16dbb-8b38-c039-ddb3-5e882c26ac27,907b3117-be17-490e-b321-815152024843,730c5632-33dc-5e69-a798-6135043a47aa,2026-27,4,15.7,18.13,16.13,32.72,82.68,A,f
600704de-f82c-a23f-9ee6-21d4da1e34b5,907b3117-be17-490e-b321-815152024843,21e87180-7538-5689-922d-8889674702ed,2026-27,4,17.5,16.73,18.33,30.42,82.98,A,f
53939fb8-3567-874f-55cb-39e941ddb38d,907b3117-be17-490e-b321-815152024843,a71f945b-22bf-5921-85a0-cb1acd7cb2e6,2026-27,4,17.7,17.23,16.23,31.12,82.28,A,f
52189307-d804-66e7-1cb3-e5264c804f3b,907b3117-be17-490e-b321-815152024843,859db046-894d-53cc-8cb4-3643d0c7f1fe,2026-27,4,18.2,17.93,17.73,32.62,86.48,A,f
04caf4e5-6b14-2c17-878b-c5892d0d7625,907b3117-be17-490e-b321-815152024843,40d412e8-fc3b-5972-8ff2-90b35de8a2d3,2026-27,4,18.3,15.83,17.13,33.02,84.28,A,f
3b033502-476b-ce86-f6d0-ff61988e9fda,367906ff-ef0a-467c-89ba-6fadff57f435,29f10515-0a52-55f4-896b-fa882e11e38e,2026-27,6,16.86,16.02,18.16,34.73,85.77,A,f
2c3fe117-dce7-d473-9493-9487ad31240e,367906ff-ef0a-467c-89ba-6fadff57f435,2bc3bd90-0760-5d47-9467-5a5992c412e5,2026-27,6,16.76,18.42,18.26,38.13,91.57,A+,f
36ac4135-5db7-6d5c-ec9d-1b066901c8aa,367906ff-ef0a-467c-89ba-6fadff57f435,d9518e1b-06ba-5f43-b6b9-67d017eaae5d,2026-27,6,17.76,17.52,17.96,34.33,87.57,A,f
024f27df-056d-66ca-41bf-897d51330c52,367906ff-ef0a-467c-89ba-6fadff57f435,005078bd-c539-5c44-a631-7e7dd9fb778c,2026-27,6,18.46,15.82,18.86,37.43,90.57,A+,f
dab0ced9-a27d-9b4f-6dc3-b4d3caa98ee6,367906ff-ef0a-467c-89ba-6fadff57f435,539f9c66-84f9-5b19-943a-cb15d62bbc33,2026-27,6,17.16,19.42,18.06,35.33,89.97,A,f
6ecb4b58-b5ee-94bc-4250-c070f190b612,5f98ac60-2390-4b08-b203-436e27e21256,29f10515-0a52-55f4-896b-fa882e11e38e,2026-27,6,16.38,17.5,15.89,33.6,83.37,A,f
f55d1ef2-5ccf-d6fe-7163-0b08cefd866e,5f98ac60-2390-4b08-b203-436e27e21256,2bc3bd90-0760-5d47-9467-5a5992c412e5,2026-27,6,17.78,16.6,16.89,30.8,82.07,A,f
647ff7ad-4048-f7a9-96be-0cb7b65c03f5,5f98ac60-2390-4b08-b203-436e27e21256,d9518e1b-06ba-5f43-b6b9-67d017eaae5d,2026-27,6,17.68,16.6,15.79,34.9,84.97,A,f
05c03d7e-a953-a0ce-4754-9eae1e13db15,5f98ac60-2390-4b08-b203-436e27e21256,005078bd-c539-5c44-a631-7e7dd9fb778c,2026-27,6,15.38,16.7,15.29,32.6,79.97,B+,f
ceb1318a-a558-e8b8-497e-fe92f03694ce,5f98ac60-2390-4b08-b203-436e27e21256,539f9c66-84f9-5b19-943a-cb15d62bbc33,2026-27,6,17.68,14.4,17.19,29.2,78.47,B+,f
ec2201b8-0cc8-a97e-2129-57fb876a22a0,a28a7e4f-6327-4d2a-9fb6-c5a24dd9c085,f8b6ad01-594d-5e52-b325-ed9eb13211e1,2026-27,2,13.89,12.99,16.83,31.03,74.74,B+,f
2d6ff0af-8264-5c2f-8e4f-aaaf8471018f,a28a7e4f-6327-4d2a-9fb6-c5a24dd9c085,f27d152a-f613-51a3-aea8-0506e5d24c3a,2026-27,2,13.99,15.49,15.23,28.23,72.94,B+,f
ed67bc77-e13c-5d9f-d335-dee82c5baaa1,a28a7e4f-6327-4d2a-9fb6-c5a24dd9c085,5297007a-130e-5341-af7a-4e9027c2dadf,2026-27,2,15.69,13.49,15.33,26.53,71.04,B+,f
4fb2173e-48dd-b6d9-f3d2-e91173c61e81,a28a7e4f-6327-4d2a-9fb6-c5a24dd9c085,c8e42f25-4acd-5f8b-8bce-f0cab27cc71f,2026-27,2,16.79,12.89,15.43,28.33,73.44,B+,f
a3f1da9f-f620-6f8f-4a0f-8f881c01306a,a28a7e4f-6327-4d2a-9fb6-c5a24dd9c085,5ceb5573-0231-5d70-848b-193fcfdb644c,2026-27,2,16.09,13.49,15.23,32.43,77.24,B+,f
56b1853c-c45b-9368-e797-303948867f47,b2ed1d86-f2ea-4994-bb8a-a6d29c11d68f,f8b6ad01-594d-5e52-b325-ed9eb13211e1,2026-27,2,16.16,17.3,15.89,31.34,80.69,A,f
c16b0cae-31a8-a41a-e998-d03d15074c3d,b2ed1d86-f2ea-4994-bb8a-a6d29c11d68f,f27d152a-f613-51a3-aea8-0506e5d24c3a,2026-27,2,16.76,16.3,17.99,34.84,85.89,A,f
603152e6-f7f3-c0e6-bbb0-0a2c0dd2b491,b2ed1d86-f2ea-4994-bb8a-a6d29c11d68f,5297007a-130e-5341-af7a-4e9027c2dadf,2026-27,2,16.46,16.7,16.89,29.94,79.99,B+,f
caa29090-1f7f-86c9-0d47-d325eb6b85ec,b2ed1d86-f2ea-4994-bb8a-a6d29c11d68f,c8e42f25-4acd-5f8b-8bce-f0cab27cc71f,2026-27,2,16.26,17.4,16.89,33.04,83.59,A,f
d03c7a5a-46d8-7ae1-1d8c-3c9f614248b1,b2ed1d86-f2ea-4994-bb8a-a6d29c11d68f,5ceb5573-0231-5d70-848b-193fcfdb644c,2026-27,2,17.46,16.5,16.79,33.14,83.89,A,f
8df47acf-57f7-df31-65c7-e5fea4071766,62635a52-79be-4983-a930-e0a4dddc561a,f8b6ad01-594d-5e52-b325-ed9eb13211e1,2026-27,2,17.31,15.72,15.08,27.92,76.03,B+,f
c214f492-8b4e-a795-0d3d-4e8e3438ba14,62635a52-79be-4983-a930-e0a4dddc561a,f27d152a-f613-51a3-aea8-0506e5d24c3a,2026-27,2,14.41,15.52,15.98,31.42,77.33,B+,f
ba5be722-ec27-8c9e-6be1-9cb042e98434,62635a52-79be-4983-a930-e0a4dddc561a,5297007a-130e-5341-af7a-4e9027c2dadf,2026-27,2,16.01,13.82,16.48,31.42,77.73,B+,f
9c6f8b1f-ad71-fbfe-59e5-b50cdbb2f41c,62635a52-79be-4983-a930-e0a4dddc561a,c8e42f25-4acd-5f8b-8bce-f0cab27cc71f,2026-27,2,17.11,14.32,16.08,32.42,79.93,B+,f
c5ccedbf-f468-00c5-6d84-0f00a22af989,62635a52-79be-4983-a930-e0a4dddc561a,5ceb5573-0231-5d70-848b-193fcfdb644c,2026-27,2,15.11,17.42,14.68,29.52,76.73,B+,f
e94866a5-225c-ef91-e0c1-2304a2afc578,7200bf7a-08c0-4ca4-9c0e-6d596569e2a1,c697ab81-ffed-5fa6-9b51-be0954571d20,2026-27,1,17.48,17.95,19.9,34.81,90.14,A+,f
a3b512c5-1f63-bafc-1fd1-3092e8af9540,7200bf7a-08c0-4ca4-9c0e-6d596569e2a1,cc6bfe47-d156-5f3c-a0a6-64be53ff1202,2026-27,1,17.48,17.15,18.7,38.71,92.04,A+,f
285b9ef4-efb9-7f90-606e-212228dd4762,7200bf7a-08c0-4ca4-9c0e-6d596569e2a1,945cbb28-3a50-5ed1-8e70-c416ee3f92f0,2026-27,1,16.68,16.15,17.6,34.21,84.64,A,f
53a1252e-4c00-7306-7251-9bb051584c2d,7200bf7a-08c0-4ca4-9c0e-6d596569e2a1,325f5f11-db40-5f00-816d-d66357e36c70,2026-27,1,17.78,18.55,17.2,36.81,90.34,A+,f
b4525046-eb46-994e-a5ff-473a26f01eb6,7200bf7a-08c0-4ca4-9c0e-6d596569e2a1,817d9a6f-e405-58f8-991b-373c31bd4e25,2026-27,1,18.08,15.75,17.7,34.41,85.94,A,f
607eaed2-651c-c46c-23df-91a09697aaea,d0a7a248-1401-4ba2-90c5-fcb92e59123f,730c5632-33dc-5e69-a798-6135043a47aa,2026-27,4,18.81,16.06,17.79,36.45,89.11,A,f
92c1b820-e1a9-dff1-c905-d8161c2c007b,d0a7a248-1401-4ba2-90c5-fcb92e59123f,21e87180-7538-5689-922d-8889674702ed,2026-27,4,18.11,17.46,16.89,35.25,87.71,A,f
415f10ed-bd8a-0028-52c3-c0956589ef88,d0a7a248-1401-4ba2-90c5-fcb92e59123f,a71f945b-22bf-5921-85a0-cb1acd7cb2e6,2026-27,4,18.21,15.96,17.99,33.65,85.81,A,f
f380df42-d79e-7f12-8ac6-3a5e6ad2c2b6,d0a7a248-1401-4ba2-90c5-fcb92e59123f,859db046-894d-53cc-8cb4-3643d0c7f1fe,2026-27,4,18.31,18.66,18.29,33.15,88.41,A,f
67c78604-109c-399e-fea7-b4e4a9565468,d0a7a248-1401-4ba2-90c5-fcb92e59123f,40d412e8-fc3b-5972-8ff2-90b35de8a2d3,2026-27,4,16.91,18.66,19.39,34.65,89.61,A,f
aba49674-41b0-d86b-b76a-c95411120d34,2edafeee-b273-45ff-8ad6-7fa3a827fdbd,730c5632-33dc-5e69-a798-6135043a47aa,2026-27,4,17.74,15.98,16.89,36.91,87.52,A,f
98138db0-97d5-9210-cb54-2af295b4147a,2edafeee-b273-45ff-8ad6-7fa3a827fdbd,21e87180-7538-5689-922d-8889674702ed,2026-27,4,17.14,16.78,17.99,33.31,85.22,A,f
bfb50525-331d-130a-c1e6-6b25036cee61,2edafeee-b273-45ff-8ad6-7fa3a827fdbd,a71f945b-22bf-5921-85a0-cb1acd7cb2e6,2026-27,4,18.24,15.98,18.09,33.41,85.72,A,f
4bccd87b-119d-b818-1e17-a2967d6043f3,2edafeee-b273-45ff-8ad6-7fa3a827fdbd,859db046-894d-53cc-8cb4-3643d0c7f1fe,2026-27,4,18.34,17.58,17.19,33.31,86.42,A,f
e19becbc-fe71-ed3b-9b5b-40cf929b80c9,2edafeee-b273-45ff-8ad6-7fa3a827fdbd,40d412e8-fc3b-5972-8ff2-90b35de8a2d3,2026-27,4,18.44,17.48,18.19,35.51,89.62,A,f
4d418721-adf6-0a56-8b59-c1eccb91a74b,95367de5-7130-4f76-8f84-a68859c30c97,730c5632-33dc-5e69-a798-6135043a47aa,2026-27,4,17.02,18.98,19.72,34.34,90.06,A+,f
1703583f-6e9c-56de-1b9d-d6297f9890cf,95367de5-7130-4f76-8f84-a68859c30c97,21e87180-7538-5689-922d-8889674702ed,2026-27,4,17.22,16.98,16.92,32.44,83.56,A,f
058636e9-0d9c-2262-027d-8309805598f7,95367de5-7130-4f76-8f84-a68859c30c97,a71f945b-22bf-5921-85a0-cb1acd7cb2e6,2026-27,4,16.92,16.98,19.82,35.44,89.16,A,f
d60599d6-44c7-195f-5492-eae64efd9ebc,95367de5-7130-4f76-8f84-a68859c30c97,859db046-894d-53cc-8cb4-3643d0c7f1fe,2026-27,4,18.92,19.08,19.72,34.44,92.16,A+,f
62cfb7f2-5a67-6cba-12c8-623975e3be96,95367de5-7130-4f76-8f84-a68859c30c97,40d412e8-fc3b-5972-8ff2-90b35de8a2d3,2026-27,4,17.12,16.08,19.82,35.54,88.56,A,f
52c80a86-4873-afb7-2ae3-6f87cfae91a2,f1f11b54-ca1b-49d1-88b5-b9f36a57a9b0,f8b6ad01-594d-5e52-b325-ed9eb13211e1,2026-27,2,17.85,20.0,20.0,38.76,96.61,A+,f
ed582707-fcdc-7227-09af-22c2377701ca,f1f11b54-ca1b-49d1-88b5-b9f36a57a9b0,f27d152a-f613-51a3-aea8-0506e5d24c3a,2026-27,2,19.25,20.0,20.0,40.0,99.25,A+,f
0e678ef4-1e45-80ae-1c4a-e95b4094aa5c,f1f11b54-ca1b-49d1-88b5-b9f36a57a9b0,5297007a-130e-5341-af7a-4e9027c2dadf,2026-27,2,17.95,20.0,18.74,40.0,96.69,A+,f
b49e2da3-f11e-b552-a4c6-db5ea99702a4,f1f11b54-ca1b-49d1-88b5-b9f36a57a9b0,c8e42f25-4acd-5f8b-8bce-f0cab27cc71f,2026-27,2,18.55,17.94,19.24,36.06,91.79,A+,f
645c26f4-5b52-092e-63e6-90a94ed80790,f1f11b54-ca1b-49d1-88b5-b9f36a57a9b0,5ceb5573-0231-5d70-848b-193fcfdb644c,2026-27,2,18.35,19.34,19.74,40.0,97.43,A+,f
0712d4b7-a01b-8eec-da5d-2c3e09c5d869,7006ec6d-87ac-480b-86ea-a9b8143bc4ed,f8b6ad01-594d-5e52-b325-ed9eb13211e1,2026-27,2,18.24,17.29,18.82,31.97,86.32,A,f
d1d93313-3e9a-baba-912a-1953826d46f8,7006ec6d-87ac-480b-86ea-a9b8143bc4ed,f27d152a-f613-51a3-aea8-0506e5d24c3a,2026-27,2,17.54,17.69,16.82,32.67,84.72,A,f
3b62990d-afd0-8c30-bf4d-acc4e16221b3,7006ec6d-87ac-480b-86ea-a9b8143bc4ed,5297007a-130e-5341-af7a-4e9027c2dadf,2026-27,2,17.34,19.09,17.32,32.17,85.92,A,f
293fb6fc-fa3a-2b77-d6c4-dc10d06f4316,7006ec6d-87ac-480b-86ea-a9b8143bc4ed,c8e42f25-4acd-5f8b-8bce-f0cab27cc71f,2026-27,2,17.94,16.69,18.82,37.37,90.82,A+,f
9387ea12-2b9c-3eab-4c0e-5938a6693340,7006ec6d-87ac-480b-86ea-a9b8143bc4ed,5ceb5573-0231-5d70-848b-193fcfdb644c,2026-27,2,17.04,18.19,18.12,34.37,87.72,A,f
201e6e5d-6c2d-c02d-5689-610d14b5771b,735fac46-561e-4e9b-8fab-1744b8f7309c,730c5632-33dc-5e69-a798-6135043a47aa,2026-27,4,16.9,18.15,17.28,35.22,87.55,A,f
6647b9e2-87d3-1b09-ff24-b1747d549acb,735fac46-561e-4e9b-8fab-1744b8f7309c,21e87180-7538-5689-922d-8889674702ed,2026-27,4,17.4,15.75,18.38,33.32,84.85,A,f
34474881-e894-a759-2a44-13432be251cf,735fac46-561e-4e9b-8fab-1744b8f7309c,a71f945b-22bf-5921-85a0-cb1acd7cb2e6,2026-27,4,17.0,19.25,19.18,37.22,92.65,A+,f
83f4a1b7-a017-8923-6852-69a703953eb6,735fac46-561e-4e9b-8fab-1744b8f7309c,859db046-894d-53cc-8cb4-3643d0c7f1fe,2026-27,4,18.4,16.85,17.88,31.72,84.85,A,f
bf388966-52d3-0224-5429-4f1965668253,735fac46-561e-4e9b-8fab-1744b8f7309c,40d412e8-fc3b-5972-8ff2-90b35de8a2d3,2026-27,4,18.3,16.85,18.88,32.92,86.95,A,f
ab766b90-2f26-2d02-b85d-e997a5881760,b6661307-cbf4-43cd-93c7-7bfebc22236a,c697ab81-ffed-5fa6-9b51-be0954571d20,2026-27,1,17.46,17.27,14.95,28.58,78.26,B+,f
fd0ecbb7-272a-df33-b4b0-02607210f26c,b6661307-cbf4-43cd-93c7-7bfebc22236a,cc6bfe47-d156-5f3c-a0a6-64be53ff1202,2026-27,1,16.56,14.87,16.75,30.08,78.26,B+,f
c6dc3805-906d-431b-adde-ef60ec277e0d,b6661307-cbf4-43cd-93c7-7bfebc22236a,945cbb28-3a50-5ed1-8e70-c416ee3f92f0,2026-27,1,16.16,15.77,15.05,33.68,80.66,A,f
1076ede1-0511-f9ab-09eb-fec1e7e5fe6c,b6661307-cbf4-43cd-93c7-7bfebc22236a,325f5f11-db40-5f00-816d-d66357e36c70,2026-27,1,17.66,15.27,15.25,33.88,82.06,A,f
8b10e038-c9ed-6b24-6bf9-76748c2cbfac,b6661307-cbf4-43cd-93c7-7bfebc22236a,817d9a6f-e405-58f8-991b-373c31bd4e25,2026-27,1,17.06,16.07,15.15,28.88,77.16,B+,f
c6c92d65-1444-d0e8-2edf-b6c7d5c89994,112ea380-f370-463c-abad-540b5bc5b02c,730c5632-33dc-5e69-a798-6135043a47aa,2026-27,4,15.25,17.88,16.47,30.39,79.99,B+,f
2e61f0f4-ef51-225b-9175-83912215d871,112ea380-f370-463c-abad-540b5bc5b02c,21e87180-7538-5689-922d-8889674702ed,2026-27,4,15.25,15.88,16.47,34.99,82.59,A,f
f937e58b-baf0-7188-69f3-795c454140e0,112ea380-f370-463c-abad-540b5bc5b02c,a71f945b-22bf-5921-85a0-cb1acd7cb2e6,2026-27,4,17.95,15.08,18.47,34.99,86.49,A,f
7da83f17-2aae-9b6f-acd2-3c56ee8c7157,112ea380-f370-463c-abad-540b5bc5b02c,859db046-894d-53cc-8cb4-3643d0c7f1fe,2026-27,4,16.45,17.38,16.37,32.99,83.19,A,f
2942cd68-0ccf-f0d5-5c00-bfaab56e6ca1,112ea380-f370-463c-abad-540b5bc5b02c,40d412e8-fc3b-5972-8ff2-90b35de8a2d3,2026-27,4,17.25,16.98,17.57,33.09,84.89,A,f
884a76c7-bede-dcdf-de0f-9eaaae7afbd9,6a4df9d2-08a8-4900-a4d1-b1cce5358b67,730c5632-33dc-5e69-a798-6135043a47aa,2026-27,4,17.3,16.87,19.74,37.77,91.68,A+,f
5cfeb4a5-18cb-afdc-3551-e23b3ff93003,6a4df9d2-08a8-4900-a4d1-b1cce5358b67,21e87180-7538-5689-922d-8889674702ed,2026-27,4,17.5,18.67,18.64,39.67,94.48,A+,f
78cc7173-4ce0-bc4f-690a-2ed5af44b601,6a4df9d2-08a8-4900-a4d1-b1cce5358b67,a71f945b-22bf-5921-85a0-cb1acd7cb2e6,2026-27,4,18.6,18.27,20.0,36.47,93.34,A+,f
c62fa5fe-dea2-aa8c-c914-b6c31b4b617d,6a4df9d2-08a8-4900-a4d1-b1cce5358b67,859db046-894d-53cc-8cb4-3643d0c7f1fe,2026-27,4,19.8,18.87,19.34,34.97,92.98,A+,f
070c078b-038e-eae9-b33f-a5b5d0bfa2e4,6a4df9d2-08a8-4900-a4d1-b1cce5358b67,40d412e8-fc3b-5972-8ff2-90b35de8a2d3,2026-27,4,18.9,18.87,17.94,35.27,90.98,A+,f
c80835f7-f98a-c2a0-468f-9563ce4c13d5,2d2d894f-bc2c-4b38-821b-b88283ac77ad,730c5632-33dc-5e69-a798-6135043a47aa,2026-27,4,17.41,18.48,19.93,34.12,89.94,A,f
7f00afa2-803d-b95a-4a1d-ca9a11342406,2d2d894f-bc2c-4b38-821b-b88283ac77ad,21e87180-7538-5689-922d-8889674702ed,2026-27,4,19.61,18.98,17.83,34.42,90.84,A+,f
1db5c5dc-edf0-3fab-e8a8-f0e22bf8c733,2d2d894f-bc2c-4b38-821b-b88283ac77ad,a71f945b-22bf-5921-85a0-cb1acd7cb2e6,2026-27,4,17.21,17.58,19.23,35.52,89.54,A,f
6499865d-cf3a-a4eb-c816-e953fc8de66a,2d2d894f-bc2c-4b38-821b-b88283ac77ad,859db046-894d-53cc-8cb4-3643d0c7f1fe,2026-27,4,19.61,19.38,17.63,34.22,90.84,A+,f
2869855f-4940-d72b-6bd0-87e968b7f95c,2d2d894f-bc2c-4b38-821b-b88283ac77ad,40d412e8-fc3b-5972-8ff2-90b35de8a2d3,2026-27,4,17.71,16.58,18.23,33.62,86.14,A,f
a67b604a-a286-3030-2fb4-2b10faeb5c51,72678c82-38a3-423a-a567-7f09511ce1cb,29f10515-0a52-55f4-896b-fa882e11e38e,2026-27,6,15.75,16.76,17.12,31.59,81.22,A,f
6e2dc44f-7843-023b-424d-3a41c8610c5e,72678c82-38a3-423a-a567-7f09511ce1cb,2bc3bd90-0760-5d47-9467-5a5992c412e5,2026-27,6,16.15,15.16,14.92,27.89,74.12,B+,f
9b9c9d64-6442-2101-6277-4d3932a21ae9,72678c82-38a3-423a-a567-7f09511ce1cb,d9518e1b-06ba-5f43-b6b9-67d017eaae5d,2026-27,6,17.05,13.96,15.32,32.19,78.52,B+,f
2bd1b3c2-2c15-d932-c9ac-b1ab79c31361,72678c82-38a3-423a-a567-7f09511ce1cb,005078bd-c539-5c44-a631-7e7dd9fb778c,2026-27,6,16.95,15.56,15.62,33.49,81.62,A,f
83b53f46-1a62-ac04-231a-a784acf9045d,72678c82-38a3-423a-a567-7f09511ce1cb,539f9c66-84f9-5b19-943a-cb15d62bbc33,2026-27,6,16.35,16.16,16.22,28.99,77.72,B+,f
b60d508b-d84d-896b-4f46-6909ea08f741,9331d740-9ea6-4db5-b548-2213e206f732,29f10515-0a52-55f4-896b-fa882e11e38e,2026-27,6,17.91,16.64,18.15,34.67,87.37,A,f
b82428f8-a619-05c6-f3e7-c10b7f8840e4,9331d740-9ea6-4db5-b548-2213e206f732,2bc3bd90-0760-5d47-9467-5a5992c412e5,2026-27,6,15.61,15.04,16.75,35.37,82.77,A,f
0ec19770-b0d9-f20f-6397-43381b69e5da,9331d740-9ea6-4db5-b548-2213e206f732,d9518e1b-06ba-5f43-b6b9-67d017eaae5d,2026-27,6,16.41,16.04,15.75,33.77,81.97,A,f
b00b4855-6b9d-903e-e097-dc3cb01bdd52,9331d740-9ea6-4db5-b548-2213e206f732,005078bd-c539-5c44-a631-7e7dd9fb778c,2026-27,6,15.81,15.24,16.65,34.67,82.37,A,f
465486dc-fe75-f3d3-1ab6-a8f4d2651096,9331d740-9ea6-4db5-b548-2213e206f732,539f9c66-84f9-5b19-943a-cb15d62bbc33,2026-27,6,17.01,15.84,17.65,31.87,82.37,A,f
5ae1ebe1-db91-4897-6e26-a83453cf3611,0b8c6994-702c-4cd6-9023-93a536fdda55,730c5632-33dc-5e69-a798-6135043a47aa,2026-27,4,18.47,16.23,19.47,37.43,91.6,A+,f
70b6070a-62d8-203f-6023-5d87cbcb747e,0b8c6994-702c-4cd6-9023-93a536fdda55,21e87180-7538-5689-922d-8889674702ed,2026-27,4,17.17,19.03,19.57,38.03,93.8,A+,f
80324e02-9917-d54d-3385-6202d0c1d0d6,0b8c6994-702c-4cd6-9023-93a536fdda55,a71f945b-22bf-5921-85a0-cb1acd7cb2e6,2026-27,4,17.07,16.33,18.97,37.23,89.6,A,f
880f3aef-3cca-82d9-5983-766f78598ac0,0b8c6994-702c-4cd6-9023-93a536fdda55,859db046-894d-53cc-8cb4-3643d0c7f1fe,2026-27,4,19.27,18.83,19.67,36.53,94.3,A+,f
952934b9-70a7-b672-977e-e5009a7342c2,0b8c6994-702c-4cd6-9023-93a536fdda55,40d412e8-fc3b-5972-8ff2-90b35de8a2d3,2026-27,4,19.37,17.93,17.27,34.33,88.9,A,f
d0be6f22-d28d-23cc-91f5-e3b1553a92fa,391e48f1-7d0b-40be-92c6-592eda356258,29f10515-0a52-55f4-896b-fa882e11e38e,2026-27,6,16.76,18.5,16.81,31.93,84.0,A,f
7495b26b-0366-c97a-4ecf-f14694fe353e,391e48f1-7d0b-40be-92c6-592eda356258,2bc3bd90-0760-5d47-9467-5a5992c412e5,2026-27,6,16.06,17.9,16.81,32.63,83.4,A,f
614919a2-1075-f4f5-9f8b-a718ff8ffbb5,391e48f1-7d0b-40be-92c6-592eda356258,d9518e1b-06ba-5f43-b6b9-67d017eaae5d,2026-27,6,16.86,15.4,18.01,31.83,82.1,A,f
220bd212-992e-e153-fe50-1fae65d1adc7,391e48f1-7d0b-40be-92c6-592eda356258,005078bd-c539-5c44-a631-7e7dd9fb778c,2026-27,6,17.46,17.8,18.61,31.33,85.2,A,f
6b82cf47-9c14-69f8-2d14-0550298f61b7,391e48f1-7d0b-40be-92c6-592eda356258,539f9c66-84f9-5b19-943a-cb15d62bbc33,2026-27,6,17.66,15.0,16.81,35.93,85.4,A,f
33e673d5-88c0-3499-cf6e-bfd8a487e10a,27853259-68b6-46ee-99d2-e2cd051972fb,29f10515-0a52-55f4-896b-fa882e11e38e,2026-27,6,15.04,17.17,15.76,34.24,82.21,A,f
9746ca75-6047-3030-3a87-65b17525c442,27853259-68b6-46ee-99d2-e2cd051972fb,2bc3bd90-0760-5d47-9467-5a5992c412e5,2026-27,6,16.84,18.07,15.36,32.34,82.61,A,f
ac6abf4f-e419-cfeb-cc19-5b297a7066a4,27853259-68b6-46ee-99d2-e2cd051972fb,d9518e1b-06ba-5f43-b6b9-67d017eaae5d,2026-27,6,17.54,15.77,17.36,33.94,84.61,A,f
2f17182e-62a4-f001-43c3-83f945f0f4a0,27853259-68b6-46ee-99d2-e2cd051972fb,005078bd-c539-5c44-a631-7e7dd9fb778c,2026-27,6,15.34,14.37,16.16,31.74,77.61,B+,f
4230f11b-7f59-bf57-8374-6950857a8a12,27853259-68b6-46ee-99d2-e2cd051972fb,539f9c66-84f9-5b19-943a-cb15d62bbc33,2026-27,6,16.74,14.17,16.26,34.44,81.61,A,f
c3895e29-84e7-3773-b6e9-eecb130a2d7e,fabd594b-c2b4-4d6f-a344-573d868164d8,c697ab81-ffed-5fa6-9b51-be0954571d20,2026-27,1,17.64,16.4,17.14,32.79,83.97,A,f
5612ff2a-47f2-b4f5-a1ec-78d88d335282,fabd594b-c2b4-4d6f-a344-573d868164d8,cc6bfe47-d156-5f3c-a0a6-64be53ff1202,2026-27,1,18.14,17.5,18.94,37.29,91.87,A+,f
9c870f53-8780-5bb5-4705-1d12db2ac355,fabd594b-c2b4-4d6f-a344-573d868164d8,945cbb28-3a50-5ed1-8e70-c416ee3f92f0,2026-27,1,19.04,17.6,17.44,34.59,88.67,A,f
f13b866f-b31c-5427-378b-6043aa913c4c,fabd594b-c2b4-4d6f-a344-573d868164d8,325f5f11-db40-5f00-816d-d66357e36c70,2026-27,1,18.54,16.1,18.64,34.19,87.47,A,f
5b4ac009-5741-d505-8956-11a4da3be2ac,fabd594b-c2b4-4d6f-a344-573d868164d8,817d9a6f-e405-58f8-991b-373c31bd4e25,2026-27,1,19.14,18.0,19.54,35.49,92.17,A+,f
b39b76c5-13bb-bb43-9964-61618ef844e1,2da6abd3-1ac5-4187-83ae-69e65e94daa0,f8b6ad01-594d-5e52-b325-ed9eb13211e1,2026-27,2,18.6,15.44,16.15,36.0,86.19,A,f
4d209617-c668-36c5-0511-37d8aa792299,2da6abd3-1ac5-4187-83ae-69e65e94daa0,f27d152a-f613-51a3-aea8-0506e5d24c3a,2026-27,2,18.5,17.64,18.35,32.0,86.49,A,f
becaae03-023f-abef-91b5-3c2dcaa5de5a,2da6abd3-1ac5-4187-83ae-69e65e94daa0,5297007a-130e-5341-af7a-4e9027c2dadf,2026-27,2,18.5,15.94,16.55,33.7,84.69,A,f
112ea1d9-fa02-0898-d674-5cffcb68481b,2da6abd3-1ac5-4187-83ae-69e65e94daa0,c8e42f25-4acd-5f8b-8bce-f0cab27cc71f,2026-27,2,17.5,16.44,16.95,32.9,83.79,A,f
9a7812f3-9069-def3-3130-7af0ba2f2eb8,2da6abd3-1ac5-4187-83ae-69e65e94daa0,5ceb5573-0231-5d70-848b-193fcfdb644c,2026-27,2,18.2,17.54,18.35,34.4,88.49,A,f
6f4a74bd-09e3-5274-7d6f-20f6871f1b69,609bf32f-ef88-4183-8520-3469675c5ad3,f8b6ad01-594d-5e52-b325-ed9eb13211e1,2026-27,2,18.46,20.0,20.0,40.0,98.46,A+,f
61565309-d06b-5f42-8dd8-d5a74415012c,609bf32f-ef88-4183-8520-3469675c5ad3,f27d152a-f613-51a3-aea8-0506e5d24c3a,2026-27,2,18.86,19.45,20.0,39.66,97.97,A+,f
90608d20-07bb-b34f-2d11-96300f7e1eda,609bf32f-ef88-4183-8520-3469675c5ad3,5297007a-130e-5341-af7a-4e9027c2dadf,2026-27,2,19.66,20.0,19.35,36.86,95.87,A+,f
39600f43-5fd5-ffe6-4d45-a1f3546cc60e,609bf32f-ef88-4183-8520-3469675c5ad3,c8e42f25-4acd-5f8b-8bce-f0cab27cc71f,2026-27,2,19.46,17.15,19.35,39.76,95.72,A+,f
9015c6f2-e019-d95d-b185-0259592d3ae7,609bf32f-ef88-4183-8520-3469675c5ad3,5ceb5573-0231-5d70-848b-193fcfdb644c,2026-27,2,19.86,20.0,18.85,36.06,94.77,A+,f
46bb0c4e-016e-5daa-e031-62a6ba1ad740,fd8f6e7a-d896-47c4-8950-0208bf34097f,29f10515-0a52-55f4-896b-fa882e11e38e,2026-27,6,18.1,17.43,16.73,31.12,83.38,A,f
ff4614b7-5152-304f-391c-fec49bf5d54f,fd8f6e7a-d896-47c4-8950-0208bf34097f,2bc3bd90-0760-5d47-9467-5a5992c412e5,2026-27,6,17.3,15.13,16.03,30.22,78.68,B+,f
cc57d85e-03e0-a7a7-4cad-dc97eee702fb,fd8f6e7a-d896-47c4-8950-0208bf34097f,d9518e1b-06ba-5f43-b6b9-67d017eaae5d,2026-27,6,16.7,18.23,16.93,32.32,84.18,A,f
d690deb5-a556-b120-feec-4fe7ebe332d1,fd8f6e7a-d896-47c4-8950-0208bf34097f,005078bd-c539-5c44-a631-7e7dd9fb778c,2026-27,6,17.0,17.33,18.63,34.42,87.38,A,f
205cca0c-99e7-7ac1-06b4-86d31d3e29ef,fd8f6e7a-d896-47c4-8950-0208bf34097f,539f9c66-84f9-5b19-943a-cb15d62bbc33,2026-27,6,15.6,18.03,16.73,32.52,82.88,A,f
32830d9f-f10f-c76d-d753-c01653de09bb,fce41950-4037-4603-9b82-da005fae7ad0,29f10515-0a52-55f4-896b-fa882e11e38e,2026-27,6,18.19,18.95,19.69,36.1,92.93,A+,f
299b56cd-a105-b41d-bb6b-de21e8bf3bbc,fce41950-4037-4603-9b82-da005fae7ad0,2bc3bd90-0760-5d47-9467-5a5992c412e5,2026-27,6,18.29,16.65,18.89,34.7,88.53,A,f
ea7a2fec-1570-bd82-65e8-605a0f6fbc91,fce41950-4037-4603-9b82-da005fae7ad0,d9518e1b-06ba-5f43-b6b9-67d017eaae5d,2026-27,6,17.69,16.15,19.89,38.5,92.23,A+,f
c0685ee1-d7d0-da84-7d2a-1ecafcc7dd19,fce41950-4037-4603-9b82-da005fae7ad0,005078bd-c539-5c44-a631-7e7dd9fb778c,2026-27,6,18.99,17.95,18.99,37.4,93.33,A+,f
7a1facb2-7071-244a-6822-91bfd599f972,fce41950-4037-4603-9b82-da005fae7ad0,539f9c66-84f9-5b19-943a-cb15d62bbc33,2026-27,6,18.59,18.25,19.69,36.9,93.43,A+,f
db929d02-434a-ca42-30ed-bbff00b3197b,7fd2adc1-e640-4b50-a95d-9f8229652987,f8b6ad01-594d-5e52-b325-ed9eb13211e1,2026-27,2,16.19,17.62,17.92,31.7,83.43,A,f
cf0479ce-0bf7-f7d6-793b-3ba0739d15f6,7fd2adc1-e640-4b50-a95d-9f8229652987,f27d152a-f613-51a3-aea8-0506e5d24c3a,2026-27,2,16.79,15.02,17.52,30.7,80.03,A,f
3c75cea2-3263-7ef3-eafd-9c30fb768c59,7fd2adc1-e640-4b50-a95d-9f8229652987,5297007a-130e-5341-af7a-4e9027c2dadf,2026-27,2,16.09,14.42,17.02,33.3,80.83,A,f
5ddeec8b-50b0-26fc-5436-1165aff43e3e,7fd2adc1-e640-4b50-a95d-9f8229652987,c8e42f25-4acd-5f8b-8bce-f0cab27cc71f,2026-27,2,16.59,14.52,16.52,35.3,82.93,A,f
a10d5267-5cd4-31f1-f460-91726adb5754,7fd2adc1-e640-4b50-a95d-9f8229652987,5ceb5573-0231-5d70-848b-193fcfdb644c,2026-27,2,15.39,16.62,16.42,30.6,79.03,B+,f
9d3b3632-e2a6-9751-7eca-3bb7f4dd5062,df6e6a38-cb17-48e9-8503-d29b0c34c068,730c5632-33dc-5e69-a798-6135043a47aa,2026-27,4,16.65,18.51,17.54,34.84,87.54,A,f
2e55d3ce-8bf0-8fe3-4085-231f3d979447,df6e6a38-cb17-48e9-8503-d29b0c34c068,21e87180-7538-5689-922d-8889674702ed,2026-27,4,16.85,18.11,16.94,34.14,86.04,A,f
8076b7a5-b704-59b7-b6e6-2a56a1947b75,df6e6a38-cb17-48e9-8503-d29b0c34c068,a71f945b-22bf-5921-85a0-cb1acd7cb2e6,2026-27,4,17.15,16.11,18.24,32.14,83.64,A,f
bf6e7a08-e13f-570d-ece1-0d338965c927,df6e6a38-cb17-48e9-8503-d29b0c34c068,859db046-894d-53cc-8cb4-3643d0c7f1fe,2026-27,4,17.45,15.71,18.64,32.84,84.64,A,f
404715aa-d2fd-b4de-2e67-a0d98523fcf5,df6e6a38-cb17-48e9-8503-d29b0c34c068,40d412e8-fc3b-5972-8ff2-90b35de8a2d3,2026-27,4,17.55,17.71,16.74,33.44,85.44,A,f
8b9f85aa-06d3-79a6-e317-8860df9b1b2f,064e4451-fbcc-4e2c-98df-4c9392264c60,29f10515-0a52-55f4-896b-fa882e11e38e,2026-27,6,19.82,16.6,18.17,39.52,94.11,A+,f
1284a173-b21f-ec74-ba4d-ec3f23c533aa,064e4451-fbcc-4e2c-98df-4c9392264c60,2bc3bd90-0760-5d47-9467-5a5992c412e5,2026-27,6,19.12,16.4,17.97,36.42,89.91,A,f
e3d6b2ff-5729-8826-711d-a72ae7b489ed,064e4451-fbcc-4e2c-98df-4c9392264c60,d9518e1b-06ba-5f43-b6b9-67d017eaae5d,2026-27,6,17.52,19.6,17.77,36.72,91.61,A+,f
bc0c7065-d3c9-3362-204a-0da38dbcb81b,064e4451-fbcc-4e2c-98df-4c9392264c60,005078bd-c539-5c44-a631-7e7dd9fb778c,2026-27,6,17.82,16.5,18.07,39.32,91.71,A+,f
ae491736-8e9a-8b4a-f4e5-d9004ac9c90b,064e4451-fbcc-4e2c-98df-4c9392264c60,539f9c66-84f9-5b19-943a-cb15d62bbc33,2026-27,6,17.92,18.4,17.87,35.42,89.61,A,f
29f21d80-b6c4-d3cf-d707-ca86ac343af0,346e2838-f1b6-494a-ad10-1e53b5a44b54,29f10515-0a52-55f4-896b-fa882e11e38e,2026-27,6,18.79,16.24,16.96,36.85,88.84,A,f
c9eb2290-4e44-b08e-bbe1-4a58be1ed9ca,346e2838-f1b6-494a-ad10-1e53b5a44b54,2bc3bd90-0760-5d47-9467-5a5992c412e5,2026-27,6,17.99,15.74,18.46,32.45,84.64,A,f
b3fda744-1501-9007-c4c4-6719d3b1c8e0,346e2838-f1b6-494a-ad10-1e53b5a44b54,d9518e1b-06ba-5f43-b6b9-67d017eaae5d,2026-27,6,18.49,16.34,18.56,35.45,88.84,A,f
e541f872-4b58-847a-2585-97f2c740de36,346e2838-f1b6-494a-ad10-1e53b5a44b54,005078bd-c539-5c44-a631-7e7dd9fb778c,2026-27,6,16.09,15.24,18.06,31.95,81.34,A,f
ed0108ba-bf2a-0231-3765-992a30da037b,346e2838-f1b6-494a-ad10-1e53b5a44b54,539f9c66-84f9-5b19-943a-cb15d62bbc33,2026-27,6,15.99,16.04,16.46,32.95,81.44,A,f
33d07401-0c11-db9e-0c8f-1540131cc211,1da664ac-810c-46b3-a2be-8e9cc0e3030c,f8b6ad01-594d-5e52-b325-ed9eb13211e1,2026-27,2,18.94,16.61,18.15,33.72,87.42,A,f
7362a0a5-952a-9137-88af-7d4d79d7af86,1da664ac-810c-46b3-a2be-8e9cc0e3030c,f27d152a-f613-51a3-aea8-0506e5d24c3a,2026-27,2,16.54,17.01,17.55,34.52,85.62,A,f
7b9659bd-d752-595b-b09f-a7e3899c0982,1da664ac-810c-46b3-a2be-8e9cc0e3030c,5297007a-130e-5341-af7a-4e9027c2dadf,2026-27,2,17.84,16.31,17.55,35.02,86.72,A,f
a2fdf507-1209-5232-b61d-9167df02f2d0,1da664ac-810c-46b3-a2be-8e9cc0e3030c,c8e42f25-4acd-5f8b-8bce-f0cab27cc71f,2026-27,2,18.34,18.71,17.35,37.12,91.52,A+,f
1bd235bf-cb0e-e9b2-746a-c447745fdf86,1da664ac-810c-46b3-a2be-8e9cc0e3030c,5ceb5573-0231-5d70-848b-193fcfdb644c,2026-27,2,17.24,15.91,18.25,37.02,88.42,A,f
d9ec523a-ad83-d475-ad67-059ec9664f50,89844b29-684e-4711-8815-c6888760f4df,f8b6ad01-594d-5e52-b325-ed9eb13211e1,2026-27,2,16.22,16.16,18.57,35.84,86.79,A,f
caabcf7d-6749-fb6c-8be1-dc2ab0dfd6f7,89844b29-684e-4711-8815-c6888760f4df,f27d152a-f613-51a3-aea8-0506e5d24c3a,2026-27,2,16.12,16.26,16.07,30.84,79.29,B+,f
24302f29-6091-32d3-95c1-1dfb50042365,89844b29-684e-4711-8815-c6888760f4df,5297007a-130e-5341-af7a-4e9027c2dadf,2026-27,2,15.72,17.76,18.27,33.84,85.59,A,f
a1dce7ce-0748-c94e-7fdf-9d085eaaf58b,89844b29-684e-4711-8815-c6888760f4df,c8e42f25-4acd-5f8b-8bce-f0cab27cc71f,2026-27,2,17.02,16.16,17.57,31.64,82.39,A,f
9e97b9ed-6b3a-495b-17f4-128f06b43aca,89844b29-684e-4711-8815-c6888760f4df,5ceb5573-0231-5d70-848b-193fcfdb644c,2026-27,2,16.52,15.36,17.77,34.24,83.89,A,f
31114d4c-fdb4-c430-7020-e825f8d17b27,c60210a0-2054-4976-8d04-93b5738010b0,29f10515-0a52-55f4-896b-fa882e11e38e,2026-27,6,17.06,16.53,18.37,33.54,85.5,A,f
ba46e2d1-05fb-8a39-5651-86a5b487de6c,c60210a0-2054-4976-8d04-93b5738010b0,2bc3bd90-0760-5d47-9467-5a5992c412e5,2026-27,6,16.56,17.53,18.47,38.04,90.6,A+,f
38ccfda7-7c5d-06a4-5045-aebad4b21ebe,c60210a0-2054-4976-8d04-93b5738010b0,d9518e1b-06ba-5f43-b6b9-67d017eaae5d,2026-27,6,16.86,16.73,17.67,37.84,89.1,A,f
a107dae7-00c0-5344-06c1-faa2e7a3bf8d,c60210a0-2054-4976-8d04-93b5738010b0,005078bd-c539-5c44-a631-7e7dd9fb778c,2026-27,6,17.16,16.83,17.37,37.14,88.5,A,f
0d1a5fe8-b7ed-5990-e3bc-9e89d8d9dd59,c60210a0-2054-4976-8d04-93b5738010b0,539f9c66-84f9-5b19-943a-cb15d62bbc33,2026-27,6,19.36,18.13,18.17,36.44,92.1,A+,f
fceec737-303d-a61f-e2dc-72f5ca9a6d26,d0e331e2-b577-460d-b447-c38d2f8cf4bf,f8b6ad01-594d-5e52-b325-ed9eb13211e1,2026-27,2,17.94,16.6,19.03,33.54,87.11,A,f
42ac145e-744b-e002-7d62-ec42522ea368,d0e331e2-b577-460d-b447-c38d2f8cf4bf,f27d152a-f613-51a3-aea8-0506e5d24c3a,2026-27,2,19.24,17.1,16.93,32.14,85.41,A,f
924737db-5531-8dd7-4079-59af95888ec1,d0e331e2-b577-460d-b447-c38d2f8cf4bf,5297007a-130e-5341-af7a-4e9027c2dadf,2026-27,2,16.74,19.3,18.03,37.24,91.31,A+,f
9312d21c-8427-db4b-555e-61a6ae932bf5,d0e331e2-b577-460d-b447-c38d2f8cf4bf,c8e42f25-4acd-5f8b-8bce-f0cab27cc71f,2026-27,2,16.74,17.0,18.33,36.64,88.71,A,f
8acded78-ca9d-b815-15b6-ae0108ba4508,d0e331e2-b577-460d-b447-c38d2f8cf4bf,5ceb5573-0231-5d70-848b-193fcfdb644c,2026-27,2,18.34,15.5,17.13,32.24,83.21,A,f
a67c8436-d549-74f4-5fe5-4e723be4a374,3ad01eef-4870-4b95-82d2-f092a08cae45,730c5632-33dc-5e69-a798-6135043a47aa,2026-27,4,18.16,17.82,16.76,36.99,89.73,A,f
b4089adb-e91f-f469-b63c-cf87714c68d8,3ad01eef-4870-4b95-82d2-f092a08cae45,21e87180-7538-5689-922d-8889674702ed,2026-27,4,17.66,16.32,18.16,36.59,88.73,A,f
bc01b5c1-68de-2d41-bf06-0d912111cf7d,3ad01eef-4870-4b95-82d2-f092a08cae45,a71f945b-22bf-5921-85a0-cb1acd7cb2e6,2026-27,4,19.16,16.12,17.06,34.19,86.53,A,f
35660b80-61e2-f796-b17f-f6a476fccef5,3ad01eef-4870-4b95-82d2-f092a08cae45,859db046-894d-53cc-8cb4-3643d0c7f1fe,2026-27,4,19.16,17.82,17.06,36.69,90.73,A+,f
d791d726-fbfa-ee74-c69b-1ed4838e6707,3ad01eef-4870-4b95-82d2-f092a08cae45,40d412e8-fc3b-5972-8ff2-90b35de8a2d3,2026-27,4,18.46,15.92,19.56,37.09,91.03,A+,f
8d225e27-490c-cf2a-8585-beec181b54d2,28f45d5e-3ca4-414c-8d8f-ef6292be852f,c697ab81-ffed-5fa6-9b51-be0954571d20,2026-27,1,17.62,16.04,15.12,29.02,77.8,B+,f
c48fa280-2308-a7d9-561d-48a7bd75b3b4,28f45d5e-3ca4-414c-8d8f-ef6292be852f,cc6bfe47-d156-5f3c-a0a6-64be53ff1202,2026-27,1,16.82,14.14,17.32,30.72,79.0,B+,f
d247cff7-1ee0-c17c-b7b8-775bb210d54b,28f45d5e-3ca4-414c-8d8f-ef6292be852f,945cbb28-3a50-5ed1-8e70-c416ee3f92f0,2026-27,1,16.22,15.84,17.82,33.72,83.6,A,f
a3690151-df2d-dea1-250e-e1307c2d11f8,28f45d5e-3ca4-414c-8d8f-ef6292be852f,325f5f11-db40-5f00-816d-d66357e36c70,2026-27,1,17.12,14.74,15.62,28.82,76.3,B+,f
18e38afa-994c-bc6a-854d-2d52dee3b176,28f45d5e-3ca4-414c-8d8f-ef6292be852f,817d9a6f-e405-58f8-991b-373c31bd4e25,2026-27,1,17.42,13.84,16.92,32.52,80.7,A,f
e961258d-c8c5-e451-2fe9-e7db0cd88aa4,8e7667bf-cb57-4dad-89a5-464570b930cf,29f10515-0a52-55f4-896b-fa882e11e38e,2026-27,6,19.75,19.64,19.11,35.34,93.84,A+,f
8909f89c-fd9f-5c4c-5d61-125bda9ab2a4,8e7667bf-cb57-4dad-89a5-464570b930cf,2bc3bd90-0760-5d47-9467-5a5992c412e5,2026-27,6,17.35,19.24,18.71,35.44,90.74,A+,f
ff53a8ae-2efb-bab6-26f4-76c8b8e697bd,8e7667bf-cb57-4dad-89a5-464570b930cf,d9518e1b-06ba-5f43-b6b9-67d017eaae5d,2026-27,6,19.95,19.04,19.61,38.04,96.64,A+,f
e756c868-b7ad-1c96-f2d8-5e882282eccf,8e7667bf-cb57-4dad-89a5-464570b930cf,005078bd-c539-5c44-a631-7e7dd9fb778c,2026-27,6,18.75,19.44,20.0,36.74,94.93,A+,f
674245db-dde8-3e60-525b-996daca223eb,8e7667bf-cb57-4dad-89a5-464570b930cf,539f9c66-84f9-5b19-943a-cb15d62bbc33,2026-27,6,19.85,19.44,20.0,34.74,94.03,A+,f
f4602c4d-9e72-588e-1364-46c37013998d,09c68ade-d265-41b2-b165-4dfdd282e15c,c697ab81-ffed-5fa6-9b51-be0954571d20,2026-27,1,17.38,18.26,17.92,35.71,89.27,A,f
cf61ff7c-7a77-e92f-7616-c640bc165e40,09c68ade-d265-41b2-b165-4dfdd282e15c,cc6bfe47-d156-5f3c-a0a6-64be53ff1202,2026-27,1,17.88,19.86,20.0,37.31,95.05,A+,f
866923c3-e575-c4e4-4996-b3c6afdb0909,09c68ade-d265-41b2-b165-4dfdd282e15c,945cbb28-3a50-5ed1-8e70-c416ee3f92f0,2026-27,1,19.78,19.86,18.92,35.31,93.87,A+,f
3245b5d8-58d5-072a-5481-6b242055e7ed,09c68ade-d265-41b2-b165-4dfdd282e15c,325f5f11-db40-5f00-816d-d66357e36c70,2026-27,1,17.28,18.06,18.02,35.11,88.47,A,f
9b0e97f3-c369-d0ee-d28b-9c6abbdd1367,09c68ade-d265-41b2-b165-4dfdd282e15c,817d9a6f-e405-58f8-991b-373c31bd4e25,2026-27,1,17.28,17.76,17.72,38.91,91.67,A+,f
62c92740-aed5-b883-1001-4da9a2747335,8fe529aa-f7fc-4e26-a519-e1a6ea9dcaa1,f8b6ad01-594d-5e52-b325-ed9eb13211e1,2026-27,2,17.02,17.75,16.75,32.89,84.41,A,f
e41d5645-f15d-8ea7-1659-41b2c0d2fec6,8fe529aa-f7fc-4e26-a519-e1a6ea9dcaa1,f27d152a-f613-51a3-aea8-0506e5d24c3a,2026-27,2,16.52,14.65,17.25,30.69,79.11,B+,f
4667ff93-f54b-8dea-5387-1cd22eb2a5ec,8fe529aa-f7fc-4e26-a519-e1a6ea9dcaa1,5297007a-130e-5341-af7a-4e9027c2dadf,2026-27,2,15.72,18.15,17.15,32.09,83.11,A,f
3bcef98f-9276-62b9-0ff8-02cf10f20182,8fe529aa-f7fc-4e26-a519-e1a6ea9dcaa1,c8e42f25-4acd-5f8b-8bce-f0cab27cc71f,2026-27,2,16.32,15.35,17.95,31.39,81.01,A,f
0b3842d7-6f56-c23d-7cbe-7ea53ee98b7c,8fe529aa-f7fc-4e26-a519-e1a6ea9dcaa1,5ceb5573-0231-5d70-848b-193fcfdb644c,2026-27,2,15.62,15.75,15.95,36.19,83.51,A,f
3c1ca1c9-555c-7a38-f8dc-461b405df4bf,51d648a0-b49b-4f64-aa29-413ad1d43861,29f10515-0a52-55f4-896b-fa882e11e38e,2026-27,6,17.96,16.2,18.29,30.04,82.49,A,f
b4ee42d2-ca68-f9dc-b202-32ec6e7ddf42,51d648a0-b49b-4f64-aa29-413ad1d43861,2bc3bd90-0760-5d47-9467-5a5992c412e5,2026-27,6,17.86,17.6,16.29,32.04,83.79,A,f
53796262-9fe5-5454-ff76-4b423b6cd42c,51d648a0-b49b-4f64-aa29-413ad1d43861,d9518e1b-06ba-5f43-b6b9-67d017eaae5d,2026-27,6,15.76,14.4,16.89,33.74,80.79,A,f
fbef2b01-d5fc-aa2f-8560-d597fa8a23df,51d648a0-b49b-4f64-aa29-413ad1d43861,005078bd-c539-5c44-a631-7e7dd9fb778c,2026-27,6,16.76,17.6,16.99,33.74,85.09,A,f
13b0e101-1359-a667-7b06-baa711ab5fa8,51d648a0-b49b-4f64-aa29-413ad1d43861,539f9c66-84f9-5b19-943a-cb15d62bbc33,2026-27,6,16.56,17.1,16.79,34.24,84.69,A,f
f5435918-204c-632e-d829-2015cd039bbf,ceb67719-fd3d-4a91-9763-0a1afac5f32b,f8b6ad01-594d-5e52-b325-ed9eb13211e1,2026-27,2,14.02,13.92,15.26,30.6,73.8,B+,f
872c084c-675e-9ffb-37d0-39d7caaf247a,ceb67719-fd3d-4a91-9763-0a1afac5f32b,f27d152a-f613-51a3-aea8-0506e5d24c3a,2026-27,2,15.32,15.32,15.86,29.0,75.5,B+,f
c999bc11-7c5c-71b2-b751-df41f1c00dc2,ceb67719-fd3d-4a91-9763-0a1afac5f32b,5297007a-130e-5341-af7a-4e9027c2dadf,2026-27,2,15.82,16.72,14.96,26.8,74.3,B+,f
34086318-ac27-8daa-381f-c58d46c036de,ceb67719-fd3d-4a91-9763-0a1afac5f32b,c8e42f25-4acd-5f8b-8bce-f0cab27cc71f,2026-27,2,15.12,15.32,14.66,27.1,72.2,B+,f
39bc9598-b4e2-6231-d62c-a991f5062465,ceb67719-fd3d-4a91-9763-0a1afac5f32b,5ceb5573-0231-5d70-848b-193fcfdb644c,2026-27,2,14.22,15.02,14.66,27.4,71.3,B+,f
5ede911c-9f8d-1320-0d53-4a72069eaead,1d634bcb-1e4c-4d83-ad56-01a45c2b82c0,29f10515-0a52-55f4-896b-fa882e11e38e,2026-27,6,18.12,16.56,15.87,30.42,80.97,A,f
b75d0b34-b6b6-5cf9-322a-68868f46d92e,1d634bcb-1e4c-4d83-ad56-01a45c2b82c0,2bc3bd90-0760-5d47-9467-5a5992c412e5,2026-27,6,17.12,18.36,16.17,33.62,85.27,A,f
bf0f7740-8b04-296b-5cc6-9b61123ca792,1d634bcb-1e4c-4d83-ad56-01a45c2b82c0,d9518e1b-06ba-5f43-b6b9-67d017eaae5d,2026-27,6,18.32,15.26,15.87,31.02,80.47,A,f
d7423658-e55e-80a7-3440-be0d86dc411a,1d634bcb-1e4c-4d83-ad56-01a45c2b82c0,005078bd-c539-5c44-a631-7e7dd9fb778c,2026-27,6,15.92,17.16,18.77,34.92,86.77,A,f
88829484-f299-6ff8-df33-1d5651e5ba87,1d634bcb-1e4c-4d83-ad56-01a45c2b82c0,539f9c66-84f9-5b19-943a-cb15d62bbc33,2026-27,6,17.82,14.76,16.37,31.92,80.87,A,f
e4a5c488-710c-a9e1-8d0f-c7f95cb86113,dfde5886-a435-499d-9a4b-e5353b1b3ef6,f8b6ad01-594d-5e52-b325-ed9eb13211e1,2026-27,2,16.17,16.79,16.98,29.28,79.22,B+,f
f5587b52-c9a3-1db4-9124-f29f31429d32,dfde5886-a435-499d-9a4b-e5353b1b3ef6,f27d152a-f613-51a3-aea8-0506e5d24c3a,2026-27,2,15.27,15.69,16.08,32.48,79.52,B+,f
1cb0674b-0f7b-f405-b39a-b14abe2fd7e1,dfde5886-a435-499d-9a4b-e5353b1b3ef6,5297007a-130e-5341-af7a-4e9027c2dadf,2026-27,2,15.97,17.99,17.98,29.68,81.62,A,f
dcf50b8b-33e2-fc43-601f-547d0e350c66,dfde5886-a435-499d-9a4b-e5353b1b3ef6,c8e42f25-4acd-5f8b-8bce-f0cab27cc71f,2026-27,2,17.97,14.39,16.28,29.48,78.12,B+,f
5de324cc-3e6a-5a14-4f88-f75bfcf25dcc,dfde5886-a435-499d-9a4b-e5353b1b3ef6,5ceb5573-0231-5d70-848b-193fcfdb644c,2026-27,2,15.07,16.99,17.18,32.88,82.12,A,f
1e04a094-43eb-c402-aa5b-81080e18971d,651b7fa7-b45d-4d55-9113-33adab00051b,29f10515-0a52-55f4-896b-fa882e11e38e,2026-27,6,16.64,15.28,16.49,33.49,81.9,A,f
615ded53-38a8-5240-18cd-8d0bf641a25e,651b7fa7-b45d-4d55-9113-33adab00051b,2bc3bd90-0760-5d47-9467-5a5992c412e5,2026-27,6,16.54,15.38,16.09,30.89,78.9,B+,f
45224fe3-cbd1-59de-5476-446a8a82ae2a,651b7fa7-b45d-4d55-9113-33adab00051b,d9518e1b-06ba-5f43-b6b9-67d017eaae5d,2026-27,6,16.04,15.48,16.29,32.29,80.1,A,f
3945004d-ae01-78fd-4db0-912474f271c2,651b7fa7-b45d-4d55-9113-33adab00051b,005078bd-c539-5c44-a631-7e7dd9fb778c,2026-27,6,18.14,14.98,16.69,34.69,84.5,A,f
0ba96b5a-bb05-e9c0-15be-f4d5661d8dc1,651b7fa7-b45d-4d55-9113-33adab00051b,539f9c66-84f9-5b19-943a-cb15d62bbc33,2026-27,6,16.04,16.48,18.49,35.09,86.1,A,f
2520da40-99ac-f7c9-d41d-c1869f54b9f5,5bb1fb9b-c011-4651-a87f-bc387702d0e8,c697ab81-ffed-5fa6-9b51-be0954571d20,2026-27,1,18.01,16.17,17.72,33.27,85.17,A,f
e6f3f610-5182-3274-08fc-2d93c6ae9fcd,5bb1fb9b-c011-4651-a87f-bc387702d0e8,cc6bfe47-d156-5f3c-a0a6-64be53ff1202,2026-27,1,18.51,16.67,17.32,38.77,91.27,A+,f
1157de2a-a174-664f-924d-1f32a4b2c535,5bb1fb9b-c011-4651-a87f-bc387702d0e8,945cbb28-3a50-5ed1-8e70-c416ee3f92f0,2026-27,1,17.51,17.57,17.92,36.67,89.67,A,f
165ee162-19b0-7ff6-b746-88f577344d5c,5bb1fb9b-c011-4651-a87f-bc387702d0e8,325f5f11-db40-5f00-816d-d66357e36c70,2026-27,1,19.11,17.37,18.42,38.87,93.77,A+,f
430cdf6e-2b36-72c9-4a14-497341ef4f9b,5bb1fb9b-c011-4651-a87f-bc387702d0e8,817d9a6f-e405-58f8-991b-373c31bd4e25,2026-27,1,19.41,15.97,17.62,37.77,90.77,A+,f
38b6af51-77c0-c2c5-587f-39248cbff869,8f128df5-f3ab-4bad-8ee8-00905acf346f,c697ab81-ffed-5fa6-9b51-be0954571d20,2026-27,1,17.09,17.74,19.37,35.9,90.1,A+,f
874362fc-4a29-b215-4fba-7eb7f826c593,8f128df5-f3ab-4bad-8ee8-00905acf346f,cc6bfe47-d156-5f3c-a0a6-64be53ff1202,2026-27,1,17.29,16.84,17.67,36.7,88.5,A,f
90127d5a-f72a-688f-539b-6e5a3bcf751f,8f128df5-f3ab-4bad-8ee8-00905acf346f,945cbb28-3a50-5ed1-8e70-c416ee3f92f0,2026-27,1,17.99,18.74,19.47,32.8,89.0,A,f
57977067-8dd3-ae4d-46dc-38a7a3cdcb2c,8f128df5-f3ab-4bad-8ee8-00905acf346f,325f5f11-db40-5f00-816d-d66357e36c70,2026-27,1,16.59,17.44,18.87,34.7,87.6,A,f
de051a49-b445-a33e-7493-fa1915ef9ffa,8f128df5-f3ab-4bad-8ee8-00905acf346f,817d9a6f-e405-58f8-991b-373c31bd4e25,2026-27,1,17.29,17.54,17.57,34.4,86.8,A,f
b5ff6892-315d-cc58-a191-279d1f361c37,054a5ec2-537e-440c-a150-f427cd98fed6,c697ab81-ffed-5fa6-9b51-be0954571d20,2026-27,1,18.81,17.97,18.01,35.82,90.61,A+,f
fb864db1-5c75-f02e-ce70-3ec7a68025a9,054a5ec2-537e-440c-a150-f427cd98fed6,cc6bfe47-d156-5f3c-a0a6-64be53ff1202,2026-27,1,16.71,18.87,17.81,37.82,91.21,A+,f
424df9d5-acb4-b8b1-ef6b-acba28c8d368,054a5ec2-537e-440c-a150-f427cd98fed6,945cbb28-3a50-5ed1-8e70-c416ee3f92f0,2026-27,1,16.51,18.27,18.01,36.62,89.41,A,f
47f69f42-69e1-fef7-29ab-3bac6777a32b,054a5ec2-537e-440c-a150-f427cd98fed6,325f5f11-db40-5f00-816d-d66357e36c70,2026-27,1,18.41,15.77,16.81,37.82,88.81,A,f
df4e5844-4e4e-7fba-64ac-516295b755d2,054a5ec2-537e-440c-a150-f427cd98fed6,817d9a6f-e405-58f8-991b-373c31bd4e25,2026-27,1,17.71,19.17,18.91,36.72,92.51,A+,f
6cd8af01-a211-d0e6-cffb-1d58a2297ffd,873b1707-ebea-41fe-9627-6f38c5b22743,29f10515-0a52-55f4-896b-fa882e11e38e,2026-27,6,13.8,13.29,16.53,28.4,72.02,B+,f
03c54c5c-7d37-9adf-f36e-7b3896ad5784,873b1707-ebea-41fe-9627-6f38c5b22743,2bc3bd90-0760-5d47-9467-5a5992c412e5,2026-27,6,16.4,12.79,15.13,27.6,71.92,B+,f
70a37f6e-3b01-beda-8d5d-18caa8f16136,873b1707-ebea-41fe-9627-6f38c5b22743,d9518e1b-06ba-5f43-b6b9-67d017eaae5d,2026-27,6,16.6,15.39,15.93,28.2,76.12,B+,f
7d459e47-bacb-acd6-6369-d4c9710553dc,873b1707-ebea-41fe-9627-6f38c5b22743,005078bd-c539-5c44-a631-7e7dd9fb778c,2026-27,6,14.7,12.79,14.03,30.6,72.12,B+,f
66029bf9-4c63-2962-154a-5001ae2b6d40,873b1707-ebea-41fe-9627-6f38c5b22743,539f9c66-84f9-5b19-943a-cb15d62bbc33,2026-27,6,14.9,16.29,16.73,31.6,79.52,B+,f
bf018606-cfb9-3ae8-b3d5-ee51fcc28ff8,bc76a678-df74-48ec-bbe8-baf2133f63bf,29f10515-0a52-55f4-896b-fa882e11e38e,2026-27,6,15.6,16.64,16.84,34.05,83.13,A,f
5336516b-82f2-8ede-3150-515addd9912b,bc76a678-df74-48ec-bbe8-baf2133f63bf,2bc3bd90-0760-5d47-9467-5a5992c412e5,2026-27,6,18.0,15.64,17.24,31.25,82.13,A,f
f2ba19e2-40c6-b1e2-bb2a-75fc79717344,bc76a678-df74-48ec-bbe8-baf2133f63bf,d9518e1b-06ba-5f43-b6b9-67d017eaae5d,2026-27,6,16.1,17.04,17.24,31.35,81.73,A,f
928b2966-0e8d-6e85-ccb6-04feb3e93582,bc76a678-df74-48ec-bbe8-baf2133f63bf,005078bd-c539-5c44-a631-7e7dd9fb778c,2026-27,6,16.4,17.64,17.54,32.75,84.33,A,f
1db5e0fe-6824-63b4-685f-f4a9adcce820,bc76a678-df74-48ec-bbe8-baf2133f63bf,539f9c66-84f9-5b19-943a-cb15d62bbc33,2026-27,6,18.4,16.54,16.54,32.65,84.13,A,f
e544dc05-7f87-550f-6d0f-1635c4aa03f0,73fa98ac-f27e-4723-aa28-3ba7a197eda3,f8b6ad01-594d-5e52-b325-ed9eb13211e1,2026-27,2,16.96,15.81,16.65,35.96,85.38,A,f
03a0f29e-d354-7cd2-49c1-1130e04d2341,73fa98ac-f27e-4723-aa28-3ba7a197eda3,f27d152a-f613-51a3-aea8-0506e5d24c3a,2026-27,2,17.96,15.71,19.15,32.06,84.88,A,f
7c509216-279f-a502-68cc-d295b5960cdf,73fa98ac-f27e-4723-aa28-3ba7a197eda3,5297007a-130e-5341-af7a-4e9027c2dadf,2026-27,2,18.16,16.61,16.65,32.86,84.28,A,f
24463c86-acaa-a813-430c-87578e008c1e,73fa98ac-f27e-4723-aa28-3ba7a197eda3,c8e42f25-4acd-5f8b-8bce-f0cab27cc71f,2026-27,2,17.76,18.11,16.55,36.76,89.18,A,f
e0a7d11f-4c66-8775-62fe-3685dac213d9,73fa98ac-f27e-4723-aa28-3ba7a197eda3,5ceb5573-0231-5d70-848b-193fcfdb644c,2026-27,2,17.96,17.71,17.15,35.96,88.78,A,f
957f876f-62e8-917a-f46f-0e297429a8c9,5b724cf4-1098-49ac-8f0d-5945af648bbe,730c5632-33dc-5e69-a798-6135043a47aa,2026-27,4,17.9,16.66,19.49,33.03,87.08,A,f
72df9695-f278-d9f4-de51-57531aeedf09,5b724cf4-1098-49ac-8f0d-5945af648bbe,21e87180-7538-5689-922d-8889674702ed,2026-27,4,17.6,15.46,19.09,36.53,88.68,A,f
94e799c9-94e5-6f12-b902-f2a538408916,5b724cf4-1098-49ac-8f0d-5945af648bbe,a71f945b-22bf-5921-85a0-cb1acd7cb2e6,2026-27,4,18.2,18.96,16.99,32.23,86.38,A,f
13b60319-cfa0-9418-0a1d-5098bfcf0401,5b724cf4-1098-49ac-8f0d-5945af648bbe,859db046-894d-53cc-8cb4-3643d0c7f1fe,2026-27,4,17.1,18.46,16.99,32.73,85.28,A,f
13ffa486-04aa-c4fe-f780-ec7067be16fc,5b724cf4-1098-49ac-8f0d-5945af648bbe,40d412e8-fc3b-5972-8ff2-90b35de8a2d3,2026-27,4,18.0,17.26,17.19,32.23,84.68,A,f
9802b4b3-eb1d-a65e-fa28-4ba9f63e578c,7cc457a4-a683-4f52-a032-e024018a2325,f8b6ad01-594d-5e52-b325-ed9eb13211e1,2026-27,2,14.54,17.46,16.33,29.02,77.35,B+,f
f5dfaf8b-17ea-019b-7022-9c54bcb4810c,7cc457a4-a683-4f52-a032-e024018a2325,f27d152a-f613-51a3-aea8-0506e5d24c3a,2026-27,2,15.74,16.86,15.63,28.62,76.85,B+,f
13b13cf3-272d-f693-fcc8-b44fa49bdfbf,7cc457a4-a683-4f52-a032-e024018a2325,5297007a-130e-5341-af7a-4e9027c2dadf,2026-27,2,16.84,17.46,16.43,32.82,83.55,A,f
a44abdd4-facf-6824-1126-4f09391bafb5,7cc457a4-a683-4f52-a032-e024018a2325,c8e42f25-4acd-5f8b-8bce-f0cab27cc71f,2026-27,2,15.24,14.56,15.83,32.72,78.35,B+,f
f1452724-5689-b6d7-ea73-58fb3b4dd35d,7cc457a4-a683-4f52-a032-e024018a2325,5ceb5573-0231-5d70-848b-193fcfdb644c,2026-27,2,17.54,15.56,16.63,31.42,81.15,A,f
679c073e-b84a-758f-3a29-2a7ed6c72f2e,59030cad-3a1b-48ef-9d3e-7200bc044221,c697ab81-ffed-5fa6-9b51-be0954571d20,2026-27,1,18.78,15.94,17.47,37.93,90.12,A+,f
598ebf3a-0174-be0a-8ec2-c91d73e0dd24,59030cad-3a1b-48ef-9d3e-7200bc044221,cc6bfe47-d156-5f3c-a0a6-64be53ff1202,2026-27,1,17.18,15.84,18.17,33.93,85.12,A,f
56f5407d-c20d-9a3e-00d4-d1bbac643f4a,59030cad-3a1b-48ef-9d3e-7200bc044221,945cbb28-3a50-5ed1-8e70-c416ee3f92f0,2026-27,1,18.08,18.74,18.27,37.03,92.12,A+,f
3205e611-d7cd-6782-f567-b30bf1e9be65,59030cad-3a1b-48ef-9d3e-7200bc044221,325f5f11-db40-5f00-816d-d66357e36c70,2026-27,1,17.98,17.84,16.67,36.23,88.72,A,f
4da32f3e-a749-acb8-78dd-05f067e52e80,59030cad-3a1b-48ef-9d3e-7200bc044221,817d9a6f-e405-58f8-991b-373c31bd4e25,2026-27,1,18.78,18.64,18.37,36.63,92.42,A+,f
d68c96a5-a3b6-62dd-ee7e-aefedc8e8d9c,937f4d67-f6fe-481b-9743-e14f7c914d40,c697ab81-ffed-5fa6-9b51-be0954571d20,2026-27,1,18.53,17.07,17.39,36.69,89.68,A,f
a69fde11-c244-b099-dc7c-9bdb66ee6677,937f4d67-f6fe-481b-9743-e14f7c914d40,cc6bfe47-d156-5f3c-a0a6-64be53ff1202,2026-27,1,17.43,17.57,17.79,35.59,88.38,A,f
c9faa7f3-9b81-a61c-5057-c7c0332922c9,937f4d67-f6fe-481b-9743-e14f7c914d40,945cbb28-3a50-5ed1-8e70-c416ee3f92f0,2026-27,1,17.33,14.97,16.19,36.89,85.38,A,f
ca5b07c9-13f4-1374-4dc5-19d69fcb84c4,937f4d67-f6fe-481b-9743-e14f7c914d40,325f5f11-db40-5f00-816d-d66357e36c70,2026-27,1,17.43,18.77,18.99,35.79,90.98,A+,f
6dc5d862-3ef1-cb0e-417a-a6b12a75a709,937f4d67-f6fe-481b-9743-e14f7c914d40,817d9a6f-e405-58f8-991b-373c31bd4e25,2026-27,1,17.83,16.07,18.89,31.59,84.38,A,f
e4e49db9-0350-fbad-01f3-a66730e47b05,b547aafb-3f8c-4c9e-988c-125ddf5c8565,29f10515-0a52-55f4-896b-fa882e11e38e,2026-27,6,19.46,17.63,19.8,39.28,96.17,A+,f
eed28826-3155-1ae6-5cf1-342f49cf2a33,b547aafb-3f8c-4c9e-988c-125ddf5c8565,2bc3bd90-0760-5d47-9467-5a5992c412e5,2026-27,6,17.46,19.53,18.0,36.98,91.97,A+,f
1c933dbc-85ed-4d3a-72c8-9cdbbec9ad41,b547aafb-3f8c-4c9e-988c-125ddf5c8565,d9518e1b-06ba-5f43-b6b9-67d017eaae5d,2026-27,6,17.06,18.83,19.8,37.78,93.47,A+,f
963185c2-c69c-947d-8038-b64a3ea5e0fd,b547aafb-3f8c-4c9e-988c-125ddf5c8565,005078bd-c539-5c44-a631-7e7dd9fb778c,2026-27,6,18.56,20.0,20.0,38.58,97.14,A+,f
06d6f262-978d-140c-9bba-ef589d289eef,b547aafb-3f8c-4c9e-988c-125ddf5c8565,539f9c66-84f9-5b19-943a-cb15d62bbc33,2026-27,6,20.0,20.0,19.2,39.88,99.08,A+,f
015f40e8-8503-fe03-872a-d60bb03d2e2c,a0a03fae-0280-41ef-bd59-e491f86e6bcd,730c5632-33dc-5e69-a798-6135043a47aa,2026-27,4,19.03,18.59,19.03,36.27,92.92,A+,f
72af5578-c527-ace7-17e9-7fd1178371f9,a0a03fae-0280-41ef-bd59-e491f86e6bcd,21e87180-7538-5689-922d-8889674702ed,2026-27,4,18.03,17.29,18.43,33.17,86.92,A,f
b7749911-6e21-2c08-1114-69b3670239d9,a0a03fae-0280-41ef-bd59-e491f86e6bcd,a71f945b-22bf-5921-85a0-cb1acd7cb2e6,2026-27,4,16.53,18.89,16.83,36.27,88.52,A,f
c9d5feb7-fd1b-3cc0-cef4-e868b30eef69,a0a03fae-0280-41ef-bd59-e491f86e6bcd,859db046-894d-53cc-8cb4-3643d0c7f1fe,2026-27,4,16.43,18.89,18.63,37.57,91.52,A+,f
d428440b-0680-05ca-a558-1805c286f371,a0a03fae-0280-41ef-bd59-e491f86e6bcd,40d412e8-fc3b-5972-8ff2-90b35de8a2d3,2026-27,4,18.43,17.49,19.23,36.67,91.82,A+,f
7d632b08-2c71-0533-3c64-8bbb5393552f,16654cf5-0dbe-46ca-bc6d-bc0eb686f04b,29f10515-0a52-55f4-896b-fa882e11e38e,2026-27,6,18.24,17.98,18.39,32.67,87.28,A,f
9e0e84e5-53b6-425c-dee7-6db32862a555,16654cf5-0dbe-46ca-bc6d-bc0eb686f04b,2bc3bd90-0760-5d47-9467-5a5992c412e5,2026-27,6,18.54,16.58,17.39,34.77,87.28,A,f
13293355-f485-c919-79ef-416a54b2cfe7,16654cf5-0dbe-46ca-bc6d-bc0eb686f04b,d9518e1b-06ba-5f43-b6b9-67d017eaae5d,2026-27,6,16.44,18.38,15.89,31.17,81.88,A,f
3eb5bfe5-1c96-f601-1562-b373bfa49043,16654cf5-0dbe-46ca-bc6d-bc0eb686f04b,005078bd-c539-5c44-a631-7e7dd9fb778c,2026-27,6,18.54,15.58,16.89,32.37,83.38,A,f
39f29dfe-323c-bbf1-484b-5b77acdac64f,16654cf5-0dbe-46ca-bc6d-bc0eb686f04b,539f9c66-84f9-5b19-943a-cb15d62bbc33,2026-27,6,17.74,18.58,17.79,33.47,87.58,A,f
5454cb75-dc4d-d9f9-cae0-5ae35f62b24a,2195f2a4-7b37-4373-b6dd-55cfa6182581,f8b6ad01-594d-5e52-b325-ed9eb13211e1,2026-27,2,17.18,14.69,17.36,28.26,77.49,B+,f
93407d44-bb64-f30c-80bf-f54030e2392d,2195f2a4-7b37-4373-b6dd-55cfa6182581,f27d152a-f613-51a3-aea8-0506e5d24c3a,2026-27,2,15.78,16.29,17.46,31.06,80.59,A,f
dfd3c47f-533c-0673-6fb1-c3e0ca7cf9f0,2195f2a4-7b37-4373-b6dd-55cfa6182581,5297007a-130e-5341-af7a-4e9027c2dadf,2026-27,2,14.38,16.79,14.86,30.76,76.79,B+,f
3c3e64dc-47be-0dd2-8dd0-46cd7a92df99,2195f2a4-7b37-4373-b6dd-55cfa6182581,c8e42f25-4acd-5f8b-8bce-f0cab27cc71f,2026-27,2,14.78,14.49,14.86,29.06,73.19,B+,f
5a868cf2-3a87-4753-cead-517e13dbbe3f,2195f2a4-7b37-4373-b6dd-55cfa6182581,5ceb5573-0231-5d70-848b-193fcfdb644c,2026-27,2,15.48,14.69,15.06,29.46,74.69,B+,f
82a3f721-a10a-a6bf-9d42-e1f431ae8a1c,c66ec193-2cd1-4f45-ac3f-fa1caba2ffe8,730c5632-33dc-5e69-a798-6135043a47aa,2026-27,4,15.1,15.83,15.92,33.68,80.53,A,f
0eab0508-0842-d0d8-484c-9279f38f14d5,c66ec193-2cd1-4f45-ac3f-fa1caba2ffe8,21e87180-7538-5689-922d-8889674702ed,2026-27,4,16.7,17.23,17.82,35.28,87.03,A,f
1ee155f2-2007-1f87-1ad3-1ded4dead553,c66ec193-2cd1-4f45-ac3f-fa1caba2ffe8,a71f945b-22bf-5921-85a0-cb1acd7cb2e6,2026-27,4,15.3,14.53,15.72,31.88,77.43,B+,f
cf29f381-e786-ee7d-a404-27840e6b1ef4,c66ec193-2cd1-4f45-ac3f-fa1caba2ffe8,859db046-894d-53cc-8cb4-3643d0c7f1fe,2026-27,4,17.1,14.43,15.62,30.98,78.13,B+,f
756dd2c4-2a06-f8c9-36bb-342de9f9fe2c,c66ec193-2cd1-4f45-ac3f-fa1caba2ffe8,40d412e8-fc3b-5972-8ff2-90b35de8a2d3,2026-27,4,18.1,15.63,17.22,32.18,83.13,A,f
c802e93f-d58a-3caa-8c2b-3c56a447dcb8,68ad6e38-e6f8-4388-b448-f7cc37d53371,730c5632-33dc-5e69-a798-6135043a47aa,2026-27,4,16.81,15.57,17.01,37.7,87.09,A,f
9844cda0-733c-da8d-9e20-d3ecaf62a290,68ad6e38-e6f8-4388-b448-f7cc37d53371,21e87180-7538-5689-922d-8889674702ed,2026-27,4,18.01,17.67,18.81,35.6,90.09,A+,f
3655dcdc-6b5e-e628-9d8c-83a4fc2b601f,68ad6e38-e6f8-4388-b448-f7cc37d53371,a71f945b-22bf-5921-85a0-cb1acd7cb2e6,2026-27,4,18.71,17.97,18.21,37.9,92.79,A+,f
fb1a3545-1aa4-4ce9-ede0-ae243e955e54,68ad6e38-e6f8-4388-b448-f7cc37d53371,859db046-894d-53cc-8cb4-3643d0c7f1fe,2026-27,4,18.41,16.87,18.11,36.9,90.29,A+,f
7e531476-6740-1914-d184-c54865697e19,68ad6e38-e6f8-4388-b448-f7cc37d53371,40d412e8-fc3b-5972-8ff2-90b35de8a2d3,2026-27,4,17.61,18.77,18.91,35.4,90.69,A+,f
684a1596-4835-2d55-ac0d-21724110a157,5dddf8ec-f9e6-4e05-a2be-5df1892fbd38,c697ab81-ffed-5fa6-9b51-be0954571d20,2026-27,1,17.4,17.32,15.5,34.82,85.04,A,f
8af6d771-0e24-9f7d-0cb7-3c746abb02d2,5dddf8ec-f9e6-4e05-a2be-5df1892fbd38,cc6bfe47-d156-5f3c-a0a6-64be53ff1202,2026-27,1,16.1,15.82,17.3,31.72,80.94,A,f
14004be7-99f1-d676-9572-f5a758480a40,5dddf8ec-f9e6-4e05-a2be-5df1892fbd38,945cbb28-3a50-5ed1-8e70-c416ee3f92f0,2026-27,1,17.2,14.32,16.3,31.92,79.74,B+,f
7b81229a-eb8e-b40d-8646-bbef4c08ed0a,5dddf8ec-f9e6-4e05-a2be-5df1892fbd38,325f5f11-db40-5f00-816d-d66357e36c70,2026-27,1,17.2,16.22,17.3,29.92,80.64,A,f
9a10ece7-5e72-90b8-bccc-c1d1b64fd169,5dddf8ec-f9e6-4e05-a2be-5df1892fbd38,817d9a6f-e405-58f8-991b-373c31bd4e25,2026-27,1,15.2,16.52,17.8,34.92,84.44,A,f
781080b4-bb47-49b3-d90e-472193c9de5c,9c967545-2216-46fa-95ce-5f15db52a6ca,29f10515-0a52-55f4-896b-fa882e11e38e,2026-27,6,19.03,19.4,19.16,37.97,95.56,A+,f
f7aef756-9b8e-9bb4-387e-453688ffab1e,9c967545-2216-46fa-95ce-5f15db52a6ca,2bc3bd90-0760-5d47-9467-5a5992c412e5,2026-27,6,18.33,17.0,17.66,39.37,92.36,A+,f
5c4eca6d-c705-04fd-45a9-fcc456584d0e,9c967545-2216-46fa-95ce-5f15db52a6ca,d9518e1b-06ba-5f43-b6b9-67d017eaae5d,2026-27,6,18.73,16.8,17.46,34.47,87.46,A,f
69b64490-fefd-1641-1a06-5441281248e9,9c967545-2216-46fa-95ce-5f15db52a6ca,005078bd-c539-5c44-a631-7e7dd9fb778c,2026-27,6,17.33,18.0,17.66,35.67,88.66,A,f
8579cf11-3176-727f-360b-7976cb6b7b17,9c967545-2216-46fa-95ce-5f15db52a6ca,539f9c66-84f9-5b19-943a-cb15d62bbc33,2026-27,6,17.53,18.8,18.76,36.97,92.06,A+,f
a19b9b4e-13b2-a08e-ec5e-b57377c5cdc9,fbeeb084-9c6b-4567-a8d5-a9cc0989f288,29f10515-0a52-55f4-896b-fa882e11e38e,2026-27,6,19.14,16.81,19.87,34.87,90.69,A+,f
ed6985e4-81a7-f060-24dd-2ba0cd749631,fbeeb084-9c6b-4567-a8d5-a9cc0989f288,2bc3bd90-0760-5d47-9467-5a5992c412e5,2026-27,6,18.84,19.51,17.97,38.67,94.99,A+,f
1bb75bba-da99-83df-7484-9c117368823f,fbeeb084-9c6b-4567-a8d5-a9cc0989f288,d9518e1b-06ba-5f43-b6b9-67d017eaae5d,2026-27,6,18.44,17.31,18.27,33.17,87.19,A,f
798d5b2e-80e1-020e-d835-140cbd40d89e,fbeeb084-9c6b-4567-a8d5-a9cc0989f288,005078bd-c539-5c44-a631-7e7dd9fb778c,2026-27,6,18.94,16.61,19.97,38.17,93.69,A+,f
a5cc7800-1cb7-cd86-f4d3-271f3a4410b5,fbeeb084-9c6b-4567-a8d5-a9cc0989f288,539f9c66-84f9-5b19-943a-cb15d62bbc33,2026-27,6,17.74,16.71,17.67,37.77,89.89,A,f
144db8da-2f74-66e8-7119-69ade780f58d,63d9ec0d-a6d8-48ff-8f36-5298388ca746,730c5632-33dc-5e69-a798-6135043a47aa,2026-27,4,17.59,19.05,16.98,33.33,86.95,A,f
02a71d9a-6a49-176a-77e5-1e13ba07a48f,63d9ec0d-a6d8-48ff-8f36-5298388ca746,21e87180-7538-5689-922d-8889674702ed,2026-27,4,17.39,15.75,17.48,35.63,86.25,A,f
e679a0f8-3d5a-7130-3b55-ea94167bf1cf,63d9ec0d-a6d8-48ff-8f36-5298388ca746,a71f945b-22bf-5921-85a0-cb1acd7cb2e6,2026-27,4,19.19,18.35,17.38,34.43,89.35,A,f
dbb34d65-3fd3-62cc-4ac7-e48c87b60c1b,63d9ec0d-a6d8-48ff-8f36-5298388ca746,859db046-894d-53cc-8cb4-3643d0c7f1fe,2026-27,4,16.99,17.95,17.98,36.13,89.05,A,f
96076948-fcb4-9a05-6878-12165fd8ad01,63d9ec0d-a6d8-48ff-8f36-5298388ca746,40d412e8-fc3b-5972-8ff2-90b35de8a2d3,2026-27,4,17.39,15.55,17.28,33.93,84.15,A,f
b38e2ec2-c13e-06d5-cd79-e9e253b847dd,5f24eeb4-7edd-46d1-9bce-beab25093d71,f8b6ad01-594d-5e52-b325-ed9eb13211e1,2026-27,2,18.46,17.31,19.33,33.43,88.53,A,f
59b5ee73-d1b4-a367-03a1-4e0c64b8c1a6,5f24eeb4-7edd-46d1-9bce-beab25093d71,f27d152a-f613-51a3-aea8-0506e5d24c3a,2026-27,2,17.16,18.01,17.53,37.03,89.73,A,f
d9e7b5d9-40ba-c446-9eb1-ff9b88c8080c,5f24eeb4-7edd-46d1-9bce-beab25093d71,5297007a-130e-5341-af7a-4e9027c2dadf,2026-27,2,18.16,15.71,17.73,34.43,86.03,A,f
1bc0b99e-60aa-5c76-00a9-c925ad79164e,5f24eeb4-7edd-46d1-9bce-beab25093d71,c8e42f25-4acd-5f8b-8bce-f0cab27cc71f,2026-27,2,17.26,18.11,17.93,34.43,87.73,A,f
159b3e8a-9ad9-4dfd-130e-0256160a245f,5f24eeb4-7edd-46d1-9bce-beab25093d71,5ceb5573-0231-5d70-848b-193fcfdb644c,2026-27,2,16.46,18.61,17.23,36.93,89.23,A,f
b735d481-47e9-cba3-8536-af1c99b52d05,9625757e-7b13-4777-bfd2-f7efe3fb69c4,730c5632-33dc-5e69-a798-6135043a47aa,2026-27,4,18.67,17.12,17.64,32.61,86.04,A,f
0a4e6f29-96cf-d570-e7f3-02b7d6321512,9625757e-7b13-4777-bfd2-f7efe3fb69c4,21e87180-7538-5689-922d-8889674702ed,2026-27,4,17.77,18.82,16.64,31.91,85.14,A,f
b1b7c72d-c761-4102-c949-c8452530ee42,9625757e-7b13-4777-bfd2-f7efe3fb69c4,a71f945b-22bf-5921-85a0-cb1acd7cb2e6,2026-27,4,17.07,15.42,19.14,36.11,87.74,A,f
70098622-9ce0-5404-4ed8-c882ebdfe615,9625757e-7b13-4777-bfd2-f7efe3fb69c4,859db046-894d-53cc-8cb4-3643d0c7f1fe,2026-27,4,16.77,18.02,17.34,35.71,87.84,A,f
6b280fed-1175-8c5a-b542-1c8662250bcf,9625757e-7b13-4777-bfd2-f7efe3fb69c4,40d412e8-fc3b-5972-8ff2-90b35de8a2d3,2026-27,4,18.27,17.42,18.14,36.31,90.14,A+,f
1caca72f-e6e9-2d71-9dac-57ba6e12d4ef,fa5e4ff9-07c0-4945-919e-ffcfc2b67440,29f10515-0a52-55f4-896b-fa882e11e38e,2026-27,6,15.62,18.56,17.18,34.85,86.21,A,f
7963e697-aaa0-d46e-4489-0d1219a7bc07,fa5e4ff9-07c0-4945-919e-ffcfc2b67440,2bc3bd90-0760-5d47-9467-5a5992c412e5,2026-27,6,18.22,15.16,16.78,30.65,80.81,A,f
b6073941-f6c9-6f30-300b-ac7a381207b8,fa5e4ff9-07c0-4945-919e-ffcfc2b67440,d9518e1b-06ba-5f43-b6b9-67d017eaae5d,2026-27,6,16.12,18.16,17.28,36.25,87.81,A,f
a25becb9-d886-2a76-a65f-cb6e66c439de,fa5e4ff9-07c0-4945-919e-ffcfc2b67440,005078bd-c539-5c44-a631-7e7dd9fb778c,2026-27,6,17.02,15.66,18.48,36.45,87.61,A,f
cc0d53fe-096d-27cb-b226-8477caf7a900,fa5e4ff9-07c0-4945-919e-ffcfc2b67440,539f9c66-84f9-5b19-943a-cb15d62bbc33,2026-27,6,16.92,15.66,16.88,35.15,84.61,A,f
bdc46bfc-db14-6469-c06d-acb82e89368b,d0bebdf3-b2c8-41a1-9632-bee14f91d1b9,c697ab81-ffed-5fa6-9b51-be0954571d20,2026-27,1,18.18,17.52,18.24,30.98,84.92,A,f
9ebced58-89ec-19a4-76b0-8d32a0f04e06,d0bebdf3-b2c8-41a1-9632-bee14f91d1b9,cc6bfe47-d156-5f3c-a0a6-64be53ff1202,2026-27,1,17.38,16.72,17.34,33.28,84.72,A,f
87f53acd-c8b3-c438-e5c0-c1d068d3be34,d0bebdf3-b2c8-41a1-9632-bee14f91d1b9,945cbb28-3a50-5ed1-8e70-c416ee3f92f0,2026-27,1,18.18,15.62,18.34,36.58,88.72,A,f
5c5da844-9890-b8e5-0fcf-a4be716e0698,d0bebdf3-b2c8-41a1-9632-bee14f91d1b9,325f5f11-db40-5f00-816d-d66357e36c70,2026-27,1,16.78,18.62,16.74,31.98,84.12,A,f
f205db15-0064-b3a5-8826-cbaba89b349a,d0bebdf3-b2c8-41a1-9632-bee14f91d1b9,817d9a6f-e405-58f8-991b-373c31bd4e25,2026-27,1,15.98,16.12,16.34,33.48,81.92,A,f
63779155-6ce0-7085-ba1d-3ec556b9b849,bfeac8cd-70de-41ab-aae8-9db7fb298d97,c697ab81-ffed-5fa6-9b51-be0954571d20,2026-27,1,19.3,19.27,18.64,35.07,92.28,A+,f
c6859366-1e77-291a-e8a8-3b2dff888252,bfeac8cd-70de-41ab-aae8-9db7fb298d97,cc6bfe47-d156-5f3c-a0a6-64be53ff1202,2026-27,1,18.8,17.07,17.74,38.57,92.18,A+,f
279e91a1-e3c8-400e-5119-3be7bdf6fd84,bfeac8cd-70de-41ab-aae8-9db7fb298d97,945cbb28-3a50-5ed1-8e70-c416ee3f92f0,2026-27,1,18.0,18.37,19.64,37.67,93.68,A+,f
c5de45b0-8059-d4e3-5a77-209fca4ed656,bfeac8cd-70de-41ab-aae8-9db7fb298d97,325f5f11-db40-5f00-816d-d66357e36c70,2026-27,1,17.5,18.57,19.14,37.97,93.18,A+,f
5f3dde7a-c76b-33b0-e8e6-d25f8f986297,bfeac8cd-70de-41ab-aae8-9db7fb298d97,817d9a6f-e405-58f8-991b-373c31bd4e25,2026-27,1,18.2,20.0,19.74,35.37,93.31,A+,f
3e35818a-6ea3-3f15-b2e2-b9464e02b8e0,224a491e-b267-430d-8a0c-ee9e19880a7c,c697ab81-ffed-5fa6-9b51-be0954571d20,2026-27,1,16.06,17.1,17.09,35.54,85.79,A,f
73e3dd7d-4c4d-1138-638e-ebb3bf2f6119,224a491e-b267-430d-8a0c-ee9e19880a7c,cc6bfe47-d156-5f3c-a0a6-64be53ff1202,2026-27,1,15.96,17.9,18.09,33.14,85.09,A,f
90b596d9-27de-0b37-5ea1-0b0931614395,224a491e-b267-430d-8a0c-ee9e19880a7c,945cbb28-3a50-5ed1-8e70-c416ee3f92f0,2026-27,1,15.96,17.2,16.79,32.34,82.29,A,f
3d226af0-5773-c3e3-156e-b869f6b9652f,224a491e-b267-430d-8a0c-ee9e19880a7c,325f5f11-db40-5f00-816d-d66357e36c70,2026-27,1,18.26,17.1,16.99,35.34,87.69,A,f
0c50556b-daed-9cb2-5a19-ff59fcb6d61d,224a491e-b267-430d-8a0c-ee9e19880a7c,817d9a6f-e405-58f8-991b-373c31bd4e25,2026-27,1,17.86,15.9,18.19,35.54,87.49,A,f
691548ad-44aa-d645-d550-3a564caf2a91,7612300c-13b5-494d-b31e-45f0277d9f4b,730c5632-33dc-5e69-a798-6135043a47aa,2026-27,4,18.3,16.83,18.84,30.47,84.44,A,f
b52680af-036d-e348-73c6-486f240a09c7,7612300c-13b5-494d-b31e-45f0277d9f4b,21e87180-7538-5689-922d-8889674702ed,2026-27,4,17.6,18.23,18.74,33.57,88.14,A,f
cf7b24c3-7987-9fc3-d362-846da2e85911,7612300c-13b5-494d-b31e-45f0277d9f4b,a71f945b-22bf-5921-85a0-cb1acd7cb2e6,2026-27,4,15.7,18.03,17.24,36.17,87.14,A,f
a2f92572-fd16-a13a-fe57-ddfa6ebcc0e7,7612300c-13b5-494d-b31e-45f0277d9f4b,859db046-894d-53cc-8cb4-3643d0c7f1fe,2026-27,4,17.8,17.33,18.04,33.97,87.14,A,f
52dd183e-79a9-e970-5fa4-967177b0f601,7612300c-13b5-494d-b31e-45f0277d9f4b,40d412e8-fc3b-5972-8ff2-90b35de8a2d3,2026-27,4,17.7,18.63,17.84,33.07,87.24,A,f
4bcf5caf-6865-ff98-4877-73dbc491a229,18be0e32-197e-4df0-8948-2a65eafedaa7,f8b6ad01-594d-5e52-b325-ed9eb13211e1,2026-27,2,15.75,16.68,17.99,36.26,86.68,A,f
fd71b957-9c89-09cf-6009-66ef40d1f12f,18be0e32-197e-4df0-8948-2a65eafedaa7,f27d152a-f613-51a3-aea8-0506e5d24c3a,2026-27,2,15.85,18.48,17.59,31.36,83.28,A,f
98cd7b87-673b-8383-7f9c-0402a95d2a40,18be0e32-197e-4df0-8948-2a65eafedaa7,5297007a-130e-5341-af7a-4e9027c2dadf,2026-27,2,18.05,17.28,17.29,33.06,85.68,A,f
9a6811d7-edaf-6cb7-1b44-eba30bf7b505,18be0e32-197e-4df0-8948-2a65eafedaa7,c8e42f25-4acd-5f8b-8bce-f0cab27cc71f,2026-27,2,16.95,16.98,17.69,36.16,87.78,A,f
883ab65e-e04d-828e-f2ee-33d82580a44f,18be0e32-197e-4df0-8948-2a65eafedaa7,5ceb5573-0231-5d70-848b-193fcfdb644c,2026-27,2,18.15,14.68,16.99,31.16,80.98,A,f
1d84af6b-5a31-9982-8fe4-f67e7f3085f4,05b78ffa-dcb2-4499-967e-d687fd852e65,f8b6ad01-594d-5e52-b325-ed9eb13211e1,2026-27,2,19.34,19.3,18.34,35.29,92.27,A+,f
5cfed359-a488-511b-2dd8-e8d920f1d305,05b78ffa-dcb2-4499-967e-d687fd852e65,f27d152a-f613-51a3-aea8-0506e5d24c3a,2026-27,2,17.94,16.1,19.34,36.19,89.57,A,f
a67197c3-4383-d20b-90b6-e9919c42d73f,05b78ffa-dcb2-4499-967e-d687fd852e65,5297007a-130e-5341-af7a-4e9027c2dadf,2026-27,2,18.54,18.5,19.24,38.09,94.37,A+,f
799cf3c0-4000-102a-1c7a-72339a6c7e11,05b78ffa-dcb2-4499-967e-d687fd852e65,c8e42f25-4acd-5f8b-8bce-f0cab27cc71f,2026-27,2,17.54,18.9,17.24,36.09,89.77,A,f
77a5f5e6-b1cb-5d89-765b-459cff344bb9,05b78ffa-dcb2-4499-967e-d687fd852e65,5ceb5573-0231-5d70-848b-193fcfdb644c,2026-27,2,19.24,19.1,19.44,37.79,95.57,A+,f
c6ca915b-c317-8873-0c75-1e63bf20488e,a8d23c1d-41bc-431c-b13a-ec8771147638,29f10515-0a52-55f4-896b-fa882e11e38e,2026-27,6,17.83,15.15,16.73,29.27,78.98,B+,f
62c6b9a0-b5aa-9e20-81f8-8d9090f1de59,a8d23c1d-41bc-431c-b13a-ec8771147638,2bc3bd90-0760-5d47-9467-5a5992c412e5,2026-27,6,17.13,14.35,17.53,33.67,82.68,A,f
8870c438-f3f4-71ad-de98-236126e072db,a8d23c1d-41bc-431c-b13a-ec8771147638,d9518e1b-06ba-5f43-b6b9-67d017eaae5d,2026-27,6,16.83,14.95,17.13,30.47,79.38,B+,f
3235223c-aac2-6269-6788-0453c113c05c,a8d23c1d-41bc-431c-b13a-ec8771147638,005078bd-c539-5c44-a631-7e7dd9fb778c,2026-27,6,17.13,16.75,17.93,30.47,82.28,A,f
f81c0b53-d804-e16e-5b46-82a0bde1afb8,a8d23c1d-41bc-431c-b13a-ec8771147638,539f9c66-84f9-5b19-943a-cb15d62bbc33,2026-27,6,17.23,15.35,15.43,34.77,82.78,A,f
89d3418a-8d72-19bd-a2d4-b68bc442b224,2bb2dd9f-4e45-49ac-863e-11edeed7e869,730c5632-33dc-5e69-a798-6135043a47aa,2026-27,4,18.47,18.04,19.89,38.03,94.43,A+,f
de961f9b-c89a-3a87-0080-0a525ec0f1df,2bb2dd9f-4e45-49ac-863e-11edeed7e869,21e87180-7538-5689-922d-8889674702ed,2026-27,4,16.77,17.64,19.79,38.83,93.03,A+,f
26d1c6ad-9054-c118-3d60-9350f344f170,2bb2dd9f-4e45-49ac-863e-11edeed7e869,a71f945b-22bf-5921-85a0-cb1acd7cb2e6,2026-27,4,18.67,16.84,17.79,38.23,91.53,A+,f
d9de14ca-bfee-c50f-b214-18db0604217a,2bb2dd9f-4e45-49ac-863e-11edeed7e869,859db046-894d-53cc-8cb4-3643d0c7f1fe,2026-27,4,18.87,19.24,17.89,35.73,91.73,A+,f
65446abb-beab-a4b8-b671-906504f723b4,2bb2dd9f-4e45-49ac-863e-11edeed7e869,40d412e8-fc3b-5972-8ff2-90b35de8a2d3,2026-27,4,16.87,16.34,20.0,34.73,87.94,A,f
aa71c118-caab-78f6-da4b-2de4d5896e2c,7076cf5b-b6ce-4b9a-8766-4819cdebceff,c697ab81-ffed-5fa6-9b51-be0954571d20,2026-27,1,16.85,17.18,17.27,32.59,83.89,A,f
eba5746b-5d58-35fb-cbb8-af954b74f8cd,7076cf5b-b6ce-4b9a-8766-4819cdebceff,cc6bfe47-d156-5f3c-a0a6-64be53ff1202,2026-27,1,15.85,17.18,17.57,32.69,83.29,A,f
b49752e8-b2f8-a1dc-fd73-b8990ff81f5d,7076cf5b-b6ce-4b9a-8766-4819cdebceff,945cbb28-3a50-5ed1-8e70-c416ee3f92f0,2026-27,1,17.05,18.18,17.17,29.99,82.39,A,f
418154a8-c6a0-c2cd-c88f-39d516e489b5,7076cf5b-b6ce-4b9a-8766-4819cdebceff,325f5f11-db40-5f00-816d-d66357e36c70,2026-27,1,16.55,14.68,16.77,32.49,80.49,A,f
8dd74929-391c-582a-c6fe-d56c6ab4a461,7076cf5b-b6ce-4b9a-8766-4819cdebceff,817d9a6f-e405-58f8-991b-373c31bd4e25,2026-27,1,15.15,17.38,16.37,32.09,80.99,A,f
e2fdaf0c-9140-f4ca-b557-74a3907117a7,d429c2bb-e6dc-408b-98cf-a4a048882e0f,730c5632-33dc-5e69-a798-6135043a47aa,2026-27,4,17.93,16.08,16.4,33.84,84.25,A,f
6ec368d5-2ad5-d86b-1f8c-2cbeb29c173d,d429c2bb-e6dc-408b-98cf-a4a048882e0f,21e87180-7538-5689-922d-8889674702ed,2026-27,4,18.03,16.28,16.6,34.24,85.15,A,f
c8531dcb-2165-347c-70f4-de3f2fe7a56d,d429c2bb-e6dc-408b-98cf-a4a048882e0f,a71f945b-22bf-5921-85a0-cb1acd7cb2e6,2026-27,4,16.43,15.48,16.5,32.64,81.05,A,f
dbfbf7ee-25b5-f649-4fc5-b71cfe21680f,d429c2bb-e6dc-408b-98cf-a4a048882e0f,859db046-894d-53cc-8cb4-3643d0c7f1fe,2026-27,4,16.43,18.28,17.6,32.74,85.05,A,f
9ded70b8-72a4-7c3d-9d3f-67501a9eb4d4,d429c2bb-e6dc-408b-98cf-a4a048882e0f,40d412e8-fc3b-5972-8ff2-90b35de8a2d3,2026-27,4,18.63,17.48,17.0,35.54,88.65,A,f
a117ce8a-fea2-b7ba-3694-f7842fcddff3,11fa9fa2-4971-40a3-9dc2-e676e2b27a4c,29f10515-0a52-55f4-896b-fa882e11e38e,2026-27,6,16.26,16.5,18.11,35.03,85.9,A,f
17f51f10-d7dc-a241-94c0-69763c689892,11fa9fa2-4971-40a3-9dc2-e676e2b27a4c,2bc3bd90-0760-5d47-9467-5a5992c412e5,2026-27,6,18.26,16.4,18.91,35.33,88.9,A,f
0e523218-ad6e-7591-6376-66cc90c9f863,11fa9fa2-4971-40a3-9dc2-e676e2b27a4c,d9518e1b-06ba-5f43-b6b9-67d017eaae5d,2026-27,6,16.86,18.3,17.71,32.83,85.7,A,f
573f2669-e11a-75ff-edef-098bfc0793ab,11fa9fa2-4971-40a3-9dc2-e676e2b27a4c,005078bd-c539-5c44-a631-7e7dd9fb778c,2026-27,6,16.86,18.8,17.21,32.43,85.3,A,f
f4ea8c3c-326a-4308-8012-eb9cf7de259b,11fa9fa2-4971-40a3-9dc2-e676e2b27a4c,539f9c66-84f9-5b19-943a-cb15d62bbc33,2026-27,6,16.66,15.5,16.21,35.53,83.9,A,f
753c380e-09f0-4367-07f0-7f342a627617,f4e38da8-2672-4599-8a01-b7027e4940fb,730c5632-33dc-5e69-a798-6135043a47aa,2026-27,4,16.01,17.25,17.67,32.05,82.98,A,f
011e8858-3b83-5460-20af-5bb33c2f80ff,f4e38da8-2672-4599-8a01-b7027e4940fb,21e87180-7538-5689-922d-8889674702ed,2026-27,4,18.01,17.45,16.87,32.75,85.08,A,f
c3ec32f6-efd0-daaa-1cde-2e9e9fcf9f12,f4e38da8-2672-4599-8a01-b7027e4940fb,a71f945b-22bf-5921-85a0-cb1acd7cb2e6,2026-27,4,16.51,16.05,17.77,31.95,82.28,A,f
e68900e3-2942-5b2d-32f2-988e98809ec4,f4e38da8-2672-4599-8a01-b7027e4940fb,859db046-894d-53cc-8cb4-3643d0c7f1fe,2026-27,4,18.71,15.15,18.67,35.55,88.08,A,f
f0df3ab5-66b4-08d3-605f-6e7b0ca4417d,f4e38da8-2672-4599-8a01-b7027e4940fb,40d412e8-fc3b-5972-8ff2-90b35de8a2d3,2026-27,4,17.91,15.75,16.57,32.75,82.98,A,f
07a71d10-16b3-b009-5d32-6d641badcd21,aec7a09d-cce7-4f59-b134-5a2de1609367,730c5632-33dc-5e69-a798-6135043a47aa,2026-27,4,14.4,13.91,15.16,33.23,76.7,B+,f
382b744e-abd2-058e-5cbd-87d80a5fcecc,aec7a09d-cce7-4f59-b134-5a2de1609367,21e87180-7538-5689-922d-8889674702ed,2026-27,4,14.5,17.11,15.46,30.83,77.9,B+,f
52ecf954-8336-1070-e51d-ef0bbdc0b578,aec7a09d-cce7-4f59-b134-5a2de1609367,a71f945b-22bf-5921-85a0-cb1acd7cb2e6,2026-27,4,14.2,15.31,16.26,28.93,74.7,B+,f
bd64975f-b55c-f0cb-aac7-9557d341cd63,aec7a09d-cce7-4f59-b134-5a2de1609367,859db046-894d-53cc-8cb4-3643d0c7f1fe,2026-27,4,15.6,14.31,16.76,30.23,76.9,B+,f
84264de0-4e4a-f93f-8ef7-aed11b0c2320,aec7a09d-cce7-4f59-b134-5a2de1609367,40d412e8-fc3b-5972-8ff2-90b35de8a2d3,2026-27,4,16.9,15.31,16.96,31.03,80.2,A,f
c6e5ee0c-d9b7-4cc8-ebb6-273d3f9815b9,e4523ecf-bfdc-4ac6-bc2e-d7311f35c05f,c697ab81-ffed-5fa6-9b51-be0954571d20,2026-27,1,17.57,17.38,15.75,31.18,81.88,A,f
e274dab0-58f9-ac5c-f8e0-67b56503ee33,e4523ecf-bfdc-4ac6-bc2e-d7311f35c05f,cc6bfe47-d156-5f3c-a0a6-64be53ff1202,2026-27,1,16.07,16.38,14.85,29.48,76.78,B+,f
917af793-aceb-2685-7e2b-a9814d220b0d,e4523ecf-bfdc-4ac6-bc2e-d7311f35c05f,945cbb28-3a50-5ed1-8e70-c416ee3f92f0,2026-27,1,17.27,14.38,15.15,33.98,80.78,A,f
1cc3dbdf-e5d5-3b68-ab77-9f4bbcef251e,e4523ecf-bfdc-4ac6-bc2e-d7311f35c05f,325f5f11-db40-5f00-816d-d66357e36c70,2026-27,1,15.17,13.88,17.55,30.08,76.68,B+,f
c480005e-94fd-1772-cc4d-100331d0f2c1,e4523ecf-bfdc-4ac6-bc2e-d7311f35c05f,817d9a6f-e405-58f8-991b-373c31bd4e25,2026-27,1,16.57,16.68,14.85,33.88,81.98,A,f
932103c8-0a73-bf57-0e00-297a87465177,d0b10b08-c5aa-40d9-a63d-bf7bf4e29c98,29f10515-0a52-55f4-896b-fa882e11e38e,2026-27,6,17.5,15.54,18.45,33.28,84.77,A,f
0b3c3d4f-cc0e-78ec-3b5c-e5e285a2eba6,d0b10b08-c5aa-40d9-a63d-bf7bf4e29c98,2bc3bd90-0760-5d47-9467-5a5992c412e5,2026-27,6,15.9,18.14,17.85,33.68,85.57,A,f
218d4a84-2579-c2f7-6ac0-c10763f79017,d0b10b08-c5aa-40d9-a63d-bf7bf4e29c98,d9518e1b-06ba-5f43-b6b9-67d017eaae5d,2026-27,6,18.1,16.84,18.35,35.18,88.47,A,f
69883975-85a1-35be-3e52-9ad10c7ffecc,d0b10b08-c5aa-40d9-a63d-bf7bf4e29c98,005078bd-c539-5c44-a631-7e7dd9fb778c,2026-27,6,18.1,17.44,17.95,32.28,85.77,A,f
77f596ee-3129-fb39-6773-4a7883278ca6,d0b10b08-c5aa-40d9-a63d-bf7bf4e29c98,539f9c66-84f9-5b19-943a-cb15d62bbc33,2026-27,6,18.2,15.04,16.25,32.68,82.17,A,f
b9f646fa-4efc-b0fa-9130-09a3031439b8,830bc4e6-6a2e-4714-991e-d3ccfb4cb7cb,29f10515-0a52-55f4-896b-fa882e11e38e,2026-27,6,18.1,14.94,16.44,35.03,84.51,A,f
2b1f3ff4-fa98-6026-c4fc-da7aff7b7708,830bc4e6-6a2e-4714-991e-d3ccfb4cb7cb,2bc3bd90-0760-5d47-9467-5a5992c412e5,2026-27,6,17.3,17.84,16.84,35.33,87.31,A,f
76496e5d-0140-1de3-dac8-e684e7dd83ca,830bc4e6-6a2e-4714-991e-d3ccfb4cb7cb,d9518e1b-06ba-5f43-b6b9-67d017eaae5d,2026-27,6,16.2,17.44,17.74,34.83,86.21,A,f
1a2df2e7-ac8c-716a-f314-6fcfea217673,830bc4e6-6a2e-4714-991e-d3ccfb4cb7cb,005078bd-c539-5c44-a631-7e7dd9fb778c,2026-27,6,16.3,15.24,15.64,32.13,79.31,B+,f
8b034df3-5b1e-7c7e-805f-6738029efdda,830bc4e6-6a2e-4714-991e-d3ccfb4cb7cb,539f9c66-84f9-5b19-943a-cb15d62bbc33,2026-27,6,16.4,15.54,18.44,30.93,81.31,A,f
03613160-3d3d-8aad-f223-2a40ff847d43,d7d9c1fb-61f8-4826-9244-4fc724c10503,730c5632-33dc-5e69-a798-6135043a47aa,2026-27,4,16.0,18.24,18.86,32.47,85.57,A,f
89c71c43-021e-f7d6-6036-cbb49283b247,d7d9c1fb-61f8-4826-9244-4fc724c10503,21e87180-7538-5689-922d-8889674702ed,2026-27,4,17.9,16.34,17.76,34.77,86.77,A,f
0436a7d1-8808-f6fd-383e-b1450ff480e6,d7d9c1fb-61f8-4826-9244-4fc724c10503,a71f945b-22bf-5921-85a0-cb1acd7cb2e6,2026-27,4,18.4,15.74,17.16,34.17,85.47,A,f
53af0653-c005-493d-a4a7-fdd6866b4978,d7d9c1fb-61f8-4826-9244-4fc724c10503,859db046-894d-53cc-8cb4-3643d0c7f1fe,2026-27,4,16.1,17.84,17.86,32.67,84.47,A,f
c090d36d-e64e-fbda-f462-a0adcfad2417,d7d9c1fb-61f8-4826-9244-4fc724c10503,40d412e8-fc3b-5972-8ff2-90b35de8a2d3,2026-27,4,18.4,17.64,16.66,34.57,87.27,A,f
c9bb19f9-b685-0208-e081-9f74983d4839,721c4609-6bc6-46c6-b64d-acae200964c9,f8b6ad01-594d-5e52-b325-ed9eb13211e1,2026-27,2,17.31,16.88,20.0,33.42,87.61,A,f
7826ceb1-a0d7-7ba9-1099-060b531c9c11,721c4609-6bc6-46c6-b64d-acae200964c9,f27d152a-f613-51a3-aea8-0506e5d24c3a,2026-27,2,17.91,17.48,19.03,37.22,91.64,A+,f
9284f418-d68b-6913-42d3-a15f72f8cf40,721c4609-6bc6-46c6-b64d-acae200964c9,5297007a-130e-5341-af7a-4e9027c2dadf,2026-27,2,18.01,19.18,17.93,33.72,88.84,A,f
009bd48a-6880-77d0-44f6-6bc7c691a455,721c4609-6bc6-46c6-b64d-acae200964c9,c8e42f25-4acd-5f8b-8bce-f0cab27cc71f,2026-27,2,17.71,16.08,18.03,38.82,90.64,A+,f
966cfd62-ca39-3b09-0d3e-d6453d588164,721c4609-6bc6-46c6-b64d-acae200964c9,5ceb5573-0231-5d70-848b-193fcfdb644c,2026-27,2,19.31,16.88,18.43,34.22,88.84,A,f
8c6bbeda-bfdf-b0b4-1e64-e0b756ff6223,5860d71c-eeb2-43f9-bf23-d369127d562c,29f10515-0a52-55f4-896b-fa882e11e38e,2026-27,6,16.93,14.87,17.77,34.84,84.41,A,f
12ef83b9-d0b9-52f6-db4b-ed15f5eaebeb,5860d71c-eeb2-43f9-bf23-d369127d562c,2bc3bd90-0760-5d47-9467-5a5992c412e5,2026-27,6,18.33,18.37,17.37,35.24,89.31,A,f
2736d8ba-012a-f719-e035-73f5998208ae,5860d71c-eeb2-43f9-bf23-d369127d562c,d9518e1b-06ba-5f43-b6b9-67d017eaae5d,2026-27,6,17.63,14.97,18.87,32.44,83.91,A,f
e444c703-e7d5-46b2-adeb-5493d7e51824,5860d71c-eeb2-43f9-bf23-d369127d562c,005078bd-c539-5c44-a631-7e7dd9fb778c,2026-27,6,18.33,18.07,17.57,36.34,90.31,A+,f
0e9eda74-3eeb-715a-6ca9-a8132faeb248,5860d71c-eeb2-43f9-bf23-d369127d562c,539f9c66-84f9-5b19-943a-cb15d62bbc33,2026-27,6,17.43,15.37,17.37,33.74,83.91,A,f
09a235e4-cb7a-7161-78dc-9523eb3f60d0,5708dc25-f806-44f5-be17-75cb4ed8abd7,c697ab81-ffed-5fa6-9b51-be0954571d20,2026-27,1,14.74,13.95,15.73,29.46,73.88,B+,f
a099f60b-b2b1-d061-2537-34c2a7237c6f,5708dc25-f806-44f5-be17-75cb4ed8abd7,cc6bfe47-d156-5f3c-a0a6-64be53ff1202,2026-27,1,15.84,17.05,15.43,32.66,80.98,A,f
932fe0b7-a926-497e-b286-05ac67f4b789,5708dc25-f806-44f5-be17-75cb4ed8abd7,945cbb28-3a50-5ed1-8e70-c416ee3f92f0,2026-27,1,17.34,17.45,15.63,31.06,81.48,A,f
620ebb51-5b9c-f674-955d-8fd16cd9045c,5708dc25-f806-44f5-be17-75cb4ed8abd7,325f5f11-db40-5f00-816d-d66357e36c70,2026-27,1,15.64,16.45,16.23,33.96,82.28,A,f
72c59cea-5ffc-6a69-e17b-277e3908f7c6,5708dc25-f806-44f5-be17-75cb4ed8abd7,817d9a6f-e405-58f8-991b-373c31bd4e25,2026-27,1,15.64,15.25,15.53,31.46,77.88,B+,f
6b332f8c-7a78-cdfb-0eb3-a0b1b75c19bb,30cc6b23-8c66-463f-8a89-32002c807ecc,730c5632-33dc-5e69-a798-6135043a47aa,2026-27,4,18.04,18.41,18.87,36.51,91.83,A+,f
2cf4e294-b2e7-5683-22f1-b639d3dc3d2b,30cc6b23-8c66-463f-8a89-32002c807ecc,21e87180-7538-5689-922d-8889674702ed,2026-27,4,19.64,17.51,20.0,35.41,92.56,A+,f
110f0619-fe9b-4582-a982-0ced669c3c85,30cc6b23-8c66-463f-8a89-32002c807ecc,a71f945b-22bf-5921-85a0-cb1acd7cb2e6,2026-27,4,17.54,17.11,19.77,37.11,91.53,A+,f
1ac6648d-7b9b-c7c3-d8b1-5414ac364a2e,30cc6b23-8c66-463f-8a89-32002c807ecc,859db046-894d-53cc-8cb4-3643d0c7f1fe,2026-27,4,19.34,18.01,18.47,34.81,90.63,A+,f
573b05d5-5145-aa3d-0f39-67591578a12a,30cc6b23-8c66-463f-8a89-32002c807ecc,40d412e8-fc3b-5972-8ff2-90b35de8a2d3,2026-27,4,18.54,17.91,17.77,34.61,88.83,A,f
e4d4980b-cb5f-2451-4767-522c3f898b53,e3e027a0-404c-438e-9b96-6915df9ac2d5,c697ab81-ffed-5fa6-9b51-be0954571d20,2026-27,1,15.62,17.33,16.8,29.39,79.14,B+,f
0b9d7077-3269-8198-876c-6246732900d6,e3e027a0-404c-438e-9b96-6915df9ac2d5,cc6bfe47-d156-5f3c-a0a6-64be53ff1202,2026-27,1,15.52,14.13,15.5,30.19,75.34,B+,f
2a2f3341-dff1-91f8-c821-7d4134e2d40d,e3e027a0-404c-438e-9b96-6915df9ac2d5,945cbb28-3a50-5ed1-8e70-c416ee3f92f0,2026-27,1,17.22,16.63,14.9,30.99,79.74,B+,f
fdb09d41-f641-30d6-df90-152dbe675da3,e3e027a0-404c-438e-9b96-6915df9ac2d5,325f5f11-db40-5f00-816d-d66357e36c70,2026-27,1,16.62,17.43,16.7,29.29,80.04,A,f
9a187a6a-8b9f-1d1e-5ac4-1e7f3b19e501,e3e027a0-404c-438e-9b96-6915df9ac2d5,817d9a6f-e405-58f8-991b-373c31bd4e25,2026-27,1,16.72,15.33,15.1,29.49,76.64,B+,f
37d7a1d6-a22e-7441-0050-14d7458a9459,e37435ed-b80b-46a4-b1c4-2c67effec2b3,29f10515-0a52-55f4-896b-fa882e11e38e,2026-27,6,17.43,15.16,18.46,32.29,83.34,A,f
87076a7d-0faf-1ffc-c489-a06554934fea,e37435ed-b80b-46a4-b1c4-2c67effec2b3,2bc3bd90-0760-5d47-9467-5a5992c412e5,2026-27,6,17.93,17.56,16.16,30.49,82.14,A,f
f1b18d70-f6b0-0220-d74c-fbc6925f562c,e37435ed-b80b-46a4-b1c4-2c67effec2b3,d9518e1b-06ba-5f43-b6b9-67d017eaae5d,2026-27,6,17.73,17.36,15.86,33.19,84.14,A,f
239f9c5a-8fdc-184d-c8b8-6684f6299c56,e37435ed-b80b-46a4-b1c4-2c67effec2b3,005078bd-c539-5c44-a631-7e7dd9fb778c,2026-27,6,17.33,14.86,17.26,30.99,80.44,A,f
1f6da0f3-5712-669d-5c50-b1e7e3ceb288,e37435ed-b80b-46a4-b1c4-2c67effec2b3,539f9c66-84f9-5b19-943a-cb15d62bbc33,2026-27,6,15.93,16.86,17.76,35.69,86.24,A,f
35f37f3f-cd8b-00e3-3f10-8aa73cd6533d,13a15c8e-cfc3-45d7-8968-d1eed581e232,29f10515-0a52-55f4-896b-fa882e11e38e,2026-27,6,17.66,17.89,18.5,35.38,89.43,A,f
306a3157-55f4-4e44-51ce-729b1b9ab565,13a15c8e-cfc3-45d7-8968-d1eed581e232,2bc3bd90-0760-5d47-9467-5a5992c412e5,2026-27,6,17.06,17.69,16.4,35.68,86.83,A,f
fe643948-2bb5-cdda-788e-ae9f5b2855b1,13a15c8e-cfc3-45d7-8968-d1eed581e232,d9518e1b-06ba-5f43-b6b9-67d017eaae5d,2026-27,6,17.76,18.09,16.8,30.98,83.63,A,f
fda906f2-2b16-c86f-e2fc-98a91b7ca1b2,13a15c8e-cfc3-45d7-8968-d1eed581e232,005078bd-c539-5c44-a631-7e7dd9fb778c,2026-27,6,17.36,18.49,16.7,33.68,86.23,A,f
3b111e6b-89da-1780-301c-4bd9f72e97e2,13a15c8e-cfc3-45d7-8968-d1eed581e232,539f9c66-84f9-5b19-943a-cb15d62bbc33,2026-27,6,17.46,15.39,16.2,35.98,85.03,A,f
4b5a950f-71ac-db73-e257-06dd8e91afe2,2d7d77a1-16a2-4d29-8024-8cf89fce4108,f8b6ad01-594d-5e52-b325-ed9eb13211e1,2026-27,2,15.23,14.25,17.02,33.62,80.12,A,f
709fcc49-1c27-720f-4ab0-a136e06bb26a,2d7d77a1-16a2-4d29-8024-8cf89fce4108,f27d152a-f613-51a3-aea8-0506e5d24c3a,2026-27,2,15.53,16.55,16.82,31.42,80.32,A,f
f096b815-8fbe-50eb-786b-64ff74cef925,2d7d77a1-16a2-4d29-8024-8cf89fce4108,5297007a-130e-5341-af7a-4e9027c2dadf,2026-27,2,15.23,17.05,15.82,33.72,81.82,A,f
63857f34-73c2-ebc1-5925-d624f3dc14d5,2d7d77a1-16a2-4d29-8024-8cf89fce4108,c8e42f25-4acd-5f8b-8bce-f0cab27cc71f,2026-27,2,17.43,17.25,15.52,32.42,82.62,A,f
a0bf2019-7152-6a0f-4a77-d43d66c59b74,2d7d77a1-16a2-4d29-8024-8cf89fce4108,5ceb5573-0231-5d70-848b-193fcfdb644c,2026-27,2,16.43,15.65,17.12,32.82,82.02,A,f
efc6f6f1-b06a-8907-8b32-ade0f0d06658,31f846b7-b8f0-4204-952c-b886f2d3c009,730c5632-33dc-5e69-a798-6135043a47aa,2026-27,4,18.0,16.45,16.38,33.2,84.03,A,f
f2ab8de6-2665-0f3e-0fce-a6340333a576,31f846b7-b8f0-4204-952c-b886f2d3c009,21e87180-7538-5689-922d-8889674702ed,2026-27,4,16.8,17.35,16.48,36.5,87.13,A,f
8ca517ac-5530-f80e-7580-fda3252b66f0,31f846b7-b8f0-4204-952c-b886f2d3c009,a71f945b-22bf-5921-85a0-cb1acd7cb2e6,2026-27,4,16.2,17.05,18.78,37.1,89.13,A,f
d60fb170-ecf5-41fb-eb52-1d8b9e77fbab,31f846b7-b8f0-4204-952c-b886f2d3c009,859db046-894d-53cc-8cb4-3643d0c7f1fe,2026-27,4,16.2,16.15,16.78,33.1,82.23,A,f
3022018b-9a2c-4886-c757-239df2298a4b,31f846b7-b8f0-4204-952c-b886f2d3c009,40d412e8-fc3b-5972-8ff2-90b35de8a2d3,2026-27,4,16.9,17.35,17.38,32.3,83.93,A,f
c5b6debc-155f-51bb-a1b4-88d949a69382,820d3435-69f9-4542-bbc7-53817d9b075d,f8b6ad01-594d-5e52-b325-ed9eb13211e1,2026-27,2,17.07,19.94,20.0,38.26,95.27,A+,f
12dc2f50-9b87-7c63-79af-cbb5e87b1819,820d3435-69f9-4542-bbc7-53817d9b075d,f27d152a-f613-51a3-aea8-0506e5d24c3a,2026-27,2,17.97,17.24,17.3,34.86,87.37,A,f
29d2eb29-defe-32df-e3ec-22025f84d550,820d3435-69f9-4542-bbc7-53817d9b075d,5297007a-130e-5341-af7a-4e9027c2dadf,2026-27,2,18.27,17.94,19.2,38.76,94.17,A+,f
c31f556f-2e27-928b-fd63-8aebfe632500,820d3435-69f9-4542-bbc7-53817d9b075d,c8e42f25-4acd-5f8b-8bce-f0cab27cc71f,2026-27,2,19.17,16.44,17.6,36.36,89.57,A,f
6a5da9e5-6431-34c3-8a3b-1ec8b9584781,820d3435-69f9-4542-bbc7-53817d9b075d,5ceb5573-0231-5d70-848b-193fcfdb644c,2026-27,2,17.47,19.04,17.4,37.06,90.97,A+,f
24623d41-fd88-93dd-9f08-936cdc11adfe,35e42779-079f-425d-9f2f-266fbb0c4d19,29f10515-0a52-55f4-896b-fa882e11e38e,2026-27,6,17.4,17.31,16.79,32.67,84.17,A,f
fb2b3d85-2f15-601c-62c6-f9fa5123d74e,35e42779-079f-425d-9f2f-266fbb0c4d19,2bc3bd90-0760-5d47-9467-5a5992c412e5,2026-27,6,16.9,14.01,15.19,32.07,78.17,B+,f
e4f160c7-320f-834e-6d1d-6b68f0f1692f,35e42779-079f-425d-9f2f-266fbb0c4d19,d9518e1b-06ba-5f43-b6b9-67d017eaae5d,2026-27,6,15.7,16.21,15.49,30.37,77.77,B+,f
db0abe9b-b45c-4479-9a41-c5f0081355cc,35e42779-079f-425d-9f2f-266fbb0c4d19,005078bd-c539-5c44-a631-7e7dd9fb778c,2026-27,6,17.5,14.71,16.89,32.37,81.47,A,f
59c9df17-efb4-79a3-fbc3-d4970c01889f,35e42779-079f-425d-9f2f-266fbb0c4d19,539f9c66-84f9-5b19-943a-cb15d62bbc33,2026-27,6,15.9,16.11,16.49,28.67,77.17,B+,f
6dda2b1c-a80f-983d-0269-b747d36f1546,adb162ca-3c48-4063-a1f7-004a5a975fbb,c697ab81-ffed-5fa6-9b51-be0954571d20,2026-27,1,15.26,17.69,17.78,29.71,80.44,A,f
abf9ef71-e06a-4354-d588-c18892b7de01,adb162ca-3c48-4063-a1f7-004a5a975fbb,cc6bfe47-d156-5f3c-a0a6-64be53ff1202,2026-27,1,15.26,14.49,16.38,31.01,77.14,B+,f
36b45426-e525-8f73-da6c-93847c2d1db6,adb162ca-3c48-4063-a1f7-004a5a975fbb,945cbb28-3a50-5ed1-8e70-c416ee3f92f0,2026-27,1,15.86,16.69,17.68,30.31,80.54,A,f
d0c1339f-c092-be7d-b5bb-9b487ae2d89c,adb162ca-3c48-4063-a1f7-004a5a975fbb,325f5f11-db40-5f00-816d-d66357e36c70,2026-27,1,17.96,15.69,18.48,30.71,82.84,A,f
72dd5e6b-46dd-a8cd-dd03-51d2558e8371,adb162ca-3c48-4063-a1f7-004a5a975fbb,817d9a6f-e405-58f8-991b-373c31bd4e25,2026-27,1,16.06,15.19,16.38,33.41,81.04,A,f
0d21feee-d596-453e-6eec-38e42ca328df,600a7614-8211-46e4-82bf-c0e719fb0c3a,c697ab81-ffed-5fa6-9b51-be0954571d20,2026-27,1,16.98,17.75,18.9,35.65,89.28,A,f
ef1b1d07-2050-a56e-9cb0-fd4466a22ad3,600a7614-8211-46e4-82bf-c0e719fb0c3a,cc6bfe47-d156-5f3c-a0a6-64be53ff1202,2026-27,1,18.98,17.95,18.9,38.35,94.18,A+,f
f9fdb722-bc46-4e6b-83cc-c2be146d7eb2,600a7614-8211-46e4-82bf-c0e719fb0c3a,945cbb28-3a50-5ed1-8e70-c416ee3f92f0,2026-27,1,19.58,16.75,17.6,36.05,89.98,A,f
04da2667-e0a3-b85d-90d4-aa9f8bbf08ae,600a7614-8211-46e4-82bf-c0e719fb0c3a,325f5f11-db40-5f00-816d-d66357e36c70,2026-27,1,17.68,16.55,17.3,36.95,88.48,A,f
81a27b0b-8e25-d6af-ce45-981d7a7411b4,600a7614-8211-46e4-82bf-c0e719fb0c3a,817d9a6f-e405-58f8-991b-373c31bd4e25,2026-27,1,19.08,16.55,17.8,33.75,87.18,A,f
abbfa1a9-39c0-b1be-e216-ccaedb096c85,03a9127e-d63e-41b3-8bee-89755be92428,29f10515-0a52-55f4-896b-fa882e11e38e,2026-27,6,17.16,16.12,19.37,37.06,89.71,A,f
7797cc88-5b5a-ba5f-2806-82a2c915c212,03a9127e-d63e-41b3-8bee-89755be92428,2bc3bd90-0760-5d47-9467-5a5992c412e5,2026-27,6,18.76,16.52,18.57,33.76,87.61,A,f
31f63652-72de-b8c2-65f8-273c0bf9521a,03a9127e-d63e-41b3-8bee-89755be92428,d9518e1b-06ba-5f43-b6b9-67d017eaae5d,2026-27,6,17.66,16.12,19.57,33.36,86.71,A,f
5435b1f9-4d80-cf9a-e4e3-ce8ee9d260fc,03a9127e-d63e-41b3-8bee-89755be92428,005078bd-c539-5c44-a631-7e7dd9fb778c,2026-27,6,18.86,16.72,17.67,38.26,91.51,A+,f
63988517-8e0f-75c4-f101-386a9d7812b1,03a9127e-d63e-41b3-8bee-89755be92428,539f9c66-84f9-5b19-943a-cb15d62bbc33,2026-27,6,18.16,16.42,17.27,35.86,87.71,A,f
43be3fe0-7cd0-c8f0-267a-301dfa30c860,ebb1915f-d328-4e0e-b86e-956ee6fcd97c,29f10515-0a52-55f4-896b-fa882e11e38e,2026-27,6,16.54,15.28,16.89,32.51,81.22,A,f
c3d179d2-a6f0-3674-6c4f-7ef78cf09d2c,ebb1915f-d328-4e0e-b86e-956ee6fcd97c,2bc3bd90-0760-5d47-9467-5a5992c412e5,2026-27,6,16.34,15.68,16.09,36.31,84.42,A,f
dd34ed0e-7c0b-b804-62bf-c92dd5a45c79,ebb1915f-d328-4e0e-b86e-956ee6fcd97c,d9518e1b-06ba-5f43-b6b9-67d017eaae5d,2026-27,6,16.04,15.68,17.09,31.41,80.22,A,f
64b8dc08-a822-274a-cc5c-7f44e949b2cb,ebb1915f-d328-4e0e-b86e-956ee6fcd97c,005078bd-c539-5c44-a631-7e7dd9fb778c,2026-27,6,17.84,16.18,17.99,33.51,85.52,A,f
2de7bc5f-5b1f-715b-d053-81ce6583e572,ebb1915f-d328-4e0e-b86e-956ee6fcd97c,539f9c66-84f9-5b19-943a-cb15d62bbc33,2026-27,6,15.74,18.68,17.29,31.71,83.42,A,f
b9a07a9d-7bc0-25a4-1758-f9f7a5f22148,5d86059e-9ca8-4411-b11e-8b27b76b339b,c697ab81-ffed-5fa6-9b51-be0954571d20,2026-27,1,17.06,15.37,16.93,28.01,77.37,B+,f
6fa67293-aaba-1e6e-d9ff-30a39e0e1675,5d86059e-9ca8-4411-b11e-8b27b76b339b,cc6bfe47-d156-5f3c-a0a6-64be53ff1202,2026-27,1,16.06,17.37,15.23,32.21,80.87,A,f
d7514022-635a-7199-eaa8-8642419d0c4d,5d86059e-9ca8-4411-b11e-8b27b76b339b,945cbb28-3a50-5ed1-8e70-c416ee3f92f0,2026-27,1,14.76,16.27,15.53,30.41,76.97,B+,f
592554bf-2138-fbef-9cc2-becb04b8b825,5d86059e-9ca8-4411-b11e-8b27b76b339b,325f5f11-db40-5f00-816d-d66357e36c70,2026-27,1,15.56,15.67,17.63,30.71,79.57,B+,f
f0fa2e8e-1285-a7de-f695-20f553231535,5d86059e-9ca8-4411-b11e-8b27b76b339b,817d9a6f-e405-58f8-991b-373c31bd4e25,2026-27,1,14.36,16.37,15.43,33.61,79.77,B+,f
85bbe7e2-361f-a14b-f510-4a410dfcb326,4a1f8d7b-dbcf-4242-96c7-ef9d6aeb0e10,730c5632-33dc-5e69-a798-6135043a47aa,2026-27,4,15.92,18.57,18.59,32.3,85.38,A,f
6159bbe6-f192-2356-9300-7b389d54b9b7,4a1f8d7b-dbcf-4242-96c7-ef9d6aeb0e10,21e87180-7538-5689-922d-8889674702ed,2026-27,4,18.42,15.97,16.89,36.3,87.58,A,f
d68aa02a-fbdf-b4df-cfc5-a6d45b60c86c,4a1f8d7b-dbcf-4242-96c7-ef9d6aeb0e10,a71f945b-22bf-5921-85a0-cb1acd7cb2e6,2026-27,4,18.72,16.47,18.99,35.3,89.48,A,f
b916ca50-afae-cd02-8242-c85f2129119b,4a1f8d7b-dbcf-4242-96c7-ef9d6aeb0e10,859db046-894d-53cc-8cb4-3643d0c7f1fe,2026-27,4,16.52,15.87,18.09,31.4,81.88,A,f
481e573b-f023-d6c3-4299-c3e795e84267,4a1f8d7b-dbcf-4242-96c7-ef9d6aeb0e10,40d412e8-fc3b-5972-8ff2-90b35de8a2d3,2026-27,4,16.02,18.37,17.99,31.5,83.88,A,f
5c547f24-22b0-5e87-634e-d14823a77b2a,66e3c9d5-2d66-4671-8e86-6cba5ad48d76,730c5632-33dc-5e69-a798-6135043a47aa,2026-27,4,17.26,17.6,17.92,32.76,85.54,A,f
0b8acf7a-849f-8cdb-a245-5ec2dc8e1a9a,66e3c9d5-2d66-4671-8e86-6cba5ad48d76,21e87180-7538-5689-922d-8889674702ed,2026-27,4,17.46,15.0,17.42,34.26,84.14,A,f
90264d47-a8d9-6387-da81-4eddaa790c53,66e3c9d5-2d66-4671-8e86-6cba5ad48d76,a71f945b-22bf-5921-85a0-cb1acd7cb2e6,2026-27,4,18.56,17.1,17.62,34.76,88.04,A,f
f918d006-a192-9b8e-c39c-94c6dfe5043c,66e3c9d5-2d66-4671-8e86-6cba5ad48d76,859db046-894d-53cc-8cb4-3643d0c7f1fe,2026-27,4,18.26,15.9,18.52,36.86,89.54,A,f
0855d8db-8edb-7f4a-fdc7-f8f22e8ca27a,66e3c9d5-2d66-4671-8e86-6cba5ad48d76,40d412e8-fc3b-5972-8ff2-90b35de8a2d3,2026-27,4,18.16,16.5,16.42,33.36,84.44,A,f
9e0791b9-781f-87bf-28d4-af4f29796dbd,8700c3f7-810d-40ef-b49b-ed095aa26a5e,f8b6ad01-594d-5e52-b325-ed9eb13211e1,2026-27,2,19.89,17.67,18.33,34.83,90.72,A+,f
f323d4e2-1cb7-08ac-229e-8ce916d257d6,8700c3f7-810d-40ef-b49b-ed095aa26a5e,f27d152a-f613-51a3-aea8-0506e5d24c3a,2026-27,2,18.69,19.57,18.13,39.13,95.52,A+,f
fe3d828d-acd2-9cba-ed21-8b89813a6e48,8700c3f7-810d-40ef-b49b-ed095aa26a5e,5297007a-130e-5341-af7a-4e9027c2dadf,2026-27,2,17.09,16.67,18.53,38.23,90.52,A+,f
9dc292c0-effb-4cad-76bc-7d0f0bb23974,8700c3f7-810d-40ef-b49b-ed095aa26a5e,c8e42f25-4acd-5f8b-8bce-f0cab27cc71f,2026-27,2,18.79,17.57,18.23,35.63,90.22,A+,f
1b0e3844-330d-6f5d-8d47-8213220e00dd,8700c3f7-810d-40ef-b49b-ed095aa26a5e,5ceb5573-0231-5d70-848b-193fcfdb644c,2026-27,2,19.79,17.47,18.73,37.13,93.12,A+,f
d630b9de-2ec7-65f4-96f0-6c0f39d50d95,f7778b69-42e0-4d77-9d5f-906ab089a863,f8b6ad01-594d-5e52-b325-ed9eb13211e1,2026-27,2,19.13,17.28,17.51,35.09,89.01,A,f
bcdb9f59-382e-b388-4e63-996bf2813bcf,f7778b69-42e0-4d77-9d5f-906ab089a863,f27d152a-f613-51a3-aea8-0506e5d24c3a,2026-27,2,18.23,18.98,17.31,34.99,89.51,A,f
76525c22-cd8f-878f-be36-362d63682096,f7778b69-42e0-4d77-9d5f-906ab089a863,5297007a-130e-5341-af7a-4e9027c2dadf,2026-27,2,16.53,18.18,19.11,32.89,86.71,A,f
5908ad88-b899-a8db-516e-765c99b5d4bd,f7778b69-42e0-4d77-9d5f-906ab089a863,c8e42f25-4acd-5f8b-8bce-f0cab27cc71f,2026-27,2,16.13,17.88,19.11,33.99,87.11,A,f
152b3659-921e-3d63-a443-a2a672a0dbff,f7778b69-42e0-4d77-9d5f-906ab089a863,5ceb5573-0231-5d70-848b-193fcfdb644c,2026-27,2,18.03,17.18,17.11,32.09,84.41,A,f
c719ac7c-be95-22e2-c523-abb69a512447,9461c275-9e50-4dbf-844b-fdcec220b20b,f8b6ad01-594d-5e52-b325-ed9eb13211e1,2026-27,2,18.35,17.81,17.04,33.64,86.84,A,f
13304ec8-9d26-94f6-79ec-23f1f215dd43,9461c275-9e50-4dbf-844b-fdcec220b20b,f27d152a-f613-51a3-aea8-0506e5d24c3a,2026-27,2,18.65,19.01,19.04,37.04,93.74,A+,f
18303764-029c-d2cf-75ea-cea3abe6d2c7,9461c275-9e50-4dbf-844b-fdcec220b20b,5297007a-130e-5341-af7a-4e9027c2dadf,2026-27,2,16.25,18.51,18.74,36.74,90.24,A+,f
15b6443c-9e43-e1a1-95fe-f88d6dfd0058,9461c275-9e50-4dbf-844b-fdcec220b20b,c8e42f25-4acd-5f8b-8bce-f0cab27cc71f,2026-27,2,18.25,18.01,19.34,36.24,91.84,A+,f
33eaf5a7-28af-8d8f-cf87-330bbc702626,9461c275-9e50-4dbf-844b-fdcec220b20b,5ceb5573-0231-5d70-848b-193fcfdb644c,2026-27,2,18.65,18.31,17.14,33.54,87.64,A,f
fa43eae9-3ef5-cf44-6fb4-ecb5f5d3d7bf,1a6b449a-6f07-41ae-a808-2a1777a873fe,f8b6ad01-594d-5e52-b325-ed9eb13211e1,2026-27,2,19.43,19.29,18.83,37.87,95.42,A+,f
ddfb7adf-47fe-9cc5-3a1f-0a0f2acaac54,1a6b449a-6f07-41ae-a808-2a1777a873fe,f27d152a-f613-51a3-aea8-0506e5d24c3a,2026-27,2,19.43,17.59,18.73,36.27,92.02,A+,f
e9923482-287e-fa70-cc46-81e3edcd09f0,1a6b449a-6f07-41ae-a808-2a1777a873fe,5297007a-130e-5341-af7a-4e9027c2dadf,2026-27,2,17.53,17.79,17.43,34.47,87.22,A,f
42aaf8cd-4904-1f8a-d17a-76fb7b3e84d7,1a6b449a-6f07-41ae-a808-2a1777a873fe,c8e42f25-4acd-5f8b-8bce-f0cab27cc71f,2026-27,2,16.63,17.19,18.53,34.47,86.82,A,f
98c8ffd2-5b63-49ae-f47c-7a3d9302c9f7,1a6b449a-6f07-41ae-a808-2a1777a873fe,5ceb5573-0231-5d70-848b-193fcfdb644c,2026-27,2,17.63,16.39,17.63,33.97,85.62,A,f
82a248d2-1586-d943-6860-40cf08f5516a,4886a7ec-9f8a-4141-812f-7adc1d815651,29f10515-0a52-55f4-896b-fa882e11e38e,2026-27,6,17.24,17.38,19.01,34.56,88.19,A,f
7f2038a2-cd28-29b2-7730-246dfd365d14,4886a7ec-9f8a-4141-812f-7adc1d815651,2bc3bd90-0760-5d47-9467-5a5992c412e5,2026-27,6,18.84,18.08,17.81,31.86,86.59,A,f
b87ed73b-190b-ca22-09ad-57c86f6b705f,4886a7ec-9f8a-4141-812f-7adc1d815651,d9518e1b-06ba-5f43-b6b9-67d017eaae5d,2026-27,6,18.54,17.28,17.41,31.66,84.89,A,f
544b7813-8ce4-aa2a-4b86-004a8224d607,4886a7ec-9f8a-4141-812f-7adc1d815651,005078bd-c539-5c44-a631-7e7dd9fb778c,2026-27,6,16.64,15.08,17.11,35.26,84.09,A,f
30559eae-3d12-bd2c-ea44-08c6b312e9f0,4886a7ec-9f8a-4141-812f-7adc1d815651,539f9c66-84f9-5b19-943a-cb15d62bbc33,2026-27,6,17.94,16.08,17.41,31.66,83.09,A,f
b19df844-ad9f-618f-4aa2-2a470673349a,13ed051d-5b51-4aa5-8842-81d0e5806f5b,c697ab81-ffed-5fa6-9b51-be0954571d20,2026-27,1,17.97,15.94,17.39,36.21,87.51,A,f
5acd5f4e-ea40-b5e2-505b-87e04a5b354b,13ed051d-5b51-4aa5-8842-81d0e5806f5b,cc6bfe47-d156-5f3c-a0a6-64be53ff1202,2026-27,1,18.47,16.24,17.89,36.31,88.91,A,f
ef57bad7-1c25-574b-8907-f9667d2d032b,13ed051d-5b51-4aa5-8842-81d0e5806f5b,945cbb28-3a50-5ed1-8e70-c416ee3f92f0,2026-27,1,17.97,18.74,17.49,38.31,92.51,A+,f
f27c1a19-3a19-25f4-ce33-175df9a3b079,13ed051d-5b51-4aa5-8842-81d0e5806f5b,325f5f11-db40-5f00-816d-d66357e36c70,2026-27,1,17.47,17.14,17.59,33.61,85.81,A,f
e2d1d02a-9421-22b3-010b-64f1e581b29c,13ed051d-5b51-4aa5-8842-81d0e5806f5b,817d9a6f-e405-58f8-991b-373c31bd4e25,2026-27,1,16.67,19.14,17.39,35.91,89.11,A,f
fe09c67a-fbe5-d616-e9d6-b149f309ff0d,ecca7626-ae07-4f23-80da-9ddb1c516eda,c697ab81-ffed-5fa6-9b51-be0954571d20,2026-27,1,19.26,20.0,18.51,39.79,97.56,A+,f
edc406ee-7263-e771-d3db-d30532f42275,ecca7626-ae07-4f23-80da-9ddb1c516eda,cc6bfe47-d156-5f3c-a0a6-64be53ff1202,2026-27,1,19.36,20.0,17.81,36.59,93.76,A+,f
f5b5dce6-f87b-a54e-295a-237ed8669b2b,ecca7626-ae07-4f23-80da-9ddb1c516eda,945cbb28-3a50-5ed1-8e70-c416ee3f92f0,2026-27,1,17.76,20.0,18.71,37.09,93.56,A+,f
5c7b072a-f778-f545-eab2-fa50ee3651f4,ecca7626-ae07-4f23-80da-9ddb1c516eda,325f5f11-db40-5f00-816d-d66357e36c70,2026-27,1,18.86,16.64,18.11,34.29,87.9,A,f
c500a298-69a4-0d31-e43a-37bb04c91edf,ecca7626-ae07-4f23-80da-9ddb1c516eda,817d9a6f-e405-58f8-991b-373c31bd4e25,2026-27,1,18.86,19.64,19.81,35.89,94.2,A+,f
9e70a7ae-fb06-d330-c17e-dae7490fafd5,ca77b9b0-3cd4-46a7-a0b3-c823780bf8b2,c697ab81-ffed-5fa6-9b51-be0954571d20,2026-27,1,15.41,15.54,16.23,29.7,76.88,B+,f
f2cf71d8-4055-76a9-771a-3bc19465d019,ca77b9b0-3cd4-46a7-a0b3-c823780bf8b2,cc6bfe47-d156-5f3c-a0a6-64be53ff1202,2026-27,1,15.11,17.74,16.73,30.4,79.98,B+,f
e3a6a5d1-9a5e-4682-b129-d4a8484fb38a,ca77b9b0-3cd4-46a7-a0b3-c823780bf8b2,945cbb28-3a50-5ed1-8e70-c416ee3f92f0,2026-27,1,15.61,18.24,17.33,32.0,83.18,A,f
95426228-fc18-d252-3f88-e68576fd82c4,ca77b9b0-3cd4-46a7-a0b3-c823780bf8b2,325f5f11-db40-5f00-816d-d66357e36c70,2026-27,1,16.71,15.14,16.33,34.2,82.38,A,f
b2e7045a-7f97-f664-280f-8a2c80fc11d2,ca77b9b0-3cd4-46a7-a0b3-c823780bf8b2,817d9a6f-e405-58f8-991b-373c31bd4e25,2026-27,1,17.81,14.94,18.03,32.5,83.28,A,f
02707986-027d-5a0f-763e-b442700ae4dd,c6d291b4-cb0e-437c-8f0d-247676f2cf42,f8b6ad01-594d-5e52-b325-ed9eb13211e1,2026-27,2,16.73,14.95,17.63,31.27,80.58,A,f
3fcaed41-71db-7284-b711-469248bed3d0,c6d291b4-cb0e-437c-8f0d-247676f2cf42,f27d152a-f613-51a3-aea8-0506e5d24c3a,2026-27,2,15.63,17.15,16.43,31.27,80.48,A,f
58d61c02-2437-b490-08cd-48b814a6d27c,c6d291b4-cb0e-437c-8f0d-247676f2cf42,5297007a-130e-5341-af7a-4e9027c2dadf,2026-27,2,17.53,15.45,17.73,31.27,81.98,A,f
7830e4c6-c54c-5914-0deb-6a57fe552065,c6d291b4-cb0e-437c-8f0d-247676f2cf42,c8e42f25-4acd-5f8b-8bce-f0cab27cc71f,2026-27,2,17.73,17.85,15.93,29.97,81.48,A,f
fd4c0c48-750d-b66f-2c27-941cdf22465f,c6d291b4-cb0e-437c-8f0d-247676f2cf42,5ceb5573-0231-5d70-848b-193fcfdb644c,2026-27,2,16.43,16.45,17.03,29.97,79.88,B+,f
87c55c5b-2e8c-1e04-5c23-56fb4bb7498a,260211ee-937c-4df8-8848-9c1a0478c2f2,c697ab81-ffed-5fa6-9b51-be0954571d20,2026-27,1,16.87,15.83,18.36,36.61,87.67,A,f
6bb3a850-70ab-ac25-548c-6e139671f6e3,260211ee-937c-4df8-8848-9c1a0478c2f2,cc6bfe47-d156-5f3c-a0a6-64be53ff1202,2026-27,1,19.07,16.93,17.16,36.21,89.37,A,f
03e92ed0-3137-366d-c98e-ff4faebd5bc4,260211ee-937c-4df8-8848-9c1a0478c2f2,945cbb28-3a50-5ed1-8e70-c416ee3f92f0,2026-27,1,18.77,18.13,17.86,35.71,90.47,A+,f
d4b501af-0c93-e466-2470-aff332e5f2ab,260211ee-937c-4df8-8848-9c1a0478c2f2,325f5f11-db40-5f00-816d-d66357e36c70,2026-27,1,17.27,16.83,19.46,36.81,90.37,A+,f
4d890492-5307-27fd-6c3b-f60025dde6a1,260211ee-937c-4df8-8848-9c1a0478c2f2,817d9a6f-e405-58f8-991b-373c31bd4e25,2026-27,1,18.77,19.03,18.76,34.41,90.97,A+,f
82e9fb1f-7b81-efdc-bde8-28b6f4d437b3,c8749c2b-b4ff-4f32-98e9-7daedb9e2ee9,f8b6ad01-594d-5e52-b325-ed9eb13211e1,2026-27,2,16.26,15.6,17.31,32.91,82.08,A,f
097c279e-3a38-2657-ebcb-623610a6f1a0,c8749c2b-b4ff-4f32-98e9-7daedb9e2ee9,f27d152a-f613-51a3-aea8-0506e5d24c3a,2026-27,2,17.06,18.5,17.91,32.21,85.68,A,f
be1215c9-e3c0-3f98-e7e4-597662bf4b09,c8749c2b-b4ff-4f32-98e9-7daedb9e2ee9,5297007a-130e-5341-af7a-4e9027c2dadf,2026-27,2,16.66,18.2,16.31,35.71,86.88,A,f
2165bf06-1a29-51fa-4c1d-48e49e596c11,c8749c2b-b4ff-4f32-98e9-7daedb9e2ee9,c8e42f25-4acd-5f8b-8bce-f0cab27cc71f,2026-27,2,16.46,17.5,18.71,32.91,85.58,A,f
bf1192e5-2444-5f9e-99a1-dfcb47ba7ce9,c8749c2b-b4ff-4f32-98e9-7daedb9e2ee9,5ceb5573-0231-5d70-848b-193fcfdb644c,2026-27,2,17.26,17.3,16.11,31.61,82.28,A,f
a4cfe80c-1efd-ad9b-11ef-4e2c728ec068,6e59252b-8f4d-4b5a-8e11-c84524a75f63,c697ab81-ffed-5fa6-9b51-be0954571d20,2026-27,1,16.61,12.9,16.65,26.57,72.73,B+,f
5c353d9c-448f-bebe-3265-4e9e161f8bcc,6e59252b-8f4d-4b5a-8e11-c84524a75f63,cc6bfe47-d156-5f3c-a0a6-64be53ff1202,2026-27,1,14.81,14.4,16.85,26.77,72.83,B+,f
f1e00bf7-6b13-a0f5-88c3-5de6e88fe71a,6e59252b-8f4d-4b5a-8e11-c84524a75f63,945cbb28-3a50-5ed1-8e70-c416ee3f92f0,2026-27,1,15.01,15.2,15.45,29.87,75.53,B+,f
31588a57-5a93-7616-44ff-5d795cdcddfc,6e59252b-8f4d-4b5a-8e11-c84524a75f63,325f5f11-db40-5f00-816d-d66357e36c70,2026-27,1,13.91,13.4,14.35,30.27,71.93,B+,f
976321f0-8e86-8652-e955-a13257a4d33d,6e59252b-8f4d-4b5a-8e11-c84524a75f63,817d9a6f-e405-58f8-991b-373c31bd4e25,2026-27,1,13.91,14.6,14.55,29.07,72.13,B+,f
bdcfa200-66f8-7377-7d96-d604706b99c6,22269da9-6a06-4549-9c7c-daa80bc404d3,29f10515-0a52-55f4-896b-fa882e11e38e,2026-27,6,17.67,15.92,18.15,37.58,89.32,A,f
e48d6e72-7cdb-2aac-8260-ad7511e1585d,22269da9-6a06-4549-9c7c-daa80bc404d3,2bc3bd90-0760-5d47-9467-5a5992c412e5,2026-27,6,17.07,16.02,19.15,35.88,88.12,A,f
cf689eb6-b9bc-5b2b-d436-8e7fb0e0d1bb,22269da9-6a06-4549-9c7c-daa80bc404d3,d9518e1b-06ba-5f43-b6b9-67d017eaae5d,2026-27,6,19.07,15.42,16.55,36.18,87.22,A,f
0c7af4b4-cb86-751e-5a3a-03776ab6d848,22269da9-6a06-4549-9c7c-daa80bc404d3,005078bd-c539-5c44-a631-7e7dd9fb778c,2026-27,6,16.17,18.52,19.35,32.58,86.62,A,f
b64e775c-876b-3f81-5cb0-5aaafd4c3be7,22269da9-6a06-4549-9c7c-daa80bc404d3,539f9c66-84f9-5b19-943a-cb15d62bbc33,2026-27,6,16.97,16.32,16.85,33.08,83.22,A,f
b2650b2d-ac03-b996-0028-35acbb97d8d7,32c44be7-76c1-4d77-a22e-66f87fb71acd,29f10515-0a52-55f4-896b-fa882e11e38e,2026-27,6,17.56,15.79,17.18,32.61,83.14,A,f
1a658472-6243-f182-d99c-f1ba21109273,32c44be7-76c1-4d77-a22e-66f87fb71acd,2bc3bd90-0760-5d47-9467-5a5992c412e5,2026-27,6,17.66,15.49,17.28,34.11,84.54,A,f
90e9fb9b-6485-c05e-5c07-5fbc8278eac4,32c44be7-76c1-4d77-a22e-66f87fb71acd,d9518e1b-06ba-5f43-b6b9-67d017eaae5d,2026-27,6,15.86,16.29,16.68,33.71,82.54,A,f
3923e170-fa41-8df9-1460-dffc228b464b,32c44be7-76c1-4d77-a22e-66f87fb71acd,005078bd-c539-5c44-a631-7e7dd9fb778c,2026-27,6,17.66,14.99,17.48,32.01,82.14,A,f
4ce15277-2292-57d2-4332-22fb98417fdb,32c44be7-76c1-4d77-a22e-66f87fb71acd,539f9c66-84f9-5b19-943a-cb15d62bbc33,2026-27,6,17.16,15.39,18.38,34.71,85.64,A,f
a4be9f22-fbc9-cedb-a72d-404a6499795a,a11c7b94-3d35-4dcf-b26b-40a14c9c4994,f8b6ad01-594d-5e52-b325-ed9eb13211e1,2026-27,2,15.3,13.69,14.73,30.1,73.82,B+,f
447e1bbf-19f8-756c-a291-320d20e66da9,a11c7b94-3d35-4dcf-b26b-40a14c9c4994,f27d152a-f613-51a3-aea8-0506e5d24c3a,2026-27,2,14.3,12.69,15.63,27.1,69.72,B,f
dd07cc2a-8784-e7ba-cc1f-632d10943da9,a11c7b94-3d35-4dcf-b26b-40a14c9c4994,5297007a-130e-5341-af7a-4e9027c2dadf,2026-27,2,16.0,16.59,15.83,30.9,79.32,B+,f
6fdbf835-eaf1-66fe-198c-90b48de6cd43,a11c7b94-3d35-4dcf-b26b-40a14c9c4994,c8e42f25-4acd-5f8b-8bce-f0cab27cc71f,2026-27,2,14.1,15.19,15.43,28.2,72.92,B+,f
b5c932bc-7869-3a3c-cf5d-6f733a717c13,a11c7b94-3d35-4dcf-b26b-40a14c9c4994,5ceb5573-0231-5d70-848b-193fcfdb644c,2026-27,2,15.2,15.29,15.13,30.4,76.02,B+,f
d00c61bd-8023-8ef6-bd58-8d47d01c87e8,98ce75a1-d148-4552-8946-5b38883ecef3,29f10515-0a52-55f4-896b-fa882e11e38e,2026-27,6,17.01,15.67,19.32,37.45,89.45,A,f
62130f85-4fbc-3086-fc79-bf3cd8bbee1f,98ce75a1-d148-4552-8946-5b38883ecef3,2bc3bd90-0760-5d47-9467-5a5992c412e5,2026-27,6,18.81,18.27,18.92,38.45,94.45,A+,f
661aadf6-892b-dded-e274-d2aac8b343f3,98ce75a1-d148-4552-8946-5b38883ecef3,d9518e1b-06ba-5f43-b6b9-67d017eaae5d,2026-27,6,18.91,19.47,17.42,37.85,93.65,A+,f
a4206987-dae8-d237-ac4f-8e5061005696,98ce75a1-d148-4552-8946-5b38883ecef3,005078bd-c539-5c44-a631-7e7dd9fb778c,2026-27,6,17.31,18.17,18.52,35.25,89.25,A,f
c9ac7a1e-e383-50cc-f08e-6c675639155e,98ce75a1-d148-4552-8946-5b38883ecef3,539f9c66-84f9-5b19-943a-cb15d62bbc33,2026-27,6,19.01,18.17,17.72,38.35,93.25,A+,f
68667a49-0787-efd9-71c0-c61cb8c348b4,4bf65490-9937-4be1-b20c-5e676bb7785c,730c5632-33dc-5e69-a798-6135043a47aa,2026-27,4,17.18,17.23,16.85,33.85,85.11,A,f
f785beae-6169-1f51-f863-5c59a2b270ec,4bf65490-9937-4be1-b20c-5e676bb7785c,21e87180-7538-5689-922d-8889674702ed,2026-27,4,16.48,15.13,19.35,32.05,83.01,A,f
481ec8ba-6134-cf29-4a69-1bd8c78fcf52,4bf65490-9937-4be1-b20c-5e676bb7785c,a71f945b-22bf-5921-85a0-cb1acd7cb2e6,2026-27,4,18.88,17.53,18.85,35.65,90.91,A+,f
ab177970-8cd6-9141-7445-df640c58dce3,4bf65490-9937-4be1-b20c-5e676bb7785c,859db046-894d-53cc-8cb4-3643d0c7f1fe,2026-27,4,18.48,17.23,16.95,32.95,85.61,A,f
35799a02-8aba-68a4-ea01-9a57989bb3d2,4bf65490-9937-4be1-b20c-5e676bb7785c,40d412e8-fc3b-5972-8ff2-90b35de8a2d3,2026-27,4,18.38,15.33,16.75,35.25,85.71,A,f
3b627f03-f899-78ef-c024-9dc4e13e4d42,9a37bd95-c5e9-433b-a1a2-3a7c10975b01,f8b6ad01-594d-5e52-b325-ed9eb13211e1,2026-27,2,20.0,16.49,18.15,36.19,90.83,A+,f
1dbb5437-fbf5-1ded-9673-55f6ef5851f9,9a37bd95-c5e9-433b-a1a2-3a7c10975b01,f27d152a-f613-51a3-aea8-0506e5d24c3a,2026-27,2,17.42,18.99,19.45,36.89,92.75,A+,f
77b51c4a-eeb4-8468-6d04-0eaeb405f25f,9a37bd95-c5e9-433b-a1a2-3a7c10975b01,5297007a-130e-5341-af7a-4e9027c2dadf,2026-27,2,17.62,19.89,19.15,38.59,95.25,A+,f
30a80a67-5acc-b023-65a4-96127dfdd1dd,9a37bd95-c5e9-433b-a1a2-3a7c10975b01,c8e42f25-4acd-5f8b-8bce-f0cab27cc71f,2026-27,2,18.22,20.0,20.0,37.39,95.61,A+,f
137ada60-bd6d-f16c-8cd3-53328899ab9a,9a37bd95-c5e9-433b-a1a2-3a7c10975b01,5ceb5573-0231-5d70-848b-193fcfdb644c,2026-27,2,17.82,16.89,20.0,34.89,89.6,A,f
578c5182-3b9b-61ef-acff-160663473636,db938d4c-c25a-4cac-bd69-6bcda93aa4cf,29f10515-0a52-55f4-896b-fa882e11e38e,2026-27,6,17.44,17.07,18.37,34.41,87.29,A,f
2dc8d9ca-eec0-ccc2-49a6-be3566036be9,db938d4c-c25a-4cac-bd69-6bcda93aa4cf,2bc3bd90-0760-5d47-9467-5a5992c412e5,2026-27,6,17.34,15.87,16.07,30.71,79.99,B+,f
d6f2dc0f-8584-e0c6-ea60-4886497f8a44,db938d4c-c25a-4cac-bd69-6bcda93aa4cf,d9518e1b-06ba-5f43-b6b9-67d017eaae5d,2026-27,6,15.34,16.07,16.67,32.91,80.99,A,f
b7683955-f785-db38-68f9-ab159a0fbe19,db938d4c-c25a-4cac-bd69-6bcda93aa4cf,005078bd-c539-5c44-a631-7e7dd9fb778c,2026-27,6,18.14,14.67,16.07,31.11,79.99,B+,f
4e7adee6-7497-f2a2-3e62-48694c563fec,db938d4c-c25a-4cac-bd69-6bcda93aa4cf,539f9c66-84f9-5b19-943a-cb15d62bbc33,2026-27,6,18.24,17.97,15.67,31.91,83.79,A,f
f7ee0265-64f0-411c-5add-4492015da095,44e310ef-e692-422a-a593-c9867b6155d8,29f10515-0a52-55f4-896b-fa882e11e38e,2026-27,6,17.44,19.22,18.39,36.79,91.84,A+,f
66578f9d-d6fd-a2a5-157e-7f454dd9720b,44e310ef-e692-422a-a593-c9867b6155d8,2bc3bd90-0760-5d47-9467-5a5992c412e5,2026-27,6,19.24,20.0,18.09,40.0,97.33,A+,f
65e095af-2c1e-4372-e5f0-a2ffe6062559,44e310ef-e692-422a-a593-c9867b6155d8,d9518e1b-06ba-5f43-b6b9-67d017eaae5d,2026-27,6,17.44,18.22,20.0,38.99,94.65,A+,f
c8b0a7c9-b4f4-09c1-2398-534cf372188a,44e310ef-e692-422a-a593-c9867b6155d8,005078bd-c539-5c44-a631-7e7dd9fb778c,2026-27,6,17.34,18.42,18.19,34.89,88.84,A,f
e8a8ad1b-7868-a0cd-d4e4-cfe74e5d00cb,44e310ef-e692-422a-a593-c9867b6155d8,539f9c66-84f9-5b19-943a-cb15d62bbc33,2026-27,6,19.74,19.32,17.89,37.29,94.24,A+,f
6a923a88-21ab-8e2b-0bb9-b16a8ae207fd,08a3fd49-db4f-4293-9631-cbf8c89d0a87,f8b6ad01-594d-5e52-b325-ed9eb13211e1,2026-27,2,16.51,15.74,17.75,30.27,80.27,A,f
c251013a-68bb-9972-8ccd-03136bc288da,08a3fd49-db4f-4293-9631-cbf8c89d0a87,f27d152a-f613-51a3-aea8-0506e5d24c3a,2026-27,2,16.11,17.64,16.65,35.37,85.77,A,f
c0cca9dd-daf0-d8d2-1d2f-c06e9e5dc8f6,08a3fd49-db4f-4293-9631-cbf8c89d0a87,5297007a-130e-5341-af7a-4e9027c2dadf,2026-27,2,15.81,15.94,17.85,31.67,81.27,A,f
ae561aaa-ffca-3f71-cb0c-cf4e95a1dbb3,08a3fd49-db4f-4293-9631-cbf8c89d0a87,c8e42f25-4acd-5f8b-8bce-f0cab27cc71f,2026-27,2,16.71,17.64,16.75,31.07,82.17,A,f
570aa6d8-d9eb-ddd5-a65a-096bca7a1718,08a3fd49-db4f-4293-9631-cbf8c89d0a87,5ceb5573-0231-5d70-848b-193fcfdb644c,2026-27,2,17.81,18.04,17.25,35.17,88.27,A,f
bb4b0457-a6eb-e0de-4626-21d3b4612b97,af70f11a-dacf-4a55-906f-d0f616848658,730c5632-33dc-5e69-a798-6135043a47aa,2026-27,4,16.23,18.67,17.58,33.57,86.05,A,f
d212e32c-8442-293f-4186-f2257d19216f,af70f11a-dacf-4a55-906f-d0f616848658,21e87180-7538-5689-922d-8889674702ed,2026-27,4,17.83,16.27,16.98,32.97,84.05,A,f
948c0379-124e-24ad-b8e1-19e6320fc216,af70f11a-dacf-4a55-906f-d0f616848658,a71f945b-22bf-5921-85a0-cb1acd7cb2e6,2026-27,4,18.13,16.87,16.68,31.77,83.45,A,f
cd76760f-a341-d5c9-0611-98197bde1fe9,af70f11a-dacf-4a55-906f-d0f616848658,859db046-894d-53cc-8cb4-3643d0c7f1fe,2026-27,4,18.63,15.57,18.58,35.37,88.15,A,f
c30b6bab-6192-5706-07b6-70f45869bc82,af70f11a-dacf-4a55-906f-d0f616848658,40d412e8-fc3b-5972-8ff2-90b35de8a2d3,2026-27,4,16.83,17.97,17.38,36.07,88.25,A,f
675f7ad3-5465-69df-1eeb-3199cd9d762a,d2330171-f678-4f36-aee3-060fc9493057,f8b6ad01-594d-5e52-b325-ed9eb13211e1,2026-27,2,17.72,16.05,16.65,32.69,83.11,A,f
2d8dd93b-ca8c-a7d2-92d5-8507d82fee1c,d2330171-f678-4f36-aee3-060fc9493057,f27d152a-f613-51a3-aea8-0506e5d24c3a,2026-27,2,15.62,15.75,18.25,33.49,83.11,A,f
77bf20b8-bfbb-ca8a-e029-933dfb45a536,d2330171-f678-4f36-aee3-060fc9493057,5297007a-130e-5341-af7a-4e9027c2dadf,2026-27,2,16.92,14.85,18.45,33.39,83.61,A,f
c8189817-687c-886c-d8f3-8917b58f4572,d2330171-f678-4f36-aee3-060fc9493057,c8e42f25-4acd-5f8b-8bce-f0cab27cc71f,2026-27,2,18.22,16.75,18.45,32.19,85.61,A,f
efa62d7f-57e7-cc71-aa55-3c43bac2c9c7,d2330171-f678-4f36-aee3-060fc9493057,5ceb5573-0231-5d70-848b-193fcfdb644c,2026-27,2,16.92,18.15,18.25,32.89,86.21,A,f
26af737d-d05e-fe01-9218-e8d00436d95e,3ba6bb55-fb55-45c1-8c1e-5c545095c667,f8b6ad01-594d-5e52-b325-ed9eb13211e1,2026-27,2,18.03,18.68,18.51,34.19,89.41,A,f
a7806bac-b7cc-f558-018d-cf7c3126595e,3ba6bb55-fb55-45c1-8c1e-5c545095c667,f27d152a-f613-51a3-aea8-0506e5d24c3a,2026-27,2,17.53,16.78,18.81,32.19,85.31,A,f
99ab4aa4-10b4-ffe5-3e55-755bb6f7ddae,3ba6bb55-fb55-45c1-8c1e-5c545095c667,5297007a-130e-5341-af7a-4e9027c2dadf,2026-27,2,17.93,18.98,18.61,34.59,90.11,A+,f
25ee7fa6-0e12-a060-406c-49976a9a4dd5,3ba6bb55-fb55-45c1-8c1e-5c545095c667,c8e42f25-4acd-5f8b-8bce-f0cab27cc71f,2026-27,2,18.63,15.58,19.21,37.79,91.21,A+,f
0eaee44c-a557-f517-e753-89e7800258af,3ba6bb55-fb55-45c1-8c1e-5c545095c667,5ceb5573-0231-5d70-848b-193fcfdb644c,2026-27,2,16.13,17.48,19.41,37.69,90.71,A+,f
048391f1-9991-69e0-3ff6-56ce30f30c74,f8bd4c71-45ff-4dab-b2d3-bbf1ebcd193b,730c5632-33dc-5e69-a798-6135043a47aa,2026-27,4,16.21,17.86,16.49,35.15,85.71,A,f
092583b6-9c63-523c-e6fb-ffd654ab6e7b,f8bd4c71-45ff-4dab-b2d3-bbf1ebcd193b,21e87180-7538-5689-922d-8889674702ed,2026-27,4,16.11,17.86,17.79,36.05,87.81,A,f
9cda2d0c-16b3-fc72-d014-2dcd4208473b,f8bd4c71-45ff-4dab-b2d3-bbf1ebcd193b,a71f945b-22bf-5921-85a0-cb1acd7cb2e6,2026-27,4,17.61,16.86,18.89,33.95,87.31,A,f
5c8f79fe-0a14-f481-2894-12cb1f7a254c,f8bd4c71-45ff-4dab-b2d3-bbf1ebcd193b,859db046-894d-53cc-8cb4-3643d0c7f1fe,2026-27,4,17.61,18.36,18.99,36.45,91.41,A+,f
146157fe-974d-8c74-f5a4-1020b5e4b3f5,f8bd4c71-45ff-4dab-b2d3-bbf1ebcd193b,40d412e8-fc3b-5972-8ff2-90b35de8a2d3,2026-27,4,16.41,16.16,17.49,33.55,83.61,A,f
33a4bbbf-1768-4ccd-ae66-7801ce8e8777,19139439-ffbf-483f-ba8d-7ac63c091b03,29f10515-0a52-55f4-896b-fa882e11e38e,2026-27,6,16.8,17.27,18.61,33.63,86.31,A,f
60aeeef5-646a-ba1c-9b56-918bc8d5e234,19139439-ffbf-483f-ba8d-7ac63c091b03,2bc3bd90-0760-5d47-9467-5a5992c412e5,2026-27,6,16.6,19.67,17.21,38.13,91.61,A+,f
ad1bf4d6-d327-b014-5866-005ccbdd0db1,19139439-ffbf-483f-ba8d-7ac63c091b03,d9518e1b-06ba-5f43-b6b9-67d017eaae5d,2026-27,6,18.3,15.77,17.01,37.83,88.91,A,f
786c02d1-632e-5fbc-bc02-d2fa67709ce4,19139439-ffbf-483f-ba8d-7ac63c091b03,005078bd-c539-5c44-a631-7e7dd9fb778c,2026-27,6,19.3,16.47,18.21,36.13,90.11,A+,f
bfb6dcb2-3ab9-4951-3cc0-7bb46396d142,19139439-ffbf-483f-ba8d-7ac63c091b03,539f9c66-84f9-5b19-943a-cb15d62bbc33,2026-27,6,19.0,19.67,19.51,35.73,93.91,A+,f
c9fc903d-8c56-d319-8579-682d2ccfe7aa,2c31b150-b3c4-489f-8693-6013b9436ffe,730c5632-33dc-5e69-a798-6135043a47aa,2026-27,4,18.41,18.24,18.75,31.37,86.77,A,f
94e8e123-be2c-e37d-f2ff-d59611ad4778,2c31b150-b3c4-489f-8693-6013b9436ffe,21e87180-7538-5689-922d-8889674702ed,2026-27,4,15.51,16.94,17.35,34.77,84.57,A,f
4f4c07a8-de9e-423a-329d-91a2bc6b9fdd,2c31b150-b3c4-489f-8693-6013b9436ffe,a71f945b-22bf-5921-85a0-cb1acd7cb2e6,2026-27,4,18.31,17.54,18.65,34.47,88.97,A,f
fa1273ad-333d-b7a9-4f0a-3aee82bed9c8,2c31b150-b3c4-489f-8693-6013b9436ffe,859db046-894d-53cc-8cb4-3643d0c7f1fe,2026-27,4,18.01,16.24,16.75,34.17,85.17,A,f
0cbfd817-d316-2a41-c9b7-44bf06d85d7b,2c31b150-b3c4-489f-8693-6013b9436ffe,40d412e8-fc3b-5972-8ff2-90b35de8a2d3,2026-27,4,16.61,15.54,18.75,31.27,82.17,A,f
beb82d12-7824-df11-28ec-9e6365deec28,3f585e7a-a76b-4a8c-94a4-c4043f78aeee,f8b6ad01-594d-5e52-b325-ed9eb13211e1,2026-27,2,16.36,16.81,18.35,37.26,88.78,A,f
52e44975-2650-c4da-44d1-ea455b01e822,3f585e7a-a76b-4a8c-94a4-c4043f78aeee,f27d152a-f613-51a3-aea8-0506e5d24c3a,2026-27,2,16.56,17.11,17.05,34.56,85.28,A,f
03da2081-5379-ef64-4767-d60df18959ab,3f585e7a-a76b-4a8c-94a4-c4043f78aeee,5297007a-130e-5341-af7a-4e9027c2dadf,2026-27,2,17.56,16.81,19.45,36.56,90.38,A+,f
77552642-e5b3-49f7-8223-ea85f2d6c708,3f585e7a-a76b-4a8c-94a4-c4043f78aeee,c8e42f25-4acd-5f8b-8bce-f0cab27cc71f,2026-27,2,16.36,19.11,18.15,36.16,89.78,A,f
619d37aa-2408-a102-d148-5ed75019d849,3f585e7a-a76b-4a8c-94a4-c4043f78aeee,5ceb5573-0231-5d70-848b-193fcfdb644c,2026-27,2,18.66,18.31,18.35,37.06,92.38,A+,f
77adf4d2-54c3-d9dd-4e01-532216d4ef42,03a9826d-4b05-4977-b633-909e5cab854f,29f10515-0a52-55f4-896b-fa882e11e38e,2026-27,6,19.28,19.14,17.89,37.78,94.09,A+,f
4849b5ec-1960-8773-a944-db1d071aa523,03a9826d-4b05-4977-b633-909e5cab854f,2bc3bd90-0760-5d47-9467-5a5992c412e5,2026-27,6,18.78,18.94,18.09,35.88,91.69,A+,f
a842d8b7-aced-830d-c263-e103088c3e2c,03a9826d-4b05-4977-b633-909e5cab854f,d9518e1b-06ba-5f43-b6b9-67d017eaae5d,2026-27,6,17.98,19.04,16.89,35.48,89.39,A,f
8fb59d3f-eed5-a544-16da-f3f9e59d38e6,03a9826d-4b05-4977-b633-909e5cab854f,005078bd-c539-5c44-a631-7e7dd9fb778c,2026-27,6,17.28,16.94,19.49,38.18,91.89,A+,f
eca290fa-87fa-59ab-202e-8c50f1d49872,03a9826d-4b05-4977-b633-909e5cab854f,539f9c66-84f9-5b19-943a-cb15d62bbc33,2026-27,6,18.48,16.04,17.89,37.88,90.29,A+,f
01e92169-3166-b76b-9975-af1ae85ad581,be804ffe-7b1c-4afb-be73-892ffdcaa995,c697ab81-ffed-5fa6-9b51-be0954571d20,2026-27,1,19.09,19.08,20.0,38.15,96.32,A+,f
22f0e44c-4721-115d-00ff-fee76613b7aa,be804ffe-7b1c-4afb-be73-892ffdcaa995,cc6bfe47-d156-5f3c-a0a6-64be53ff1202,2026-27,1,19.69,19.28,19.36,40.0,98.33,A+,f
7ba5574a-c6d4-2647-2957-ef2fa177d494,be804ffe-7b1c-4afb-be73-892ffdcaa995,945cbb28-3a50-5ed1-8e70-c416ee3f92f0,2026-27,1,20.0,19.38,20.0,36.85,96.23,A+,f
515bb9ad-97fb-ad4f-521c-9cb5d5ce546b,be804ffe-7b1c-4afb-be73-892ffdcaa995,325f5f11-db40-5f00-816d-d66357e36c70,2026-27,1,18.09,18.48,20.0,36.75,93.32,A+,f
d639f4ef-de1e-d505-f7a2-29ca3ebb4f85,be804ffe-7b1c-4afb-be73-892ffdcaa995,817d9a6f-e405-58f8-991b-373c31bd4e25,2026-27,1,20.0,18.78,20.0,40.0,98.78,A+,f
ee0a3dd5-9330-66fb-ccd9-f87b5e90a62b,fe7d693a-701e-4722-b742-b18e299411ad,c697ab81-ffed-5fa6-9b51-be0954571d20,2026-27,1,17.44,14.65,15.92,32.89,80.9,A,f
3e41bc3a-8557-56bd-32d9-94a762219dc2,fe7d693a-701e-4722-b742-b18e299411ad,cc6bfe47-d156-5f3c-a0a6-64be53ff1202,2026-27,1,15.44,15.75,16.42,28.49,76.1,B+,f
dd1a732d-9b1a-a1eb-0ebd-909f7fea7587,fe7d693a-701e-4722-b742-b18e299411ad,945cbb28-3a50-5ed1-8e70-c416ee3f92f0,2026-27,1,15.94,13.95,17.12,33.69,80.7,A,f
749fef18-40df-71c8-4b75-8ff74e7ee38c,fe7d693a-701e-4722-b742-b18e299411ad,325f5f11-db40-5f00-816d-d66357e36c70,2026-27,1,15.14,17.55,16.12,30.89,79.7,B+,f
80f1a3b9-06d3-0b54-5671-12186e653922,fe7d693a-701e-4722-b742-b18e299411ad,817d9a6f-e405-58f8-991b-373c31bd4e25,2026-27,1,15.44,15.75,16.32,32.79,80.3,A,f
cd22a5f7-fa67-a3e3-16dc-72741a416c7e,2cd8aded-286c-4d6b-aef9-d3f737ee116f,c697ab81-ffed-5fa6-9b51-be0954571d20,2026-27,1,17.17,18.53,18.78,33.78,88.26,A,f
8ac95d9a-0b77-8265-0029-16b7c51c6b63,2cd8aded-286c-4d6b-aef9-d3f737ee116f,cc6bfe47-d156-5f3c-a0a6-64be53ff1202,2026-27,1,19.57,19.43,18.38,34.98,92.36,A+,f
a594a538-1139-4019-4ebf-34af858a4520,2cd8aded-286c-4d6b-aef9-d3f737ee116f,945cbb28-3a50-5ed1-8e70-c416ee3f92f0,2026-27,1,18.37,16.43,18.28,33.68,86.76,A,f
05552da7-d20a-4c2c-8d08-744cfaa1e293,2cd8aded-286c-4d6b-aef9-d3f737ee116f,325f5f11-db40-5f00-816d-d66357e36c70,2026-27,1,17.07,15.83,18.68,37.28,88.86,A,f
c30320e6-a700-e5b3-d34e-b06fc9f59c70,2cd8aded-286c-4d6b-aef9-d3f737ee116f,817d9a6f-e405-58f8-991b-373c31bd4e25,2026-27,1,18.47,16.53,17.38,34.28,86.66,A,f
824de87d-9f1b-06dc-9083-98dfd547cd1a,4454e29c-1b68-4767-aaef-cb16b89997b4,29f10515-0a52-55f4-896b-fa882e11e38e,2026-27,6,16.18,14.51,18.1,32.51,81.3,A,f
815c59cd-8c19-272f-6b72-0190e756175c,4454e29c-1b68-4767-aaef-cb16b89997b4,2bc3bd90-0760-5d47-9467-5a5992c412e5,2026-27,6,16.18,17.21,18.3,33.41,85.1,A,f
aa4affe1-ae98-a0cc-5509-a5b993ef9431,4454e29c-1b68-4767-aaef-cb16b89997b4,d9518e1b-06ba-5f43-b6b9-67d017eaae5d,2026-27,6,17.98,17.71,17.1,33.41,86.2,A,f
7030e7b4-715a-5d87-1af4-c1511b2d9f5b,4454e29c-1b68-4767-aaef-cb16b89997b4,005078bd-c539-5c44-a631-7e7dd9fb778c,2026-27,6,15.48,15.91,15.8,29.51,76.7,B+,f
49a23090-9e29-eefc-cded-697682a0c4ad,4454e29c-1b68-4767-aaef-cb16b89997b4,539f9c66-84f9-5b19-943a-cb15d62bbc33,2026-27,6,15.18,18.11,17.7,34.41,85.4,A,f
942b3efa-f0bf-8f7e-b772-ab11944fb446,8afbbc17-5de9-41d9-8309-09ea87c46621,730c5632-33dc-5e69-a798-6135043a47aa,2026-27,4,15.2,17.01,17.79,31.37,81.37,A,f
e04e1336-2a46-2930-2ffb-2d8ed1685179,8afbbc17-5de9-41d9-8309-09ea87c46621,21e87180-7538-5689-922d-8889674702ed,2026-27,4,15.8,16.31,17.39,29.47,78.97,B+,f
28c7bf88-0f3a-b698-98bb-31b5409efa5d,8afbbc17-5de9-41d9-8309-09ea87c46621,a71f945b-22bf-5921-85a0-cb1acd7cb2e6,2026-27,4,15.2,16.01,15.89,32.87,79.97,B+,f
1845313c-afaa-69a2-aeb4-a60e7fd77628,8afbbc17-5de9-41d9-8309-09ea87c46621,859db046-894d-53cc-8cb4-3643d0c7f1fe,2026-27,4,15.7,16.91,16.99,33.57,83.17,A,f
c0c10790-8fa2-b67d-06af-565f8d1bd566,8afbbc17-5de9-41d9-8309-09ea87c46621,40d412e8-fc3b-5972-8ff2-90b35de8a2d3,2026-27,4,15.7,16.01,14.99,32.27,78.97,B+,f
c31be50c-a84d-e7a5-9814-e228c6cffe56,4117a364-ae31-4089-8541-dac4555bee96,c697ab81-ffed-5fa6-9b51-be0954571d20,2026-27,1,18.18,16.13,18.06,34.3,86.67,A,f
0deb1d64-c3d9-23cd-c6a1-d09761359cd8,4117a364-ae31-4089-8541-dac4555bee96,cc6bfe47-d156-5f3c-a0a6-64be53ff1202,2026-27,1,16.68,18.93,17.26,34.0,86.87,A,f
ee5c46bc-7d2f-d8c3-e451-bd7000d8feaf,4117a364-ae31-4089-8541-dac4555bee96,945cbb28-3a50-5ed1-8e70-c416ee3f92f0,2026-27,1,18.58,18.33,17.76,34.8,89.47,A,f
9ef443da-6eb2-98cc-5680-705e115bfd2b,4117a364-ae31-4089-8541-dac4555bee96,325f5f11-db40-5f00-816d-d66357e36c70,2026-27,1,16.98,15.73,19.06,37.5,89.27,A,f
1561732f-2509-c94e-0373-d81ed211a6f6,4117a364-ae31-4089-8541-dac4555bee96,817d9a6f-e405-58f8-991b-373c31bd4e25,2026-27,1,16.48,17.23,18.16,36.0,87.87,A,f
ab7aecfc-1832-80d0-78f1-d80dc4edacb7,bda3289e-fa56-487f-ab01-2addfa83b70f,c697ab81-ffed-5fa6-9b51-be0954571d20,2026-27,1,18.16,17.9,17.41,33.71,87.18,A,f
886ecced-13d0-be44-89bb-36ab4939a08a,bda3289e-fa56-487f-ab01-2addfa83b70f,cc6bfe47-d156-5f3c-a0a6-64be53ff1202,2026-27,1,16.76,16.1,16.61,35.81,85.28,A,f
91ee4197-a2fb-c1b0-211d-2fc774974191,bda3289e-fa56-487f-ab01-2addfa83b70f,945cbb28-3a50-5ed1-8e70-c416ee3f92f0,2026-27,1,18.26,18.6,18.01,36.21,91.08,A+,f
a4b10fe0-6516-cf07-7ffc-144ee226318d,bda3289e-fa56-487f-ab01-2addfa83b70f,325f5f11-db40-5f00-816d-d66357e36c70,2026-27,1,17.06,15.2,16.51,33.01,81.78,A,f
1f7c02f2-87ef-0235-e536-4b508f56428d,bda3289e-fa56-487f-ab01-2addfa83b70f,817d9a6f-e405-58f8-991b-373c31bd4e25,2026-27,1,16.96,15.7,18.61,33.41,84.68,A,f
cd81446e-c737-8249-fac6-e3e7d66919f4,6100bd34-64d4-4824-9fc1-d2a28fb1ef85,f8b6ad01-594d-5e52-b325-ed9eb13211e1,2026-27,2,20.0,19.2,19.8,38.0,97.0,A+,f
ced18e54-e7de-b785-1adb-8d17b44335f6,6100bd34-64d4-4824-9fc1-d2a28fb1ef85,f27d152a-f613-51a3-aea8-0506e5d24c3a,2026-27,2,18.3,18.7,18.7,40.0,95.7,A+,f
46573c24-0853-799a-0b1d-c157eef45fad,6100bd34-64d4-4824-9fc1-d2a28fb1ef85,5297007a-130e-5341-af7a-4e9027c2dadf,2026-27,2,18.8,18.6,19.6,36.9,93.9,A+,f
967062a5-d6a5-15de-e4bc-e3d60cbeb35a,6100bd34-64d4-4824-9fc1-d2a28fb1ef85,c8e42f25-4acd-5f8b-8bce-f0cab27cc71f,2026-27,2,20.0,20.0,20.0,38.2,98.2,A+,f
fb0d9ef2-01ed-ea82-a5db-d0db9831efed,6100bd34-64d4-4824-9fc1-d2a28fb1ef85,5ceb5573-0231-5d70-848b-193fcfdb644c,2026-27,2,18.1,20.0,20.0,37.1,95.2,A+,f
f23c7bcc-a03e-2f5b-6c94-357b260d944e,1bb6f043-1c46-4430-890f-7bab8ffbd88f,f8b6ad01-594d-5e52-b325-ed9eb13211e1,2026-27,2,17.67,17.75,19.23,34.76,89.41,A,f
aaba3d02-a51c-8955-b676-57a058110029,1bb6f043-1c46-4430-890f-7bab8ffbd88f,f27d152a-f613-51a3-aea8-0506e5d24c3a,2026-27,2,17.67,19.05,18.73,35.16,90.61,A+,f
7a221d33-7054-6d12-1b5c-d85c738b0219,1bb6f043-1c46-4430-890f-7bab8ffbd88f,5297007a-130e-5341-af7a-4e9027c2dadf,2026-27,2,18.07,18.55,17.93,37.56,92.11,A+,f
b683bc58-8e3d-cd65-8961-61d86f97fccf,1bb6f043-1c46-4430-890f-7bab8ffbd88f,c8e42f25-4acd-5f8b-8bce-f0cab27cc71f,2026-27,2,20.0,16.95,18.03,34.86,89.84,A,f
896c6de1-d4d0-b3c3-3ce3-365d24188b24,1bb6f043-1c46-4430-890f-7bab8ffbd88f,5ceb5573-0231-5d70-848b-193fcfdb644c,2026-27,2,19.47,19.15,18.83,36.26,93.71,A+,f
90db9385-f3d9-6f19-7a0c-563f9e751000,eb92fbf1-8d20-4f42-872a-8aaa1edb0d66,730c5632-33dc-5e69-a798-6135043a47aa,2026-27,4,19.66,19.13,19.28,37.23,95.3,A+,f
c79a059c-1594-fcd4-24b0-78e60671e2da,eb92fbf1-8d20-4f42-872a-8aaa1edb0d66,21e87180-7538-5689-922d-8889674702ed,2026-27,4,17.86,16.53,17.78,36.63,88.8,A,f
6c3f340a-56c3-cb7a-d8cc-c9bf2f6eca03,eb92fbf1-8d20-4f42-872a-8aaa1edb0d66,a71f945b-22bf-5921-85a0-cb1acd7cb2e6,2026-27,4,17.46,17.23,17.28,37.43,89.4,A,f
b0fb5ab6-640d-5341-2576-c9c7eebac10f,eb92fbf1-8d20-4f42-872a-8aaa1edb0d66,859db046-894d-53cc-8cb4-3643d0c7f1fe,2026-27,4,19.76,16.53,19.18,37.63,93.1,A+,f
167752f1-2e8c-825d-4903-b389fa636b02,eb92fbf1-8d20-4f42-872a-8aaa1edb0d66,40d412e8-fc3b-5972-8ff2-90b35de8a2d3,2026-27,4,17.16,18.03,18.78,37.93,91.9,A+,f
587a007d-3898-7679-11ff-c304b45d0e64,bb1407aa-54d3-4443-bcf8-26a6e4b53711,c697ab81-ffed-5fa6-9b51-be0954571d20,2026-27,1,15.29,16.32,18.62,35.5,85.73,A,f
0cb293ca-3cf2-4de5-8035-aa33207a0235,bb1407aa-54d3-4443-bcf8-26a6e4b53711,cc6bfe47-d156-5f3c-a0a6-64be53ff1202,2026-27,1,17.09,14.42,16.42,32.8,80.73,A,f
3fd373e2-5526-0899-70e4-93db850ace9a,bb1407aa-54d3-4443-bcf8-26a6e4b53711,945cbb28-3a50-5ed1-8e70-c416ee3f92f0,2026-27,1,16.29,17.32,15.82,30.9,80.33,A,f
d89cb461-1b0f-f1ad-9fb4-68c26765ef9a,bb1407aa-54d3-4443-bcf8-26a6e4b53711,325f5f11-db40-5f00-816d-d66357e36c70,2026-27,1,17.89,18.42,15.72,35.2,87.23,A,f
2b84cfc9-fa34-af19-da3c-c8447c0aa963,bb1407aa-54d3-4443-bcf8-26a6e4b53711,817d9a6f-e405-58f8-991b-373c31bd4e25,2026-27,1,17.29,15.72,16.72,35.1,84.83,A,f
0edb4f25-fbea-5e8d-9938-cc65ffdf3691,c09b927d-fe3c-4e8d-a157-100cef49d473,730c5632-33dc-5e69-a798-6135043a47aa,2026-27,4,17.32,15.23,14.89,28.14,75.58,B+,f
05458834-62c1-1b9c-6db3-c12e814b5ace,c09b927d-fe3c-4e8d-a157-100cef49d473,21e87180-7538-5689-922d-8889674702ed,2026-27,4,14.42,13.53,15.69,32.64,76.28,B+,f
2ee8b829-ce7c-4bec-70aa-b8b1ac9c62a9,c09b927d-fe3c-4e8d-a157-100cef49d473,a71f945b-22bf-5921-85a0-cb1acd7cb2e6,2026-27,4,17.22,13.93,17.39,33.44,81.98,A,f
0bfc5e50-17e7-9dd2-bfc5-f3cc7367ecf5,c09b927d-fe3c-4e8d-a157-100cef49d473,859db046-894d-53cc-8cb4-3643d0c7f1fe,2026-27,4,14.82,17.13,16.19,29.44,77.58,B+,f
07416522-82fb-09ba-8da9-b6923331b1de,c09b927d-fe3c-4e8d-a157-100cef49d473,40d412e8-fc3b-5972-8ff2-90b35de8a2d3,2026-27,4,15.02,14.93,15.99,30.04,75.98,B+,f
81392712-1b64-e322-d9a1-028c5615f9df,a85f56b6-d3e0-40ad-8013-54d17dd157d8,730c5632-33dc-5e69-a798-6135043a47aa,2026-27,4,20.0,19.8,20.0,36.2,96.0,A+,f
259a1742-cf8f-d6d8-4fa0-9d3bb3f706c4,a85f56b6-d3e0-40ad-8013-54d17dd157d8,21e87180-7538-5689-922d-8889674702ed,2026-27,4,20.0,19.0,20.0,38.6,97.6,A+,f
34a5aff5-262b-b5e1-8337-4c0a041bc822,a85f56b6-d3e0-40ad-8013-54d17dd157d8,a71f945b-22bf-5921-85a0-cb1acd7cb2e6,2026-27,4,18.1,19.6,20.0,40.0,97.7,A+,f
3ac9ff5c-0ee9-11d3-0a62-637fa2c2a3f4,a85f56b6-d3e0-40ad-8013-54d17dd157d8,859db046-894d-53cc-8cb4-3643d0c7f1fe,2026-27,4,18.6,17.7,20.0,36.0,92.3,A+,f
3dafdf04-695d-69c3-34bf-319d7a835443,a85f56b6-d3e0-40ad-8013-54d17dd157d8,40d412e8-fc3b-5972-8ff2-90b35de8a2d3,2026-27,4,20.0,20.0,19.0,38.8,97.8,A+,f
b1cef544-50dc-5efe-2bae-cf892280add9,409cf411-6e95-4cdb-b382-448abd0c129a,c697ab81-ffed-5fa6-9b51-be0954571d20,2026-27,1,18.01,16.47,19.61,36.6,90.69,A+,f
02b00915-0240-63a7-8278-42ae072c1758,409cf411-6e95-4cdb-b382-448abd0c129a,cc6bfe47-d156-5f3c-a0a6-64be53ff1202,2026-27,1,17.91,15.47,18.91,34.8,87.09,A,f
95745c66-92c7-85df-ca4e-7d98b06318e6,409cf411-6e95-4cdb-b382-448abd0c129a,945cbb28-3a50-5ed1-8e70-c416ee3f92f0,2026-27,1,16.81,16.67,17.61,34.4,85.49,A,f
38deacb0-3aea-bf43-8ac3-7dd3fc772984,409cf411-6e95-4cdb-b382-448abd0c129a,325f5f11-db40-5f00-816d-d66357e36c70,2026-27,1,19.01,17.87,17.71,32.9,87.49,A,f
10f8a468-a9b1-4aae-e719-63e3bbcedaf2,409cf411-6e95-4cdb-b382-448abd0c129a,817d9a6f-e405-58f8-991b-373c31bd4e25,2026-27,1,17.61,19.37,17.21,34.5,88.69,A,f
f09e4098-18da-a114-7a6f-56856fd0f742,bef769fe-c1a0-4bf9-aa74-75899f4c4c31,730c5632-33dc-5e69-a798-6135043a47aa,2026-27,4,17.98,18.75,17.91,38.26,92.9,A+,f
2a07511b-5690-1f8b-ab15-bcf3df5e99ac,bef769fe-c1a0-4bf9-aa74-75899f4c4c31,21e87180-7538-5689-922d-8889674702ed,2026-27,4,19.48,17.55,18.11,36.36,91.5,A+,f
766e404a-3531-c4e7-d948-16324051c613,bef769fe-c1a0-4bf9-aa74-75899f4c4c31,a71f945b-22bf-5921-85a0-cb1acd7cb2e6,2026-27,4,17.08,16.45,19.81,38.36,91.7,A+,f
e7b8c8ff-c0d2-2d28-8f96-0bea1a59a6cc,bef769fe-c1a0-4bf9-aa74-75899f4c4c31,859db046-894d-53cc-8cb4-3643d0c7f1fe,2026-27,4,17.18,18.25,18.81,37.66,91.9,A+,f
43d3b8ae-7549-00bc-3b95-4e079e917e11,bef769fe-c1a0-4bf9-aa74-75899f4c4c31,40d412e8-fc3b-5972-8ff2-90b35de8a2d3,2026-27,4,19.38,18.05,19.71,33.46,90.6,A+,f
fa1598cd-044f-5e04-81d2-8dbf46546a64,cbe48a00-dba8-4941-8877-14b9d4018bef,29f10515-0a52-55f4-896b-fa882e11e38e,2026-27,6,15.67,18.11,18.22,32.83,84.83,A,f
d4f35499-2dbc-752d-9837-f1264d46f763,cbe48a00-dba8-4941-8877-14b9d4018bef,2bc3bd90-0760-5d47-9467-5a5992c412e5,2026-27,6,17.17,18.51,17.12,35.03,87.83,A,f
204081e6-9260-1727-51bb-f97849b0ed78,cbe48a00-dba8-4941-8877-14b9d4018bef,d9518e1b-06ba-5f43-b6b9-67d017eaae5d,2026-27,6,18.37,15.61,16.52,30.83,81.33,A,f
509d4d86-b6d4-27fc-a2a5-2bcaf9b94088,cbe48a00-dba8-4941-8877-14b9d4018bef,005078bd-c539-5c44-a631-7e7dd9fb778c,2026-27,6,17.97,15.41,18.82,34.43,86.63,A,f
16febfb0-690a-940b-76ee-aa8a63bf8e9c,cbe48a00-dba8-4941-8877-14b9d4018bef,539f9c66-84f9-5b19-943a-cb15d62bbc33,2026-27,6,16.77,16.11,17.42,31.03,81.33,A,f
8852b892-534d-6c6e-2c64-4c17ddd0b911,51146eb7-964c-49c5-b017-92e613faf320,f8b6ad01-594d-5e52-b325-ed9eb13211e1,2026-27,2,19.4,18.97,19.52,34.28,92.17,A+,f
67de5ae4-895c-c3a1-a6dc-8d96b82139e1,51146eb7-964c-49c5-b017-92e613faf320,f27d152a-f613-51a3-aea8-0506e5d24c3a,2026-27,2,19.6,16.17,19.22,36.58,91.57,A+,f
6f17c6f6-a648-31e4-285a-253648e19c7c,51146eb7-964c-49c5-b017-92e613faf320,5297007a-130e-5341-af7a-4e9027c2dadf,2026-27,2,17.1,16.87,19.62,34.58,88.17,A,f
0d24ab2f-4702-1477-10ef-75e3fc0a260d,51146eb7-964c-49c5-b017-92e613faf320,c8e42f25-4acd-5f8b-8bce-f0cab27cc71f,2026-27,2,17.6,16.67,19.52,33.58,87.37,A,f
bca09d28-126b-9709-56e7-a85256c13b89,51146eb7-964c-49c5-b017-92e613faf320,5ceb5573-0231-5d70-848b-193fcfdb644c,2026-27,2,19.6,16.87,17.22,33.28,86.97,A,f
af4f174a-ace6-697d-7b2e-09e35321fc7c,d689ac4b-bafe-4de3-afc0-e804c2580239,730c5632-33dc-5e69-a798-6135043a47aa,2026-27,4,17.48,15.21,17.0,34.51,84.2,A,f
8a5daa30-6c83-7d51-e8cc-48730dba7415,d689ac4b-bafe-4de3-afc0-e804c2580239,21e87180-7538-5689-922d-8889674702ed,2026-27,4,16.18,17.71,18.0,33.91,85.8,A,f
d39b5f30-ac8b-9ce4-c242-f1dafc8c8e99,d689ac4b-bafe-4de3-afc0-e804c2580239,a71f945b-22bf-5921-85a0-cb1acd7cb2e6,2026-27,4,16.78,16.71,18.0,29.41,80.9,A,f
84c3b862-23d8-565f-f0a4-53c1cc931a5a,d689ac4b-bafe-4de3-afc0-e804c2580239,859db046-894d-53cc-8cb4-3643d0c7f1fe,2026-27,4,16.08,14.31,18.3,33.91,82.6,A,f
2addfc3a-d07d-4b01-02f7-c714b89986ef,d689ac4b-bafe-4de3-afc0-e804c2580239,40d412e8-fc3b-5972-8ff2-90b35de8a2d3,2026-27,4,15.78,14.81,15.3,34.01,79.9,B+,f
a8871f87-e025-29e5-29ea-e5b7f6ea9ab8,ad1cfaf1-754b-48ad-afc9-65092927ffc7,f8b6ad01-594d-5e52-b325-ed9eb13211e1,2026-27,2,17.27,14.29,16.08,29.06,76.7,B+,f
c406f8d3-89fa-dd39-18a8-f5967c2661e3,ad1cfaf1-754b-48ad-afc9-65092927ffc7,f27d152a-f613-51a3-aea8-0506e5d24c3a,2026-27,2,15.37,16.19,16.58,30.36,78.5,B+,f
e3f37076-60df-2365-3788-f15a103e2420,ad1cfaf1-754b-48ad-afc9-65092927ffc7,5297007a-130e-5341-af7a-4e9027c2dadf,2026-27,2,16.77,15.59,17.48,31.26,81.1,A,f
dbe05443-3977-af89-5b55-ff62ce4d46ab,ad1cfaf1-754b-48ad-afc9-65092927ffc7,c8e42f25-4acd-5f8b-8bce-f0cab27cc71f,2026-27,2,16.67,17.19,15.38,30.16,79.4,B+,f
d482b493-088d-477f-c292-fb2ec3a515cc,ad1cfaf1-754b-48ad-afc9-65092927ffc7,5ceb5573-0231-5d70-848b-193fcfdb644c,2026-27,2,15.07,17.19,15.78,33.36,81.4,A,f
b8ef9e1b-e469-4af2-e2d1-e301812e2aa3,c1083a62-3b14-4f0d-8ffd-1c6cbaae1aff,730c5632-33dc-5e69-a798-6135043a47aa,2026-27,4,18.23,18.27,18.37,35.32,90.19,A+,f
5a585d5c-ce59-bff5-cba5-2de1c89a6cba,c1083a62-3b14-4f0d-8ffd-1c6cbaae1aff,21e87180-7538-5689-922d-8889674702ed,2026-27,4,18.13,16.87,18.57,32.72,86.29,A,f
06d3d023-31f7-c4fd-ea77-3958218f87b9,c1083a62-3b14-4f0d-8ffd-1c6cbaae1aff,a71f945b-22bf-5921-85a0-cb1acd7cb2e6,2026-27,4,17.73,18.07,17.17,32.22,85.19,A,f
2c9b8ee4-0b4c-5a85-e5e1-adfe772457a1,c1083a62-3b14-4f0d-8ffd-1c6cbaae1aff,859db046-894d-53cc-8cb4-3643d0c7f1fe,2026-27,4,18.43,16.97,17.07,30.22,82.69,A,f
091c8bf9-e5bb-e70f-4498-9e5e21e38ceb,c1083a62-3b14-4f0d-8ffd-1c6cbaae1aff,40d412e8-fc3b-5972-8ff2-90b35de8a2d3,2026-27,4,17.73,16.37,16.47,32.52,83.09,A,f
f8da4e9f-25ce-86a8-8ebf-8d2da30d384c,f5a9cfac-58d1-4b44-9fe1-0b48e485a3ec,29f10515-0a52-55f4-896b-fa882e11e38e,2026-27,6,17.32,15.14,16.82,33.64,82.92,A,f
88737f40-578c-aa56-3a25-0830626d0413,f5a9cfac-58d1-4b44-9fe1-0b48e485a3ec,2bc3bd90-0760-5d47-9467-5a5992c412e5,2026-27,6,14.82,14.54,15.72,29.04,74.12,B+,f
b88b5d5b-58dd-0c31-13a6-7d86af652845,f5a9cfac-58d1-4b44-9fe1-0b48e485a3ec,d9518e1b-06ba-5f43-b6b9-67d017eaae5d,2026-27,6,17.12,17.24,18.02,30.54,82.92,A,f
97bb8008-61f3-4199-0921-15c1a3c94415,f5a9cfac-58d1-4b44-9fe1-0b48e485a3ec,005078bd-c539-5c44-a631-7e7dd9fb778c,2026-27,6,15.12,15.44,17.32,32.44,80.32,A,f
dde28ab2-8fcd-feab-7e0a-9df79e4d514b,f5a9cfac-58d1-4b44-9fe1-0b48e485a3ec,539f9c66-84f9-5b19-943a-cb15d62bbc33,2026-27,6,17.52,16.74,17.62,32.04,83.92,A,f
0de9cabe-466c-69ec-e693-b5425e6fe246,4fc2d90d-1585-4489-9ff9-6efd2aa92b0e,730c5632-33dc-5e69-a798-6135043a47aa,2026-27,4,17.16,16.91,17.22,32.14,83.43,A,f
5077260b-3a95-07d8-2f81-fe660f62adf7,4fc2d90d-1585-4489-9ff9-6efd2aa92b0e,21e87180-7538-5689-922d-8889674702ed,2026-27,4,16.96,15.11,16.02,35.74,83.83,A,f
ea194851-ac5d-6e7c-5cae-5258239d3432,4fc2d90d-1585-4489-9ff9-6efd2aa92b0e,a71f945b-22bf-5921-85a0-cb1acd7cb2e6,2026-27,4,18.46,15.01,18.32,34.64,86.43,A,f
893dbc05-0142-4f51-effd-adf0890f1aa3,4fc2d90d-1585-4489-9ff9-6efd2aa92b0e,859db046-894d-53cc-8cb4-3643d0c7f1fe,2026-27,4,16.56,18.41,18.12,30.84,83.93,A,f
39604f7f-deb9-3168-81a7-f80bec5c6a32,4fc2d90d-1585-4489-9ff9-6efd2aa92b0e,40d412e8-fc3b-5972-8ff2-90b35de8a2d3,2026-27,4,18.56,18.81,18.52,33.74,89.63,A,f
879dafbf-5f90-c406-1cc2-0b75fecad519,fb2c6ae3-df5b-4ce9-aebf-5328b0399ab1,c697ab81-ffed-5fa6-9b51-be0954571d20,2026-27,1,19.14,18.1,19.13,36.32,92.69,A+,f
cb69965d-83e3-8c38-d17e-d6b88679fd5b,fb2c6ae3-df5b-4ce9-aebf-5328b0399ab1,cc6bfe47-d156-5f3c-a0a6-64be53ff1202,2026-27,1,18.34,15.3,17.03,36.12,86.79,A,f
737f3b1a-0f90-76fb-1393-79274a292aba,fb2c6ae3-df5b-4ce9-aebf-5328b0399ab1,945cbb28-3a50-5ed1-8e70-c416ee3f92f0,2026-27,1,18.04,18.0,17.93,34.62,88.59,A,f
6b5f6b8f-e423-219f-429b-ea9861e14aae,fb2c6ae3-df5b-4ce9-aebf-5328b0399ab1,325f5f11-db40-5f00-816d-d66357e36c70,2026-27,1,17.94,16.0,18.73,33.02,85.69,A,f
e51663d9-f996-baf3-2352-fef40c01af2a,fb2c6ae3-df5b-4ce9-aebf-5328b0399ab1,817d9a6f-e405-58f8-991b-373c31bd4e25,2026-27,1,18.94,17.2,16.63,34.22,86.99,A,f
be86fd4b-d46a-b763-0749-803494bdef82,6acff061-b26f-4ed0-b643-7e8744c10050,730c5632-33dc-5e69-a798-6135043a47aa,2026-27,4,15.72,14.95,17.15,34.99,82.81,A,f
25e50ef5-63fa-1d64-5064-370295491b23,6acff061-b26f-4ed0-b643-7e8744c10050,21e87180-7538-5689-922d-8889674702ed,2026-27,4,15.92,17.55,16.15,31.59,81.21,A,f
982ff4a4-875a-8b15-5de5-d4bf7b3645f5,6acff061-b26f-4ed0-b643-7e8744c10050,a71f945b-22bf-5921-85a0-cb1acd7cb2e6,2026-27,4,15.52,18.35,17.05,32.69,83.61,A,f
3a5b57dc-faad-9684-968a-c4e309829d6e,6acff061-b26f-4ed0-b643-7e8744c10050,859db046-894d-53cc-8cb4-3643d0c7f1fe,2026-27,4,15.62,18.35,17.25,33.69,84.91,A,f
e70a5ffc-0322-b17e-7aad-623708d4b170,6acff061-b26f-4ed0-b643-7e8744c10050,40d412e8-fc3b-5972-8ff2-90b35de8a2d3,2026-27,4,17.82,15.45,17.25,31.19,81.71,A,f
4f20242f-b0a7-a926-f57f-a28eb9095692,2de02bf8-dad6-4d6d-b1b4-371757677280,c697ab81-ffed-5fa6-9b51-be0954571d20,2026-27,1,17.46,15.69,18.2,30.76,82.11,A,f
42fd9b80-fbc0-fc6e-f7d1-64b68a384438,2de02bf8-dad6-4d6d-b1b4-371757677280,cc6bfe47-d156-5f3c-a0a6-64be53ff1202,2026-27,1,15.56,16.59,18.7,35.06,85.91,A,f
271687d3-a2bf-c8f0-b391-f083e49d4a95,2de02bf8-dad6-4d6d-b1b4-371757677280,945cbb28-3a50-5ed1-8e70-c416ee3f92f0,2026-27,1,15.56,18.49,17.6,33.46,85.11,A,f
fe064a36-ded0-96ed-c21c-df4c507ba5d9,2de02bf8-dad6-4d6d-b1b4-371757677280,325f5f11-db40-5f00-816d-d66357e36c70,2026-27,1,16.06,18.49,17.3,35.56,87.41,A,f
85100604-98aa-34f9-02ef-a2ee8b646b0d,2de02bf8-dad6-4d6d-b1b4-371757677280,817d9a6f-e405-58f8-991b-373c31bd4e25,2026-27,1,15.96,15.49,16.8,30.56,78.81,B+,f
448dca80-cd87-e6e3-ea9c-a249dd624070,53e1e785-d6ed-4904-a0a3-d5d5fbef2753,c697ab81-ffed-5fa6-9b51-be0954571d20,2026-27,1,15.53,14.54,14.5,32.82,77.39,B+,f
d68db6e6-b6ed-36eb-2c9a-8f6e4692c0be,53e1e785-d6ed-4904-a0a3-d5d5fbef2753,cc6bfe47-d156-5f3c-a0a6-64be53ff1202,2026-27,1,16.53,17.24,17.3,29.42,80.49,A,f
861dd70e-d5f4-b236-486a-9247fe2d3b7d,53e1e785-d6ed-4904-a0a3-d5d5fbef2753,945cbb28-3a50-5ed1-8e70-c416ee3f92f0,2026-27,1,16.13,14.64,16.1,29.32,76.19,B+,f
9549ad5e-9937-da74-8263-be9dfb5c4fef,53e1e785-d6ed-4904-a0a3-d5d5fbef2753,325f5f11-db40-5f00-816d-d66357e36c70,2026-27,1,15.43,14.54,14.9,31.92,76.79,B+,f
78a12e1a-5a78-fc89-0f25-3bb5fbf7bc43,53e1e785-d6ed-4904-a0a3-d5d5fbef2753,817d9a6f-e405-58f8-991b-373c31bd4e25,2026-27,1,14.73,14.04,16.3,31.32,76.39,B+,f
2366ae32-77e5-0458-5eb5-7f97fd2a4b8a,95a87c74-750e-4a67-a9cd-e11e462e8260,730c5632-33dc-5e69-a798-6135043a47aa,2026-27,4,18.76,18.01,17.13,33.59,87.49,A,f
bbec37eb-80f2-40a6-9f36-77acf6f414a3,95a87c74-750e-4a67-a9cd-e11e462e8260,21e87180-7538-5689-922d-8889674702ed,2026-27,4,16.76,17.01,16.53,32.79,83.09,A,f
4f1f2132-178d-1db0-1f9e-7822a05d7bf0,95a87c74-750e-4a67-a9cd-e11e462e8260,a71f945b-22bf-5921-85a0-cb1acd7cb2e6,2026-27,4,16.86,16.61,19.13,35.39,87.99,A,f
c63b4a82-b264-c219-1315-d399a4ded57c,95a87c74-750e-4a67-a9cd-e11e462e8260,859db046-894d-53cc-8cb4-3643d0c7f1fe,2026-27,4,16.56,15.31,16.43,32.59,80.89,A,f
4e364e1d-6864-649a-3874-a60f2829454c,95a87c74-750e-4a67-a9cd-e11e462e8260,40d412e8-fc3b-5972-8ff2-90b35de8a2d3,2026-27,4,16.06,17.11,16.83,34.89,84.89,A,f
93952ed3-97b6-b6f0-0432-ba27235a1e76,2fb2c8b1-e864-4ab0-9271-1d083fe14749,f8b6ad01-594d-5e52-b325-ed9eb13211e1,2026-27,2,17.38,16.53,17.76,35.08,86.75,A,f
bbc3fa40-40b7-f31d-b828-8dee837d914d,2fb2c8b1-e864-4ab0-9271-1d083fe14749,f27d152a-f613-51a3-aea8-0506e5d24c3a,2026-27,2,18.68,19.13,18.36,34.38,90.55,A+,f
c4607edc-e9a0-f2c1-c086-dc78c120dffb,2fb2c8b1-e864-4ab0-9271-1d083fe14749,5297007a-130e-5341-af7a-4e9027c2dadf,2026-27,2,16.38,17.93,18.66,36.28,89.25,A,f
49fc4b86-2e28-705f-3982-0b0d7de07823,2fb2c8b1-e864-4ab0-9271-1d083fe14749,c8e42f25-4acd-5f8b-8bce-f0cab27cc71f,2026-27,2,18.88,18.13,17.16,36.88,91.05,A+,f
1011b676-01cc-2b92-99ed-04df64852eb9,2fb2c8b1-e864-4ab0-9271-1d083fe14749,5ceb5573-0231-5d70-848b-193fcfdb644c,2026-27,2,18.58,16.23,17.16,37.68,89.65,A,f
b283e118-feed-4790-b817-8594915da313,fabd70fc-d6f2-4cc4-b34c-1379e85b960a,c697ab81-ffed-5fa6-9b51-be0954571d20,2026-27,1,16.64,15.88,18.29,35.39,86.2,A,f
de7e8d6d-c226-e964-32e8-c33ea1ba1a05,fabd70fc-d6f2-4cc4-b34c-1379e85b960a,cc6bfe47-d156-5f3c-a0a6-64be53ff1202,2026-27,1,17.54,15.88,17.09,33.19,83.7,A,f
a7099067-aa26-0375-a8dd-2482c1317bc7,fabd70fc-d6f2-4cc4-b34c-1379e85b960a,945cbb28-3a50-5ed1-8e70-c416ee3f92f0,2026-27,1,17.34,16.68,17.29,36.49,87.8,A,f
82d46c57-d464-6d34-a391-c8eb8c9e913b,fabd70fc-d6f2-4cc4-b34c-1379e85b960a,325f5f11-db40-5f00-816d-d66357e36c70,2026-27,1,16.54,16.58,16.59,34.89,84.6,A,f
1c5a75c5-34eb-7fce-33d9-c09a3d72e14e,fabd70fc-d6f2-4cc4-b34c-1379e85b960a,817d9a6f-e405-58f8-991b-373c31bd4e25,2026-27,1,16.64,14.98,15.99,35.99,83.6,A,f
7c204f54-f61a-3d05-13ad-eac95b7792b1,6b8a2c7d-2352-4224-b0d2-449f0997b999,730c5632-33dc-5e69-a798-6135043a47aa,2026-27,4,17.89,15.55,16.89,34.58,84.91,A,f
10fcb928-f95d-6d33-737a-06304a343b45,6b8a2c7d-2352-4224-b0d2-449f0997b999,21e87180-7538-5689-922d-8889674702ed,2026-27,4,17.79,17.45,18.09,35.38,88.71,A,f
0aad4a97-bc02-4d32-762e-190bb9759bb0,6b8a2c7d-2352-4224-b0d2-449f0997b999,a71f945b-22bf-5921-85a0-cb1acd7cb2e6,2026-27,4,19.19,15.55,19.69,36.48,90.91,A+,f
7c592857-e23a-dd29-c765-4564d5de4b13,6b8a2c7d-2352-4224-b0d2-449f0997b999,859db046-894d-53cc-8cb4-3643d0c7f1fe,2026-27,4,16.59,16.45,17.69,34.68,85.41,A,f
f51337fc-1ed6-2f75-2dfa-0d1f729defd3,6b8a2c7d-2352-4224-b0d2-449f0997b999,40d412e8-fc3b-5972-8ff2-90b35de8a2d3,2026-27,4,17.69,16.75,18.19,38.28,90.91,A+,f
08478715-4683-747c-4fec-6e10ad3e6eb7,3429e66c-34c4-4c6d-880e-b1533d5cc61d,730c5632-33dc-5e69-a798-6135043a47aa,2026-27,4,17.66,15.69,18.6,32.56,84.51,A,f
c85a3048-8f4e-28bf-11c1-44a4e77235eb,3429e66c-34c4-4c6d-880e-b1533d5cc61d,21e87180-7538-5689-922d-8889674702ed,2026-27,4,17.26,14.89,17.4,33.86,83.41,A,f
e5149b5b-6862-d6c6-2673-27e3faccc28d,3429e66c-34c4-4c6d-880e-b1533d5cc61d,a71f945b-22bf-5921-85a0-cb1acd7cb2e6,2026-27,4,18.16,15.99,17.8,30.06,82.01,A,f
06303b5f-9c9d-d9a4-c3eb-c322dc4368ad,3429e66c-34c4-4c6d-880e-b1533d5cc61d,859db046-894d-53cc-8cb4-3643d0c7f1fe,2026-27,4,15.96,15.99,17.9,30.36,80.21,A,f
f0548618-0203-0a5c-eec0-238a153bb033,3429e66c-34c4-4c6d-880e-b1533d5cc61d,40d412e8-fc3b-5972-8ff2-90b35de8a2d3,2026-27,4,16.36,15.09,16.7,35.56,83.71,A,f
d3503d0f-f629-3681-bf2e-a8201133a447,2d35b1f4-f239-4d0a-8fe2-6dbd3991554c,29f10515-0a52-55f4-896b-fa882e11e38e,2026-27,6,17.95,18.71,16.85,32.79,86.3,A,f
7fa5b325-1795-8a80-a733-969b13f41649,2d35b1f4-f239-4d0a-8fe2-6dbd3991554c,2bc3bd90-0760-5d47-9467-5a5992c412e5,2026-27,6,18.95,19.51,18.45,32.49,89.4,A,f
b0d3bea1-a12f-a15f-e071-8a9867a82e69,2d35b1f4-f239-4d0a-8fe2-6dbd3991554c,d9518e1b-06ba-5f43-b6b9-67d017eaae5d,2026-27,6,18.45,17.81,17.75,32.89,86.9,A,f
d577b102-4626-c1e3-ece3-b8b01cce8efe,2d35b1f4-f239-4d0a-8fe2-6dbd3991554c,005078bd-c539-5c44-a631-7e7dd9fb778c,2026-27,6,17.85,17.01,18.45,35.49,88.8,A,f
ba30cc53-6930-b5a7-2c0a-cebfe9934dc7,2d35b1f4-f239-4d0a-8fe2-6dbd3991554c,539f9c66-84f9-5b19-943a-cb15d62bbc33,2026-27,6,17.85,19.41,18.05,37.19,92.5,A+,f
47c430aa-707a-3933-f69d-cf5cb5bd8ba2,121dad7f-adcb-4cfa-98b0-086aeca4ac60,29f10515-0a52-55f4-896b-fa882e11e38e,2026-27,6,18.49,15.64,18.26,31.55,83.94,A,f
5ba125b0-daa0-e7b4-f33e-1584b5e5dca6,121dad7f-adcb-4cfa-98b0-086aeca4ac60,2bc3bd90-0760-5d47-9467-5a5992c412e5,2026-27,6,16.89,16.04,18.86,36.25,88.04,A,f
e747e568-454b-7412-e5ed-14f9e5b2bb1e,121dad7f-adcb-4cfa-98b0-086aeca4ac60,d9518e1b-06ba-5f43-b6b9-67d017eaae5d,2026-27,6,17.19,15.64,18.06,37.15,88.04,A,f
6f64ca65-f356-1d21-4693-6b8b21846a6b,121dad7f-adcb-4cfa-98b0-086aeca4ac60,005078bd-c539-5c44-a631-7e7dd9fb778c,2026-27,6,17.59,17.04,18.76,33.75,87.14,A,f
64ed416c-9f6b-59c1-cb91-6c9461b0bfe9,121dad7f-adcb-4cfa-98b0-086aeca4ac60,539f9c66-84f9-5b19-943a-cb15d62bbc33,2026-27,6,18.19,17.24,17.56,32.35,85.34,A,f
ee0a9f23-11f8-1fa6-46ad-e35ba8ec14b0,2627b2fe-5f07-4dc4-9587-597de2848dc9,c697ab81-ffed-5fa6-9b51-be0954571d20,2026-27,1,16.43,15.36,16.95,30.82,79.56,B+,f
da653889-7ac8-8696-6fe2-4cffac4efd98,2627b2fe-5f07-4dc4-9587-597de2848dc9,cc6bfe47-d156-5f3c-a0a6-64be53ff1202,2026-27,1,17.23,14.26,17.15,33.12,81.76,A,f
d2b37449-83f9-28b9-d3f9-32e28405c7cb,2627b2fe-5f07-4dc4-9587-597de2848dc9,945cbb28-3a50-5ed1-8e70-c416ee3f92f0,2026-27,1,15.63,14.56,16.45,34.32,80.96,A,f
e202dd65-fa74-fd3f-cefc-60e3b015800d,2627b2fe-5f07-4dc4-9587-597de2848dc9,325f5f11-db40-5f00-816d-d66357e36c70,2026-27,1,16.93,16.56,16.45,31.02,80.96,A,f
44d38619-4e16-c2af-a5c5-15e09276b964,2627b2fe-5f07-4dc4-9587-597de2848dc9,817d9a6f-e405-58f8-991b-373c31bd4e25,2026-27,1,17.43,18.16,18.25,34.92,88.76,A,f
06f5d5be-7c2e-c7d1-6cde-69a1d0aeff52,0c7864f5-f70a-4ef4-9532-68be5cec2413,730c5632-33dc-5e69-a798-6135043a47aa,2026-27,4,15.34,18.17,17.97,33.09,84.57,A,f
36716692-5586-7e86-71d3-e6cde332a28e,0c7864f5-f70a-4ef4-9532-68be5cec2413,21e87180-7538-5689-922d-8889674702ed,2026-27,4,17.84,15.77,16.97,35.79,86.37,A,f
c2b34c40-4477-c9e6-766a-5c8ee7835a37,0c7864f5-f70a-4ef4-9532-68be5cec2413,a71f945b-22bf-5921-85a0-cb1acd7cb2e6,2026-27,4,16.64,16.27,18.37,33.69,84.97,A,f
6239821f-35ba-bb3c-cba3-cb251216143f,0c7864f5-f70a-4ef4-9532-68be5cec2413,859db046-894d-53cc-8cb4-3643d0c7f1fe,2026-27,4,16.04,16.97,16.97,29.99,79.97,B+,f
30907250-5882-379e-d122-7ac1db09d4ac,0c7864f5-f70a-4ef4-9532-68be5cec2413,40d412e8-fc3b-5972-8ff2-90b35de8a2d3,2026-27,4,16.14,15.37,15.67,34.39,81.57,A,f
186869f0-dfbb-c2f1-ee2b-5dcf83122cef,06d36a42-a4bb-4852-8940-4dcf346b5523,730c5632-33dc-5e69-a798-6135043a47aa,2026-27,4,17.17,16.51,18.71,33.61,86.0,A,f
42875f40-0bde-03f0-b13d-ef5f221f4cb5,06d36a42-a4bb-4852-8940-4dcf346b5523,21e87180-7538-5689-922d-8889674702ed,2026-27,4,18.27,15.21,15.81,30.51,79.8,B+,f
3de44517-5f69-986f-dcda-ff951678a3c9,06d36a42-a4bb-4852-8940-4dcf346b5523,a71f945b-22bf-5921-85a0-cb1acd7cb2e6,2026-27,4,18.47,16.61,16.21,34.61,85.9,A,f
8c61f03a-887d-5db2-796c-75352f03c589,06d36a42-a4bb-4852-8940-4dcf346b5523,859db046-894d-53cc-8cb4-3643d0c7f1fe,2026-27,4,18.17,18.61,18.51,32.71,88.0,A,f
935835f5-801e-6c7b-08cd-1faa99950cd8,06d36a42-a4bb-4852-8940-4dcf346b5523,40d412e8-fc3b-5972-8ff2-90b35de8a2d3,2026-27,4,15.47,18.31,16.01,35.51,85.3,A,f
85493ec3-e9fb-c32c-c8aa-baa47a306e3a,e5daf360-227b-4498-8be4-f6377838e453,c697ab81-ffed-5fa6-9b51-be0954571d20,2026-27,1,16.96,18.53,19.88,38.81,94.18,A+,f
9a95e47d-7de8-6e83-224b-bb28c37ff0bc,e5daf360-227b-4498-8be4-f6377838e453,cc6bfe47-d156-5f3c-a0a6-64be53ff1202,2026-27,1,16.96,18.33,18.48,35.61,89.38,A,f
042820bc-da2d-df73-aa86-e66075bb1bbf,e5daf360-227b-4498-8be4-f6377838e453,945cbb28-3a50-5ed1-8e70-c416ee3f92f0,2026-27,1,17.06,19.43,18.78,37.51,92.78,A+,f
6daf36c9-747e-1e6c-7ccd-e6dee98dde4a,e5daf360-227b-4498-8be4-f6377838e453,325f5f11-db40-5f00-816d-d66357e36c70,2026-27,1,17.86,17.03,20.0,37.71,92.6,A+,f
157d1ebd-402b-4c6f-aeca-967bef2e4c86,e5daf360-227b-4498-8be4-f6377838e453,817d9a6f-e405-58f8-991b-373c31bd4e25,2026-27,1,17.46,16.13,18.18,35.51,87.28,A,f
81f347d0-2378-c956-1c39-3189f51e443b,e7f7794c-9349-46fb-90c4-5d880bce28e9,29f10515-0a52-55f4-896b-fa882e11e38e,2026-27,6,16.42,17.97,19.1,37.37,90.86,A+,f
131b4df5-652c-33cb-624c-a45462116a1d,e7f7794c-9349-46fb-90c4-5d880bce28e9,2bc3bd90-0760-5d47-9467-5a5992c412e5,2026-27,6,19.02,16.97,18.6,37.07,91.66,A+,f
34cd9e1c-c8a0-ad62-f8cc-e1ea809eb3ba,e7f7794c-9349-46fb-90c4-5d880bce28e9,d9518e1b-06ba-5f43-b6b9-67d017eaae5d,2026-27,6,16.22,16.47,18.3,37.57,88.56,A,f
447d7445-27a7-96fe-a1e6-3d3ef1b878d5,e7f7794c-9349-46fb-90c4-5d880bce28e9,005078bd-c539-5c44-a631-7e7dd9fb778c,2026-27,6,18.82,17.67,19.0,32.97,88.46,A,f
07db1286-7c31-c81c-d31a-197e37e49ad0,e7f7794c-9349-46fb-90c4-5d880bce28e9,539f9c66-84f9-5b19-943a-cb15d62bbc33,2026-27,6,17.02,18.47,19.4,37.77,92.66,A+,f
cb655a3e-7201-e6bc-4ca0-ee08875bfcae,ca0d8d1c-f746-4896-a363-530b495079f0,c697ab81-ffed-5fa6-9b51-be0954571d20,2026-27,1,17.49,15.22,18.3,32.23,83.24,A,f
39953fea-ac96-c6ce-a375-be83a41e29f7,ca0d8d1c-f746-4896-a363-530b495079f0,cc6bfe47-d156-5f3c-a0a6-64be53ff1202,2026-27,1,17.69,17.52,15.6,34.93,85.74,A,f
9071be97-f031-0252-ca35-8be2b22894f2,ca0d8d1c-f746-4896-a363-530b495079f0,945cbb28-3a50-5ed1-8e70-c416ee3f92f0,2026-27,1,17.39,14.22,18.2,32.13,81.94,A,f
d1e9a286-1f89-dcef-e3db-4784eb121d3d,ca0d8d1c-f746-4896-a363-530b495079f0,325f5f11-db40-5f00-816d-d66357e36c70,2026-27,1,15.19,15.42,16.8,31.33,78.74,B+,f
85943be4-6627-4838-b880-d3da5d1f368c,ca0d8d1c-f746-4896-a363-530b495079f0,817d9a6f-e405-58f8-991b-373c31bd4e25,2026-27,1,15.09,16.32,18.0,33.53,82.94,A,f
c0d2c7ac-3235-4dc4-4695-c3fdc49d6662,eee4b532-e095-4ce8-b5bc-7563e68b3e43,f8b6ad01-594d-5e52-b325-ed9eb13211e1,2026-27,2,19.37,20.0,20.0,39.66,99.03,A+,f
6fe6d4c5-3f21-c68d-0c0f-0f133f7eef39,eee4b532-e095-4ce8-b5bc-7563e68b3e43,f27d152a-f613-51a3-aea8-0506e5d24c3a,2026-27,2,17.87,18.56,19.35,37.96,93.74,A+,f
ce30283a-7e6a-c388-a3eb-4a19a974654a,eee4b532-e095-4ce8-b5bc-7563e68b3e43,5297007a-130e-5341-af7a-4e9027c2dadf,2026-27,2,20.0,17.46,19.25,35.86,92.57,A+,f
8296c88c-3429-9db7-08e7-19c54c13d664,eee4b532-e095-4ce8-b5bc-7563e68b3e43,c8e42f25-4acd-5f8b-8bce-f0cab27cc71f,2026-27,2,18.77,19.76,19.65,40.0,98.18,A+,f
20ce54af-249e-a1f5-ae43-678bf4757b07,eee4b532-e095-4ce8-b5bc-7563e68b3e43,5ceb5573-0231-5d70-848b-193fcfdb644c,2026-27,2,19.17,19.76,19.35,36.06,94.34,A+,f
13db46d1-dd1c-e2cb-1dc5-994e5ef495f4,6078c613-ddd0-4405-ada8-7d19958af0ce,730c5632-33dc-5e69-a798-6135043a47aa,2026-27,4,17.74,16.99,17.53,33.46,85.72,A,f
93ba6032-a605-6c03-b647-0a01c3d05f1e,6078c613-ddd0-4405-ada8-7d19958af0ce,21e87180-7538-5689-922d-8889674702ed,2026-27,4,18.44,16.99,19.73,38.26,93.42,A+,f
4fc0144a-0236-990e-2973-09ec10a37261,6078c613-ddd0-4405-ada8-7d19958af0ce,a71f945b-22bf-5921-85a0-cb1acd7cb2e6,2026-27,4,16.34,18.39,19.43,33.36,87.52,A,f
20085729-8a91-ed51-489d-09d20af70332,6078c613-ddd0-4405-ada8-7d19958af0ce,859db046-894d-53cc-8cb4-3643d0c7f1fe,2026-27,4,16.34,16.49,17.63,36.86,87.32,A,f
84b889b9-d86a-672e-dc8f-3ac216d5560c,6078c613-ddd0-4405-ada8-7d19958af0ce,40d412e8-fc3b-5972-8ff2-90b35de8a2d3,2026-27,4,17.94,19.09,16.93,32.66,86.62,A,f
8762fd0f-5953-2b2b-462e-eb66892b43ca,feb55156-cb88-4ab3-b9f6-de2ba4ee6975,730c5632-33dc-5e69-a798-6135043a47aa,2026-27,4,18.41,16.67,19.52,33.07,87.67,A,f
88beae5a-4647-f4c5-40ab-e65ee8a43914,feb55156-cb88-4ab3-b9f6-de2ba4ee6975,21e87180-7538-5689-922d-8889674702ed,2026-27,4,17.21,15.77,17.42,37.57,87.97,A,f
4e2a2eb8-5bdc-5991-b1ed-520f57c92524,feb55156-cb88-4ab3-b9f6-de2ba4ee6975,a71f945b-22bf-5921-85a0-cb1acd7cb2e6,2026-27,4,17.61,19.57,17.02,35.37,89.57,A,f
02c9e9c5-fb04-9ee1-86d2-2c8e57c741d0,feb55156-cb88-4ab3-b9f6-de2ba4ee6975,859db046-894d-53cc-8cb4-3643d0c7f1fe,2026-27,4,18.71,16.77,19.22,34.37,89.07,A,f
86f21c12-daab-f054-bf92-3409b855d0cf,feb55156-cb88-4ab3-b9f6-de2ba4ee6975,40d412e8-fc3b-5972-8ff2-90b35de8a2d3,2026-27,4,17.31,17.87,18.32,35.07,88.57,A,f
fd128d52-8502-7f26-22a8-713eff156c9c,ca34d703-c5f0-40d3-b570-d57728c74960,c697ab81-ffed-5fa6-9b51-be0954571d20,2026-27,1,17.01,17.15,16.76,33.52,84.44,A,f
921b7de1-781c-3a0c-cf93-c339d5ed384d,ca34d703-c5f0-40d3-b570-d57728c74960,cc6bfe47-d156-5f3c-a0a6-64be53ff1202,2026-27,1,17.31,18.15,18.56,34.22,88.24,A,f
b0b03aff-de8f-736b-e436-b858517a73ce,ca34d703-c5f0-40d3-b570-d57728c74960,945cbb28-3a50-5ed1-8e70-c416ee3f92f0,2026-27,1,16.81,16.65,17.06,32.82,83.34,A,f
e1514021-5e28-1d59-9325-183dc4f7bed5,ca34d703-c5f0-40d3-b570-d57728c74960,325f5f11-db40-5f00-816d-d66357e36c70,2026-27,1,18.31,17.95,16.66,35.52,88.44,A,f
93f4d3d0-0a25-4a2b-0f3f-c0fc67de47fa,ca34d703-c5f0-40d3-b570-d57728c74960,817d9a6f-e405-58f8-991b-373c31bd4e25,2026-27,1,18.31,15.85,16.76,32.12,83.04,A,f
ed3d350b-aab7-8105-9e85-323200234833,4e031b12-b862-41df-8fb6-89dc46a11145,29f10515-0a52-55f4-896b-fa882e11e38e,2026-27,6,19.18,16.04,17.07,33.61,85.9,A,f
46c19b8c-c885-c83d-2d4f-be993d432b6d,4e031b12-b862-41df-8fb6-89dc46a11145,2bc3bd90-0760-5d47-9467-5a5992c412e5,2026-27,6,16.88,17.14,17.47,36.01,87.5,A,f
f99e77f8-947d-36b9-233e-737eba068bc1,4e031b12-b862-41df-8fb6-89dc46a11145,d9518e1b-06ba-5f43-b6b9-67d017eaae5d,2026-27,6,16.28,15.64,17.27,33.81,83.0,A,f
7988dd8d-75ed-2188-d5f2-0fc59be39609,4e031b12-b862-41df-8fb6-89dc46a11145,005078bd-c539-5c44-a631-7e7dd9fb778c,2026-27,6,16.98,16.34,17.57,36.71,87.6,A,f
6058ef07-2ff5-0716-c1b3-3f885f573a6c,4e031b12-b862-41df-8fb6-89dc46a11145,539f9c66-84f9-5b19-943a-cb15d62bbc33,2026-27,6,19.18,15.34,16.97,37.01,88.5,A,f
8772715c-cee8-1fa0-6074-a8daf55382f0,511dc1d1-cdaa-440c-9440-19f6e47c84c0,29f10515-0a52-55f4-896b-fa882e11e38e,2026-27,6,19.02,18.79,17.14,34.72,89.67,A,f
620a7207-f42b-cc80-0c5f-3cde00fc0d14,511dc1d1-cdaa-440c-9440-19f6e47c84c0,2bc3bd90-0760-5d47-9467-5a5992c412e5,2026-27,6,17.02,16.69,17.94,38.92,90.57,A+,f
7f422685-01f4-dc92-2bc1-c3fe277e62bf,511dc1d1-cdaa-440c-9440-19f6e47c84c0,d9518e1b-06ba-5f43-b6b9-67d017eaae5d,2026-27,6,17.92,16.09,18.44,37.72,90.17,A+,f
819655d0-73bc-aede-8d6d-9014aade11e2,511dc1d1-cdaa-440c-9440-19f6e47c84c0,005078bd-c539-5c44-a631-7e7dd9fb778c,2026-27,6,19.42,17.09,17.24,36.92,90.67,A+,f
fa15af03-b9ba-e615-ca81-99670c997cdb,511dc1d1-cdaa-440c-9440-19f6e47c84c0,539f9c66-84f9-5b19-943a-cb15d62bbc33,2026-27,6,16.82,18.79,17.34,35.62,88.57,A,f
598b63c7-a6dd-09eb-76d6-057daa6c5a49,0c68f883-aefd-437b-a79c-b3228e962429,f8b6ad01-594d-5e52-b325-ed9eb13211e1,2026-27,2,16.14,16.56,16.64,32.87,82.21,A,f
e6483c30-9405-0666-56ad-33ca341004fe,0c68f883-aefd-437b-a79c-b3228e962429,f27d152a-f613-51a3-aea8-0506e5d24c3a,2026-27,2,17.64,17.16,17.64,33.27,85.71,A,f
fa09e100-2c25-3b76-6b99-048d2ad1f9bd,0c68f883-aefd-437b-a79c-b3228e962429,5297007a-130e-5341-af7a-4e9027c2dadf,2026-27,2,17.14,16.36,17.44,33.67,84.61,A,f
a9e8a53b-c094-9cbd-d3ae-b132e2cfe721,0c68f883-aefd-437b-a79c-b3228e962429,c8e42f25-4acd-5f8b-8bce-f0cab27cc71f,2026-27,2,16.04,15.66,16.14,30.77,78.61,B+,f
a92a63c4-c169-1ba9-50aa-adef8868e96d,0c68f883-aefd-437b-a79c-b3228e962429,5ceb5573-0231-5d70-848b-193fcfdb644c,2026-27,2,17.64,14.16,15.74,31.17,78.71,B+,f
e90b2a09-c013-29d9-16b7-b1b242d76e55,6ff4f702-9890-4b07-8aad-27a23d83a88b,c697ab81-ffed-5fa6-9b51-be0954571d20,2026-27,1,17.26,19.73,18.48,37.01,92.48,A+,f
580bb515-aa15-c450-d9cc-50e11655e27c,6ff4f702-9890-4b07-8aad-27a23d83a88b,cc6bfe47-d156-5f3c-a0a6-64be53ff1202,2026-27,1,19.26,18.53,17.78,35.71,91.28,A+,f
96f283e1-1653-e90f-ca71-76439d86f298,6ff4f702-9890-4b07-8aad-27a23d83a88b,945cbb28-3a50-5ed1-8e70-c416ee3f92f0,2026-27,1,17.46,16.63,17.98,38.01,90.08,A+,f
3196232c-7549-b3d8-d2d3-749f045ea511,6ff4f702-9890-4b07-8aad-27a23d83a88b,325f5f11-db40-5f00-816d-d66357e36c70,2026-27,1,19.26,16.13,18.58,36.11,90.08,A+,f
922659c1-b2f6-be22-e3ad-c771499cc500,6ff4f702-9890-4b07-8aad-27a23d83a88b,817d9a6f-e405-58f8-991b-373c31bd4e25,2026-27,1,19.56,16.63,18.48,37.91,92.58,A+,f
719f674e-d5f1-9b07-ccb5-1daa0282c359,9e1d912d-ca84-4fde-a46d-a190e20223b8,730c5632-33dc-5e69-a798-6135043a47aa,2026-27,4,17.32,18.15,16.75,31.07,83.29,A,f
93d9fcc8-805b-c1b9-5f5f-7fc45108674a,9e1d912d-ca84-4fde-a46d-a190e20223b8,21e87180-7538-5689-922d-8889674702ed,2026-27,4,15.92,16.85,15.95,33.67,82.39,A,f
796b5836-8ecc-9267-5733-8fca2092255d,9e1d912d-ca84-4fde-a46d-a190e20223b8,a71f945b-22bf-5921-85a0-cb1acd7cb2e6,2026-27,4,16.92,15.55,18.45,35.47,86.39,A,f
97defcfd-eb0c-6b95-f366-61d48d1adb09,9e1d912d-ca84-4fde-a46d-a190e20223b8,859db046-894d-53cc-8cb4-3643d0c7f1fe,2026-27,4,15.92,15.15,17.95,31.97,80.99,A,f
ae8ac732-f6a3-1896-3d2e-4bce6b5205f1,9e1d912d-ca84-4fde-a46d-a190e20223b8,40d412e8-fc3b-5972-8ff2-90b35de8a2d3,2026-27,4,17.42,15.15,18.65,33.87,85.09,A,f
5df29df5-a3ce-83b2-fb83-2181ff0dfd14,226cdeb9-2944-4b73-a8db-c0a09e1d6871,c697ab81-ffed-5fa6-9b51-be0954571d20,2026-27,1,18.44,17.28,18.69,35.71,90.12,A+,f
2fce5bbd-89a9-8214-f3c4-13c34820458c,226cdeb9-2944-4b73-a8db-c0a09e1d6871,cc6bfe47-d156-5f3c-a0a6-64be53ff1202,2026-27,1,18.34,15.88,18.99,33.71,86.92,A,f
1b15dcca-94a9-ddce-36d0-9ea3671313b4,226cdeb9-2944-4b73-a8db-c0a09e1d6871,945cbb28-3a50-5ed1-8e70-c416ee3f92f0,2026-27,1,17.44,16.28,16.39,36.41,86.52,A,f
7d423747-e10f-c19d-9c07-81e9909da4e8,226cdeb9-2944-4b73-a8db-c0a09e1d6871,325f5f11-db40-5f00-816d-d66357e36c70,2026-27,1,16.84,15.58,18.29,30.91,81.62,A,f
5fd9bca7-2aab-c8c5-153a-00e87a0e1f38,226cdeb9-2944-4b73-a8db-c0a09e1d6871,817d9a6f-e405-58f8-991b-373c31bd4e25,2026-27,1,15.94,18.18,19.09,35.21,88.42,A,f
602b5db6-6faa-a3eb-9809-721d5e5a5076,a12b4220-8d69-47ee-b2da-fbe283d107bd,c697ab81-ffed-5fa6-9b51-be0954571d20,2026-27,1,18.45,15.8,19.14,35.66,89.05,A,f
56ac30d6-50bf-00e2-7366-55934fa2f53d,a12b4220-8d69-47ee-b2da-fbe283d107bd,cc6bfe47-d156-5f3c-a0a6-64be53ff1202,2026-27,1,19.15,18.8,18.04,32.86,88.85,A,f
60185d0f-9a7e-a301-0cbb-4758165a71f5,a12b4220-8d69-47ee-b2da-fbe283d107bd,945cbb28-3a50-5ed1-8e70-c416ee3f92f0,2026-27,1,17.95,15.6,19.34,32.86,85.75,A,f
f6298e09-f90a-596d-6943-3896fdb9bb45,a12b4220-8d69-47ee-b2da-fbe283d107bd,325f5f11-db40-5f00-816d-d66357e36c70,2026-27,1,16.35,15.8,18.84,32.66,83.65,A,f
4561c50f-3627-6e8d-158b-442b5b95a983,a12b4220-8d69-47ee-b2da-fbe283d107bd,817d9a6f-e405-58f8-991b-373c31bd4e25,2026-27,1,18.25,15.8,18.04,32.36,84.45,A,f
93c05b7f-a4c4-106d-8cdd-7afc7f84d7fc,da4c690e-a178-42de-83ef-56798b0b6ebb,c697ab81-ffed-5fa6-9b51-be0954571d20,2026-27,1,17.1,17.96,17.19,32.55,84.8,A,f
e1bad33c-631a-c5d6-9c2a-61086e9477fe,da4c690e-a178-42de-83ef-56798b0b6ebb,cc6bfe47-d156-5f3c-a0a6-64be53ff1202,2026-27,1,18.8,18.16,17.59,34.55,89.1,A,f
1cac40ad-c021-807e-ecd4-e40b1a7f8262,da4c690e-a178-42de-83ef-56798b0b6ebb,945cbb28-3a50-5ed1-8e70-c416ee3f92f0,2026-27,1,18.3,16.46,17.79,36.35,88.9,A,f
429c2843-db6e-57de-6882-e0ff724fe35f,da4c690e-a178-42de-83ef-56798b0b6ebb,325f5f11-db40-5f00-816d-d66357e36c70,2026-27,1,18.7,18.56,18.89,37.15,93.3,A+,f
3d9315df-1f7d-fd57-2432-d12c192bdc51,da4c690e-a178-42de-83ef-56798b0b6ebb,817d9a6f-e405-58f8-991b-373c31bd4e25,2026-27,1,17.3,17.96,17.99,36.65,89.9,A,f
98e6fc45-27f9-28da-243e-a3e3119686c9,84b1ec70-0060-4429-ad11-d1b7321a067b,c697ab81-ffed-5fa6-9b51-be0954571d20,2026-27,1,16.49,16.34,18.55,31.93,83.31,A,f
40c6e429-3327-4cc4-e075-98a2e582c344,84b1ec70-0060-4429-ad11-d1b7321a067b,cc6bfe47-d156-5f3c-a0a6-64be53ff1202,2026-27,1,17.59,16.24,16.15,33.33,83.31,A,f
67804598-9fa7-cbf4-7d94-6b45f23f357a,84b1ec70-0060-4429-ad11-d1b7321a067b,945cbb28-3a50-5ed1-8e70-c416ee3f92f0,2026-27,1,18.39,18.14,18.85,34.03,89.41,A,f
68763203-02b9-add9-805b-777a1d257ba0,84b1ec70-0060-4429-ad11-d1b7321a067b,325f5f11-db40-5f00-816d-d66357e36c70,2026-27,1,17.99,16.74,17.75,32.93,85.41,A,f
a47d9612-97f8-3ae8-4ee8-06223392f9ba,84b1ec70-0060-4429-ad11-d1b7321a067b,817d9a6f-e405-58f8-991b-373c31bd4e25,2026-27,1,17.19,15.94,16.15,32.23,81.51,A,f
d8098206-bc2f-a0c0-f325-1e024fd3e173,c53c0eb6-6619-4fb1-9280-7ac1349f6140,730c5632-33dc-5e69-a798-6135043a47aa,2026-27,4,18.42,18.06,18.66,30.3,85.44,A,f
9400d39f-a0aa-ec68-0242-7a924d1b9186,c53c0eb6-6619-4fb1-9280-7ac1349f6140,21e87180-7538-5689-922d-8889674702ed,2026-27,4,16.22,16.36,17.26,31.1,80.94,A,f
3e1137b3-6878-9505-f590-07afbd2dd590,c53c0eb6-6619-4fb1-9280-7ac1349f6140,a71f945b-22bf-5921-85a0-cb1acd7cb2e6,2026-27,4,17.52,15.66,16.56,31.6,81.34,A,f
4c701ec1-38d2-680c-3927-1071e4ce0517,c53c0eb6-6619-4fb1-9280-7ac1349f6140,859db046-894d-53cc-8cb4-3643d0c7f1fe,2026-27,4,17.12,14.56,16.56,35.6,83.84,A,f
07f09eca-4ccc-cc54-4246-397da025bd7a,c53c0eb6-6619-4fb1-9280-7ac1349f6140,40d412e8-fc3b-5972-8ff2-90b35de8a2d3,2026-27,4,15.72,16.06,17.96,36.1,85.84,A,f
ec092ac5-f12c-59b4-c878-607e5406ffb9,781ab867-85b4-4a89-b657-2560e8e11e9f,730c5632-33dc-5e69-a798-6135043a47aa,2026-27,4,16.11,16.25,16.06,35.6,84.02,A,f
0a12ed72-7a54-d7fa-4fbe-72f6c2be4075,781ab867-85b4-4a89-b657-2560e8e11e9f,21e87180-7538-5689-922d-8889674702ed,2026-27,4,16.31,17.95,18.56,31.2,84.02,A,f
ead17d6e-befb-8d25-27e1-369e2fcb92b6,781ab867-85b4-4a89-b657-2560e8e11e9f,a71f945b-22bf-5921-85a0-cb1acd7cb2e6,2026-27,4,15.61,14.85,18.56,30.6,79.62,B+,f
c4e28f52-817d-87e6-021d-3adf9871685e,781ab867-85b4-4a89-b657-2560e8e11e9f,859db046-894d-53cc-8cb4-3643d0c7f1fe,2026-27,4,18.41,14.85,18.06,32.6,83.92,A,f
2838ae5b-df37-b270-f886-e15b7075d775,781ab867-85b4-4a89-b657-2560e8e11e9f,40d412e8-fc3b-5972-8ff2-90b35de8a2d3,2026-27,4,16.31,15.65,16.86,35.6,84.42,A,f
d2345332-cec7-b3df-f921-13171e01b4d4,7effa285-57fc-4580-9cfb-a36daee85193,730c5632-33dc-5e69-a798-6135043a47aa,2026-27,4,16.66,17.5,18.21,36.41,88.78,A,f
1e4d148d-a152-fc9a-6400-44cb17103f40,7effa285-57fc-4580-9cfb-a36daee85193,21e87180-7538-5689-922d-8889674702ed,2026-27,4,17.06,18.1,17.81,33.31,86.28,A,f
9041841f-c780-93ff-40ce-7eba52b8e457,7effa285-57fc-4580-9cfb-a36daee85193,a71f945b-22bf-5921-85a0-cb1acd7cb2e6,2026-27,4,15.66,15.8,17.11,32.51,81.08,A,f
703fcf68-8e67-014e-3c88-cc8e22c17dd6,7effa285-57fc-4580-9cfb-a36daee85193,859db046-894d-53cc-8cb4-3643d0c7f1fe,2026-27,4,15.76,17.5,18.31,32.81,84.38,A,f
3072b48b-f197-3ad8-6768-87090d182898,7effa285-57fc-4580-9cfb-a36daee85193,40d412e8-fc3b-5972-8ff2-90b35de8a2d3,2026-27,4,18.16,17.1,18.51,31.21,84.98,A,f
524f2d61-1a4c-fa6b-73f5-433896784774,13ae7278-6bc5-4b1e-8115-0796e715a34b,29f10515-0a52-55f4-896b-fa882e11e38e,2026-27,6,19.34,19.22,17.58,38.92,95.06,A+,f
663fc30d-e1bb-6b9b-b6d2-c7fc39e1422c,13ae7278-6bc5-4b1e-8115-0796e715a34b,2bc3bd90-0760-5d47-9467-5a5992c412e5,2026-27,6,17.24,17.02,17.58,35.92,87.76,A,f
af57a84f-5ee9-bad1-cc9b-723da64c6f27,13ae7278-6bc5-4b1e-8115-0796e715a34b,d9518e1b-06ba-5f43-b6b9-67d017eaae5d,2026-27,6,17.84,18.52,18.08,37.62,92.06,A+,f
7565e5c0-6023-ac5c-d1d8-e6e66b87d3d0,13ae7278-6bc5-4b1e-8115-0796e715a34b,005078bd-c539-5c44-a631-7e7dd9fb778c,2026-27,6,17.64,16.72,17.58,39.62,91.56,A+,f
f63642ac-7db4-5176-b952-5bd8ae32178e,13ae7278-6bc5-4b1e-8115-0796e715a34b,539f9c66-84f9-5b19-943a-cb15d62bbc33,2026-27,6,17.54,18.02,17.68,37.62,90.86,A+,f
c60352e5-4732-a9d5-8db4-93a15e608022,c29d5a7c-2e78-4cd7-99ba-38b001cfbfd6,730c5632-33dc-5e69-a798-6135043a47aa,2026-27,4,17.14,15.48,17.08,32.74,82.44,A,f
09466e58-2233-aa5c-ee17-ca0da8b66e16,c29d5a7c-2e78-4cd7-99ba-38b001cfbfd6,21e87180-7538-5689-922d-8889674702ed,2026-27,4,16.34,15.08,16.78,34.24,82.44,A,f
512faea1-d232-9d5f-eec6-911a1c920412,c29d5a7c-2e78-4cd7-99ba-38b001cfbfd6,a71f945b-22bf-5921-85a0-cb1acd7cb2e6,2026-27,4,17.24,15.78,18.68,32.74,84.44,A,f
eb426c80-24b6-71f1-37ad-6b78391de48a,c29d5a7c-2e78-4cd7-99ba-38b001cfbfd6,859db046-894d-53cc-8cb4-3643d0c7f1fe,2026-27,4,17.64,17.68,16.78,30.94,83.04,A,f
f9527f36-2721-9b7e-55e9-2a3bbe42d8f3,c29d5a7c-2e78-4cd7-99ba-38b001cfbfd6,40d412e8-fc3b-5972-8ff2-90b35de8a2d3,2026-27,4,15.94,15.88,17.18,35.94,84.94,A,f
85bd8ab5-0f19-8d16-5b21-552f492f0e71,7621896b-a702-43ea-9b6d-0b3ada0972db,c697ab81-ffed-5fa6-9b51-be0954571d20,2026-27,1,16.59,13.49,14.03,27.63,71.74,B+,f
1672ed4e-a2b1-826c-75af-0b3a3fc8ce33,7621896b-a702-43ea-9b6d-0b3ada0972db,cc6bfe47-d156-5f3c-a0a6-64be53ff1202,2026-27,1,15.09,16.39,15.73,32.03,79.24,B+,f
1c8dfdc4-b3f7-c072-2ffb-da4f2df76756,7621896b-a702-43ea-9b6d-0b3ada0972db,945cbb28-3a50-5ed1-8e70-c416ee3f92f0,2026-27,1,16.49,13.19,15.43,26.83,71.94,B+,f
905c8379-7720-829c-ea55-e204e74ed09c,7621896b-a702-43ea-9b6d-0b3ada0972db,325f5f11-db40-5f00-816d-d66357e36c70,2026-27,1,14.69,16.29,14.93,30.83,76.74,B+,f
d4382da5-56db-1834-0961-514669327afa,7621896b-a702-43ea-9b6d-0b3ada0972db,817d9a6f-e405-58f8-991b-373c31bd4e25,2026-27,1,15.39,13.69,14.33,29.53,72.94,B+,f
b9040d37-7439-9c47-4b33-d4b2f189634a,67acaf37-09d1-4ba8-9fb0-589c1c22065d,730c5632-33dc-5e69-a798-6135043a47aa,2026-27,4,18.04,17.59,17.9,32.32,85.85,A,f
3549d7df-4896-2381-d40b-8d5b9e9ffefe,67acaf37-09d1-4ba8-9fb0-589c1c22065d,21e87180-7538-5689-922d-8889674702ed,2026-27,4,17.64,17.99,17.2,35.62,88.45,A,f
0f84626e-86c9-e3ab-c8d5-82f62d8211bf,67acaf37-09d1-4ba8-9fb0-589c1c22065d,a71f945b-22bf-5921-85a0-cb1acd7cb2e6,2026-27,4,16.04,17.49,18.9,33.92,86.35,A,f
92623592-22e4-8e91-4a67-2b9277b84ea5,67acaf37-09d1-4ba8-9fb0-589c1c22065d,859db046-894d-53cc-8cb4-3643d0c7f1fe,2026-27,4,16.44,16.99,18.0,35.22,86.65,A,f
4b4ac9c6-37fe-99a4-66c9-4243a46e3e06,67acaf37-09d1-4ba8-9fb0-589c1c22065d,40d412e8-fc3b-5972-8ff2-90b35de8a2d3,2026-27,4,16.34,15.49,16.1,32.12,80.05,A,f
0c126798-7425-a307-a976-1495c955b2c8,3f2306e8-733e-42be-991e-d9bac41e3a98,730c5632-33dc-5e69-a798-6135043a47aa,2026-27,4,17.22,15.44,17.93,29.89,80.48,A,f
679f884d-7cc8-11c1-5680-2d29fdcbb08c,3f2306e8-733e-42be-991e-d9bac41e3a98,21e87180-7538-5689-922d-8889674702ed,2026-27,4,15.92,15.24,15.33,33.09,79.58,B+,f
27a2be34-ae77-b10b-47c0-b86c62890b77,3f2306e8-733e-42be-991e-d9bac41e3a98,a71f945b-22bf-5921-85a0-cb1acd7cb2e6,2026-27,4,17.42,17.04,17.03,34.39,85.88,A,f
98480dc3-2656-9ef0-20b0-afa1ef0b9762,3f2306e8-733e-42be-991e-d9bac41e3a98,859db046-894d-53cc-8cb4-3643d0c7f1fe,2026-27,4,15.92,18.14,16.93,30.09,81.08,A,f
6b0cf593-45ec-d572-39a4-d2c74e39040c,3f2306e8-733e-42be-991e-d9bac41e3a98,40d412e8-fc3b-5972-8ff2-90b35de8a2d3,2026-27,4,15.32,16.14,17.23,32.39,81.08,A,f
5db9108c-3b4b-b7c3-9bec-3f4a3b24c776,cd3921df-af1c-4e1a-a800-7743ad60fb5c,730c5632-33dc-5e69-a798-6135043a47aa,2026-27,4,17.51,15.84,17.35,34.67,85.37,A,f
cfffe255-2564-e1fc-65b4-dc443c257c1f,cd3921df-af1c-4e1a-a800-7743ad60fb5c,21e87180-7538-5689-922d-8889674702ed,2026-27,4,18.31,18.44,18.75,30.77,86.27,A,f
488672c6-1209-d35f-e60a-c442114ab81f,cd3921df-af1c-4e1a-a800-7743ad60fb5c,a71f945b-22bf-5921-85a0-cb1acd7cb2e6,2026-27,4,16.11,15.34,17.35,35.17,83.97,A,f
9543659f-8bc2-6b0a-eaea-0455d32dfc8f,cd3921df-af1c-4e1a-a800-7743ad60fb5c,859db046-894d-53cc-8cb4-3643d0c7f1fe,2026-27,4,16.71,16.14,18.75,34.77,86.37,A,f
48bb2226-3c9d-3107-5027-db71ea52cab4,cd3921df-af1c-4e1a-a800-7743ad60fb5c,40d412e8-fc3b-5972-8ff2-90b35de8a2d3,2026-27,4,16.91,17.34,15.95,32.97,83.17,A,f
b8080633-8cf2-cfc6-e6ec-c07ba8506685,7d636658-44c2-4756-96e6-697014364165,f8b6ad01-594d-5e52-b325-ed9eb13211e1,2026-27,2,17.68,16.04,17.67,36.91,88.3,A,f
ef591f65-5c5c-cf70-35a4-12dc6f4e600a,7d636658-44c2-4756-96e6-697014364165,f27d152a-f613-51a3-aea8-0506e5d24c3a,2026-27,2,18.48,16.84,18.97,37.41,91.7,A+,f
63c8d511-d3f7-fb1d-b46c-58e9935ab3fe,7d636658-44c2-4756-96e6-697014364165,5297007a-130e-5341-af7a-4e9027c2dadf,2026-27,2,18.28,16.84,18.97,33.31,87.4,A,f
cba49856-b3ab-6015-9ef4-b330732256e5,7d636658-44c2-4756-96e6-697014364165,c8e42f25-4acd-5f8b-8bce-f0cab27cc71f,2026-27,2,19.08,18.04,16.87,37.81,91.8,A+,f
8e70789a-cb86-c3f7-4a40-c957b162f25a,7d636658-44c2-4756-96e6-697014364165,5ceb5573-0231-5d70-848b-193fcfdb644c,2026-27,2,18.98,16.94,16.97,36.11,89.0,A,f
36839516-9acd-239c-05fe-de7355ca0791,2c9069d4-9a88-4ae7-99e8-4f8be0e22fc2,730c5632-33dc-5e69-a798-6135043a47aa,2026-27,4,16.1,15.23,15.42,30.18,76.93,B+,f
da427587-eda0-41d1-28a3-5ae863eda2cb,2c9069d4-9a88-4ae7-99e8-4f8be0e22fc2,21e87180-7538-5689-922d-8889674702ed,2026-27,4,15.7,17.63,16.62,31.98,81.93,A,f
04b0b537-484a-7daf-c2e6-ee2310f865c9,2c9069d4-9a88-4ae7-99e8-4f8be0e22fc2,a71f945b-22bf-5921-85a0-cb1acd7cb2e6,2026-27,4,15.8,16.33,15.72,33.68,81.53,A,f
363a40ff-a904-623b-ba57-c631c3701294,2c9069d4-9a88-4ae7-99e8-4f8be0e22fc2,859db046-894d-53cc-8cb4-3643d0c7f1fe,2026-27,4,15.5,14.33,16.12,31.38,77.33,B+,f
3edd6740-17c5-77aa-3f0d-46cfcfc5630b,2c9069d4-9a88-4ae7-99e8-4f8be0e22fc2,40d412e8-fc3b-5972-8ff2-90b35de8a2d3,2026-27,4,15.5,17.03,16.62,30.88,80.03,A,f
c032d810-465e-b765-c6d3-a5da3825aaa7,e9abd609-e222-4a3d-8c98-cf43455ef66d,29f10515-0a52-55f4-896b-fa882e11e38e,2026-27,6,17.76,16.6,17.82,35.26,87.44,A,f
e2a58ee5-88f0-d76d-d8d7-f5fbe695ad13,e9abd609-e222-4a3d-8c98-cf43455ef66d,2bc3bd90-0760-5d47-9467-5a5992c412e5,2026-27,6,18.36,18.8,17.22,34.46,88.84,A,f
459da5d1-1148-f63b-4c53-4af3a2a383b2,e9abd609-e222-4a3d-8c98-cf43455ef66d,d9518e1b-06ba-5f43-b6b9-67d017eaae5d,2026-27,6,16.46,17.5,18.92,36.96,89.84,A,f
4251e625-ec75-c310-d085-cb8e505cdf8f,e9abd609-e222-4a3d-8c98-cf43455ef66d,005078bd-c539-5c44-a631-7e7dd9fb778c,2026-27,6,18.36,15.4,17.22,34.36,85.34,A,f
3a9a0fa5-b067-5f17-6c33-0b51eb64ae2f,e9abd609-e222-4a3d-8c98-cf43455ef66d,539f9c66-84f9-5b19-943a-cb15d62bbc33,2026-27,6,17.46,17.0,17.92,33.16,85.54,A,f
e33a7a24-0dc8-78bd-de6b-61303cdd22bb,33dfdc25-fe94-4ab8-97a9-9d843eca1d1a,730c5632-33dc-5e69-a798-6135043a47aa,2026-27,4,17.9,14.73,17.74,32.77,83.14,A,f
909601d1-4518-db0b-8f3d-89f5094b2065,33dfdc25-fe94-4ab8-97a9-9d843eca1d1a,21e87180-7538-5689-922d-8889674702ed,2026-27,4,17.7,16.53,15.84,34.97,85.04,A,f
4ca1f1e7-47eb-d276-1d00-c55433471fbb,33dfdc25-fe94-4ab8-97a9-9d843eca1d1a,a71f945b-22bf-5921-85a0-cb1acd7cb2e6,2026-27,4,18.3,17.93,16.64,33.57,86.44,A,f
f2c377ba-999c-7671-05d6-2ef3dc088941,33dfdc25-fe94-4ab8-97a9-9d843eca1d1a,859db046-894d-53cc-8cb4-3643d0c7f1fe,2026-27,4,16.9,14.63,16.74,32.17,80.44,A,f
7d9ff407-f455-338e-15df-2c830a5506a5,33dfdc25-fe94-4ab8-97a9-9d843eca1d1a,40d412e8-fc3b-5972-8ff2-90b35de8a2d3,2026-27,4,18.1,16.33,18.84,33.87,87.14,A,f
4548376f-ec2a-d03c-589a-3d7ef73280e9,cf725189-0502-4882-be60-f008746364e9,c697ab81-ffed-5fa6-9b51-be0954571d20,2026-27,1,16.06,16.19,16.38,35.21,83.84,A,f
efe73d87-c123-c4a0-da43-e9345dc2653e,cf725189-0502-4882-be60-f008746364e9,cc6bfe47-d156-5f3c-a0a6-64be53ff1202,2026-27,1,15.46,15.89,16.38,35.41,83.14,A,f
175720a3-df9a-3bab-6d63-3df6413a586c,cf725189-0502-4882-be60-f008746364e9,945cbb28-3a50-5ed1-8e70-c416ee3f92f0,2026-27,1,16.86,15.19,17.18,35.41,84.64,A,f
e594e752-d21e-c5ed-c164-98d1fc3663da,cf725189-0502-4882-be60-f008746364e9,325f5f11-db40-5f00-816d-d66357e36c70,2026-27,1,16.16,15.49,18.08,30.81,80.54,A,f
07d3dff1-8407-eded-f070-2273a740a007,cf725189-0502-4882-be60-f008746364e9,817d9a6f-e405-58f8-991b-373c31bd4e25,2026-27,1,15.46,14.69,17.18,32.11,79.44,B+,f
e645ff35-281d-3aa2-fcea-f7b9b7496a62,b289de15-f628-42c0-9b31-6f3c9c25c66e,29f10515-0a52-55f4-896b-fa882e11e38e,2026-27,6,17.93,15.77,16.47,34.54,84.71,A,f
b7c6ff42-5074-0a8b-910a-b640e73125de,b289de15-f628-42c0-9b31-6f3c9c25c66e,2bc3bd90-0760-5d47-9467-5a5992c412e5,2026-27,6,17.93,15.17,17.37,35.24,85.71,A,f
637d3e28-c1d2-a19a-c9f6-f51357ec91fa,b289de15-f628-42c0-9b31-6f3c9c25c66e,d9518e1b-06ba-5f43-b6b9-67d017eaae5d,2026-27,6,17.13,15.87,16.17,34.34,83.51,A,f
2c7cdc15-c526-2d4d-b32e-e3960168d83d,b289de15-f628-42c0-9b31-6f3c9c25c66e,005078bd-c539-5c44-a631-7e7dd9fb778c,2026-27,6,15.93,14.87,18.07,33.94,82.81,A,f
471bd3ff-b1aa-5fce-dcff-f53b6e6cf6e9,b289de15-f628-42c0-9b31-6f3c9c25c66e,539f9c66-84f9-5b19-943a-cb15d62bbc33,2026-27,6,18.23,16.37,17.77,31.54,83.91,A,f
ab9f29ed-b305-1013-8d38-e9b4dd31a0a5,1e1eb656-7ac2-4ba4-89c5-b9071f823d86,730c5632-33dc-5e69-a798-6135043a47aa,2026-27,4,15.02,18.05,17.34,31.0,81.41,A,f
916b411d-31c6-9419-ee81-48c1f569e1f8,1e1eb656-7ac2-4ba4-89c5-b9071f823d86,21e87180-7538-5689-922d-8889674702ed,2026-27,4,16.02,17.75,17.84,35.1,86.71,A,f
047fefc5-e077-04e0-cc70-bfe9d586ef67,1e1eb656-7ac2-4ba4-89c5-b9071f823d86,a71f945b-22bf-5921-85a0-cb1acd7cb2e6,2026-27,4,15.32,15.05,15.34,35.2,80.91,A,f
eb93fd99-645e-3bd6-4138-0d4ab8d056e9,1e1eb656-7ac2-4ba4-89c5-b9071f823d86,859db046-894d-53cc-8cb4-3643d0c7f1fe,2026-27,4,15.02,17.55,15.74,29.6,77.91,B+,f
786dbdab-e0bb-1e61-8b74-f45e09c30573,1e1eb656-7ac2-4ba4-89c5-b9071f823d86,40d412e8-fc3b-5972-8ff2-90b35de8a2d3,2026-27,4,17.62,14.85,18.04,31.8,82.31,A,f
c74b253d-cafc-5c18-3e3c-5de9d7dbfb7d,d85e8fca-bbb2-432a-922e-f426346f1357,29f10515-0a52-55f4-896b-fa882e11e38e,2026-27,6,16.29,14.62,18.62,32.4,81.93,A,f
4414c0e9-a797-0f3b-8ecd-96938cfbfdee,d85e8fca-bbb2-432a-922e-f426346f1357,2bc3bd90-0760-5d47-9467-5a5992c412e5,2026-27,6,15.39,15.12,15.82,32.3,78.63,B+,f
f898a132-5405-b028-e33a-a6d33a61df3c,d85e8fca-bbb2-432a-922e-f426346f1357,d9518e1b-06ba-5f43-b6b9-67d017eaae5d,2026-27,6,15.39,15.92,17.82,32.8,81.93,A,f
7fb0bd10-b5f6-2368-b6d4-409e7a304493,d85e8fca-bbb2-432a-922e-f426346f1357,005078bd-c539-5c44-a631-7e7dd9fb778c,2026-27,6,16.69,16.12,15.82,34.9,83.53,A,f
2c25184a-f9e2-90ca-7bb1-db93a73526e5,d85e8fca-bbb2-432a-922e-f426346f1357,539f9c66-84f9-5b19-943a-cb15d62bbc33,2026-27,6,15.29,15.82,18.52,31.9,81.53,A,f
a7328187-7a28-2514-651d-9bf9bb35ee29,05aff4fc-0ef5-40ff-99ad-8b7c67374707,29f10515-0a52-55f4-896b-fa882e11e38e,2026-27,6,15.65,14.16,15.62,30.99,76.42,B+,f
545824cd-7711-b7c0-d5d4-889aed390b86,05aff4fc-0ef5-40ff-99ad-8b7c67374707,2bc3bd90-0760-5d47-9467-5a5992c412e5,2026-27,6,14.45,15.66,14.82,30.39,75.32,B+,f
a11f1208-4f17-97d7-12f7-0de18390f68b,05aff4fc-0ef5-40ff-99ad-8b7c67374707,d9518e1b-06ba-5f43-b6b9-67d017eaae5d,2026-27,6,17.05,14.26,15.92,32.69,79.92,B+,f
169f64bd-8b3f-2241-6f2c-c3d7123660ec,05aff4fc-0ef5-40ff-99ad-8b7c67374707,005078bd-c539-5c44-a631-7e7dd9fb778c,2026-27,6,17.05,15.46,16.02,30.99,79.52,B+,f
ac744af6-b022-dec9-6393-3889e7d3fc34,05aff4fc-0ef5-40ff-99ad-8b7c67374707,539f9c66-84f9-5b19-943a-cb15d62bbc33,2026-27,6,14.45,15.16,15.82,28.29,73.72,B+,f
71fbfe1a-9ac0-3779-9a0d-770505f61d9e,6cd7d8b3-c3af-4e50-8560-b1df0af0c3aa,29f10515-0a52-55f4-896b-fa882e11e38e,2026-27,6,18.24,18.27,17.07,34.59,88.17,A,f
04b8d5ad-3a94-d935-68b2-1bc544d77c63,6cd7d8b3-c3af-4e50-8560-b1df0af0c3aa,2bc3bd90-0760-5d47-9467-5a5992c412e5,2026-27,6,17.04,17.97,17.37,32.69,85.07,A,f
dd5b6670-9f32-3972-c8d3-c091b9cf33c5,6cd7d8b3-c3af-4e50-8560-b1df0af0c3aa,d9518e1b-06ba-5f43-b6b9-67d017eaae5d,2026-27,6,18.14,17.57,16.97,33.89,86.57,A,f
a22a82a8-b540-27d7-838f-c03d06477ec4,6cd7d8b3-c3af-4e50-8560-b1df0af0c3aa,005078bd-c539-5c44-a631-7e7dd9fb778c,2026-27,6,15.54,17.57,16.27,30.39,79.77,B+,f
ac89ca25-a447-f339-2a34-c0cc94cf03e7,6cd7d8b3-c3af-4e50-8560-b1df0af0c3aa,539f9c66-84f9-5b19-943a-cb15d62bbc33,2026-27,6,15.24,17.67,16.47,30.89,80.27,A,f
ba65705f-37b3-0a79-ecef-b9dc75f6efd2,89ffb026-0aa3-4fe2-900d-586acff84510,c697ab81-ffed-5fa6-9b51-be0954571d20,2026-27,1,18.67,20.0,18.03,36.48,93.18,A+,f
10fbc216-4ccd-82c5-0bdc-6fde1354926e,89ffb026-0aa3-4fe2-900d-586acff84510,cc6bfe47-d156-5f3c-a0a6-64be53ff1202,2026-27,1,17.67,17.55,18.23,39.88,93.33,A+,f
57a45683-03f3-5067-4f25-528111e1e68d,89ffb026-0aa3-4fe2-900d-586acff84510,945cbb28-3a50-5ed1-8e70-c416ee3f92f0,2026-27,1,19.07,19.75,20.0,39.08,97.9,A+,f
5de3fe21-da07-85f8-3caf-2c167085bca3,89ffb026-0aa3-4fe2-900d-586acff84510,325f5f11-db40-5f00-816d-d66357e36c70,2026-27,1,19.77,16.55,18.83,35.58,90.73,A+,f
f84239c2-5c66-b535-c3eb-9756ae94aa91,89ffb026-0aa3-4fe2-900d-586acff84510,817d9a6f-e405-58f8-991b-373c31bd4e25,2026-27,1,17.97,19.85,20.0,40.0,97.82,A+,f
1ccc0ca6-d05e-8bb7-201e-cc17efac45db,a2fb666c-3ad8-4c6e-a3fd-186b8b563569,29f10515-0a52-55f4-896b-fa882e11e38e,2026-27,6,17.93,17.88,19.11,36.17,91.09,A+,f
76ca5c14-a32e-66b3-5968-e7a38baf38f4,a2fb666c-3ad8-4c6e-a3fd-186b8b563569,2bc3bd90-0760-5d47-9467-5a5992c412e5,2026-27,6,16.83,18.98,18.91,32.87,87.59,A,f
e63fdca5-f041-545f-540a-1408975a5bce,a2fb666c-3ad8-4c6e-a3fd-186b8b563569,d9518e1b-06ba-5f43-b6b9-67d017eaae5d,2026-27,6,19.03,15.98,17.31,32.87,85.19,A,f
739dfadf-7352-f339-4550-3be5cd769900,a2fb666c-3ad8-4c6e-a3fd-186b8b563569,005078bd-c539-5c44-a631-7e7dd9fb778c,2026-27,6,19.03,16.98,18.01,33.67,87.69,A,f
3bcda63e-ff3c-88aa-f0aa-39528b527b77,a2fb666c-3ad8-4c6e-a3fd-186b8b563569,539f9c66-84f9-5b19-943a-cb15d62bbc33,2026-27,6,16.63,17.88,18.31,34.07,86.89,A,f
f16703fa-7dbd-748b-9c61-a35e6f7b806e,196f7491-0a87-49ba-bfdf-da1fce407e41,f8b6ad01-594d-5e52-b325-ed9eb13211e1,2026-27,2,16.96,15.27,17.65,34.18,84.06,A,f
c43c6606-3bda-83cc-9f9f-98d51b1c89c6,196f7491-0a87-49ba-bfdf-da1fce407e41,f27d152a-f613-51a3-aea8-0506e5d24c3a,2026-27,2,15.56,15.37,16.35,29.48,76.76,B+,f
8105af2a-c9e4-0c7c-aed4-042847765f36,196f7491-0a87-49ba-bfdf-da1fce407e41,5297007a-130e-5341-af7a-4e9027c2dadf,2026-27,2,16.06,15.77,15.35,31.98,79.16,B+,f
30ac8b4a-e59d-ca2f-af61-9a5810033acb,196f7491-0a87-49ba-bfdf-da1fce407e41,c8e42f25-4acd-5f8b-8bce-f0cab27cc71f,2026-27,2,15.26,15.77,17.15,30.78,78.96,B+,f
b419e809-9aec-034b-25d1-f569e8023ff6,196f7491-0a87-49ba-bfdf-da1fce407e41,5ceb5573-0231-5d70-848b-193fcfdb644c,2026-27,2,16.96,14.47,15.25,30.88,77.56,B+,f
42aa822f-14ac-8eb2-5adf-61e9121cafa4,1d6c3143-7e5b-4247-af44-b4738b1ce4d4,730c5632-33dc-5e69-a798-6135043a47aa,2026-27,4,18.46,18.85,19.03,39.11,95.45,A+,f
c5bd4210-a090-3a17-0a08-5b2f4b0daeff,1d6c3143-7e5b-4247-af44-b4738b1ce4d4,21e87180-7538-5689-922d-8889674702ed,2026-27,4,19.86,20.0,20.0,39.71,99.57,A+,f
acadb179-592d-d2e9-1737-edf1e6ac302c,1d6c3143-7e5b-4247-af44-b4738b1ce4d4,a71f945b-22bf-5921-85a0-cb1acd7cb2e6,2026-27,4,19.66,17.45,19.73,40.0,96.84,A+,f
96861ca7-0039-475b-c31c-cb9e926111dd,1d6c3143-7e5b-4247-af44-b4738b1ce4d4,859db046-894d-53cc-8cb4-3643d0c7f1fe,2026-27,4,19.36,17.05,19.73,39.11,95.25,A+,f
aee8cae5-dd5e-12c0-deb0-6d301ba70123,1d6c3143-7e5b-4247-af44-b4738b1ce4d4,40d412e8-fc3b-5972-8ff2-90b35de8a2d3,2026-27,4,18.06,19.15,19.03,37.91,94.15,A+,f
dcac7442-8f07-d0d1-43ce-71478537f1af,5a991d9d-7d71-4b4f-a3d2-fef8d9bc66cc,f8b6ad01-594d-5e52-b325-ed9eb13211e1,2026-27,2,18.89,18.66,20.0,35.45,93.0,A+,f
f79b9641-fed9-0e47-a2b4-c4838ed5187d,5a991d9d-7d71-4b4f-a3d2-fef8d9bc66cc,f27d152a-f613-51a3-aea8-0506e5d24c3a,2026-27,2,19.09,19.56,19.21,35.35,93.21,A+,f
ac61ff68-a032-abba-3d98-38c89b7a0df3,5a991d9d-7d71-4b4f-a3d2-fef8d9bc66cc,5297007a-130e-5341-af7a-4e9027c2dadf,2026-27,2,18.19,19.86,17.51,37.45,93.01,A+,f
bf381920-6320-7672-cef2-4be9368b9973,5a991d9d-7d71-4b4f-a3d2-fef8d9bc66cc,c8e42f25-4acd-5f8b-8bce-f0cab27cc71f,2026-27,2,18.69,16.56,19.81,36.85,91.91,A+,f
5a527ec0-8197-f717-5b1d-c48a0b019df6,5a991d9d-7d71-4b4f-a3d2-fef8d9bc66cc,5ceb5573-0231-5d70-848b-193fcfdb644c,2026-27,2,18.69,15.96,18.91,35.05,88.61,A,f
1bb11b1b-bf4b-d1c4-01f0-ea31eef6bc8d,b89da6be-0137-449d-a852-44063465cce8,c697ab81-ffed-5fa6-9b51-be0954571d20,2026-27,1,15.15,17.58,15.57,31.29,79.59,B+,f
8287085d-6399-68f6-d9c0-9db4f5c417f0,b89da6be-0137-449d-a852-44063465cce8,cc6bfe47-d156-5f3c-a0a6-64be53ff1202,2026-27,1,16.35,14.88,15.87,30.09,77.19,B+,f
5bc2ad41-c505-3db9-f496-a73d141529eb,b89da6be-0137-449d-a852-44063465cce8,945cbb28-3a50-5ed1-8e70-c416ee3f92f0,2026-27,1,16.55,17.18,17.77,33.69,85.19,A,f
2f7062e8-72ec-8b8e-c0ed-322ef8547be7,b89da6be-0137-449d-a852-44063465cce8,325f5f11-db40-5f00-816d-d66357e36c70,2026-27,1,15.65,16.38,17.77,34.39,84.19,A,f
ddc719a7-ff06-a27f-86ce-96f6a5d757b5,b89da6be-0137-449d-a852-44063465cce8,817d9a6f-e405-58f8-991b-373c31bd4e25,2026-27,1,16.35,15.88,17.27,31.69,81.19,A,f
1cca6e1a-7956-7635-5c29-e1946dfbfd80,ff5cf24e-86e2-4b6d-8bd4-08c0725e1f1c,c697ab81-ffed-5fa6-9b51-be0954571d20,2026-27,1,16.54,14.66,17.24,30.01,78.45,B+,f
683b2929-edcf-f295-8aff-acdaf10c0cd6,ff5cf24e-86e2-4b6d-8bd4-08c0725e1f1c,cc6bfe47-d156-5f3c-a0a6-64be53ff1202,2026-27,1,17.44,15.36,17.54,34.11,84.45,A,f
6d5ce4cb-e955-eb4d-9294-acf834d35424,ff5cf24e-86e2-4b6d-8bd4-08c0725e1f1c,945cbb28-3a50-5ed1-8e70-c416ee3f92f0,2026-27,1,17.14,17.86,17.24,30.81,83.05,A,f
b72c72e6-5731-7c50-ed8c-45c29854a2e7,ff5cf24e-86e2-4b6d-8bd4-08c0725e1f1c,325f5f11-db40-5f00-816d-d66357e36c70,2026-27,1,17.14,14.16,17.14,34.91,83.35,A,f
e3648834-95b4-a4a9-c906-bd5d765b604d,ff5cf24e-86e2-4b6d-8bd4-08c0725e1f1c,817d9a6f-e405-58f8-991b-373c31bd4e25,2026-27,1,15.54,14.76,18.24,29.81,78.35,B+,f
0b996f66-f1ad-96b9-c109-563709d2423c,5e6e508c-86eb-4621-a320-03ff96bef7bf,f8b6ad01-594d-5e52-b325-ed9eb13211e1,2026-27,2,16.96,16.69,15.68,29.83,79.16,B+,f
0ec7b359-7525-e0dd-b057-1f61f3255712,5e6e508c-86eb-4621-a320-03ff96bef7bf,f27d152a-f613-51a3-aea8-0506e5d24c3a,2026-27,2,15.76,17.49,16.48,33.33,83.06,A,f
ba13d417-05d8-bfcd-7179-3beb1de85eb9,5e6e508c-86eb-4621-a320-03ff96bef7bf,5297007a-130e-5341-af7a-4e9027c2dadf,2026-27,2,17.96,16.89,16.68,35.43,86.96,A,f
cbf234e4-3b6a-c2c6-a00d-d1be4541fea7,5e6e508c-86eb-4621-a320-03ff96bef7bf,c8e42f25-4acd-5f8b-8bce-f0cab27cc71f,2026-27,2,16.76,16.59,17.58,31.53,82.46,A,f
21d6fd86-9dce-9cd8-2585-b041e2ba4c80,5e6e508c-86eb-4621-a320-03ff96bef7bf,5ceb5573-0231-5d70-848b-193fcfdb644c,2026-27,2,17.56,15.49,16.98,29.83,79.86,B+,f
e5c99234-04be-3e58-7241-99ccd00d90b1,7d009897-58e5-4e80-b790-233714da2324,c697ab81-ffed-5fa6-9b51-be0954571d20,2026-27,1,18.9,19.5,20.0,38.8,97.2,A+,f
f058e7a9-8f49-8df1-4640-a98ae9236052,7d009897-58e5-4e80-b790-233714da2324,cc6bfe47-d156-5f3c-a0a6-64be53ff1202,2026-27,1,18.1,20.0,19.2,40.0,97.3,A+,f
f66db5f5-d9e1-f002-eb58-09fffabe3b6b,7d009897-58e5-4e80-b790-233714da2324,945cbb28-3a50-5ed1-8e70-c416ee3f92f0,2026-27,1,19.5,18.4,20.0,39.5,97.4,A+,f
44b7145d-b36f-a06c-b76c-41536f834659,7d009897-58e5-4e80-b790-233714da2324,325f5f11-db40-5f00-816d-d66357e36c70,2026-27,1,18.5,19.7,18.7,37.2,94.1,A+,f
ec306a55-d162-c5aa-76cd-510609864bcc,7d009897-58e5-4e80-b790-233714da2324,817d9a6f-e405-58f8-991b-373c31bd4e25,2026-27,1,19.1,19.3,20.0,40.0,98.4,A+,f
7e4ed84e-6774-e09d-b429-20225fb1d5ca,0e915a9c-5f50-4427-9524-e51633f06ad9,29f10515-0a52-55f4-896b-fa882e11e38e,2026-27,6,17.18,14.69,14.96,29.58,76.41,B+,f
3a08bb47-cff2-e63c-e687-7ba8dfa1c57d,0e915a9c-5f50-4427-9524-e51633f06ad9,2bc3bd90-0760-5d47-9467-5a5992c412e5,2026-27,6,17.18,15.49,17.16,31.38,81.21,A,f
5947e6cc-1903-599e-1f69-5bd5e9d060d0,0e915a9c-5f50-4427-9524-e51633f06ad9,d9518e1b-06ba-5f43-b6b9-67d017eaae5d,2026-27,6,14.58,14.09,17.66,32.68,79.01,B+,f
a9e7fdf5-6048-7098-cb46-7e979013acea,0e915a9c-5f50-4427-9524-e51633f06ad9,005078bd-c539-5c44-a631-7e7dd9fb778c,2026-27,6,14.58,13.79,17.56,30.78,76.71,B+,f
80562b18-88ec-50ce-b7b3-07b9d8febf36,0e915a9c-5f50-4427-9524-e51633f06ad9,539f9c66-84f9-5b19-943a-cb15d62bbc33,2026-27,6,16.18,13.79,14.76,33.58,78.31,B+,f
ff1c382a-9022-b6c4-ffc3-4c58a972ce98,32601f4c-ac26-46dc-b11f-f30daa1e54e4,29f10515-0a52-55f4-896b-fa882e11e38e,2026-27,6,16.31,17.96,16.88,34.12,85.27,A,f
dd1e9574-5fa7-84d3-0809-d8903a5ce9e8,32601f4c-ac26-46dc-b11f-f30daa1e54e4,2bc3bd90-0760-5d47-9467-5a5992c412e5,2026-27,6,18.11,19.06,17.18,35.52,89.87,A,f
2ce51f23-2488-0c7e-b7a9-6d745cab26cc,32601f4c-ac26-46dc-b11f-f30daa1e54e4,d9518e1b-06ba-5f43-b6b9-67d017eaae5d,2026-27,6,18.91,15.56,19.18,33.42,87.07,A,f
621e0856-d2ed-52e7-3f96-ddcd10a9ed01,32601f4c-ac26-46dc-b11f-f30daa1e54e4,005078bd-c539-5c44-a631-7e7dd9fb778c,2026-27,6,17.81,16.96,17.18,33.92,85.87,A,f
82048181-5a73-91b5-636a-ba6462e25891,32601f4c-ac26-46dc-b11f-f30daa1e54e4,539f9c66-84f9-5b19-943a-cb15d62bbc33,2026-27,6,18.91,15.16,18.78,36.12,88.97,A,f
3e16434d-ce1c-548a-7fa2-9a343d080e71,85255be7-77f6-41bd-8cd2-92739befd69c,730c5632-33dc-5e69-a798-6135043a47aa,2026-27,4,16.33,17.86,15.96,32.47,82.62,A,f
1caa59a7-3a30-b7e6-85b0-06d797652ed9,85255be7-77f6-41bd-8cd2-92739befd69c,21e87180-7538-5689-922d-8889674702ed,2026-27,4,17.73,15.96,15.86,30.77,80.32,A,f
4fb7071c-7844-339e-3499-fa63574c9d30,85255be7-77f6-41bd-8cd2-92739befd69c,a71f945b-22bf-5921-85a0-cb1acd7cb2e6,2026-27,4,15.73,14.56,18.16,30.17,78.62,B+,f
906c7a1e-0ee2-2e71-0b66-ca326136420e,85255be7-77f6-41bd-8cd2-92739befd69c,859db046-894d-53cc-8cb4-3643d0c7f1fe,2026-27,4,18.23,17.26,15.76,30.67,81.92,A,f
bfc7d1e2-b4a8-ee18-7947-aa12c5b44c74,85255be7-77f6-41bd-8cd2-92739befd69c,40d412e8-fc3b-5972-8ff2-90b35de8a2d3,2026-27,4,16.33,16.06,16.36,30.67,79.42,B+,f
66ccd49f-8810-abaf-c7cf-ae4675e164a3,c2333b31-09ec-44b0-b676-c9154914e222,730c5632-33dc-5e69-a798-6135043a47aa,2026-27,4,17.21,17.63,15.82,32.07,82.73,A,f
93536c84-07c6-2eee-c76a-b68da21ad643,c2333b31-09ec-44b0-b676-c9154914e222,21e87180-7538-5689-922d-8889674702ed,2026-27,4,16.91,15.03,16.42,31.57,79.93,B+,f
e4535737-4cbe-682f-b1b9-6c0dd5040067,c2333b31-09ec-44b0-b676-c9154914e222,a71f945b-22bf-5921-85a0-cb1acd7cb2e6,2026-27,4,16.71,16.83,15.62,29.27,78.43,B+,f
0196d631-c9c0-a16b-958e-f017f62491ad,c2333b31-09ec-44b0-b676-c9154914e222,859db046-894d-53cc-8cb4-3643d0c7f1fe,2026-27,4,18.01,16.93,16.32,35.07,86.33,A,f
6d0f74ca-e064-f2dc-af59-0fca0c85f52d,c2333b31-09ec-44b0-b676-c9154914e222,40d412e8-fc3b-5972-8ff2-90b35de8a2d3,2026-27,4,15.11,15.83,17.02,29.77,77.73,B+,f
6376a06f-edfb-ae8c-8fa0-aab261b1bc68,6eb783df-851f-4b52-a38f-06c17a232bcd,c697ab81-ffed-5fa6-9b51-be0954571d20,2026-27,1,17.74,16.87,15.67,32.87,83.15,A,f
7e97f501-90b0-9925-f7c0-380179feae80,6eb783df-851f-4b52-a38f-06c17a232bcd,cc6bfe47-d156-5f3c-a0a6-64be53ff1202,2026-27,1,16.04,17.57,16.87,31.37,81.85,A,f
fc70b4f2-fe2e-31cc-912c-90a3f43392fc,6eb783df-851f-4b52-a38f-06c17a232bcd,945cbb28-3a50-5ed1-8e70-c416ee3f92f0,2026-27,1,17.44,17.37,17.77,33.57,86.15,A,f
193c257a-1610-0ff4-be4b-adfd1b15abb2,6eb783df-851f-4b52-a38f-06c17a232bcd,325f5f11-db40-5f00-816d-d66357e36c70,2026-27,1,17.34,18.27,16.97,31.07,83.65,A,f
be1c9644-8fa1-7e10-6a18-9e22e14a784b,6eb783df-851f-4b52-a38f-06c17a232bcd,817d9a6f-e405-58f8-991b-373c31bd4e25,2026-27,1,17.04,15.87,15.97,29.57,78.45,B+,f
6332d775-7b45-b420-c0af-6a7c9a897292,52af834e-801d-461c-bb7c-4625f9a73384,c697ab81-ffed-5fa6-9b51-be0954571d20,2026-27,1,16.31,15.45,16.17,32.65,80.58,A,f
952d5c30-a1a1-2983-11e5-a41521fa8b88,52af834e-801d-461c-bb7c-4625f9a73384,cc6bfe47-d156-5f3c-a0a6-64be53ff1202,2026-27,1,17.41,18.85,17.07,36.45,89.78,A,f
062a40cc-c54c-ff91-79ba-3f994a8ceaf5,52af834e-801d-461c-bb7c-4625f9a73384,945cbb28-3a50-5ed1-8e70-c416ee3f92f0,2026-27,1,15.91,15.35,16.57,31.25,79.08,B+,f
e3f3e172-ad52-7ac2-30b6-c4e9e8d61dd1,52af834e-801d-461c-bb7c-4625f9a73384,325f5f11-db40-5f00-816d-d66357e36c70,2026-27,1,15.81,16.15,16.57,32.85,81.38,A,f
f855cd75-3c70-40c5-463b-60ddccd2696e,52af834e-801d-461c-bb7c-4625f9a73384,817d9a6f-e405-58f8-991b-373c31bd4e25,2026-27,1,18.01,18.75,17.47,34.65,88.88,A,f
26d40dcb-989c-7fbc-ee2a-576b471fb76f,38982a79-49a1-412b-b2a1-174290b886e1,f8b6ad01-594d-5e52-b325-ed9eb13211e1,2026-27,2,18.98,18.34,17.47,32.93,87.72,A,f
3c6818bd-f72b-833b-60dc-dd1c32969649,38982a79-49a1-412b-b2a1-174290b886e1,f27d152a-f613-51a3-aea8-0506e5d24c3a,2026-27,2,18.68,15.64,18.77,37.63,90.72,A+,f
4b39be86-f324-e890-73f9-9d5458c05be6,38982a79-49a1-412b-b2a1-174290b886e1,5297007a-130e-5341-af7a-4e9027c2dadf,2026-27,2,18.28,19.44,16.87,35.93,90.52,A+,f
0b078e61-823a-67a0-fafc-7ec9b24d643f,38982a79-49a1-412b-b2a1-174290b886e1,c8e42f25-4acd-5f8b-8bce-f0cab27cc71f,2026-27,2,19.18,19.14,19.57,37.83,95.72,A+,f
51488157-5086-9d53-c2d8-e41157f39cfb,38982a79-49a1-412b-b2a1-174290b886e1,5ceb5573-0231-5d70-848b-193fcfdb644c,2026-27,2,16.58,17.64,18.97,36.63,89.82,A,f
35650827-8d45-b12f-8acd-0891edb97d0a,f0ea0fe2-f9e9-4a52-ae84-3efa8051a3be,29f10515-0a52-55f4-896b-fa882e11e38e,2026-27,6,17.2,15.75,16.98,32.0,81.93,A,f
97d5a531-8d89-b2d0-c58f-e62768e6397f,f0ea0fe2-f9e9-4a52-ae84-3efa8051a3be,2bc3bd90-0760-5d47-9467-5a5992c412e5,2026-27,6,18.1,15.25,16.68,36.5,86.53,A,f
56db290f-1702-66bb-3ec7-123491188400,f0ea0fe2-f9e9-4a52-ae84-3efa8051a3be,d9518e1b-06ba-5f43-b6b9-67d017eaae5d,2026-27,6,16.7,18.45,17.38,32.1,84.63,A,f
4adb359c-6341-0430-042b-c6f3e896fe05,f0ea0fe2-f9e9-4a52-ae84-3efa8051a3be,005078bd-c539-5c44-a631-7e7dd9fb778c,2026-27,6,16.1,15.65,17.98,32.9,82.63,A,f
b760e918-d40b-f1f2-2fec-e28f3c94cf57,f0ea0fe2-f9e9-4a52-ae84-3efa8051a3be,539f9c66-84f9-5b19-943a-cb15d62bbc33,2026-27,6,17.5,16.15,18.88,36.0,88.53,A,f
ab6ae0ea-9ab8-5910-3b07-c787f82cf1d4,fb548331-f4e9-4ad6-bf26-6c49b50598aa,c697ab81-ffed-5fa6-9b51-be0954571d20,2026-27,1,15.75,15.48,15.86,33.44,80.53,A,f
94860ca9-697f-acde-43fb-870d36f3d5f2,fb548331-f4e9-4ad6-bf26-6c49b50598aa,cc6bfe47-d156-5f3c-a0a6-64be53ff1202,2026-27,1,17.75,17.08,17.66,34.84,87.33,A,f
03867179-612f-97ea-1405-1a6d2a8a0b79,fb548331-f4e9-4ad6-bf26-6c49b50598aa,945cbb28-3a50-5ed1-8e70-c416ee3f92f0,2026-27,1,15.45,16.48,15.86,33.44,81.23,A,f
590af384-c229-499e-2828-ff8fddbcfc66,fb548331-f4e9-4ad6-bf26-6c49b50598aa,325f5f11-db40-5f00-816d-d66357e36c70,2026-27,1,17.55,16.88,18.06,30.84,83.33,A,f
03a98247-e4cf-1f2f-919c-144d533f4b70,fb548331-f4e9-4ad6-bf26-6c49b50598aa,817d9a6f-e405-58f8-991b-373c31bd4e25,2026-27,1,17.75,14.38,17.16,30.14,79.43,B+,f
b69f8353-2864-9354-d6c4-6e36e3d726b2,ded5b364-8588-458e-a9f7-e2a193883775,730c5632-33dc-5e69-a798-6135043a47aa,2026-27,4,16.45,15.5,17.64,35.86,85.45,A,f
5314b26d-6573-6efc-8908-14eeeb6e8d53,ded5b364-8588-458e-a9f7-e2a193883775,21e87180-7538-5689-922d-8889674702ed,2026-27,4,17.55,18.7,19.34,33.56,89.15,A,f
186504e4-b506-843b-1b25-b06e1f7d1b47,ded5b364-8588-458e-a9f7-e2a193883775,a71f945b-22bf-5921-85a0-cb1acd7cb2e6,2026-27,4,17.45,17.8,16.84,38.06,90.15,A+,f
2ff2b4a9-7e21-2c0b-cb7e-e66ebd01aa79,ded5b364-8588-458e-a9f7-e2a193883775,859db046-894d-53cc-8cb4-3643d0c7f1fe,2026-27,4,17.95,17.5,19.24,33.06,87.75,A,f
4d8ed993-0c59-57a5-49a2-7cb001a4208d,ded5b364-8588-458e-a9f7-e2a193883775,40d412e8-fc3b-5972-8ff2-90b35de8a2d3,2026-27,4,18.95,18.0,17.24,32.06,86.25,A,f
7e6a1715-2e17-db29-1df7-422f14fe56e3,ca239e5a-e87b-4521-8602-e18c40dcbded,29f10515-0a52-55f4-896b-fa882e11e38e,2026-27,6,15.86,17.09,17.68,33.31,83.94,A,f
74ad910e-50e5-7a06-02b0-ca2ecf260bb7,ca239e5a-e87b-4521-8602-e18c40dcbded,2bc3bd90-0760-5d47-9467-5a5992c412e5,2026-27,6,15.26,16.49,16.68,30.61,79.04,B+,f
4bcc7c1d-897a-61f1-1193-6da018518318,ca239e5a-e87b-4521-8602-e18c40dcbded,d9518e1b-06ba-5f43-b6b9-67d017eaae5d,2026-27,6,15.86,16.89,17.98,33.61,84.34,A,f
3e2d3ea1-9b17-bb9c-2214-20c127af74d4,ca239e5a-e87b-4521-8602-e18c40dcbded,005078bd-c539-5c44-a631-7e7dd9fb778c,2026-27,6,15.46,15.89,18.18,31.41,80.94,A,f
d69e6218-8f12-33d0-5382-7d22563dbe4e,ca239e5a-e87b-4521-8602-e18c40dcbded,539f9c66-84f9-5b19-943a-cb15d62bbc33,2026-27,6,15.66,15.99,18.38,34.31,84.34,A,f
a4075447-48c4-8ba8-8b6f-7efe31604c34,3f0c0058-6e4a-4577-8cd3-5838c6a78ae9,c697ab81-ffed-5fa6-9b51-be0954571d20,2026-27,1,16.53,16.34,15.31,33.69,81.87,A,f
ec09a9e8-5b94-ddc2-63e5-6e1a4d758f10,3f0c0058-6e4a-4577-8cd3-5838c6a78ae9,cc6bfe47-d156-5f3c-a0a6-64be53ff1202,2026-27,1,16.93,15.94,16.11,32.39,81.37,A,f
25b4c643-8018-4deb-6258-5453d38b6461,3f0c0058-6e4a-4577-8cd3-5838c6a78ae9,945cbb28-3a50-5ed1-8e70-c416ee3f92f0,2026-27,1,16.23,14.74,15.81,33.59,80.37,A,f
b104cf4e-c848-bc1e-0f50-0c0a869af694,3f0c0058-6e4a-4577-8cd3-5838c6a78ae9,325f5f11-db40-5f00-816d-d66357e36c70,2026-27,1,16.43,16.24,15.31,32.89,80.87,A,f
b8f52926-f117-9957-7b3c-c2690d3955c3,3f0c0058-6e4a-4577-8cd3-5838c6a78ae9,817d9a6f-e405-58f8-991b-373c31bd4e25,2026-27,1,15.83,14.94,17.01,29.79,77.57,B+,f
ff71019f-ce1e-3dae-5208-49a4b37cbff9,37ded831-df02-41b6-b566-5b713bf15bb6,29f10515-0a52-55f4-896b-fa882e11e38e,2026-27,6,16.46,16.38,15.56,30.79,79.19,B+,f
de28985c-6c8d-e067-a650-66ab80021985,37ded831-df02-41b6-b566-5b713bf15bb6,2bc3bd90-0760-5d47-9467-5a5992c412e5,2026-27,6,16.36,16.28,15.26,32.99,80.89,A,f
ebe7233a-a4ef-a4a2-cdd8-5c62ef5dd25e,37ded831-df02-41b6-b566-5b713bf15bb6,d9518e1b-06ba-5f43-b6b9-67d017eaae5d,2026-27,6,17.26,17.68,17.86,28.59,81.39,A,f
423fc677-2493-ab4f-85fb-3930be6f66e0,37ded831-df02-41b6-b566-5b713bf15bb6,005078bd-c539-5c44-a631-7e7dd9fb778c,2026-27,6,16.16,13.78,17.16,30.29,77.39,B+,f
4c7e4787-104b-9398-7552-1413d41a4ab0,37ded831-df02-41b6-b566-5b713bf15bb6,539f9c66-84f9-5b19-943a-cb15d62bbc33,2026-27,6,16.16,17.58,15.16,30.89,79.79,B+,f
b6eed61f-e9a4-b0f9-a6e0-7654d868cf24,f084fc33-aa1b-4930-84ca-c1544cf2ef6d,f8b6ad01-594d-5e52-b325-ed9eb13211e1,2026-27,2,18.47,19.32,16.55,37.38,91.72,A+,f
70bd887b-7940-754b-799a-ac2cc81c3e89,f084fc33-aa1b-4930-84ca-c1544cf2ef6d,f27d152a-f613-51a3-aea8-0506e5d24c3a,2026-27,2,17.47,17.42,17.25,32.08,84.22,A,f
6e41ef12-1179-e8f7-ca7c-898bae76dad8,f084fc33-aa1b-4930-84ca-c1544cf2ef6d,5297007a-130e-5341-af7a-4e9027c2dadf,2026-27,2,18.57,15.92,16.95,35.78,87.22,A,f
fd9ae248-8d7c-3ef5-19aa-b7e7caf11e2a,f084fc33-aa1b-4930-84ca-c1544cf2ef6d,c8e42f25-4acd-5f8b-8bce-f0cab27cc71f,2026-27,2,16.47,16.62,16.85,32.28,82.22,A,f
9053bb9e-e1e4-6807-a976-c46f352a1fcc,f084fc33-aa1b-4930-84ca-c1544cf2ef6d,5ceb5573-0231-5d70-848b-193fcfdb644c,2026-27,2,18.87,17.42,19.35,36.78,92.42,A+,f
83ee183a-f575-125a-7c96-ee4a5850b6e4,af175c0c-15f0-44f8-81e5-ef8524d49392,f8b6ad01-594d-5e52-b325-ed9eb13211e1,2026-27,2,17.42,17.76,17.18,35.85,88.21,A,f
c8f4d179-b541-796d-6609-4907f2f4d436,af175c0c-15f0-44f8-81e5-ef8524d49392,f27d152a-f613-51a3-aea8-0506e5d24c3a,2026-27,2,18.52,17.26,17.78,30.85,84.41,A,f
107be9ba-20f2-4220-cb6e-f9ae3fd684c4,af175c0c-15f0-44f8-81e5-ef8524d49392,5297007a-130e-5341-af7a-4e9027c2dadf,2026-27,2,16.22,18.76,18.38,33.65,87.01,A,f
7b1acc1a-2892-1f32-ae25-cd250625afda,af175c0c-15f0-44f8-81e5-ef8524d49392,c8e42f25-4acd-5f8b-8bce-f0cab27cc71f,2026-27,2,16.12,15.66,15.98,32.25,80.01,A,f
3055c6d2-be4e-2b35-2c21-05f232550be2,af175c0c-15f0-44f8-81e5-ef8524d49392,5ceb5573-0231-5d70-848b-193fcfdb644c,2026-27,2,17.22,17.56,16.38,33.15,84.31,A,f
23a9fe3f-552a-8d51-13a9-b70e045453aa,a14a6397-5b93-464b-b6d8-3ebbe5e7f1c4,29f10515-0a52-55f4-896b-fa882e11e38e,2026-27,6,17.95,19.62,19.29,37.56,94.42,A+,f
a8b437f5-cf55-334d-58ac-720b3550b2f0,a14a6397-5b93-464b-b6d8-3ebbe5e7f1c4,2bc3bd90-0760-5d47-9467-5a5992c412e5,2026-27,6,17.85,16.22,17.49,34.36,85.92,A,f
7bea324e-8e6f-b9e7-3921-ab85c69043ff,a14a6397-5b93-464b-b6d8-3ebbe5e7f1c4,d9518e1b-06ba-5f43-b6b9-67d017eaae5d,2026-27,6,18.55,17.62,18.09,39.56,93.82,A+,f
f4d06ed5-66f2-1377-7123-aaafcbbf9a85,a14a6397-5b93-464b-b6d8-3ebbe5e7f1c4,005078bd-c539-5c44-a631-7e7dd9fb778c,2026-27,6,17.75,18.42,18.19,38.56,92.92,A+,f
1689747d-c263-ae62-e29b-c86bb6ed9e5f,a14a6397-5b93-464b-b6d8-3ebbe5e7f1c4,539f9c66-84f9-5b19-943a-cb15d62bbc33,2026-27,6,18.25,19.32,19.69,39.16,96.42,A+,f
d357a13a-addd-2e96-50c4-814b0763899b,7f323044-97ed-4628-84f2-587b2028e5c3,c697ab81-ffed-5fa6-9b51-be0954571d20,2026-27,1,17.3,16.42,17.59,32.03,83.34,A,f
6b84dc38-0169-edd0-6dba-f3411ab075c7,7f323044-97ed-4628-84f2-587b2028e5c3,cc6bfe47-d156-5f3c-a0a6-64be53ff1202,2026-27,1,16.9,16.32,15.79,32.23,81.24,A,f
29a38950-5f0e-10bc-8569-b6ce7ef414dc,7f323044-97ed-4628-84f2-587b2028e5c3,945cbb28-3a50-5ed1-8e70-c416ee3f92f0,2026-27,1,15.6,15.42,16.79,32.03,79.84,B+,f
3ed0a814-340d-9141-b71d-23630973fdc8,7f323044-97ed-4628-84f2-587b2028e5c3,325f5f11-db40-5f00-816d-d66357e36c70,2026-27,1,17.0,14.92,16.99,31.73,80.64,A,f
88ef89c7-fdc4-e7df-ed9f-617d4969dcbc,7f323044-97ed-4628-84f2-587b2028e5c3,817d9a6f-e405-58f8-991b-373c31bd4e25,2026-27,1,15.1,15.02,14.79,30.53,75.44,B+,f
97010498-30f6-f289-97a0-7bd7885b4088,b196267c-e9ec-446b-bb9d-7daaa27cc54c,f8b6ad01-594d-5e52-b325-ed9eb13211e1,2026-27,2,16.5,18.26,17.9,33.62,86.28,A,f
c9c5f394-c00e-f6c7-12c9-940ef5a56182,b196267c-e9ec-446b-bb9d-7daaa27cc54c,f27d152a-f613-51a3-aea8-0506e5d24c3a,2026-27,2,19.0,16.86,18.5,34.82,89.18,A,f
460849e6-e006-340d-077d-0dd56f7c3db3,b196267c-e9ec-446b-bb9d-7daaa27cc54c,5297007a-130e-5341-af7a-4e9027c2dadf,2026-27,2,17.5,18.46,19.0,38.42,93.38,A+,f
914b174a-d721-e0b0-28a8-afb27db037ca,b196267c-e9ec-446b-bb9d-7daaa27cc54c,c8e42f25-4acd-5f8b-8bce-f0cab27cc71f,2026-27,2,19.2,17.16,19.9,38.42,94.68,A+,f
0a7f194c-787a-7bf9-b281-557f9f0ab051,b196267c-e9ec-446b-bb9d-7daaa27cc54c,5ceb5573-0231-5d70-848b-193fcfdb644c,2026-27,2,16.8,18.06,17.8,34.62,87.28,A,f
588bdd3a-658b-5d43-7f6f-d4c3b07aeda8,9129f6dd-8c42-4689-8390-b53442393f78,f8b6ad01-594d-5e52-b325-ed9eb13211e1,2026-27,2,19.33,19.1,19.06,36.97,94.46,A+,f
2ab613ee-876e-0568-c9a4-6f08b86f3d73,9129f6dd-8c42-4689-8390-b53442393f78,f27d152a-f613-51a3-aea8-0506e5d24c3a,2026-27,2,18.73,16.7,17.46,37.77,90.66,A+,f
4036c8fc-9781-4f7b-b69e-0ece2c37f370,9129f6dd-8c42-4689-8390-b53442393f78,5297007a-130e-5341-af7a-4e9027c2dadf,2026-27,2,19.13,18.6,18.46,37.77,93.96,A+,f
40351e68-21a5-e650-8255-64dccba7540b,9129f6dd-8c42-4689-8390-b53442393f78,c8e42f25-4acd-5f8b-8bce-f0cab27cc71f,2026-27,2,17.83,16.0,17.36,38.17,89.36,A,f
78b1f62d-cde1-6b4b-c480-809112957f6d,9129f6dd-8c42-4689-8390-b53442393f78,5ceb5573-0231-5d70-848b-193fcfdb644c,2026-27,2,18.53,19.8,18.56,35.97,92.86,A+,f
00fa1ce2-e2aa-94c0-fb1a-b60bddef1c09,861f280c-3cfe-4b18-9c18-3ecca68192af,c697ab81-ffed-5fa6-9b51-be0954571d20,2026-27,1,20.0,20.0,18.06,38.96,97.02,A+,f
a930e66c-47f7-d833-9c6a-3b63d222056f,861f280c-3cfe-4b18-9c18-3ecca68192af,cc6bfe47-d156-5f3c-a0a6-64be53ff1202,2026-27,1,20.0,20.0,19.36,39.66,99.02,A+,f
baa0975b-4b86-402d-ad06-3fbebf0d562c,861f280c-3cfe-4b18-9c18-3ecca68192af,945cbb28-3a50-5ed1-8e70-c416ee3f92f0,2026-27,1,18.68,19.67,18.36,37.56,94.27,A+,f
f14a4702-49b7-ea94-87d8-e8c5e622accf,861f280c-3cfe-4b18-9c18-3ecca68192af,325f5f11-db40-5f00-816d-d66357e36c70,2026-27,1,20.0,17.67,18.36,38.26,94.29,A+,f
9f962ff4-e538-3b52-0470-db7583be7549,861f280c-3cfe-4b18-9c18-3ecca68192af,817d9a6f-e405-58f8-991b-373c31bd4e25,2026-27,1,20.0,17.27,19.66,40.0,96.93,A+,f
efb536b2-0302-aeae-631c-c0ad167401bd,009a5366-715a-44a4-a575-400171178811,f8b6ad01-594d-5e52-b325-ed9eb13211e1,2026-27,2,20.0,18.21,18.49,34.69,91.39,A+,f
f40a3d95-0280-8e5b-3cf6-b0075c38b745,009a5366-715a-44a4-a575-400171178811,f27d152a-f613-51a3-aea8-0506e5d24c3a,2026-27,2,18.33,18.51,18.09,39.69,94.62,A+,f
5e841d7b-ec04-7dd4-778e-5286bf2f4cd0,009a5366-715a-44a4-a575-400171178811,5297007a-130e-5341-af7a-4e9027c2dadf,2026-27,2,19.03,19.31,18.59,38.09,95.02,A+,f
2870118b-c700-d905-7eba-3f8d8bc4fe2b,009a5366-715a-44a4-a575-400171178811,c8e42f25-4acd-5f8b-8bce-f0cab27cc71f,2026-27,2,19.03,17.41,18.19,38.89,93.52,A+,f
b8ccc0dd-b5be-a784-0057-1de4cb67955c,009a5366-715a-44a4-a575-400171178811,5ceb5573-0231-5d70-848b-193fcfdb644c,2026-27,2,18.83,19.81,19.59,34.99,93.22,A+,f
59de50e2-60aa-74aa-ddd0-5c0eedb7786b,e309f6c1-3d89-4582-be44-594c355de08f,f8b6ad01-594d-5e52-b325-ed9eb13211e1,2026-27,2,19.63,17.22,18.21,39.89,94.95,A+,f
a961f0ab-c2f2-e624-bb35-938120893a16,e309f6c1-3d89-4582-be44-594c355de08f,f27d152a-f613-51a3-aea8-0506e5d24c3a,2026-27,2,20.0,20.0,20.0,39.59,99.59,A+,f
786cd61e-1014-6b47-091b-12f963f19b97,e309f6c1-3d89-4582-be44-594c355de08f,5297007a-130e-5341-af7a-4e9027c2dadf,2026-27,2,17.93,20.0,20.0,40.0,97.93,A+,f
1eec4e13-c1d3-1add-1a6c-444fd90166e5,e309f6c1-3d89-4582-be44-594c355de08f,c8e42f25-4acd-5f8b-8bce-f0cab27cc71f,2026-27,2,18.33,17.42,19.11,38.69,93.55,A+,f
d7fccb18-2279-18de-451c-90ad88c7e9e9,e309f6c1-3d89-4582-be44-594c355de08f,5ceb5573-0231-5d70-848b-193fcfdb644c,2026-27,2,20.0,17.42,19.71,38.29,95.42,A+,f
476d67d2-264f-0de8-05b9-29f4e366ce00,2bf9d12f-2d2b-4f7d-be18-857095334cf6,730c5632-33dc-5e69-a798-6135043a47aa,2026-27,4,16.8,18.43,17.73,33.32,86.28,A,f
c14d56f4-0830-c44b-fb38-93c6c7164a92,2bf9d12f-2d2b-4f7d-be18-857095334cf6,21e87180-7538-5689-922d-8889674702ed,2026-27,4,16.6,16.03,18.43,33.02,84.08,A,f
c00a6967-d6a4-415b-1897-7e695b799303,2bf9d12f-2d2b-4f7d-be18-857095334cf6,a71f945b-22bf-5921-85a0-cb1acd7cb2e6,2026-27,4,15.6,16.83,16.63,31.22,80.28,A,f
5049cb08-43a4-357d-2721-d76cfa1ce2ee,2bf9d12f-2d2b-4f7d-be18-857095334cf6,859db046-894d-53cc-8cb4-3643d0c7f1fe,2026-27,4,17.6,14.53,16.93,34.72,83.78,A,f
639b2b00-4b3b-f91a-dbb8-c635bd2d6395,2bf9d12f-2d2b-4f7d-be18-857095334cf6,40d412e8-fc3b-5972-8ff2-90b35de8a2d3,2026-27,4,16.0,18.43,16.13,30.42,80.98,A,f
1e2c6415-4afa-a402-df57-51b28a466c63,98741a3c-0101-46f1-91bf-4e998872c26b,f8b6ad01-594d-5e52-b325-ed9eb13211e1,2026-27,2,16.65,14.78,15.58,30.81,77.82,B+,f
85eb2f96-a18b-e1ac-e811-66f7e648542a,98741a3c-0101-46f1-91bf-4e998872c26b,f27d152a-f613-51a3-aea8-0506e5d24c3a,2026-27,2,17.75,16.58,17.68,32.91,84.92,A,f
0fcbebe2-da10-b1c9-c97d-3e6a91be2801,98741a3c-0101-46f1-91bf-4e998872c26b,5297007a-130e-5341-af7a-4e9027c2dadf,2026-27,2,15.25,15.58,18.18,34.31,83.32,A,f
f8abb350-4841-865b-9647-d05630df4cc8,98741a3c-0101-46f1-91bf-4e998872c26b,c8e42f25-4acd-5f8b-8bce-f0cab27cc71f,2026-27,2,16.75,14.58,16.58,30.71,78.62,B+,f
5e0ab426-065c-707b-ea41-40b2c1f82698,98741a3c-0101-46f1-91bf-4e998872c26b,5ceb5573-0231-5d70-848b-193fcfdb644c,2026-27,2,15.85,15.18,18.58,35.11,84.72,A,f
f9b4dc00-ea6d-7a07-69b2-04a3abfac482,f81012b0-336d-475e-978a-62fa6bad2777,c697ab81-ffed-5fa6-9b51-be0954571d20,2026-27,1,16.63,14.87,16.29,35.19,82.98,A,f
3625bb60-b465-601b-e882-bd2ad7358e9f,f81012b0-336d-475e-978a-62fa6bad2777,cc6bfe47-d156-5f3c-a0a6-64be53ff1202,2026-27,1,17.13,18.77,18.19,30.99,85.08,A,f
f9e29ecb-81ba-ccac-73e8-b2bf1fc9bcfb,f81012b0-336d-475e-978a-62fa6bad2777,945cbb28-3a50-5ed1-8e70-c416ee3f92f0,2026-27,1,17.53,17.37,17.89,35.49,88.28,A,f
aeb4bac0-0c6b-9fbf-9dd6-7c4fce13eed7,f81012b0-336d-475e-978a-62fa6bad2777,325f5f11-db40-5f00-816d-d66357e36c70,2026-27,1,17.83,15.67,17.49,31.59,82.58,A,f
187cd45a-b526-b741-b4a6-a8ab2848985b,f81012b0-336d-475e-978a-62fa6bad2777,817d9a6f-e405-58f8-991b-373c31bd4e25,2026-27,1,15.83,18.67,16.49,36.69,87.68,A,f
36d0622e-3bca-97eb-2dba-951209bb510a,d126ca15-f173-4e5d-81d2-5cd2c3c6e19c,29f10515-0a52-55f4-896b-fa882e11e38e,2026-27,6,18.14,17.59,17.53,35.76,89.02,A,f
420fb2ae-cb65-25e8-54b6-6de84555d41d,d126ca15-f173-4e5d-81d2-5cd2c3c6e19c,2bc3bd90-0760-5d47-9467-5a5992c412e5,2026-27,6,18.94,18.99,17.13,33.36,88.42,A,f
70b9fa23-8f26-dd0f-e0e5-50cc838f408c,d126ca15-f173-4e5d-81d2-5cd2c3c6e19c,d9518e1b-06ba-5f43-b6b9-67d017eaae5d,2026-27,6,16.54,17.09,19.03,37.96,90.62,A+,f
e7d96a9f-29ab-abde-211e-1a5d3e58b19d,d126ca15-f173-4e5d-81d2-5cd2c3c6e19c,005078bd-c539-5c44-a631-7e7dd9fb778c,2026-27,6,16.94,18.19,16.93,34.06,86.12,A,f
d3ca18bd-f2b6-b8b5-fbc9-77c6a9a46311,d126ca15-f173-4e5d-81d2-5cd2c3c6e19c,539f9c66-84f9-5b19-943a-cb15d62bbc33,2026-27,6,19.04,19.29,18.93,37.96,95.22,A+,f
3be6d52a-ffad-f276-fd1e-324921b71c14,2827d682-37df-4ce1-bbf3-9a60813adb16,f8b6ad01-594d-5e52-b325-ed9eb13211e1,2026-27,2,17.28,17.03,16.86,34.6,85.77,A,f
be0babfb-97e3-7406-003e-06abcad76b8f,2827d682-37df-4ce1-bbf3-9a60813adb16,f27d152a-f613-51a3-aea8-0506e5d24c3a,2026-27,2,18.48,18.83,19.16,32.1,88.57,A,f
0856bb3a-8963-f173-8b4d-d43c32e7b969,2827d682-37df-4ce1-bbf3-9a60813adb16,5297007a-130e-5341-af7a-4e9027c2dadf,2026-27,2,18.98,16.33,19.06,36.2,90.57,A+,f
53dc7863-4de3-27df-2fa6-2c3a67e4b042,2827d682-37df-4ce1-bbf3-9a60813adb16,c8e42f25-4acd-5f8b-8bce-f0cab27cc71f,2026-27,2,18.98,16.03,17.76,34.0,86.77,A,f
e3c9d777-cac0-725d-40a8-640990937b4e,2827d682-37df-4ce1-bbf3-9a60813adb16,5ceb5573-0231-5d70-848b-193fcfdb644c,2026-27,2,17.38,15.93,19.56,35.4,88.27,A,f
46c5f79a-827f-1b0b-b507-2abea214019c,0271955f-73e9-486c-aa69-22c6b30e7255,730c5632-33dc-5e69-a798-6135043a47aa,2026-27,4,16.97,17.82,18.25,33.58,86.62,A,f
3a78871b-eb4a-fa40-0e46-a4594eb2b108,0271955f-73e9-486c-aa69-22c6b30e7255,21e87180-7538-5689-922d-8889674702ed,2026-27,4,17.17,18.42,18.25,34.78,88.62,A,f
57572768-a4ee-6825-be7c-27273f88b44b,0271955f-73e9-486c-aa69-22c6b30e7255,a71f945b-22bf-5921-85a0-cb1acd7cb2e6,2026-27,4,17.67,16.42,19.25,36.08,89.42,A,f
5f912d19-7336-74ac-9a33-f1885b0765cc,0271955f-73e9-486c-aa69-22c6b30e7255,859db046-894d-53cc-8cb4-3643d0c7f1fe,2026-27,4,17.07,16.12,17.65,33.98,84.82,A,f
316f8ec5-5645-06af-8c21-4d189bbd9447,0271955f-73e9-486c-aa69-22c6b30e7255,40d412e8-fc3b-5972-8ff2-90b35de8a2d3,2026-27,4,18.97,17.82,18.15,36.28,91.22,A+,f
8753c108-7cac-b239-2ff3-cde7ed43c4eb,9ffc5036-e640-4c0d-8ea4-34c012166d44,f8b6ad01-594d-5e52-b325-ed9eb13211e1,2026-27,2,18.15,18.7,19.04,36.16,92.05,A+,f
32160eef-2347-1e87-22b5-839520c0e1d9,9ffc5036-e640-4c0d-8ea4-34c012166d44,f27d152a-f613-51a3-aea8-0506e5d24c3a,2026-27,2,17.45,17.5,18.34,32.56,85.85,A,f
b247ba98-f755-f65e-f55e-e9dc52810f84,9ffc5036-e640-4c0d-8ea4-34c012166d44,5297007a-130e-5341-af7a-4e9027c2dadf,2026-27,2,17.65,16.8,18.24,33.86,86.55,A,f
735409f6-1163-7576-0d99-24174380854d,9ffc5036-e640-4c0d-8ea4-34c012166d44,c8e42f25-4acd-5f8b-8bce-f0cab27cc71f,2026-27,2,18.95,15.6,18.14,34.56,87.25,A,f
afa59e5d-2ae6-eabe-e604-1fd9121c3e27,9ffc5036-e640-4c0d-8ea4-34c012166d44,5ceb5573-0231-5d70-848b-193fcfdb644c,2026-27,2,17.75,17.9,16.84,37.86,90.35,A+,f
93805fa3-3013-9763-af56-590fbc23289b,97b50ebe-91e6-4fb0-a91c-135abc8331ca,29f10515-0a52-55f4-896b-fa882e11e38e,2026-27,6,17.31,15.56,19.2,34.77,86.84,A,f
bd73d54f-1892-98f2-d1e6-58320807b517,97b50ebe-91e6-4fb0-a91c-135abc8331ca,2bc3bd90-0760-5d47-9467-5a5992c412e5,2026-27,6,18.21,17.36,19.6,34.47,89.64,A,f
59b926a7-288a-dc65-a085-dcb2edd13a13,97b50ebe-91e6-4fb0-a91c-135abc8331ca,d9518e1b-06ba-5f43-b6b9-67d017eaae5d,2026-27,6,17.71,15.36,18.1,33.87,85.04,A,f
9090d458-ed22-5ff2-e887-c756a832d102,97b50ebe-91e6-4fb0-a91c-135abc8331ca,005078bd-c539-5c44-a631-7e7dd9fb778c,2026-27,6,17.81,15.66,18.1,31.97,83.54,A,f
a0f58756-d4cc-ffbe-5040-0f7053397901,97b50ebe-91e6-4fb0-a91c-135abc8331ca,539f9c66-84f9-5b19-943a-cb15d62bbc33,2026-27,6,17.01,15.56,19.6,37.37,89.54,A,f
2b107030-f60b-fbff-7c85-0b36086156e3,ad1c08a6-3a5d-4402-9394-1c067df9d095,f8b6ad01-594d-5e52-b325-ed9eb13211e1,2026-27,2,18.45,15.69,18.5,31.09,83.73,A,f
c6d16113-0c0e-9b8b-d4cb-25462adcbb72,ad1c08a6-3a5d-4402-9394-1c067df9d095,f27d152a-f613-51a3-aea8-0506e5d24c3a,2026-27,2,16.95,17.19,16.2,34.09,84.43,A,f
cefece6d-5f7c-69ed-8e2d-209416705a7f,ad1c08a6-3a5d-4402-9394-1c067df9d095,5297007a-130e-5341-af7a-4e9027c2dadf,2026-27,2,16.35,16.89,18.1,31.39,82.73,A,f
9c8ef991-4d69-3c67-0365-59b55e87e137,ad1c08a6-3a5d-4402-9394-1c067df9d095,c8e42f25-4acd-5f8b-8bce-f0cab27cc71f,2026-27,2,17.55,16.29,17.3,31.19,82.33,A,f
10183269-308f-f186-d8a1-3be98df87544,ad1c08a6-3a5d-4402-9394-1c067df9d095,5ceb5573-0231-5d70-848b-193fcfdb644c,2026-27,2,18.15,14.79,17.0,31.29,81.23,A,f
3bd7a9e4-86cf-aefe-d819-16caa81e7b62,a44b713b-5de1-44ef-9d5f-dafe07c64fde,29f10515-0a52-55f4-896b-fa882e11e38e,2026-27,6,19.02,17.89,19.74,37.12,93.77,A+,f
7b44a1ec-8a2a-c40b-9283-a78dc1a65108,a44b713b-5de1-44ef-9d5f-dafe07c64fde,2bc3bd90-0760-5d47-9467-5a5992c412e5,2026-27,6,19.02,17.19,18.54,36.32,91.07,A+,f
cf3c94de-1428-25ab-4dd2-7e4ff8a14c2b,a44b713b-5de1-44ef-9d5f-dafe07c64fde,d9518e1b-06ba-5f43-b6b9-67d017eaae5d,2026-27,6,19.12,16.39,18.94,36.22,90.67,A+,f
51487d0e-cc72-fe99-511e-6cab73560c24,a44b713b-5de1-44ef-9d5f-dafe07c64fde,005078bd-c539-5c44-a631-7e7dd9fb778c,2026-27,6,16.82,16.89,18.84,39.12,91.67,A+,f
cad3fa15-f013-266c-1bc1-378fee539d5b,a44b713b-5de1-44ef-9d5f-dafe07c64fde,539f9c66-84f9-5b19-943a-cb15d62bbc33,2026-27,6,18.22,17.79,18.54,36.32,90.87,A+,f
40e964d5-6105-7000-cdb7-d12f8ef88e1a,6b1dadad-96c2-49f5-84a4-8c090c6ca578,f8b6ad01-594d-5e52-b325-ed9eb13211e1,2026-27,2,15.66,13.56,14.92,28.18,72.32,B+,f
75e831c5-f831-7156-4d85-92bd00e22631,6b1dadad-96c2-49f5-84a4-8c090c6ca578,f27d152a-f613-51a3-aea8-0506e5d24c3a,2026-27,2,14.26,15.76,15.32,28.88,74.22,B+,f
623b29cb-1168-9ae1-c236-54c500a0d56c,6b1dadad-96c2-49f5-84a4-8c090c6ca578,5297007a-130e-5341-af7a-4e9027c2dadf,2026-27,2,14.56,15.86,15.42,31.48,77.32,B+,f
74882876-d78a-e2aa-6809-989ae14fe029,6b1dadad-96c2-49f5-84a4-8c090c6ca578,c8e42f25-4acd-5f8b-8bce-f0cab27cc71f,2026-27,2,16.06,17.26,14.52,28.08,75.92,B+,f
dea0fffe-fab7-b2c9-6bc9-eb06737b79e4,6b1dadad-96c2-49f5-84a4-8c090c6ca578,5ceb5573-0231-5d70-848b-193fcfdb644c,2026-27,2,15.16,13.86,17.22,29.08,75.32,B+,f
0462256a-1db0-12fe-58b5-ae4fd6e41e26,5a180a68-54be-4b6c-af4b-9c4072b7383b,c697ab81-ffed-5fa6-9b51-be0954571d20,2026-27,1,15.61,14.22,14.88,33.4,78.11,B+,f
65030c8f-e2ea-87dd-dbda-235090c65608,5a180a68-54be-4b6c-af4b-9c4072b7383b,cc6bfe47-d156-5f3c-a0a6-64be53ff1202,2026-27,1,16.91,16.32,15.48,33.1,81.81,A,f
ed2fef63-f8b0-11c9-e45c-59807f60cd18,5a180a68-54be-4b6c-af4b-9c4072b7383b,945cbb28-3a50-5ed1-8e70-c416ee3f92f0,2026-27,1,14.71,16.52,16.78,32.7,80.71,A,f
fb55124d-ee49-cb08-3633-6348ac4d01ba,5a180a68-54be-4b6c-af4b-9c4072b7383b,325f5f11-db40-5f00-816d-d66357e36c70,2026-27,1,17.01,13.62,17.38,32.8,80.81,A,f
17fa958c-7892-4f7f-cbf8-fa80be122051,5a180a68-54be-4b6c-af4b-9c4072b7383b,817d9a6f-e405-58f8-991b-373c31bd4e25,2026-27,1,15.61,15.22,16.58,30.9,78.31,B+,f
e58afb2a-2223-e8ee-c00e-381c43c3f496,979c5139-8e28-4f80-9db7-faa090cfc4b7,c697ab81-ffed-5fa6-9b51-be0954571d20,2026-27,1,16.4,15.92,17.9,30.2,80.42,A,f
134309f8-ed3d-9a85-4681-019d18b18dcf,979c5139-8e28-4f80-9db7-faa090cfc4b7,cc6bfe47-d156-5f3c-a0a6-64be53ff1202,2026-27,1,16.3,16.62,15.2,29.3,77.42,B+,f
3009ea52-1117-025a-ad66-4962561a18ca,979c5139-8e28-4f80-9db7-faa090cfc4b7,945cbb28-3a50-5ed1-8e70-c416ee3f92f0,2026-27,1,16.4,17.42,16.1,32.4,82.32,A,f
d5e4b202-a0d5-6d41-af33-eb6d290c3e5b,979c5139-8e28-4f80-9db7-faa090cfc4b7,325f5f11-db40-5f00-816d-d66357e36c70,2026-27,1,17.2,17.52,16.0,30.5,81.22,A,f
b6f650bb-2251-7578-f36a-2290e0456cb4,979c5139-8e28-4f80-9db7-faa090cfc4b7,817d9a6f-e405-58f8-991b-373c31bd4e25,2026-27,1,17.6,17.92,16.5,34.4,86.42,A,f
0037830d-2213-45c8-ec0e-797ac8d68d64,9e562acb-851d-41d2-9875-9842ea42fe88,29f10515-0a52-55f4-896b-fa882e11e38e,2026-27,6,17.06,18.51,16.82,33.24,85.63,A,f
6b9dc0b7-bdf5-7a35-8fd1-618ae9362510,9e562acb-851d-41d2-9875-9842ea42fe88,2bc3bd90-0760-5d47-9467-5a5992c412e5,2026-27,6,17.16,18.21,18.02,36.64,90.03,A+,f
8665742e-e422-b615-6d9b-ce513b6a9599,9e562acb-851d-41d2-9875-9842ea42fe88,d9518e1b-06ba-5f43-b6b9-67d017eaae5d,2026-27,6,16.86,16.31,17.22,34.24,84.63,A,f
c5afbf13-8cc8-802c-72c2-3d53c8ca654e,9e562acb-851d-41d2-9875-9842ea42fe88,005078bd-c539-5c44-a631-7e7dd9fb778c,2026-27,6,15.96,14.91,18.62,33.94,83.43,A,f
ca7d5bbf-2e33-c5cf-5a0a-d44a24b0fd59,9e562acb-851d-41d2-9875-9842ea42fe88,539f9c66-84f9-5b19-943a-cb15d62bbc33,2026-27,6,16.86,17.61,18.22,34.64,87.33,A,f
d6bd0742-aa77-1bdf-d36f-40507f7c84b3,2bda3d37-e0f4-48cc-9cc7-ee93364d80e6,c697ab81-ffed-5fa6-9b51-be0954571d20,2026-27,1,16.64,17.4,18.13,34.04,86.21,A,f
a9679a81-977b-49b7-64e2-65a4db724900,2bda3d37-e0f4-48cc-9cc7-ee93364d80e6,cc6bfe47-d156-5f3c-a0a6-64be53ff1202,2026-27,1,16.24,15.8,17.13,32.94,82.11,A,f
67d1b267-3c65-afdc-a3d3-886b499c35ce,2bda3d37-e0f4-48cc-9cc7-ee93364d80e6,945cbb28-3a50-5ed1-8e70-c416ee3f92f0,2026-27,1,19.04,15.5,17.93,33.34,85.81,A,f
59cd7bf6-ee4a-ed1f-0f0d-8fc9f856e790,2bda3d37-e0f4-48cc-9cc7-ee93364d80e6,325f5f11-db40-5f00-816d-d66357e36c70,2026-27,1,16.34,17.6,17.23,32.54,83.71,A,f
52832964-6d2f-a801-fc3d-af980fa4c030,2bda3d37-e0f4-48cc-9cc7-ee93364d80e6,817d9a6f-e405-58f8-991b-373c31bd4e25,2026-27,1,17.54,18.4,18.53,34.64,89.11,A,f
2c2aa2ea-80bd-8729-52c0-a05bd0748ad7,b294feb3-9edd-4130-aa19-51ab3620f741,f8b6ad01-594d-5e52-b325-ed9eb13211e1,2026-27,2,17.58,15.92,16.32,32.93,82.75,A,f
74a2776b-3d92-b1ea-1f21-0f446abb277a,b294feb3-9edd-4130-aa19-51ab3620f741,f27d152a-f613-51a3-aea8-0506e5d24c3a,2026-27,2,17.18,16.02,17.92,31.53,82.65,A,f
511e01d8-8f36-0d27-fc13-0f9839da8eaa,b294feb3-9edd-4130-aa19-51ab3620f741,5297007a-130e-5341-af7a-4e9027c2dadf,2026-27,2,18.18,15.72,18.22,36.23,88.35,A,f
fc3812f4-c374-a81b-fc6f-95cc80187641,b294feb3-9edd-4130-aa19-51ab3620f741,c8e42f25-4acd-5f8b-8bce-f0cab27cc71f,2026-27,2,16.08,15.62,16.02,32.43,80.15,A,f
7b24d035-cd84-0940-5aea-ee4c25f21517,b294feb3-9edd-4130-aa19-51ab3620f741,5ceb5573-0231-5d70-848b-193fcfdb644c,2026-27,2,17.28,14.82,17.32,31.83,81.25,A,f
0b295723-cb57-9377-e278-c60e98b1a239,dd718e4e-5783-46d7-993d-657fc25b4bc1,f8b6ad01-594d-5e52-b325-ed9eb13211e1,2026-27,2,17.22,17.46,16.17,32.02,82.87,A,f
73c2566c-a62f-8474-593f-125931bbab2a,dd718e4e-5783-46d7-993d-657fc25b4bc1,f27d152a-f613-51a3-aea8-0506e5d24c3a,2026-27,2,17.12,17.96,17.77,33.12,85.97,A,f
b99bf086-3f45-0e0d-31f1-c3861bc888de,dd718e4e-5783-46d7-993d-657fc25b4bc1,5297007a-130e-5341-af7a-4e9027c2dadf,2026-27,2,17.32,18.16,17.27,34.72,87.47,A,f
06a94e7f-906c-230f-5a8e-fa225fe36955,dd718e4e-5783-46d7-993d-657fc25b4bc1,c8e42f25-4acd-5f8b-8bce-f0cab27cc71f,2026-27,2,17.32,16.26,15.97,32.12,81.67,A,f
1a58caaa-59af-a770-bcf1-694106b75a46,dd718e4e-5783-46d7-993d-657fc25b4bc1,5ceb5573-0231-5d70-848b-193fcfdb644c,2026-27,2,15.62,15.06,17.07,34.42,82.17,A,f
33968811-1777-f809-f878-155ddbc236fd,bfa9803f-ace8-45c0-8031-109c494be49f,f8b6ad01-594d-5e52-b325-ed9eb13211e1,2026-27,2,18.08,18.16,20.0,36.53,92.77,A+,f
d2af7774-a853-7740-d5b5-f8a67d3a9613,bfa9803f-ace8-45c0-8031-109c494be49f,f27d152a-f613-51a3-aea8-0506e5d24c3a,2026-27,2,19.28,20.0,19.22,38.83,97.33,A+,f
180e8671-ccda-3777-8d26-0a9dd15e4367,bfa9803f-ace8-45c0-8031-109c494be49f,5297007a-130e-5341-af7a-4e9027c2dadf,2026-27,2,18.68,18.16,19.52,38.43,94.79,A+,f
48f33c88-bdf4-4cd0-a4a0-c8490bb63518,bfa9803f-ace8-45c0-8031-109c494be49f,c8e42f25-4acd-5f8b-8bce-f0cab27cc71f,2026-27,2,18.98,16.86,17.82,36.73,90.39,A+,f
c1cf17b4-d8e8-ea09-0424-44c11fd057cf,bfa9803f-ace8-45c0-8031-109c494be49f,5ceb5573-0231-5d70-848b-193fcfdb644c,2026-27,2,18.18,16.76,19.02,34.93,88.89,A,f
73054cf1-6072-a9ca-0bee-d573ed944384,baf154b5-2d4d-4c0a-b4fd-2b05d2feb16e,730c5632-33dc-5e69-a798-6135043a47aa,2026-27,4,15.94,17.49,18.32,37.07,88.82,A,f
0b23e693-f7de-9822-4982-191d1b6102b7,baf154b5-2d4d-4c0a-b4fd-2b05d2feb16e,21e87180-7538-5689-922d-8889674702ed,2026-27,4,16.34,18.59,19.02,36.47,90.42,A+,f
2840c31f-8687-fdf3-5c78-dc58d689db7b,baf154b5-2d4d-4c0a-b4fd-2b05d2feb16e,a71f945b-22bf-5921-85a0-cb1acd7cb2e6,2026-27,4,17.94,19.09,18.42,33.27,88.72,A,f
867845ce-a443-b947-b8fa-e9f1e9d841b4,baf154b5-2d4d-4c0a-b4fd-2b05d2feb16e,859db046-894d-53cc-8cb4-3643d0c7f1fe,2026-27,4,17.34,15.39,16.72,32.87,82.32,A,f
e0e98524-e4db-3430-26f6-de9c1ac93485,baf154b5-2d4d-4c0a-b4fd-2b05d2feb16e,40d412e8-fc3b-5972-8ff2-90b35de8a2d3,2026-27,4,16.74,18.59,19.02,34.37,88.72,A,f
98d43daa-f319-9929-f15a-6aaf660eeaa5,e62b1509-924f-49ed-b148-ebe005f3b3d1,730c5632-33dc-5e69-a798-6135043a47aa,2026-27,4,15.63,16.97,16.88,33.97,83.45,A,f
495c4b38-d1e7-4c04-8bac-34d853ffed0b,e62b1509-924f-49ed-b148-ebe005f3b3d1,21e87180-7538-5689-922d-8889674702ed,2026-27,4,18.03,14.87,16.58,32.27,81.75,A,f
6a39e34a-d187-7837-9311-cea710a4bff4,e62b1509-924f-49ed-b148-ebe005f3b3d1,a71f945b-22bf-5921-85a0-cb1acd7cb2e6,2026-27,4,17.33,18.57,16.68,31.27,83.85,A,f
8e38e06e-6c54-f307-e0ba-75d2e07beb8c,e62b1509-924f-49ed-b148-ebe005f3b3d1,859db046-894d-53cc-8cb4-3643d0c7f1fe,2026-27,4,17.43,17.57,17.48,35.37,87.85,A,f
0715bf23-3806-1c74-50f7-c0907000e6b7,e62b1509-924f-49ed-b148-ebe005f3b3d1,40d412e8-fc3b-5972-8ff2-90b35de8a2d3,2026-27,4,16.23,17.77,16.28,34.37,84.65,A,f
ec07f53b-709e-fe52-5f34-59d10a39f59c,392519ab-fef0-4af9-b669-0366ff089c3b,f8b6ad01-594d-5e52-b325-ed9eb13211e1,2026-27,2,16.61,16.54,16.33,30.42,79.9,B+,f
00db8901-9a5e-f336-5517-a415728419c8,392519ab-fef0-4af9-b669-0366ff089c3b,f27d152a-f613-51a3-aea8-0506e5d24c3a,2026-27,2,16.81,16.24,17.13,33.52,83.7,A,f
05c2db2e-3dda-2e02-4597-9642501a75ee,392519ab-fef0-4af9-b669-0366ff089c3b,5297007a-130e-5341-af7a-4e9027c2dadf,2026-27,2,16.61,14.94,16.03,34.52,82.1,A,f
394b7d37-b539-0059-b08e-5b4ab5630f14,392519ab-fef0-4af9-b669-0366ff089c3b,c8e42f25-4acd-5f8b-8bce-f0cab27cc71f,2026-27,2,17.61,14.44,16.13,33.12,81.3,A,f
1086b95b-28dc-7dc5-f05a-42dc3a290113,392519ab-fef0-4af9-b669-0366ff089c3b,5ceb5573-0231-5d70-848b-193fcfdb644c,2026-27,2,17.01,15.04,17.13,31.72,80.9,A,f
c4b826c2-9e2a-e274-20e9-525d3b7e559f,967e9c59-a0a5-4c88-a46d-25b7fcdf0d4b,730c5632-33dc-5e69-a798-6135043a47aa,2026-27,4,18.16,16.53,18.38,35.21,88.28,A,f
f3f7add2-f794-8f9e-4276-584c47b5886f,967e9c59-a0a5-4c88-a46d-25b7fcdf0d4b,21e87180-7538-5689-922d-8889674702ed,2026-27,4,18.26,18.43,19.78,36.51,92.98,A+,f
f344d145-d380-29a2-26cd-31ff77e3315c,967e9c59-a0a5-4c88-a46d-25b7fcdf0d4b,a71f945b-22bf-5921-85a0-cb1acd7cb2e6,2026-27,4,19.46,19.93,18.98,37.21,95.58,A+,f
f47c453c-ea61-f18b-3708-8d6923793a07,967e9c59-a0a5-4c88-a46d-25b7fcdf0d4b,859db046-894d-53cc-8cb4-3643d0c7f1fe,2026-27,4,17.66,16.33,17.98,34.51,86.48,A,f
a06526d3-0400-3f19-9ea0-b7a046a06cd0,967e9c59-a0a5-4c88-a46d-25b7fcdf0d4b,40d412e8-fc3b-5972-8ff2-90b35de8a2d3,2026-27,4,19.56,17.93,17.38,34.61,89.48,A,f
2db9778a-5342-d2da-22f0-3d988de59a09,3ff7a083-bbb8-4966-a9a1-1124f6072d27,730c5632-33dc-5e69-a798-6135043a47aa,2026-27,4,14.68,14.49,15.05,28.03,72.25,B+,f
6b0ba77a-3b07-5e4d-34a5-a41b57054def,3ff7a083-bbb8-4966-a9a1-1124f6072d27,21e87180-7538-5689-922d-8889674702ed,2026-27,4,16.78,15.79,15.65,32.33,80.55,A,f
3eccfce7-e90e-7822-f171-a0f52af5a310,3ff7a083-bbb8-4966-a9a1-1124f6072d27,a71f945b-22bf-5921-85a0-cb1acd7cb2e6,2026-27,4,14.88,16.69,15.75,31.53,78.85,B+,f
723d502f-14a1-88c5-bd5e-0a901fa9f501,3ff7a083-bbb8-4966-a9a1-1124f6072d27,859db046-894d-53cc-8cb4-3643d0c7f1fe,2026-27,4,14.38,14.39,14.85,28.33,71.95,B+,f
f221ddfa-0f91-30e8-0841-5f2d4338bffa,3ff7a083-bbb8-4966-a9a1-1124f6072d27,40d412e8-fc3b-5972-8ff2-90b35de8a2d3,2026-27,4,17.28,14.89,15.05,28.13,75.35,B+,f
682728d5-9007-ffc0-f8c4-2c0935d625b9,ca37fdd3-d86c-4a59-be8b-20eb2ef37fca,29f10515-0a52-55f4-896b-fa882e11e38e,2026-27,6,14.76,15.37,16.13,29.73,75.99,B+,f
36b8365f-b3c3-0a5a-0518-9267dbcafa7f,ca37fdd3-d86c-4a59-be8b-20eb2ef37fca,2bc3bd90-0760-5d47-9467-5a5992c412e5,2026-27,6,16.06,17.47,14.83,28.03,76.39,B+,f
e6d6f4cc-c378-9f9f-fccb-d147b4cb7b43,ca37fdd3-d86c-4a59-be8b-20eb2ef37fca,d9518e1b-06ba-5f43-b6b9-67d017eaae5d,2026-27,6,16.26,13.97,15.43,29.03,74.69,B+,f
6fcc12f2-c3ae-3946-6fc4-db86de08941b,ca37fdd3-d86c-4a59-be8b-20eb2ef37fca,005078bd-c539-5c44-a631-7e7dd9fb778c,2026-27,6,14.66,17.17,16.43,33.73,81.99,A,f
0bd014fb-25ee-0e85-12c2-1ed32b46b347,ca37fdd3-d86c-4a59-be8b-20eb2ef37fca,539f9c66-84f9-5b19-943a-cb15d62bbc33,2026-27,6,15.56,14.67,16.53,28.83,75.59,B+,f
7fa8ed51-17af-5b38-6953-ffe1f11400fa,53d735ae-0b66-4612-8de1-45b5b36f2c5a,29f10515-0a52-55f4-896b-fa882e11e38e,2026-27,6,17.26,17.27,16.25,34.08,84.86,A,f
abda0e00-581e-6f2d-23f0-303024453aa0,53d735ae-0b66-4612-8de1-45b5b36f2c5a,2bc3bd90-0760-5d47-9467-5a5992c412e5,2026-27,6,16.56,14.97,15.55,28.88,75.96,B+,f
70ac423d-5180-1ca4-c20c-20e1474e4e84,53d735ae-0b66-4612-8de1-45b5b36f2c5a,d9518e1b-06ba-5f43-b6b9-67d017eaae5d,2026-27,6,15.56,17.77,15.75,34.08,83.16,A,f
1b372a5e-aad6-c8b4-d1a2-1c92dacf6f5e,53d735ae-0b66-4612-8de1-45b5b36f2c5a,005078bd-c539-5c44-a631-7e7dd9fb778c,2026-27,6,15.96,14.37,15.75,33.68,79.76,B+,f
3dcbe75a-d1c7-15da-f965-45a72d57a7b9,53d735ae-0b66-4612-8de1-45b5b36f2c5a,539f9c66-84f9-5b19-943a-cb15d62bbc33,2026-27,6,14.66,16.17,15.05,29.98,75.86,B+,f
643f4a03-e8b2-d92f-3ca5-5540887dd84e,facb6741-3b79-475c-8523-b8c4a0ed17d9,c697ab81-ffed-5fa6-9b51-be0954571d20,2026-27,1,16.94,15.9,17.54,34.49,84.87,A,f
0fe6b924-883b-af19-e3b1-bc654a49db16,facb6741-3b79-475c-8523-b8c4a0ed17d9,cc6bfe47-d156-5f3c-a0a6-64be53ff1202,2026-27,1,16.54,16.2,17.34,36.09,86.17,A,f
1d8fd45c-f9da-e60d-7c78-7c7c74545ddf,facb6741-3b79-475c-8523-b8c4a0ed17d9,945cbb28-3a50-5ed1-8e70-c416ee3f92f0,2026-27,1,17.94,17.6,18.24,33.99,87.77,A,f
72a63a2f-651c-9786-76e3-a0764786ab88,facb6741-3b79-475c-8523-b8c4a0ed17d9,325f5f11-db40-5f00-816d-d66357e36c70,2026-27,1,16.94,17.7,16.94,33.59,85.17,A,f
cec56a4d-f60b-d679-dd35-2bce9d66e0ba,facb6741-3b79-475c-8523-b8c4a0ed17d9,817d9a6f-e405-58f8-991b-373c31bd4e25,2026-27,1,18.94,15.8,17.34,34.39,86.47,A,f
e8ff2d77-1fd7-ed08-fabd-067649b0a3dd,3a834626-4b2d-40ad-af64-391d6d26242d,730c5632-33dc-5e69-a798-6135043a47aa,2026-27,4,17.9,16.66,19.1,34.58,88.24,A,f
2d115d69-0176-9d52-a98c-50f2f166b988,3a834626-4b2d-40ad-af64-391d6d26242d,21e87180-7538-5689-922d-8889674702ed,2026-27,4,16.3,17.46,17.6,37.58,88.94,A,f
4a2618bd-9923-84fa-4d34-6fd60e97d969,3a834626-4b2d-40ad-af64-391d6d26242d,a71f945b-22bf-5921-85a0-cb1acd7cb2e6,2026-27,4,18.8,17.86,18.2,35.98,90.84,A+,f
31de5d1f-9a31-331e-a23c-553d2661b4a1,3a834626-4b2d-40ad-af64-391d6d26242d,859db046-894d-53cc-8cb4-3643d0c7f1fe,2026-27,4,17.2,15.56,16.7,33.18,82.64,A,f
fc682990-96e9-eae8-84c5-1e37388ff9dd,3a834626-4b2d-40ad-af64-391d6d26242d,40d412e8-fc3b-5972-8ff2-90b35de8a2d3,2026-27,4,19.0,16.76,18.4,32.18,86.34,A,f
98abff7c-4fba-630d-aa5d-ba36fedbbb0c,fe2ab766-c230-4fea-94cd-c699bfe2124d,29f10515-0a52-55f4-896b-fa882e11e38e,2026-27,6,17.42,18.25,16.75,31.67,84.09,A,f
14710c7f-adac-ace0-d4b6-fc2970a861fb,fe2ab766-c230-4fea-94cd-c699bfe2124d,2bc3bd90-0760-5d47-9467-5a5992c412e5,2026-27,6,15.82,15.85,16.55,31.37,79.59,B+,f
d489c51a-e831-27ef-db72-88fb30b73479,fe2ab766-c230-4fea-94cd-c699bfe2124d,d9518e1b-06ba-5f43-b6b9-67d017eaae5d,2026-27,6,17.22,17.95,17.05,35.07,87.29,A,f
465c7d0f-a9d9-69b9-506e-df296d06bf3e,fe2ab766-c230-4fea-94cd-c699bfe2124d,005078bd-c539-5c44-a631-7e7dd9fb778c,2026-27,6,17.42,18.35,18.05,35.57,89.39,A,f
2c0680a7-7c0b-e204-bd4b-3054f64003bd,fe2ab766-c230-4fea-94cd-c699bfe2124d,539f9c66-84f9-5b19-943a-cb15d62bbc33,2026-27,6,17.12,16.15,15.75,33.97,82.99,A,f
24ed8d0e-7aa5-14c8-753e-f3bf3319b8b8,87176dc9-9357-4050-9eac-33089f76d613,29f10515-0a52-55f4-896b-fa882e11e38e,2026-27,6,18.98,17.25,18.21,38.66,93.1,A+,f
86c40ac9-da20-dcfd-3500-f329e1ad5638,87176dc9-9357-4050-9eac-33089f76d613,2bc3bd90-0760-5d47-9467-5a5992c412e5,2026-27,6,18.28,17.05,17.61,38.16,91.1,A+,f
4f876a97-7708-22ab-faad-0bd0b358e3c9,87176dc9-9357-4050-9eac-33089f76d613,d9518e1b-06ba-5f43-b6b9-67d017eaae5d,2026-27,6,19.18,16.35,20.0,37.96,93.49,A+,f
ba0889e5-7d3f-c6dd-aba6-27e7cc53a358,87176dc9-9357-4050-9eac-33089f76d613,005078bd-c539-5c44-a631-7e7dd9fb778c,2026-27,6,19.38,18.85,17.51,36.46,92.2,A+,f
8dbf75a5-e46d-86b1-b07b-1366d1dae0be,87176dc9-9357-4050-9eac-33089f76d613,539f9c66-84f9-5b19-943a-cb15d62bbc33,2026-27,6,18.98,16.45,19.01,36.16,90.6,A+,f
fc6ef7fe-7203-782b-4bd4-555551b11efb,9877e6b1-3dbd-4639-9554-23724ee2c71d,29f10515-0a52-55f4-896b-fa882e11e38e,2026-27,6,17.88,17.35,19.71,35.98,90.92,A+,f
5f3da59c-2c5e-b683-1f61-8c4610f9d3c9,9877e6b1-3dbd-4639-9554-23724ee2c71d,2bc3bd90-0760-5d47-9467-5a5992c412e5,2026-27,6,18.48,19.05,18.21,37.88,93.62,A+,f
c4535d12-d68c-4b6b-94f6-2bc79e9e5537,9877e6b1-3dbd-4639-9554-23724ee2c71d,d9518e1b-06ba-5f43-b6b9-67d017eaae5d,2026-27,6,17.48,17.75,19.41,35.58,90.22,A+,f
bb36d79c-8fa4-fc51-f60d-45c1b417398c,9877e6b1-3dbd-4639-9554-23724ee2c71d,005078bd-c539-5c44-a631-7e7dd9fb778c,2026-27,6,17.28,16.45,19.91,38.88,92.52,A+,f
febd529e-67c8-4aeb-3886-9c9d3784e14c,9877e6b1-3dbd-4639-9554-23724ee2c71d,539f9c66-84f9-5b19-943a-cb15d62bbc33,2026-27,6,17.78,18.15,19.41,36.28,91.62,A+,f
d5013060-8a06-604d-33c6-d5b3d8a7e35f,9467a5a0-7ccc-416c-8cae-944aed9f9320,730c5632-33dc-5e69-a798-6135043a47aa,2026-27,4,19.9,18.97,17.64,35.27,91.78,A+,f
ced33a6d-c0b4-0100-1145-b535e8784966,9467a5a0-7ccc-416c-8cae-944aed9f9320,21e87180-7538-5689-922d-8889674702ed,2026-27,4,18.3,18.67,20.0,35.67,92.64,A+,f
8888fbe7-9c08-8b11-7202-b9d0a7a6fd74,9467a5a0-7ccc-416c-8cae-944aed9f9320,a71f945b-22bf-5921-85a0-cb1acd7cb2e6,2026-27,4,17.3,20.0,19.74,34.67,91.71,A+,f
09fbce7d-3089-32bb-c098-eae39cb987a4,9467a5a0-7ccc-416c-8cae-944aed9f9320,859db046-894d-53cc-8cb4-3643d0c7f1fe,2026-27,4,18.0,18.47,19.74,36.77,92.98,A+,f
19597461-7455-0c37-e4fc-d1297d5640ba,9467a5a0-7ccc-416c-8cae-944aed9f9320,40d412e8-fc3b-5972-8ff2-90b35de8a2d3,2026-27,4,18.3,17.07,18.34,38.77,92.48,A+,f
4c1a1f67-a84f-0571-0f3e-a1ba1b5739d6,62c44b4b-e9cc-4962-aa45-cdf98a4d9d4e,730c5632-33dc-5e69-a798-6135043a47aa,2026-27,4,18.77,16.65,19.13,34.56,89.11,A,f
2d0f2a0a-4d32-e744-7b2f-c05e6b393576,62c44b4b-e9cc-4962-aa45-cdf98a4d9d4e,21e87180-7538-5689-922d-8889674702ed,2026-27,4,18.47,18.75,18.33,37.96,93.51,A+,f
3bb825cf-f1db-6639-65d0-8a409396d73d,62c44b4b-e9cc-4962-aa45-cdf98a4d9d4e,a71f945b-22bf-5921-85a0-cb1acd7cb2e6,2026-27,4,17.47,19.25,18.33,34.96,90.01,A+,f
b745ac68-e556-c8a2-022f-29593db447af,62c44b4b-e9cc-4962-aa45-cdf98a4d9d4e,859db046-894d-53cc-8cb4-3643d0c7f1fe,2026-27,4,17.57,18.95,18.03,36.46,91.01,A+,f
17c290ce-9fde-dff8-849c-db4bcf6f8e21,62c44b4b-e9cc-4962-aa45-cdf98a4d9d4e,40d412e8-fc3b-5972-8ff2-90b35de8a2d3,2026-27,4,19.97,20.0,20.0,37.86,97.83,A+,f
cdb5c415-5c68-a22f-2053-163f4a580671,ae58e1a2-83a2-4a00-b180-ebf074387d60,f8b6ad01-594d-5e52-b325-ed9eb13211e1,2026-27,2,16.64,16.61,19.26,35.74,88.25,A,f
94bb83ab-edca-0d18-220d-6f4c345cd2e5,ae58e1a2-83a2-4a00-b180-ebf074387d60,f27d152a-f613-51a3-aea8-0506e5d24c3a,2026-27,2,17.04,19.51,17.36,38.84,92.75,A+,f
5e7d69b9-d3f9-6abb-97bf-475385c3aacf,ae58e1a2-83a2-4a00-b180-ebf074387d60,5297007a-130e-5341-af7a-4e9027c2dadf,2026-27,2,18.64,18.81,17.26,36.64,91.35,A+,f
0698475f-12cb-996f-441e-24ed0c345d6e,ae58e1a2-83a2-4a00-b180-ebf074387d60,c8e42f25-4acd-5f8b-8bce-f0cab27cc71f,2026-27,2,19.54,16.71,19.86,36.44,92.55,A+,f
5ca51abb-940c-3437-6f3d-9035ec33e66e,ae58e1a2-83a2-4a00-b180-ebf074387d60,5ceb5573-0231-5d70-848b-193fcfdb644c,2026-27,2,17.94,16.31,18.16,34.24,86.65,A,f
116bbf67-a4a0-c798-6ae2-f23f6c847931,a7e54863-172b-49ba-b337-e831cb190afc,29f10515-0a52-55f4-896b-fa882e11e38e,2026-27,6,18.85,16.71,17.05,32.79,85.4,A,f
12ab5610-f23b-fb3a-1169-e8020cbca417,a7e54863-172b-49ba-b337-e831cb190afc,2bc3bd90-0760-5d47-9467-5a5992c412e5,2026-27,6,18.15,17.61,17.45,35.69,88.9,A,f
94865c38-b925-916a-f8b3-456db7a4b712,a7e54863-172b-49ba-b337-e831cb190afc,d9518e1b-06ba-5f43-b6b9-67d017eaae5d,2026-27,6,16.95,19.01,18.75,37.79,92.5,A+,f
82d741e1-7210-af36-719e-d05001cbd273,a7e54863-172b-49ba-b337-e831cb190afc,005078bd-c539-5c44-a631-7e7dd9fb778c,2026-27,6,19.05,18.81,17.55,33.29,88.7,A,f
a06aa2e8-7b5a-2548-bdcd-f136279e59a4,a7e54863-172b-49ba-b337-e831cb190afc,539f9c66-84f9-5b19-943a-cb15d62bbc33,2026-27,6,16.35,18.61,19.45,34.09,88.5,A,f
b670c8cc-43d9-6d73-9193-e481ff993233,2e581dd5-2c58-4883-b47d-a38757a9ae2c,f8b6ad01-594d-5e52-b325-ed9eb13211e1,2026-27,2,14.82,16.34,17.73,34.25,83.14,A,f
062cee8f-001b-e889-d69d-367d90e43924,2e581dd5-2c58-4883-b47d-a38757a9ae2c,f27d152a-f613-51a3-aea8-0506e5d24c3a,2026-27,2,15.02,14.64,16.43,34.05,80.14,A,f
67d8888b-6cf3-6b5d-1389-2562ce733971,2e581dd5-2c58-4883-b47d-a38757a9ae2c,5297007a-130e-5341-af7a-4e9027c2dadf,2026-27,2,15.52,17.14,15.33,33.65,81.64,A,f
75777720-62e2-45b5-a637-ed5a36c750ec,2e581dd5-2c58-4883-b47d-a38757a9ae2c,c8e42f25-4acd-5f8b-8bce-f0cab27cc71f,2026-27,2,14.92,16.74,17.83,33.55,83.04,A,f
eb9b529d-8258-dab2-63e9-7ddc9e6b3f17,2e581dd5-2c58-4883-b47d-a38757a9ae2c,5ceb5573-0231-5d70-848b-193fcfdb644c,2026-27,2,15.62,14.34,15.33,33.15,78.44,B+,f
f0dcb106-febb-42eb-e102-6a689c39e4ac,19e7e30a-9014-48e2-97a8-a82136a65209,f8b6ad01-594d-5e52-b325-ed9eb13211e1,2026-27,2,16.67,17.62,19.45,32.86,86.6,A,f
349b5f32-3a8a-bed6-298a-44654e328f4a,19e7e30a-9014-48e2-97a8-a82136a65209,f27d152a-f613-51a3-aea8-0506e5d24c3a,2026-27,2,16.67,18.22,16.75,37.46,89.1,A,f
bcb19938-648a-03f0-627c-956f33cbf54f,19e7e30a-9014-48e2-97a8-a82136a65209,5297007a-130e-5341-af7a-4e9027c2dadf,2026-27,2,17.27,18.32,16.65,37.16,89.4,A,f
a0d090d2-4279-0b12-f62f-115dfa6250f3,19e7e30a-9014-48e2-97a8-a82136a65209,c8e42f25-4acd-5f8b-8bce-f0cab27cc71f,2026-27,2,18.67,18.42,18.45,32.36,87.9,A,f
d4caeb82-8aba-b1a7-3420-77d6fa690b03,19e7e30a-9014-48e2-97a8-a82136a65209,5ceb5573-0231-5d70-848b-193fcfdb644c,2026-27,2,16.57,15.82,19.35,35.26,87.0,A,f
7c4fb926-fe06-4286-cd7e-83a8add474b2,148f981d-05e3-45d6-a6a5-884a8ec8b09f,f8b6ad01-594d-5e52-b325-ed9eb13211e1,2026-27,2,17.24,18.62,17.68,38.62,92.16,A+,f
30c19d59-a32f-3c4f-b2a3-d72acd77ebb7,148f981d-05e3-45d6-a6a5-884a8ec8b09f,f27d152a-f613-51a3-aea8-0506e5d24c3a,2026-27,2,16.94,19.02,18.58,39.42,93.96,A+,f
5a9f2a8d-ca64-a363-d8c9-e55bb53e1563,148f981d-05e3-45d6-a6a5-884a8ec8b09f,5297007a-130e-5341-af7a-4e9027c2dadf,2026-27,2,17.64,19.12,19.78,36.92,93.46,A+,f
853e4dde-8d4d-6338-9c1e-3cee1ebc6dd7,148f981d-05e3-45d6-a6a5-884a8ec8b09f,c8e42f25-4acd-5f8b-8bce-f0cab27cc71f,2026-27,2,17.94,17.42,20.0,33.82,89.18,A,f
28ca30b9-3ae4-0f2d-edb8-6a89470b8dbf,148f981d-05e3-45d6-a6a5-884a8ec8b09f,5ceb5573-0231-5d70-848b-193fcfdb644c,2026-27,2,19.14,16.82,20.0,36.72,92.68,A+,f
1c3bb1bc-87a9-0e78-4cbb-da9b1bc32ab4,6084b88e-7a2a-41e6-9c65-b0272b99019d,c697ab81-ffed-5fa6-9b51-be0954571d20,2026-27,1,17.92,16.67,16.89,35.2,86.68,A,f
d9536428-6e2b-1d7f-1867-55639f8aadc4,6084b88e-7a2a-41e6-9c65-b0272b99019d,cc6bfe47-d156-5f3c-a0a6-64be53ff1202,2026-27,1,18.32,17.47,16.79,34.5,87.08,A,f
275398ba-aa0c-567f-acc2-7432a6fa5101,6084b88e-7a2a-41e6-9c65-b0272b99019d,945cbb28-3a50-5ed1-8e70-c416ee3f92f0,2026-27,1,16.02,18.27,17.39,31.3,82.98,A,f
9a2b2bcf-bc3e-b79c-a985-5bc5baa850b1,6084b88e-7a2a-41e6-9c65-b0272b99019d,325f5f11-db40-5f00-816d-d66357e36c70,2026-27,1,17.22,17.97,17.39,36.8,89.38,A,f
f069f83f-9587-a206-cb87-b6d9b1ca7103,6084b88e-7a2a-41e6-9c65-b0272b99019d,817d9a6f-e405-58f8-991b-373c31bd4e25,2026-27,1,18.02,15.37,17.99,35.6,86.98,A,f
5f899e1f-e4d7-57f9-a9b1-321b44ac7be3,108be8c2-c46c-4508-8eee-90d4ecbb7007,29f10515-0a52-55f4-896b-fa882e11e38e,2026-27,6,18.12,16.59,19.95,33.55,88.21,A,f
e61e6cd5-0635-1298-8915-2b87aec4cf1b,108be8c2-c46c-4508-8eee-90d4ecbb7007,2bc3bd90-0760-5d47-9467-5a5992c412e5,2026-27,6,17.92,16.39,17.35,35.65,87.31,A,f
97310a9a-8ee6-b68d-f17d-c7705ff43141,108be8c2-c46c-4508-8eee-90d4ecbb7007,d9518e1b-06ba-5f43-b6b9-67d017eaae5d,2026-27,6,17.82,18.39,17.25,37.35,90.81,A+,f
94a4c952-d5f4-004d-9351-a1299943728e,108be8c2-c46c-4508-8eee-90d4ecbb7007,005078bd-c539-5c44-a631-7e7dd9fb778c,2026-27,6,18.62,19.69,19.35,35.95,93.61,A+,f
c24819ab-3703-7a95-eaa2-c874e141196a,108be8c2-c46c-4508-8eee-90d4ecbb7007,539f9c66-84f9-5b19-943a-cb15d62bbc33,2026-27,6,18.42,19.19,20.0,37.05,94.66,A+,f
1d49b467-92a6-f235-220c-bce9e38c0d3e,67319a27-1f17-45dd-9c7b-047d2b7b4bd5,c697ab81-ffed-5fa6-9b51-be0954571d20,2026-27,1,15.26,16.17,15.25,28.46,75.14,B+,f
767b8920-f394-2191-9f32-00a50bec4056,67319a27-1f17-45dd-9c7b-047d2b7b4bd5,cc6bfe47-d156-5f3c-a0a6-64be53ff1202,2026-27,1,16.56,16.87,15.35,33.06,81.84,A,f
dadeb8fc-9e54-ec55-a91f-ed6b8b5a314d,67319a27-1f17-45dd-9c7b-047d2b7b4bd5,945cbb28-3a50-5ed1-8e70-c416ee3f92f0,2026-27,1,17.36,17.17,16.15,28.66,79.34,B+,f
8d43ae3a-1579-cbd7-b5ad-89c88f22708b,67319a27-1f17-45dd-9c7b-047d2b7b4bd5,325f5f11-db40-5f00-816d-d66357e36c70,2026-27,1,15.26,15.07,16.95,32.76,80.04,A,f
0d6e1fe2-6358-9380-27f2-c893bd5dc074,67319a27-1f17-45dd-9c7b-047d2b7b4bd5,817d9a6f-e405-58f8-991b-373c31bd4e25,2026-27,1,14.86,14.07,16.85,33.26,79.04,B+,f
2079270e-f3ca-e996-a8e6-ad42243b1741,5a29a8d1-4006-4a46-a1cd-46c3bce70e8d,f8b6ad01-594d-5e52-b325-ed9eb13211e1,2026-27,2,18.08,16.65,19.51,36.6,90.84,A+,f
56b0f061-65c7-184e-e75c-d879124ee2dd,5a29a8d1-4006-4a46-a1cd-46c3bce70e8d,f27d152a-f613-51a3-aea8-0506e5d24c3a,2026-27,2,17.88,19.55,19.31,35.5,92.24,A+,f
b0bd0df3-1673-abb9-95fb-06abfaa341a8,5a29a8d1-4006-4a46-a1cd-46c3bce70e8d,5297007a-130e-5341-af7a-4e9027c2dadf,2026-27,2,16.98,17.45,19.11,37.5,91.04,A+,f
487762d6-c6c6-a65b-d0b9-34bd8566603b,5a29a8d1-4006-4a46-a1cd-46c3bce70e8d,c8e42f25-4acd-5f8b-8bce-f0cab27cc71f,2026-27,2,19.78,18.85,19.11,36.0,93.74,A+,f
546801cc-94c7-4d1c-c572-993fbbdd398f,5a29a8d1-4006-4a46-a1cd-46c3bce70e8d,5ceb5573-0231-5d70-848b-193fcfdb644c,2026-27,2,19.08,17.05,20.0,36.7,92.83,A+,f
f2ab07a7-43a1-34a3-06d1-f17ad833085f,891d3a1b-102f-4954-b3c7-bd714661e911,730c5632-33dc-5e69-a798-6135043a47aa,2026-27,4,17.08,16.12,17.63,31.06,81.89,A,f
f2a60154-520c-1c25-d28a-0f7cef56bcd7,891d3a1b-102f-4954-b3c7-bd714661e911,21e87180-7538-5689-922d-8889674702ed,2026-27,4,17.88,18.02,17.53,34.46,87.89,A,f
4dcfdeba-828b-9c9b-1fc3-56c5ac500278,891d3a1b-102f-4954-b3c7-bd714661e911,a71f945b-22bf-5921-85a0-cb1acd7cb2e6,2026-27,4,17.98,17.82,17.83,35.76,89.39,A,f
75bae567-6b96-170f-df6c-db081237d1aa,891d3a1b-102f-4954-b3c7-bd714661e911,859db046-894d-53cc-8cb4-3643d0c7f1fe,2026-27,4,17.08,16.02,18.73,30.86,82.69,A,f
9145cb64-92ac-cc0d-9447-f07866b01f6a,891d3a1b-102f-4954-b3c7-bd714661e911,40d412e8-fc3b-5972-8ff2-90b35de8a2d3,2026-27,4,17.78,17.32,17.53,30.86,83.49,A,f
bda61127-e2db-df63-a0e1-d02d86eea347,ce7c0672-b2c4-47ee-a04c-b9c605806d05,f8b6ad01-594d-5e52-b325-ed9eb13211e1,2026-27,2,15.67,14.81,17.62,34.33,82.43,A,f
d0f1cbe5-3e75-d972-eb40-81c5ecb640e9,ce7c0672-b2c4-47ee-a04c-b9c605806d05,f27d152a-f613-51a3-aea8-0506e5d24c3a,2026-27,2,18.47,18.61,17.32,32.63,87.03,A,f
85dcd636-8257-56c1-33c4-1404d09df00c,ce7c0672-b2c4-47ee-a04c-b9c605806d05,5297007a-130e-5341-af7a-4e9027c2dadf,2026-27,2,15.87,16.21,16.12,31.83,80.03,A,f
88d6fc01-4316-522f-a79f-4daeedbba54e,ce7c0672-b2c4-47ee-a04c-b9c605806d05,c8e42f25-4acd-5f8b-8bce-f0cab27cc71f,2026-27,2,18.27,15.91,18.92,32.53,85.63,A,f
b7d24acb-c873-2a50-3ebf-dae4849a6cb9,ce7c0672-b2c4-47ee-a04c-b9c605806d05,5ceb5573-0231-5d70-848b-193fcfdb644c,2026-27,2,17.37,17.31,17.22,30.83,82.73,A,f
63059d38-9a57-621c-565e-26ddda74dd74,1f111f32-6dea-4fb2-8266-3afcc57e1bda,c697ab81-ffed-5fa6-9b51-be0954571d20,2026-27,1,17.32,18.46,18.08,33.69,87.55,A,f
b47b7572-ffa7-9b22-0829-cfa1944c9425,1f111f32-6dea-4fb2-8266-3afcc57e1bda,cc6bfe47-d156-5f3c-a0a6-64be53ff1202,2026-27,1,15.92,17.96,18.98,35.59,88.45,A,f
fced5645-ca65-63cd-7c9d-519ba12c6e7f,1f111f32-6dea-4fb2-8266-3afcc57e1bda,945cbb28-3a50-5ed1-8e70-c416ee3f92f0,2026-27,1,17.92,16.16,16.68,33.09,83.85,A,f
3bd2111f-c412-fca0-c2d4-b07a1ed8af29,1f111f32-6dea-4fb2-8266-3afcc57e1bda,325f5f11-db40-5f00-816d-d66357e36c70,2026-27,1,16.52,18.36,16.18,34.19,85.25,A,f
dfb586d4-1f6a-d2a7-a016-f19281ff93d5,1f111f32-6dea-4fb2-8266-3afcc57e1bda,817d9a6f-e405-58f8-991b-373c31bd4e25,2026-27,1,17.42,18.16,16.98,32.09,84.65,A,f
bcd71b42-056e-b383-31a8-023fa867b3ea,74abd212-9d4f-46c8-be47-9e8f5727300d,29f10515-0a52-55f4-896b-fa882e11e38e,2026-27,6,17.82,15.86,16.57,32.32,82.57,A,f
26160f5b-79ff-2203-4665-504ce1d215f5,74abd212-9d4f-46c8-be47-9e8f5727300d,2bc3bd90-0760-5d47-9467-5a5992c412e5,2026-27,6,16.02,16.26,16.47,36.12,84.87,A,f
da9f079e-dc99-b687-c7e7-f56b0c67b830,74abd212-9d4f-46c8-be47-9e8f5727300d,d9518e1b-06ba-5f43-b6b9-67d017eaae5d,2026-27,6,16.92,18.06,16.97,34.12,86.07,A,f
09271027-139d-1e37-e47a-9977f24ccaf5,74abd212-9d4f-46c8-be47-9e8f5727300d,005078bd-c539-5c44-a631-7e7dd9fb778c,2026-27,6,16.32,15.96,17.27,31.02,80.57,A,f
186f89e8-efc5-52f1-b1fd-3585a3c580ae,74abd212-9d4f-46c8-be47-9e8f5727300d,539f9c66-84f9-5b19-943a-cb15d62bbc33,2026-27,6,17.12,18.66,17.87,31.22,84.87,A,f
69da5be5-e617-4109-d460-45c590f811bc,02eb3988-d904-491b-a8f0-624840cdfd5b,730c5632-33dc-5e69-a798-6135043a47aa,2026-27,4,17.92,16.7,18.58,38.77,91.97,A+,f
0eed7bdf-7304-8902-07f2-d18ce074a670,02eb3988-d904-491b-a8f0-624840cdfd5b,21e87180-7538-5689-922d-8889674702ed,2026-27,4,17.52,16.5,18.48,37.07,89.57,A,f
d47facd0-55b0-400b-db64-94a0002b71d6,02eb3988-d904-491b-a8f0-624840cdfd5b,a71f945b-22bf-5921-85a0-cb1acd7cb2e6,2026-27,4,18.52,16.8,20.0,35.97,91.29,A+,f
15c0eac0-6989-d502-59cf-b4cb1f665909,02eb3988-d904-491b-a8f0-624840cdfd5b,859db046-894d-53cc-8cb4-3643d0c7f1fe,2026-27,4,19.72,17.6,18.08,35.57,90.97,A+,f
85e390b3-3889-49c1-2404-b0173c192a96,02eb3988-d904-491b-a8f0-624840cdfd5b,40d412e8-fc3b-5972-8ff2-90b35de8a2d3,2026-27,4,19.32,19.1,18.28,39.57,96.27,A+,f
34905bd1-130a-8d59-b94a-17501b513bdf,5c7d2b4f-8d36-4f85-bc52-905eb86c5725,c697ab81-ffed-5fa6-9b51-be0954571d20,2026-27,1,15.82,15.56,16.48,31.07,78.93,B+,f
6e959a1d-ffad-8553-85ee-6dbe39409de3,5c7d2b4f-8d36-4f85-bc52-905eb86c5725,cc6bfe47-d156-5f3c-a0a6-64be53ff1202,2026-27,1,18.12,18.26,17.08,31.27,84.73,A,f
02276e50-242c-68ff-60d1-e765cb4fea7a,5c7d2b4f-8d36-4f85-bc52-905eb86c5725,945cbb28-3a50-5ed1-8e70-c416ee3f92f0,2026-27,1,18.32,17.86,16.48,35.07,87.73,A,f
0fa01f48-4e76-506d-111e-d86184e13ef8,5c7d2b4f-8d36-4f85-bc52-905eb86c5725,325f5f11-db40-5f00-816d-d66357e36c70,2026-27,1,17.62,18.46,17.38,33.27,86.73,A,f
f926298e-0c7c-67b3-469b-03f307e67d0e,5c7d2b4f-8d36-4f85-bc52-905eb86c5725,817d9a6f-e405-58f8-991b-373c31bd4e25,2026-27,1,18.32,18.66,16.38,34.17,87.53,A,f
159cacd3-9c4d-2da3-7822-4e66a6641373,183ec393-673a-4381-a789-805b44ed63d0,f8b6ad01-594d-5e52-b325-ed9eb13211e1,2026-27,2,17.66,19.43,19.5,35.26,91.85,A+,f
4f08293a-4e5f-503a-ff77-2e1b06cb9ce4,183ec393-673a-4381-a789-805b44ed63d0,f27d152a-f613-51a3-aea8-0506e5d24c3a,2026-27,2,18.36,18.13,19.1,34.16,89.75,A,f
29b601ab-099d-5d8a-84c2-3be51fa9b068,183ec393-673a-4381-a789-805b44ed63d0,5297007a-130e-5341-af7a-4e9027c2dadf,2026-27,2,18.06,19.63,19.8,35.56,93.05,A+,f
d7062d85-d3dd-2ee8-6bab-4e475a764536,183ec393-673a-4381-a789-805b44ed63d0,c8e42f25-4acd-5f8b-8bce-f0cab27cc71f,2026-27,2,18.56,17.13,17.9,35.86,89.45,A,f
8568ad80-7707-97a7-4987-aea870364f11,183ec393-673a-4381-a789-805b44ed63d0,5ceb5573-0231-5d70-848b-193fcfdb644c,2026-27,2,18.76,19.93,18.2,34.66,91.55,A+,f
07162ae9-9475-b89d-90fe-5d625b5c4521,2a74a1f7-4817-49e3-aa83-fe858c9309e7,29f10515-0a52-55f4-896b-fa882e11e38e,2026-27,6,18.94,18.09,18.52,32.89,88.44,A,f
de7ddf27-3ee4-241f-b9d2-045b664e3c86,2a74a1f7-4817-49e3-aa83-fe858c9309e7,2bc3bd90-0760-5d47-9467-5a5992c412e5,2026-27,6,18.84,17.59,18.62,35.29,90.34,A+,f
59320df4-ffd2-6b0e-0d27-21d28582a91c,2a74a1f7-4817-49e3-aa83-fe858c9309e7,d9518e1b-06ba-5f43-b6b9-67d017eaae5d,2026-27,6,17.54,18.29,18.02,34.79,88.64,A,f
aaa8dc51-3d90-afb4-e917-5aa3cc6d95b2,2a74a1f7-4817-49e3-aa83-fe858c9309e7,005078bd-c539-5c44-a631-7e7dd9fb778c,2026-27,6,16.74,15.29,16.92,36.79,85.74,A,f
976acd1d-7643-6996-7715-f3e97e46f248,2a74a1f7-4817-49e3-aa83-fe858c9309e7,539f9c66-84f9-5b19-943a-cb15d62bbc33,2026-27,6,17.24,18.49,16.92,36.79,89.44,A,f
fd353189-e6de-c89e-3674-0648fb1c8e6a,40a61690-bf42-4f59-b592-9457a1d8c464,29f10515-0a52-55f4-896b-fa882e11e38e,2026-27,6,16.02,16.92,15.58,27.25,75.77,B+,f
1b5bf5b4-7de3-de0b-1765-d9b5b47eff6e,40a61690-bf42-4f59-b592-9457a1d8c464,2bc3bd90-0760-5d47-9467-5a5992c412e5,2026-27,6,15.02,14.82,15.88,28.45,74.17,B+,f
f4bd631f-cc2e-ef12-b9b2-32133a9c0f62,40a61690-bf42-4f59-b592-9457a1d8c464,d9518e1b-06ba-5f43-b6b9-67d017eaae5d,2026-27,6,14.62,14.22,16.68,32.85,78.37,B+,f
bec2917a-0a89-6983-6aa0-97875ae8fb78,40a61690-bf42-4f59-b592-9457a1d8c464,005078bd-c539-5c44-a631-7e7dd9fb778c,2026-27,6,14.02,14.32,14.48,27.15,69.97,B,f
18f50c30-1598-1b8f-a6cf-ad0ec80e7f85,40a61690-bf42-4f59-b592-9457a1d8c464,539f9c66-84f9-5b19-943a-cb15d62bbc33,2026-27,6,15.22,14.52,16.58,32.05,78.37,B+,f
f648505f-eed9-f0ed-5e90-d0b75d399c56,4a9797d1-c415-4454-a869-91ae222216c6,730c5632-33dc-5e69-a798-6135043a47aa,2026-27,4,17.94,18.29,17.13,37.16,90.52,A+,f
d26daa84-a6b2-6c7e-bd9c-e4938f9edc15,4a9797d1-c415-4454-a869-91ae222216c6,21e87180-7538-5689-922d-8889674702ed,2026-27,4,16.84,17.69,18.23,36.86,89.62,A,f
62fd088d-070b-1c60-ca38-bed3aa42e394,4a9797d1-c415-4454-a869-91ae222216c6,a71f945b-22bf-5921-85a0-cb1acd7cb2e6,2026-27,4,16.84,15.99,19.03,35.46,87.32,A,f
bad23efd-0064-bfc8-c865-c5acfe740423,4a9797d1-c415-4454-a869-91ae222216c6,859db046-894d-53cc-8cb4-3643d0c7f1fe,2026-27,4,16.74,18.29,18.83,33.66,87.52,A,f
3562911e-5e77-add9-d5da-2c964de7e37c,4a9797d1-c415-4454-a869-91ae222216c6,40d412e8-fc3b-5972-8ff2-90b35de8a2d3,2026-27,4,16.74,19.19,18.43,35.26,89.62,A,f
8b32c67f-28f3-eb35-2f73-93fb7f89c5a7,ff722687-67d6-48c9-9bc2-b0310632a222,f8b6ad01-594d-5e52-b325-ed9eb13211e1,2026-27,2,18.56,17.6,17.42,36.88,90.46,A+,f
fa27f8d3-f96e-4acd-bc14-5ea4d1d2c61a,ff722687-67d6-48c9-9bc2-b0310632a222,f27d152a-f613-51a3-aea8-0506e5d24c3a,2026-27,2,16.56,19.0,18.52,33.78,87.86,A,f
aaf982fc-623e-1d6a-16f8-abe52f2d50d7,ff722687-67d6-48c9-9bc2-b0310632a222,5297007a-130e-5341-af7a-4e9027c2dadf,2026-27,2,17.66,18.0,18.72,32.38,86.76,A,f
a755c831-c06e-4cc3-e328-537127f62a50,ff722687-67d6-48c9-9bc2-b0310632a222,c8e42f25-4acd-5f8b-8bce-f0cab27cc71f,2026-27,2,18.66,15.1,18.72,36.48,88.96,A,f
14d0332f-9a30-6ad7-8163-f6cc191915de,ff722687-67d6-48c9-9bc2-b0310632a222,5ceb5573-0231-5d70-848b-193fcfdb644c,2026-27,2,17.06,16.9,18.92,32.98,85.86,A,f
22b0e41b-bdf5-223e-4382-e97df29113f0,f30d26fc-0427-4381-98e0-0e50c28045fb,c697ab81-ffed-5fa6-9b51-be0954571d20,2026-27,1,16.56,15.4,18.19,33.14,83.29,A,f
9f4480d5-4075-975e-403d-b5c4be6098c0,f30d26fc-0427-4381-98e0-0e50c28045fb,cc6bfe47-d156-5f3c-a0a6-64be53ff1202,2026-27,1,15.56,17.9,17.89,30.24,81.59,A,f
4fc16b76-0db3-0e58-37ff-d257ff5fa0f3,f30d26fc-0427-4381-98e0-0e50c28045fb,945cbb28-3a50-5ed1-8e70-c416ee3f92f0,2026-27,1,15.66,17.5,16.19,32.24,81.59,A,f
5a9f00e7-56ff-61a8-7b57-4713fe7b72a0,f30d26fc-0427-4381-98e0-0e50c28045fb,325f5f11-db40-5f00-816d-d66357e36c70,2026-27,1,17.86,16.7,16.09,33.84,84.49,A,f
2660a754-dfc8-43ce-d6a9-475325cd8085,f30d26fc-0427-4381-98e0-0e50c28045fb,817d9a6f-e405-58f8-991b-373c31bd4e25,2026-27,1,17.96,18.1,15.69,31.14,82.89,A,f
27185d20-a8d8-e0c6-ca74-aaa7ac63e1dc,5f40dab2-cc69-49e5-b14c-2f5b4034448f,730c5632-33dc-5e69-a798-6135043a47aa,2026-27,4,16.11,17.96,17.28,36.52,87.87,A,f
5e64f866-664b-f84d-f27c-23b53c036387,5f40dab2-cc69-49e5-b14c-2f5b4034448f,21e87180-7538-5689-922d-8889674702ed,2026-27,4,18.31,18.96,16.98,36.42,90.67,A+,f
13c3c1f7-a0bb-691e-4e8b-9639601fcb88,5f40dab2-cc69-49e5-b14c-2f5b4034448f,a71f945b-22bf-5921-85a0-cb1acd7cb2e6,2026-27,4,16.31,18.36,16.98,34.02,85.67,A,f
6adea630-bdcf-50e0-b249-f429d2ad823a,5f40dab2-cc69-49e5-b14c-2f5b4034448f,859db046-894d-53cc-8cb4-3643d0c7f1fe,2026-27,4,17.11,17.96,18.28,33.02,86.37,A,f
d29f418c-ea0c-307b-96d6-dcf0fca71835,5f40dab2-cc69-49e5-b14c-2f5b4034448f,40d412e8-fc3b-5972-8ff2-90b35de8a2d3,2026-27,4,19.01,16.66,19.38,37.12,92.17,A+,f
f8d05650-9a7f-33bc-dc55-a3d83720ad7f,7298b618-497f-42ee-9e4d-78d5ac898fa2,f8b6ad01-594d-5e52-b325-ed9eb13211e1,2026-27,2,19.31,16.38,18.13,37.32,91.14,A+,f
a958ba91-73ee-a51f-648b-33b0b2379747,7298b618-497f-42ee-9e4d-78d5ac898fa2,f27d152a-f613-51a3-aea8-0506e5d24c3a,2026-27,2,19.51,16.08,17.33,38.42,91.34,A+,f
8efaac2e-3965-1ce8-8d07-23b12660cfab,7298b618-497f-42ee-9e4d-78d5ac898fa2,5297007a-130e-5341-af7a-4e9027c2dadf,2026-27,2,17.01,16.78,18.03,39.32,91.14,A+,f
5e5d1f20-0fd1-720d-6c03-89dddad81bae,7298b618-497f-42ee-9e4d-78d5ac898fa2,c8e42f25-4acd-5f8b-8bce-f0cab27cc71f,2026-27,2,17.61,19.18,18.43,36.12,91.34,A+,f
686a9c86-2387-6c4b-d939-6d96fec3e50e,7298b618-497f-42ee-9e4d-78d5ac898fa2,5ceb5573-0231-5d70-848b-193fcfdb644c,2026-27,2,17.21,16.18,18.63,34.82,86.84,A,f
03b07fc3-b60e-c9c7-9c70-84af313e5788,3afa5079-75dc-467c-9d00-4ffc5a3d10aa,c697ab81-ffed-5fa6-9b51-be0954571d20,2026-27,1,18.33,17.77,17.07,30.54,83.71,A,f
99b7799b-11c7-2dd4-0db2-35b1566be35e,3afa5079-75dc-467c-9d00-4ffc5a3d10aa,cc6bfe47-d156-5f3c-a0a6-64be53ff1202,2026-27,1,15.53,18.17,17.87,33.74,85.31,A,f
4cb97479-c230-8ec2-51c6-b3d7fb2918c7,3afa5079-75dc-467c-9d00-4ffc5a3d10aa,945cbb28-3a50-5ed1-8e70-c416ee3f92f0,2026-27,1,18.13,14.87,15.97,30.44,79.41,B+,f
c48556a7-ff83-2964-b66b-47fb276704ef,3afa5079-75dc-467c-9d00-4ffc5a3d10aa,325f5f11-db40-5f00-816d-d66357e36c70,2026-27,1,15.53,15.37,16.07,34.44,81.41,A,f
a1548e94-c00a-6fae-1a72-805382e3bb8d,3afa5079-75dc-467c-9d00-4ffc5a3d10aa,817d9a6f-e405-58f8-991b-373c31bd4e25,2026-27,1,16.53,15.87,16.27,36.14,84.81,A,f
8ca671e5-57d5-5dca-b181-4e3d9121e71c,b1a50bdf-1d4f-4ed0-9195-752c75f7fff5,730c5632-33dc-5e69-a798-6135043a47aa,2026-27,4,18.2,19.98,18.74,39.65,96.57,A+,f
ac988dbe-ad11-0947-3f1f-0dd856fa9a0d,b1a50bdf-1d4f-4ed0-9195-752c75f7fff5,21e87180-7538-5689-922d-8889674702ed,2026-27,4,17.7,19.68,17.44,36.65,91.47,A+,f
50cf4e69-c205-4eb9-27b8-8fd6acf9f8bf,b1a50bdf-1d4f-4ed0-9195-752c75f7fff5,a71f945b-22bf-5921-85a0-cb1acd7cb2e6,2026-27,4,20.0,19.78,20.0,35.65,95.43,A+,f
b03004d3-be57-92dd-5b6e-1ea5a6a8cf03,b1a50bdf-1d4f-4ed0-9195-752c75f7fff5,859db046-894d-53cc-8cb4-3643d0c7f1fe,2026-27,4,19.5,18.58,19.44,39.65,97.17,A+,f
dc8a9e30-37c2-0b77-40af-6b640460de82,b1a50bdf-1d4f-4ed0-9195-752c75f7fff5,40d412e8-fc3b-5972-8ff2-90b35de8a2d3,2026-27,4,20.0,20.0,19.34,38.35,97.69,A+,f
c9879aa9-8c62-307e-e43d-43aae19c6155,67c69404-4b2a-40a7-b081-d7b9858c2021,29f10515-0a52-55f4-896b-fa882e11e38e,2026-27,6,15.48,15.11,18.41,32.26,81.26,A,f
4b0bc129-ae12-b1fe-23aa-8df736a48d8b,67c69404-4b2a-40a7-b081-d7b9858c2021,2bc3bd90-0760-5d47-9467-5a5992c412e5,2026-27,6,15.98,15.91,17.71,35.06,84.66,A,f
67877998-5c3a-0e25-4333-e2e997ec35fd,67c69404-4b2a-40a7-b081-d7b9858c2021,d9518e1b-06ba-5f43-b6b9-67d017eaae5d,2026-27,6,17.28,17.11,17.01,30.66,82.06,A,f
5a9289ef-92da-7ee4-e906-1d0c7c761c20,67c69404-4b2a-40a7-b081-d7b9858c2021,005078bd-c539-5c44-a631-7e7dd9fb778c,2026-27,6,16.58,15.61,17.61,32.56,82.36,A,f
f48cc99b-1fb5-7606-a436-02e5b3f9f622,67c69404-4b2a-40a7-b081-d7b9858c2021,539f9c66-84f9-5b19-943a-cb15d62bbc33,2026-27,6,15.48,15.51,17.51,34.06,82.56,A,f
64c92b05-5130-e9ac-6cac-7d3a20af0db9,f0b5b045-aa4c-4d6f-a659-650cbaaecb75,730c5632-33dc-5e69-a798-6135043a47aa,2026-27,4,18.26,14.8,18.61,36.29,87.96,A,f
3705003a-53b1-f051-56c3-cc32782fe956,f0b5b045-aa4c-4d6f-a659-650cbaaecb75,21e87180-7538-5689-922d-8889674702ed,2026-27,4,15.56,16.7,16.31,30.29,78.86,B+,f
fb77a8ad-6f4e-20b4-88ee-c89bfe9e300b,f0b5b045-aa4c-4d6f-a659-650cbaaecb75,a71f945b-22bf-5921-85a0-cb1acd7cb2e6,2026-27,4,16.26,18.4,18.41,34.79,87.86,A,f
68e3467d-3073-bcd5-248c-de4e930fba1a,f0b5b045-aa4c-4d6f-a659-650cbaaecb75,859db046-894d-53cc-8cb4-3643d0c7f1fe,2026-27,4,17.56,15.0,17.51,34.79,84.86,A,f
65b2c7d9-53eb-cb82-a4ad-0f7134a92ab6,f0b5b045-aa4c-4d6f-a659-650cbaaecb75,40d412e8-fc3b-5972-8ff2-90b35de8a2d3,2026-27,4,17.86,15.2,18.61,33.79,85.46,A,f
a17bcce1-aa54-6e70-f061-d984f63a70e2,819fbb44-a47d-4268-b4fe-07a08755c05e,29f10515-0a52-55f4-896b-fa882e11e38e,2026-27,6,17.28,17.92,16.32,33.35,84.87,A,f
a18fcabc-15d5-a9a7-311c-f67c58f9f1ad,819fbb44-a47d-4268-b4fe-07a08755c05e,2bc3bd90-0760-5d47-9467-5a5992c412e5,2026-27,6,17.48,15.82,16.72,30.95,80.97,A,f
cdfd2668-1504-d1d1-57fa-c00cf342975b,819fbb44-a47d-4268-b4fe-07a08755c05e,d9518e1b-06ba-5f43-b6b9-67d017eaae5d,2026-27,6,16.98,17.02,17.82,30.75,82.57,A,f
5e79cbf6-dc23-c1b6-e63d-475951aa7da0,819fbb44-a47d-4268-b4fe-07a08755c05e,005078bd-c539-5c44-a631-7e7dd9fb778c,2026-27,6,17.88,14.82,17.42,34.65,84.77,A,f
f57cded2-f110-bff1-847f-ec684be6eff2,819fbb44-a47d-4268-b4fe-07a08755c05e,539f9c66-84f9-5b19-943a-cb15d62bbc33,2026-27,6,16.28,17.62,17.42,35.45,86.77,A,f
790b9c58-56b1-c659-1eea-c90210f4fe7f,884f29c5-f10f-4219-a7b2-a143e98d99c0,f8b6ad01-594d-5e52-b325-ed9eb13211e1,2026-27,2,17.57,16.33,17.78,38.78,90.46,A+,f
eaa04540-336a-448a-7c28-adee6fc8e57f,884f29c5-f10f-4219-a7b2-a143e98d99c0,f27d152a-f613-51a3-aea8-0506e5d24c3a,2026-27,2,17.97,19.63,19.38,34.68,91.66,A+,f
62f360e6-bc9f-7647-44b9-ae96dad901fb,884f29c5-f10f-4219-a7b2-a143e98d99c0,5297007a-130e-5341-af7a-4e9027c2dadf,2026-27,2,18.37,18.53,17.38,35.38,89.66,A,f
78444c32-8687-9900-7d88-56b87726103c,884f29c5-f10f-4219-a7b2-a143e98d99c0,c8e42f25-4acd-5f8b-8bce-f0cab27cc71f,2026-27,2,18.57,16.33,19.58,37.48,91.96,A+,f
b0858820-83f9-aa7b-bfbe-cb340c898509,884f29c5-f10f-4219-a7b2-a143e98d99c0,5ceb5573-0231-5d70-848b-193fcfdb644c,2026-27,2,18.77,17.43,17.98,36.78,90.96,A+,f
69881f76-4cda-2cb8-6f11-656aa0db35aa,800dadeb-a4b5-4ab3-91c8-1725ae3fdb6b,29f10515-0a52-55f4-896b-fa882e11e38e,2026-27,6,17.85,17.31,19.16,34.26,88.58,A,f
9a722b63-b700-fb34-c7c0-93110a0cf6fc,800dadeb-a4b5-4ab3-91c8-1725ae3fdb6b,2bc3bd90-0760-5d47-9467-5a5992c412e5,2026-27,6,18.85,16.61,17.16,36.06,88.68,A,f
fa459f2a-80cc-b74e-9839-a122d788a55b,800dadeb-a4b5-4ab3-91c8-1725ae3fdb6b,d9518e1b-06ba-5f43-b6b9-67d017eaae5d,2026-27,6,18.95,19.81,19.96,36.36,95.08,A+,f
c7a89cf0-3187-dced-575f-3ec9c3a91f77,800dadeb-a4b5-4ab3-91c8-1725ae3fdb6b,005078bd-c539-5c44-a631-7e7dd9fb778c,2026-27,6,18.25,19.41,17.96,38.86,94.48,A+,f
ae4bda03-5f20-7586-d081-e2a5d5b94c25,800dadeb-a4b5-4ab3-91c8-1725ae3fdb6b,539f9c66-84f9-5b19-943a-cb15d62bbc33,2026-27,6,16.95,18.21,17.46,38.66,91.28,A+,f
154a69b7-e1ca-186c-f92c-418b914b5e5b,e61fd452-72da-45f6-b3e1-ffdfc86b08a4,29f10515-0a52-55f4-896b-fa882e11e38e,2026-27,6,19.0,16.26,19.4,34.3,88.96,A,f
06c38619-e32b-9e0f-e530-f284b0347bd3,e61fd452-72da-45f6-b3e1-ffdfc86b08a4,2bc3bd90-0760-5d47-9467-5a5992c412e5,2026-27,6,18.1,17.36,19.8,34.4,89.66,A,f
04b241f9-8df5-e638-bd66-f7e768915ad0,e61fd452-72da-45f6-b3e1-ffdfc86b08a4,d9518e1b-06ba-5f43-b6b9-67d017eaae5d,2026-27,6,16.7,18.56,18.5,37.6,91.36,A+,f
169031d3-5039-c63b-7df1-607414639929,e61fd452-72da-45f6-b3e1-ffdfc86b08a4,005078bd-c539-5c44-a631-7e7dd9fb778c,2026-27,6,17.3,17.16,17.8,37.5,89.76,A,f
6e16e928-8239-80e6-ccd2-3da3a92f488f,e61fd452-72da-45f6-b3e1-ffdfc86b08a4,539f9c66-84f9-5b19-943a-cb15d62bbc33,2026-27,6,17.3,19.46,18.1,36.5,91.36,A+,f
493b6743-7d71-317e-7f80-ab1c5713725b,e8843073-606d-40d5-a309-f67a825c73a5,730c5632-33dc-5e69-a798-6135043a47aa,2026-27,4,17.62,15.66,16.47,35.14,84.89,A,f
81c339c3-919b-9cde-56fb-d257bca06d8f,e8843073-606d-40d5-a309-f67a825c73a5,21e87180-7538-5689-922d-8889674702ed,2026-27,4,16.52,18.36,16.27,34.24,85.39,A,f
271efab3-2b3d-0509-df31-13f8f83ea00a,e8843073-606d-40d5-a309-f67a825c73a5,a71f945b-22bf-5921-85a0-cb1acd7cb2e6,2026-27,4,15.72,18.76,18.37,30.64,83.49,A,f
2dbaf515-0a0c-b6c0-1689-ee5b2b9da14f,e8843073-606d-40d5-a309-f67a825c73a5,859db046-894d-53cc-8cb4-3643d0c7f1fe,2026-27,4,16.12,14.76,16.57,31.84,79.29,B+,f
929516ef-8036-7e2d-20b3-0913ee338f2f,e8843073-606d-40d5-a309-f67a825c73a5,40d412e8-fc3b-5972-8ff2-90b35de8a2d3,2026-27,4,18.62,15.06,18.47,36.04,88.19,A,f
be8f687f-a873-7112-79f3-3173271137ca,817de8c1-c5e2-40fa-9561-2c6f470343ac,c697ab81-ffed-5fa6-9b51-be0954571d20,2026-27,1,17.06,18.63,17.08,38.99,91.76,A+,f
7ec3e4f1-9bd5-731e-3109-fcd46406bf87,817de8c1-c5e2-40fa-9561-2c6f470343ac,cc6bfe47-d156-5f3c-a0a6-64be53ff1202,2026-27,1,18.26,17.33,17.98,33.29,86.86,A,f
4d57fd12-8b42-9b9c-1f68-8236a50cc8fb,817de8c1-c5e2-40fa-9561-2c6f470343ac,945cbb28-3a50-5ed1-8e70-c416ee3f92f0,2026-27,1,19.36,17.23,18.98,38.19,93.76,A+,f
a3f34a1f-b42e-af39-cb61-c2bfcdf53134,817de8c1-c5e2-40fa-9561-2c6f470343ac,325f5f11-db40-5f00-816d-d66357e36c70,2026-27,1,19.56,17.73,19.28,38.69,95.26,A+,f
a07c0a00-d0dd-96f4-9c80-1cf52950353a,817de8c1-c5e2-40fa-9561-2c6f470343ac,817d9a6f-e405-58f8-991b-373c31bd4e25,2026-27,1,16.76,19.53,19.58,35.59,91.46,A+,f
315a4ca8-91ac-5e9d-82c9-23ceda640180,e9bd7e45-5a3b-460b-b29f-8bc8225ce18f,730c5632-33dc-5e69-a798-6135043a47aa,2026-27,4,18.9,19.29,20.0,39.2,97.39,A+,f
1ffcfa91-beae-7fb8-9a45-754c919e3853,e9bd7e45-5a3b-460b-b29f-8bc8225ce18f,21e87180-7538-5689-922d-8889674702ed,2026-27,4,20.0,17.69,20.0,40.0,97.69,A+,f
ccbe0b1f-c2d9-5eb1-b11c-ee1e2ec6d786,e9bd7e45-5a3b-460b-b29f-8bc8225ce18f,a71f945b-22bf-5921-85a0-cb1acd7cb2e6,2026-27,4,19.6,17.29,19.18,40.0,96.07,A+,f
c694576b-8df2-8815-b62d-21d735349ac2,e9bd7e45-5a3b-460b-b29f-8bc8225ce18f,859db046-894d-53cc-8cb4-3643d0c7f1fe,2026-27,4,19.7,18.29,19.38,35.7,93.07,A+,f
77b2e54e-10ae-15c3-d077-dddf449fafa5,e9bd7e45-5a3b-460b-b29f-8bc8225ce18f,40d412e8-fc3b-5972-8ff2-90b35de8a2d3,2026-27,4,18.4,18.69,20.0,37.5,94.59,A+,f
11b66526-fe59-21aa-5035-0866170ec242,53efafe3-7bf0-4171-b368-f5ffdd3a0e13,c697ab81-ffed-5fa6-9b51-be0954571d20,2026-27,1,18.04,19.49,19.53,37.66,94.72,A+,f
d53826b4-7f5d-2f74-52a7-9e99989c5a1e,53efafe3-7bf0-4171-b368-f5ffdd3a0e13,cc6bfe47-d156-5f3c-a0a6-64be53ff1202,2026-27,1,18.04,17.29,17.43,32.36,85.12,A,f
c56f9ecb-d19a-32ba-e2c9-505c438ee779,53efafe3-7bf0-4171-b368-f5ffdd3a0e13,945cbb28-3a50-5ed1-8e70-c416ee3f92f0,2026-27,1,18.14,19.29,18.03,37.16,92.62,A+,f
718a8e1a-92e6-46b6-f0ed-1a2a0155001c,53efafe3-7bf0-4171-b368-f5ffdd3a0e13,325f5f11-db40-5f00-816d-d66357e36c70,2026-27,1,16.54,18.89,19.23,35.86,90.52,A+,f
9911fb67-d545-eab9-cdbc-cf05b4b439d2,53efafe3-7bf0-4171-b368-f5ffdd3a0e13,817d9a6f-e405-58f8-991b-373c31bd4e25,2026-27,1,16.54,18.99,17.13,32.36,85.02,A,f
3e583903-eca2-fb7d-c87f-5171f4d450a0,6be14b8c-0196-4b0b-9d4b-004b38ebc617,730c5632-33dc-5e69-a798-6135043a47aa,2026-27,4,17.94,19.42,18.19,38.51,94.06,A+,f
95e0b0ca-f837-190d-bf2a-2df352c8f72e,6be14b8c-0196-4b0b-9d4b-004b38ebc617,21e87180-7538-5689-922d-8889674702ed,2026-27,4,17.74,18.52,19.19,34.61,90.06,A+,f
58f27919-d9de-b834-48df-38a3980fafc7,6be14b8c-0196-4b0b-9d4b-004b38ebc617,a71f945b-22bf-5921-85a0-cb1acd7cb2e6,2026-27,4,19.74,19.42,18.19,34.61,91.96,A+,f
310a6212-9fa9-db80-db6c-73c971e7dc13,6be14b8c-0196-4b0b-9d4b-004b38ebc617,859db046-894d-53cc-8cb4-3643d0c7f1fe,2026-27,4,19.64,18.52,17.89,36.11,92.16,A+,f
b6af126a-1636-cd05-e4ff-a85adcff58a8,6be14b8c-0196-4b0b-9d4b-004b38ebc617,40d412e8-fc3b-5972-8ff2-90b35de8a2d3,2026-27,4,17.34,19.72,20.0,38.31,95.37,A+,f
82f16e62-1d8e-ce0b-482e-365621587d82,f28b955e-3429-4554-805f-6ae433c26064,730c5632-33dc-5e69-a798-6135043a47aa,2026-27,4,17.67,18.83,17.38,33.88,87.76,A,f
95a0290f-c38e-0273-bea1-eb67c931f06b,f28b955e-3429-4554-805f-6ae433c26064,21e87180-7538-5689-922d-8889674702ed,2026-27,4,17.87,18.83,19.28,34.88,90.86,A+,f
f9fec43d-e637-bdbe-93a1-f18044a5521e,f28b955e-3429-4554-805f-6ae433c26064,a71f945b-22bf-5921-85a0-cb1acd7cb2e6,2026-27,4,18.07,19.23,19.88,36.28,93.46,A+,f
883418df-e5dd-dcb2-cef9-04e60caac515,f28b955e-3429-4554-805f-6ae433c26064,859db046-894d-53cc-8cb4-3643d0c7f1fe,2026-27,4,19.57,17.53,18.78,34.58,90.46,A+,f
ebe42be1-f3bb-d04c-22f6-d92a0430e544,f28b955e-3429-4554-805f-6ae433c26064,40d412e8-fc3b-5972-8ff2-90b35de8a2d3,2026-27,4,16.67,17.43,18.88,38.18,91.16,A+,f
68ebea65-4770-6d5b-99ea-9a4490548a26,607f8e96-b735-4676-bc7f-035b2e782ee7,f8b6ad01-594d-5e52-b325-ed9eb13211e1,2026-27,2,16.76,15.22,17.24,34.44,83.66,A,f
432f14d6-f9d3-967a-d6c6-0aabbfb3d1ea,607f8e96-b735-4676-bc7f-035b2e782ee7,f27d152a-f613-51a3-aea8-0506e5d24c3a,2026-27,2,18.56,16.22,17.74,34.24,86.76,A,f
71ca6c0b-e14e-6550-d866-c0b511e06c32,607f8e96-b735-4676-bc7f-035b2e782ee7,5297007a-130e-5341-af7a-4e9027c2dadf,2026-27,2,16.06,15.32,17.94,35.24,84.56,A,f
97ab6467-bffe-2421-880d-23900f670e95,607f8e96-b735-4676-bc7f-035b2e782ee7,c8e42f25-4acd-5f8b-8bce-f0cab27cc71f,2026-27,2,18.46,18.82,17.84,35.34,90.46,A+,f
69d5d08f-5e3b-1526-a84f-45c5d07d715e,607f8e96-b735-4676-bc7f-035b2e782ee7,5ceb5573-0231-5d70-848b-193fcfdb644c,2026-27,2,18.16,16.72,17.04,35.54,87.46,A,f
3f096546-7de3-4e65-862c-b1ac40fa01ec,916ca084-1eb5-4387-ba35-a130d7dac3b2,c697ab81-ffed-5fa6-9b51-be0954571d20,2026-27,1,16.45,18.7,18.64,37.46,91.25,A+,f
a136cf30-e6ae-7cfa-af27-8ac799fc929c,916ca084-1eb5-4387-ba35-a130d7dac3b2,cc6bfe47-d156-5f3c-a0a6-64be53ff1202,2026-27,1,18.85,16.6,17.74,35.76,88.95,A,f
d51a8892-e89f-4bcb-62a8-57aae21b4dde,916ca084-1eb5-4387-ba35-a130d7dac3b2,945cbb28-3a50-5ed1-8e70-c416ee3f92f0,2026-27,1,16.45,18.1,16.74,32.56,83.85,A,f
55b46612-aa32-9e80-1a3b-83796d39739a,916ca084-1eb5-4387-ba35-a130d7dac3b2,325f5f11-db40-5f00-816d-d66357e36c70,2026-27,1,16.45,16.8,17.14,34.06,84.45,A,f
9b36bd7a-e689-330f-089e-62987feb4ca2,916ca084-1eb5-4387-ba35-a130d7dac3b2,817d9a6f-e405-58f8-991b-373c31bd4e25,2026-27,1,18.35,19.1,18.94,37.76,94.15,A+,f
5cb32693-c1de-1aec-6e33-4de6dd5f40d7,82cb0222-b361-4899-91c6-f06468d0edff,29f10515-0a52-55f4-896b-fa882e11e38e,2026-27,6,17.4,18.35,17.77,32.28,85.8,A,f
9a274a2a-2768-e664-2f51-eeb2012b4e71,82cb0222-b361-4899-91c6-f06468d0edff,2bc3bd90-0760-5d47-9467-5a5992c412e5,2026-27,6,17.1,17.15,17.67,33.98,85.9,A,f
98cd626b-186e-1cff-72fe-38455ce3101d,82cb0222-b361-4899-91c6-f06468d0edff,d9518e1b-06ba-5f43-b6b9-67d017eaae5d,2026-27,6,16.6,16.75,16.77,32.68,82.8,A,f
d50c9a9f-b7a4-9d3f-b050-70813ad7e620,82cb0222-b361-4899-91c6-f06468d0edff,005078bd-c539-5c44-a631-7e7dd9fb778c,2026-27,6,18.0,15.15,17.07,33.98,84.2,A,f
2db13ee8-b4d9-7e4b-232c-006e5016de99,82cb0222-b361-4899-91c6-f06468d0edff,539f9c66-84f9-5b19-943a-cb15d62bbc33,2026-27,6,15.9,16.25,16.37,33.78,82.3,A,f
0f498946-9a74-d344-9c29-f5fc48c753fa,b27fbe5b-04b5-442d-b4e6-5f8118d5c9d3,c697ab81-ffed-5fa6-9b51-be0954571d20,2026-27,1,18.13,17.07,16.99,31.09,83.28,A,f
8374b52d-0856-0bec-8f23-e8fb54949293,b27fbe5b-04b5-442d-b4e6-5f8118d5c9d3,cc6bfe47-d156-5f3c-a0a6-64be53ff1202,2026-27,1,17.03,16.37,17.19,33.59,84.18,A,f
404ae551-1ae1-2cb6-5d60-e3140def101a,b27fbe5b-04b5-442d-b4e6-5f8118d5c9d3,945cbb28-3a50-5ed1-8e70-c416ee3f92f0,2026-27,1,18.13,16.27,16.69,32.79,83.88,A,f
d0be320b-10b3-4654-f3fd-9fc34a4c2c90,b27fbe5b-04b5-442d-b4e6-5f8118d5c9d3,325f5f11-db40-5f00-816d-d66357e36c70,2026-27,1,18.43,17.17,17.19,35.59,88.38,A,f
c05e8891-af51-1f4d-daf5-50fca4de99bf,b27fbe5b-04b5-442d-b4e6-5f8118d5c9d3,817d9a6f-e405-58f8-991b-373c31bd4e25,2026-27,1,15.83,17.77,18.99,36.19,88.78,A,f
f3f6c6e9-f168-78de-1d38-636b9cb01dce,594c23e8-2de2-45bd-a891-64a7936fee4d,f8b6ad01-594d-5e52-b325-ed9eb13211e1,2026-27,2,17.43,15.68,17.1,31.32,81.53,A,f
bf4b18c5-2334-c915-9046-ac1253bf3093,594c23e8-2de2-45bd-a891-64a7936fee4d,f27d152a-f613-51a3-aea8-0506e5d24c3a,2026-27,2,16.73,15.08,19.0,31.62,82.43,A,f
4359fb41-fa0b-3912-7de7-b6187405c292,594c23e8-2de2-45bd-a891-64a7936fee4d,5297007a-130e-5341-af7a-4e9027c2dadf,2026-27,2,16.03,17.48,18.4,35.12,87.03,A,f
954e1d61-b3ac-d4da-676a-28392c0bb84e,594c23e8-2de2-45bd-a891-64a7936fee4d,c8e42f25-4acd-5f8b-8bce-f0cab27cc71f,2026-27,2,17.93,16.08,19.0,32.12,85.13,A,f
ebb8c8ea-71b9-4f65-3b61-9b3e58ccae67,594c23e8-2de2-45bd-a891-64a7936fee4d,5ceb5573-0231-5d70-848b-193fcfdb644c,2026-27,2,15.83,17.08,18.4,32.52,83.83,A,f
8e88b579-7726-bad3-9af9-a1a389bfa39b,605f6266-3e4b-4fec-ac48-71e7254a94f3,730c5632-33dc-5e69-a798-6135043a47aa,2026-27,4,17.77,17.94,19.49,36.23,91.43,A+,f
7c685698-dc2b-25a1-3eb3-f625bb4f01dd,605f6266-3e4b-4fec-ac48-71e7254a94f3,21e87180-7538-5689-922d-8889674702ed,2026-27,4,18.87,19.34,19.79,36.23,94.23,A+,f
32f06067-866e-b6e6-4bb3-fd6ab71b571d,605f6266-3e4b-4fec-ac48-71e7254a94f3,a71f945b-22bf-5921-85a0-cb1acd7cb2e6,2026-27,4,18.27,17.34,18.39,33.73,87.73,A,f
91e014a2-8b8c-5754-9d4c-c3a738c87b61,605f6266-3e4b-4fec-ac48-71e7254a94f3,859db046-894d-53cc-8cb4-3643d0c7f1fe,2026-27,4,16.87,19.04,19.39,34.13,89.43,A,f
8acee1ee-d34f-3691-d744-432f37642b42,605f6266-3e4b-4fec-ac48-71e7254a94f3,40d412e8-fc3b-5972-8ff2-90b35de8a2d3,2026-27,4,18.17,16.44,17.19,34.13,85.93,A,f
5b69bf4c-683b-1425-1b81-5023ac1b2413,ddc1ce58-cacc-42f1-882c-389ba58f04cb,29f10515-0a52-55f4-896b-fa882e11e38e,2026-27,6,17.56,15.52,18.44,31.74,83.26,A,f
9c56fa0e-ab9a-0edb-519c-f2e8a755f154,ddc1ce58-cacc-42f1-882c-389ba58f04cb,2bc3bd90-0760-5d47-9467-5a5992c412e5,2026-27,6,16.56,15.92,17.04,35.94,85.46,A,f
4da7a08d-ba5f-d11c-6b98-741a25dbf292,ddc1ce58-cacc-42f1-882c-389ba58f04cb,d9518e1b-06ba-5f43-b6b9-67d017eaae5d,2026-27,6,18.76,17.82,16.64,31.64,84.86,A,f
2d56fa41-df1b-bdc0-8c63-b8761d8d4e85,ddc1ce58-cacc-42f1-882c-389ba58f04cb,005078bd-c539-5c44-a631-7e7dd9fb778c,2026-27,6,17.36,18.52,19.24,34.24,89.36,A,f
cf4b345d-838b-eccf-a430-2ae2fe0e7268,ddc1ce58-cacc-42f1-882c-389ba58f04cb,539f9c66-84f9-5b19-943a-cb15d62bbc33,2026-27,6,16.16,17.82,16.94,32.94,83.86,A,f
1629a54d-f6aa-3d5d-3565-63907c88fe93,ee45dbd4-2452-406f-8796-863b951161cc,730c5632-33dc-5e69-a798-6135043a47aa,2026-27,4,17.36,15.4,17.02,35.88,85.66,A,f
5e365452-f3e2-55b4-6830-9eb5de9c6333,ee45dbd4-2452-406f-8796-863b951161cc,21e87180-7538-5689-922d-8889674702ed,2026-27,4,16.36,15.4,17.22,34.78,83.76,A,f
942eb4d4-0757-324c-7f11-1b0fec8dd4b8,ee45dbd4-2452-406f-8796-863b951161cc,a71f945b-22bf-5921-85a0-cb1acd7cb2e6,2026-27,4,17.36,15.6,18.02,34.38,85.36,A,f
e71c7c81-aafe-4702-13be-8e174714c501,ee45dbd4-2452-406f-8796-863b951161cc,859db046-894d-53cc-8cb4-3643d0c7f1fe,2026-27,4,15.86,15.1,17.72,36.38,85.06,A,f
07e27d8f-6921-c79d-7727-4935d4e36235,ee45dbd4-2452-406f-8796-863b951161cc,40d412e8-fc3b-5972-8ff2-90b35de8a2d3,2026-27,4,15.96,15.6,19.12,36.08,86.76,A,f
353f9be9-4d47-c5e2-6988-c30160b97bcd,24c51da0-2db2-404b-98fd-cb2f3f81025f,c697ab81-ffed-5fa6-9b51-be0954571d20,2026-27,1,18.4,20.0,19.1,40.0,97.5,A+,f
7e245db0-ac4d-f809-86a3-b91179ee1bea,24c51da0-2db2-404b-98fd-cb2f3f81025f,cc6bfe47-d156-5f3c-a0a6-64be53ff1202,2026-27,1,18.4,19.1,20.0,38.0,95.5,A+,f
bf2b8cb7-c5b7-6a9a-a889-60fdb7dee848,24c51da0-2db2-404b-98fd-cb2f3f81025f,945cbb28-3a50-5ed1-8e70-c416ee3f92f0,2026-27,1,20.0,18.2,18.9,40.0,97.1,A+,f
e59bc21f-d5ee-5542-2c35-ec66a170be3b,24c51da0-2db2-404b-98fd-cb2f3f81025f,325f5f11-db40-5f00-816d-d66357e36c70,2026-27,1,19.1,18.1,18.8,36.5,92.5,A+,f
42595886-7cbd-aaea-3efe-31ed3d36c642,24c51da0-2db2-404b-98fd-cb2f3f81025f,817d9a6f-e405-58f8-991b-373c31bd4e25,2026-27,1,19.2,20.0,19.7,39.4,98.3,A+,f
4be473b1-382f-ab19-8bbf-a775c852168d,9f894961-776e-479d-84be-0e3d363df6a6,f8b6ad01-594d-5e52-b325-ed9eb13211e1,2026-27,2,15.98,16.82,18.32,32.61,83.73,A,f
f74dfd4f-489e-88e4-405c-d91dea20e9e9,9f894961-776e-479d-84be-0e3d363df6a6,f27d152a-f613-51a3-aea8-0506e5d24c3a,2026-27,2,16.08,14.52,16.82,31.11,78.53,B+,f
4f83a6bf-7d6b-e06b-d434-4c7b528cdff5,9f894961-776e-479d-84be-0e3d363df6a6,5297007a-130e-5341-af7a-4e9027c2dadf,2026-27,2,17.58,15.52,16.82,30.81,80.73,A,f
a9d619d8-a947-09c4-198b-ebb5b3f14714,9f894961-776e-479d-84be-0e3d363df6a6,c8e42f25-4acd-5f8b-8bce-f0cab27cc71f,2026-27,2,16.68,16.42,18.42,33.81,85.33,A,f
19b922d3-04f7-2865-15da-12893e3ffb7f,9f894961-776e-479d-84be-0e3d363df6a6,5ceb5573-0231-5d70-848b-193fcfdb644c,2026-27,2,17.58,18.52,16.02,35.81,87.93,A,f
f890f04c-41d0-f00e-8b8c-013bfa686708,c8004dfb-cc97-43b7-a424-323e26ee3428,f8b6ad01-594d-5e52-b325-ed9eb13211e1,2026-27,2,16.82,15.76,16.97,30.52,80.07,A,f
08d7ad95-837d-0bc3-eef9-2b00a7d7f049,c8004dfb-cc97-43b7-a424-323e26ee3428,f27d152a-f613-51a3-aea8-0506e5d24c3a,2026-27,2,15.52,17.76,16.17,34.72,84.17,A,f
e48c35ec-4562-4b99-41c5-8ff0b089f06c,c8004dfb-cc97-43b7-a424-323e26ee3428,5297007a-130e-5341-af7a-4e9027c2dadf,2026-27,2,18.32,17.56,16.87,34.62,87.37,A,f
6cbeef76-1258-86f6-13fc-43a8d4246ad7,c8004dfb-cc97-43b7-a424-323e26ee3428,c8e42f25-4acd-5f8b-8bce-f0cab27cc71f,2026-27,2,17.32,14.76,15.87,31.02,78.97,B+,f
8213ef53-219d-10e0-b56b-8744c253b6cc,c8004dfb-cc97-43b7-a424-323e26ee3428,5ceb5573-0231-5d70-848b-193fcfdb644c,2026-27,2,16.62,16.16,17.07,32.62,82.47,A,f
57c12415-823b-aaaf-ec94-e56b26f5e2ba,d6eb4a19-e11a-4f40-8b56-3cd47d28b15e,29f10515-0a52-55f4-896b-fa882e11e38e,2026-27,6,18.0,16.45,17.16,32.53,84.14,A,f
d1b2ef33-b873-9b65-0d37-778d2c69b057,d6eb4a19-e11a-4f40-8b56-3cd47d28b15e,2bc3bd90-0760-5d47-9467-5a5992c412e5,2026-27,6,18.0,17.55,18.26,34.93,88.74,A,f
d19e3313-f874-6f40-0dbf-de69c8e352d0,d6eb4a19-e11a-4f40-8b56-3cd47d28b15e,d9518e1b-06ba-5f43-b6b9-67d017eaae5d,2026-27,6,17.1,18.65,17.46,32.63,85.84,A,f
a135412b-24cf-f06f-f7bb-46f02629fce1,d6eb4a19-e11a-4f40-8b56-3cd47d28b15e,005078bd-c539-5c44-a631-7e7dd9fb778c,2026-27,6,17.7,15.65,19.06,32.83,85.24,A,f
22c19fd0-b226-fc3e-fcc2-7682efcc5401,d6eb4a19-e11a-4f40-8b56-3cd47d28b15e,539f9c66-84f9-5b19-943a-cb15d62bbc33,2026-27,6,16.3,17.55,16.26,34.23,84.34,A,f
71033fa0-dd74-cfac-45da-cb82788abe27,ae34df1d-486b-46c6-8cd7-a3b2834ecc3d,730c5632-33dc-5e69-a798-6135043a47aa,2026-27,4,19.2,19.77,18.12,39.08,96.17,A+,f
eed16f5b-53a8-51cb-ea34-62e1e1e1acbc,ae34df1d-486b-46c6-8cd7-a3b2834ecc3d,21e87180-7538-5689-922d-8889674702ed,2026-27,4,17.3,18.87,19.22,38.28,93.67,A+,f
f671be6a-7786-f40e-934d-d82932c65e02,ae34df1d-486b-46c6-8cd7-a3b2834ecc3d,a71f945b-22bf-5921-85a0-cb1acd7cb2e6,2026-27,4,18.2,18.87,18.92,37.58,93.57,A+,f
b37160d7-f92b-4b96-355a-b6d7b33191d5,ae34df1d-486b-46c6-8cd7-a3b2834ecc3d,859db046-894d-53cc-8cb4-3643d0c7f1fe,2026-27,4,19.0,18.47,18.92,33.28,89.67,A,f
4b501d37-cae4-4c27-ca47-bcebb0f95503,ae34df1d-486b-46c6-8cd7-a3b2834ecc3d,40d412e8-fc3b-5972-8ff2-90b35de8a2d3,2026-27,4,18.9,16.57,20.0,36.88,92.35,A+,f
bc0dec77-4ecd-d714-e7c5-2eceeaf3157a,5f59f791-a34e-4457-af51-b0662d210849,730c5632-33dc-5e69-a798-6135043a47aa,2026-27,4,18.46,16.31,16.33,31.49,82.59,A,f
3740b929-33e7-7e76-86e2-80f2210681d3,5f59f791-a34e-4457-af51-b0662d210849,21e87180-7538-5689-922d-8889674702ed,2026-27,4,18.86,15.61,18.43,32.19,85.09,A,f
dac1ceb0-3a7e-e001-74cb-d582743923af,5f59f791-a34e-4457-af51-b0662d210849,a71f945b-22bf-5921-85a0-cb1acd7cb2e6,2026-27,4,16.46,15.41,16.93,34.09,82.89,A,f
64dd6b91-f32d-e19e-a7c2-d6d4eaf90fe3,5f59f791-a34e-4457-af51-b0662d210849,859db046-894d-53cc-8cb4-3643d0c7f1fe,2026-27,4,17.76,17.81,17.33,33.09,85.99,A,f
5806ab8e-aaba-ff7a-79f0-e99602bbf3dc,5f59f791-a34e-4457-af51-b0662d210849,40d412e8-fc3b-5972-8ff2-90b35de8a2d3,2026-27,4,16.86,17.51,17.73,33.89,85.99,A,f
ab1ff53a-1374-0771-19a8-8e30c6b142cb,43c92216-852b-48eb-bf52-a9eb0dc34636,29f10515-0a52-55f4-896b-fa882e11e38e,2026-27,6,17.7,15.94,17.26,32.37,83.27,A,f
365770e2-7da8-1817-d10b-c35c4b5c1d7f,43c92216-852b-48eb-bf52-a9eb0dc34636,2bc3bd90-0760-5d47-9467-5a5992c412e5,2026-27,6,17.6,15.34,16.86,33.17,82.97,A,f
d3f15c16-29c7-583b-2973-a214586895ea,43c92216-852b-48eb-bf52-a9eb0dc34636,d9518e1b-06ba-5f43-b6b9-67d017eaae5d,2026-27,6,17.1,15.14,18.96,32.77,83.97,A,f
4c5cfe1f-12bb-535f-e400-871bc2086b5c,43c92216-852b-48eb-bf52-a9eb0dc34636,005078bd-c539-5c44-a631-7e7dd9fb778c,2026-27,6,16.6,18.34,17.46,31.47,83.87,A,f
fd3fd8eb-2a1b-c374-76fb-ce5de8ab8414,43c92216-852b-48eb-bf52-a9eb0dc34636,539f9c66-84f9-5b19-943a-cb15d62bbc33,2026-27,6,17.0,18.24,16.86,33.67,85.77,A,f
984aab5e-6051-0470-7252-6c5ea5a41eba,705321fa-cf66-440a-b638-e21a7561a2da,29f10515-0a52-55f4-896b-fa882e11e38e,2026-27,6,16.49,17.22,18.02,29.78,81.51,A,f
2875681e-86ba-3f52-056d-03455a20bb01,705321fa-cf66-440a-b638-e21a7561a2da,2bc3bd90-0760-5d47-9467-5a5992c412e5,2026-27,6,15.49,15.52,17.12,34.58,82.71,A,f
2084e5fd-e591-3435-0c1e-393e08566374,705321fa-cf66-440a-b638-e21a7561a2da,d9518e1b-06ba-5f43-b6b9-67d017eaae5d,2026-27,6,15.29,17.62,16.22,30.38,79.51,B+,f
c276c7c3-bad2-a6cc-09ff-48914bb537de,705321fa-cf66-440a-b638-e21a7561a2da,005078bd-c539-5c44-a631-7e7dd9fb778c,2026-27,6,16.49,17.02,18.32,33.98,85.81,A,f
baa9dfeb-7f0d-e63d-ceb6-60a4e00842d7,705321fa-cf66-440a-b638-e21a7561a2da,539f9c66-84f9-5b19-943a-cb15d62bbc33,2026-27,6,16.89,17.12,17.32,29.68,81.01,A,f
137e3499-c003-c31b-2e05-0e816d7550e1,f4117b48-c67c-4811-b11a-54f6915e8a0c,29f10515-0a52-55f4-896b-fa882e11e38e,2026-27,6,18.5,19.06,17.1,37.7,92.36,A+,f
b00498ca-7fb1-1c16-1867-32ce50988edb,f4117b48-c67c-4811-b11a-54f6915e8a0c,2bc3bd90-0760-5d47-9467-5a5992c412e5,2026-27,6,17.3,18.56,17.8,36.7,90.36,A+,f
1df0a251-8f3e-e93d-8846-3dc62b416451,f4117b48-c67c-4811-b11a-54f6915e8a0c,d9518e1b-06ba-5f43-b6b9-67d017eaae5d,2026-27,6,17.1,15.66,17.4,37.7,87.86,A,f
72b79b10-e646-9aeb-9f50-5d6c400edcb2,f4117b48-c67c-4811-b11a-54f6915e8a0c,005078bd-c539-5c44-a631-7e7dd9fb778c,2026-27,6,16.4,15.96,18.4,32.9,83.66,A,f
7ec46ce2-4640-972b-8ea3-f1949567cc68,f4117b48-c67c-4811-b11a-54f6915e8a0c,539f9c66-84f9-5b19-943a-cb15d62bbc33,2026-27,6,18.7,17.46,17.4,33.9,87.46,A,f
c89e27a2-dbf4-4c7d-c88b-4af5decce64f,55697575-391b-42dd-9dc0-dcb8731eca1e,730c5632-33dc-5e69-a798-6135043a47aa,2026-27,4,19.94,18.42,18.28,34.64,91.28,A+,f
43a61911-229e-c8f4-5a95-8028fff8b440,55697575-391b-42dd-9dc0-dcb8731eca1e,21e87180-7538-5689-922d-8889674702ed,2026-27,4,17.04,16.92,18.38,37.64,89.98,A,f
1e59d9e9-07fd-de93-8ae6-5aecf3723816,55697575-391b-42dd-9dc0-dcb8731eca1e,a71f945b-22bf-5921-85a0-cb1acd7cb2e6,2026-27,4,17.04,17.62,18.18,38.44,91.28,A+,f
1f856285-0636-9f13-9ef7-9efa539f50c3,55697575-391b-42dd-9dc0-dcb8731eca1e,859db046-894d-53cc-8cb4-3643d0c7f1fe,2026-27,4,18.24,20.0,18.38,36.54,93.16,A+,f
3093d4fb-18a3-5947-cead-19afd8c1b584,55697575-391b-42dd-9dc0-dcb8731eca1e,40d412e8-fc3b-5972-8ff2-90b35de8a2d3,2026-27,4,18.44,18.72,20.0,36.84,94.0,A+,f
0e29fde1-fc6d-103f-be94-2939d143e3fe,c923181a-e3bd-47c1-98a3-c804899de2f4,f8b6ad01-594d-5e52-b325-ed9eb13211e1,2026-27,2,15.99,15.53,18.03,32.75,82.3,A,f
190de235-71f5-f80f-1c2e-4a4ba8b2c9af,c923181a-e3bd-47c1-98a3-c804899de2f4,f27d152a-f613-51a3-aea8-0506e5d24c3a,2026-27,2,15.69,18.23,17.33,31.95,83.2,A,f
6ef7aee5-e9c3-5aa5-bb88-c3bf1739a2e4,c923181a-e3bd-47c1-98a3-c804899de2f4,5297007a-130e-5341-af7a-4e9027c2dadf,2026-27,2,16.89,18.23,17.63,36.25,89.0,A,f
b3b804a2-e04a-e3af-aeb6-1c3f7283df96,c923181a-e3bd-47c1-98a3-c804899de2f4,c8e42f25-4acd-5f8b-8bce-f0cab27cc71f,2026-27,2,17.29,15.43,18.33,30.35,81.4,A,f
f05295b2-a6b9-3025-40c6-4813d889a229,c923181a-e3bd-47c1-98a3-c804899de2f4,5ceb5573-0231-5d70-848b-193fcfdb644c,2026-27,2,17.99,17.13,17.03,35.25,87.4,A,f
893b6561-e4b6-a601-a6b6-632987c55605,525bfd9d-a612-44ee-8e81-ef48eabb894d,c697ab81-ffed-5fa6-9b51-be0954571d20,2026-27,1,19.0,16.65,17.18,36.5,89.33,A,f
613b0065-4748-610b-9529-bad2080614d5,525bfd9d-a612-44ee-8e81-ef48eabb894d,cc6bfe47-d156-5f3c-a0a6-64be53ff1202,2026-27,1,18.6,16.25,17.48,32.6,84.93,A,f
363c3e87-4ef3-ba68-f3ae-2a83cfb30f8d,525bfd9d-a612-44ee-8e81-ef48eabb894d,945cbb28-3a50-5ed1-8e70-c416ee3f92f0,2026-27,1,17.4,18.55,17.98,32.9,86.83,A,f
5a6df8b4-4539-1459-b98f-5fa4ffdcb25d,525bfd9d-a612-44ee-8e81-ef48eabb894d,325f5f11-db40-5f00-816d-d66357e36c70,2026-27,1,16.2,15.25,18.38,36.0,85.83,A,f
0db8c22a-8420-ad45-f566-ef3d1cd017ea,525bfd9d-a612-44ee-8e81-ef48eabb894d,817d9a6f-e405-58f8-991b-373c31bd4e25,2026-27,1,18.5,17.05,18.58,35.0,89.13,A,f
a6e80a2b-9b54-57e1-c741-e879d3f80508,525e3275-5d08-4f97-bfa4-e5e1fe2d2e31,f8b6ad01-594d-5e52-b325-ed9eb13211e1,2026-27,2,17.36,17.84,19.81,33.89,88.9,A,f
e7e37afb-5f1a-2d7d-408e-be453f4a16cd,525e3275-5d08-4f97-bfa4-e5e1fe2d2e31,f27d152a-f613-51a3-aea8-0506e5d24c3a,2026-27,2,17.56,19.34,17.61,38.29,92.8,A+,f
c20608f9-425a-3143-7330-26f3c3fb67b3,525e3275-5d08-4f97-bfa4-e5e1fe2d2e31,5297007a-130e-5341-af7a-4e9027c2dadf,2026-27,2,19.36,19.24,17.81,38.69,95.1,A+,f
2dd5ab7b-5b38-4c5f-2df5-a6e272e35d5c,525e3275-5d08-4f97-bfa4-e5e1fe2d2e31,c8e42f25-4acd-5f8b-8bce-f0cab27cc71f,2026-27,2,19.06,19.54,17.61,37.49,93.7,A+,f
c041d1c3-44f6-064b-178b-ec53125ec874,525e3275-5d08-4f97-bfa4-e5e1fe2d2e31,5ceb5573-0231-5d70-848b-193fcfdb644c,2026-27,2,19.76,20.0,18.61,37.49,95.86,A+,f
86d23ac4-ea56-4dd9-2ee9-b027cce535f3,269f24b3-58ce-47dd-8a6b-7b68527d99f2,f8b6ad01-594d-5e52-b325-ed9eb13211e1,2026-27,2,16.0,15.79,15.43,31.1,78.32,B+,f
97339d1d-7f31-6366-9b5a-fc48cf7112bc,269f24b3-58ce-47dd-8a6b-7b68527d99f2,f27d152a-f613-51a3-aea8-0506e5d24c3a,2026-27,2,14.5,15.79,16.03,30.4,76.72,B+,f
0990659c-9ecd-a675-d8a1-4bcc7ecbf23c,269f24b3-58ce-47dd-8a6b-7b68527d99f2,5297007a-130e-5341-af7a-4e9027c2dadf,2026-27,2,14.4,14.89,14.63,31.7,75.62,B+,f
b2241070-6524-919f-d2d5-c8fda82f8ff4,269f24b3-58ce-47dd-8a6b-7b68527d99f2,c8e42f25-4acd-5f8b-8bce-f0cab27cc71f,2026-27,2,15.2,16.19,16.53,27.3,75.22,B+,f
fdd3dbe0-e496-0bc3-2154-e3a8406853ef,269f24b3-58ce-47dd-8a6b-7b68527d99f2,5ceb5573-0231-5d70-848b-193fcfdb644c,2026-27,2,16.1,14.49,14.23,27.3,72.12,B+,f
7966f8be-a021-099e-2594-e4cb6377d211,6c92b071-a3aa-401f-84fa-f2275669aeb2,c697ab81-ffed-5fa6-9b51-be0954571d20,2026-27,1,17.44,16.16,16.43,29.72,79.75,B+,f
5e161897-3c43-a25c-863c-f5131781dd21,6c92b071-a3aa-401f-84fa-f2275669aeb2,cc6bfe47-d156-5f3c-a0a6-64be53ff1202,2026-27,1,16.84,14.96,15.93,31.52,79.25,B+,f
9ed3308b-0027-c798-9969-d0da25a75c06,6c92b071-a3aa-401f-84fa-f2275669aeb2,945cbb28-3a50-5ed1-8e70-c416ee3f92f0,2026-27,1,16.04,16.26,16.43,29.72,78.45,B+,f
56868250-cd25-7d1d-23e2-722ea83cc7b4,6c92b071-a3aa-401f-84fa-f2275669aeb2,325f5f11-db40-5f00-816d-d66357e36c70,2026-27,1,15.14,15.96,15.83,30.92,77.85,B+,f
a6a42e99-9b17-e5d2-4d37-fec78215320e,6c92b071-a3aa-401f-84fa-f2275669aeb2,817d9a6f-e405-58f8-991b-373c31bd4e25,2026-27,1,14.74,15.96,17.23,32.52,80.45,A,f
43c5b685-fba3-c0d4-5f72-f91a6e3cdf2c,0cd7a5d4-b989-4bec-af27-d0f1e33026e1,730c5632-33dc-5e69-a798-6135043a47aa,2026-27,4,18.95,17.82,20.0,33.69,90.46,A+,f
05d1a178-82c5-9de4-5138-7a483a114597,0cd7a5d4-b989-4bec-af27-d0f1e33026e1,21e87180-7538-5689-922d-8889674702ed,2026-27,4,17.05,16.42,17.57,39.09,90.13,A+,f
e829358e-02c3-73f6-bb3f-4164990b4dbf,0cd7a5d4-b989-4bec-af27-d0f1e33026e1,a71f945b-22bf-5921-85a0-cb1acd7cb2e6,2026-27,4,17.65,17.02,19.17,38.79,92.63,A+,f
a49c6e5f-9549-aa47-24e4-2cda21c6a7e7,0cd7a5d4-b989-4bec-af27-d0f1e33026e1,859db046-894d-53cc-8cb4-3643d0c7f1fe,2026-27,4,19.35,16.62,17.17,34.79,87.93,A,f
6ae55bf0-a72b-3c69-6dac-d8a5aafc32c0,0cd7a5d4-b989-4bec-af27-d0f1e33026e1,40d412e8-fc3b-5972-8ff2-90b35de8a2d3,2026-27,4,17.25,19.32,17.97,36.69,91.23,A+,f
a54470a1-7bc9-2ddf-96bc-e6b2eaefe497,3b3fdffb-6af2-46f9-88b1-6e99ab653022,29f10515-0a52-55f4-896b-fa882e11e38e,2026-27,6,17.17,18.42,16.74,36.63,88.96,A,f
be52e2fc-3eea-be78-e573-26f8d1554a8e,3b3fdffb-6af2-46f9-88b1-6e99ab653022,2bc3bd90-0760-5d47-9467-5a5992c412e5,2026-27,6,16.77,16.62,16.54,35.83,85.76,A,f
36d5b2a9-4be5-805b-0f1f-4547c2b109de,3b3fdffb-6af2-46f9-88b1-6e99ab653022,d9518e1b-06ba-5f43-b6b9-67d017eaae5d,2026-27,6,18.37,18.02,17.34,34.33,88.06,A,f
5dcd3631-8b1d-dd7c-da10-f87e0c878831,3b3fdffb-6af2-46f9-88b1-6e99ab653022,005078bd-c539-5c44-a631-7e7dd9fb778c,2026-27,6,16.17,16.12,19.14,36.73,88.16,A,f
6061b086-a196-3d84-8495-1ace40ab903a,3b3fdffb-6af2-46f9-88b1-6e99ab653022,539f9c66-84f9-5b19-943a-cb15d62bbc33,2026-27,6,17.97,18.12,17.94,37.43,91.46,A+,f
32111c0d-aeb2-a736-b57f-64375011a661,c7a8bfb1-88e2-49cf-ad80-6794c2eea035,c697ab81-ffed-5fa6-9b51-be0954571d20,2026-27,1,14.81,17.13,17.51,34.62,84.07,A,f
3838fc36-7828-a316-0540-d6da8bb0ad20,c7a8bfb1-88e2-49cf-ad80-6794c2eea035,cc6bfe47-d156-5f3c-a0a6-64be53ff1202,2026-27,1,17.21,16.93,17.91,31.92,83.97,A,f
873b6595-57e2-c036-3c71-300de400b4ea,c7a8bfb1-88e2-49cf-ad80-6794c2eea035,945cbb28-3a50-5ed1-8e70-c416ee3f92f0,2026-27,1,15.51,14.53,17.31,34.12,81.47,A,f
5e0efc31-5527-d8e7-6ae6-e43d757e9fd0,c7a8bfb1-88e2-49cf-ad80-6794c2eea035,325f5f11-db40-5f00-816d-d66357e36c70,2026-27,1,17.21,17.43,16.51,29.52,80.67,A,f
f25fb672-615d-90d9-6024-d4b53942e1fa,c7a8bfb1-88e2-49cf-ad80-6794c2eea035,817d9a6f-e405-58f8-991b-373c31bd4e25,2026-27,1,17.01,17.63,15.11,30.42,80.17,A,f
ee544129-6ae3-3645-4436-348a57742e80,96d09d25-1c92-457e-9c46-159b94f29993,f8b6ad01-594d-5e52-b325-ed9eb13211e1,2026-27,2,16.98,15.71,17.7,30.61,81.0,A,f
8d003f8b-8c9b-5195-6491-b5958eadae60,96d09d25-1c92-457e-9c46-159b94f29993,f27d152a-f613-51a3-aea8-0506e5d24c3a,2026-27,2,17.98,17.81,16.8,35.11,87.7,A,f
f07191f2-3347-a026-4cc7-d518172a1256,96d09d25-1c92-457e-9c46-159b94f29993,5297007a-130e-5341-af7a-4e9027c2dadf,2026-27,2,14.98,17.41,16.2,29.41,78.0,B+,f
fec00bd7-4f6b-5961-3369-9a46675f3fcc,96d09d25-1c92-457e-9c46-159b94f29993,c8e42f25-4acd-5f8b-8bce-f0cab27cc71f,2026-27,2,16.98,15.71,15.6,30.01,78.3,B+,f
3a2185b5-1051-201d-1d1d-36101be77db5,96d09d25-1c92-457e-9c46-159b94f29993,5ceb5573-0231-5d70-848b-193fcfdb644c,2026-27,2,17.68,14.71,16.7,33.31,82.4,A,f
f63d7569-687c-c857-100b-b554025f0dfb,88219d4a-a97b-4b75-9e38-4c94f25cd48b,29f10515-0a52-55f4-896b-fa882e11e38e,2026-27,6,16.48,16.22,17.92,34.21,84.83,A,f
eb5c861a-a5bb-b3f5-cd87-597f43c06a09,88219d4a-a97b-4b75-9e38-4c94f25cd48b,2bc3bd90-0760-5d47-9467-5a5992c412e5,2026-27,6,16.08,18.42,15.72,30.41,80.63,A,f
a9b3d54e-0c74-9dd2-075c-1deda9e3be46,88219d4a-a97b-4b75-9e38-4c94f25cd48b,d9518e1b-06ba-5f43-b6b9-67d017eaae5d,2026-27,6,17.38,15.42,17.32,34.51,84.63,A,f
a74bee61-a143-429b-4fe1-b76dd417ab01,88219d4a-a97b-4b75-9e38-4c94f25cd48b,005078bd-c539-5c44-a631-7e7dd9fb778c,2026-27,6,15.48,16.62,17.82,35.41,85.33,A,f
4518cfe2-6020-0166-99bc-c95e276dce4f,88219d4a-a97b-4b75-9e38-4c94f25cd48b,539f9c66-84f9-5b19-943a-cb15d62bbc33,2026-27,6,15.88,17.92,16.02,33.51,83.33,A,f
6902553f-2f91-76bc-a8e8-8e162d3e04f6,4c6a4e54-667f-484b-a22d-b627e1343b1c,f8b6ad01-594d-5e52-b325-ed9eb13211e1,2026-27,2,17.03,17.28,16.91,35.59,86.81,A,f
0f0b4f77-da40-f9f5-d821-0b151f158204,4c6a4e54-667f-484b-a22d-b627e1343b1c,f27d152a-f613-51a3-aea8-0506e5d24c3a,2026-27,2,17.73,15.78,17.01,37.69,88.21,A,f
22f34b67-2579-7922-5b24-93ffb6823dc1,4c6a4e54-667f-484b-a22d-b627e1343b1c,5297007a-130e-5341-af7a-4e9027c2dadf,2026-27,2,16.53,15.98,18.31,32.29,83.11,A,f
e829572e-0d7f-a8a5-61fe-4f8e47d4384b,4c6a4e54-667f-484b-a22d-b627e1343b1c,c8e42f25-4acd-5f8b-8bce-f0cab27cc71f,2026-27,2,16.53,18.88,16.51,33.39,85.31,A,f
8fc742fc-4e5e-d6b5-b0b9-5f83b262fea3,4c6a4e54-667f-484b-a22d-b627e1343b1c,5ceb5573-0231-5d70-848b-193fcfdb644c,2026-27,2,16.93,17.48,19.01,34.99,88.41,A,f
e4855a38-cf89-53d3-0839-20023b25e417,891cecd9-d673-4fe3-a79d-cafcf3664cb1,29f10515-0a52-55f4-896b-fa882e11e38e,2026-27,6,17.33,17.98,18.4,36.22,89.93,A,f
2d0f6d09-a9ad-1180-58db-e7e7659a1c7e,891cecd9-d673-4fe3-a79d-cafcf3664cb1,2bc3bd90-0760-5d47-9467-5a5992c412e5,2026-27,6,18.23,16.98,18.0,31.92,85.13,A,f
8045f4fb-552f-39f8-545b-d418f82cbd68,891cecd9-d673-4fe3-a79d-cafcf3664cb1,d9518e1b-06ba-5f43-b6b9-67d017eaae5d,2026-27,6,16.03,15.08,17.4,33.22,81.73,A,f
00def0e7-cda3-3a14-3915-68b7622feda8,891cecd9-d673-4fe3-a79d-cafcf3664cb1,005078bd-c539-5c44-a631-7e7dd9fb778c,2026-27,6,17.73,15.18,18.4,32.62,83.93,A,f
67b982e1-e203-049d-c130-977f0080bb08,891cecd9-d673-4fe3-a79d-cafcf3664cb1,539f9c66-84f9-5b19-943a-cb15d62bbc33,2026-27,6,17.13,17.98,18.4,36.52,90.03,A+,f
5d1a03ed-498d-0d3d-3ad4-b7a710c6043d,b3239f25-5c50-49dc-b7c0-fd98ab5456bf,29f10515-0a52-55f4-896b-fa882e11e38e,2026-27,6,18.34,15.29,16.51,31.64,81.78,A,f
4e48cdd0-0297-bd3a-f5ed-c6e65cd8d600,b3239f25-5c50-49dc-b7c0-fd98ab5456bf,2bc3bd90-0760-5d47-9467-5a5992c412e5,2026-27,6,18.14,17.79,16.71,31.94,84.58,A,f
114f4323-f2d7-2d33-3342-363c77160c52,b3239f25-5c50-49dc-b7c0-fd98ab5456bf,d9518e1b-06ba-5f43-b6b9-67d017eaae5d,2026-27,6,15.84,17.49,17.41,32.14,82.88,A,f
8d869251-a8e6-46a5-b111-63e6aa9101c6,b3239f25-5c50-49dc-b7c0-fd98ab5456bf,005078bd-c539-5c44-a631-7e7dd9fb778c,2026-27,6,17.04,15.89,18.51,31.74,83.18,A,f
24bd0af1-82b7-00da-01c7-1c930a638435,b3239f25-5c50-49dc-b7c0-fd98ab5456bf,539f9c66-84f9-5b19-943a-cb15d62bbc33,2026-27,6,18.54,18.39,16.31,33.54,86.78,A,f
1a4026bc-5826-937e-2c13-b46a567a4dc5,f2953372-100a-4fc5-9f90-f6d0ea7baafb,f8b6ad01-594d-5e52-b325-ed9eb13211e1,2026-27,2,17.28,16.75,19.8,38.65,92.48,A+,f
95466cb0-b075-0f17-f70e-b5b2e26aa77a,f2953372-100a-4fc5-9f90-f6d0ea7baafb,f27d152a-f613-51a3-aea8-0506e5d24c3a,2026-27,2,18.78,17.85,17.6,38.95,93.18,A+,f
d3a0a8b1-f7e8-5f4a-39e9-2eb94b68aff2,f2953372-100a-4fc5-9f90-f6d0ea7baafb,5297007a-130e-5341-af7a-4e9027c2dadf,2026-27,2,17.88,19.15,17.7,34.55,89.28,A,f
78111d36-ed4f-9fb8-a728-01aa85346520,f2953372-100a-4fc5-9f90-f6d0ea7baafb,c8e42f25-4acd-5f8b-8bce-f0cab27cc71f,2026-27,2,18.78,19.25,19.1,35.15,92.28,A+,f
3f65135b-32b4-55f5-c1c8-f6df712f6c1c,f2953372-100a-4fc5-9f90-f6d0ea7baafb,5ceb5573-0231-5d70-848b-193fcfdb644c,2026-27,2,19.28,19.55,19.5,34.95,93.28,A+,f
04af9f26-b90c-7803-4057-dbaa9edfcd30,2afc55a1-b797-47a7-8760-f16f2be416b2,f8b6ad01-594d-5e52-b325-ed9eb13211e1,2026-27,2,17.89,17.56,18.71,37.75,91.91,A+,f
1fb03714-8997-f323-728b-4aa7eab0d190,2afc55a1-b797-47a7-8760-f16f2be416b2,f27d152a-f613-51a3-aea8-0506e5d24c3a,2026-27,2,19.49,16.66,17.51,33.45,87.11,A,f
fefa92cc-f764-ae45-dbf5-c6b79f7d4e39,2afc55a1-b797-47a7-8760-f16f2be416b2,5297007a-130e-5341-af7a-4e9027c2dadf,2026-27,2,17.59,19.06,19.01,38.35,94.01,A+,f
c05f5aab-406a-4127-e65f-9a75d7f75680,2afc55a1-b797-47a7-8760-f16f2be416b2,c8e42f25-4acd-5f8b-8bce-f0cab27cc71f,2026-27,2,19.29,15.86,17.61,34.15,86.91,A,f
05efeaf1-7f2e-cece-f524-349e35db536c,2afc55a1-b797-47a7-8760-f16f2be416b2,5ceb5573-0231-5d70-848b-193fcfdb644c,2026-27,2,16.79,16.16,19.71,37.35,90.01,A+,f
ff8c0998-9f28-554a-e877-dd5529dec59e,08e26bb3-bc5f-4891-91a5-2d9256fe731a,730c5632-33dc-5e69-a798-6135043a47aa,2026-27,4,18.05,17.5,17.61,34.14,87.3,A,f
ebbfa894-852d-40aa-9a87-1ab0e7f5962e,08e26bb3-bc5f-4891-91a5-2d9256fe731a,21e87180-7538-5689-922d-8889674702ed,2026-27,4,18.65,18.7,18.91,33.24,89.5,A,f
4166729f-3b7a-141b-f8da-80ea4e0cb240,08e26bb3-bc5f-4891-91a5-2d9256fe731a,a71f945b-22bf-5921-85a0-cb1acd7cb2e6,2026-27,4,17.25,15.2,17.61,32.34,82.4,A,f
de4cfd1f-2bcc-3c46-9a01-fc2743d3c9b2,08e26bb3-bc5f-4891-91a5-2d9256fe731a,859db046-894d-53cc-8cb4-3643d0c7f1fe,2026-27,4,16.55,16.6,17.21,35.34,85.7,A,f
8815c016-b532-98ce-9272-845cf0db107e,08e26bb3-bc5f-4891-91a5-2d9256fe731a,40d412e8-fc3b-5972-8ff2-90b35de8a2d3,2026-27,4,17.15,15.4,16.11,33.74,82.4,A,f
ae4fbd57-3eb9-5eb3-2423-da6b89378ff0,7c75b225-ecc7-4ec6-9fb5-7cee1f85a4dd,c697ab81-ffed-5fa6-9b51-be0954571d20,2026-27,1,17.7,17.95,18.08,33.7,87.43,A,f
a7dede8d-c118-a176-f361-feb9bf348757,7c75b225-ecc7-4ec6-9fb5-7cee1f85a4dd,cc6bfe47-d156-5f3c-a0a6-64be53ff1202,2026-27,1,18.3,16.55,17.88,37.5,90.23,A+,f
c41cd6a6-2674-c9b4-62f5-3d5dfbea82e0,7c75b225-ecc7-4ec6-9fb5-7cee1f85a4dd,945cbb28-3a50-5ed1-8e70-c416ee3f92f0,2026-27,1,16.0,18.95,17.88,35.3,88.13,A,f
74a0cdf6-04bd-5722-8dd0-cdb8f387185c,7c75b225-ecc7-4ec6-9fb5-7cee1f85a4dd,325f5f11-db40-5f00-816d-d66357e36c70,2026-27,1,18.9,16.85,19.08,32.0,86.83,A,f
904fbbb4-b1b9-f3be-2da2-7ea4bbc217e5,7c75b225-ecc7-4ec6-9fb5-7cee1f85a4dd,817d9a6f-e405-58f8-991b-373c31bd4e25,2026-27,1,17.1,15.65,18.28,35.2,86.23,A,f
4ed5d40d-c60b-c7a4-f239-b4935d112c96,b338f939-8a03-4bd6-8c8c-27ea38e89352,c697ab81-ffed-5fa6-9b51-be0954571d20,2026-27,1,18.99,18.25,16.98,37.73,91.95,A+,f
96397da3-f9a2-4ac2-b336-d6a10bfc88ad,b338f939-8a03-4bd6-8c8c-27ea38e89352,cc6bfe47-d156-5f3c-a0a6-64be53ff1202,2026-27,1,17.49,19.05,19.48,32.43,88.45,A,f
2f34afc9-8ffc-6e77-a2be-160cb94aaddc,b338f939-8a03-4bd6-8c8c-27ea38e89352,945cbb28-3a50-5ed1-8e70-c416ee3f92f0,2026-27,1,17.69,18.45,18.38,33.03,87.55,A,f
5f776ba7-a942-576c-20bc-920541391766,b338f939-8a03-4bd6-8c8c-27ea38e89352,325f5f11-db40-5f00-816d-d66357e36c70,2026-27,1,17.19,16.05,18.68,36.33,88.25,A,f
552cd660-f439-218c-7db4-ec600498ac32,b338f939-8a03-4bd6-8c8c-27ea38e89352,817d9a6f-e405-58f8-991b-373c31bd4e25,2026-27,1,18.19,18.55,18.78,32.03,87.55,A,f
52c2fa9a-be4f-7d5b-ba04-fa2dc04f0bae,afe421ff-0f62-4795-a9f6-59b87902f084,730c5632-33dc-5e69-a798-6135043a47aa,2026-27,4,16.24,17.89,17.52,31.67,83.32,A,f
4d4e2aa2-85d6-e230-1d47-f3be60299a8b,afe421ff-0f62-4795-a9f6-59b87902f084,21e87180-7538-5689-922d-8889674702ed,2026-27,4,18.94,18.99,18.42,33.97,90.32,A+,f
ea84a353-5561-593c-7f96-2bbf24fd6a89,afe421ff-0f62-4795-a9f6-59b87902f084,a71f945b-22bf-5921-85a0-cb1acd7cb2e6,2026-27,4,17.54,15.89,19.12,35.77,88.32,A,f
e93a6d78-bb59-be8f-fb1c-5f1f08a015b5,afe421ff-0f62-4795-a9f6-59b87902f084,859db046-894d-53cc-8cb4-3643d0c7f1fe,2026-27,4,17.14,17.39,17.22,34.17,85.92,A,f
652ad3bc-f0fd-324f-2f54-bb5540e31bee,afe421ff-0f62-4795-a9f6-59b87902f084,40d412e8-fc3b-5972-8ff2-90b35de8a2d3,2026-27,4,18.34,17.09,18.12,32.47,86.02,A,f
39aa894d-50cc-4c50-afd4-f71406eac22d,0965f80f-e71d-4c0c-82cb-37541a8fa081,f8b6ad01-594d-5e52-b325-ed9eb13211e1,2026-27,2,19.0,19.88,20.0,34.87,93.75,A+,f
1ef3afd9-51d1-a0fa-a2d7-1d6be05b6037,0965f80f-e71d-4c0c-82cb-37541a8fa081,f27d152a-f613-51a3-aea8-0506e5d24c3a,2026-27,2,18.1,17.68,18.26,38.27,92.31,A+,f
c81cddb2-a39e-19ea-1cf5-2dcd7c45ce9b,0965f80f-e71d-4c0c-82cb-37541a8fa081,5297007a-130e-5341-af7a-4e9027c2dadf,2026-27,2,20.0,17.68,19.16,37.67,94.51,A+,f
7ff1e73c-7581-0a01-72d7-bb1b23a9cfc2,0965f80f-e71d-4c0c-82cb-37541a8fa081,c8e42f25-4acd-5f8b-8bce-f0cab27cc71f,2026-27,2,17.9,18.78,19.36,35.77,91.81,A+,f
48c5c589-b29e-757a-b0c3-b013cfb4967d,0965f80f-e71d-4c0c-82cb-37541a8fa081,5ceb5573-0231-5d70-848b-193fcfdb644c,2026-27,2,20.0,17.68,20.0,37.17,94.85,A+,f
3833527a-5d8e-9de1-c714-8ecdc0f37709,f350ea56-aef4-46f6-94ab-ce5a6df2bcaa,c697ab81-ffed-5fa6-9b51-be0954571d20,2026-27,1,17.85,18.64,20.0,39.81,96.3,A+,f
a93185a2-aafe-6495-e25e-66ece9931bdb,f350ea56-aef4-46f6-94ab-ce5a6df2bcaa,cc6bfe47-d156-5f3c-a0a6-64be53ff1202,2026-27,1,19.45,16.84,18.23,38.21,92.73,A+,f
7b2af02f-887a-16a5-b3aa-ce5b151fa09e,f350ea56-aef4-46f6-94ab-ce5a6df2bcaa,945cbb28-3a50-5ed1-8e70-c416ee3f92f0,2026-27,1,19.55,19.54,18.73,35.51,93.33,A+,f
7dbbffd7-0224-293f-cc26-736c9157c8ee,f350ea56-aef4-46f6-94ab-ce5a6df2bcaa,325f5f11-db40-5f00-816d-d66357e36c70,2026-27,1,18.45,19.34,20.0,36.91,94.7,A+,f
a8b2528c-b978-fc8a-703a-14f7adbc003b,f350ea56-aef4-46f6-94ab-ce5a6df2bcaa,817d9a6f-e405-58f8-991b-373c31bd4e25,2026-27,1,20.0,17.54,18.63,39.91,96.08,A+,f
b9e1f063-7c4b-6df5-cfe4-b452e1ffbd3d,f4b491b5-7367-42de-957d-29c4f7698afc,730c5632-33dc-5e69-a798-6135043a47aa,2026-27,4,17.85,18.08,17.58,32.21,85.72,A,f
313b9d1f-39ca-f8a0-686a-f71aee3ae548,f4b491b5-7367-42de-957d-29c4f7698afc,21e87180-7538-5689-922d-8889674702ed,2026-27,4,17.35,14.38,15.58,33.61,80.92,A,f
39e593bf-da3f-a606-4fd2-65b284943e33,f4b491b5-7367-42de-957d-29c4f7698afc,a71f945b-22bf-5921-85a0-cb1acd7cb2e6,2026-27,4,18.05,15.28,17.08,30.21,80.62,A,f
b541ee4c-d456-4d4a-8878-8a84945d04e7,f4b491b5-7367-42de-957d-29c4f7698afc,859db046-894d-53cc-8cb4-3643d0c7f1fe,2026-27,4,15.75,16.58,18.28,30.91,81.52,A,f
41b99f48-59e4-602d-2ec7-badd47986f8f,f4b491b5-7367-42de-957d-29c4f7698afc,40d412e8-fc3b-5972-8ff2-90b35de8a2d3,2026-27,4,15.55,17.08,15.98,30.81,79.42,B+,f
e2667400-7e83-5cc5-545b-b0b00e6c9c69,41e1c0f7-00cd-434f-b6b7-c3dfda299dec,c697ab81-ffed-5fa6-9b51-be0954571d20,2026-27,1,18.05,15.61,17.35,33.41,84.42,A,f
aa996ea2-97ab-3b2f-ccff-daaee2d0f455,41e1c0f7-00cd-434f-b6b7-c3dfda299dec,cc6bfe47-d156-5f3c-a0a6-64be53ff1202,2026-27,1,16.55,19.41,17.35,38.31,91.62,A+,f
5c0c1052-ce98-7bdc-b823-7df4fe3bf2a5,41e1c0f7-00cd-434f-b6b7-c3dfda299dec,945cbb28-3a50-5ed1-8e70-c416ee3f92f0,2026-27,1,17.45,17.71,18.25,33.31,86.72,A,f
b3a21449-eee0-f0ad-3bfa-0db060946a22,41e1c0f7-00cd-434f-b6b7-c3dfda299dec,325f5f11-db40-5f00-816d-d66357e36c70,2026-27,1,16.65,17.71,18.45,32.81,85.62,A,f
b3f7cd39-763f-a600-0007-9c817e00079f,41e1c0f7-00cd-434f-b6b7-c3dfda299dec,817d9a6f-e405-58f8-991b-373c31bd4e25,2026-27,1,16.95,18.71,17.85,37.01,90.52,A+,f
f935e7bd-84b4-10b2-0b4d-9a7ec7615084,ffc9265c-ba26-4313-a79d-14992924e0dc,730c5632-33dc-5e69-a798-6135043a47aa,2026-27,4,18.14,19.41,17.16,35.24,89.95,A,f
a08154a9-da66-1c15-a082-d488614f26ee,ffc9265c-ba26-4313-a79d-14992924e0dc,21e87180-7538-5689-922d-8889674702ed,2026-27,4,17.84,17.81,19.66,37.94,93.25,A+,f
af5151c5-d667-9d0d-65b9-2b8a6bbf2a00,ffc9265c-ba26-4313-a79d-14992924e0dc,a71f945b-22bf-5921-85a0-cb1acd7cb2e6,2026-27,4,19.54,16.41,19.76,35.74,91.45,A+,f
19cc3ad7-9ceb-e66d-0923-041684223a68,ffc9265c-ba26-4313-a79d-14992924e0dc,859db046-894d-53cc-8cb4-3643d0c7f1fe,2026-27,4,18.34,19.61,17.36,32.94,88.25,A,f
d1b043fa-0ba7-ceef-b935-eb8315d7ca45,ffc9265c-ba26-4313-a79d-14992924e0dc,40d412e8-fc3b-5972-8ff2-90b35de8a2d3,2026-27,4,17.94,18.51,18.86,37.44,92.75,A+,f
a0052996-2aee-573f-d621-e17f692ae714,b987ea7d-3d78-4edc-b927-48e1f021182d,c697ab81-ffed-5fa6-9b51-be0954571d20,2026-27,1,17.86,18.71,19.43,32.43,88.43,A,f
25150c4c-0947-e8d3-3c29-aa02d401a003,b987ea7d-3d78-4edc-b927-48e1f021182d,cc6bfe47-d156-5f3c-a0a6-64be53ff1202,2026-27,1,16.36,17.01,19.13,31.83,84.33,A,f
78f9f2d8-4a3a-d883-a988-62d05268daec,b987ea7d-3d78-4edc-b927-48e1f021182d,945cbb28-3a50-5ed1-8e70-c416ee3f92f0,2026-27,1,17.66,17.11,17.83,32.73,85.33,A,f
23255763-5fc2-0abd-a857-47c2636beb49,b987ea7d-3d78-4edc-b927-48e1f021182d,325f5f11-db40-5f00-816d-d66357e36c70,2026-27,1,16.06,17.41,18.33,35.83,87.63,A,f
4c181596-4624-baf2-d28a-c58622d23d84,b987ea7d-3d78-4edc-b927-48e1f021182d,817d9a6f-e405-58f8-991b-373c31bd4e25,2026-27,1,16.76,18.61,18.73,35.23,89.33,A,f
e344747d-b2d0-b8d1-e828-993491bb1d60,cc90fb96-7463-4d10-bc28-6b09b8723b95,29f10515-0a52-55f4-896b-fa882e11e38e,2026-27,6,16.84,16.59,18.83,34.76,87.02,A,f
71b7773a-78de-8bc6-78a7-56b1634a4530,cc90fb96-7463-4d10-bc28-6b09b8723b95,2bc3bd90-0760-5d47-9467-5a5992c412e5,2026-27,6,17.74,15.69,17.83,32.76,84.02,A,f
7c423338-a0e9-45d8-3631-ac288cca6b62,cc90fb96-7463-4d10-bc28-6b09b8723b95,d9518e1b-06ba-5f43-b6b9-67d017eaae5d,2026-27,6,17.24,19.39,19.63,37.36,93.62,A+,f
9c018d4d-56ef-d538-ab0c-77cf965b8c22,cc90fb96-7463-4d10-bc28-6b09b8723b95,005078bd-c539-5c44-a631-7e7dd9fb778c,2026-27,6,17.44,18.79,19.23,37.36,92.82,A+,f
d2a63f7f-2906-d5b3-d78d-eb8747d07c35,cc90fb96-7463-4d10-bc28-6b09b8723b95,539f9c66-84f9-5b19-943a-cb15d62bbc33,2026-27,6,16.84,17.49,16.73,35.56,86.62,A,f
82cc1416-454d-5d2c-66d7-efc28c58baff,5ce13428-091e-40df-9206-b680c38f7a6f,f8b6ad01-594d-5e52-b325-ed9eb13211e1,2026-27,2,18.05,18.52,19.06,33.04,88.67,A,f
3dd8131e-689a-daaa-54d0-6a67ce44f341,5ce13428-091e-40df-9206-b680c38f7a6f,f27d152a-f613-51a3-aea8-0506e5d24c3a,2026-27,2,17.25,17.42,18.26,35.94,88.87,A,f
db90b78b-03a0-fa41-261c-8c2df6bf705c,5ce13428-091e-40df-9206-b680c38f7a6f,5297007a-130e-5341-af7a-4e9027c2dadf,2026-27,2,18.15,17.12,17.76,38.64,91.67,A+,f
c69cc481-29ab-f2d6-dd6f-c84affbcbeb0,5ce13428-091e-40df-9206-b680c38f7a6f,c8e42f25-4acd-5f8b-8bce-f0cab27cc71f,2026-27,2,19.45,17.82,17.76,35.74,90.77,A+,f
2981f9b1-a264-3e75-f488-2622a3170a77,5ce13428-091e-40df-9206-b680c38f7a6f,5ceb5573-0231-5d70-848b-193fcfdb644c,2026-27,2,18.15,18.22,19.86,35.64,91.87,A+,f
32fa53e1-cb86-b09c-049e-d7db818ce396,36910642-f09b-4218-b99b-4979269fed62,f8b6ad01-594d-5e52-b325-ed9eb13211e1,2026-27,2,18.04,17.41,18.26,36.54,90.25,A+,f
8a289a33-9127-f131-6885-df730abb2e98,36910642-f09b-4218-b99b-4979269fed62,f27d152a-f613-51a3-aea8-0506e5d24c3a,2026-27,2,18.64,18.91,17.46,35.84,90.85,A+,f
36478cdd-2625-da18-5ce0-349e973ba2b2,36910642-f09b-4218-b99b-4979269fed62,5297007a-130e-5341-af7a-4e9027c2dadf,2026-27,2,18.24,18.91,19.86,35.44,92.45,A+,f
69d9d790-62a1-4bf4-f946-1b0406c316a5,36910642-f09b-4218-b99b-4979269fed62,c8e42f25-4acd-5f8b-8bce-f0cab27cc71f,2026-27,2,18.64,19.51,17.46,33.14,88.75,A,f
5d8751b3-08c1-acbe-be3d-56315f4e61fa,36910642-f09b-4218-b99b-4979269fed62,5ceb5573-0231-5d70-848b-193fcfdb644c,2026-27,2,18.64,18.91,18.76,34.34,90.65,A+,f
3f6a3fd7-f653-3361-0ec5-cdc4ba6f36ed,785d959e-1fcb-4e0b-80ac-961a576e2de7,730c5632-33dc-5e69-a798-6135043a47aa,2026-27,4,16.54,16.94,16.58,31.74,81.8,A,f
b523cf63-a1f4-ff87-5c75-9a4a8a29b5fa,785d959e-1fcb-4e0b-80ac-961a576e2de7,21e87180-7538-5689-922d-8889674702ed,2026-27,4,14.54,14.14,15.18,27.94,71.8,B+,f
12539e76-1a4f-9bf9-d7e1-4a692892e9dc,785d959e-1fcb-4e0b-80ac-961a576e2de7,a71f945b-22bf-5921-85a0-cb1acd7cb2e6,2026-27,4,16.14,15.24,15.88,28.24,75.5,B+,f
4ee18839-0f2b-2796-3664-652606955723,785d959e-1fcb-4e0b-80ac-961a576e2de7,859db046-894d-53cc-8cb4-3643d0c7f1fe,2026-27,4,14.14,16.84,14.48,32.64,78.1,B+,f
7696f656-ecca-567c-0da9-70ad80f2acf1,785d959e-1fcb-4e0b-80ac-961a576e2de7,40d412e8-fc3b-5972-8ff2-90b35de8a2d3,2026-27,4,16.54,13.14,16.98,31.64,78.3,B+,f
05d8a79a-e9de-b878-dd66-21070f0203f4,c1aa5d90-bb65-4ca3-9dce-d9b2f185bb1a,29f10515-0a52-55f4-896b-fa882e11e38e,2026-27,6,20.0,17.37,18.04,35.37,90.78,A+,f
23f15e08-4e87-400b-bb41-02ca21806674,c1aa5d90-bb65-4ca3-9dce-d9b2f185bb1a,2bc3bd90-0760-5d47-9467-5a5992c412e5,2026-27,6,20.0,17.87,20.0,34.97,92.84,A+,f
4bcd4183-4681-dd39-890f-16859a2b3efe,c1aa5d90-bb65-4ca3-9dce-d9b2f185bb1a,d9518e1b-06ba-5f43-b6b9-67d017eaae5d,2026-27,6,17.3,18.97,17.64,34.17,88.08,A,f
80403b60-a6c6-9352-a10e-7e24a3d6755a,c1aa5d90-bb65-4ca3-9dce-d9b2f185bb1a,005078bd-c539-5c44-a631-7e7dd9fb778c,2026-27,6,17.5,17.37,17.74,34.27,86.88,A,f
3a0be71b-c136-029a-9ea7-e0b4fafca405,c1aa5d90-bb65-4ca3-9dce-d9b2f185bb1a,539f9c66-84f9-5b19-943a-cb15d62bbc33,2026-27,6,19.4,19.37,20.0,35.17,93.94,A+,f
76a16ce0-55c6-8ab0-01f7-696e9f78de33,b8bab9af-cec0-4a8b-85fc-d98b5443a947,29f10515-0a52-55f4-896b-fa882e11e38e,2026-27,6,17.16,16.6,17.49,34.14,85.39,A,f
0971dc60-2889-d84b-57e5-54b433296555,b8bab9af-cec0-4a8b-85fc-d98b5443a947,2bc3bd90-0760-5d47-9467-5a5992c412e5,2026-27,6,17.36,15.6,16.49,34.44,83.89,A,f
5d25103e-d4b6-5415-01da-a0d6cfd563f7,b8bab9af-cec0-4a8b-85fc-d98b5443a947,d9518e1b-06ba-5f43-b6b9-67d017eaae5d,2026-27,6,17.06,15.7,16.59,34.24,83.59,A,f
40bf12d3-e385-187a-0e34-884dea3ad1b2,b8bab9af-cec0-4a8b-85fc-d98b5443a947,005078bd-c539-5c44-a631-7e7dd9fb778c,2026-27,6,15.66,17.0,17.69,35.64,85.99,A,f
300be706-8231-f21d-00ff-4a8fbdb18998,b8bab9af-cec0-4a8b-85fc-d98b5443a947,539f9c66-84f9-5b19-943a-cb15d62bbc33,2026-27,6,16.36,17.5,17.99,30.34,82.19,A,f
18c85ce1-54f3-d77d-a13c-395790a851cb,6585b4ba-0efa-4103-b2fa-7f62774055bc,730c5632-33dc-5e69-a798-6135043a47aa,2026-27,4,19.7,18.69,19.47,40.0,97.86,A+,f
465fe9e3-4ad3-7a7a-9be6-73a56afd8972,6585b4ba-0efa-4103-b2fa-7f62774055bc,21e87180-7538-5689-922d-8889674702ed,2026-27,4,18.8,18.19,20.0,35.98,92.97,A+,f
ae8b7147-f14d-664a-2308-8aa310b6388a,6585b4ba-0efa-4103-b2fa-7f62774055bc,a71f945b-22bf-5921-85a0-cb1acd7cb2e6,2026-27,4,19.5,18.09,20.0,38.18,95.77,A+,f
ab7af148-584a-2f28-44e2-f9f5dc700b6f,6585b4ba-0efa-4103-b2fa-7f62774055bc,859db046-894d-53cc-8cb4-3643d0c7f1fe,2026-27,4,18.3,16.89,20.0,36.48,91.67,A+,f
9960e30e-ec26-e658-0add-51b5f159e140,6585b4ba-0efa-4103-b2fa-7f62774055bc,40d412e8-fc3b-5972-8ff2-90b35de8a2d3,2026-27,4,20.0,18.39,19.67,36.58,94.64,A+,f
0f0f9d37-3919-3e59-6bab-9cf1872e0317,ad04154a-c106-4cf2-a684-45f47fe77998,c697ab81-ffed-5fa6-9b51-be0954571d20,2026-27,1,18.36,18.0,17.11,35.41,88.88,A,f
43f88097-aca0-035b-39fb-fa167460a11c,ad04154a-c106-4cf2-a684-45f47fe77998,cc6bfe47-d156-5f3c-a0a6-64be53ff1202,2026-27,1,16.56,17.6,16.71,34.21,85.08,A,f
d0a188e6-0634-8810-0238-adb51db71e48,ad04154a-c106-4cf2-a684-45f47fe77998,945cbb28-3a50-5ed1-8e70-c416ee3f92f0,2026-27,1,17.26,16.5,17.81,35.81,87.38,A,f
7273a4f8-68a2-9283-c0c4-c87e52e153ac,ad04154a-c106-4cf2-a684-45f47fe77998,325f5f11-db40-5f00-816d-d66357e36c70,2026-27,1,16.56,18.4,18.61,31.01,84.58,A,f
2b3fecab-ea22-b8f2-988d-1caf1a6fb606,ad04154a-c106-4cf2-a684-45f47fe77998,817d9a6f-e405-58f8-991b-373c31bd4e25,2026-27,1,17.96,14.7,16.81,34.11,83.58,A,f
b4b41589-15ea-33d7-4332-60afead50c68,7e1c7acb-1e20-44c4-ab78-3b91209ab38c,730c5632-33dc-5e69-a798-6135043a47aa,2026-27,4,15.38,16.89,16.16,31.28,79.71,B+,f
1ff41385-3582-2b44-bd4c-f3fe86447854,7e1c7acb-1e20-44c4-ab78-3b91209ab38c,21e87180-7538-5689-922d-8889674702ed,2026-27,4,16.58,15.49,15.76,28.28,76.11,B+,f
66779acb-fa6e-e31e-fd2d-27e1c5cf8c62,7e1c7acb-1e20-44c4-ab78-3b91209ab38c,a71f945b-22bf-5921-85a0-cb1acd7cb2e6,2026-27,4,16.08,16.09,15.76,28.18,76.11,B+,f
8437282f-0be5-b791-1ca2-c85be1418e8f,7e1c7acb-1e20-44c4-ab78-3b91209ab38c,859db046-894d-53cc-8cb4-3643d0c7f1fe,2026-27,4,14.78,16.69,15.76,33.48,80.71,A,f
0f4c18b6-4780-062b-cd09-1a39b8a60d1c,7e1c7acb-1e20-44c4-ab78-3b91209ab38c,40d412e8-fc3b-5972-8ff2-90b35de8a2d3,2026-27,4,15.98,17.19,14.96,33.38,81.51,A,f
1786494a-4b5a-c895-9910-519be9d8d731,5c907dfe-123e-4053-824b-ed3ad306b3aa,730c5632-33dc-5e69-a798-6135043a47aa,2026-27,4,16.88,19.85,19.91,38.46,95.1,A+,f
8ba68677-d66f-6db4-b02a-27eaee1148ed,5c907dfe-123e-4053-824b-ed3ad306b3aa,21e87180-7538-5689-922d-8889674702ed,2026-27,4,17.88,18.25,19.71,34.36,90.2,A+,f
03a3fba6-3e44-b69e-abac-ff382e68ff23,5c907dfe-123e-4053-824b-ed3ad306b3aa,a71f945b-22bf-5921-85a0-cb1acd7cb2e6,2026-27,4,17.68,19.85,19.51,38.16,95.2,A+,f
6630507c-935c-10ef-bd88-c1ec4b98fc20,5c907dfe-123e-4053-824b-ed3ad306b3aa,859db046-894d-53cc-8cb4-3643d0c7f1fe,2026-27,4,17.98,19.85,19.81,35.06,92.7,A+,f
c4ec2663-5261-c5a7-e828-d5f3272fc622,5c907dfe-123e-4053-824b-ed3ad306b3aa,40d412e8-fc3b-5972-8ff2-90b35de8a2d3,2026-27,4,17.38,16.65,20.0,38.06,92.09,A+,f
b551acd6-2f6b-a37d-33bf-33af5cff80f2,cf19dc5f-51b9-42eb-af79-69c2aa5ee4aa,29f10515-0a52-55f4-896b-fa882e11e38e,2026-27,6,19.24,17.02,20.0,37.49,93.75,A+,f
31395420-de0d-89e9-d6bd-924a209cd75c,cf19dc5f-51b9-42eb-af79-69c2aa5ee4aa,2bc3bd90-0760-5d47-9467-5a5992c412e5,2026-27,6,17.74,17.72,19.29,37.49,92.24,A+,f
7eb2e275-61f5-7a33-be2e-fb948686b43c,cf19dc5f-51b9-42eb-af79-69c2aa5ee4aa,d9518e1b-06ba-5f43-b6b9-67d017eaae5d,2026-27,6,19.54,16.52,18.19,36.89,91.14,A+,f
6389dc10-a12d-f935-1e46-94ed0d98bd93,cf19dc5f-51b9-42eb-af79-69c2aa5ee4aa,005078bd-c539-5c44-a631-7e7dd9fb778c,2026-27,6,19.74,19.02,18.19,35.69,92.64,A+,f
36e54130-c246-088d-a6fc-74d4ebdc354c,cf19dc5f-51b9-42eb-af79-69c2aa5ee4aa,539f9c66-84f9-5b19-943a-cb15d62bbc33,2026-27,6,18.84,20.0,17.69,34.49,91.02,A+,f
a974389f-e769-3550-e331-c4e006721e0e,286568cd-4515-4b98-992b-00e46c8c836c,29f10515-0a52-55f4-896b-fa882e11e38e,2026-27,6,18.37,17.51,16.62,33.93,86.43,A,f
a8383785-0a90-9992-14aa-6279ef538f83,286568cd-4515-4b98-992b-00e46c8c836c,2bc3bd90-0760-5d47-9467-5a5992c412e5,2026-27,6,15.77,18.61,16.92,36.03,87.33,A,f
7f9465a2-725c-d188-26cc-12d369468d07,286568cd-4515-4b98-992b-00e46c8c836c,d9518e1b-06ba-5f43-b6b9-67d017eaae5d,2026-27,6,17.17,16.21,16.32,35.83,85.53,A,f
dde509e0-c97d-6e60-3808-04d1500a29c3,286568cd-4515-4b98-992b-00e46c8c836c,005078bd-c539-5c44-a631-7e7dd9fb778c,2026-27,6,16.17,16.51,18.82,36.43,87.93,A,f
4ffa7f1c-134e-3d69-c115-e8dcef8e6947,286568cd-4515-4b98-992b-00e46c8c836c,539f9c66-84f9-5b19-943a-cb15d62bbc33,2026-27,6,15.57,15.81,18.52,31.43,81.33,A,f
ce2fa807-5865-588b-8229-0939e806d47d,74a9e869-de7e-4294-a9db-43bf84ddaf50,730c5632-33dc-5e69-a798-6135043a47aa,2026-27,4,15.34,13.96,18.14,31.79,79.23,B+,f
9eb1f7e7-d9fb-ad05-a9ec-656b21a96c9e,74a9e869-de7e-4294-a9db-43bf84ddaf50,21e87180-7538-5689-922d-8889674702ed,2026-27,4,16.74,17.56,17.24,29.19,80.73,A,f
e10f29b7-0d4d-a213-d473-ebb5af3c58c9,74a9e869-de7e-4294-a9db-43bf84ddaf50,a71f945b-22bf-5921-85a0-cb1acd7cb2e6,2026-27,4,16.34,15.96,16.64,33.19,82.13,A,f
838ddefe-5255-e906-8fa5-92a111fa0b42,74a9e869-de7e-4294-a9db-43bf84ddaf50,859db046-894d-53cc-8cb4-3643d0c7f1fe,2026-27,4,15.44,17.36,17.24,34.39,84.43,A,f
eed2fdcb-95ef-a951-578e-8c9bc24290e1,74a9e869-de7e-4294-a9db-43bf84ddaf50,40d412e8-fc3b-5972-8ff2-90b35de8a2d3,2026-27,4,17.74,17.46,15.64,34.39,85.23,A,f
fb9688a0-0f48-d286-e0b6-569f04b03dae,9e293433-408a-418e-8ff2-806f73d0e249,c697ab81-ffed-5fa6-9b51-be0954571d20,2026-27,1,15.83,15.45,17.04,30.39,78.71,B+,f
e7c41b9f-58ec-7fdf-c709-0b3859380ae0,9e293433-408a-418e-8ff2-806f73d0e249,cc6bfe47-d156-5f3c-a0a6-64be53ff1202,2026-27,1,17.33,18.05,17.14,31.99,84.51,A,f
5a738206-2d1a-de55-3495-cc6418481bf1,9e293433-408a-418e-8ff2-806f73d0e249,945cbb28-3a50-5ed1-8e70-c416ee3f92f0,2026-27,1,15.83,14.25,17.34,31.59,79.01,B+,f
b3e53b1b-d146-d3e1-2955-ee0e0e67cfce,9e293433-408a-418e-8ff2-806f73d0e249,325f5f11-db40-5f00-816d-d66357e36c70,2026-27,1,15.43,15.15,16.54,33.59,80.71,A,f
bd95463a-65aa-d914-6571-33fe828357db,9e293433-408a-418e-8ff2-806f73d0e249,817d9a6f-e405-58f8-991b-373c31bd4e25,2026-27,1,16.43,17.95,18.04,30.39,82.81,A,f
7555b8d1-6f41-e300-aefc-2e1ab5b5d069,0d2ffbc3-8e68-4da1-9dc2-c2fbcdc30044,730c5632-33dc-5e69-a798-6135043a47aa,2026-27,4,17.92,18.06,17.66,34.8,88.44,A,f
d21dbf78-7bcb-7766-0f2e-b6644c333498,0d2ffbc3-8e68-4da1-9dc2-c2fbcdc30044,21e87180-7538-5689-922d-8889674702ed,2026-27,4,16.42,14.76,15.96,32.9,80.04,A,f
6c9f55da-d70d-e980-ae84-68e9c1eb8e29,0d2ffbc3-8e68-4da1-9dc2-c2fbcdc30044,a71f945b-22bf-5921-85a0-cb1acd7cb2e6,2026-27,4,16.42,17.26,17.46,32.7,83.84,A,f
339b9513-f581-3b0c-54e3-12d8f417fff8,0d2ffbc3-8e68-4da1-9dc2-c2fbcdc30044,859db046-894d-53cc-8cb4-3643d0c7f1fe,2026-27,4,17.22,16.56,18.46,30.9,83.14,A,f
7e797bce-3219-f354-3cc7-cae5fb6a2a9a,0d2ffbc3-8e68-4da1-9dc2-c2fbcdc30044,40d412e8-fc3b-5972-8ff2-90b35de8a2d3,2026-27,4,17.52,16.56,17.46,32.8,84.34,A,f
3c6a7819-4d88-556b-5425-efc6bac4af8d,eb76e531-fa90-469e-807c-bc232e0a73a0,f8b6ad01-594d-5e52-b325-ed9eb13211e1,2026-27,2,18.46,16.21,17.52,32.24,84.43,A,f
7a3d4131-0443-dbdc-aec5-0349e4e6102c,eb76e531-fa90-469e-807c-bc232e0a73a0,f27d152a-f613-51a3-aea8-0506e5d24c3a,2026-27,2,17.56,16.11,16.72,35.24,85.63,A,f
4aeb98ea-fdc0-608a-c76c-0884c25d9934,eb76e531-fa90-469e-807c-bc232e0a73a0,5297007a-130e-5341-af7a-4e9027c2dadf,2026-27,2,18.46,15.61,18.92,30.74,83.73,A,f
6dcb3936-e53c-2a5b-114d-e8aa08c15354,eb76e531-fa90-469e-807c-bc232e0a73a0,c8e42f25-4acd-5f8b-8bce-f0cab27cc71f,2026-27,2,17.26,16.41,16.72,35.34,85.73,A,f
e726234b-df07-775a-4b16-fd1f776c4a4d,eb76e531-fa90-469e-807c-bc232e0a73a0,5ceb5573-0231-5d70-848b-193fcfdb644c,2026-27,2,17.86,18.31,18.92,34.24,89.33,A,f
e750c8e8-8e2d-a9db-5f02-eb267fa97a4d,4e4c8b4b-d8d8-4340-a928-ed77716572f8,29f10515-0a52-55f4-896b-fa882e11e38e,2026-27,6,15.16,16.08,16.16,31.19,78.59,B+,f
54f9e8da-4390-9118-0093-c6ed343bb736,4e4c8b4b-d8d8-4340-a928-ed77716572f8,2bc3bd90-0760-5d47-9467-5a5992c412e5,2026-27,6,17.66,15.08,17.66,33.19,83.59,A,f
09b5ac5d-2062-9626-3301-522b6ee2194c,4e4c8b4b-d8d8-4340-a928-ed77716572f8,d9518e1b-06ba-5f43-b6b9-67d017eaae5d,2026-27,6,16.86,14.98,16.96,33.79,82.59,A,f
21d990db-280c-d29b-942a-42fe14d86e11,4e4c8b4b-d8d8-4340-a928-ed77716572f8,005078bd-c539-5c44-a631-7e7dd9fb778c,2026-27,6,15.16,15.98,16.96,32.29,80.39,A,f
badef3fe-989a-cb6f-a153-9fbf84d9155e,4e4c8b4b-d8d8-4340-a928-ed77716572f8,539f9c66-84f9-5b19-943a-cb15d62bbc33,2026-27,6,16.16,17.78,17.26,34.19,85.39,A,f
c1b8f1c6-b673-47e8-9826-53e8ebbe8177,09ab8c69-e158-497e-b0f1-18edb7e33844,730c5632-33dc-5e69-a798-6135043a47aa,2026-27,4,16.4,15.34,18.35,32.02,82.11,A,f
94889748-5a96-813e-eaeb-7da9d45b3004,09ab8c69-e158-497e-b0f1-18edb7e33844,21e87180-7538-5689-922d-8889674702ed,2026-27,4,18.1,18.54,18.15,31.32,86.11,A,f
8b96e89d-0de6-3286-f4e8-e0a449921f1e,09ab8c69-e158-497e-b0f1-18edb7e33844,a71f945b-22bf-5921-85a0-cb1acd7cb2e6,2026-27,4,15.8,17.94,16.95,34.92,85.61,A,f
3a07a6d4-e284-501a-24f3-9628d272a050,09ab8c69-e158-497e-b0f1-18edb7e33844,859db046-894d-53cc-8cb4-3643d0c7f1fe,2026-27,4,16.7,17.74,18.95,36.62,90.01,A+,f
ddb1d9eb-a597-a974-e831-e33bbd843730,09ab8c69-e158-497e-b0f1-18edb7e33844,40d412e8-fc3b-5972-8ff2-90b35de8a2d3,2026-27,4,16.5,16.64,18.45,35.22,86.81,A,f
91668da7-3c87-0ad3-d4f8-07dbaa2d51c2,4631783f-6689-4100-8df2-5ebc7dea0217,730c5632-33dc-5e69-a798-6135043a47aa,2026-27,4,19.8,18.38,18.55,39.52,96.25,A+,f
bfef5f64-13a1-1f6a-fce3-a228d77ac53d,4631783f-6689-4100-8df2-5ebc7dea0217,21e87180-7538-5689-922d-8889674702ed,2026-27,4,19.5,16.88,18.05,38.52,92.95,A+,f
cff5d6ad-bbce-ef7a-e8d6-d7494b11e088,4631783f-6689-4100-8df2-5ebc7dea0217,a71f945b-22bf-5921-85a0-cb1acd7cb2e6,2026-27,4,18.5,18.28,18.95,37.12,92.85,A+,f
46c1e6c1-5921-ba87-6aa1-2fb8d8a57e91,4631783f-6689-4100-8df2-5ebc7dea0217,859db046-894d-53cc-8cb4-3643d0c7f1fe,2026-27,4,18.4,16.78,19.45,36.42,91.05,A+,f
3ddb4682-65c6-e462-00a8-9dfb5c2bb072,4631783f-6689-4100-8df2-5ebc7dea0217,40d412e8-fc3b-5972-8ff2-90b35de8a2d3,2026-27,4,19.5,19.68,18.45,36.22,93.85,A+,f
2313e68f-b9ba-1c16-d2e3-cb332358ea95,f019617f-cd5c-4e91-bca2-900a999cc88d,730c5632-33dc-5e69-a798-6135043a47aa,2026-27,4,19.45,16.92,17.88,33.61,87.86,A,f
52d009f0-fb82-51d6-0f15-fb8f0c14bc5b,f019617f-cd5c-4e91-bca2-900a999cc88d,21e87180-7538-5689-922d-8889674702ed,2026-27,4,17.15,16.62,19.18,36.91,89.86,A,f
0da232ea-7dcd-68cd-be36-7aebe92c11a8,f019617f-cd5c-4e91-bca2-900a999cc88d,a71f945b-22bf-5921-85a0-cb1acd7cb2e6,2026-27,4,18.15,16.52,19.48,36.11,90.26,A+,f
453f90ae-fd54-9fc2-a473-bd7985917ddc,f019617f-cd5c-4e91-bca2-900a999cc88d,859db046-894d-53cc-8cb4-3643d0c7f1fe,2026-27,4,18.55,17.52,19.68,33.81,89.56,A,f
71dbf4c7-1a09-6d35-e5cc-ab708215dbcf,f019617f-cd5c-4e91-bca2-900a999cc88d,40d412e8-fc3b-5972-8ff2-90b35de8a2d3,2026-27,4,17.35,19.42,18.98,38.11,93.86,A+,f
1e453cd2-b5ea-40ff-dc54-8416a74ebf19,4981a16c-f0a6-4d1f-af86-19b8271119fb,29f10515-0a52-55f4-896b-fa882e11e38e,2026-27,6,19.06,16.82,18.66,35.93,90.47,A+,f
43f897c3-64a0-7a28-f61d-ca9944bc28ff,4981a16c-f0a6-4d1f-af86-19b8271119fb,2bc3bd90-0760-5d47-9467-5a5992c412e5,2026-27,6,18.46,18.72,19.46,32.53,89.17,A,f
03b1c6bb-1f38-fb43-c3f4-64bfea85f0a4,4981a16c-f0a6-4d1f-af86-19b8271119fb,d9518e1b-06ba-5f43-b6b9-67d017eaae5d,2026-27,6,18.16,18.72,16.86,37.43,91.17,A+,f
ab217e93-def4-7fa6-cb03-4d43efb0c54c,4981a16c-f0a6-4d1f-af86-19b8271119fb,005078bd-c539-5c44-a631-7e7dd9fb778c,2026-27,6,18.86,17.22,17.76,36.43,90.27,A+,f
0e5dda9c-684c-a3bc-5861-dfd40eb7b5af,4981a16c-f0a6-4d1f-af86-19b8271119fb,539f9c66-84f9-5b19-943a-cb15d62bbc33,2026-27,6,17.36,17.72,18.66,33.03,86.77,A,f
b28cddd6-2ee7-0d97-02cb-c7234e53ebda,428ad8d8-9eb4-4e7a-9169-46af2d2a89a1,f8b6ad01-594d-5e52-b325-ed9eb13211e1,2026-27,2,17.64,14.26,17.03,34.04,82.97,A,f
14b543c1-5c29-465f-d4a2-934eadd85382,428ad8d8-9eb4-4e7a-9169-46af2d2a89a1,f27d152a-f613-51a3-aea8-0506e5d24c3a,2026-27,2,16.44,14.16,17.03,29.54,77.17,B+,f
496c60af-61ad-0998-5c87-32660fa06500,428ad8d8-9eb4-4e7a-9169-46af2d2a89a1,5297007a-130e-5341-af7a-4e9027c2dadf,2026-27,2,15.94,16.46,16.63,31.14,80.17,A,f
c1f7b628-3e30-485b-7c96-47a6b422e92e,428ad8d8-9eb4-4e7a-9169-46af2d2a89a1,c8e42f25-4acd-5f8b-8bce-f0cab27cc71f,2026-27,2,17.44,15.16,15.63,31.84,80.07,A,f
fa8ab3d0-5a38-d80c-fc16-3af550eb96cb,428ad8d8-9eb4-4e7a-9169-46af2d2a89a1,5ceb5573-0231-5d70-848b-193fcfdb644c,2026-27,2,14.74,17.06,16.73,32.34,80.87,A,f
7da31d9c-a782-a7d5-1b8b-4c86d8da1c78,1f2799e2-b7a3-43e0-96af-278ded92706b,c697ab81-ffed-5fa6-9b51-be0954571d20,2026-27,1,17.78,18.66,18.42,37.01,91.87,A+,f
5e4c5418-bcc2-44a3-3c78-6d999d7328e7,1f2799e2-b7a3-43e0-96af-278ded92706b,cc6bfe47-d156-5f3c-a0a6-64be53ff1202,2026-27,1,19.98,17.16,17.92,34.51,89.57,A,f
46cd1e17-12e9-a2cc-f51c-32944643836f,1f2799e2-b7a3-43e0-96af-278ded92706b,945cbb28-3a50-5ed1-8e70-c416ee3f92f0,2026-27,1,19.18,17.06,19.92,37.11,93.27,A+,f
9b4b3d21-c65c-0d83-c802-be138e144457,1f2799e2-b7a3-43e0-96af-278ded92706b,325f5f11-db40-5f00-816d-d66357e36c70,2026-27,1,19.18,16.46,17.72,39.71,93.07,A+,f
1f92455e-70eb-9652-7390-41ddd36bce64,1f2799e2-b7a3-43e0-96af-278ded92706b,817d9a6f-e405-58f8-991b-373c31bd4e25,2026-27,1,19.98,18.96,18.02,39.01,95.97,A+,f
2a59f05e-8fee-d284-1122-947cc66fecec,7b8cc207-4ff5-463d-8845-5150e15188ed,f8b6ad01-594d-5e52-b325-ed9eb13211e1,2026-27,2,16.31,17.56,17.3,31.97,83.14,A,f
b768a497-51ff-5aa9-8da4-594e66554e09,7b8cc207-4ff5-463d-8845-5150e15188ed,f27d152a-f613-51a3-aea8-0506e5d24c3a,2026-27,2,16.41,16.16,17.7,34.87,85.14,A,f
d7c07534-e4bc-82fd-0917-0d6b7a97a9cd,7b8cc207-4ff5-463d-8845-5150e15188ed,5297007a-130e-5341-af7a-4e9027c2dadf,2026-27,2,17.31,18.76,19.0,34.97,90.04,A+,f
b47407dc-7c1b-8332-354f-6a9b82979b27,7b8cc207-4ff5-463d-8845-5150e15188ed,c8e42f25-4acd-5f8b-8bce-f0cab27cc71f,2026-27,2,16.71,16.76,19.0,32.57,85.04,A,f
e8851b80-64f8-683a-79a0-1eaa823eb29e,7b8cc207-4ff5-463d-8845-5150e15188ed,5ceb5573-0231-5d70-848b-193fcfdb644c,2026-27,2,16.61,17.46,19.2,32.37,85.64,A,f
b843d1ba-c1b6-99ea-db58-ab89959b0cd8,28b93a89-7cb4-403e-a8ce-0d9bbd87f691,f8b6ad01-594d-5e52-b325-ed9eb13211e1,2026-27,2,15.38,15.81,16.91,33.08,81.18,A,f
18998d8d-9114-71a9-00ee-686376377ac6,28b93a89-7cb4-403e-a8ce-0d9bbd87f691,f27d152a-f613-51a3-aea8-0506e5d24c3a,2026-27,2,17.88,16.11,18.11,34.68,86.78,A,f
cf589920-d8a0-86e7-6b51-49d6f79a5584,28b93a89-7cb4-403e-a8ce-0d9bbd87f691,5297007a-130e-5341-af7a-4e9027c2dadf,2026-27,2,16.28,17.91,17.51,34.28,85.98,A,f
67ab16a2-f514-c941-2dbf-f21303aed0e7,28b93a89-7cb4-403e-a8ce-0d9bbd87f691,c8e42f25-4acd-5f8b-8bce-f0cab27cc71f,2026-27,2,15.48,18.21,17.51,30.08,81.28,A,f
47d77c4c-509b-e935-c44d-73e1af1e758e,28b93a89-7cb4-403e-a8ce-0d9bbd87f691,5ceb5573-0231-5d70-848b-193fcfdb644c,2026-27,2,15.78,17.81,17.61,35.78,86.98,A,f
d518687d-def5-9d19-c30f-06fe9aff0ecf,b9fcac30-d6a3-4ac4-95a0-b316aff02fca,730c5632-33dc-5e69-a798-6135043a47aa,2026-27,4,14.64,14.25,16.1,27.72,72.71,B+,f
31e7b523-4d5f-45e0-7c75-782184fceaf8,b9fcac30-d6a3-4ac4-95a0-b316aff02fca,21e87180-7538-5689-922d-8889674702ed,2026-27,4,14.24,13.35,17.1,27.82,72.51,B+,f
735500ff-53f4-16ab-5da7-72662060dcc0,b9fcac30-d6a3-4ac4-95a0-b316aff02fca,a71f945b-22bf-5921-85a0-cb1acd7cb2e6,2026-27,4,14.74,15.45,17.1,33.22,80.51,A,f
d456cb5a-13a9-0954-b8be-adf8044f3b82,b9fcac30-d6a3-4ac4-95a0-b316aff02fca,859db046-894d-53cc-8cb4-3643d0c7f1fe,2026-27,4,17.14,15.45,15.6,32.22,80.41,A,f
2956faa8-943e-c2f7-4a25-59a4487e049a,b9fcac30-d6a3-4ac4-95a0-b316aff02fca,40d412e8-fc3b-5972-8ff2-90b35de8a2d3,2026-27,4,16.74,15.45,15.6,28.52,76.31,B+,f
fc499657-3b7b-30fa-86db-90171edeb780,6f2b827b-863f-491b-9acc-19c18d37bd84,f8b6ad01-594d-5e52-b325-ed9eb13211e1,2026-27,2,18.5,19.15,17.48,34.82,89.95,A,f
d2e4387b-cc43-9a88-00c6-c5b3452d6dcb,6f2b827b-863f-491b-9acc-19c18d37bd84,f27d152a-f613-51a3-aea8-0506e5d24c3a,2026-27,2,19.0,15.55,19.48,36.92,90.95,A+,f
16b3d6b1-7661-3b35-ec75-b2fa9504bf34,6f2b827b-863f-491b-9acc-19c18d37bd84,5297007a-130e-5341-af7a-4e9027c2dadf,2026-27,2,17.2,15.65,18.38,32.22,83.45,A,f
d4030cdf-ba96-5b57-4058-74e5aaeb53d9,6f2b827b-863f-491b-9acc-19c18d37bd84,c8e42f25-4acd-5f8b-8bce-f0cab27cc71f,2026-27,2,17.4,15.45,17.98,34.82,85.65,A,f
79b852c0-9901-d228-c4ef-72de8544a4d7,6f2b827b-863f-491b-9acc-19c18d37bd84,5ceb5573-0231-5d70-848b-193fcfdb644c,2026-27,2,18.2,16.65,17.58,32.32,84.75,A,f
62febd1a-1377-b9f9-3ed4-7573f8f809ff,6199ebe3-3b36-44b0-9c6c-c47dfc918741,c697ab81-ffed-5fa6-9b51-be0954571d20,2026-27,1,15.9,17.74,18.76,34.47,86.87,A,f
44c315b1-90ad-83c1-d434-d35fe49dd3b5,6199ebe3-3b36-44b0-9c6c-c47dfc918741,cc6bfe47-d156-5f3c-a0a6-64be53ff1202,2026-27,1,17.5,15.24,17.66,36.77,87.17,A,f
63afdf23-50f9-dc8f-2c13-14a922caaf2c,6199ebe3-3b36-44b0-9c6c-c47dfc918741,945cbb28-3a50-5ed1-8e70-c416ee3f92f0,2026-27,1,16.6,18.94,18.26,36.97,90.77,A+,f
a7370928-37a1-7e23-3be1-8304c2595f0a,6199ebe3-3b36-44b0-9c6c-c47dfc918741,325f5f11-db40-5f00-816d-d66357e36c70,2026-27,1,16.8,15.94,16.96,36.57,86.27,A,f
1a7cab90-fe42-82da-4a0b-6460d8eb8cba,6199ebe3-3b36-44b0-9c6c-c47dfc918741,817d9a6f-e405-58f8-991b-373c31bd4e25,2026-27,1,17.8,19.04,17.16,33.17,87.17,A,f
fa147fd6-7260-03f4-f5ec-b6efc51a95e8,060c54fb-3acf-4454-819a-df7b0a864180,730c5632-33dc-5e69-a798-6135043a47aa,2026-27,4,19.1,18.76,19.61,36.37,93.84,A+,f
84fbe9d2-46fb-684b-963c-7fe59e2dda69,060c54fb-3acf-4454-819a-df7b0a864180,21e87180-7538-5689-922d-8889674702ed,2026-27,4,16.8,18.06,17.91,33.77,86.54,A,f
508c9335-051d-ed0e-9023-1ba1e420a30b,060c54fb-3acf-4454-819a-df7b0a864180,a71f945b-22bf-5921-85a0-cb1acd7cb2e6,2026-27,4,18.7,18.46,19.41,35.27,91.84,A+,f
c4c96552-396d-6c7a-ece0-39c831b0838b,060c54fb-3acf-4454-819a-df7b0a864180,859db046-894d-53cc-8cb4-3643d0c7f1fe,2026-27,4,19.1,19.66,18.71,34.97,92.44,A+,f
f8a3ebe0-3729-4d4f-e7ba-520f10ce78b0,060c54fb-3acf-4454-819a-df7b0a864180,40d412e8-fc3b-5972-8ff2-90b35de8a2d3,2026-27,4,17.7,16.66,18.81,34.17,87.34,A,f
a2cb6f21-6128-c75f-078c-2a615dfb5482,221669e9-e71e-4825-af5b-d1b515e49a44,730c5632-33dc-5e69-a798-6135043a47aa,2026-27,4,17.55,16.72,19.88,37.11,91.26,A+,f
6f020e88-aa7d-9995-83a8-7ff3a0e0d465,221669e9-e71e-4825-af5b-d1b515e49a44,21e87180-7538-5689-922d-8889674702ed,2026-27,4,19.15,18.72,19.88,39.11,96.86,A+,f
0f671ead-a248-2d9f-419d-64e4de29f07a,221669e9-e71e-4825-af5b-d1b515e49a44,a71f945b-22bf-5921-85a0-cb1acd7cb2e6,2026-27,4,19.55,19.92,18.08,38.51,96.06,A+,f
1e4598a3-e057-9d68-8ba5-9897c5872af2,221669e9-e71e-4825-af5b-d1b515e49a44,859db046-894d-53cc-8cb4-3643d0c7f1fe,2026-27,4,18.15,18.12,18.28,35.41,89.96,A,f
926b20d5-2295-ca68-3c8f-71ae34d44a63,221669e9-e71e-4825-af5b-d1b515e49a44,40d412e8-fc3b-5972-8ff2-90b35de8a2d3,2026-27,4,17.65,19.92,20.0,37.51,95.08,A+,f
ecad6d0b-a1e4-d393-0c0a-e69903d2d593,597ff28d-ef88-446d-b634-40115022cddb,730c5632-33dc-5e69-a798-6135043a47aa,2026-27,4,18.38,16.31,17.21,30.3,82.2,A,f
26e4ff6f-7164-1903-f010-077679cd85ba,597ff28d-ef88-446d-b634-40115022cddb,21e87180-7538-5689-922d-8889674702ed,2026-27,4,16.28,18.21,16.61,31.4,82.5,A,f
58166a6f-9386-21be-017d-b775c78c3e7d,597ff28d-ef88-446d-b634-40115022cddb,a71f945b-22bf-5921-85a0-cb1acd7cb2e6,2026-27,4,16.08,18.51,16.01,33.8,84.4,A,f
9b1942a4-287e-1607-f83e-b3f00ccf5a27,597ff28d-ef88-446d-b634-40115022cddb,859db046-894d-53cc-8cb4-3643d0c7f1fe,2026-27,4,16.28,18.31,18.31,31.5,84.4,A,f
f6b69b12-9d31-a38b-fb1e-2fa82d7cf611,597ff28d-ef88-446d-b634-40115022cddb,40d412e8-fc3b-5972-8ff2-90b35de8a2d3,2026-27,4,16.88,17.01,16.61,34.3,84.8,A,f
444329f8-171b-4f59-6987-32035986b68e,8108ad82-fc9d-4eaf-a493-ad6aa34730ef,c697ab81-ffed-5fa6-9b51-be0954571d20,2026-27,1,16.09,15.43,18.33,33.43,83.28,A,f
873da0a6-436a-b61e-2335-9ec985f3ca72,8108ad82-fc9d-4eaf-a493-ad6aa34730ef,cc6bfe47-d156-5f3c-a0a6-64be53ff1202,2026-27,1,18.29,17.83,16.43,30.83,83.38,A,f
04fea481-9e7c-9dd7-7124-cab703cf266f,8108ad82-fc9d-4eaf-a493-ad6aa34730ef,945cbb28-3a50-5ed1-8e70-c416ee3f92f0,2026-27,1,16.89,17.83,16.33,30.53,81.58,A,f
9c9ddcf5-464e-c431-ad0f-850d89acd2e0,8108ad82-fc9d-4eaf-a493-ad6aa34730ef,325f5f11-db40-5f00-816d-d66357e36c70,2026-27,1,15.89,15.03,16.13,32.73,79.78,B+,f
44b46208-5e73-b55c-2ede-c5cf769e65f0,8108ad82-fc9d-4eaf-a493-ad6aa34730ef,817d9a6f-e405-58f8-991b-373c31bd4e25,2026-27,1,17.69,14.83,16.93,32.03,81.48,A,f
0a844e9a-8826-0477-010b-fc6ce0c0dde1,3d9eab84-39bd-4398-924e-d4bde31ceafa,730c5632-33dc-5e69-a798-6135043a47aa,2026-27,4,18.34,17.0,16.53,34.32,86.19,A,f
c65c16c9-aec9-8754-4a01-b49ad165d28c,3d9eab84-39bd-4398-924e-d4bde31ceafa,21e87180-7538-5689-922d-8889674702ed,2026-27,4,16.74,18.8,19.03,33.82,88.39,A,f
24f23b14-00bc-7341-d836-f3a889a0d774,3d9eab84-39bd-4398-924e-d4bde31ceafa,a71f945b-22bf-5921-85a0-cb1acd7cb2e6,2026-27,4,18.44,17.2,17.53,32.52,85.69,A,f
5146b3a7-c9d0-d415-b3cf-08989c08269f,3d9eab84-39bd-4398-924e-d4bde31ceafa,859db046-894d-53cc-8cb4-3643d0c7f1fe,2026-27,4,18.74,19.1,17.43,34.32,89.59,A,f
20793553-f738-bfc0-48a6-04715508c5d3,3d9eab84-39bd-4398-924e-d4bde31ceafa,40d412e8-fc3b-5972-8ff2-90b35de8a2d3,2026-27,4,17.94,19.1,18.23,32.72,87.99,A,f
67a5ba62-3f91-2754-2283-6cd9f1cf3de7,4190d31a-0ed0-4f22-8498-cf43b734c782,f8b6ad01-594d-5e52-b325-ed9eb13211e1,2026-27,2,17.22,15.26,16.48,31.35,80.31,A,f
cf722ad5-e776-9da9-1a0b-74b9c9698eb8,4190d31a-0ed0-4f22-8498-cf43b734c782,f27d152a-f613-51a3-aea8-0506e5d24c3a,2026-27,2,18.12,18.36,18.48,31.75,86.71,A,f
4097e77a-44ba-1286-39b7-8c858d2cb2c1,4190d31a-0ed0-4f22-8498-cf43b734c782,5297007a-130e-5341-af7a-4e9027c2dadf,2026-27,2,16.92,17.56,18.48,33.45,86.41,A,f
a0144640-34c2-cebe-fe6c-5e2d1d45a1a4,4190d31a-0ed0-4f22-8498-cf43b734c782,c8e42f25-4acd-5f8b-8bce-f0cab27cc71f,2026-27,2,17.22,17.16,16.38,36.15,86.91,A,f
5132e8fa-be27-1fb3-e3d7-e811292732ee,4190d31a-0ed0-4f22-8498-cf43b734c782,5ceb5573-0231-5d70-848b-193fcfdb644c,2026-27,2,17.82,17.36,17.38,32.25,84.81,A,f
c61f33aa-6bdc-e4c9-5835-941a383142c3,43a6e46f-f294-4f23-89b9-dd31fb580802,730c5632-33dc-5e69-a798-6135043a47aa,2026-27,4,17.41,20.0,19.07,37.95,94.43,A+,f
d9522742-1b8a-8e23-c3aa-649ede52618d,43a6e46f-f294-4f23-89b9-dd31fb580802,21e87180-7538-5689-922d-8889674702ed,2026-27,4,19.21,18.29,18.97,37.15,93.62,A+,f
3185739e-332e-3d98-6e56-89af97ba3631,43a6e46f-f294-4f23-89b9-dd31fb580802,a71f945b-22bf-5921-85a0-cb1acd7cb2e6,2026-27,4,18.41,17.99,20.0,37.85,94.25,A+,f
a240bc2b-2996-753f-d5f8-9d2d6a945cd7,43a6e46f-f294-4f23-89b9-dd31fb580802,859db046-894d-53cc-8cb4-3643d0c7f1fe,2026-27,4,17.71,18.49,18.87,37.15,92.22,A+,f
04c96d3a-f264-1ea2-f4c5-b19d8409e0d2,43a6e46f-f294-4f23-89b9-dd31fb580802,40d412e8-fc3b-5972-8ff2-90b35de8a2d3,2026-27,4,18.11,17.99,17.97,37.95,92.02,A+,f
51f26fb5-a46b-0a06-3297-28be905ec534,ed2feb61-97ae-4b20-b7be-e01ed50f1ba8,730c5632-33dc-5e69-a798-6135043a47aa,2026-27,4,16.02,15.15,15.54,30.6,77.31,B+,f
cbf905f5-e5aa-7c78-0ef2-a5ef3a4fea67,ed2feb61-97ae-4b20-b7be-e01ed50f1ba8,21e87180-7538-5689-922d-8889674702ed,2026-27,4,16.32,14.75,15.34,31.0,77.41,B+,f
801a2fd8-aa68-401f-0711-43b24d0e50d2,ed2feb61-97ae-4b20-b7be-e01ed50f1ba8,a71f945b-22bf-5921-85a0-cb1acd7cb2e6,2026-27,4,17.62,15.95,16.64,29.4,79.61,B+,f
40d5b7ca-0863-7ee4-923a-597bbe232d01,ed2feb61-97ae-4b20-b7be-e01ed50f1ba8,859db046-894d-53cc-8cb4-3643d0c7f1fe,2026-27,4,15.72,16.35,16.14,30.0,78.21,B+,f
c7a456e1-81e0-3d54-2dd0-eeea4a41cfe8,ed2feb61-97ae-4b20-b7be-e01ed50f1ba8,40d412e8-fc3b-5972-8ff2-90b35de8a2d3,2026-27,4,15.22,14.55,15.54,31.5,76.81,B+,f
9185619f-e539-43f3-9c07-f49d33e84d94,eceb6c9e-a83a-48ef-b4bd-54249990d7ad,f8b6ad01-594d-5e52-b325-ed9eb13211e1,2026-27,2,15.75,15.18,17.39,32.56,80.88,A,f
cb6d37b3-e357-45ae-fa55-82a92fc9b2ee,eceb6c9e-a83a-48ef-b4bd-54249990d7ad,f27d152a-f613-51a3-aea8-0506e5d24c3a,2026-27,2,18.25,14.88,17.89,35.56,86.58,A,f
47d253f7-b238-884a-60e5-6ded0ba2816a,eceb6c9e-a83a-48ef-b4bd-54249990d7ad,5297007a-130e-5341-af7a-4e9027c2dadf,2026-27,2,17.55,16.68,17.99,34.96,87.18,A,f
da4c6ff1-a834-d7ee-9a50-e56c1f65f6f7,eceb6c9e-a83a-48ef-b4bd-54249990d7ad,c8e42f25-4acd-5f8b-8bce-f0cab27cc71f,2026-27,2,15.85,16.48,17.29,33.56,83.18,A,f
f348ec1a-b4ba-4016-4325-0414bc9777eb,eceb6c9e-a83a-48ef-b4bd-54249990d7ad,5ceb5573-0231-5d70-848b-193fcfdb644c,2026-27,2,17.85,16.88,17.29,33.16,85.18,A,f
3d587375-efac-fc95-0546-78758e35e64a,47f0954e-0841-4647-a4b4-a4d0147ce704,29f10515-0a52-55f4-896b-fa882e11e38e,2026-27,6,18.2,16.03,17.54,31.77,83.54,A,f
e8b1c6a5-feaa-e0fe-e27f-b046ea30030c,47f0954e-0841-4647-a4b4-a4d0147ce704,2bc3bd90-0760-5d47-9467-5a5992c412e5,2026-27,6,17.9,16.53,17.24,31.87,83.54,A,f
576c60bd-4f7a-0e5e-ae71-3f3e5238181e,47f0954e-0841-4647-a4b4-a4d0147ce704,d9518e1b-06ba-5f43-b6b9-67d017eaae5d,2026-27,6,15.8,17.03,16.44,35.27,84.54,A,f
208880b8-2e8a-fed9-db51-b9b28675355f,47f0954e-0841-4647-a4b4-a4d0147ce704,005078bd-c539-5c44-a631-7e7dd9fb778c,2026-27,6,18.2,15.73,16.64,31.17,81.74,A,f
a4499b18-6a10-485e-6f8c-44f237e143c0,47f0954e-0841-4647-a4b4-a4d0147ce704,539f9c66-84f9-5b19-943a-cb15d62bbc33,2026-27,6,18.3,15.13,16.84,34.37,84.64,A,f
de511e67-c7ab-cd68-fea4-431aa6693c5a,9c79d479-580b-46c7-83d4-663448d73a61,730c5632-33dc-5e69-a798-6135043a47aa,2026-27,4,17.67,14.29,17.28,33.86,83.1,A,f
9ae00f41-75a8-02f1-d3fb-9c2bc1a97f35,9c79d479-580b-46c7-83d4-663448d73a61,21e87180-7538-5689-922d-8889674702ed,2026-27,4,17.17,15.69,16.88,33.46,83.2,A,f
e998e964-de40-8da0-5e8d-52eebe173986,9c79d479-580b-46c7-83d4-663448d73a61,a71f945b-22bf-5921-85a0-cb1acd7cb2e6,2026-27,4,17.57,16.89,15.78,31.86,82.1,A,f
4dd5470a-d0de-1a78-5064-21455702d4ac,9c79d479-580b-46c7-83d4-663448d73a61,859db046-894d-53cc-8cb4-3643d0c7f1fe,2026-27,4,16.27,16.29,15.68,29.86,78.1,B+,f
c5395162-ba7b-4812-91cf-6474e1ead52c,9c79d479-580b-46c7-83d4-663448d73a61,40d412e8-fc3b-5972-8ff2-90b35de8a2d3,2026-27,4,16.57,17.69,17.38,31.16,82.8,A,f
553dc09b-f851-5bc3-5042-b84ea547613d,7cdbec41-40fc-45b1-baa0-866168310536,29f10515-0a52-55f4-896b-fa882e11e38e,2026-27,6,15.8,15.63,17.73,31.92,81.08,A,f
2e0b5ccf-79d1-fd37-4d89-740f8e8d1ff5,7cdbec41-40fc-45b1-baa0-866168310536,2bc3bd90-0760-5d47-9467-5a5992c412e5,2026-27,6,16.6,16.23,16.03,32.82,81.68,A,f
0c261c32-bfc5-eae5-70de-ec9b509250ae,7cdbec41-40fc-45b1-baa0-866168310536,d9518e1b-06ba-5f43-b6b9-67d017eaae5d,2026-27,6,17.4,14.53,15.83,31.02,78.78,B+,f
5ec8b6b2-f0f3-82ea-d60d-cb39caddc878,7cdbec41-40fc-45b1-baa0-866168310536,005078bd-c539-5c44-a631-7e7dd9fb778c,2026-27,6,16.4,16.53,18.03,35.72,86.68,A,f
59caafba-0387-d8b4-58e1-8fda5961fcdd,7cdbec41-40fc-45b1-baa0-866168310536,539f9c66-84f9-5b19-943a-cb15d62bbc33,2026-27,6,15.3,18.33,18.23,30.52,82.38,A,f
821ad63d-a1a6-17fb-8905-d255a7eee557,d00062e1-e7e7-46ba-b3a5-f49d715c3572,730c5632-33dc-5e69-a798-6135043a47aa,2026-27,4,17.52,18.18,18.01,37.1,90.81,A+,f
0bb05ae6-8782-8a13-2d52-3f9b96c049f7,d00062e1-e7e7-46ba-b3a5-f49d715c3572,21e87180-7538-5689-922d-8889674702ed,2026-27,4,16.92,15.58,18.51,35.5,86.51,A,f
a6be65f7-f3fb-14c1-b0f8-d0b60a385193,d00062e1-e7e7-46ba-b3a5-f49d715c3572,a71f945b-22bf-5921-85a0-cb1acd7cb2e6,2026-27,4,18.42,17.18,19.41,34.9,89.91,A,f
b8bf9dd0-c24f-3012-df87-263215988e1d,d00062e1-e7e7-46ba-b3a5-f49d715c3572,859db046-894d-53cc-8cb4-3643d0c7f1fe,2026-27,4,18.82,19.18,17.81,33.2,89.01,A,f
fba45c94-b10f-aaf6-2c0c-d9965412b92a,d00062e1-e7e7-46ba-b3a5-f49d715c3572,40d412e8-fc3b-5972-8ff2-90b35de8a2d3,2026-27,4,18.52,16.58,19.51,34.4,89.01,A,f
11545203-4acf-5dc1-eccd-522af951379d,695b2bea-7c3e-49c5-8fb2-aa5b5c80247b,29f10515-0a52-55f4-896b-fa882e11e38e,2026-27,6,19.1,19.15,18.48,35.52,92.25,A+,f
99948ab5-91f4-0463-9734-a4ffb57eb839,695b2bea-7c3e-49c5-8fb2-aa5b5c80247b,2bc3bd90-0760-5d47-9467-5a5992c412e5,2026-27,6,18.5,16.55,18.48,37.42,90.95,A+,f
2c21d96b-1167-cd6f-4e1e-d59fe2c0fe80,695b2bea-7c3e-49c5-8fb2-aa5b5c80247b,d9518e1b-06ba-5f43-b6b9-67d017eaae5d,2026-27,6,17.9,19.15,18.38,31.72,87.15,A,f
edc909df-44bf-61e2-7dad-eaccc8b11a9a,695b2bea-7c3e-49c5-8fb2-aa5b5c80247b,005078bd-c539-5c44-a631-7e7dd9fb778c,2026-27,6,16.2,15.45,19.08,36.22,86.95,A,f
2c3e6d98-f23e-30e4-ba99-580caa212e37,695b2bea-7c3e-49c5-8fb2-aa5b5c80247b,539f9c66-84f9-5b19-943a-cb15d62bbc33,2026-27,6,16.8,16.55,16.58,34.22,84.15,A,f
554598f2-de93-d7e5-d040-80f87c0e69ac,7e56aac0-31c2-4f6d-98f5-df7a51a7ad31,730c5632-33dc-5e69-a798-6135043a47aa,2026-27,4,15.66,16.9,16.61,33.59,82.76,A,f
6231f36c-69db-67e0-5f6c-71db5401b065,7e56aac0-31c2-4f6d-98f5-df7a51a7ad31,21e87180-7538-5689-922d-8889674702ed,2026-27,4,15.86,16.8,18.61,31.49,82.76,A,f
1a0fd3e7-1e0e-32b8-f938-4069a884b864,7e56aac0-31c2-4f6d-98f5-df7a51a7ad31,a71f945b-22bf-5921-85a0-cb1acd7cb2e6,2026-27,4,16.26,17.0,16.91,35.99,86.16,A,f
0268ad85-3dd1-0c4b-8f53-f30ad5a97ea8,7e56aac0-31c2-4f6d-98f5-df7a51a7ad31,859db046-894d-53cc-8cb4-3643d0c7f1fe,2026-27,4,15.86,14.9,18.21,35.19,84.16,A,f
a9e6352c-c57e-bffa-af59-36c0ab8a6b8b,7e56aac0-31c2-4f6d-98f5-df7a51a7ad31,40d412e8-fc3b-5972-8ff2-90b35de8a2d3,2026-27,4,17.86,18.2,17.71,35.29,89.06,A,f
f87c3910-8d85-90a9-da08-368a6e2250ee,b40e55ae-7bb5-450d-aaa5-155e291d0046,29f10515-0a52-55f4-896b-fa882e11e38e,2026-27,6,15.82,16.57,16.29,36.2,84.88,A,f
6a6fb966-33fd-3c37-359c-bc85b989a579,b40e55ae-7bb5-450d-aaa5-155e291d0046,2bc3bd90-0760-5d47-9467-5a5992c412e5,2026-27,6,16.22,16.87,17.09,35.8,85.98,A,f
9249fd0d-b3bd-f73c-ceb4-83fc684713e1,b40e55ae-7bb5-450d-aaa5-155e291d0046,d9518e1b-06ba-5f43-b6b9-67d017eaae5d,2026-27,6,16.62,16.77,19.09,35.8,88.28,A,f
91637b0c-44e7-8bb4-6131-93834552518f,b40e55ae-7bb5-450d-aaa5-155e291d0046,005078bd-c539-5c44-a631-7e7dd9fb778c,2026-27,6,18.72,18.97,17.09,32.8,87.58,A,f
1a1e3abc-4217-8eb1-301a-0ad9efddc0e8,b40e55ae-7bb5-450d-aaa5-155e291d0046,539f9c66-84f9-5b19-943a-cb15d62bbc33,2026-27,6,17.22,18.47,16.49,34.2,86.38,A,f
b41a1549-0895-2249-2405-f23a630de860,c2343790-a522-4aa3-bd65-e16ef8cc7f5f,730c5632-33dc-5e69-a798-6135043a47aa,2026-27,4,16.37,13.17,16.72,28.73,74.99,B+,f
d77aecea-8f8c-1736-6ad7-8d95f54b1852,c2343790-a522-4aa3-bd65-e16ef8cc7f5f,21e87180-7538-5689-922d-8889674702ed,2026-27,4,14.17,13.87,17.12,32.93,78.09,B+,f
e30e56ed-205a-9f3d-22e9-8031b3eebaf2,c2343790-a522-4aa3-bd65-e16ef8cc7f5f,a71f945b-22bf-5921-85a0-cb1acd7cb2e6,2026-27,4,16.47,14.87,15.32,32.73,79.39,B+,f
3642cf2a-b5dd-e016-0207-031e13a5b73c,c2343790-a522-4aa3-bd65-e16ef8cc7f5f,859db046-894d-53cc-8cb4-3643d0c7f1fe,2026-27,4,16.87,15.17,14.62,27.63,74.29,B+,f
06718338-c374-b135-ddd7-c152e50db104,c2343790-a522-4aa3-bd65-e16ef8cc7f5f,40d412e8-fc3b-5972-8ff2-90b35de8a2d3,2026-27,4,15.17,15.37,16.42,29.83,76.79,B+,f
c620e2ba-fd89-178a-80e1-dd0774753cfb,be5c5254-c344-47af-9476-90e52b9968ac,f8b6ad01-594d-5e52-b325-ed9eb13211e1,2026-27,2,16.54,17.0,19.34,35.49,88.37,A,f
c5e73693-15a6-97c8-12e0-a5fe4e4a37d8,be5c5254-c344-47af-9476-90e52b9968ac,f27d152a-f613-51a3-aea8-0506e5d24c3a,2026-27,2,18.94,16.3,18.74,37.99,91.97,A+,f
b1fe9573-9b7a-8e34-94a8-237704ad1469,be5c5254-c344-47af-9476-90e52b9968ac,5297007a-130e-5341-af7a-4e9027c2dadf,2026-27,2,18.24,17.6,19.44,35.69,90.97,A+,f
5a1a5541-df3d-03e1-99e6-55649377ec85,be5c5254-c344-47af-9476-90e52b9968ac,c8e42f25-4acd-5f8b-8bce-f0cab27cc71f,2026-27,2,18.84,16.6,17.44,36.69,89.57,A,f
61c37efe-f74a-defb-33ab-6d86177ad0bb,be5c5254-c344-47af-9476-90e52b9968ac,5ceb5573-0231-5d70-848b-193fcfdb644c,2026-27,2,16.64,18.5,17.24,33.89,86.27,A,f
db7ffac9-87c3-dbf9-8af3-97782f425a1c,823d85ef-1672-4f4f-8b06-059d1129579a,730c5632-33dc-5e69-a798-6135043a47aa,2026-27,4,15.72,16.46,16.58,33.67,82.43,A,f
5d60c06d-0152-ddb4-58f1-b2439f19039c,823d85ef-1672-4f4f-8b06-059d1129579a,21e87180-7538-5689-922d-8889674702ed,2026-27,4,15.92,16.16,17.48,32.47,82.03,A,f
b0af2c20-fe05-c48e-df0b-81cf41daec60,823d85ef-1672-4f4f-8b06-059d1129579a,a71f945b-22bf-5921-85a0-cb1acd7cb2e6,2026-27,4,17.72,18.06,16.08,34.07,85.93,A,f
c90da120-9c04-a2c1-a811-03e00e4db7d7,823d85ef-1672-4f4f-8b06-059d1129579a,859db046-894d-53cc-8cb4-3643d0c7f1fe,2026-27,4,16.32,18.86,16.98,31.17,83.33,A,f
48ec8118-bdeb-c377-243c-2367580d2f34,823d85ef-1672-4f4f-8b06-059d1129579a,40d412e8-fc3b-5972-8ff2-90b35de8a2d3,2026-27,4,16.12,17.66,17.58,33.67,85.03,A,f
a2d3801d-4e03-4fa8-e24e-c6c14814aef6,96958bf5-8838-42cd-9d27-5ff54cef8c52,29f10515-0a52-55f4-896b-fa882e11e38e,2026-27,6,17.75,17.79,18.19,30.94,84.67,A,f
aa9aa175-5337-b578-7177-c613f9dc5beb,96958bf5-8838-42cd-9d27-5ff54cef8c52,2bc3bd90-0760-5d47-9467-5a5992c412e5,2026-27,6,15.35,17.49,18.59,32.74,84.17,A,f
761d03b5-8da5-a6f6-7227-bbbe0d4b673d,96958bf5-8838-42cd-9d27-5ff54cef8c52,d9518e1b-06ba-5f43-b6b9-67d017eaae5d,2026-27,6,15.95,16.49,17.89,35.84,86.17,A,f
ce20ae0c-9b28-35e2-2ee2-b8fe4ba838d9,96958bf5-8838-42cd-9d27-5ff54cef8c52,005078bd-c539-5c44-a631-7e7dd9fb778c,2026-27,6,15.75,17.19,17.19,32.34,82.47,A,f
b76284e9-6ace-65c4-4033-814bf1f991bc,96958bf5-8838-42cd-9d27-5ff54cef8c52,539f9c66-84f9-5b19-943a-cb15d62bbc33,2026-27,6,15.55,16.69,15.99,34.14,82.37,A,f
90148a9d-ba86-375b-7812-ddd2892737d0,717519f0-ce96-410a-823f-161441386981,730c5632-33dc-5e69-a798-6135043a47aa,2026-27,4,18.35,18.71,16.54,31.94,85.54,A,f
a91d8e3d-57f9-4f72-2124-b69edecfcab8,717519f0-ce96-410a-823f-161441386981,21e87180-7538-5689-922d-8889674702ed,2026-27,4,16.75,18.51,19.14,36.94,91.34,A+,f
1f16ff96-842a-835f-ad55-67fd4a8b1e34,717519f0-ce96-410a-823f-161441386981,a71f945b-22bf-5921-85a0-cb1acd7cb2e6,2026-27,4,18.95,17.61,17.14,36.34,90.04,A+,f
6030653a-9681-ba3e-08ad-e5341dc4afff,717519f0-ce96-410a-823f-161441386981,859db046-894d-53cc-8cb4-3643d0c7f1fe,2026-27,4,17.85,19.11,17.04,36.44,90.44,A+,f
2fd117cc-e1de-3e3d-185e-724ee22db163,717519f0-ce96-410a-823f-161441386981,40d412e8-fc3b-5972-8ff2-90b35de8a2d3,2026-27,4,18.15,16.71,18.34,34.74,87.94,A,f
a2089906-8c91-422a-7dca-e1d03aeecce5,afcf1d14-9c64-4672-9bee-623065cbb370,29f10515-0a52-55f4-896b-fa882e11e38e,2026-27,6,17.31,15.77,18.51,32.62,84.21,A,f
43775086-4866-2673-2569-b8621f269200,afcf1d14-9c64-4672-9bee-623065cbb370,2bc3bd90-0760-5d47-9467-5a5992c412e5,2026-27,6,18.31,16.17,18.01,32.42,84.91,A,f
40a15abd-4e85-faef-2b60-e83baddae02c,afcf1d14-9c64-4672-9bee-623065cbb370,d9518e1b-06ba-5f43-b6b9-67d017eaae5d,2026-27,6,18.91,18.27,16.81,35.72,89.71,A,f
0cad72ba-42f1-50ed-9a1d-dd0e4c3d01a3,afcf1d14-9c64-4672-9bee-623065cbb370,005078bd-c539-5c44-a631-7e7dd9fb778c,2026-27,6,18.31,15.97,18.91,37.72,90.91,A+,f
f942b87e-1ea8-d868-3c07-5ea63df6540e,afcf1d14-9c64-4672-9bee-623065cbb370,539f9c66-84f9-5b19-943a-cb15d62bbc33,2026-27,6,17.51,18.47,16.91,38.32,91.21,A+,f
baf81822-3f29-1c77-a719-2a5c710b328d,c84b27f5-2627-47bc-ad67-c0b07b6ee16d,730c5632-33dc-5e69-a798-6135043a47aa,2026-27,4,18.42,17.77,17.89,37.12,91.2,A+,f
d97e2fee-61ce-0407-140f-851beb161c47,c84b27f5-2627-47bc-ad67-c0b07b6ee16d,21e87180-7538-5689-922d-8889674702ed,2026-27,4,17.92,18.97,16.99,34.62,88.5,A,f
25f241db-8758-3e05-ac1d-291eca97f6dc,c84b27f5-2627-47bc-ad67-c0b07b6ee16d,a71f945b-22bf-5921-85a0-cb1acd7cb2e6,2026-27,4,17.92,17.07,16.39,37.02,88.4,A,f
d16a709c-a779-1293-5d0f-56af5576000f,c84b27f5-2627-47bc-ad67-c0b07b6ee16d,859db046-894d-53cc-8cb4-3643d0c7f1fe,2026-27,4,18.62,15.17,17.79,35.92,87.5,A,f
478cde9d-6a37-8aa3-81a8-de967eebc2bb,c84b27f5-2627-47bc-ad67-c0b07b6ee16d,40d412e8-fc3b-5972-8ff2-90b35de8a2d3,2026-27,4,15.92,15.97,16.49,35.82,84.2,A,f
381c774a-77e6-6ac9-b6d9-c1cc4da6ecf0,81af15f3-e8b5-4ec3-94e1-6e1245259a89,f8b6ad01-594d-5e52-b325-ed9eb13211e1,2026-27,2,18.44,17.28,17.08,31.74,84.54,A,f
cc1d82ca-9217-3a80-46fb-86befb9b49cf,81af15f3-e8b5-4ec3-94e1-6e1245259a89,f27d152a-f613-51a3-aea8-0506e5d24c3a,2026-27,2,16.94,14.78,18.58,33.24,83.54,A,f
e40e104f-bbef-fd38-5b4f-b2eb2117329b,81af15f3-e8b5-4ec3-94e1-6e1245259a89,5297007a-130e-5341-af7a-4e9027c2dadf,2026-27,2,17.44,15.18,16.98,32.44,82.04,A,f
928b99d2-8183-3553-4b5f-77a76424c921,81af15f3-e8b5-4ec3-94e1-6e1245259a89,c8e42f25-4acd-5f8b-8bce-f0cab27cc71f,2026-27,2,16.34,15.08,16.58,34.44,82.44,A,f
3072f19f-4b1b-6f4d-b77b-23b80f488e31,81af15f3-e8b5-4ec3-94e1-6e1245259a89,5ceb5573-0231-5d70-848b-193fcfdb644c,2026-27,2,17.34,15.88,16.18,33.74,83.14,A,f
fa0f3985-b968-3e29-67d4-285e3895874f,3e46d505-2fd9-47ff-b13c-80a943f9d246,29f10515-0a52-55f4-896b-fa882e11e38e,2026-27,6,18.9,17.76,16.79,33.63,87.08,A,f
e8f60f8a-68bb-0ef9-be37-b424cd3692dc,3e46d505-2fd9-47ff-b13c-80a943f9d246,2bc3bd90-0760-5d47-9467-5a5992c412e5,2026-27,6,16.7,16.96,17.29,32.43,83.38,A,f
036b1066-8d4e-dd16-879f-76999c278598,3e46d505-2fd9-47ff-b13c-80a943f9d246,d9518e1b-06ba-5f43-b6b9-67d017eaae5d,2026-27,6,16.7,15.66,16.89,32.73,81.98,A,f
f4077204-0225-d389-a0b5-04424169bd23,3e46d505-2fd9-47ff-b13c-80a943f9d246,005078bd-c539-5c44-a631-7e7dd9fb778c,2026-27,6,16.5,15.86,19.09,37.63,89.08,A,f
f13b648e-e04b-5f48-2baf-821f2189dc46,3e46d505-2fd9-47ff-b13c-80a943f9d246,539f9c66-84f9-5b19-943a-cb15d62bbc33,2026-27,6,18.1,15.56,17.39,36.43,87.48,A,f
eae45f24-7ac1-650c-b52c-dee709d2781d,04444cb8-6261-4f67-b3ef-a349e7e1ef86,c697ab81-ffed-5fa6-9b51-be0954571d20,2026-27,1,16.76,19.62,18.86,37.83,93.07,A+,f
2a428827-7a75-7e0a-5d65-b9199613ebc7,04444cb8-6261-4f67-b3ef-a349e7e1ef86,cc6bfe47-d156-5f3c-a0a6-64be53ff1202,2026-27,1,17.86,18.32,17.66,33.23,87.07,A,f
a8a251fb-0c16-830e-bff9-7b9c7eded16f,04444cb8-6261-4f67-b3ef-a349e7e1ef86,945cbb28-3a50-5ed1-8e70-c416ee3f92f0,2026-27,1,17.66,15.62,18.96,34.33,86.57,A,f
3bfa56ab-c81d-22be-92cb-16dcf655d9b3,04444cb8-6261-4f67-b3ef-a349e7e1ef86,325f5f11-db40-5f00-816d-d66357e36c70,2026-27,1,19.06,18.92,18.26,38.23,94.47,A+,f
a4d5d39b-bcdf-f313-6605-710ccc196b56,04444cb8-6261-4f67-b3ef-a349e7e1ef86,817d9a6f-e405-58f8-991b-373c31bd4e25,2026-27,1,19.16,17.12,19.06,37.03,92.37,A+,f
00a69b1e-81ea-1f03-3eb3-ab566dd2f5bd,7b7d7936-b75a-4cbe-9593-943778684fb4,730c5632-33dc-5e69-a798-6135043a47aa,2026-27,4,16.92,16.47,16.8,36.65,86.84,A,f
8de7ca3a-4880-f87c-98e3-f4024bc340f5,7b7d7936-b75a-4cbe-9593-943778684fb4,21e87180-7538-5689-922d-8889674702ed,2026-27,4,17.62,16.27,18.4,33.85,86.14,A,f
9642bec2-879f-488b-462f-b90bc034b7aa,7b7d7936-b75a-4cbe-9593-943778684fb4,a71f945b-22bf-5921-85a0-cb1acd7cb2e6,2026-27,4,18.62,15.77,18.5,35.65,88.54,A,f
77996f3a-5674-8932-d3d9-58debdc5f182,7b7d7936-b75a-4cbe-9593-943778684fb4,859db046-894d-53cc-8cb4-3643d0c7f1fe,2026-27,4,18.02,15.77,18.5,33.65,85.94,A,f
90635580-5766-89aa-43c2-1445130e0fdb,7b7d7936-b75a-4cbe-9593-943778684fb4,40d412e8-fc3b-5972-8ff2-90b35de8a2d3,2026-27,4,16.12,18.87,17.2,37.45,89.64,A,f
6a48b4fe-a9fd-a1a5-2ed5-810df7b139d8,165ecc8a-4ba5-4e3e-b055-05016d7328f0,f8b6ad01-594d-5e52-b325-ed9eb13211e1,2026-27,2,17.27,16.73,17.98,35.38,87.36,A,f
60e05a5e-ce84-0c43-54fd-8eb6a7cc0dbf,165ecc8a-4ba5-4e3e-b055-05016d7328f0,f27d152a-f613-51a3-aea8-0506e5d24c3a,2026-27,2,17.87,16.73,19.68,34.78,89.06,A,f
d702bc8f-3f57-3035-72f2-0939e5fb40d8,165ecc8a-4ba5-4e3e-b055-05016d7328f0,5297007a-130e-5341-af7a-4e9027c2dadf,2026-27,2,18.37,16.73,17.08,36.28,88.46,A,f
f95e12db-79d6-5181-36c0-6b55f947cbf3,165ecc8a-4ba5-4e3e-b055-05016d7328f0,c8e42f25-4acd-5f8b-8bce-f0cab27cc71f,2026-27,2,18.37,17.13,18.08,37.38,90.96,A+,f
06a1cdd1-d4ae-c400-fd2e-5318a38a8675,165ecc8a-4ba5-4e3e-b055-05016d7328f0,5ceb5573-0231-5d70-848b-193fcfdb644c,2026-27,2,18.37,17.23,18.68,36.28,90.56,A+,f
3bdf8955-6b84-800b-d387-7f9391475364,5a1ff57d-2c6f-414a-b722-c75ae5809c57,f8b6ad01-594d-5e52-b325-ed9eb13211e1,2026-27,2,14.3,13.7,16.34,32.05,76.39,B+,f
bebcb205-bef4-f002-f298-33741b537484,5a1ff57d-2c6f-414a-b722-c75ae5809c57,f27d152a-f613-51a3-aea8-0506e5d24c3a,2026-27,2,15.6,14.1,14.04,32.25,75.99,B+,f
ce34e1af-668e-12ad-220c-9fe3131edea8,5a1ff57d-2c6f-414a-b722-c75ae5809c57,5297007a-130e-5341-af7a-4e9027c2dadf,2026-27,2,15.1,16.5,16.24,27.95,75.79,B+,f
43551c02-4db3-0ba5-caeb-d8ef0014dfac,5a1ff57d-2c6f-414a-b722-c75ae5809c57,c8e42f25-4acd-5f8b-8bce-f0cab27cc71f,2026-27,2,13.9,13.7,14.24,27.25,69.09,B,f
1831ff83-1027-acdb-9ff3-f6e3bbebc73d,5a1ff57d-2c6f-414a-b722-c75ae5809c57,5ceb5573-0231-5d70-848b-193fcfdb644c,2026-27,2,16.4,13.7,14.34,30.05,74.49,B+,f
7d8bebf2-d471-adc3-5250-c0f8445f4f7e,9ae3f69a-3ffc-4e8f-bee1-79a1633f7fbf,29f10515-0a52-55f4-896b-fa882e11e38e,2026-27,6,19.18,17.44,17.79,35.28,89.69,A,f
54856eb8-9b91-b554-810e-f5c1b1dae058,9ae3f69a-3ffc-4e8f-bee1-79a1633f7fbf,2bc3bd90-0760-5d47-9467-5a5992c412e5,2026-27,6,18.88,19.44,17.69,37.88,93.89,A+,f
29493280-6531-e8ef-247f-3e7d4a68f23c,9ae3f69a-3ffc-4e8f-bee1-79a1633f7fbf,d9518e1b-06ba-5f43-b6b9-67d017eaae5d,2026-27,6,18.78,17.14,18.79,36.68,91.39,A+,f
536593d7-11ce-d563-fd95-6bc5c40e5528,9ae3f69a-3ffc-4e8f-bee1-79a1633f7fbf,005078bd-c539-5c44-a631-7e7dd9fb778c,2026-27,6,19.48,16.14,17.59,38.28,91.49,A+,f
3acf652c-a571-b858-8afa-a8701e3ee86c,9ae3f69a-3ffc-4e8f-bee1-79a1633f7fbf,539f9c66-84f9-5b19-943a-cb15d62bbc33,2026-27,6,19.18,17.34,17.39,36.08,89.99,A,f
cf10594c-5869-5c9a-48b8-4c5324c775d1,c5149802-6951-4f24-b992-76cf15931c2c,c697ab81-ffed-5fa6-9b51-be0954571d20,2026-27,1,18.78,15.13,18.75,34.93,87.59,A,f
23115a95-9d6e-1952-ca3f-d88bb7fe9229,c5149802-6951-4f24-b992-76cf15931c2c,cc6bfe47-d156-5f3c-a0a6-64be53ff1202,2026-27,1,16.68,17.73,18.05,37.23,89.69,A,f
06766865-6133-8ef2-69f1-fccfca26bf89,c5149802-6951-4f24-b992-76cf15931c2c,945cbb28-3a50-5ed1-8e70-c416ee3f92f0,2026-27,1,16.28,18.73,18.35,36.23,89.59,A,f
a5b83acd-947a-daf0-4a96-c4ca1482c595,c5149802-6951-4f24-b992-76cf15931c2c,325f5f11-db40-5f00-816d-d66357e36c70,2026-27,1,16.68,15.53,17.75,35.03,84.99,A,f
a1997647-3cd8-34e3-0064-4f0fb78f32e9,c5149802-6951-4f24-b992-76cf15931c2c,817d9a6f-e405-58f8-991b-373c31bd4e25,2026-27,1,18.78,16.73,19.05,33.03,87.59,A,f
a1ee85dd-200f-d5f5-dcd5-68023d969820,4f761a64-3631-4af4-a20d-f87e0df2b162,f8b6ad01-594d-5e52-b325-ed9eb13211e1,2026-27,2,17.77,15.7,18.3,30.76,82.53,A,f
214960cc-4bbc-6532-1397-3582b880aae6,4f761a64-3631-4af4-a20d-f87e0df2b162,f27d152a-f613-51a3-aea8-0506e5d24c3a,2026-27,2,18.07,16.0,16.9,33.46,84.43,A,f
61781a1a-57b9-ed3e-f83d-c1446011998f,4f761a64-3631-4af4-a20d-f87e0df2b162,5297007a-130e-5341-af7a-4e9027c2dadf,2026-27,2,15.57,16.4,17.4,31.66,81.03,A,f
bfc3d816-379b-d6d4-1e67-9da4348f2c20,4f761a64-3631-4af4-a20d-f87e0df2b162,c8e42f25-4acd-5f8b-8bce-f0cab27cc71f,2026-27,2,16.67,18.3,16.1,34.96,86.03,A,f
d9b6e8e7-3c21-3aed-8b7c-8bae2fd0bf8e,4f761a64-3631-4af4-a20d-f87e0df2b162,5ceb5573-0231-5d70-848b-193fcfdb644c,2026-27,2,15.57,17.7,16.6,30.96,80.83,A,f
3da43636-8848-dec8-d5be-b1fcfafa5098,44a7dc56-b8e6-4972-8bf9-499074aa5ab6,f8b6ad01-594d-5e52-b325-ed9eb13211e1,2026-27,2,16.36,17.98,17.27,31.16,82.77,A,f
bd8aa6cf-2936-50bd-682a-f04ea1364059,44a7dc56-b8e6-4972-8bf9-499074aa5ab6,f27d152a-f613-51a3-aea8-0506e5d24c3a,2026-27,2,15.36,16.08,15.37,33.76,80.57,A,f
806af3f4-5bfd-529b-6118-e178d5d10387,44a7dc56-b8e6-4972-8bf9-499074aa5ab6,5297007a-130e-5341-af7a-4e9027c2dadf,2026-27,2,15.66,17.08,16.47,30.86,80.07,A,f
5115c78b-110a-6b5e-4ff8-81ce3b46ebf7,44a7dc56-b8e6-4972-8bf9-499074aa5ab6,c8e42f25-4acd-5f8b-8bce-f0cab27cc71f,2026-27,2,17.56,16.98,16.17,29.56,80.27,A,f
c6d9e7e8-9b8b-3b84-b090-4643bf5b970a,44a7dc56-b8e6-4972-8bf9-499074aa5ab6,5ceb5573-0231-5d70-848b-193fcfdb644c,2026-27,2,15.86,16.08,18.27,29.46,79.67,B+,f
7c5a751f-0f88-6dd6-456e-7bfa8cdd872a,deb6a728-497e-4877-a2b7-ded660d752c7,29f10515-0a52-55f4-896b-fa882e11e38e,2026-27,6,16.51,17.95,17.46,34.2,86.12,A,f
6e5541c5-43f3-4c2e-7420-14c62aaa06f7,deb6a728-497e-4877-a2b7-ded660d752c7,2bc3bd90-0760-5d47-9467-5a5992c412e5,2026-27,6,18.01,15.65,17.96,32.7,84.32,A,f
cf793a26-99c3-ce95-3b54-988c74edef19,deb6a728-497e-4877-a2b7-ded660d752c7,d9518e1b-06ba-5f43-b6b9-67d017eaae5d,2026-27,6,16.41,15.25,15.96,34.5,82.12,A,f
f647a99f-9d32-e74a-ef66-8bf6c5425053,deb6a728-497e-4877-a2b7-ded660d752c7,005078bd-c539-5c44-a631-7e7dd9fb778c,2026-27,6,16.91,17.55,15.86,35.1,85.42,A,f
84c5d1f3-8f69-f01e-1d0f-d37ae83a422c,deb6a728-497e-4877-a2b7-ded660d752c7,539f9c66-84f9-5b19-943a-cb15d62bbc33,2026-27,6,16.41,18.55,17.86,34.9,87.72,A,f
63776430-8fda-8804-74a0-c0d3f44131f1,3b50e299-3d7d-4930-b4cf-92592a695386,29f10515-0a52-55f4-896b-fa882e11e38e,2026-27,6,16.23,16.79,18.32,34.62,85.96,A,f
f31a52c6-2539-3a86-572c-2573a22466f1,3b50e299-3d7d-4930-b4cf-92592a695386,2bc3bd90-0760-5d47-9467-5a5992c412e5,2026-27,6,16.53,16.89,17.32,34.72,85.46,A,f
b0b9680f-2b06-3595-3285-005204adf788,3b50e299-3d7d-4930-b4cf-92592a695386,d9518e1b-06ba-5f43-b6b9-67d017eaae5d,2026-27,6,18.23,16.29,17.82,35.12,87.46,A,f
54f72cf1-3505-04ce-f1d0-d687f89629ef,3b50e299-3d7d-4930-b4cf-92592a695386,005078bd-c539-5c44-a631-7e7dd9fb778c,2026-27,6,18.83,18.09,17.72,33.22,87.86,A,f
fc4e0723-b711-42e4-fd5e-6bfdff4bed7a,3b50e299-3d7d-4930-b4cf-92592a695386,539f9c66-84f9-5b19-943a-cb15d62bbc33,2026-27,6,18.53,16.59,18.62,36.12,89.86,A,f
d0551a61-fa60-b1ba-68b1-2bc93089b32c,f66bf926-f023-47e5-be8f-6af1b1b20a83,f8b6ad01-594d-5e52-b325-ed9eb13211e1,2026-27,2,17.74,18.19,19.43,35.96,91.32,A+,f
267c8684-8ab8-1f22-0f10-77459c4246c5,f66bf926-f023-47e5-be8f-6af1b1b20a83,f27d152a-f613-51a3-aea8-0506e5d24c3a,2026-27,2,17.74,17.69,18.43,34.66,88.52,A,f
d3368972-575e-01b9-f9e0-5dcd3023fa17,f66bf926-f023-47e5-be8f-6af1b1b20a83,5297007a-130e-5341-af7a-4e9027c2dadf,2026-27,2,18.44,17.29,18.53,36.86,91.12,A+,f
dea21c66-1d26-3a59-5495-5b22ff55054b,f66bf926-f023-47e5-be8f-6af1b1b20a83,c8e42f25-4acd-5f8b-8bce-f0cab27cc71f,2026-27,2,18.24,18.69,17.73,37.36,92.02,A+,f
7aba7536-6b4d-e290-6ad0-b04d39ba8c0d,f66bf926-f023-47e5-be8f-6af1b1b20a83,5ceb5573-0231-5d70-848b-193fcfdb644c,2026-27,2,18.44,19.49,18.73,36.06,92.72,A+,f
1ad6589e-152b-7001-2bda-ab90879af59a,95438846-c71f-45a5-9cb4-bb54a1942ca0,f8b6ad01-594d-5e52-b325-ed9eb13211e1,2026-27,2,18.38,16.53,17.56,32.38,84.85,A,f
595cd281-f49f-8d57-79f2-334e8e1da308,95438846-c71f-45a5-9cb4-bb54a1942ca0,f27d152a-f613-51a3-aea8-0506e5d24c3a,2026-27,2,16.78,16.23,16.46,35.98,85.45,A,f
3054e53a-085a-ef78-2024-ca1f56bb5d1d,95438846-c71f-45a5-9cb4-bb54a1942ca0,5297007a-130e-5341-af7a-4e9027c2dadf,2026-27,2,16.78,17.43,17.86,32.88,84.95,A,f
fe77e3fc-1590-ff5e-8e4f-d494bfb8157e,95438846-c71f-45a5-9cb4-bb54a1942ca0,c8e42f25-4acd-5f8b-8bce-f0cab27cc71f,2026-27,2,16.58,18.83,18.26,33.38,87.05,A,f
349f82da-66fe-2754-5aa4-559b34563d94,95438846-c71f-45a5-9cb4-bb54a1942ca0,5ceb5573-0231-5d70-848b-193fcfdb644c,2026-27,2,17.88,15.93,17.86,36.48,88.15,A,f
183437f7-3b49-a903-5c6a-768696d2dfb8,7b77acd6-1d98-4ea0-bab4-057c8cf1d6c2,29f10515-0a52-55f4-896b-fa882e11e38e,2026-27,6,17.98,18.35,17.6,38.63,92.56,A+,f
86f81539-c05e-ae77-a26f-0ec85b382b40,7b77acd6-1d98-4ea0-bab4-057c8cf1d6c2,2bc3bd90-0760-5d47-9467-5a5992c412e5,2026-27,6,18.58,18.65,18.3,34.33,89.86,A,f
3e653c39-263d-804b-9f5a-fa614e4db088,7b77acd6-1d98-4ea0-bab4-057c8cf1d6c2,d9518e1b-06ba-5f43-b6b9-67d017eaae5d,2026-27,6,18.38,16.75,19.7,33.43,88.26,A,f
67c55d9d-f8ee-7652-b9e0-01f686bed6bf,7b77acd6-1d98-4ea0-bab4-057c8cf1d6c2,005078bd-c539-5c44-a631-7e7dd9fb778c,2026-27,6,17.08,16.95,19.3,33.33,86.66,A,f
89b2f2ab-c444-d4fb-7a14-c12a5f09ef6e,7b77acd6-1d98-4ea0-bab4-057c8cf1d6c2,539f9c66-84f9-5b19-943a-cb15d62bbc33,2026-27,6,16.68,16.45,19.5,34.53,87.16,A,f
05fb1d9d-d196-4c01-e3c0-2aaec2de8d50,7009dd67-2d82-4309-871c-9ee5d5471bba,29f10515-0a52-55f4-896b-fa882e11e38e,2026-27,6,16.42,15.44,17.43,32.39,81.68,A,f
e9925750-5d8a-9c00-fe13-0d39a34fca53,7009dd67-2d82-4309-871c-9ee5d5471bba,2bc3bd90-0760-5d47-9467-5a5992c412e5,2026-27,6,17.32,14.84,18.23,34.09,84.48,A,f
9a35003a-c528-7fd1-79c3-85a12a097a7e,7009dd67-2d82-4309-871c-9ee5d5471bba,d9518e1b-06ba-5f43-b6b9-67d017eaae5d,2026-27,6,17.82,16.24,18.13,29.89,82.08,A,f
2e253b8d-4ae7-4ba1-4e53-fb46dd48da3e,7009dd67-2d82-4309-871c-9ee5d5471bba,005078bd-c539-5c44-a631-7e7dd9fb778c,2026-27,6,17.02,17.44,16.83,29.69,80.98,A,f
a749a3ea-1b49-a6e6-3e83-e111ed2b63ed,7009dd67-2d82-4309-871c-9ee5d5471bba,539f9c66-84f9-5b19-943a-cb15d62bbc33,2026-27,6,16.32,16.74,17.83,32.89,83.78,A,f
e242218a-5da5-921e-ca6e-21e1cb716204,eb7d525d-e602-43a2-a132-5005c5eee06f,29f10515-0a52-55f4-896b-fa882e11e38e,2026-27,6,17.19,13.9,17.67,33.78,82.54,A,f
56503851-13b0-180e-6482-c393a530198b,eb7d525d-e602-43a2-a132-5005c5eee06f,2bc3bd90-0760-5d47-9467-5a5992c412e5,2026-27,6,16.29,14.5,16.57,29.08,76.44,B+,f
4411c3b6-fe8a-54f7-d73b-39b043482737,eb7d525d-e602-43a2-a132-5005c5eee06f,d9518e1b-06ba-5f43-b6b9-67d017eaae5d,2026-27,6,14.89,15.6,15.07,33.88,79.44,B+,f
e3743d1e-0f4d-3272-dd91-540dc93a1164,eb7d525d-e602-43a2-a132-5005c5eee06f,005078bd-c539-5c44-a631-7e7dd9fb778c,2026-27,6,15.19,14.1,16.77,29.78,75.84,B+,f
e9f25996-4569-d825-1f4c-8ff645e15437,eb7d525d-e602-43a2-a132-5005c5eee06f,539f9c66-84f9-5b19-943a-cb15d62bbc33,2026-27,6,15.69,13.8,17.67,31.78,78.94,B+,f
37d2e3e9-cfdc-65e7-5347-87ebb62a2fd6,47bb0d63-3ea6-44f6-bd2f-27e62f89df7e,f8b6ad01-594d-5e52-b325-ed9eb13211e1,2026-27,2,18.11,18.18,17.85,38.27,92.41,A+,f
7eba99b2-f109-ae0e-1c25-410b5b6271af,47bb0d63-3ea6-44f6-bd2f-27e62f89df7e,f27d152a-f613-51a3-aea8-0506e5d24c3a,2026-27,2,17.51,18.78,20.0,38.27,94.56,A+,f
2ce8715e-7feb-cede-4755-b7e0a383b831,47bb0d63-3ea6-44f6-bd2f-27e62f89df7e,5297007a-130e-5341-af7a-4e9027c2dadf,2026-27,2,19.01,17.98,18.35,38.07,93.41,A+,f
b4c1663a-5c88-7230-0e5d-7f7e1511f853,47bb0d63-3ea6-44f6-bd2f-27e62f89df7e,c8e42f25-4acd-5f8b-8bce-f0cab27cc71f,2026-27,2,19.51,18.08,18.55,35.27,91.41,A+,f
a5253a90-f872-6e1a-89a0-2ab15616d415,47bb0d63-3ea6-44f6-bd2f-27e62f89df7e,5ceb5573-0231-5d70-848b-193fcfdb644c,2026-27,2,18.81,16.98,17.65,37.47,90.91,A+,f
e63bc221-daaa-4281-9e7d-768d6257ae35,8814767c-b94f-4d1a-9e55-0c22a2e226e6,730c5632-33dc-5e69-a798-6135043a47aa,2026-27,4,17.89,18.02,17.92,35.3,89.13,A,f
06425f5a-1bb7-521f-2c90-ee1e921ce5ba,8814767c-b94f-4d1a-9e55-0c22a2e226e6,21e87180-7538-5689-922d-8889674702ed,2026-27,4,17.09,14.82,16.62,30.4,78.93,B+,f
900253c5-b809-9b3d-399e-4358896ce951,8814767c-b94f-4d1a-9e55-0c22a2e226e6,a71f945b-22bf-5921-85a0-cb1acd7cb2e6,2026-27,4,16.29,17.52,17.62,32.9,84.33,A,f
7c1f9fba-6430-6eb1-fa57-5858466938b4,8814767c-b94f-4d1a-9e55-0c22a2e226e6,859db046-894d-53cc-8cb4-3643d0c7f1fe,2026-27,4,16.79,14.52,15.82,35.4,82.53,A,f
62dfbf56-5e76-7ceb-2116-80bdb47221a3,8814767c-b94f-4d1a-9e55-0c22a2e226e6,40d412e8-fc3b-5972-8ff2-90b35de8a2d3,2026-27,4,16.89,14.82,17.12,35.5,84.33,A,f
14679ea1-adf0-6961-8bb2-1a6590c667f4,46f45d39-8968-42e4-97e4-490dbdf2178d,c697ab81-ffed-5fa6-9b51-be0954571d20,2026-27,1,15.85,17.68,17.26,29.34,80.13,A,f
aa6d7227-fcc6-8844-7fac-f2ac78a8a739,46f45d39-8968-42e4-97e4-490dbdf2178d,cc6bfe47-d156-5f3c-a0a6-64be53ff1202,2026-27,1,15.95,17.68,18.26,30.94,82.83,A,f
3ea2d695-7f91-f646-a557-b7c0150f19f7,46f45d39-8968-42e4-97e4-490dbdf2178d,945cbb28-3a50-5ed1-8e70-c416ee3f92f0,2026-27,1,15.15,16.78,17.26,34.44,83.63,A,f
af43f48a-3615-f609-25ea-ea36ee2dada3,46f45d39-8968-42e4-97e4-490dbdf2178d,325f5f11-db40-5f00-816d-d66357e36c70,2026-27,1,17.15,17.48,15.36,29.14,79.13,B+,f
a07e7c64-f079-29a3-4cac-00d5ffbd1ae5,46f45d39-8968-42e4-97e4-490dbdf2178d,817d9a6f-e405-58f8-991b-373c31bd4e25,2026-27,1,17.35,16.58,18.06,30.44,82.43,A,f
2e2ed459-06c4-e16d-37a9-1ad3a4e52182,3e642d9f-9c9a-4dff-863d-35145e3720cd,29f10515-0a52-55f4-896b-fa882e11e38e,2026-27,6,18.69,18.94,18.67,35.98,92.28,A+,f
e08860d8-fa6c-df4b-0a53-4397aa83a787,3e642d9f-9c9a-4dff-863d-35145e3720cd,2bc3bd90-0760-5d47-9467-5a5992c412e5,2026-27,6,17.59,17.84,19.17,31.88,86.48,A,f
7cd90c18-333b-2c6e-3c07-49b92799d5af,3e642d9f-9c9a-4dff-863d-35145e3720cd,d9518e1b-06ba-5f43-b6b9-67d017eaae5d,2026-27,6,16.99,19.04,17.67,31.68,85.38,A,f
b334007b-847f-1711-6f61-4bf0f451f8e6,3e642d9f-9c9a-4dff-863d-35145e3720cd,005078bd-c539-5c44-a631-7e7dd9fb778c,2026-27,6,18.19,18.44,18.67,34.18,89.48,A,f
d50a151b-3b07-79e8-8208-86d186cc37b6,3e642d9f-9c9a-4dff-863d-35145e3720cd,539f9c66-84f9-5b19-943a-cb15d62bbc33,2026-27,6,16.89,16.54,18.97,36.18,88.58,A,f
7f4e734a-6739-e645-5d49-3b6870451c68,0ac4a5d8-ced1-42e6-889b-61b7901fda17,730c5632-33dc-5e69-a798-6135043a47aa,2026-27,4,18.81,17.26,19.18,34.52,89.77,A,f
788fa279-954f-5974-c023-2a5bf4e398d7,0ac4a5d8-ced1-42e6-889b-61b7901fda17,21e87180-7538-5689-922d-8889674702ed,2026-27,4,17.81,16.06,18.48,34.32,86.67,A,f
9a516a65-3563-19c1-7a85-a35215998572,0ac4a5d8-ced1-42e6-889b-61b7901fda17,a71f945b-22bf-5921-85a0-cb1acd7cb2e6,2026-27,4,18.51,15.46,17.58,34.22,85.77,A,f
94246a1a-e99d-a3cf-dae7-0b8b63632e22,0ac4a5d8-ced1-42e6-889b-61b7901fda17,859db046-894d-53cc-8cb4-3643d0c7f1fe,2026-27,4,16.61,18.36,18.28,35.32,88.57,A,f
0001740e-d310-7f92-d6f5-a68cbec6b1cd,0ac4a5d8-ced1-42e6-889b-61b7901fda17,40d412e8-fc3b-5972-8ff2-90b35de8a2d3,2026-27,4,17.41,18.96,16.38,35.72,88.47,A,f
bcc93c8e-a0a5-fc94-7b6f-9a6015ee4f83,2e8d9e93-4c1c-45ba-a0ba-1c4c3a9c8419,f8b6ad01-594d-5e52-b325-ed9eb13211e1,2026-27,2,17.63,16.47,18.69,36.49,89.28,A,f
75a0adb9-4944-9e02-d86f-9a0cdf49cb72,2e8d9e93-4c1c-45ba-a0ba-1c4c3a9c8419,f27d152a-f613-51a3-aea8-0506e5d24c3a,2026-27,2,16.73,17.77,16.49,34.79,85.78,A,f
80a8074b-8715-8c07-62e1-87dc130f8ae7,2e8d9e93-4c1c-45ba-a0ba-1c4c3a9c8419,5297007a-130e-5341-af7a-4e9027c2dadf,2026-27,2,16.33,18.07,16.29,35.49,86.18,A,f
485e38c8-4d04-b6e6-6756-b9679893c89f,2e8d9e93-4c1c-45ba-a0ba-1c4c3a9c8419,c8e42f25-4acd-5f8b-8bce-f0cab27cc71f,2026-27,2,17.93,16.97,17.19,36.49,88.58,A,f
e61ec58c-6078-01b6-655a-957e06c0477b,2e8d9e93-4c1c-45ba-a0ba-1c4c3a9c8419,5ceb5573-0231-5d70-848b-193fcfdb644c,2026-27,2,18.63,15.67,16.49,31.69,82.48,A,f
d5ab2923-1dc9-aa88-22b7-a8ddcc88f606,ea142c35-3cec-4625-b65a-5b6aa4a7a9cb,29f10515-0a52-55f4-896b-fa882e11e38e,2026-27,6,15.23,14.74,16.71,29.67,76.35,B+,f
7b610357-59b4-ec9b-58e9-6028a93bb64c,ea142c35-3cec-4625-b65a-5b6aa4a7a9cb,2bc3bd90-0760-5d47-9467-5a5992c412e5,2026-27,6,16.53,16.54,14.71,28.27,76.05,B+,f
5225b797-0d43-5e8d-26a8-a92c32df4df5,ea142c35-3cec-4625-b65a-5b6aa4a7a9cb,d9518e1b-06ba-5f43-b6b9-67d017eaae5d,2026-27,6,16.73,16.94,14.81,33.77,82.25,A,f
b7c8cfa5-0909-4723-2d72-13118c8d66bb,ea142c35-3cec-4625-b65a-5b6aa4a7a9cb,005078bd-c539-5c44-a631-7e7dd9fb778c,2026-27,6,16.73,15.74,16.61,29.97,79.05,B+,f
505730bf-57ff-a8eb-b908-b059db95542b,ea142c35-3cec-4625-b65a-5b6aa4a7a9cb,539f9c66-84f9-5b19-943a-cb15d62bbc33,2026-27,6,15.03,14.94,15.51,28.37,73.85,B+,f
b6c186a2-b581-e12d-b405-ede5c7f31a1b,c2572c78-b004-4558-ad44-e3da0b944e15,29f10515-0a52-55f4-896b-fa882e11e38e,2026-27,6,20.0,19.99,19.46,35.82,95.27,A+,f
64665d78-4dbc-3e9c-cad2-ffeb56ce2cc4,c2572c78-b004-4558-ad44-e3da0b944e15,2bc3bd90-0760-5d47-9467-5a5992c412e5,2026-27,6,18.41,19.49,18.16,36.72,92.78,A+,f
392376a8-2ba9-f3f4-cb6f-2fb763d0b817,c2572c78-b004-4558-ad44-e3da0b944e15,d9518e1b-06ba-5f43-b6b9-67d017eaae5d,2026-27,6,18.41,20.0,19.36,38.22,95.99,A+,f
44bf77df-a57f-083c-eed2-5c68c925490c,c2572c78-b004-4558-ad44-e3da0b944e15,005078bd-c539-5c44-a631-7e7dd9fb778c,2026-27,6,18.31,16.49,19.36,34.32,88.48,A,f
9f007518-2b46-b90a-cc74-e424701428cd,c2572c78-b004-4558-ad44-e3da0b944e15,539f9c66-84f9-5b19-943a-cb15d62bbc33,2026-27,6,19.21,20.0,19.16,37.42,95.79,A+,f
7cc6ac48-07dd-c033-6a6f-582289d88d4c,c40becf1-91bf-4a2a-b34c-3d8bc29c80bb,f8b6ad01-594d-5e52-b325-ed9eb13211e1,2026-27,2,16.33,14.45,17.72,34.02,82.52,A,f
449e6ff8-a8d6-a381-6fef-77f7e8fa9fbc,c40becf1-91bf-4a2a-b34c-3d8bc29c80bb,f27d152a-f613-51a3-aea8-0506e5d24c3a,2026-27,2,16.53,17.45,15.12,33.22,82.32,A,f
9186dc7c-f57f-1f9d-4df9-ac600c462659,c40becf1-91bf-4a2a-b34c-3d8bc29c80bb,5297007a-130e-5341-af7a-4e9027c2dadf,2026-27,2,17.43,14.05,16.42,34.02,81.92,A,f
11894bc0-912a-23cb-4653-3f9cb14880c4,c40becf1-91bf-4a2a-b34c-3d8bc29c80bb,c8e42f25-4acd-5f8b-8bce-f0cab27cc71f,2026-27,2,15.73,15.05,15.22,29.02,75.02,B+,f
d91c770f-f95e-8c58-2f09-573e9f1901e5,c40becf1-91bf-4a2a-b34c-3d8bc29c80bb,5ceb5573-0231-5d70-848b-193fcfdb644c,2026-27,2,14.63,15.35,15.82,32.12,77.92,B+,f
2b010a8e-2332-6d67-8a7d-b4e1f3fc467e,3c239fd4-5183-449c-afb8-e91214941486,f8b6ad01-594d-5e52-b325-ed9eb13211e1,2026-27,2,17.74,17.38,16.68,35.84,87.64,A,f
011efad8-a035-649b-8465-5e873fee0426,3c239fd4-5183-449c-afb8-e91214941486,f27d152a-f613-51a3-aea8-0506e5d24c3a,2026-27,2,15.74,16.48,18.38,34.84,85.44,A,f
0f6831db-6f04-c34c-3f39-e21aad30b3b3,3c239fd4-5183-449c-afb8-e91214941486,5297007a-130e-5341-af7a-4e9027c2dadf,2026-27,2,16.74,18.38,16.48,35.04,86.64,A,f
2e599ad3-3987-d4ab-bcb9-3c1cd3de4fc2,3c239fd4-5183-449c-afb8-e91214941486,c8e42f25-4acd-5f8b-8bce-f0cab27cc71f,2026-27,2,17.44,15.48,18.08,35.14,86.14,A,f
54e5078a-42a2-11e4-7f89-d916faac352c,3c239fd4-5183-449c-afb8-e91214941486,5ceb5573-0231-5d70-848b-193fcfdb644c,2026-27,2,18.34,17.48,15.98,33.74,85.54,A,f
f44c3e40-5acc-a1d2-244f-7cec43ee2346,e48e6ce2-dd6c-4fe7-91a5-eba6b6bd31f7,29f10515-0a52-55f4-896b-fa882e11e38e,2026-27,6,15.24,13.95,14.92,28.61,72.72,B+,f
7a323b60-8e52-f5e8-0742-9cdc22c7a347,e48e6ce2-dd6c-4fe7-91a5-eba6b6bd31f7,2bc3bd90-0760-5d47-9467-5a5992c412e5,2026-27,6,15.04,14.75,17.32,28.51,75.62,B+,f
555bf34b-eecb-b7b7-9bb5-10ec81419c67,e48e6ce2-dd6c-4fe7-91a5-eba6b6bd31f7,d9518e1b-06ba-5f43-b6b9-67d017eaae5d,2026-27,6,17.44,14.85,16.92,33.81,83.02,A,f
800bff24-cba5-3e67-e2bc-4f971d86f418,e48e6ce2-dd6c-4fe7-91a5-eba6b6bd31f7,005078bd-c539-5c44-a631-7e7dd9fb778c,2026-27,6,14.54,15.45,15.52,28.71,74.22,B+,f
e26e13ac-d8cc-4005-3133-a316f6f0419d,e48e6ce2-dd6c-4fe7-91a5-eba6b6bd31f7,539f9c66-84f9-5b19-943a-cb15d62bbc33,2026-27,6,15.44,16.15,15.22,30.31,77.12,B+,f
0421cd6f-5dfe-e600-8e06-5c31ba5c6c86,36f2379d-78de-4d65-877a-2b58d3bd9f74,730c5632-33dc-5e69-a798-6135043a47aa,2026-27,4,16.13,15.95,17.13,33.57,82.78,A,f
0cc472b7-ce28-d15d-a085-4de45e69e443,36f2379d-78de-4d65-877a-2b58d3bd9f74,21e87180-7538-5689-922d-8889674702ed,2026-27,4,16.63,15.75,16.33,29.27,77.98,B+,f
303f128a-8a1a-2594-c1ed-59a2acea8b41,36f2379d-78de-4d65-877a-2b58d3bd9f74,a71f945b-22bf-5921-85a0-cb1acd7cb2e6,2026-27,4,15.53,15.05,15.13,28.87,74.58,B+,f
84ea2a56-2f99-508f-313e-6eae83fb7cb4,36f2379d-78de-4d65-877a-2b58d3bd9f74,859db046-894d-53cc-8cb4-3643d0c7f1fe,2026-27,4,16.63,17.55,17.73,33.57,85.48,A,f
a8989e36-7c91-89cd-6f03-053c27ecbb04,36f2379d-78de-4d65-877a-2b58d3bd9f74,40d412e8-fc3b-5972-8ff2-90b35de8a2d3,2026-27,4,16.73,15.55,16.93,30.87,80.08,A,f
4afbe878-3e4c-21f9-72fa-0e59a709f47b,34fc5131-35f5-473f-8560-d0b7f26793cc,730c5632-33dc-5e69-a798-6135043a47aa,2026-27,4,17.98,16.21,16.91,32.0,83.1,A,f
a7f1595e-61cc-9871-ff63-d1cb2e8fc0fe,34fc5131-35f5-473f-8560-d0b7f26793cc,21e87180-7538-5689-922d-8889674702ed,2026-27,4,16.78,15.01,17.61,33.4,82.8,A,f
05847f4a-3a5c-8d53-cb8d-26191b610f36,34fc5131-35f5-473f-8560-d0b7f26793cc,a71f945b-22bf-5921-85a0-cb1acd7cb2e6,2026-27,4,15.98,14.91,16.51,31.1,78.5,B+,f
d2fad0d7-2bc0-f478-7f8d-e94617f63822,34fc5131-35f5-473f-8560-d0b7f26793cc,859db046-894d-53cc-8cb4-3643d0c7f1fe,2026-27,4,16.98,16.61,18.01,34.4,86.0,A,f
db5c6557-5000-882a-c99b-91e2b89b64c6,34fc5131-35f5-473f-8560-d0b7f26793cc,40d412e8-fc3b-5972-8ff2-90b35de8a2d3,2026-27,4,16.98,16.01,18.31,33.8,85.1,A,f
c253836a-b4a4-488d-2a44-cd39304fc380,00945885-749b-4ef7-9f59-3864e5dfa358,29f10515-0a52-55f4-896b-fa882e11e38e,2026-27,6,14.43,15.32,14.66,31.69,76.1,B+,f
ebd9655b-2092-e71e-728d-9df1d61a3c93,00945885-749b-4ef7-9f59-3864e5dfa358,2bc3bd90-0760-5d47-9467-5a5992c412e5,2026-27,6,14.53,15.22,15.06,31.19,76.0,B+,f
a46f31d6-11c8-3cc8-9b5e-472421f49388,00945885-749b-4ef7-9f59-3864e5dfa358,d9518e1b-06ba-5f43-b6b9-67d017eaae5d,2026-27,6,16.23,14.02,14.06,26.69,71.0,B+,f
60d779d9-3055-32d2-49bd-c0b8d90c18cb,00945885-749b-4ef7-9f59-3864e5dfa358,005078bd-c539-5c44-a631-7e7dd9fb778c,2026-27,6,15.73,13.72,13.96,27.99,71.4,B+,f
9dc8b092-595c-8d0b-7880-b3f0d90ca8d3,00945885-749b-4ef7-9f59-3864e5dfa358,539f9c66-84f9-5b19-943a-cb15d62bbc33,2026-27,6,16.43,15.92,14.96,27.39,74.7,B+,f
81804b15-0154-62bb-0369-372695021247,b14da601-b100-4c3b-abb3-88ca6578c883,c697ab81-ffed-5fa6-9b51-be0954571d20,2026-27,1,15.97,16.32,17.84,34.21,84.34,A,f
4e6c4c4a-f5eb-cc35-138a-56adf5c5f7a5,b14da601-b100-4c3b-abb3-88ca6578c883,cc6bfe47-d156-5f3c-a0a6-64be53ff1202,2026-27,1,18.47,18.92,17.94,31.21,86.54,A,f
7b4ac3e1-0fe9-bf35-f37a-3d321cc202a5,b14da601-b100-4c3b-abb3-88ca6578c883,945cbb28-3a50-5ed1-8e70-c416ee3f92f0,2026-27,1,17.87,15.22,18.44,34.11,85.64,A,f
a3659547-42f1-9426-f87e-f7b318b60aab,b14da601-b100-4c3b-abb3-88ca6578c883,325f5f11-db40-5f00-816d-d66357e36c70,2026-27,1,18.17,18.02,17.54,32.81,86.54,A,f
6c52b238-408f-1548-db40-e14d698364e2,b14da601-b100-4c3b-abb3-88ca6578c883,817d9a6f-e405-58f8-991b-373c31bd4e25,2026-27,1,16.97,15.12,17.34,33.31,82.74,A,f
407be803-981d-cf5f-66a3-5a7e9f192aaa,4e16dbc8-f308-4494-b3db-04cd805caecd,730c5632-33dc-5e69-a798-6135043a47aa,2026-27,4,17.35,17.09,16.49,31.34,82.27,A,f
79725d76-7e68-a564-a555-052bea05e292,4e16dbc8-f308-4494-b3db-04cd805caecd,21e87180-7538-5689-922d-8889674702ed,2026-27,4,15.45,17.49,17.99,33.04,83.97,A,f
b1975ef5-4e60-cc73-b065-683aa6cc6c14,4e16dbc8-f308-4494-b3db-04cd805caecd,a71f945b-22bf-5921-85a0-cb1acd7cb2e6,2026-27,4,16.85,16.09,17.19,35.14,85.27,A,f
432dee4f-3cc3-b162-6fce-98b4d3bc3238,4e16dbc8-f308-4494-b3db-04cd805caecd,859db046-894d-53cc-8cb4-3643d0c7f1fe,2026-27,4,16.85,15.39,17.79,31.24,81.27,A,f
e9a94139-078f-26b4-8f26-ee9754895800,4e16dbc8-f308-4494-b3db-04cd805caecd,40d412e8-fc3b-5972-8ff2-90b35de8a2d3,2026-27,4,17.45,15.19,18.09,32.94,83.67,A,f
d5c228bf-f53d-4e8a-1221-3b7e78ca67e5,b27d73b4-51cd-4351-a905-5c77030c7cf4,730c5632-33dc-5e69-a798-6135043a47aa,2026-27,4,17.39,16.16,18.4,35.13,87.08,A,f
91da2106-d391-8aa2-baec-71b15524dc94,b27d73b4-51cd-4351-a905-5c77030c7cf4,21e87180-7538-5689-922d-8889674702ed,2026-27,4,16.89,16.36,17.7,38.23,89.18,A,f
d4c3e79c-7dbd-03d2-deb5-1571b7033da1,b27d73b4-51cd-4351-a905-5c77030c7cf4,a71f945b-22bf-5921-85a0-cb1acd7cb2e6,2026-27,4,17.29,19.06,19.0,37.23,92.58,A+,f
5c71feff-0edc-7a62-913f-008e8f7a19e6,b27d73b4-51cd-4351-a905-5c77030c7cf4,859db046-894d-53cc-8cb4-3643d0c7f1fe,2026-27,4,17.29,16.26,17.9,37.23,88.68,A,f
a0c22c21-0a38-7eeb-4b7a-cb61775a88fa,b27d73b4-51cd-4351-a905-5c77030c7cf4,40d412e8-fc3b-5972-8ff2-90b35de8a2d3,2026-27,4,17.09,18.06,17.6,37.83,90.58,A+,f
8512b377-0d2b-222d-4293-d4558a984323,399c79d2-27a8-4ef3-b025-98cb1f0d5f46,730c5632-33dc-5e69-a798-6135043a47aa,2026-27,4,17.18,18.53,17.35,34.71,87.77,A,f
ec374bcf-0ad2-5702-ff9c-d527bbc08810,399c79d2-27a8-4ef3-b025-98cb1f0d5f46,21e87180-7538-5689-922d-8889674702ed,2026-27,4,18.48,16.13,16.95,36.41,87.97,A,f
821f22b5-cb77-e722-e04b-bda5f56c73ad,399c79d2-27a8-4ef3-b025-98cb1f0d5f46,a71f945b-22bf-5921-85a0-cb1acd7cb2e6,2026-27,4,17.18,16.43,16.65,33.91,84.17,A,f
773b1bb4-76a4-211d-7fb0-f7b06101da20,399c79d2-27a8-4ef3-b025-98cb1f0d5f46,859db046-894d-53cc-8cb4-3643d0c7f1fe,2026-27,4,15.98,16.53,16.85,32.11,81.47,A,f
fcd5530c-afbf-1ea0-acc6-bec510875590,399c79d2-27a8-4ef3-b025-98cb1f0d5f46,40d412e8-fc3b-5972-8ff2-90b35de8a2d3,2026-27,4,18.18,16.43,18.55,31.01,84.17,A,f
84802450-6fa5-4e08-778b-3419da0a964e,464c0683-e527-4474-809b-89efae9a1ac7,c697ab81-ffed-5fa6-9b51-be0954571d20,2026-27,1,18.09,18.36,20.0,35.75,92.2,A+,f
ff386cfe-7ec6-e040-bb7a-06a98fdb1d4f,464c0683-e527-4474-809b-89efae9a1ac7,cc6bfe47-d156-5f3c-a0a6-64be53ff1202,2026-27,1,16.99,17.26,20.0,36.65,90.9,A+,f
69daddca-44ad-f374-c6d3-80a7ecd001cf,464c0683-e527-4474-809b-89efae9a1ac7,945cbb28-3a50-5ed1-8e70-c416ee3f92f0,2026-27,1,18.89,19.16,18.81,33.65,90.51,A+,f
b84a4a58-132b-6a58-fb2e-a9d0a6e1d981,464c0683-e527-4474-809b-89efae9a1ac7,325f5f11-db40-5f00-816d-d66357e36c70,2026-27,1,17.29,19.26,19.41,38.95,94.91,A+,f
1dbf2edc-7950-7d72-c01f-12ad9dfc618c,464c0683-e527-4474-809b-89efae9a1ac7,817d9a6f-e405-58f8-991b-373c31bd4e25,2026-27,1,19.29,19.76,17.41,35.05,91.51,A+,f
3b1e8f91-0559-0828-dab2-e2468eb1b964,a7742edd-c54b-4c83-9d2c-014bae4b5961,29f10515-0a52-55f4-896b-fa882e11e38e,2026-27,6,17.78,15.7,16.69,34.28,84.45,A,f
1237ecae-ef28-55ba-e2cc-f9cd1b6ea812,a7742edd-c54b-4c83-9d2c-014bae4b5961,2bc3bd90-0760-5d47-9467-5a5992c412e5,2026-27,6,17.58,17.2,18.09,31.68,84.55,A,f
5e1d1c38-d264-cd28-6236-864c36053880,a7742edd-c54b-4c83-9d2c-014bae4b5961,d9518e1b-06ba-5f43-b6b9-67d017eaae5d,2026-27,6,16.48,17.3,17.19,30.38,81.35,A,f
7c094a7b-8aaf-b6d9-7d10-fce493b67f83,a7742edd-c54b-4c83-9d2c-014bae4b5961,005078bd-c539-5c44-a631-7e7dd9fb778c,2026-27,6,16.58,15.5,15.39,28.98,76.45,B+,f
fec1e58e-f395-6791-6c92-2c364eb31d20,a7742edd-c54b-4c83-9d2c-014bae4b5961,539f9c66-84f9-5b19-943a-cb15d62bbc33,2026-27,6,15.08,16.3,17.69,32.58,81.65,A,f
31cd1e05-8e8f-26d9-9de6-ab838e1275e7,66706043-191b-4978-bcee-88fc3847c5eb,29f10515-0a52-55f4-896b-fa882e11e38e,2026-27,6,17.8,18.66,17.0,33.38,86.84,A,f
8966057c-66c2-50a8-9185-710c8fe66335,66706043-191b-4978-bcee-88fc3847c5eb,2bc3bd90-0760-5d47-9467-5a5992c412e5,2026-27,6,18.1,17.26,17.0,32.38,84.74,A,f
94797387-7738-8b5f-40ca-057f298c510b,66706043-191b-4978-bcee-88fc3847c5eb,d9518e1b-06ba-5f43-b6b9-67d017eaae5d,2026-27,6,17.8,18.86,19.3,37.48,93.44,A+,f
d76f17a6-726d-d5d0-c22b-7f432805d342,66706043-191b-4978-bcee-88fc3847c5eb,005078bd-c539-5c44-a631-7e7dd9fb778c,2026-27,6,16.8,16.86,19.2,38.08,90.94,A+,f
0b3c051a-f4a0-aa7b-2ff0-be87cbadb403,66706043-191b-4978-bcee-88fc3847c5eb,539f9c66-84f9-5b19-943a-cb15d62bbc33,2026-27,6,17.4,17.66,19.7,36.28,91.04,A+,f
43bca104-2736-8c72-7b77-7f89829f7c00,73c2061a-8b3f-4250-8ac4-74a9926b0a9d,730c5632-33dc-5e69-a798-6135043a47aa,2026-27,4,15.78,17.49,16.86,32.8,82.93,A,f
5b174b57-e1ea-c03b-88d1-e41a514a12aa,73c2061a-8b3f-4250-8ac4-74a9926b0a9d,21e87180-7538-5689-922d-8889674702ed,2026-27,4,15.58,14.49,16.66,33.5,80.23,A,f
2b39bd7f-0e17-c7dd-9f42-7ea2d2692044,73c2061a-8b3f-4250-8ac4-74a9926b0a9d,a71f945b-22bf-5921-85a0-cb1acd7cb2e6,2026-27,4,15.78,17.19,15.06,33.5,81.53,A,f
7637c551-eb9c-0958-a6d3-f315106a9e04,73c2061a-8b3f-4250-8ac4-74a9926b0a9d,859db046-894d-53cc-8cb4-3643d0c7f1fe,2026-27,4,14.88,16.89,15.36,29.0,76.13,B+,f
b8d07874-64e4-3650-922a-a323075514a0,73c2061a-8b3f-4250-8ac4-74a9926b0a9d,40d412e8-fc3b-5972-8ff2-90b35de8a2d3,2026-27,4,15.68,17.29,15.06,29.5,77.53,B+,f
579f0306-d6f1-e94f-f359-3d6d4d27cd53,8f5f1032-de5a-43bc-bbaf-18177148dcc6,c697ab81-ffed-5fa6-9b51-be0954571d20,2026-27,1,15.92,16.77,18.59,34.0,85.28,A,f
614a5868-5b1a-563e-34e9-d53018246107,8f5f1032-de5a-43bc-bbaf-18177148dcc6,cc6bfe47-d156-5f3c-a0a6-64be53ff1202,2026-27,1,18.82,16.97,19.09,34.5,89.38,A,f
ae67b84a-eea5-9d77-2807-879e58c79a8b,8f5f1032-de5a-43bc-bbaf-18177148dcc6,945cbb28-3a50-5ed1-8e70-c416ee3f92f0,2026-27,1,18.32,17.57,17.89,34.7,88.48,A,f
c077bc33-2113-dc79-6d59-34e3c4b25256,8f5f1032-de5a-43bc-bbaf-18177148dcc6,325f5f11-db40-5f00-816d-d66357e36c70,2026-27,1,17.32,17.37,16.39,32.4,83.48,A,f
899bc06a-17c6-882f-2eca-f47b7f323a62,8f5f1032-de5a-43bc-bbaf-18177148dcc6,817d9a6f-e405-58f8-991b-373c31bd4e25,2026-27,1,17.52,16.17,18.09,32.1,83.88,A,f
f8fc9279-3efa-194e-df1d-8f47cdd503e1,b40fb687-23f0-48d4-97e7-06ee10eaa637,29f10515-0a52-55f4-896b-fa882e11e38e,2026-27,6,19.98,17.96,19.03,40.0,96.97,A+,f
508f4224-fdb2-1b2d-548e-a17907d861b8,b40fb687-23f0-48d4-97e7-06ee10eaa637,2bc3bd90-0760-5d47-9467-5a5992c412e5,2026-27,6,20.0,17.56,19.73,39.66,96.95,A+,f
743ee244-3cf6-4c1f-38ad-804e8d82e775,b40fb687-23f0-48d4-97e7-06ee10eaa637,d9518e1b-06ba-5f43-b6b9-67d017eaae5d,2026-27,6,17.58,19.26,18.33,37.06,92.23,A+,f
05344a9f-0218-7cb3-5e83-4950196180ba,b40fb687-23f0-48d4-97e7-06ee10eaa637,005078bd-c539-5c44-a631-7e7dd9fb778c,2026-27,6,19.48,16.96,17.93,39.86,94.23,A+,f
7b70dc92-35cb-c325-b4f9-2896f0e85aaf,b40fb687-23f0-48d4-97e7-06ee10eaa637,539f9c66-84f9-5b19-943a-cb15d62bbc33,2026-27,6,17.88,18.26,18.03,38.36,92.53,A+,f
5f40e241-163a-75d0-5bc7-fefcf6b9ade0,4906d0a6-e3be-4f4a-bc15-9c4e3a9339ad,c697ab81-ffed-5fa6-9b51-be0954571d20,2026-27,1,16.15,18.19,17.4,31.71,83.45,A,f
1f7cd869-5c11-159f-b724-d2bbcb3a2b34,4906d0a6-e3be-4f4a-bc15-9c4e3a9339ad,cc6bfe47-d156-5f3c-a0a6-64be53ff1202,2026-27,1,18.25,17.79,16.8,32.31,85.15,A,f
3a32634d-f5a4-0327-2bc5-47f3c5dbf75b,4906d0a6-e3be-4f4a-bc15-9c4e3a9339ad,945cbb28-3a50-5ed1-8e70-c416ee3f92f0,2026-27,1,18.65,18.39,17.9,32.11,87.05,A,f
ea82c68c-b617-f3fa-c0a3-a339528556a9,4906d0a6-e3be-4f4a-bc15-9c4e3a9339ad,325f5f11-db40-5f00-816d-d66357e36c70,2026-27,1,18.25,14.79,16.0,36.11,85.15,A,f
0007a451-806c-17a6-5f7f-20946b41687e,4906d0a6-e3be-4f4a-bc15-9c4e3a9339ad,817d9a6f-e405-58f8-991b-373c31bd4e25,2026-27,1,15.95,17.79,18.7,31.61,84.05,A,f
eec25a9b-5e2a-d2be-a276-494739536a0b,d371b3f7-6b2e-4135-8234-c95a5246b3af,f8b6ad01-594d-5e52-b325-ed9eb13211e1,2026-27,2,17.82,14.76,18.57,34.14,85.29,A,f
e33f9ce6-2b84-f8ac-6d0c-e494dfabde61,d371b3f7-6b2e-4135-8234-c95a5246b3af,f27d152a-f613-51a3-aea8-0506e5d24c3a,2026-27,2,17.32,16.76,16.67,35.44,86.19,A,f
4444b703-d777-6d86-2995-3c9902e0f2d3,d371b3f7-6b2e-4135-8234-c95a5246b3af,5297007a-130e-5341-af7a-4e9027c2dadf,2026-27,2,16.62,18.56,18.57,30.74,84.49,A,f
6fc58bf6-78e6-c15d-bd8a-c142eea5f9c0,d371b3f7-6b2e-4135-8234-c95a5246b3af,c8e42f25-4acd-5f8b-8bce-f0cab27cc71f,2026-27,2,15.82,17.56,18.67,32.64,84.69,A,f
b42252b0-fe15-d5ad-4d9c-0057f142226c,d371b3f7-6b2e-4135-8234-c95a5246b3af,5ceb5573-0231-5d70-848b-193fcfdb644c,2026-27,2,17.22,18.06,16.57,35.74,87.59,A,f
3174a195-6b05-f0e8-2269-3d48af2834b2,320b47e0-c0ed-4b0f-8b1d-50e04b2b3b81,c697ab81-ffed-5fa6-9b51-be0954571d20,2026-27,1,17.52,18.57,18.89,32.6,87.58,A,f
ab602daa-693e-b337-0f11-f32195fb2213,320b47e0-c0ed-4b0f-8b1d-50e04b2b3b81,cc6bfe47-d156-5f3c-a0a6-64be53ff1202,2026-27,1,17.62,15.27,17.99,37.0,87.88,A,f
8dc3b8a9-73ee-ccef-7806-eb2517f96755,320b47e0-c0ed-4b0f-8b1d-50e04b2b3b81,945cbb28-3a50-5ed1-8e70-c416ee3f92f0,2026-27,1,16.92,15.07,18.79,36.4,87.18,A,f
8943f878-09ab-c36f-0791-8b572ac6f6a9,320b47e0-c0ed-4b0f-8b1d-50e04b2b3b81,325f5f11-db40-5f00-816d-d66357e36c70,2026-27,1,16.32,17.67,17.49,33.2,84.68,A,f
560c220b-bdd1-96f4-ed3f-a814018282e0,320b47e0-c0ed-4b0f-8b1d-50e04b2b3b81,817d9a6f-e405-58f8-991b-373c31bd4e25,2026-27,1,16.42,17.57,19.19,34.8,87.98,A,f
80deddd8-9d65-794e-a3f2-779fe066380e,e22f9f0e-4a52-4dd7-b142-be65475509ef,29f10515-0a52-55f4-896b-fa882e11e38e,2026-27,6,18.96,17.61,18.73,35.51,90.81,A+,f
d2eddcdf-2771-dce4-7004-f97954d6d863,e22f9f0e-4a52-4dd7-b142-be65475509ef,2bc3bd90-0760-5d47-9467-5a5992c412e5,2026-27,6,17.16,19.01,16.83,32.01,85.01,A,f
535c770f-32d7-8769-d285-1edcb6cf0411,e22f9f0e-4a52-4dd7-b142-be65475509ef,d9518e1b-06ba-5f43-b6b9-67d017eaae5d,2026-27,6,17.76,19.01,18.83,33.31,88.91,A,f
4904ef98-8c96-195b-419a-7dd5fe066620,e22f9f0e-4a52-4dd7-b142-be65475509ef,005078bd-c539-5c44-a631-7e7dd9fb778c,2026-27,6,18.16,15.91,17.83,32.31,84.21,A,f
c07a0261-469b-e85c-e0bb-ed86a09a8064,e22f9f0e-4a52-4dd7-b142-be65475509ef,539f9c66-84f9-5b19-943a-cb15d62bbc33,2026-27,6,16.76,15.71,18.53,36.91,87.91,A,f
8acca285-98de-2a07-6b90-e14ea1d52625,413fc4d7-cb20-4167-aa55-74d4ab124cfc,f8b6ad01-594d-5e52-b325-ed9eb13211e1,2026-27,2,17.52,16.36,16.88,31.07,81.83,A,f
3649fc07-0dbe-afe6-55c5-5ae84c0f69ea,413fc4d7-cb20-4167-aa55-74d4ab124cfc,f27d152a-f613-51a3-aea8-0506e5d24c3a,2026-27,2,16.52,17.26,18.38,34.77,86.93,A,f
3fa0d7ff-8e2a-39ff-925e-b83cf84731dd,413fc4d7-cb20-4167-aa55-74d4ab124cfc,5297007a-130e-5341-af7a-4e9027c2dadf,2026-27,2,16.92,16.96,17.38,36.77,88.03,A,f
29777854-33fa-4a2b-fad7-723a7f95fe7b,413fc4d7-cb20-4167-aa55-74d4ab124cfc,c8e42f25-4acd-5f8b-8bce-f0cab27cc71f,2026-27,2,16.72,18.36,18.08,30.87,84.03,A,f
4462ab8b-4935-006d-8517-e4773a9b3169,413fc4d7-cb20-4167-aa55-74d4ab124cfc,5ceb5573-0231-5d70-848b-193fcfdb644c,2026-27,2,15.82,17.66,16.58,36.67,86.73,A,f
82e804f5-9672-9ce7-7aa7-8cca086367e2,ba5c565c-bd05-4d4e-8325-79d981037204,730c5632-33dc-5e69-a798-6135043a47aa,2026-27,4,18.48,18.27,20.0,37.53,94.28,A+,f
1e7d191e-8d2e-82b5-0eca-c15309d90d4c,ba5c565c-bd05-4d4e-8325-79d981037204,21e87180-7538-5689-922d-8889674702ed,2026-27,4,20.0,18.57,20.0,36.23,94.8,A+,f
12c00509-b230-9ac1-2b22-747b0063dd9d,ba5c565c-bd05-4d4e-8325-79d981037204,a71f945b-22bf-5921-85a0-cb1acd7cb2e6,2026-27,4,18.18,20.0,20.0,39.53,97.71,A+,f
8b6bd7f2-77e6-0f46-99d6-1909c19f2e46,ba5c565c-bd05-4d4e-8325-79d981037204,859db046-894d-53cc-8cb4-3643d0c7f1fe,2026-27,4,17.78,19.87,19.35,36.53,93.53,A+,f
9ea2bac0-9612-d300-1be1-deee6135debb,ba5c565c-bd05-4d4e-8325-79d981037204,40d412e8-fc3b-5972-8ff2-90b35de8a2d3,2026-27,4,19.98,19.97,20.0,39.33,99.28,A+,f
1f421bec-4530-aaa0-438b-54fff6a45b32,f515821c-7b16-42ca-8c2a-47be2667ee9a,29f10515-0a52-55f4-896b-fa882e11e38e,2026-27,6,17.88,15.93,18.65,36.71,89.17,A,f
3a7e4f66-2ff0-ab0f-a2fc-057f46c1a891,f515821c-7b16-42ca-8c2a-47be2667ee9a,2bc3bd90-0760-5d47-9467-5a5992c412e5,2026-27,6,16.98,16.83,16.25,31.11,81.17,A,f
1cd92f0c-7958-7a1e-790b-af95a4d297a3,f515821c-7b16-42ca-8c2a-47be2667ee9a,d9518e1b-06ba-5f43-b6b9-67d017eaae5d,2026-27,6,16.08,15.33,18.15,31.11,80.67,A,f
14e2a75d-941c-ec6b-db45-216167c90f22,f515821c-7b16-42ca-8c2a-47be2667ee9a,005078bd-c539-5c44-a631-7e7dd9fb778c,2026-27,6,16.58,16.53,17.35,34.31,84.77,A,f
8070281b-758e-d80c-1f85-930313560c6f,f515821c-7b16-42ca-8c2a-47be2667ee9a,539f9c66-84f9-5b19-943a-cb15d62bbc33,2026-27,6,17.78,18.33,16.85,34.51,87.47,A,f
1c14948c-a973-5110-b818-eda36bf92000,2789c6bd-2239-4dc8-8346-86bb12f58d2a,29f10515-0a52-55f4-896b-fa882e11e38e,2026-27,6,16.86,14.58,15.44,29.94,76.82,B+,f
dad6039c-f8e0-b9f7-3804-31da1c9dbd8a,2789c6bd-2239-4dc8-8346-86bb12f58d2a,2bc3bd90-0760-5d47-9467-5a5992c412e5,2026-27,6,16.26,16.78,17.64,32.04,82.72,A,f
4a3d185e-d244-4981-868d-e9d99c4e5902,2789c6bd-2239-4dc8-8346-86bb12f58d2a,d9518e1b-06ba-5f43-b6b9-67d017eaae5d,2026-27,6,14.56,15.38,15.94,32.54,78.42,B+,f
d2aacce0-8fb8-0e42-5561-3010f1f6a536,2789c6bd-2239-4dc8-8346-86bb12f58d2a,005078bd-c539-5c44-a631-7e7dd9fb778c,2026-27,6,16.56,15.48,16.24,28.34,76.62,B+,f
0e9ef051-d230-2b0d-e8eb-fe73b37b13d8,2789c6bd-2239-4dc8-8346-86bb12f58d2a,539f9c66-84f9-5b19-943a-cb15d62bbc33,2026-27,6,16.36,17.08,17.34,32.74,83.52,A,f
6fe8884c-a482-cdd9-f0c4-a952b28e1cf3,1c02eec3-48fc-4602-9e21-1d3e6895c60b,c697ab81-ffed-5fa6-9b51-be0954571d20,2026-27,1,17.18,16.69,16.66,31.7,82.23,A,f
9762efd7-4535-0957-74dd-b727ae2581d4,1c02eec3-48fc-4602-9e21-1d3e6895c60b,cc6bfe47-d156-5f3c-a0a6-64be53ff1202,2026-27,1,14.68,14.09,15.26,28.6,72.63,B+,f
1a0b09b7-fbd4-61df-3bd9-f4c9d7937d1d,1c02eec3-48fc-4602-9e21-1d3e6895c60b,945cbb28-3a50-5ed1-8e70-c416ee3f92f0,2026-27,1,17.18,16.79,16.66,31.6,82.23,A,f
530a915b-c71f-d1d0-94f9-b138c4692219,1c02eec3-48fc-4602-9e21-1d3e6895c60b,325f5f11-db40-5f00-816d-d66357e36c70,2026-27,1,15.88,13.89,16.66,28.7,75.13,B+,f
12402917-3aaa-968d-9143-4f6a528eb170,1c02eec3-48fc-4602-9e21-1d3e6895c60b,817d9a6f-e405-58f8-991b-373c31bd4e25,2026-27,1,16.18,14.59,16.16,31.8,78.73,B+,f
5f3e08cd-dde8-f930-f2e4-63c487817612,9062f31a-8b7f-4fce-a08d-3f2f633e62d8,c697ab81-ffed-5fa6-9b51-be0954571d20,2026-27,1,17.88,15.31,17.6,32.95,83.74,A,f
055d041d-06be-0442-aa2b-be9798d7d4f4,9062f31a-8b7f-4fce-a08d-3f2f633e62d8,cc6bfe47-d156-5f3c-a0a6-64be53ff1202,2026-27,1,16.18,18.31,16.4,33.45,84.34,A,f
17c4f9e9-1fc9-5677-e4d3-d068ac0eecad,9062f31a-8b7f-4fce-a08d-3f2f633e62d8,945cbb28-3a50-5ed1-8e70-c416ee3f92f0,2026-27,1,16.68,16.71,17.3,33.75,84.44,A,f
6cf4621f-78a4-f6a3-c060-95738b98cbe4,9062f31a-8b7f-4fce-a08d-3f2f633e62d8,325f5f11-db40-5f00-816d-d66357e36c70,2026-27,1,16.08,17.41,17.2,35.05,85.74,A,f
93adfc09-3599-a9fd-6dc9-b69effbd9935,9062f31a-8b7f-4fce-a08d-3f2f633e62d8,817d9a6f-e405-58f8-991b-373c31bd4e25,2026-27,1,15.28,15.71,17.7,32.05,80.74,A,f
f43e4822-69ab-b7b1-55cf-d0b81e5274d4,a6379045-c9ee-45e0-91f8-f2b700f4aacf,f8b6ad01-594d-5e52-b325-ed9eb13211e1,2026-27,2,18.47,16.72,18.34,36.33,89.86,A,f
f4421992-673c-5573-bfc2-ab6775139a95,a6379045-c9ee-45e0-91f8-f2b700f4aacf,f27d152a-f613-51a3-aea8-0506e5d24c3a,2026-27,2,18.47,16.72,16.84,31.53,83.56,A,f
b3d7fc07-4f6d-62df-3dbd-1d41dd172389,a6379045-c9ee-45e0-91f8-f2b700f4aacf,5297007a-130e-5341-af7a-4e9027c2dadf,2026-27,2,18.87,18.82,17.24,31.63,86.56,A,f
73065ed9-f449-58b7-bb5c-715634327e11,a6379045-c9ee-45e0-91f8-f2b700f4aacf,c8e42f25-4acd-5f8b-8bce-f0cab27cc71f,2026-27,2,18.07,15.92,19.34,31.63,84.96,A,f
5944c39b-7711-e29f-de45-1a68fa468933,a6379045-c9ee-45e0-91f8-f2b700f4aacf,5ceb5573-0231-5d70-848b-193fcfdb644c,2026-27,2,18.07,16.82,19.14,32.73,86.76,A,f
dfbda9b4-d4cf-bb7d-95c4-229cab23e630,8350f65c-cf75-4886-90aa-208f7020ec0c,f8b6ad01-594d-5e52-b325-ed9eb13211e1,2026-27,2,17.79,17.46,20.0,34.2,89.45,A,f
00df8fa9-6eed-e3a4-42c4-5ce5973fd85a,8350f65c-cf75-4886-90aa-208f7020ec0c,f27d152a-f613-51a3-aea8-0506e5d24c3a,2026-27,2,18.19,17.36,19.62,36.2,91.37,A+,f
9dc57f78-60e2-89eb-2017-425f42dc84a7,8350f65c-cf75-4886-90aa-208f7020ec0c,5297007a-130e-5341-af7a-4e9027c2dadf,2026-27,2,17.29,19.96,19.42,37.5,94.17,A+,f
a7107171-e2fb-4112-cb8e-6c8eb3fd2d5a,8350f65c-cf75-4886-90aa-208f7020ec0c,c8e42f25-4acd-5f8b-8bce-f0cab27cc71f,2026-27,2,17.89,19.46,19.12,36.3,92.77,A+,f
0ff17607-7fc6-8241-23dd-465530f65669,8350f65c-cf75-4886-90aa-208f7020ec0c,5ceb5573-0231-5d70-848b-193fcfdb644c,2026-27,2,18.69,17.86,17.52,36.0,90.07,A+,f
f0530272-cbd5-d960-a8e7-848d8a400361,64323ebd-3996-4f6b-ae80-163979a72f55,c697ab81-ffed-5fa6-9b51-be0954571d20,2026-27,1,16.42,16.97,18.8,32.29,84.48,A,f
bc302b12-a5fa-e680-827d-58221601845a,64323ebd-3996-4f6b-ae80-163979a72f55,cc6bfe47-d156-5f3c-a0a6-64be53ff1202,2026-27,1,18.22,15.97,18.5,37.09,89.78,A,f
e68be4d6-11aa-39bf-2259-d0dd8cb86be7,64323ebd-3996-4f6b-ae80-163979a72f55,945cbb28-3a50-5ed1-8e70-c416ee3f92f0,2026-27,1,18.62,15.37,19.3,32.89,86.18,A,f
e130df2a-8cfa-ba04-a2dd-cbec0c8a79f2,64323ebd-3996-4f6b-ae80-163979a72f55,325f5f11-db40-5f00-816d-d66357e36c70,2026-27,1,17.62,15.97,19.3,36.09,88.98,A,f
b65d91ce-28c0-2588-398a-5a24bed4708e,64323ebd-3996-4f6b-ae80-163979a72f55,817d9a6f-e405-58f8-991b-373c31bd4e25,2026-27,1,18.92,16.07,18.2,37.59,90.78,A+,f
13c3afd4-62f0-bd82-b1c7-67f43053868c,a6618650-e98f-4389-8f8c-6c32d4b35c31,f8b6ad01-594d-5e52-b325-ed9eb13211e1,2026-27,2,17.74,16.6,17.94,35.71,87.99,A,f
9d0fc18d-a941-85d3-f795-7ec1f253e830,a6618650-e98f-4389-8f8c-6c32d4b35c31,f27d152a-f613-51a3-aea8-0506e5d24c3a,2026-27,2,18.04,17.7,18.94,36.61,91.29,A+,f
a3bb6858-8a29-efdb-2ce1-491d9be28c73,a6618650-e98f-4389-8f8c-6c32d4b35c31,5297007a-130e-5341-af7a-4e9027c2dadf,2026-27,2,18.04,15.8,17.34,37.81,88.99,A,f
954dc663-b774-9812-1f0b-f6d8e4f3e47e,a6618650-e98f-4389-8f8c-6c32d4b35c31,c8e42f25-4acd-5f8b-8bce-f0cab27cc71f,2026-27,2,16.74,16.8,19.34,34.31,87.19,A,f
75f761dd-1b99-5316-d8b2-8fd6e18f3bd8,a6618650-e98f-4389-8f8c-6c32d4b35c31,5ceb5573-0231-5d70-848b-193fcfdb644c,2026-27,2,17.84,16.3,18.54,38.01,90.69,A+,f
d3998ea1-71c1-cf40-cf99-b3b7ac4d0aa6,96e42048-e57f-407a-a80c-908c5bf91c3a,c697ab81-ffed-5fa6-9b51-be0954571d20,2026-27,1,18.5,15.66,16.69,33.33,84.18,A,f
c77fa92e-eab5-a92b-b514-fe184cacb896,96e42048-e57f-407a-a80c-908c5bf91c3a,cc6bfe47-d156-5f3c-a0a6-64be53ff1202,2026-27,1,18.9,16.96,18.39,34.73,88.98,A,f
ac1082ed-817f-409d-3a3b-1b673e585bea,96e42048-e57f-407a-a80c-908c5bf91c3a,945cbb28-3a50-5ed1-8e70-c416ee3f92f0,2026-27,1,16.8,17.86,17.39,33.43,85.48,A,f
288975d0-6464-c730-4960-a5055edbf23f,96e42048-e57f-407a-a80c-908c5bf91c3a,325f5f11-db40-5f00-816d-d66357e36c70,2026-27,1,18.6,16.26,19.29,31.83,85.98,A,f
33d13b60-4af1-6731-0ae8-b1003b7a2e4f,96e42048-e57f-407a-a80c-908c5bf91c3a,817d9a6f-e405-58f8-991b-373c31bd4e25,2026-27,1,18.0,19.06,19.19,33.73,89.98,A,f
cfc4dda8-b2c1-9af5-ca7b-4694ee92f9c7,cb4109b1-62f0-4b8b-b1cb-053f576e0a2c,f8b6ad01-594d-5e52-b325-ed9eb13211e1,2026-27,2,18.39,16.14,19.47,36.6,90.6,A+,f
20725aa6-8822-712e-c1ca-968046629ae4,cb4109b1-62f0-4b8b-b1cb-053f576e0a2c,f27d152a-f613-51a3-aea8-0506e5d24c3a,2026-27,2,18.59,17.34,18.07,32.1,86.1,A,f
e1c3fd09-6def-ff55-d014-be02e3f4c1f1,cb4109b1-62f0-4b8b-b1cb-053f576e0a2c,5297007a-130e-5341-af7a-4e9027c2dadf,2026-27,2,18.79,15.84,17.47,33.9,86.0,A,f
a5872e02-5603-3bb2-a9b0-6ae46091bb69,cb4109b1-62f0-4b8b-b1cb-053f576e0a2c,c8e42f25-4acd-5f8b-8bce-f0cab27cc71f,2026-27,2,17.59,16.34,19.17,33.9,87.0,A,f
de0fa18a-f4e0-7296-4e21-1787c429aebc,cb4109b1-62f0-4b8b-b1cb-053f576e0a2c,5ceb5573-0231-5d70-848b-193fcfdb644c,2026-27,2,16.59,16.64,19.27,32.1,84.6,A,f
8829a09a-9f0c-aa29-19e3-60a19c8690dd,7b30c50a-f7a5-496e-93e1-26c2d0e00a52,c697ab81-ffed-5fa6-9b51-be0954571d20,2026-27,1,17.98,18.34,19.57,34.25,90.14,A+,f
e5bd07b7-d09a-db05-ba32-8ab9252f7fcf,7b30c50a-f7a5-496e-93e1-26c2d0e00a52,cc6bfe47-d156-5f3c-a0a6-64be53ff1202,2026-27,1,17.28,19.44,19.37,32.45,88.54,A,f
010e891c-6e7a-fd1b-0c19-d477f3b50fbb,7b30c50a-f7a5-496e-93e1-26c2d0e00a52,945cbb28-3a50-5ed1-8e70-c416ee3f92f0,2026-27,1,18.78,19.44,19.27,36.25,93.74,A+,f
aace8498-377a-c1b2-f2e8-f841587eaf60,7b30c50a-f7a5-496e-93e1-26c2d0e00a52,325f5f11-db40-5f00-816d-d66357e36c70,2026-27,1,18.88,17.64,18.37,32.45,87.34,A,f
f2dae182-0bdf-1b52-eb0f-53464ef6e427,7b30c50a-f7a5-496e-93e1-26c2d0e00a52,817d9a6f-e405-58f8-991b-373c31bd4e25,2026-27,1,16.98,16.14,16.97,37.45,87.54,A,f
db8475f3-8f29-07a9-928f-e49f55f4faf4,8d60926e-7f4c-4388-ab1f-e336df9a4a4e,730c5632-33dc-5e69-a798-6135043a47aa,2026-27,4,15.85,18.2,17.21,32.44,83.7,A,f
c20fe16f-87b6-eacc-64d5-1a4cfbc52e68,8d60926e-7f4c-4388-ab1f-e336df9a4a4e,21e87180-7538-5689-922d-8889674702ed,2026-27,4,17.75,15.6,18.71,34.04,86.1,A,f
9686bacf-0fef-b35f-1dab-99adb1b8fac4,8d60926e-7f4c-4388-ab1f-e336df9a4a4e,a71f945b-22bf-5921-85a0-cb1acd7cb2e6,2026-27,4,17.45,17.2,17.91,32.14,84.7,A,f
fad0ef6a-461d-62fa-d853-e17561634c97,8d60926e-7f4c-4388-ab1f-e336df9a4a4e,859db046-894d-53cc-8cb4-3643d0c7f1fe,2026-27,4,15.75,15.3,17.21,35.64,83.9,A,f
1959e072-b7da-9bd3-7901-5202ce5cb454,8d60926e-7f4c-4388-ab1f-e336df9a4a4e,40d412e8-fc3b-5972-8ff2-90b35de8a2d3,2026-27,4,17.15,16.0,16.51,31.84,81.5,A,f
c6f7b6a9-5086-3dbc-c4b4-7f6dec11995f,11b69139-615c-4228-b873-35e1a1129de8,29f10515-0a52-55f4-896b-fa882e11e38e,2026-27,6,17.92,20.0,17.78,36.55,92.25,A+,f
e1c9be93-d58d-f17b-002a-fc1ca84b8699,11b69139-615c-4228-b873-35e1a1129de8,2bc3bd90-0760-5d47-9467-5a5992c412e5,2026-27,6,17.82,19.8,18.18,37.95,93.75,A+,f
183cfc1d-7fff-b08f-0b40-f06d7ac8c055,11b69139-615c-4228-b873-35e1a1129de8,d9518e1b-06ba-5f43-b6b9-67d017eaae5d,2026-27,6,19.42,20.0,17.68,34.35,91.45,A+,f
7f1f0220-bce7-3059-3634-11882a98a9f9,11b69139-615c-4228-b873-35e1a1129de8,005078bd-c539-5c44-a631-7e7dd9fb778c,2026-27,6,18.62,16.7,18.78,34.45,88.55,A,f
44a109a0-a39d-f0d9-e47d-8b7c673b626d,11b69139-615c-4228-b873-35e1a1129de8,539f9c66-84f9-5b19-943a-cb15d62bbc33,2026-27,6,17.82,17.1,19.48,34.85,89.25,A,f
b276e068-6f11-5491-01bf-1ce151b40887,21770923-921f-4a6f-a11d-9b03584af01a,730c5632-33dc-5e69-a798-6135043a47aa,2026-27,4,18.05,15.59,16.9,34.91,85.45,A,f
3d0c5798-02a8-4a8b-2dbe-3fb0443f414a,21770923-921f-4a6f-a11d-9b03584af01a,21e87180-7538-5689-922d-8889674702ed,2026-27,4,16.75,15.09,16.6,35.71,84.15,A,f
bc09065f-15ef-16a4-fb6e-ec5d979ca36a,21770923-921f-4a6f-a11d-9b03584af01a,a71f945b-22bf-5921-85a0-cb1acd7cb2e6,2026-27,4,17.25,15.89,18.8,32.11,84.05,A,f
3cd01beb-1f37-797a-b592-f8735c6b4272,21770923-921f-4a6f-a11d-9b03584af01a,859db046-894d-53cc-8cb4-3643d0c7f1fe,2026-27,4,17.55,17.89,16.5,31.71,83.65,A,f
49f3184f-dd8a-6ac1-8b31-ed81756dda5f,21770923-921f-4a6f-a11d-9b03584af01a,40d412e8-fc3b-5972-8ff2-90b35de8a2d3,2026-27,4,17.85,16.09,17.9,31.31,83.15,A,f
725eb478-a426-2d22-8ec6-77a635952639,a878b80e-c659-4726-9ee6-c5bf26b25e52,29f10515-0a52-55f4-896b-fa882e11e38e,2026-27,6,17.76,18.11,18.35,34.86,89.08,A,f
8cdec11b-430c-1f4b-3e82-10198422687e,a878b80e-c659-4726-9ee6-c5bf26b25e52,2bc3bd90-0760-5d47-9467-5a5992c412e5,2026-27,6,16.96,18.21,18.05,32.56,85.78,A,f
eeddecdb-cd94-3eb2-d00f-12bdf9ed2795,a878b80e-c659-4726-9ee6-c5bf26b25e52,d9518e1b-06ba-5f43-b6b9-67d017eaae5d,2026-27,6,18.36,18.01,18.25,36.96,91.58,A+,f
438fd8ba-92fb-a6db-78fe-31b09a7e59ef,a878b80e-c659-4726-9ee6-c5bf26b25e52,005078bd-c539-5c44-a631-7e7dd9fb778c,2026-27,6,16.26,18.81,18.35,35.86,89.28,A,f
e1ca3504-36a1-226e-acef-b1c9d1dc8129,a878b80e-c659-4726-9ee6-c5bf26b25e52,539f9c66-84f9-5b19-943a-cb15d62bbc33,2026-27,6,18.16,16.71,18.15,33.96,86.98,A,f
a8ad6ff8-b27c-575a-b8f0-1d87b27908c5,4a44fcea-41d8-4a10-8a7f-22bdbb0a270b,f8b6ad01-594d-5e52-b325-ed9eb13211e1,2026-27,2,17.36,14.69,18.38,31.43,81.86,A,f
821f201e-ac3a-0532-2364-8818eef65099,4a44fcea-41d8-4a10-8a7f-22bdbb0a270b,f27d152a-f613-51a3-aea8-0506e5d24c3a,2026-27,2,17.06,17.19,18.08,30.13,82.46,A,f
301f38ce-0f4d-c920-3aac-ee485f09ecd4,4a44fcea-41d8-4a10-8a7f-22bdbb0a270b,5297007a-130e-5341-af7a-4e9027c2dadf,2026-27,2,17.16,17.29,17.48,33.93,85.86,A,f
1d9572e1-2e18-d308-d78c-91072ddb74e3,4a44fcea-41d8-4a10-8a7f-22bdbb0a270b,c8e42f25-4acd-5f8b-8bce-f0cab27cc71f,2026-27,2,17.46,16.39,17.58,35.83,87.26,A,f
f6f2abec-687f-db54-065e-74eb268d7a22,4a44fcea-41d8-4a10-8a7f-22bdbb0a270b,5ceb5573-0231-5d70-848b-193fcfdb644c,2026-27,2,17.96,16.59,16.48,33.83,84.86,A,f
2e5b8e68-e88c-8554-a26f-0ae3f755cbdc,68cea994-64a6-4b86-b344-0632669b7994,29f10515-0a52-55f4-896b-fa882e11e38e,2026-27,6,16.08,14.62,17.22,34.21,82.13,A,f
10ca16f2-ceb3-4fe9-4d31-fcd2c1ea8371,68cea994-64a6-4b86-b344-0632669b7994,2bc3bd90-0760-5d47-9467-5a5992c412e5,2026-27,6,17.98,17.32,16.82,30.91,83.03,A,f
ca742dd5-63a4-6f38-21f8-6394bedbe630,68cea994-64a6-4b86-b344-0632669b7994,d9518e1b-06ba-5f43-b6b9-67d017eaae5d,2026-27,6,15.98,17.42,15.92,30.91,80.23,A,f
e7517a61-62ef-4633-b955-2707c0775d5c,68cea994-64a6-4b86-b344-0632669b7994,005078bd-c539-5c44-a631-7e7dd9fb778c,2026-27,6,18.38,15.42,17.02,31.51,82.33,A,f
712487ac-9269-8f06-895a-8f7bf2ac1c62,68cea994-64a6-4b86-b344-0632669b7994,539f9c66-84f9-5b19-943a-cb15d62bbc33,2026-27,6,17.78,18.42,18.02,35.61,89.83,A,f
4973ae23-9f03-0239-298c-2ddbe43f0b7e,5eb719b3-9ae8-48fe-8966-3b5a861f8eb3,29f10515-0a52-55f4-896b-fa882e11e38e,2026-27,6,18.91,20.0,18.78,36.3,93.99,A+,f
14879403-fb23-a1c9-7d65-9de48fa5a45d,5eb719b3-9ae8-48fe-8966-3b5a861f8eb3,2bc3bd90-0760-5d47-9467-5a5992c412e5,2026-27,6,19.51,20.0,20.0,35.0,94.51,A+,f
37bfd21d-aad6-188b-defd-c8c9ae43fd4c,5eb719b3-9ae8-48fe-8966-3b5a861f8eb3,d9518e1b-06ba-5f43-b6b9-67d017eaae5d,2026-27,6,17.61,19.8,20.0,40.0,97.41,A+,f
c5d1f28f-e872-0d69-4d3b-608875a341fc,5eb719b3-9ae8-48fe-8966-3b5a861f8eb3,005078bd-c539-5c44-a631-7e7dd9fb778c,2026-27,6,17.51,19.4,20.0,38.7,95.61,A+,f
81f51fac-bc43-1f5b-db48-0acf17460c34,5eb719b3-9ae8-48fe-8966-3b5a861f8eb3,539f9c66-84f9-5b19-943a-cb15d62bbc33,2026-27,6,19.51,20.0,18.18,40.0,97.69,A+,f
078bc735-48c5-70e1-47db-a1f48d6c692c,03a9254e-3a48-48c4-b44f-cf60dcb6363b,c697ab81-ffed-5fa6-9b51-be0954571d20,2026-27,1,16.3,18.65,18.28,31.5,84.73,A,f
73953d21-b508-28d9-0075-c9728eac917b,03a9254e-3a48-48c4-b44f-cf60dcb6363b,cc6bfe47-d156-5f3c-a0a6-64be53ff1202,2026-27,1,16.1,18.75,19.08,36.9,90.83,A+,f
1342a023-4931-e782-dfbd-27963f85f9ed,03a9254e-3a48-48c4-b44f-cf60dcb6363b,945cbb28-3a50-5ed1-8e70-c416ee3f92f0,2026-27,1,19.0,19.05,16.88,36.2,91.13,A+,f
39d5d4b4-44d2-6f8e-ab78-6b90e2f0af87,03a9254e-3a48-48c4-b44f-cf60dcb6363b,325f5f11-db40-5f00-816d-d66357e36c70,2026-27,1,18.6,17.55,18.68,35.0,89.83,A,f
a9e27cc4-4973-4232-71ad-be09e69dea20,03a9254e-3a48-48c4-b44f-cf60dcb6363b,817d9a6f-e405-58f8-991b-373c31bd4e25,2026-27,1,18.5,18.75,16.88,36.4,90.53,A+,f
feff4631-ea98-38a1-cbc6-49a804268fe7,0fb805bc-da1b-4f41-8989-d39e796d60f9,c697ab81-ffed-5fa6-9b51-be0954571d20,2026-27,1,17.47,18.61,17.52,34.53,88.13,A,f
bf2caadd-34e1-b7c4-afe8-a1a898c4c5df,0fb805bc-da1b-4f41-8989-d39e796d60f9,cc6bfe47-d156-5f3c-a0a6-64be53ff1202,2026-27,1,18.37,16.01,18.12,32.73,85.23,A,f
4d121238-8642-9d50-fc9f-21f5f23bddc9,0fb805bc-da1b-4f41-8989-d39e796d60f9,945cbb28-3a50-5ed1-8e70-c416ee3f92f0,2026-27,1,18.07,18.31,17.02,34.43,87.83,A,f
1bea9c1c-d3ee-f1ed-bf1e-9ff99d4c67dc,0fb805bc-da1b-4f41-8989-d39e796d60f9,325f5f11-db40-5f00-816d-d66357e36c70,2026-27,1,16.77,16.21,18.32,31.43,82.73,A,f
b239d5a3-ca8e-9b89-35d3-8a9fe2ee9fcd,0fb805bc-da1b-4f41-8989-d39e796d60f9,817d9a6f-e405-58f8-991b-373c31bd4e25,2026-27,1,15.77,15.51,18.22,36.13,85.63,A,f
1ab07a8f-2fca-259c-6587-c1d2b93116de,8161add5-3adf-454d-979e-cf2f59e9ddf4,730c5632-33dc-5e69-a798-6135043a47aa,2026-27,4,15.64,14.67,15.25,30.92,76.48,B+,f
3ec61350-d788-1831-66c9-b84d418486ce,8161add5-3adf-454d-979e-cf2f59e9ddf4,21e87180-7538-5689-922d-8889674702ed,2026-27,4,15.44,14.57,18.05,34.42,82.48,A,f
3cd3fc81-f417-ebc2-21b0-d5ebf587075e,8161add5-3adf-454d-979e-cf2f59e9ddf4,a71f945b-22bf-5921-85a0-cb1acd7cb2e6,2026-27,4,16.24,14.97,15.35,34.52,81.08,A,f
ee39cf26-a42e-c56c-e457-d3ac4b288b7f,8161add5-3adf-454d-979e-cf2f59e9ddf4,859db046-894d-53cc-8cb4-3643d0c7f1fe,2026-27,4,17.14,14.47,17.95,29.42,78.98,B+,f
ac2eca1a-63b7-d7e6-b44f-3904012c0dbc,8161add5-3adf-454d-979e-cf2f59e9ddf4,40d412e8-fc3b-5972-8ff2-90b35de8a2d3,2026-27,4,15.94,16.67,16.25,29.22,78.08,B+,f
9fa754d4-3d14-ca08-94f1-3247b1b93922,986815b7-51bb-448e-b0cc-c10620077b92,c697ab81-ffed-5fa6-9b51-be0954571d20,2026-27,1,17.67,19.02,17.84,32.13,86.66,A,f
80924135-c88b-03a3-9ebf-cf6d6425b6e9,986815b7-51bb-448e-b0cc-c10620077b92,cc6bfe47-d156-5f3c-a0a6-64be53ff1202,2026-27,1,16.17,18.52,17.34,34.23,86.26,A,f
b28e45b7-93f3-8648-98a5-e026c2e0135b,986815b7-51bb-448e-b0cc-c10620077b92,945cbb28-3a50-5ed1-8e70-c416ee3f92f0,2026-27,1,18.17,17.72,17.44,33.03,86.36,A,f
37e5941c-fe87-db66-f281-08031f1bb4b1,986815b7-51bb-448e-b0cc-c10620077b92,325f5f11-db40-5f00-816d-d66357e36c70,2026-27,1,17.87,18.72,17.04,33.63,87.26,A,f
33915127-72b7-4d51-b991-b88408b9904c,986815b7-51bb-448e-b0cc-c10620077b92,817d9a6f-e405-58f8-991b-373c31bd4e25,2026-27,1,18.97,18.72,18.24,32.33,88.26,A,f
54fd59e4-d8f4-5471-d546-9dc46fd0afee,37549ef0-33d1-476d-9275-538d97f020dd,f8b6ad01-594d-5e52-b325-ed9eb13211e1,2026-27,2,15.54,14.57,17.57,35.49,83.17,A,f
1a3cff90-4c92-ea2a-fc26-2440dfa3851a,37549ef0-33d1-476d-9275-538d97f020dd,f27d152a-f613-51a3-aea8-0506e5d24c3a,2026-27,2,15.54,17.07,16.47,34.89,83.97,A,f
6bd0e2b0-8af5-c3da-f5ac-b0d9f0223035,37549ef0-33d1-476d-9275-538d97f020dd,5297007a-130e-5341-af7a-4e9027c2dadf,2026-27,2,15.64,17.27,17.07,32.39,82.37,A,f
c33c5082-dfda-1a18-19e8-69f66b630803,37549ef0-33d1-476d-9275-538d97f020dd,c8e42f25-4acd-5f8b-8bce-f0cab27cc71f,2026-27,2,17.54,15.77,17.57,31.79,82.67,A,f
a169d72c-294e-04bc-0263-e1f4f2556574,37549ef0-33d1-476d-9275-538d97f020dd,5ceb5573-0231-5d70-848b-193fcfdb644c,2026-27,2,16.94,16.07,17.07,34.69,84.77,A,f
ef53aeb5-ece5-87a8-d919-3cc136e165f0,7e1364fd-7dde-441d-8ba7-0947e5232737,f8b6ad01-594d-5e52-b325-ed9eb13211e1,2026-27,2,15.54,16.55,16.91,32.14,81.14,A,f
ce318023-1d5e-98dd-cf40-f328229a7cc1,7e1364fd-7dde-441d-8ba7-0947e5232737,f27d152a-f613-51a3-aea8-0506e5d24c3a,2026-27,2,15.44,15.85,15.71,30.94,77.94,B+,f
f668b6cf-5505-12dd-5bd2-4297fd7a5a56,7e1364fd-7dde-441d-8ba7-0947e5232737,5297007a-130e-5341-af7a-4e9027c2dadf,2026-27,2,15.74,14.35,16.11,29.14,75.34,B+,f
c2a8e9ab-adb5-4a69-6009-bc8e2162db23,7e1364fd-7dde-441d-8ba7-0947e5232737,c8e42f25-4acd-5f8b-8bce-f0cab27cc71f,2026-27,2,16.64,14.95,17.41,31.14,80.14,A,f
5cd802f3-1022-ddcb-9300-d511816acffc,7e1364fd-7dde-441d-8ba7-0947e5232737,5ceb5573-0231-5d70-848b-193fcfdb644c,2026-27,2,17.14,13.75,15.81,30.74,77.44,B+,f
45e9b7a6-6317-604d-9f8d-26330276703f,9d3378c3-d3dc-418c-bff0-e2831854879f,c697ab81-ffed-5fa6-9b51-be0954571d20,2026-27,1,17.31,15.15,18.97,32.85,84.28,A,f
c96c2bb9-d9d3-db7c-f949-06cb180a912c,9d3378c3-d3dc-418c-bff0-e2831854879f,cc6bfe47-d156-5f3c-a0a6-64be53ff1202,2026-27,1,18.31,18.05,17.67,32.95,86.98,A,f
4f104061-5fca-8706-d10b-32e710048186,9d3378c3-d3dc-418c-bff0-e2831854879f,945cbb28-3a50-5ed1-8e70-c416ee3f92f0,2026-27,1,17.81,15.95,18.37,31.85,83.98,A,f
f6c4765e-ff2b-3a42-8e4d-61a4b3df0a73,9d3378c3-d3dc-418c-bff0-e2831854879f,325f5f11-db40-5f00-816d-d66357e36c70,2026-27,1,17.71,16.85,17.37,35.65,87.58,A,f
aa34f5ff-1d6a-0dba-031c-f2d45a7e490b,9d3378c3-d3dc-418c-bff0-e2831854879f,817d9a6f-e405-58f8-991b-373c31bd4e25,2026-27,1,16.11,16.25,17.77,36.25,86.38,A,f
b8c299b0-e651-c27a-0fa2-9fb0af933b3c,e73c1897-995d-4477-ba2b-fa5225940244,c697ab81-ffed-5fa6-9b51-be0954571d20,2026-27,1,17.01,16.87,19.21,32.72,85.81,A,f
fc317571-75d5-2d0a-ff71-6454a82b094e,e73c1897-995d-4477-ba2b-fa5225940244,cc6bfe47-d156-5f3c-a0a6-64be53ff1202,2026-27,1,19.01,18.77,19.81,36.92,94.51,A+,f
83bfa1ab-680c-ba49-c8ed-456b8cdfa33d,e73c1897-995d-4477-ba2b-fa5225940244,945cbb28-3a50-5ed1-8e70-c416ee3f92f0,2026-27,1,18.11,16.87,17.51,36.82,89.31,A,f
f4f755a8-60a0-ad83-42ab-95796e9f8ef1,e73c1897-995d-4477-ba2b-fa5225940244,325f5f11-db40-5f00-816d-d66357e36c70,2026-27,1,16.91,18.57,18.21,38.22,91.91,A+,f
886ca0e6-e411-7315-ae35-955df30378a2,e73c1897-995d-4477-ba2b-fa5225940244,817d9a6f-e405-58f8-991b-373c31bd4e25,2026-27,1,18.11,16.67,17.51,35.92,88.21,A,f
8ef03eb0-18d8-2494-9ade-0c62f98afc6e,f56e1cba-b38d-4c6a-a91e-e0776085cdd4,29f10515-0a52-55f4-896b-fa882e11e38e,2026-27,6,15.08,15.5,17.57,31.95,80.1,A,f
68628154-4ba5-ca3c-c502-7d2a0932f805,f56e1cba-b38d-4c6a-a91e-e0776085cdd4,2bc3bd90-0760-5d47-9467-5a5992c412e5,2026-27,6,16.18,15.1,16.67,29.95,77.9,B+,f
030fbab9-b788-589a-e563-1f73996730bc,f56e1cba-b38d-4c6a-a91e-e0776085cdd4,d9518e1b-06ba-5f43-b6b9-67d017eaae5d,2026-27,6,15.48,15.9,17.47,30.15,79.0,B+,f
7369d6ab-5105-d11e-741f-73c7c341f2a2,f56e1cba-b38d-4c6a-a91e-e0776085cdd4,005078bd-c539-5c44-a631-7e7dd9fb778c,2026-27,6,15.78,15.3,17.17,30.35,78.6,B+,f
0636b192-afbb-3351-f0ab-16ff05c74f86,f56e1cba-b38d-4c6a-a91e-e0776085cdd4,539f9c66-84f9-5b19-943a-cb15d62bbc33,2026-27,6,16.08,16.4,17.17,31.75,81.4,A,f
570324d2-9113-fd3a-399f-01cb2b28f378,8d92fb12-f747-4901-85f2-9b3375801a5d,f8b6ad01-594d-5e52-b325-ed9eb13211e1,2026-27,2,16.52,19.28,18.93,35.27,90.0,A+,f
d8efe4f4-df3a-a0eb-b80b-adce5355d022,8d92fb12-f747-4901-85f2-9b3375801a5d,f27d152a-f613-51a3-aea8-0506e5d24c3a,2026-27,2,18.52,19.68,19.93,33.47,91.6,A+,f
bd8ec115-d385-6c47-4857-327c6bd3fd7e,8d92fb12-f747-4901-85f2-9b3375801a5d,5297007a-130e-5341-af7a-4e9027c2dadf,2026-27,2,18.82,17.68,18.73,35.57,90.8,A+,f
45cbc304-ec34-1959-22a3-95031be7efd2,8d92fb12-f747-4901-85f2-9b3375801a5d,c8e42f25-4acd-5f8b-8bce-f0cab27cc71f,2026-27,2,19.02,16.28,17.63,37.47,90.4,A+,f
6adf38b7-e127-9958-cb9d-db4eae1cdfab,8d92fb12-f747-4901-85f2-9b3375801a5d,5ceb5573-0231-5d70-848b-193fcfdb644c,2026-27,2,18.22,15.78,17.83,37.57,89.4,A,f
424cca99-4665-eb78-9f81-6edc469cf173,e3903719-736d-4fb0-a549-5897d75a939d,c697ab81-ffed-5fa6-9b51-be0954571d20,2026-27,1,15.81,17.54,17.34,33.05,83.74,A,f
7276c08e-2e88-3988-e6cf-748ccc42bd35,e3903719-736d-4fb0-a549-5897d75a939d,cc6bfe47-d156-5f3c-a0a6-64be53ff1202,2026-27,1,16.11,17.44,17.14,30.85,81.54,A,f
8c33b030-8868-b42a-eb45-ff7013135a09,e3903719-736d-4fb0-a549-5897d75a939d,945cbb28-3a50-5ed1-8e70-c416ee3f92f0,2026-27,1,18.11,16.84,18.44,34.85,88.24,A,f
ba186925-ad6f-41fc-50ca-7071764a80a1,e3903719-736d-4fb0-a549-5897d75a939d,325f5f11-db40-5f00-816d-d66357e36c70,2026-27,1,15.61,14.94,17.94,34.85,83.34,A,f
6e49a834-f7fa-83ad-2d28-2cfcff0a43ac,e3903719-736d-4fb0-a549-5897d75a939d,817d9a6f-e405-58f8-991b-373c31bd4e25,2026-27,1,17.61,17.74,17.34,34.35,87.04,A,f
5fdf429b-eaa9-0a9f-a31c-df247ff47228,39a2e5ab-bbdb-4b2c-8fec-26a46d63c11e,f8b6ad01-594d-5e52-b325-ed9eb13211e1,2026-27,2,17.35,17.44,18.11,39.74,92.64,A+,f
349b67f7-1f08-b33e-bd34-02e0b3c9fd2d,39a2e5ab-bbdb-4b2c-8fec-26a46d63c11e,f27d152a-f613-51a3-aea8-0506e5d24c3a,2026-27,2,18.35,17.34,20.0,36.34,92.03,A+,f
067de299-6e5d-7f2b-8d9a-7ebdc33cbbc1,39a2e5ab-bbdb-4b2c-8fec-26a46d63c11e,5297007a-130e-5341-af7a-4e9027c2dadf,2026-27,2,18.65,17.74,19.71,36.34,92.44,A+,f
f2a985d3-ab35-7b96-79eb-b020559489d3,39a2e5ab-bbdb-4b2c-8fec-26a46d63c11e,c8e42f25-4acd-5f8b-8bce-f0cab27cc71f,2026-27,2,19.85,19.24,19.91,40.0,99.0,A+,f
9cdb06e6-b438-5255-d894-3abc8a9379d2,39a2e5ab-bbdb-4b2c-8fec-26a46d63c11e,5ceb5573-0231-5d70-848b-193fcfdb644c,2026-27,2,17.85,20.0,18.91,35.54,92.3,A+,f
f73f1050-9690-0acb-2f55-1d881b30d11a,5d7bebb8-d7a3-4abf-a617-78ede5033f7a,730c5632-33dc-5e69-a798-6135043a47aa,2026-27,4,17.2,19.98,17.65,39.58,94.41,A+,f
8b201f5d-8d56-b3fa-80f8-1872a40204f0,5d7bebb8-d7a3-4abf-a617-78ede5033f7a,21e87180-7538-5689-922d-8889674702ed,2026-27,4,19.0,20.0,19.45,35.68,94.13,A+,f
783d21fc-88a3-692f-b383-0fe30eb620c3,5d7bebb8-d7a3-4abf-a617-78ede5033f7a,a71f945b-22bf-5921-85a0-cb1acd7cb2e6,2026-27,4,18.9,18.28,18.75,36.58,92.51,A+,f
a9164b42-069f-c8e3-1d81-5ed2cf41654b,5d7bebb8-d7a3-4abf-a617-78ede5033f7a,859db046-894d-53cc-8cb4-3643d0c7f1fe,2026-27,4,19.2,17.28,20.0,36.88,93.36,A+,f
df3f886f-1202-5e63-b362-aec2d24888dd,5d7bebb8-d7a3-4abf-a617-78ede5033f7a,40d412e8-fc3b-5972-8ff2-90b35de8a2d3,2026-27,4,17.9,17.88,17.65,36.88,90.31,A+,f
854ee22c-7bcb-4125-67ac-c833d3abb8b9,c6642238-0456-44fa-b2aa-8d390207d189,c697ab81-ffed-5fa6-9b51-be0954571d20,2026-27,1,16.02,14.74,17.93,29.87,78.56,B+,f
dbbc1ab3-527b-e06a-3557-c9b12b111f2b,c6642238-0456-44fa-b2aa-8d390207d189,cc6bfe47-d156-5f3c-a0a6-64be53ff1202,2026-27,1,15.52,17.84,17.23,30.17,80.76,A,f
af2374f1-e8ae-9c57-f774-4e9308539176,c6642238-0456-44fa-b2aa-8d390207d189,945cbb28-3a50-5ed1-8e70-c416ee3f92f0,2026-27,1,16.02,17.74,15.93,31.47,81.16,A,f
1f37a7c9-1780-bfa1-5465-d544326bb377,c6642238-0456-44fa-b2aa-8d390207d189,325f5f11-db40-5f00-816d-d66357e36c70,2026-27,1,17.12,16.24,17.43,32.47,83.26,A,f
65122393-aec3-f0ca-69cb-865682f6899f,c6642238-0456-44fa-b2aa-8d390207d189,817d9a6f-e405-58f8-991b-373c31bd4e25,2026-27,1,17.32,16.74,17.03,35.07,86.16,A,f
868b12f1-3b9f-7193-1295-6fd550d3b333,53826ec6-a689-46d9-b820-5e4e0359a8ca,f8b6ad01-594d-5e52-b325-ed9eb13211e1,2026-27,2,19.45,18.42,19.47,38.99,96.33,A+,f
025a02be-fb8c-36a1-51c8-559ab6a1a1a1,53826ec6-a689-46d9-b820-5e4e0359a8ca,f27d152a-f613-51a3-aea8-0506e5d24c3a,2026-27,2,18.85,19.62,17.47,37.29,93.23,A+,f
bb3c58ce-5587-d1f3-c1b7-97d280f9dc7f,53826ec6-a689-46d9-b820-5e4e0359a8ca,5297007a-130e-5341-af7a-4e9027c2dadf,2026-27,2,17.95,18.82,17.97,37.89,92.63,A+,f
8e4d9f38-b300-3dbd-f3ca-0a5e05e8a6fb,53826ec6-a689-46d9-b820-5e4e0359a8ca,c8e42f25-4acd-5f8b-8bce-f0cab27cc71f,2026-27,2,18.55,16.82,19.47,37.09,91.93,A+,f
2a51538a-c362-cbb5-eae1-d9e96d7b029b,53826ec6-a689-46d9-b820-5e4e0359a8ca,5ceb5573-0231-5d70-848b-193fcfdb644c,2026-27,2,17.65,17.42,18.47,39.19,92.73,A+,f
d2b9d714-f7df-86e5-4bbd-32ecbb79bb5b,cadf39c2-ac07-4319-8d15-5a772c56fd46,29f10515-0a52-55f4-896b-fa882e11e38e,2026-27,6,16.22,14.83,15.6,32.29,78.94,B+,f
b87a6e39-b64d-f40a-f95b-5e2ae06fdb1f,cadf39c2-ac07-4319-8d15-5a772c56fd46,2bc3bd90-0760-5d47-9467-5a5992c412e5,2026-27,6,17.32,17.73,17.8,34.29,87.14,A,f
a5892f0f-3cbc-8469-3788-cadf58282a98,cadf39c2-ac07-4319-8d15-5a772c56fd46,d9518e1b-06ba-5f43-b6b9-67d017eaae5d,2026-27,6,15.92,17.53,16.2,29.89,79.54,B+,f
e1caa2a9-10f9-2ede-cfd6-bcec2c41fad0,cadf39c2-ac07-4319-8d15-5a772c56fd46,005078bd-c539-5c44-a631-7e7dd9fb778c,2026-27,6,16.52,15.23,15.1,33.69,80.54,A,f
7597e98d-973e-129f-ff7f-4582858bdd8c,cadf39c2-ac07-4319-8d15-5a772c56fd46,539f9c66-84f9-5b19-943a-cb15d62bbc33,2026-27,6,16.32,14.33,17.4,33.19,81.24,A,f
041b7333-6f08-69af-b20d-2906ceb8b7c6,b1697047-3d6a-4958-a273-753616c890dc,29f10515-0a52-55f4-896b-fa882e11e38e,2026-27,6,18.0,19.97,19.63,38.12,95.72,A+,f
eb3e8d28-7762-6a5a-1ef9-82923ed63bf6,b1697047-3d6a-4958-a273-753616c890dc,2bc3bd90-0760-5d47-9467-5a5992c412e5,2026-27,6,19.0,19.27,17.93,36.02,92.22,A+,f
d8146c38-c1ea-4ba4-402c-d2e01b687055,b1697047-3d6a-4958-a273-753616c890dc,d9518e1b-06ba-5f43-b6b9-67d017eaae5d,2026-27,6,18.9,18.07,18.13,37.72,92.82,A+,f
27901667-8bd5-3f9d-f584-2369fabace00,b1697047-3d6a-4958-a273-753616c890dc,005078bd-c539-5c44-a631-7e7dd9fb778c,2026-27,6,17.8,18.67,18.83,37.12,92.42,A+,f
67dd5010-32f8-ab32-c3e8-4c61fe788005,b1697047-3d6a-4958-a273-753616c890dc,539f9c66-84f9-5b19-943a-cb15d62bbc33,2026-27,6,17.7,16.57,20.0,36.72,90.99,A+,f
e659cca1-b7b4-d5e3-8607-51560a257a46,4742cea8-82bc-451a-8d7a-1617a60442f7,f8b6ad01-594d-5e52-b325-ed9eb13211e1,2026-27,2,16.06,17.0,16.42,34.48,83.96,A,f
be3d7bd5-5fff-1b4e-55ad-6aeab97c0bf0,4742cea8-82bc-451a-8d7a-1617a60442f7,f27d152a-f613-51a3-aea8-0506e5d24c3a,2026-27,2,16.06,18.6,16.62,34.38,85.66,A,f
06507ffd-bcae-d3c7-90da-35432023cea8,4742cea8-82bc-451a-8d7a-1617a60442f7,5297007a-130e-5341-af7a-4e9027c2dadf,2026-27,2,17.66,15.7,17.62,35.38,86.36,A,f
38e11ea8-7268-1c9f-bdac-6693548f16b2,4742cea8-82bc-451a-8d7a-1617a60442f7,c8e42f25-4acd-5f8b-8bce-f0cab27cc71f,2026-27,2,16.66,16.2,17.92,34.98,85.76,A,f
2df16fa6-105b-0147-c94e-8c8facf040f0,4742cea8-82bc-451a-8d7a-1617a60442f7,5ceb5573-0231-5d70-848b-193fcfdb644c,2026-27,2,16.26,15.0,17.92,37.08,86.26,A,f
cc3386a8-6eac-7b0b-ae2d-a7e67953fd7f,335af58e-3979-4d2a-b954-d8efa06b142c,29f10515-0a52-55f4-896b-fa882e11e38e,2026-27,6,16.28,14.72,18.62,31.33,80.95,A,f
6c7db8a2-3000-f901-1269-413713453bc8,335af58e-3979-4d2a-b954-d8efa06b142c,2bc3bd90-0760-5d47-9467-5a5992c412e5,2026-27,6,16.88,18.12,17.82,33.33,86.15,A,f
4619d0ca-9a80-6101-818d-2a3130b379ec,335af58e-3979-4d2a-b954-d8efa06b142c,d9518e1b-06ba-5f43-b6b9-67d017eaae5d,2026-27,6,15.48,18.32,18.22,31.63,83.65,A,f
1ce731a7-c163-c0e5-57fa-0b1075637785,335af58e-3979-4d2a-b954-d8efa06b142c,005078bd-c539-5c44-a631-7e7dd9fb778c,2026-27,6,18.28,18.62,17.12,31.23,85.25,A,f
42b5b0e6-d8c7-6c3f-9a03-80dcf50bdcd3,335af58e-3979-4d2a-b954-d8efa06b142c,539f9c66-84f9-5b19-943a-cb15d62bbc33,2026-27,6,15.48,16.02,16.02,33.03,80.55,A,f
42e164b9-5e97-db72-17e3-a5539e9f08a7,4b9a07e7-79b2-4971-9703-c3d2a3679d40,f8b6ad01-594d-5e52-b325-ed9eb13211e1,2026-27,2,17.8,15.85,17.76,34.25,85.66,A,f
05dfa13b-e84e-0d36-8cf0-14b042bc8383,4b9a07e7-79b2-4971-9703-c3d2a3679d40,f27d152a-f613-51a3-aea8-0506e5d24c3a,2026-27,2,17.5,15.95,17.16,32.25,82.86,A,f
0ea6c27a-a4df-3a68-7222-335d398294dd,4b9a07e7-79b2-4971-9703-c3d2a3679d40,5297007a-130e-5341-af7a-4e9027c2dadf,2026-27,2,17.6,18.95,19.06,31.55,87.16,A,f
f27b6d98-fbfb-b6d5-9a7a-eb2f35f1ed0b,4b9a07e7-79b2-4971-9703-c3d2a3679d40,c8e42f25-4acd-5f8b-8bce-f0cab27cc71f,2026-27,2,16.4,16.25,18.16,31.15,81.96,A,f
15b788f6-c0a5-df0d-1d39-c4f8d146d032,4b9a07e7-79b2-4971-9703-c3d2a3679d40,5ceb5573-0231-5d70-848b-193fcfdb644c,2026-27,2,16.6,16.05,16.46,32.75,81.86,A,f
c265b902-2431-999a-1158-b52dac6527ac,51149241-b68b-4cb2-82a6-759e074803ea,730c5632-33dc-5e69-a798-6135043a47aa,2026-27,4,16.72,17.96,17.98,36.79,89.45,A,f
682ad686-5ac0-9df0-3aef-34e9a661a555,51149241-b68b-4cb2-82a6-759e074803ea,21e87180-7538-5689-922d-8889674702ed,2026-27,4,16.72,17.46,18.18,31.69,84.05,A,f
09a7ed57-fe3e-e284-251d-7c5160e077c4,51149241-b68b-4cb2-82a6-759e074803ea,a71f945b-22bf-5921-85a0-cb1acd7cb2e6,2026-27,4,18.12,18.46,17.78,31.89,86.25,A,f
6c7891ff-53a9-696a-b32a-7693b03268b8,51149241-b68b-4cb2-82a6-759e074803ea,859db046-894d-53cc-8cb4-3643d0c7f1fe,2026-27,4,17.42,17.76,17.08,33.19,85.45,A,f
f22db1c6-bc8f-847b-a636-f08c8dc4d4a2,51149241-b68b-4cb2-82a6-759e074803ea,40d412e8-fc3b-5972-8ff2-90b35de8a2d3,2026-27,4,18.52,17.76,18.88,33.59,88.75,A,f
86e30d19-899a-3189-01a1-9e64e8d9874a,8dbcc77d-3cd7-44c5-a33f-06c8eef3e820,730c5632-33dc-5e69-a798-6135043a47aa,2026-27,4,19.66,16.43,18.88,33.51,88.48,A,f
bc8ec5b9-8406-d4b4-e435-d79cd7972098,8dbcc77d-3cd7-44c5-a33f-06c8eef3e820,21e87180-7538-5689-922d-8889674702ed,2026-27,4,19.46,17.03,17.88,37.01,91.38,A+,f
536b5833-8f21-de98-c1d0-c00b097219fb,8dbcc77d-3cd7-44c5-a33f-06c8eef3e820,a71f945b-22bf-5921-85a0-cb1acd7cb2e6,2026-27,4,18.86,18.43,20.0,36.61,93.9,A+,f
09a8e76f-34f0-e504-d0d3-1d543431be6b,8dbcc77d-3cd7-44c5-a33f-06c8eef3e820,859db046-894d-53cc-8cb4-3643d0c7f1fe,2026-27,4,16.76,16.83,18.58,38.91,91.08,A+,f
4bc8c2ae-0c73-f105-2881-b9d3f3bd1f0d,8dbcc77d-3cd7-44c5-a33f-06c8eef3e820,40d412e8-fc3b-5972-8ff2-90b35de8a2d3,2026-27,4,16.86,16.23,19.78,38.11,90.98,A+,f
24871714-836f-45a2-f42a-b0c6c3648bbb,e4915405-4783-4351-a245-ef87e9424594,29f10515-0a52-55f4-896b-fa882e11e38e,2026-27,6,18.14,19.61,18.67,37.11,93.53,A+,f
a4367180-4e5a-65ce-6381-1bb93ae22a0c,e4915405-4783-4351-a245-ef87e9424594,2bc3bd90-0760-5d47-9467-5a5992c412e5,2026-27,6,18.14,19.81,18.97,37.71,94.63,A+,f
d66423cf-3a23-a976-a1e5-b8972edf836a,e4915405-4783-4351-a245-ef87e9424594,d9518e1b-06ba-5f43-b6b9-67d017eaae5d,2026-27,6,17.44,18.21,19.07,37.41,92.13,A+,f
d378f151-30f5-865a-9090-125c005c5d3a,e4915405-4783-4351-a245-ef87e9424594,005078bd-c539-5c44-a631-7e7dd9fb778c,2026-27,6,18.64,17.41,19.77,36.91,92.73,A+,f
a09144d0-c5d1-e0e4-54ee-a2a11ca4f6b7,e4915405-4783-4351-a245-ef87e9424594,539f9c66-84f9-5b19-943a-cb15d62bbc33,2026-27,6,19.94,18.11,17.97,39.21,95.23,A+,f
cd7a1aa4-0a88-6ad1-e837-d30bec04d1a9,5a454b5e-09ef-41e5-99ab-a798fed98b9b,c697ab81-ffed-5fa6-9b51-be0954571d20,2026-27,1,17.22,15.37,16.69,31.9,81.18,A,f
36a5ec00-a0fc-56dc-0890-97a32562684d,5a454b5e-09ef-41e5-99ab-a798fed98b9b,cc6bfe47-d156-5f3c-a0a6-64be53ff1202,2026-27,1,16.12,16.87,18.49,34.0,85.48,A,f
132744dd-99bb-701c-5ea5-6afe4cc4285e,5a454b5e-09ef-41e5-99ab-a798fed98b9b,945cbb28-3a50-5ed1-8e70-c416ee3f92f0,2026-27,1,16.02,16.67,17.19,35.3,85.18,A,f
d75737c3-64db-9e4d-f766-eb1222a821bc,5a454b5e-09ef-41e5-99ab-a798fed98b9b,325f5f11-db40-5f00-816d-d66357e36c70,2026-27,1,17.62,15.87,16.39,37.0,86.88,A,f
0b93a218-a6dc-4246-6c18-47f19c6e9e12,5a454b5e-09ef-41e5-99ab-a798fed98b9b,817d9a6f-e405-58f8-991b-373c31bd4e25,2026-27,1,16.12,15.77,18.19,34.6,84.68,A,f
190fa3c5-6f34-3e5c-8375-c01d46549fab,50eb809a-0c1a-4f40-a68f-e6d652d82df5,29f10515-0a52-55f4-896b-fa882e11e38e,2026-27,6,17.81,17.39,17.96,35.3,88.46,A,f
e6838790-d057-a502-c360-c5837475a354,50eb809a-0c1a-4f40-a68f-e6d652d82df5,2bc3bd90-0760-5d47-9467-5a5992c412e5,2026-27,6,17.91,17.99,19.06,35.5,90.46,A+,f
cc7e8b84-fb46-312a-06a9-ce1380b33b4b,50eb809a-0c1a-4f40-a68f-e6d652d82df5,d9518e1b-06ba-5f43-b6b9-67d017eaae5d,2026-27,6,18.61,18.89,18.46,36.9,92.86,A+,f
6f7e35f7-2d52-458a-f554-b08455cc1257,50eb809a-0c1a-4f40-a68f-e6d652d82df5,005078bd-c539-5c44-a631-7e7dd9fb778c,2026-27,6,19.01,19.69,19.56,37.9,96.16,A+,f
a74f5f73-a553-eec2-4963-0122f730f45a,50eb809a-0c1a-4f40-a68f-e6d652d82df5,539f9c66-84f9-5b19-943a-cb15d62bbc33,2026-27,6,17.31,18.49,17.76,40.0,93.56,A+,f
738fa917-1bc1-27fd-f552-32930251bfe7,4386fcdb-3519-4874-9281-8aac1945fbd1,c697ab81-ffed-5fa6-9b51-be0954571d20,2026-27,1,18.05,18.11,17.84,37.74,91.74,A+,f
e1f722cb-fbc5-9565-8860-2bbebc0ac776,4386fcdb-3519-4874-9281-8aac1945fbd1,cc6bfe47-d156-5f3c-a0a6-64be53ff1202,2026-27,1,18.85,18.51,17.94,32.14,87.44,A,f
6359e177-cf37-e9c0-918f-4857e3b80e35,4386fcdb-3519-4874-9281-8aac1945fbd1,945cbb28-3a50-5ed1-8e70-c416ee3f92f0,2026-27,1,17.35,17.91,16.74,37.44,89.44,A,f
18940c47-98ca-e7fe-5875-a47dbaa69932,4386fcdb-3519-4874-9281-8aac1945fbd1,325f5f11-db40-5f00-816d-d66357e36c70,2026-27,1,18.95,15.41,17.84,34.94,87.14,A,f
9bd61b3d-8367-441b-b3fd-eb7779bc15da,4386fcdb-3519-4874-9281-8aac1945fbd1,817d9a6f-e405-58f8-991b-373c31bd4e25,2026-27,1,18.85,18.91,19.14,34.94,91.84,A+,f
f28aa56b-da66-503d-0fa0-7fcaebd29f79,7bf0be70-6df2-479d-b470-bb3581a74893,c697ab81-ffed-5fa6-9b51-be0954571d20,2026-27,1,16.4,17.63,15.71,31.85,81.59,A,f
88b00a58-a34f-7b9e-f85e-5ddb0e210cf2,7bf0be70-6df2-479d-b470-bb3581a74893,cc6bfe47-d156-5f3c-a0a6-64be53ff1202,2026-27,1,15.4,15.03,17.41,32.75,80.59,A,f
3b53e9b5-c7fe-0633-031d-b8e722ae3f47,7bf0be70-6df2-479d-b470-bb3581a74893,945cbb28-3a50-5ed1-8e70-c416ee3f92f0,2026-27,1,16.6,17.13,16.41,34.15,84.29,A,f
853d270c-cb6e-87b8-2c4a-b29a75ffce5c,7bf0be70-6df2-479d-b470-bb3581a74893,325f5f11-db40-5f00-816d-d66357e36c70,2026-27,1,15.4,15.13,17.31,30.95,78.79,B+,f
943dfb1d-b35c-eeb3-9c80-3e55235f92b4,7bf0be70-6df2-479d-b470-bb3581a74893,817d9a6f-e405-58f8-991b-373c31bd4e25,2026-27,1,15.4,14.63,15.41,31.15,76.59,B+,f
8a695266-ebe0-446c-38eb-1bab19b4f4c2,929aacb4-8848-41d5-826b-198fd38c282c,29f10515-0a52-55f4-896b-fa882e11e38e,2026-27,6,15.89,18.44,17.05,32.43,83.81,A,f
46795eca-3d58-92b4-12f2-cd24dddf2ae8,929aacb4-8848-41d5-826b-198fd38c282c,2bc3bd90-0760-5d47-9467-5a5992c412e5,2026-27,6,18.19,16.94,18.55,35.13,88.81,A,f
761b48a6-a1bd-2727-b0ed-32ba1a25082a,929aacb4-8848-41d5-826b-198fd38c282c,d9518e1b-06ba-5f43-b6b9-67d017eaae5d,2026-27,6,16.79,15.44,17.05,31.93,81.21,A,f
9b2bd358-288d-55c6-8797-c8493f0a5766,929aacb4-8848-41d5-826b-198fd38c282c,005078bd-c539-5c44-a631-7e7dd9fb778c,2026-27,6,18.79,17.74,16.15,31.23,83.91,A,f
c04d6e34-b1cf-892d-a45f-0ee00efed9ff,929aacb4-8848-41d5-826b-198fd38c282c,539f9c66-84f9-5b19-943a-cb15d62bbc33,2026-27,6,17.09,15.24,19.15,36.73,88.21,A,f
598347a5-83f1-ba7a-f056-152ab03d6a41,5760b456-3ca1-4a60-8276-caf174ac145c,f8b6ad01-594d-5e52-b325-ed9eb13211e1,2026-27,2,17.53,16.57,16.27,34.64,85.01,A,f
dc3450c9-eb23-e2ef-17da-66e13272c65c,5760b456-3ca1-4a60-8276-caf174ac145c,f27d152a-f613-51a3-aea8-0506e5d24c3a,2026-27,2,17.03,16.97,18.87,32.14,85.01,A,f
301db7d7-a3ed-5397-14e2-418098bd498b,5760b456-3ca1-4a60-8276-caf174ac145c,5297007a-130e-5341-af7a-4e9027c2dadf,2026-27,2,17.33,17.57,18.07,32.64,85.61,A,f
bc2a6e19-506d-1382-8f5b-32d5cbad1428,5760b456-3ca1-4a60-8276-caf174ac145c,c8e42f25-4acd-5f8b-8bce-f0cab27cc71f,2026-27,2,17.13,15.97,18.47,34.94,86.51,A,f
cbbf26a1-093c-b277-45a4-53a2ce6b9ff9,5760b456-3ca1-4a60-8276-caf174ac145c,5ceb5573-0231-5d70-848b-193fcfdb644c,2026-27,2,17.73,17.27,17.37,31.24,83.61,A,f
38437529-c5ca-bb29-909c-3f1774d5bb17,545a7be8-63a6-49f9-82ba-15c729e970ef,f8b6ad01-594d-5e52-b325-ed9eb13211e1,2026-27,2,17.92,16.87,19.4,33.77,87.96,A,f
62de98f6-2b27-f222-66f2-2ab03da5fece,545a7be8-63a6-49f9-82ba-15c729e970ef,f27d152a-f613-51a3-aea8-0506e5d24c3a,2026-27,2,17.82,18.97,16.6,32.87,86.26,A,f
3197698d-a50c-50ae-38fc-ec8a558ddab5,545a7be8-63a6-49f9-82ba-15c729e970ef,5297007a-130e-5341-af7a-4e9027c2dadf,2026-27,2,18.62,15.97,18.8,37.47,90.86,A+,f
d965d261-2294-d4b4-3a4c-3eee136acf63,545a7be8-63a6-49f9-82ba-15c729e970ef,c8e42f25-4acd-5f8b-8bce-f0cab27cc71f,2026-27,2,18.22,17.37,19.2,35.77,90.56,A+,f
265f25f2-2cf7-51d7-903c-79053f1ba187,545a7be8-63a6-49f9-82ba-15c729e970ef,5ceb5573-0231-5d70-848b-193fcfdb644c,2026-27,2,18.22,17.87,19.3,33.77,89.16,A,f
8af5f9ae-6573-aa70-172a-29b2df57a1ca,9f4f4382-b43c-43f7-afd6-7f42cc95e525,29f10515-0a52-55f4-896b-fa882e11e38e,2026-27,6,16.12,16.11,14.25,27.57,74.05,B+,f
78602631-5219-bd75-f226-0db70c3e21ac,9f4f4382-b43c-43f7-afd6-7f42cc95e525,2bc3bd90-0760-5d47-9467-5a5992c412e5,2026-27,6,14.52,16.11,16.45,28.27,75.35,B+,f
0eb9ad36-cf83-bda5-8bbf-f03418638087,9f4f4382-b43c-43f7-afd6-7f42cc95e525,d9518e1b-06ba-5f43-b6b9-67d017eaae5d,2026-27,6,13.82,14.11,16.65,29.47,74.05,B+,f
f240a421-4a7c-3c7a-df99-3676474b93b1,9f4f4382-b43c-43f7-afd6-7f42cc95e525,005078bd-c539-5c44-a631-7e7dd9fb778c,2026-27,6,16.72,14.31,14.45,29.07,74.55,B+,f
24472d57-926f-9f99-d710-5614bdd52815,9f4f4382-b43c-43f7-afd6-7f42cc95e525,539f9c66-84f9-5b19-943a-cb15d62bbc33,2026-27,6,13.82,15.51,15.85,31.67,76.85,B+,f
314e4aa0-a26e-8868-8a00-81888a9700dd,5c99da36-6987-4c0f-91ea-c1c3447edd36,c697ab81-ffed-5fa6-9b51-be0954571d20,2026-27,1,16.32,18.67,19.09,37.0,91.08,A+,f
ebbc6607-0883-b9fa-d6d0-0575f0192c17,5c99da36-6987-4c0f-91ea-c1c3447edd36,cc6bfe47-d156-5f3c-a0a6-64be53ff1202,2026-27,1,17.72,18.57,19.19,31.2,86.68,A,f
9949e7c5-f3ab-7638-03ae-9cc4916e0dd8,5c99da36-6987-4c0f-91ea-c1c3447edd36,945cbb28-3a50-5ed1-8e70-c416ee3f92f0,2026-27,1,16.32,15.87,17.69,34.9,84.78,A,f
28a8ef35-2f25-b155-81fc-1358f3ae94a4,5c99da36-6987-4c0f-91ea-c1c3447edd36,325f5f11-db40-5f00-816d-d66357e36c70,2026-27,1,15.92,17.37,18.59,33.9,85.78,A,f
4354c8ab-3767-ff90-3d79-7984636e5573,5c99da36-6987-4c0f-91ea-c1c3447edd36,817d9a6f-e405-58f8-991b-373c31bd4e25,2026-27,1,18.82,18.87,16.69,34.1,88.48,A,f
fb597da3-6b70-60e8-ca0f-b763ee4d1005,3f481443-2b77-478b-ba13-0edd65a0ef94,29f10515-0a52-55f4-896b-fa882e11e38e,2026-27,6,16.04,15.67,17.78,34.96,84.45,A,f
189ac5b8-a3b1-3ee5-40e3-01153d07507d,3f481443-2b77-478b-ba13-0edd65a0ef94,2bc3bd90-0760-5d47-9467-5a5992c412e5,2026-27,6,16.84,14.97,18.78,32.26,82.85,A,f
d6a42b42-1d0d-59d5-5099-1c2d2db46957,3f481443-2b77-478b-ba13-0edd65a0ef94,d9518e1b-06ba-5f43-b6b9-67d017eaae5d,2026-27,6,16.34,17.37,16.68,30.76,81.15,A,f
d497a239-6f9c-f7cc-7a01-b10b58a36705,3f481443-2b77-478b-ba13-0edd65a0ef94,005078bd-c539-5c44-a631-7e7dd9fb778c,2026-27,6,17.14,18.67,18.08,34.46,88.35,A,f
65ac5314-dfdf-2bdd-783c-0bcc590f7826,3f481443-2b77-478b-ba13-0edd65a0ef94,539f9c66-84f9-5b19-943a-cb15d62bbc33,2026-27,6,18.54,16.17,16.18,31.36,82.25,A,f
67cac4c2-5136-27d8-e5cb-38d1cc816855,c55164d5-fe26-43d4-8621-eac81ae95fc2,c697ab81-ffed-5fa6-9b51-be0954571d20,2026-27,1,16.95,16.06,17.14,32.56,82.71,A,f
a0c98cfa-9da1-d35f-d033-bd67f0f97fd0,c55164d5-fe26-43d4-8621-eac81ae95fc2,cc6bfe47-d156-5f3c-a0a6-64be53ff1202,2026-27,1,15.65,14.66,17.44,31.76,79.51,B+,f
c1901bf4-3b1d-5b99-6326-4946bb757948,c55164d5-fe26-43d4-8621-eac81ae95fc2,945cbb28-3a50-5ed1-8e70-c416ee3f92f0,2026-27,1,15.45,14.06,15.24,32.16,76.91,B+,f
b8005e29-ec2c-799c-75e2-5cd3b6111ddf,c55164d5-fe26-43d4-8621-eac81ae95fc2,325f5f11-db40-5f00-816d-d66357e36c70,2026-27,1,16.25,14.96,16.34,31.36,78.91,B+,f
43aad0b7-2ee3-2ecf-ad93-b6cab5204be2,c55164d5-fe26-43d4-8621-eac81ae95fc2,817d9a6f-e405-58f8-991b-373c31bd4e25,2026-27,1,14.85,16.76,16.14,29.96,77.71,B+,f
361161f1-d3f0-358f-fafd-a8817b9b2e4d,9a194e6c-e199-4b1d-b6bc-4c7f14f60129,f8b6ad01-594d-5e52-b325-ed9eb13211e1,2026-27,2,17.81,17.35,18.16,34.6,87.92,A,f
44e09328-8fc5-286a-d863-daf564f991f2,9a194e6c-e199-4b1d-b6bc-4c7f14f60129,f27d152a-f613-51a3-aea8-0506e5d24c3a,2026-27,2,17.71,16.15,18.36,34.1,86.32,A,f
b5a58053-e4ac-f8a2-ac39-e34c73ee93a7,9a194e6c-e199-4b1d-b6bc-4c7f14f60129,5297007a-130e-5341-af7a-4e9027c2dadf,2026-27,2,16.11,17.45,16.36,33.5,83.42,A,f
22c7e0ed-0dba-6b70-58f3-8e080cc21f8e,9a194e6c-e199-4b1d-b6bc-4c7f14f60129,c8e42f25-4acd-5f8b-8bce-f0cab27cc71f,2026-27,2,16.31,15.65,16.36,36.0,84.32,A,f
a0b49d5b-4b6d-952a-e85c-dd166b47d699,9a194e6c-e199-4b1d-b6bc-4c7f14f60129,5ceb5573-0231-5d70-848b-193fcfdb644c,2026-27,2,17.61,17.15,17.26,33.0,85.02,A,f
3f4da4d5-fb34-3b3c-0cc9-ce12887cfa25,80febf64-2e57-463f-996b-9e3a109abe5b,f8b6ad01-594d-5e52-b325-ed9eb13211e1,2026-27,2,17.16,17.9,15.91,33.41,84.38,A,f
8bf5d79c-aa97-735d-caca-8a827f7aef51,80febf64-2e57-463f-996b-9e3a109abe5b,f27d152a-f613-51a3-aea8-0506e5d24c3a,2026-27,2,17.76,15.8,17.81,35.41,86.78,A,f
3945d576-0aad-7286-6507-ee1250fd3ced,80febf64-2e57-463f-996b-9e3a109abe5b,5297007a-130e-5341-af7a-4e9027c2dadf,2026-27,2,16.86,14.7,17.61,33.61,82.78,A,f
b50327c3-d88d-f74d-7ad7-b68d87ef0f21,80febf64-2e57-463f-996b-9e3a109abe5b,c8e42f25-4acd-5f8b-8bce-f0cab27cc71f,2026-27,2,18.36,17.0,18.11,34.91,88.38,A,f
140f5f1c-f306-3e22-d9fd-479ff29c3683,80febf64-2e57-463f-996b-9e3a109abe5b,5ceb5573-0231-5d70-848b-193fcfdb644c,2026-27,2,17.96,15.3,16.21,30.91,80.38,A,f
2119b159-e4e5-5b41-f78f-d22617e428fe,9c91ebe5-f3dd-4506-a5ec-ff759eb6822a,c697ab81-ffed-5fa6-9b51-be0954571d20,2026-27,1,17.27,15.32,16.74,33.71,83.04,A,f
20500c6e-6341-af6a-863e-f457d34f6d3f,9c91ebe5-f3dd-4506-a5ec-ff759eb6822a,cc6bfe47-d156-5f3c-a0a6-64be53ff1202,2026-27,1,18.67,15.02,16.24,33.71,83.64,A,f
4ed3f12f-f2aa-9e75-19d2-556fafbedfd1,9c91ebe5-f3dd-4506-a5ec-ff759eb6822a,945cbb28-3a50-5ed1-8e70-c416ee3f92f0,2026-27,1,17.47,17.12,16.64,33.41,84.64,A,f
cd6c0a73-8b5f-f3e5-a722-21ffc69117db,9c91ebe5-f3dd-4506-a5ec-ff759eb6822a,325f5f11-db40-5f00-816d-d66357e36c70,2026-27,1,16.87,17.92,16.54,32.41,83.74,A,f
7f8f0738-9f18-060c-019c-3295c08a9a6b,9c91ebe5-f3dd-4506-a5ec-ff759eb6822a,817d9a6f-e405-58f8-991b-373c31bd4e25,2026-27,1,18.77,16.32,16.64,35.61,87.34,A,f
82c2cc0f-5100-fa07-127b-f53d43f188f3,f6b78c99-0303-4774-8547-d43ef73ac4bb,c697ab81-ffed-5fa6-9b51-be0954571d20,2026-27,1,14.24,17.05,15.6,27.72,74.61,B+,f
ff2672c7-eb83-10d4-6fdf-564022c682dd,f6b78c99-0303-4774-8547-d43ef73ac4bb,cc6bfe47-d156-5f3c-a0a6-64be53ff1202,2026-27,1,15.14,13.45,14.8,29.92,73.31,B+,f
90c2216a-48a5-e954-2367-ba6765a396a8,f6b78c99-0303-4774-8547-d43ef73ac4bb,945cbb28-3a50-5ed1-8e70-c416ee3f92f0,2026-27,1,16.04,16.05,16.0,32.32,80.41,A,f
09dd0a9c-d89f-53d8-bb4a-c43657802d9c,f6b78c99-0303-4774-8547-d43ef73ac4bb,325f5f11-db40-5f00-816d-d66357e36c70,2026-27,1,17.04,13.95,16.7,27.42,75.11,B+,f
4032a867-2017-c16e-ba30-efee9d5cd6bd,f6b78c99-0303-4774-8547-d43ef73ac4bb,817d9a6f-e405-58f8-991b-373c31bd4e25,2026-27,1,16.94,14.55,16.6,31.92,80.01,A,f
afa0ef08-fe45-bc2f-4107-0cb7aa6cf767,9892295e-580a-46c4-a44c-cd835411bf76,c697ab81-ffed-5fa6-9b51-be0954571d20,2026-27,1,18.93,17.12,18.91,40.0,94.96,A+,f
db57f18d-5693-a9d9-0b10-8ecaf33756b5,9892295e-580a-46c4-a44c-cd835411bf76,cc6bfe47-d156-5f3c-a0a6-64be53ff1202,2026-27,1,20.0,19.42,20.0,38.49,97.91,A+,f
a005e537-32a0-3234-7c13-0ac237ffb96c,9892295e-580a-46c4-a44c-cd835411bf76,945cbb28-3a50-5ed1-8e70-c416ee3f92f0,2026-27,1,18.43,20.0,18.81,35.49,92.73,A+,f
e726a680-e257-80e7-2b04-057837f0325e,9892295e-580a-46c4-a44c-cd835411bf76,325f5f11-db40-5f00-816d-d66357e36c70,2026-27,1,18.13,17.62,20.0,39.39,95.14,A+,f
a1b36b50-3aee-46f7-c377-5b1196ef9e0a,9892295e-580a-46c4-a44c-cd835411bf76,817d9a6f-e405-58f8-991b-373c31bd4e25,2026-27,1,20.0,20.0,18.51,39.49,98.0,A+,f
62edab75-14f8-a8a6-0d57-f2148470a7d6,dbbe3465-694d-4fc3-8214-7195c6034655,29f10515-0a52-55f4-896b-fa882e11e38e,2026-27,6,14.31,16.0,16.25,31.37,77.93,B+,f
aaf03401-1c9d-611f-5b2b-c782427e2037,dbbe3465-694d-4fc3-8214-7195c6034655,2bc3bd90-0760-5d47-9467-5a5992c412e5,2026-27,6,15.81,14.6,14.55,27.97,72.93,B+,f
6b4cf738-7201-ed43-fb22-b0e9add83c1e,dbbe3465-694d-4fc3-8214-7195c6034655,d9518e1b-06ba-5f43-b6b9-67d017eaae5d,2026-27,6,15.51,13.8,15.95,31.17,76.43,B+,f
33c951b8-20f3-713d-3ac2-847774a749d7,dbbe3465-694d-4fc3-8214-7195c6034655,005078bd-c539-5c44-a631-7e7dd9fb778c,2026-27,6,14.71,13.2,14.55,29.17,71.63,B+,f
2a408752-10f1-09a1-3e21-99892d80eacb,dbbe3465-694d-4fc3-8214-7195c6034655,539f9c66-84f9-5b19-943a-cb15d62bbc33,2026-27,6,14.41,14.0,16.35,28.37,73.13,B+,f
65e2c0f6-7475-f031-5119-81beffe91073,125db4c4-4e53-4c42-857b-9e2f5ea35ae2,730c5632-33dc-5e69-a798-6135043a47aa,2026-27,4,17.9,17.75,16.48,36.62,88.75,A,f
a447cd05-264c-a89c-8be3-14bfbbab040a,125db4c4-4e53-4c42-857b-9e2f5ea35ae2,21e87180-7538-5689-922d-8889674702ed,2026-27,4,16.1,15.35,18.28,32.72,82.45,A,f
3f986abe-7592-eca1-1341-49d579b5a209,125db4c4-4e53-4c42-857b-9e2f5ea35ae2,a71f945b-22bf-5921-85a0-cb1acd7cb2e6,2026-27,4,18.4,15.65,17.18,35.82,87.05,A,f
d07e98a7-ed40-66e6-32fc-78a315c2ff86,125db4c4-4e53-4c42-857b-9e2f5ea35ae2,859db046-894d-53cc-8cb4-3643d0c7f1fe,2026-27,4,17.7,18.05,16.98,36.12,88.85,A,f
00d3b1dd-178a-e4ff-53ef-3a40a5161659,125db4c4-4e53-4c42-857b-9e2f5ea35ae2,40d412e8-fc3b-5972-8ff2-90b35de8a2d3,2026-27,4,18.0,17.95,18.68,37.52,92.15,A+,f
d52c16aa-ea90-df68-5d9e-a2da706a229a,ba709e3b-7a4f-49ed-a2b3-8f573f4f06e8,f8b6ad01-594d-5e52-b325-ed9eb13211e1,2026-27,2,19.44,17.92,18.48,38.02,93.86,A+,f
a5a6ef95-a8d7-ee6e-b112-3c3296a63ad6,ba709e3b-7a4f-49ed-a2b3-8f573f4f06e8,f27d152a-f613-51a3-aea8-0506e5d24c3a,2026-27,2,17.04,17.72,18.38,35.92,89.06,A,f
48142083-d550-24b3-4e18-e1c08f449ded,ba709e3b-7a4f-49ed-a2b3-8f573f4f06e8,5297007a-130e-5341-af7a-4e9027c2dadf,2026-27,2,17.54,17.72,19.28,37.32,91.86,A+,f
99f8259d-767b-e35b-634e-d146d7300c6f,ba709e3b-7a4f-49ed-a2b3-8f573f4f06e8,c8e42f25-4acd-5f8b-8bce-f0cab27cc71f,2026-27,2,17.34,19.82,18.98,39.22,95.36,A+,f
46751bc2-05c4-3009-97c0-c642935eb157,ba709e3b-7a4f-49ed-a2b3-8f573f4f06e8,5ceb5573-0231-5d70-848b-193fcfdb644c,2026-27,2,18.44,16.72,20.0,36.52,91.68,A+,f
809ab913-f922-e53b-5883-c0f085351945,47e15ebf-3fe3-4f47-a31e-070a0ffd9c90,730c5632-33dc-5e69-a798-6135043a47aa,2026-27,4,18.67,18.51,17.73,33.56,88.47,A,f
8c4a3c95-b230-6046-4791-dc409ab009e1,47e15ebf-3fe3-4f47-a31e-070a0ffd9c90,21e87180-7538-5689-922d-8889674702ed,2026-27,4,16.27,15.51,18.13,34.36,84.27,A,f
e43714c5-db5b-09b8-3d2f-719f978427d5,47e15ebf-3fe3-4f47-a31e-070a0ffd9c90,a71f945b-22bf-5921-85a0-cb1acd7cb2e6,2026-27,4,17.37,16.61,17.23,35.76,86.97,A,f
557ed043-9b80-993b-beb8-99143132d95f,47e15ebf-3fe3-4f47-a31e-070a0ffd9c90,859db046-894d-53cc-8cb4-3643d0c7f1fe,2026-27,4,15.97,16.81,16.33,32.16,81.27,A,f
c648e7f0-f3fc-6628-bdf9-254aa003d779,47e15ebf-3fe3-4f47-a31e-070a0ffd9c90,40d412e8-fc3b-5972-8ff2-90b35de8a2d3,2026-27,4,16.27,16.11,18.53,35.16,86.07,A,f
29f8f4c2-7b75-ce9e-e195-209cf7e13b41,92c83e9c-7805-4331-b1dc-5ae8d93f90c1,29f10515-0a52-55f4-896b-fa882e11e38e,2026-27,6,16.26,17.12,16.86,32.39,82.63,A,f
2d10e6e9-eac4-a309-5094-1c4934a06637,92c83e9c-7805-4331-b1dc-5ae8d93f90c1,2bc3bd90-0760-5d47-9467-5a5992c412e5,2026-27,6,18.56,18.42,16.76,36.29,90.03,A+,f
1dd869de-0a0f-f618-125d-0c3509b59063,92c83e9c-7805-4331-b1dc-5ae8d93f90c1,d9518e1b-06ba-5f43-b6b9-67d017eaae5d,2026-27,6,18.46,16.62,18.96,32.39,86.43,A,f
b1a7c0af-3315-1ecc-2f96-8fe6c31c14c0,92c83e9c-7805-4331-b1dc-5ae8d93f90c1,005078bd-c539-5c44-a631-7e7dd9fb778c,2026-27,6,16.46,16.92,16.96,36.59,86.93,A,f
e48e908e-2277-c345-484d-49751b33402f,92c83e9c-7805-4331-b1dc-5ae8d93f90c1,539f9c66-84f9-5b19-943a-cb15d62bbc33,2026-27,6,17.36,17.42,18.56,32.09,85.43,A,f
b273489f-2c63-fd0e-3ea3-61c9226b5196,9f545a85-3bc1-482c-a992-727ba0d9e010,f8b6ad01-594d-5e52-b325-ed9eb13211e1,2026-27,2,17.22,16.53,15.59,33.44,82.78,A,f
9f6b1911-d50f-4352-ddfe-91c0dc95b452,9f545a85-3bc1-482c-a992-727ba0d9e010,f27d152a-f613-51a3-aea8-0506e5d24c3a,2026-27,2,14.92,16.83,16.79,28.84,77.38,B+,f
a0296702-c20e-fc09-d8fa-af747afad779,9f545a85-3bc1-482c-a992-727ba0d9e010,5297007a-130e-5341-af7a-4e9027c2dadf,2026-27,2,16.02,15.73,16.49,29.04,77.28,B+,f
f0244368-aac0-73e8-8a03-c2d308c6f47e,9f545a85-3bc1-482c-a992-727ba0d9e010,c8e42f25-4acd-5f8b-8bce-f0cab27cc71f,2026-27,2,14.52,13.63,14.89,32.14,75.18,B+,f
66be99a9-70b5-ec17-5d04-833d32a60a4c,9f545a85-3bc1-482c-a992-727ba0d9e010,5ceb5573-0231-5d70-848b-193fcfdb644c,2026-27,2,15.12,15.93,15.69,33.74,80.48,A,f
fde794f6-74cf-23a2-5008-eb389df04f15,d0b60c6f-7009-4b51-912f-efa832392c26,29f10515-0a52-55f4-896b-fa882e11e38e,2026-27,6,15.46,17.68,15.46,28.99,77.59,B+,f
8223b073-4413-479c-a8ff-dbe8dfa7a455,d0b60c6f-7009-4b51-912f-efa832392c26,2bc3bd90-0760-5d47-9467-5a5992c412e5,2026-27,6,17.46,14.68,16.66,31.49,80.29,A,f
40e44d6f-a4ea-3f44-52ec-c26fdb037709,d0b60c6f-7009-4b51-912f-efa832392c26,d9518e1b-06ba-5f43-b6b9-67d017eaae5d,2026-27,6,14.96,16.98,17.76,31.19,80.89,A,f
98ae074b-4b5a-9aec-ba55-862f75fff88d,d0b60c6f-7009-4b51-912f-efa832392c26,005078bd-c539-5c44-a631-7e7dd9fb778c,2026-27,6,17.66,15.48,17.06,33.49,83.69,A,f
0c4d2c99-ac30-2f28-2f8c-181f759e535d,d0b60c6f-7009-4b51-912f-efa832392c26,539f9c66-84f9-5b19-943a-cb15d62bbc33,2026-27,6,17.46,15.38,17.66,29.29,79.79,B+,f
25e5e343-d57b-930e-b724-8cb63c192d21,2e2b1ef9-16ac-4184-aa15-e1150f6ac482,29f10515-0a52-55f4-896b-fa882e11e38e,2026-27,6,20.0,18.2,20.0,40.0,98.2,A+,f
9dea12cf-9dc4-f314-cea2-78fc9f9ebdaa,2e2b1ef9-16ac-4184-aa15-e1150f6ac482,2bc3bd90-0760-5d47-9467-5a5992c412e5,2026-27,6,20.0,18.7,20.0,39.2,97.9,A+,f
516aa89a-2b7f-f056-b6c8-4a01301b0ac0,2e2b1ef9-16ac-4184-aa15-e1150f6ac482,d9518e1b-06ba-5f43-b6b9-67d017eaae5d,2026-27,6,19.4,17.4,20.0,36.0,92.8,A+,f
5fef2683-bb07-8728-ced3-0b61e15048e0,2e2b1ef9-16ac-4184-aa15-e1150f6ac482,005078bd-c539-5c44-a631-7e7dd9fb778c,2026-27,6,19.9,19.9,20.0,40.0,99.8,A+,f
1ddd0079-ae12-cccb-a160-1f7bf7033e54,2e2b1ef9-16ac-4184-aa15-e1150f6ac482,539f9c66-84f9-5b19-943a-cb15d62bbc33,2026-27,6,20.0,20.0,20.0,37.6,97.6,A+,f
a6d3d3be-c7bf-4d32-973f-585afba41eb9,af9854a3-9ec9-44ff-83f1-834da464c382,f8b6ad01-594d-5e52-b325-ed9eb13211e1,2026-27,2,17.96,18.62,17.26,35.71,89.55,A,f
c0ef9007-06a0-a342-840d-a16c9f0dc14f,af9854a3-9ec9-44ff-83f1-834da464c382,f27d152a-f613-51a3-aea8-0506e5d24c3a,2026-27,2,16.86,17.12,19.46,34.71,88.15,A,f
567bc5ce-fe5f-c332-9c36-458cca6154e1,af9854a3-9ec9-44ff-83f1-834da464c382,5297007a-130e-5341-af7a-4e9027c2dadf,2026-27,2,17.76,15.82,18.46,33.21,85.25,A,f
149d8107-cba3-0832-19d3-be3a46ee4a53,af9854a3-9ec9-44ff-83f1-834da464c382,c8e42f25-4acd-5f8b-8bce-f0cab27cc71f,2026-27,2,18.26,17.32,18.46,33.11,87.15,A,f
8f317da0-300e-16a1-e76c-e033cb75ca83,af9854a3-9ec9-44ff-83f1-834da464c382,5ceb5573-0231-5d70-848b-193fcfdb644c,2026-27,2,18.66,15.72,16.76,34.61,85.75,A,f
479a44cb-6f77-9baf-0ad0-becd8c932a94,37d57dad-e268-4057-8a72-d0f484cfb87d,f8b6ad01-594d-5e52-b325-ed9eb13211e1,2026-27,2,16.8,18.26,19.09,35.53,89.68,A,f
17d82407-4792-c0cb-b7ef-4d7669bde13c,37d57dad-e268-4057-8a72-d0f484cfb87d,f27d152a-f613-51a3-aea8-0506e5d24c3a,2026-27,2,17.4,16.06,17.59,32.53,83.58,A,f
4c842509-f500-8360-de68-89d605907601,37d57dad-e268-4057-8a72-d0f484cfb87d,5297007a-130e-5341-af7a-4e9027c2dadf,2026-27,2,16.7,19.26,16.59,36.23,88.78,A,f
0158d6b2-dfb2-d2a3-2ef3-48ebebc90eeb,37d57dad-e268-4057-8a72-d0f484cfb87d,c8e42f25-4acd-5f8b-8bce-f0cab27cc71f,2026-27,2,19.1,16.76,17.09,35.23,88.18,A,f
0445ce9b-cd3e-d8d9-b966-e42676df8817,37d57dad-e268-4057-8a72-d0f484cfb87d,5ceb5573-0231-5d70-848b-193fcfdb644c,2026-27,2,16.2,16.66,18.69,35.73,87.28,A,f
1b83e49b-11f9-e3ad-f7c5-df0eb0aea3ae,f520acfc-42f8-4810-9793-1442a4009adf,29f10515-0a52-55f4-896b-fa882e11e38e,2026-27,6,16.85,19.62,17.26,37.64,91.37,A+,f
4c3e25ad-6fe1-0c3c-b7c2-dcdfd1c6d0c3,f520acfc-42f8-4810-9793-1442a4009adf,2bc3bd90-0760-5d47-9467-5a5992c412e5,2026-27,6,16.75,16.02,18.26,34.84,85.87,A,f
aa6f03db-6cd0-5f45-d80f-06e468282f9c,f520acfc-42f8-4810-9793-1442a4009adf,d9518e1b-06ba-5f43-b6b9-67d017eaae5d,2026-27,6,19.35,18.82,18.56,32.94,89.67,A,f
425ee789-2735-75a3-bbf6-023b84bb9748,f520acfc-42f8-4810-9793-1442a4009adf,005078bd-c539-5c44-a631-7e7dd9fb778c,2026-27,6,18.45,15.72,17.96,38.04,90.17,A+,f
6f69e1bb-73b6-5103-87d6-41efae408127,f520acfc-42f8-4810-9793-1442a4009adf,539f9c66-84f9-5b19-943a-cb15d62bbc33,2026-27,6,19.45,15.72,19.46,37.34,91.97,A+,f
c41198fb-22ba-4e77-74c4-de9a0ac87b6b,de59e297-4917-4419-9ea9-993422cefcf2,730c5632-33dc-5e69-a798-6135043a47aa,2026-27,4,20.0,17.58,17.85,37.9,93.33,A+,f
4b65d8a0-892c-ea0c-879f-f7f6a9cda55b,de59e297-4917-4419-9ea9-993422cefcf2,21e87180-7538-5689-922d-8889674702ed,2026-27,4,19.9,20.0,20.0,40.0,99.9,A+,f
4262e1b0-0385-19ca-1300-261f0617e23c,de59e297-4917-4419-9ea9-993422cefcf2,a71f945b-22bf-5921-85a0-cb1acd7cb2e6,2026-27,4,19.6,17.58,19.95,40.0,97.13,A+,f
f8ce8565-57a1-2720-2099-36e14966bd05,de59e297-4917-4419-9ea9-993422cefcf2,859db046-894d-53cc-8cb4-3643d0c7f1fe,2026-27,4,19.8,19.18,18.45,34.9,92.33,A+,f
7572dc67-bbc8-40ca-9b35-5c98bd286a99,de59e297-4917-4419-9ea9-993422cefcf2,40d412e8-fc3b-5972-8ff2-90b35de8a2d3,2026-27,4,19.6,18.08,18.95,34.8,91.43,A+,f
fd24c00b-de63-8f82-99ad-4e0ceaf40043,462f96fa-ebb2-43c1-a1a7-90d65999932b,730c5632-33dc-5e69-a798-6135043a47aa,2026-27,4,18.3,18.36,19.19,33.05,88.9,A,f
aecfe538-c4a6-683a-32e2-50080ba494d5,462f96fa-ebb2-43c1-a1a7-90d65999932b,21e87180-7538-5689-922d-8889674702ed,2026-27,4,16.8,18.56,18.69,32.25,86.3,A,f
35fb1f24-86bc-d88d-9e48-b71eeba952a6,462f96fa-ebb2-43c1-a1a7-90d65999932b,a71f945b-22bf-5921-85a0-cb1acd7cb2e6,2026-27,4,16.6,16.96,17.59,35.05,86.2,A,f
426ac6bb-a844-4e1a-6934-dd830c077d4e,462f96fa-ebb2-43c1-a1a7-90d65999932b,859db046-894d-53cc-8cb4-3643d0c7f1fe,2026-27,4,19.2,15.76,19.19,32.75,86.9,A,f
f4e51388-ba37-2252-a073-ee9da73f5444,462f96fa-ebb2-43c1-a1a7-90d65999932b,40d412e8-fc3b-5972-8ff2-90b35de8a2d3,2026-27,4,17.4,18.96,18.19,37.75,92.3,A+,f
101e3396-f19b-b849-c64f-207d8f2947b6,61ce7a25-8966-4297-b408-3fb30cbc9394,f8b6ad01-594d-5e52-b325-ed9eb13211e1,2026-27,2,19.64,17.62,18.68,39.62,95.56,A+,f
d664224c-70c0-edbe-c5aa-7260bb1c54ff,61ce7a25-8966-4297-b408-3fb30cbc9394,f27d152a-f613-51a3-aea8-0506e5d24c3a,2026-27,2,18.74,17.92,19.78,33.92,90.36,A+,f
9e367ae1-1d1b-a454-8df6-ecbb7e358843,61ce7a25-8966-4297-b408-3fb30cbc9394,5297007a-130e-5341-af7a-4e9027c2dadf,2026-27,2,17.84,19.32,19.38,37.22,93.76,A+,f
30deeebd-ef3e-8f3e-533e-5529ba00b8d4,61ce7a25-8966-4297-b408-3fb30cbc9394,c8e42f25-4acd-5f8b-8bce-f0cab27cc71f,2026-27,2,17.64,20.0,18.18,37.72,93.54,A+,f
221ebf96-31d2-ab04-3b70-76960ff2943e,61ce7a25-8966-4297-b408-3fb30cbc9394,5ceb5573-0231-5d70-848b-193fcfdb644c,2026-27,2,19.14,17.42,18.78,38.12,93.46,A+,f
68ca2c71-61b8-b5b9-3bc5-f565c6f342cf,ed3cb4c4-51b8-4080-80b2-41dbfca48bad,f8b6ad01-594d-5e52-b325-ed9eb13211e1,2026-27,2,16.57,17.38,16.55,32.68,83.18,A,f
f890742b-f2e5-ebb5-1723-ecbcc86e729f,ed3cb4c4-51b8-4080-80b2-41dbfca48bad,f27d152a-f613-51a3-aea8-0506e5d24c3a,2026-27,2,16.57,16.18,15.85,33.98,82.58,A,f
910f04cf-bdfa-a1e5-5248-562d3cd4b2b7,ed3cb4c4-51b8-4080-80b2-41dbfca48bad,5297007a-130e-5341-af7a-4e9027c2dadf,2026-27,2,15.57,13.78,16.65,32.78,78.78,B+,f
7e021ddc-cd8d-bf63-5e75-84454a018544,ed3cb4c4-51b8-4080-80b2-41dbfca48bad,c8e42f25-4acd-5f8b-8bce-f0cab27cc71f,2026-27,2,17.17,15.78,16.05,31.78,80.78,A,f
d2cd616f-fc22-b36e-0abb-6410ee5d90fd,ed3cb4c4-51b8-4080-80b2-41dbfca48bad,5ceb5573-0231-5d70-848b-193fcfdb644c,2026-27,2,16.37,13.68,16.25,28.38,74.68,B+,f
44bffd89-fbcd-56bd-dd26-87a0da27f00c,15035786-a854-4712-ba07-482404db9f3f,f8b6ad01-594d-5e52-b325-ed9eb13211e1,2026-27,2,17.53,20.0,19.96,37.89,95.38,A+,f
39850585-332d-c535-5fad-90126291e56b,15035786-a854-4712-ba07-482404db9f3f,f27d152a-f613-51a3-aea8-0506e5d24c3a,2026-27,2,17.43,17.8,18.56,39.39,93.18,A+,f
99fcfe57-0887-891f-39da-80eb02963e95,15035786-a854-4712-ba07-482404db9f3f,5297007a-130e-5341-af7a-4e9027c2dadf,2026-27,2,17.33,18.1,20.0,34.89,90.32,A+,f
1a261513-3bfc-6225-313e-1ba67d8f7a1c,15035786-a854-4712-ba07-482404db9f3f,c8e42f25-4acd-5f8b-8bce-f0cab27cc71f,2026-27,2,18.23,19.6,19.36,35.69,92.88,A+,f
d68b9e0d-d4fd-1e67-3ea5-8446edb55644,15035786-a854-4712-ba07-482404db9f3f,5ceb5573-0231-5d70-848b-193fcfdb644c,2026-27,2,17.73,17.3,19.96,37.99,92.98,A+,f
3c6b58c4-fac5-c4c1-4731-a0df8fc373b3,f19a3f7c-62da-4bb6-9006-cd08dc661cd9,29f10515-0a52-55f4-896b-fa882e11e38e,2026-27,6,16.27,17.11,16.83,32.66,82.87,A,f
817490a3-cf5b-e7e0-d675-ab56e13f4b6d,f19a3f7c-62da-4bb6-9006-cd08dc661cd9,2bc3bd90-0760-5d47-9467-5a5992c412e5,2026-27,6,17.57,18.21,18.53,34.16,88.47,A,f
3c4f95ad-f9f3-bb5b-c75d-8be2450727d6,f19a3f7c-62da-4bb6-9006-cd08dc661cd9,d9518e1b-06ba-5f43-b6b9-67d017eaae5d,2026-27,6,16.77,14.91,16.03,34.86,82.57,A,f
8945f10d-9648-8bb3-36cb-ed6680cc9557,f19a3f7c-62da-4bb6-9006-cd08dc661cd9,005078bd-c539-5c44-a631-7e7dd9fb778c,2026-27,6,17.47,17.91,17.43,35.36,88.17,A,f
3338712c-7a1a-9306-cac7-96151409be12,f19a3f7c-62da-4bb6-9006-cd08dc661cd9,539f9c66-84f9-5b19-943a-cb15d62bbc33,2026-27,6,17.17,16.11,16.33,33.46,83.07,A,f
78bfc6fd-a550-ad22-cbd2-e470c5a67247,6dd58b53-2cc0-4281-acca-3b74475ef268,c697ab81-ffed-5fa6-9b51-be0954571d20,2026-27,1,16.52,14.76,16.57,34.52,82.37,A,f
de43aa00-718c-a121-6916-6543fd990308,6dd58b53-2cc0-4281-acca-3b74475ef268,cc6bfe47-d156-5f3c-a0a6-64be53ff1202,2026-27,1,17.52,18.26,18.67,33.12,87.57,A,f
26db05ca-614b-baed-c660-fb956eb5d648,6dd58b53-2cc0-4281-acca-3b74475ef268,945cbb28-3a50-5ed1-8e70-c416ee3f92f0,2026-27,1,18.22,17.46,17.87,33.52,87.07,A,f
d19eac0b-c0ac-f9d7-850b-ad617a78eac3,6dd58b53-2cc0-4281-acca-3b74475ef268,325f5f11-db40-5f00-816d-d66357e36c70,2026-27,1,16.52,16.26,15.87,36.22,84.87,A,f
425f6809-aafd-f832-afc1-6c41812fc890,6dd58b53-2cc0-4281-acca-3b74475ef268,817d9a6f-e405-58f8-991b-373c31bd4e25,2026-27,1,15.92,18.56,17.67,35.82,87.97,A,f
7499b0ce-e877-55d1-2977-6460298d8cb4,1b298305-c00d-48fe-a978-77e6d1094380,29f10515-0a52-55f4-896b-fa882e11e38e,2026-27,6,20.0,18.63,19.7,36.62,94.95,A+,f
a75a554f-bad3-1335-f652-faaf7c16ff04,1b298305-c00d-48fe-a978-77e6d1094380,2bc3bd90-0760-5d47-9467-5a5992c412e5,2026-27,6,18.24,18.83,19.3,39.82,96.19,A+,f
82b89e08-aecd-7b01-2ef5-b6fa65262c90,1b298305-c00d-48fe-a978-77e6d1094380,d9518e1b-06ba-5f43-b6b9-67d017eaae5d,2026-27,6,19.94,19.43,19.8,39.42,98.59,A+,f
2ade4c54-49ad-0dcb-3606-0613ff4d035e,1b298305-c00d-48fe-a978-77e6d1094380,005078bd-c539-5c44-a631-7e7dd9fb778c,2026-27,6,19.04,16.53,18.5,35.92,89.99,A,f
df8a3a58-5155-2d09-7e6a-841e30fdea5d,1b298305-c00d-48fe-a978-77e6d1094380,539f9c66-84f9-5b19-943a-cb15d62bbc33,2026-27,6,20.0,18.33,18.9,35.52,92.75,A+,f
3f1c7b69-6e02-ec54-686b-0037bc6b6238,5c01ce5e-5490-466c-8049-69144542083b,f8b6ad01-594d-5e52-b325-ed9eb13211e1,2026-27,2,14.87,14.49,17.18,33.46,80.0,A,f
7536856d-3a5a-e274-be62-95b468001743,5c01ce5e-5490-466c-8049-69144542083b,f27d152a-f613-51a3-aea8-0506e5d24c3a,2026-27,2,17.87,16.09,17.58,32.96,84.5,A,f
d30b7b52-1c32-4e5a-e96a-07944f888e51,5c01ce5e-5490-466c-8049-69144542083b,5297007a-130e-5341-af7a-4e9027c2dadf,2026-27,2,16.17,14.29,17.98,29.36,77.8,B+,f
42d50b91-990a-85a8-5ddf-3b9e23885871,5c01ce5e-5490-466c-8049-69144542083b,c8e42f25-4acd-5f8b-8bce-f0cab27cc71f,2026-27,2,15.77,15.99,18.18,33.46,83.4,A,f
c3ed62ce-7ed2-28ac-87bd-807e84cfc6e1,5c01ce5e-5490-466c-8049-69144542083b,5ceb5573-0231-5d70-848b-193fcfdb644c,2026-27,2,16.17,16.29,16.78,33.86,83.1,A,f
9e7b3b06-4e78-8140-872c-1c3c717b7a00,0878c386-776f-4526-a2ad-676bcf927e67,730c5632-33dc-5e69-a798-6135043a47aa,2026-27,4,16.52,16.67,16.79,36.24,86.22,A,f
3e11562f-85fc-0915-5412-4ffc8d9eb865,0878c386-776f-4526-a2ad-676bcf927e67,21e87180-7538-5689-922d-8889674702ed,2026-27,4,16.32,16.77,18.09,34.44,85.62,A,f
cba85f37-c4c2-cfb7-88c9-2cd86395c8af,0878c386-776f-4526-a2ad-676bcf927e67,a71f945b-22bf-5921-85a0-cb1acd7cb2e6,2026-27,4,17.32,16.97,17.19,33.14,84.62,A,f
50c2b3e2-a5d3-aaff-e90f-7883b07c4608,0878c386-776f-4526-a2ad-676bcf927e67,859db046-894d-53cc-8cb4-3643d0c7f1fe,2026-27,4,16.02,16.87,19.09,31.54,83.52,A,f
1a6e701c-afeb-7c80-a764-d062b8e855a6,0878c386-776f-4526-a2ad-676bcf927e67,40d412e8-fc3b-5972-8ff2-90b35de8a2d3,2026-27,4,18.12,17.87,18.69,34.74,89.42,A,f
80c494a1-7efe-e3c9-e4b6-9771f5cdea39,19d1eb1c-0a4d-4c18-8ebe-285b2645cf18,29f10515-0a52-55f4-896b-fa882e11e38e,2026-27,6,17.62,14.35,15.64,31.82,79.43,B+,f
2d8af95f-9434-5447-394c-fd1d66bf3116,19d1eb1c-0a4d-4c18-8ebe-285b2645cf18,2bc3bd90-0760-5d47-9467-5a5992c412e5,2026-27,6,16.62,16.95,17.74,29.62,80.93,A,f
85235761-f5a4-8d3b-d3e7-af649a2d6bdd,19d1eb1c-0a4d-4c18-8ebe-285b2645cf18,d9518e1b-06ba-5f43-b6b9-67d017eaae5d,2026-27,6,17.32,18.15,18.24,32.22,85.93,A,f
955b260e-e78e-1f3b-2587-4b0cfab426ba,19d1eb1c-0a4d-4c18-8ebe-285b2645cf18,005078bd-c539-5c44-a631-7e7dd9fb778c,2026-27,6,15.22,16.25,17.84,34.92,84.23,A,f
2c9a8677-9c9d-5754-a462-bbda1429bdcd,19d1eb1c-0a4d-4c18-8ebe-285b2645cf18,539f9c66-84f9-5b19-943a-cb15d62bbc33,2026-27,6,18.02,17.95,15.44,34.72,86.13,A,f
a3449d2d-0247-e21b-9d0f-564301fbb0e5,f7a70478-994f-4ebb-9078-73b5e632c2e8,730c5632-33dc-5e69-a798-6135043a47aa,2026-27,4,18.32,17.49,19.84,33.6,89.25,A,f
5cf31ffd-59e3-2297-71b9-2b5dbbfb15d6,f7a70478-994f-4ebb-9078-73b5e632c2e8,21e87180-7538-5689-922d-8889674702ed,2026-27,4,18.82,19.09,18.54,38.0,94.45,A+,f
11e9fd3a-eda1-73b8-f8fb-7d5b74064abe,f7a70478-994f-4ebb-9078-73b5e632c2e8,a71f945b-22bf-5921-85a0-cb1acd7cb2e6,2026-27,4,16.62,16.09,18.34,32.9,83.95,A,f
330cef31-e19d-333c-caaa-c94f60ca3b70,f7a70478-994f-4ebb-9078-73b5e632c2e8,859db046-894d-53cc-8cb4-3643d0c7f1fe,2026-27,4,18.02,18.19,18.84,36.9,91.95,A+,f
a274c0c8-d199-a7b2-82af-81eb8c899f0f,f7a70478-994f-4ebb-9078-73b5e632c2e8,40d412e8-fc3b-5972-8ff2-90b35de8a2d3,2026-27,4,16.82,19.19,18.14,34.3,88.45,A,f
66507611-80d4-97ec-7cfe-1b15f4101c8e,5044810a-2a6e-4956-8c77-4f38cb201e6d,f8b6ad01-594d-5e52-b325-ed9eb13211e1,2026-27,2,16.5,16.53,17.33,32.82,83.18,A,f
ed95c9ab-dc01-127c-204b-bfa948e3e029,5044810a-2a6e-4956-8c77-4f38cb201e6d,f27d152a-f613-51a3-aea8-0506e5d24c3a,2026-27,2,17.7,18.43,16.93,31.72,84.78,A,f
b9a9bd8a-e852-3a73-e741-6a6d99211d45,5044810a-2a6e-4956-8c77-4f38cb201e6d,5297007a-130e-5341-af7a-4e9027c2dadf,2026-27,2,17.2,14.63,16.43,31.32,79.58,B+,f
9a1cab97-83d0-e4e0-df25-0d071ebd5ee5,5044810a-2a6e-4956-8c77-4f38cb201e6d,c8e42f25-4acd-5f8b-8bce-f0cab27cc71f,2026-27,2,16.4,15.33,16.43,34.02,82.18,A,f
427efb72-2a78-64f7-79f3-6d55aaa08f06,5044810a-2a6e-4956-8c77-4f38cb201e6d,5ceb5573-0231-5d70-848b-193fcfdb644c,2026-27,2,17.3,15.33,18.23,34.22,85.08,A,f
f3e484aa-ecb6-f1fc-11c0-faad40d4d962,de8b3d49-9000-4783-844d-7ec5a8748326,f8b6ad01-594d-5e52-b325-ed9eb13211e1,2026-27,2,18.63,17.5,17.55,36.22,89.9,A,f
1fd0d1c8-88df-b75b-62a5-63785fdc0146,de8b3d49-9000-4783-844d-7ec5a8748326,f27d152a-f613-51a3-aea8-0506e5d24c3a,2026-27,2,17.63,18.9,18.55,35.22,90.3,A+,f
e51d4367-729f-edef-86c6-63ea28df6df1,de8b3d49-9000-4783-844d-7ec5a8748326,5297007a-130e-5341-af7a-4e9027c2dadf,2026-27,2,19.33,17.0,19.05,33.52,88.9,A,f
4b9ff1c0-8c83-26c7-13ad-2283bc35976f,de8b3d49-9000-4783-844d-7ec5a8748326,c8e42f25-4acd-5f8b-8bce-f0cab27cc71f,2026-27,2,17.33,16.0,19.25,33.02,85.6,A,f
c0b58d80-abcc-aa5e-f747-0dc3cf4b0b61,de8b3d49-9000-4783-844d-7ec5a8748326,5ceb5573-0231-5d70-848b-193fcfdb644c,2026-27,2,19.03,16.4,17.65,38.12,91.2,A+,f
d85aadc9-ef2d-d71b-de80-bac00c5f5c16,78cd1b79-c9e7-4568-aa23-5d2ed5bbccd1,730c5632-33dc-5e69-a798-6135043a47aa,2026-27,4,16.58,18.12,16.64,30.88,82.22,A,f
fc4ababa-0eb2-3f65-9247-fffd9bed5973,78cd1b79-c9e7-4568-aa23-5d2ed5bbccd1,21e87180-7538-5689-922d-8889674702ed,2026-27,4,18.58,15.02,17.94,35.78,87.32,A,f
d3824a0d-2a15-12fa-fdc5-c0f3d16ece9e,78cd1b79-c9e7-4568-aa23-5d2ed5bbccd1,a71f945b-22bf-5921-85a0-cb1acd7cb2e6,2026-27,4,16.98,16.62,18.94,32.98,85.52,A,f
1d2d204d-d627-40b3-649b-e8db15d23bc4,78cd1b79-c9e7-4568-aa23-5d2ed5bbccd1,859db046-894d-53cc-8cb4-3643d0c7f1fe,2026-27,4,17.78,15.22,17.64,35.18,85.82,A,f
164c9cc5-2349-c88c-f152-8a769ddf4146,78cd1b79-c9e7-4568-aa23-5d2ed5bbccd1,40d412e8-fc3b-5972-8ff2-90b35de8a2d3,2026-27,4,17.98,18.42,17.34,33.78,87.52,A,f
bd134e3b-e8e5-a055-f53e-d151a1761da4,94bc0fca-5f06-450c-b0e9-dd58fca94c97,730c5632-33dc-5e69-a798-6135043a47aa,2026-27,4,15.83,17.45,16.34,32.99,82.61,A,f
ff1942be-c27c-1629-0763-43590c468d6a,94bc0fca-5f06-450c-b0e9-dd58fca94c97,21e87180-7538-5689-922d-8889674702ed,2026-27,4,16.83,17.75,17.24,31.19,83.01,A,f
0f8ef51d-e2fb-00e7-f1b5-7daf49c27a11,94bc0fca-5f06-450c-b0e9-dd58fca94c97,a71f945b-22bf-5921-85a0-cb1acd7cb2e6,2026-27,4,16.63,17.05,16.14,33.89,83.71,A,f
b9ab994f-2a99-601f-3941-add642ba1e25,94bc0fca-5f06-450c-b0e9-dd58fca94c97,859db046-894d-53cc-8cb4-3643d0c7f1fe,2026-27,4,16.23,14.85,15.44,29.89,76.41,B+,f
22763ab3-ff11-4817-f4d2-f39a12c7ce9d,94bc0fca-5f06-450c-b0e9-dd58fca94c97,40d412e8-fc3b-5972-8ff2-90b35de8a2d3,2026-27,4,16.43,16.95,15.74,29.69,78.81,B+,f
219e18c6-333d-192b-334c-64870175f24d,fc3b8e2d-585f-4339-8e49-7058af1b1d72,c697ab81-ffed-5fa6-9b51-be0954571d20,2026-27,1,16.99,17.41,17.48,30.65,82.53,A,f
500e6490-1f23-99bf-0ea7-8eb08e63b463,fc3b8e2d-585f-4339-8e49-7058af1b1d72,cc6bfe47-d156-5f3c-a0a6-64be53ff1202,2026-27,1,14.79,14.21,17.18,28.75,74.93,B+,f
6a089fef-4c37-b450-c67a-dd3633806190,fc3b8e2d-585f-4339-8e49-7058af1b1d72,945cbb28-3a50-5ed1-8e70-c416ee3f92f0,2026-27,1,17.59,15.21,16.98,30.15,79.93,B+,f
715a3a5e-bc59-1f61-d428-6e3bc830ccf4,fc3b8e2d-585f-4339-8e49-7058af1b1d72,325f5f11-db40-5f00-816d-d66357e36c70,2026-27,1,17.29,16.81,16.58,31.55,82.23,A,f
c87fc4a2-a8ea-2cef-ea2c-04079d831fd5,fc3b8e2d-585f-4339-8e49-7058af1b1d72,817d9a6f-e405-58f8-991b-373c31bd4e25,2026-27,1,15.99,15.31,17.68,30.85,79.83,B+,f
f3cb781a-4a0f-0827-c290-4f2974fba5d0,bb8e640c-1366-4e43-90ab-77bf5c234dd3,f8b6ad01-594d-5e52-b325-ed9eb13211e1,2026-27,2,16.65,13.85,15.9,27.31,73.71,B+,f
6ad1dba4-29a4-2a4a-1ad8-8d5b745f28e4,bb8e640c-1366-4e43-90ab-77bf5c234dd3,f27d152a-f613-51a3-aea8-0506e5d24c3a,2026-27,2,15.85,15.75,16.7,32.71,81.01,A,f
fdc6a3a9-84a8-e7c8-1b94-cf2cc7abc063,bb8e640c-1366-4e43-90ab-77bf5c234dd3,5297007a-130e-5341-af7a-4e9027c2dadf,2026-27,2,15.55,14.55,15.3,29.91,75.31,B+,f
3b716aed-480c-d4e8-6e33-d9103be2e54c,bb8e640c-1366-4e43-90ab-77bf5c234dd3,c8e42f25-4acd-5f8b-8bce-f0cab27cc71f,2026-27,2,17.05,14.25,16.9,31.51,79.71,B+,f
00698d24-c031-4c8d-6dd3-836e2ded3658,bb8e640c-1366-4e43-90ab-77bf5c234dd3,5ceb5573-0231-5d70-848b-193fcfdb644c,2026-27,2,15.65,13.15,15.2,27.21,71.21,B+,f
6cce87b2-8c3b-d813-e06e-b5663e173ddc,733ccf43-f0e7-4ca1-83bd-68726181d40b,f8b6ad01-594d-5e52-b325-ed9eb13211e1,2026-27,2,17.16,18.09,15.9,33.26,84.41,A,f
5ba78166-3c48-c3d3-b588-17dc30449fe6,733ccf43-f0e7-4ca1-83bd-68726181d40b,f27d152a-f613-51a3-aea8-0506e5d24c3a,2026-27,2,17.26,14.99,16.3,32.36,80.91,A,f
99dccf64-fa1a-5cf2-e664-bdb2e15ee942,733ccf43-f0e7-4ca1-83bd-68726181d40b,5297007a-130e-5341-af7a-4e9027c2dadf,2026-27,2,17.96,17.39,18.2,33.46,87.01,A,f
fa1157ef-b8e2-b785-90b4-8d39fcfb9972,733ccf43-f0e7-4ca1-83bd-68726181d40b,c8e42f25-4acd-5f8b-8bce-f0cab27cc71f,2026-27,2,16.56,15.19,18.0,32.76,82.51,A,f
7dc0d295-a72a-57e9-0568-e1f224aeb5ce,733ccf43-f0e7-4ca1-83bd-68726181d40b,5ceb5573-0231-5d70-848b-193fcfdb644c,2026-27,2,17.26,17.69,17.7,36.06,88.71,A,f
b65a014f-ed4a-f22c-da2f-bffda3760c68,7b6a435e-5b61-4f0f-905d-dbe4d65d6a6e,730c5632-33dc-5e69-a798-6135043a47aa,2026-27,4,17.04,18.19,17.52,33.67,86.42,A,f
8e76fdfe-e117-2c20-e143-4d04f6ea8b2b,7b6a435e-5b61-4f0f-905d-dbe4d65d6a6e,21e87180-7538-5689-922d-8889674702ed,2026-27,4,18.44,16.79,16.32,32.87,84.42,A,f
eccf42ee-3b75-86f0-94bf-1c9470d12cb9,7b6a435e-5b61-4f0f-905d-dbe4d65d6a6e,a71f945b-22bf-5921-85a0-cb1acd7cb2e6,2026-27,4,16.04,15.79,17.82,36.97,86.62,A,f
0065b9f8-4d4e-38ee-f926-47833a828081,7b6a435e-5b61-4f0f-905d-dbe4d65d6a6e,859db046-894d-53cc-8cb4-3643d0c7f1fe,2026-27,4,18.84,15.69,18.32,34.07,86.92,A,f
e686cc50-b2eb-d4ed-4be8-309c36bc0e30,7b6a435e-5b61-4f0f-905d-dbe4d65d6a6e,40d412e8-fc3b-5972-8ff2-90b35de8a2d3,2026-27,4,17.54,18.99,18.92,33.97,89.42,A,f
60c7696a-8980-bc35-c50f-b4fb1aa482d7,b409980d-b848-4e6b-bbdc-27f8ca6f737f,f8b6ad01-594d-5e52-b325-ed9eb13211e1,2026-27,2,17.34,19.51,19.35,38.12,94.32,A+,f
feea2690-9d2c-ef00-4c27-462bf0f894de,b409980d-b848-4e6b-bbdc-27f8ca6f737f,f27d152a-f613-51a3-aea8-0506e5d24c3a,2026-27,2,16.54,17.01,19.55,34.22,87.32,A,f
1f3f00d5-1d61-0335-ce36-8375513c740c,b409980d-b848-4e6b-bbdc-27f8ca6f737f,5297007a-130e-5341-af7a-4e9027c2dadf,2026-27,2,16.64,19.31,18.75,33.22,87.92,A,f
c4913ff9-744f-2521-247f-97290bafb6c0,b409980d-b848-4e6b-bbdc-27f8ca6f737f,c8e42f25-4acd-5f8b-8bce-f0cab27cc71f,2026-27,2,17.04,16.81,17.95,36.82,88.62,A,f
a5cd75a0-d705-7276-758f-0d2c9055f0f7,b409980d-b848-4e6b-bbdc-27f8ca6f737f,5ceb5573-0231-5d70-848b-193fcfdb644c,2026-27,2,17.54,16.91,18.85,35.72,89.02,A,f
f1acffb9-3e53-0a6d-f8e5-ac61d2874b7e,3a973ea2-3aae-42ab-a6f4-08b003ad2ee4,f8b6ad01-594d-5e52-b325-ed9eb13211e1,2026-27,2,17.74,19.22,19.79,35.01,91.76,A+,f
6a3a2133-75ee-7c5b-a035-d50a4471c714,3a973ea2-3aae-42ab-a6f4-08b003ad2ee4,f27d152a-f613-51a3-aea8-0506e5d24c3a,2026-27,2,19.74,17.12,20.0,35.21,92.07,A+,f
822e061c-adff-bf25-e781-02bae2c1a30f,3a973ea2-3aae-42ab-a6f4-08b003ad2ee4,5297007a-130e-5341-af7a-4e9027c2dadf,2026-27,2,19.34,18.62,18.29,35.31,91.56,A+,f
6b66469d-5c74-95d8-f591-b2ec6f5b1891,3a973ea2-3aae-42ab-a6f4-08b003ad2ee4,c8e42f25-4acd-5f8b-8bce-f0cab27cc71f,2026-27,2,17.84,17.72,19.39,39.21,94.16,A+,f
a19b5c1f-5ecd-c989-7695-016ad318b12e,3a973ea2-3aae-42ab-a6f4-08b003ad2ee4,5ceb5573-0231-5d70-848b-193fcfdb644c,2026-27,2,20.0,17.12,19.49,35.61,92.22,A+,f
090cb52d-bb45-1e11-97f8-397cb3e38503,7ca17941-3c21-4b0a-9b19-d2aaeff6064f,c697ab81-ffed-5fa6-9b51-be0954571d20,2026-27,1,18.67,17.51,16.63,34.86,87.67,A,f
fc89e639-610e-8cf1-df25-53b40b8a35b8,7ca17941-3c21-4b0a-9b19-d2aaeff6064f,cc6bfe47-d156-5f3c-a0a6-64be53ff1202,2026-27,1,16.37,17.71,18.63,36.36,89.07,A,f
5af5e2dd-89f8-2641-7fc6-39ccee29d594,7ca17941-3c21-4b0a-9b19-d2aaeff6064f,945cbb28-3a50-5ed1-8e70-c416ee3f92f0,2026-27,1,16.57,15.61,16.43,36.06,84.67,A,f
8db904cc-5450-26e2-679f-312f60a607fe,7ca17941-3c21-4b0a-9b19-d2aaeff6064f,325f5f11-db40-5f00-816d-d66357e36c70,2026-27,1,16.27,15.21,17.73,36.26,85.47,A,f
7e5cba9b-6f4d-a431-7d56-92dc6b4a67ee,7ca17941-3c21-4b0a-9b19-d2aaeff6064f,817d9a6f-e405-58f8-991b-373c31bd4e25,2026-27,1,15.77,14.81,17.23,33.56,81.37,A,f
e3f4ce2e-4751-9903-f7ad-cb4b0139428d,75f6feda-a267-4ed1-82db-b6720c8b1a9a,f8b6ad01-594d-5e52-b325-ed9eb13211e1,2026-27,2,16.19,15.35,16.78,35.83,84.15,A,f
6d0b7be7-4ea7-98e3-bf51-126275578dcd,75f6feda-a267-4ed1-82db-b6720c8b1a9a,f27d152a-f613-51a3-aea8-0506e5d24c3a,2026-27,2,16.29,17.55,18.28,34.43,86.55,A,f
764b76dc-e16a-6c60-1c12-95c410edec2b,75f6feda-a267-4ed1-82db-b6720c8b1a9a,5297007a-130e-5341-af7a-4e9027c2dadf,2026-27,2,18.29,18.25,18.18,37.33,92.05,A+,f
cc6cd8e8-b5ee-cacb-0933-493a026ebc31,75f6feda-a267-4ed1-82db-b6720c8b1a9a,c8e42f25-4acd-5f8b-8bce-f0cab27cc71f,2026-27,2,16.79,15.75,19.58,36.83,88.95,A,f
55f1e01d-5baf-755d-4337-26b332c3e771,75f6feda-a267-4ed1-82db-b6720c8b1a9a,5ceb5573-0231-5d70-848b-193fcfdb644c,2026-27,2,16.49,18.55,18.88,32.73,86.65,A,f
f880d63f-5196-6b1d-4d92-72d5648caf2f,681ceb05-05e2-4070-9704-4ccebd48bd69,29f10515-0a52-55f4-896b-fa882e11e38e,2026-27,6,17.8,15.53,16.81,29.23,79.37,B+,f
72ceda36-c93a-5348-3155-218249a09a7a,681ceb05-05e2-4070-9704-4ccebd48bd69,2bc3bd90-0760-5d47-9467-5a5992c412e5,2026-27,6,17.1,16.23,17.51,33.23,84.07,A,f
41183c19-a368-84fa-617f-a1ddbe62ca9f,681ceb05-05e2-4070-9704-4ccebd48bd69,d9518e1b-06ba-5f43-b6b9-67d017eaae5d,2026-27,6,16.7,14.93,17.51,33.03,82.17,A,f
87df8dd9-7d04-cc2c-e185-549ac374373f,681ceb05-05e2-4070-9704-4ccebd48bd69,005078bd-c539-5c44-a631-7e7dd9fb778c,2026-27,6,16.0,14.63,17.31,33.93,81.87,A,f
9f6a3660-2d9e-c086-50e4-4e4682620d96,681ceb05-05e2-4070-9704-4ccebd48bd69,539f9c66-84f9-5b19-943a-cb15d62bbc33,2026-27,6,17.3,15.63,17.31,30.63,80.87,A,f
c41142cb-3c54-20be-abe9-1d03eb558b63,1a1914dc-b273-44ac-93b0-c80a66e61e2a,c697ab81-ffed-5fa6-9b51-be0954571d20,2026-27,1,18.35,18.22,19.89,38.66,95.12,A+,f
d7d0935f-bf10-cfca-d487-f1493d535f2f,1a1914dc-b273-44ac-93b0-c80a66e61e2a,cc6bfe47-d156-5f3c-a0a6-64be53ff1202,2026-27,1,17.15,17.02,19.89,37.16,91.22,A+,f
cd884e21-98a4-213e-92b5-bb6e1a2880cf,1a1914dc-b273-44ac-93b0-c80a66e61e2a,945cbb28-3a50-5ed1-8e70-c416ee3f92f0,2026-27,1,17.95,20.0,20.0,35.76,93.71,A+,f
c507557f-561b-5294-4768-b8252c1754cc,1a1914dc-b273-44ac-93b0-c80a66e61e2a,325f5f11-db40-5f00-816d-d66357e36c70,2026-27,1,19.65,18.52,18.59,34.06,90.82,A+,f
60cfaf3d-c48a-0104-1c26-1efd15c1dd34,1a1914dc-b273-44ac-93b0-c80a66e61e2a,817d9a6f-e405-58f8-991b-373c31bd4e25,2026-27,1,20.0,17.12,20.0,36.16,93.28,A+,f
629fdd34-25bd-4568-213a-047a99b6bf07,9e56ef89-0c52-4e04-beff-14496aa1f6fa,730c5632-33dc-5e69-a798-6135043a47aa,2026-27,4,18.58,16.82,18.94,33.0,87.34,A,f
7e15c159-b51f-76fa-7eac-8fe67f03b1ee,9e56ef89-0c52-4e04-beff-14496aa1f6fa,21e87180-7538-5689-922d-8889674702ed,2026-27,4,16.18,17.12,17.04,31.8,82.14,A,f
23427e63-32b2-d1ac-12b1-8ceeb5810458,9e56ef89-0c52-4e04-beff-14496aa1f6fa,a71f945b-22bf-5921-85a0-cb1acd7cb2e6,2026-27,4,17.78,15.12,18.24,31.7,82.84,A,f
57e875d9-a064-70a2-fad3-c4563806d1a2,9e56ef89-0c52-4e04-beff-14496aa1f6fa,859db046-894d-53cc-8cb4-3643d0c7f1fe,2026-27,4,16.48,16.12,18.54,35.7,86.84,A,f
1c4ed2e6-a221-ebb7-4e45-0d8ceb0bf7cf,9e56ef89-0c52-4e04-beff-14496aa1f6fa,40d412e8-fc3b-5972-8ff2-90b35de8a2d3,2026-27,4,18.38,16.62,16.44,31.6,83.04,A,f
20c69823-fca0-d7f6-9fd6-301f09e2dc7c,778578b6-1155-4bec-a488-eeb9e81ce5f1,730c5632-33dc-5e69-a798-6135043a47aa,2026-27,4,18.28,16.45,18.8,35.81,89.34,A,f
56239b13-5180-f2ed-5a23-874208b1e698,778578b6-1155-4bec-a488-eeb9e81ce5f1,21e87180-7538-5689-922d-8889674702ed,2026-27,4,17.18,17.95,17.2,37.41,89.74,A,f
b3bb2795-7e34-3d49-98a9-7f941c6823e8,778578b6-1155-4bec-a488-eeb9e81ce5f1,a71f945b-22bf-5921-85a0-cb1acd7cb2e6,2026-27,4,18.58,18.45,17.2,37.01,91.24,A+,f
99f9ca24-7e68-3c19-cd73-d1c774a2c99e,778578b6-1155-4bec-a488-eeb9e81ce5f1,859db046-894d-53cc-8cb4-3643d0c7f1fe,2026-27,4,16.98,19.45,19.0,33.41,88.84,A,f
282ff06e-a60f-89d7-cc39-b57e812aa30d,778578b6-1155-4bec-a488-eeb9e81ce5f1,40d412e8-fc3b-5972-8ff2-90b35de8a2d3,2026-27,4,17.18,17.55,17.4,33.41,85.54,A,f
5f2a8501-e8e4-3106-919c-b03928adc7b2,2eea3025-aa4d-42d4-a953-41265cdda874,29f10515-0a52-55f4-896b-fa882e11e38e,2026-27,6,14.33,17.23,16.69,30.49,78.74,B+,f
45f2a5f0-da0f-cef4-1ade-2b5c2c6fcf0e,2eea3025-aa4d-42d4-a953-41265cdda874,2bc3bd90-0760-5d47-9467-5a5992c412e5,2026-27,6,14.33,13.53,17.29,32.39,77.54,B+,f
5127c813-d718-9939-71b8-81126344cee3,2eea3025-aa4d-42d4-a953-41265cdda874,d9518e1b-06ba-5f43-b6b9-67d017eaae5d,2026-27,6,15.73,16.13,16.69,29.69,78.24,B+,f
1f1f8ed6-158e-19fa-9c19-bc281c2e8eb9,2eea3025-aa4d-42d4-a953-41265cdda874,005078bd-c539-5c44-a631-7e7dd9fb778c,2026-27,6,16.63,16.13,16.89,29.19,78.84,B+,f
5123e340-b1d8-6800-55ce-069d080aa0be,2eea3025-aa4d-42d4-a953-41265cdda874,539f9c66-84f9-5b19-943a-cb15d62bbc33,2026-27,6,16.03,15.53,15.39,33.19,80.14,A,f
84f0eb74-f007-af34-b2ff-384721090e8c,80bee9cf-5d06-43f6-a324-125c4ca2ad10,c697ab81-ffed-5fa6-9b51-be0954571d20,2026-27,1,20.0,19.75,18.93,36.13,94.81,A+,f
d7664e93-6905-42c3-3447-41715118531e,80bee9cf-5d06-43f6-a324-125c4ca2ad10,cc6bfe47-d156-5f3c-a0a6-64be53ff1202,2026-27,1,17.96,17.35,19.33,38.73,93.37,A+,f
1dc07760-2bbb-5c99-64a3-d7b15747401d,80bee9cf-5d06-43f6-a324-125c4ca2ad10,945cbb28-3a50-5ed1-8e70-c416ee3f92f0,2026-27,1,20.0,20.0,20.0,38.63,98.63,A+,f
e16090fd-4ded-f1a8-9ea9-cc827f83f572,80bee9cf-5d06-43f6-a324-125c4ca2ad10,325f5f11-db40-5f00-816d-d66357e36c70,2026-27,1,19.16,18.85,19.93,35.73,93.67,A+,f
3c6918dc-1cb0-0b8d-0ed5-c3c5ace0836a,80bee9cf-5d06-43f6-a324-125c4ca2ad10,817d9a6f-e405-58f8-991b-373c31bd4e25,2026-27,1,18.06,18.15,20.0,38.63,94.84,A+,f
a078a2b2-0c9c-aaf5-4dc6-06ad99823fc8,bb43d93c-a820-4dfe-a1aa-361f41b20946,f8b6ad01-594d-5e52-b325-ed9eb13211e1,2026-27,2,19.27,20.0,19.35,40.0,98.62,A+,f
07bdd76a-aefb-c6c7-af59-aad317da3107,bb43d93c-a820-4dfe-a1aa-361f41b20946,f27d152a-f613-51a3-aea8-0506e5d24c3a,2026-27,2,18.47,19.46,18.45,40.0,96.38,A+,f
193343fa-fa73-b4d6-0db1-8ad1df958a3b,bb43d93c-a820-4dfe-a1aa-361f41b20946,5297007a-130e-5341-af7a-4e9027c2dadf,2026-27,2,18.57,16.86,19.25,36.26,90.94,A+,f
f89093c2-4297-246f-f841-72dcaee2e7c0,bb43d93c-a820-4dfe-a1aa-361f41b20946,c8e42f25-4acd-5f8b-8bce-f0cab27cc71f,2026-27,2,17.67,18.26,18.45,40.0,94.38,A+,f
97749f9b-0dd3-24ca-b192-419d80064ad0,bb43d93c-a820-4dfe-a1aa-361f41b20946,5ceb5573-0231-5d70-848b-193fcfdb644c,2026-27,2,18.47,17.56,20.0,35.86,91.89,A+,f
9c60944b-8ed2-7ce5-ac3f-dc803a12e5db,12ffdd35-1983-4516-84ba-e5c05354fd16,29f10515-0a52-55f4-896b-fa882e11e38e,2026-27,6,17.69,16.95,19.69,34.7,89.03,A,f
af857796-59df-f199-2544-e08f58e13cb4,12ffdd35-1983-4516-84ba-e5c05354fd16,2bc3bd90-0760-5d47-9467-5a5992c412e5,2026-27,6,17.29,16.75,18.99,34.8,87.83,A,f
488458ea-0a45-1430-e7f7-6b9a4ee599ad,12ffdd35-1983-4516-84ba-e5c05354fd16,d9518e1b-06ba-5f43-b6b9-67d017eaae5d,2026-27,6,17.49,19.45,18.29,35.4,90.63,A+,f
ca05d86c-9787-03ca-a0e1-8a0b0ecd8455,12ffdd35-1983-4516-84ba-e5c05354fd16,005078bd-c539-5c44-a631-7e7dd9fb778c,2026-27,6,16.89,17.55,19.19,34.7,88.33,A,f
06a5e855-930d-54b5-8e09-931f5c622a09,12ffdd35-1983-4516-84ba-e5c05354fd16,539f9c66-84f9-5b19-943a-cb15d62bbc33,2026-27,6,17.09,16.05,18.49,35.2,86.83,A,f
fa061ca2-32dc-9ec4-aeba-5ee7415f3a66,96f05d64-345a-4f30-ac9a-a5d401c71c6f,29f10515-0a52-55f4-896b-fa882e11e38e,2026-27,6,17.33,17.45,15.23,30.57,80.58,A,f
8519cd97-3361-3863-c20d-3b39c34a9d07,96f05d64-345a-4f30-ac9a-a5d401c71c6f,2bc3bd90-0760-5d47-9467-5a5992c412e5,2026-27,6,17.53,16.15,18.13,29.07,80.88,A,f
fb1b63f5-db92-2b3b-34b6-45d1de7a27be,96f05d64-345a-4f30-ac9a-a5d401c71c6f,d9518e1b-06ba-5f43-b6b9-67d017eaae5d,2026-27,6,16.13,14.65,17.53,29.97,78.28,B+,f
b769aae6-ff41-0b22-6830-526959c4a123,96f05d64-345a-4f30-ac9a-a5d401c71c6f,005078bd-c539-5c44-a631-7e7dd9fb778c,2026-27,6,17.13,15.45,16.83,31.17,80.58,A,f
629bffa1-dcb4-59cb-eb76-3e77d6769e2b,96f05d64-345a-4f30-ac9a-a5d401c71c6f,539f9c66-84f9-5b19-943a-cb15d62bbc33,2026-27,6,15.73,15.15,16.53,28.97,76.38,B+,f
6ff5a382-9f76-f230-a1c8-83e634a13caf,6341c91d-9a0a-4d79-a295-60e839398818,730c5632-33dc-5e69-a798-6135043a47aa,2026-27,4,19.58,17.85,20.0,36.85,94.28,A+,f
55a0e6f0-a944-b812-b8f5-4655f6deb45a,6341c91d-9a0a-4d79-a295-60e839398818,21e87180-7538-5689-922d-8889674702ed,2026-27,4,16.98,16.25,19.0,35.45,87.68,A,f
1b7e9399-228a-b372-5f27-c18b90bbf867,6341c91d-9a0a-4d79-a295-60e839398818,a71f945b-22bf-5921-85a0-cb1acd7cb2e6,2026-27,4,17.38,16.15,17.4,36.05,86.98,A,f
70ff7629-5e9f-f456-986b-0d1440ae140b,6341c91d-9a0a-4d79-a295-60e839398818,859db046-894d-53cc-8cb4-3643d0c7f1fe,2026-27,4,18.38,18.95,20.0,37.45,94.78,A+,f
fc9d880c-d2e6-8709-7132-9b6cee11a298,6341c91d-9a0a-4d79-a295-60e839398818,40d412e8-fc3b-5972-8ff2-90b35de8a2d3,2026-27,4,18.88,19.75,18.0,39.25,95.88,A+,f
c194a55e-57b0-4f06-1df3-faf07a2ee3bc,93e5f693-9a5d-499a-b901-3598de01014b,730c5632-33dc-5e69-a798-6135043a47aa,2026-27,4,18.94,16.29,16.52,32.89,84.64,A,f
c5d0bfd6-ebac-b2f5-c63a-3f625b3d85d3,93e5f693-9a5d-499a-b901-3598de01014b,21e87180-7538-5689-922d-8889674702ed,2026-27,4,16.34,17.09,18.52,34.89,86.84,A,f
cad2fde7-c657-c50e-e3c3-4d5205ea9d72,93e5f693-9a5d-499a-b901-3598de01014b,a71f945b-22bf-5921-85a0-cb1acd7cb2e6,2026-27,4,16.14,16.49,18.22,37.39,88.24,A,f
f6bc106c-4a52-640a-8351-0bb3b662056f,93e5f693-9a5d-499a-b901-3598de01014b,859db046-894d-53cc-8cb4-3643d0c7f1fe,2026-27,4,18.34,19.09,19.12,37.29,93.84,A+,f
99276230-73ea-e1f6-7ebd-e588008b51f5,93e5f693-9a5d-499a-b901-3598de01014b,40d412e8-fc3b-5972-8ff2-90b35de8a2d3,2026-27,4,17.14,18.89,19.22,36.79,92.04,A+,f
5182933e-433b-096c-b931-fa4dd1cce141,accd7619-ac08-4835-8426-136eb7053b09,730c5632-33dc-5e69-a798-6135043a47aa,2026-27,4,17.6,16.93,17.51,32.15,84.19,A,f
d4401854-88cf-4dbf-62f3-667a7b9e6f48,accd7619-ac08-4835-8426-136eb7053b09,21e87180-7538-5689-922d-8889674702ed,2026-27,4,17.6,18.13,18.21,33.55,87.49,A,f
ccba47af-f874-8c54-96de-7fc7210c2002,accd7619-ac08-4835-8426-136eb7053b09,a71f945b-22bf-5921-85a0-cb1acd7cb2e6,2026-27,4,15.1,15.73,16.31,32.15,79.29,B+,f
4583e999-a1c9-1b27-43bc-5eb199929015,accd7619-ac08-4835-8426-136eb7053b09,859db046-894d-53cc-8cb4-3643d0c7f1fe,2026-27,4,15.7,15.83,18.31,30.45,80.29,A,f
014407e0-b113-fd46-224a-3bdbb54ef209,accd7619-ac08-4835-8426-136eb7053b09,40d412e8-fc3b-5972-8ff2-90b35de8a2d3,2026-27,4,17.8,17.33,16.81,30.55,82.49,A,f
a689366a-a28c-d039-1eb5-946998119426,2ff85deb-17c4-4678-bbba-bef09bfbd6fd,730c5632-33dc-5e69-a798-6135043a47aa,2026-27,4,18.26,15.82,18.56,33.29,85.93,A,f
fe3fde07-9f59-a15c-721e-c8ded3daa392,2ff85deb-17c4-4678-bbba-bef09bfbd6fd,21e87180-7538-5689-922d-8889674702ed,2026-27,4,17.86,17.32,18.16,37.39,90.73,A+,f
446801a7-67d3-08b3-1c31-932456e1e68c,2ff85deb-17c4-4678-bbba-bef09bfbd6fd,a71f945b-22bf-5921-85a0-cb1acd7cb2e6,2026-27,4,18.56,17.62,19.06,37.09,92.33,A+,f
68e7ba5a-1d96-1a2e-3256-4f70d305192e,2ff85deb-17c4-4678-bbba-bef09bfbd6fd,859db046-894d-53cc-8cb4-3643d0c7f1fe,2026-27,4,18.36,18.02,19.06,36.99,92.43,A+,f
8b13f68e-f7e8-2b86-8aa6-e1d52fc97532,2ff85deb-17c4-4678-bbba-bef09bfbd6fd,40d412e8-fc3b-5972-8ff2-90b35de8a2d3,2026-27,4,19.06,16.42,16.96,32.89,85.33,A,f
4f16204b-9355-685a-d05a-e9a283680c8f,de6ca32c-428f-45ad-976a-a3f61ebc016d,f8b6ad01-594d-5e52-b325-ed9eb13211e1,2026-27,2,17.93,15.27,17.79,33.59,84.58,A,f
c5008124-ecb3-e8e3-d8ac-aa932d29a936,de6ca32c-428f-45ad-976a-a3f61ebc016d,f27d152a-f613-51a3-aea8-0506e5d24c3a,2026-27,2,16.43,17.37,17.59,34.69,86.08,A,f
69052b40-c535-3317-49c9-52e244129f03,de6ca32c-428f-45ad-976a-a3f61ebc016d,5297007a-130e-5341-af7a-4e9027c2dadf,2026-27,2,16.63,17.17,16.89,32.39,83.08,A,f
01bb0728-5c76-4237-344c-f7a11171bdb8,de6ca32c-428f-45ad-976a-a3f61ebc016d,c8e42f25-4acd-5f8b-8bce-f0cab27cc71f,2026-27,2,16.73,16.27,18.99,35.19,87.18,A,f
2ed6ba3a-0c54-48ad-f095-f5d964f40472,de6ca32c-428f-45ad-976a-a3f61ebc016d,5ceb5573-0231-5d70-848b-193fcfdb644c,2026-27,2,15.83,18.27,18.39,35.49,87.98,A,f
a9399ac7-549c-4724-241b-cd18355c8752,1214d0da-f248-4f36-b6ee-77900a8b47d6,730c5632-33dc-5e69-a798-6135043a47aa,2026-27,4,17.11,18.75,18.86,31.82,86.54,A,f
e4d84ad5-5cee-2483-3ac6-4db57f683f1d,1214d0da-f248-4f36-b6ee-77900a8b47d6,21e87180-7538-5689-922d-8889674702ed,2026-27,4,18.21,16.95,18.96,34.62,88.74,A,f
4ec9d27f-bfae-7390-5a2e-6711c7a0c9bf,1214d0da-f248-4f36-b6ee-77900a8b47d6,a71f945b-22bf-5921-85a0-cb1acd7cb2e6,2026-27,4,17.31,15.75,16.76,34.72,84.54,A,f
3891a4e6-a955-9667-5a39-7dc57df7a72c,1214d0da-f248-4f36-b6ee-77900a8b47d6,859db046-894d-53cc-8cb4-3643d0c7f1fe,2026-27,4,16.41,18.05,17.76,34.42,86.64,A,f
65c44cbf-b2b5-48af-6e98-66ea36fe6fb2,1214d0da-f248-4f36-b6ee-77900a8b47d6,40d412e8-fc3b-5972-8ff2-90b35de8a2d3,2026-27,4,16.81,15.95,16.36,34.22,83.34,A,f
ff92bd20-edf2-2831-3420-13ec18a2b3ea,e704dbba-bc2a-41be-aacc-e8ce808b7b26,c697ab81-ffed-5fa6-9b51-be0954571d20,2026-27,1,17.54,17.48,18.01,35.46,88.49,A,f
cb9a414b-0f60-7d57-5bb4-dc7d4fcc20a0,e704dbba-bc2a-41be-aacc-e8ce808b7b26,cc6bfe47-d156-5f3c-a0a6-64be53ff1202,2026-27,1,18.64,18.58,17.91,32.36,87.49,A,f
7775fec5-4430-ff58-5c0c-a4457ac0045f,e704dbba-bc2a-41be-aacc-e8ce808b7b26,945cbb28-3a50-5ed1-8e70-c416ee3f92f0,2026-27,1,17.24,16.48,16.41,33.66,83.79,A,f
672df887-82a1-4613-0124-d7b9861e898a,e704dbba-bc2a-41be-aacc-e8ce808b7b26,325f5f11-db40-5f00-816d-d66357e36c70,2026-27,1,18.94,15.58,17.11,31.36,82.99,A,f
8ca01384-55aa-8363-0849-3c3ec44c4c3c,e704dbba-bc2a-41be-aacc-e8ce808b7b26,817d9a6f-e405-58f8-991b-373c31bd4e25,2026-27,1,18.94,15.48,19.11,33.06,86.59,A,f
02e15f2a-6693-c00c-b462-ca0096234dde,c11e2f54-f779-459c-9e59-4963c963e881,29f10515-0a52-55f4-896b-fa882e11e38e,2026-27,6,16.58,16.93,16.55,32.83,82.89,A,f
8d4e55d2-4489-e96d-936d-d2bbc33cffbb,c11e2f54-f779-459c-9e59-4963c963e881,2bc3bd90-0760-5d47-9467-5a5992c412e5,2026-27,6,17.38,17.23,17.95,37.13,89.69,A,f
130255ec-23af-2306-4b8d-3dcb069351f9,c11e2f54-f779-459c-9e59-4963c963e881,d9518e1b-06ba-5f43-b6b9-67d017eaae5d,2026-27,6,18.78,15.53,18.05,32.83,85.19,A,f
22ae2cf1-33b5-3fff-4fb2-17511a265f43,c11e2f54-f779-459c-9e59-4963c963e881,005078bd-c539-5c44-a631-7e7dd9fb778c,2026-27,6,16.78,15.63,19.05,36.73,88.19,A,f
0243fae1-4d91-f3cd-3542-48eb1cbe3c90,c11e2f54-f779-459c-9e59-4963c963e881,539f9c66-84f9-5b19-943a-cb15d62bbc33,2026-27,6,17.28,16.23,17.35,32.73,83.59,A,f
0f7fdb4f-1532-02db-8950-e7f97f45bb9a,3b63819d-439e-4ae7-9d6c-69c928793169,f8b6ad01-594d-5e52-b325-ed9eb13211e1,2026-27,2,18.86,16.23,19.68,38.31,93.08,A+,f
871a9335-e72a-b208-f9d3-162975990cc9,3b63819d-439e-4ae7-9d6c-69c928793169,f27d152a-f613-51a3-aea8-0506e5d24c3a,2026-27,2,19.26,16.93,19.78,33.41,89.38,A,f
6e33d9f2-af53-fbe9-1044-a38e9761948a,3b63819d-439e-4ae7-9d6c-69c928793169,5297007a-130e-5341-af7a-4e9027c2dadf,2026-27,2,17.66,18.33,19.38,35.21,90.58,A+,f
8aff1776-f9d4-3d91-93e0-dce46b43eb5d,3b63819d-439e-4ae7-9d6c-69c928793169,c8e42f25-4acd-5f8b-8bce-f0cab27cc71f,2026-27,2,19.36,19.33,19.38,36.01,94.08,A+,f
17de339e-b8fe-ac46-66c4-d18877f52e9c,3b63819d-439e-4ae7-9d6c-69c928793169,5ceb5573-0231-5d70-848b-193fcfdb644c,2026-27,2,18.06,17.23,17.98,36.21,89.48,A,f
98287232-30a4-8d2c-54dc-d43c8960a007,74975483-214e-4eda-ab97-a64efb13fd3a,f8b6ad01-594d-5e52-b325-ed9eb13211e1,2026-27,2,18.38,16.45,18.4,39.03,92.26,A+,f
488358b0-78cf-bdca-15d9-e20700b879e3,74975483-214e-4eda-ab97-a64efb13fd3a,f27d152a-f613-51a3-aea8-0506e5d24c3a,2026-27,2,17.68,18.65,19.4,36.83,92.56,A+,f
5cf72303-d353-f011-7347-17e3a9daa4e0,74975483-214e-4eda-ab97-a64efb13fd3a,5297007a-130e-5341-af7a-4e9027c2dadf,2026-27,2,19.58,17.55,17.2,37.43,91.76,A+,f
de52c15f-f35f-9eec-a42e-c321c9a4cb0a,74975483-214e-4eda-ab97-a64efb13fd3a,c8e42f25-4acd-5f8b-8bce-f0cab27cc71f,2026-27,2,18.68,18.55,20.0,38.53,95.76,A+,f
efa4fd58-4591-524f-597a-9567a28bbcd0,74975483-214e-4eda-ab97-a64efb13fd3a,5ceb5573-0231-5d70-848b-193fcfdb644c,2026-27,2,19.18,19.15,17.7,38.33,94.36,A+,f
0d907d10-067c-bafd-92a6-e0f17c6a991f,4e96ea77-5242-4382-898d-9f1cfb44a5e6,730c5632-33dc-5e69-a798-6135043a47aa,2026-27,4,15.08,12.77,15.21,28.78,71.84,B+,f
a1278897-7965-6e70-f125-25b1ecc90d1a,4e96ea77-5242-4382-898d-9f1cfb44a5e6,21e87180-7538-5689-922d-8889674702ed,2026-27,4,15.58,13.17,16.51,28.68,73.94,B+,f
73ad3df9-804d-4636-912c-432745a30a73,4e96ea77-5242-4382-898d-9f1cfb44a5e6,a71f945b-22bf-5921-85a0-cb1acd7cb2e6,2026-27,4,13.78,14.97,14.41,30.18,73.34,B+,f
0d0e5afe-43e4-2c27-65fb-d648481fe4ca,4e96ea77-5242-4382-898d-9f1cfb44a5e6,859db046-894d-53cc-8cb4-3643d0c7f1fe,2026-27,4,14.68,12.97,14.81,28.98,71.44,B+,f
00f07fce-5dd3-065b-5543-b476493b6c21,4e96ea77-5242-4382-898d-9f1cfb44a5e6,40d412e8-fc3b-5972-8ff2-90b35de8a2d3,2026-27,4,14.38,14.17,14.41,29.08,72.04,B+,f
4e3900f7-41d8-814f-a502-8fb2a83ddaf0,e84d89a3-3147-4bc9-9ab7-131ead64d534,730c5632-33dc-5e69-a798-6135043a47aa,2026-27,4,15.71,17.13,15.42,31.17,79.43,B+,f
7465de3c-7702-015f-09d1-3b3f0453cf91,e84d89a3-3147-4bc9-9ab7-131ead64d534,21e87180-7538-5689-922d-8889674702ed,2026-27,4,18.01,14.73,16.52,34.37,83.63,A,f
d9d4f6ab-2192-16b6-b636-c98cb584a6a5,e84d89a3-3147-4bc9-9ab7-131ead64d534,a71f945b-22bf-5921-85a0-cb1acd7cb2e6,2026-27,4,15.01,15.13,18.02,29.87,78.03,B+,f
4c630967-91c8-7862-ae00-7b2a772bd3ef,e84d89a3-3147-4bc9-9ab7-131ead64d534,859db046-894d-53cc-8cb4-3643d0c7f1fe,2026-27,4,17.21,14.93,16.42,30.47,79.03,B+,f
7cdb95bc-aca0-6733-ca7f-55e1471720e4,e84d89a3-3147-4bc9-9ab7-131ead64d534,40d412e8-fc3b-5972-8ff2-90b35de8a2d3,2026-27,4,16.41,15.83,16.42,30.67,79.33,B+,f
11e96646-985e-e6bc-6bed-134416427c69,12b0d6ad-02f8-4ffa-9bff-8ef330ba9b8b,c697ab81-ffed-5fa6-9b51-be0954571d20,2026-27,1,18.37,18.42,18.95,34.16,89.9,A,f
f6128e27-14d9-c8d2-ea73-99c322617b91,12b0d6ad-02f8-4ffa-9bff-8ef330ba9b8b,cc6bfe47-d156-5f3c-a0a6-64be53ff1202,2026-27,1,17.17,17.72,19.35,32.26,86.5,A,f
a57e0f84-8f42-ede4-ae09-b88dcf408971,12b0d6ad-02f8-4ffa-9bff-8ef330ba9b8b,945cbb28-3a50-5ed1-8e70-c416ee3f92f0,2026-27,1,16.87,16.12,18.85,33.06,84.9,A,f
5cee10b6-20a2-8b87-d58f-5415a826feb2,12b0d6ad-02f8-4ffa-9bff-8ef330ba9b8b,325f5f11-db40-5f00-816d-d66357e36c70,2026-27,1,17.37,16.62,17.15,35.66,86.8,A,f
cd2e9b28-3757-9b56-cd36-afd6cc5ab915,12b0d6ad-02f8-4ffa-9bff-8ef330ba9b8b,817d9a6f-e405-58f8-991b-373c31bd4e25,2026-27,1,18.67,17.02,16.45,37.66,89.8,A,f
419e81e8-90b9-8ad8-c30d-69e02da736d3,a8881a5f-4bb2-45f9-b358-c6b2898e665a,29f10515-0a52-55f4-896b-fa882e11e38e,2026-27,6,19.04,20.0,17.48,35.94,92.46,A+,f
be0d950c-186c-ee6a-7759-b8e0d9b7c8d2,a8881a5f-4bb2-45f9-b358-c6b2898e665a,2bc3bd90-0760-5d47-9467-5a5992c412e5,2026-27,6,19.94,18.92,18.58,36.64,94.08,A+,f
f11c3a1c-3e83-757f-133f-8b01cab26aec,a8881a5f-4bb2-45f9-b358-c6b2898e665a,d9518e1b-06ba-5f43-b6b9-67d017eaae5d,2026-27,6,19.34,19.22,19.98,38.04,96.58,A+,f
7b4bb04d-f810-41e2-af60-dba3178e21aa,a8881a5f-4bb2-45f9-b358-c6b2898e665a,005078bd-c539-5c44-a631-7e7dd9fb778c,2026-27,6,19.04,16.52,20.0,39.54,95.1,A+,f
a3d5aa69-bd16-5cd7-47b0-a9cb8973b3a2,a8881a5f-4bb2-45f9-b358-c6b2898e665a,539f9c66-84f9-5b19-943a-cb15d62bbc33,2026-27,6,17.94,18.42,19.68,36.44,92.48,A+,f
eb940609-12ec-b082-3826-8e822efbe341,0588db62-528e-44a0-a7db-027039547cc9,29f10515-0a52-55f4-896b-fa882e11e38e,2026-27,6,18.51,18.05,17.47,31.67,85.7,A,f
65721009-d786-a039-1bcd-063b1a816779,0588db62-528e-44a0-a7db-027039547cc9,2bc3bd90-0760-5d47-9467-5a5992c412e5,2026-27,6,17.91,16.65,18.57,35.97,89.1,A,f
94bc1700-a3b3-bbbc-458a-5e72ba2d68c5,0588db62-528e-44a0-a7db-027039547cc9,d9518e1b-06ba-5f43-b6b9-67d017eaae5d,2026-27,6,16.31,16.35,17.37,32.87,82.9,A,f
3d16b0ba-4423-9534-f556-d1a78c1073ea,0588db62-528e-44a0-a7db-027039547cc9,005078bd-c539-5c44-a631-7e7dd9fb778c,2026-27,6,16.61,17.65,18.27,35.17,87.7,A,f
9af93d8e-2a78-e66c-5fa5-036f75cf39f2,0588db62-528e-44a0-a7db-027039547cc9,539f9c66-84f9-5b19-943a-cb15d62bbc33,2026-27,6,18.21,18.85,16.67,32.57,86.3,A,f
310b01ba-b187-40c8-55b5-bce86ed83e28,883d1cc7-ac81-4116-9ab8-274d4318b8b6,c697ab81-ffed-5fa6-9b51-be0954571d20,2026-27,1,16.4,18.75,17.96,35.35,88.46,A,f
b13d37f2-3baf-3e46-9dc4-7fd2fc0a4d4b,883d1cc7-ac81-4116-9ab8-274d4318b8b6,cc6bfe47-d156-5f3c-a0a6-64be53ff1202,2026-27,1,18.4,18.65,18.66,36.05,91.76,A+,f
7ef4193d-2218-29b1-dcf7-941f36225ea5,883d1cc7-ac81-4116-9ab8-274d4318b8b6,945cbb28-3a50-5ed1-8e70-c416ee3f92f0,2026-27,1,17.4,16.15,17.66,31.25,82.46,A,f
d891f98c-eaff-9587-0fe7-ef157276bd1d,883d1cc7-ac81-4116-9ab8-274d4318b8b6,325f5f11-db40-5f00-816d-d66357e36c70,2026-27,1,17.1,16.05,18.16,33.45,84.76,A,f
167b8b91-76f0-b8f0-8102-003664f6bb61,883d1cc7-ac81-4116-9ab8-274d4318b8b6,817d9a6f-e405-58f8-991b-373c31bd4e25,2026-27,1,18.7,15.95,18.46,34.65,87.76,A,f
b7de5aea-cef4-cc31-f270-2891a762b40f,448f32c5-7a26-41b8-958c-65ccbe83f8a4,730c5632-33dc-5e69-a798-6135043a47aa,2026-27,4,18.67,15.32,19.24,35.73,88.96,A,f
87704007-424c-8d33-ced5-2139efdf4f99,448f32c5-7a26-41b8-958c-65ccbe83f8a4,21e87180-7538-5689-922d-8889674702ed,2026-27,4,17.57,15.82,16.34,35.93,85.66,A,f
800170ad-2a03-8e1f-bb43-7cfd372269fd,448f32c5-7a26-41b8-958c-65ccbe83f8a4,a71f945b-22bf-5921-85a0-cb1acd7cb2e6,2026-27,4,16.57,16.72,16.44,32.43,82.16,A,f
8e08fdd4-1ece-7e88-3ae8-19fbf8db815c,448f32c5-7a26-41b8-958c-65ccbe83f8a4,859db046-894d-53cc-8cb4-3643d0c7f1fe,2026-27,4,17.47,16.22,18.94,36.63,89.26,A,f
63a69526-95db-8a15-32f0-ea5d34c15d0d,448f32c5-7a26-41b8-958c-65ccbe83f8a4,40d412e8-fc3b-5972-8ff2-90b35de8a2d3,2026-27,4,17.17,17.52,17.74,35.93,88.36,A,f
d1f77e11-be59-3033-5563-bda86ab6ea8f,41a4e6a1-4087-465f-8dc4-eca61769e22f,29f10515-0a52-55f4-896b-fa882e11e38e,2026-27,6,17.1,17.44,17.45,31.72,83.71,A,f
60ba364a-ddc1-41cb-ca9c-5be578d16870,41a4e6a1-4087-465f-8dc4-eca61769e22f,2bc3bd90-0760-5d47-9467-5a5992c412e5,2026-27,6,17.8,16.04,18.15,36.42,88.41,A,f
fde3705a-1276-e7db-9b88-09665989dd57,41a4e6a1-4087-465f-8dc4-eca61769e22f,d9518e1b-06ba-5f43-b6b9-67d017eaae5d,2026-27,6,18.6,17.94,17.35,35.92,89.81,A,f
866b3e0a-ef6e-2347-7e65-df8895a730c0,41a4e6a1-4087-465f-8dc4-eca61769e22f,005078bd-c539-5c44-a631-7e7dd9fb778c,2026-27,6,17.6,17.04,16.65,35.52,86.81,A,f
215be70d-7a7d-922b-1e7f-37290610f3fb,41a4e6a1-4087-465f-8dc4-eca61769e22f,539f9c66-84f9-5b19-943a-cb15d62bbc33,2026-27,6,17.0,18.44,16.35,31.82,83.61,A,f
be9382d8-f9f4-4963-c8e3-6e914527d249,0fa32671-9012-4e5f-9e0a-080e0f7b5beb,c697ab81-ffed-5fa6-9b51-be0954571d20,2026-27,1,17.99,15.54,19.47,32.3,85.3,A,f
fe4d600c-bb44-db75-f3db-2e4ff5e6bd9c,0fa32671-9012-4e5f-9e0a-080e0f7b5beb,cc6bfe47-d156-5f3c-a0a6-64be53ff1202,2026-27,1,16.59,18.84,17.57,34.6,87.6,A,f
73155006-ac74-5c3a-aa81-bdc3df9da7df,0fa32671-9012-4e5f-9e0a-080e0f7b5beb,945cbb28-3a50-5ed1-8e70-c416ee3f92f0,2026-27,1,16.39,18.44,16.87,35.9,87.6,A,f
6a255833-15b6-65fe-0f82-189aceb4eef1,0fa32671-9012-4e5f-9e0a-080e0f7b5beb,325f5f11-db40-5f00-816d-d66357e36c70,2026-27,1,16.09,18.84,17.77,31.9,84.6,A,f
a0a6e40b-3a64-da46-7643-d3e3e3c7ec7e,0fa32671-9012-4e5f-9e0a-080e0f7b5beb,817d9a6f-e405-58f8-991b-373c31bd4e25,2026-27,1,17.79,16.14,17.97,36.5,88.4,A,f
48305de1-1ade-4175-d814-ad82be168ad2,6177cef9-10f8-4313-b0e2-689a49a1a8d4,29f10515-0a52-55f4-896b-fa882e11e38e,2026-27,6,20.0,19.09,19.19,40.0,98.28,A+,f
38d57eb7-8ea1-c681-0eb4-5d6094fddd24,6177cef9-10f8-4313-b0e2-689a49a1a8d4,2bc3bd90-0760-5d47-9467-5a5992c412e5,2026-27,6,18.0,20.0,18.99,40.0,96.99,A+,f
7f66d45f-2de6-48f8-4e19-99ae5b41b769,6177cef9-10f8-4313-b0e2-689a49a1a8d4,d9518e1b-06ba-5f43-b6b9-67d017eaae5d,2026-27,6,18.1,18.49,19.89,38.07,94.55,A+,f
359c5f95-805e-c29b-4793-a4befa17c604,6177cef9-10f8-4313-b0e2-689a49a1a8d4,005078bd-c539-5c44-a631-7e7dd9fb778c,2026-27,6,18.6,18.79,20.0,38.77,96.16,A+,f
5a05eff3-3be1-777d-acdb-4123b6718a38,6177cef9-10f8-4313-b0e2-689a49a1a8d4,539f9c66-84f9-5b19-943a-cb15d62bbc33,2026-27,6,18.2,20.0,19.89,36.37,94.46,A+,f
dc8c2c7d-a0c0-1dfa-4d7d-a8ade89078ad,2703ba50-5baf-43b7-bac0-c2d67bb4cda5,f8b6ad01-594d-5e52-b325-ed9eb13211e1,2026-27,2,18.45,16.11,18.65,33.29,86.5,A,f
b01eeccf-c6b3-d714-00fa-da753a68a060,2703ba50-5baf-43b7-bac0-c2d67bb4cda5,f27d152a-f613-51a3-aea8-0506e5d24c3a,2026-27,2,18.85,18.11,19.65,35.29,91.9,A+,f
c2b3ed4f-d067-a7f5-c3ad-4a08847ab471,2703ba50-5baf-43b7-bac0-c2d67bb4cda5,5297007a-130e-5341-af7a-4e9027c2dadf,2026-27,2,16.45,18.81,18.95,32.69,86.9,A,f
46a509a7-de35-81c8-a425-e568b96cd0fb,2703ba50-5baf-43b7-bac0-c2d67bb4cda5,c8e42f25-4acd-5f8b-8bce-f0cab27cc71f,2026-27,2,19.25,16.61,18.35,38.19,92.4,A+,f
538f8a13-d497-95f4-609c-147e1ac4d6d0,2703ba50-5baf-43b7-bac0-c2d67bb4cda5,5ceb5573-0231-5d70-848b-193fcfdb644c,2026-27,2,18.65,18.41,19.75,36.69,93.5,A+,f
c0678f61-dd39-a97f-e29b-76e4d72518c2,75918ca2-6a21-408d-ac63-e5de188154ce,c697ab81-ffed-5fa6-9b51-be0954571d20,2026-27,1,17.06,15.06,15.71,27.63,75.46,B+,f
7c2411e4-5a28-4bac-ed39-ad7615353033,75918ca2-6a21-408d-ac63-e5de188154ce,cc6bfe47-d156-5f3c-a0a6-64be53ff1202,2026-27,1,16.06,14.86,15.41,27.43,73.76,B+,f
1409c4be-4e7d-7e12-9d6e-32cd68d36497,75918ca2-6a21-408d-ac63-e5de188154ce,945cbb28-3a50-5ed1-8e70-c416ee3f92f0,2026-27,1,16.96,15.76,15.61,27.23,75.56,B+,f
d48d65cf-cb26-da88-09fe-281e66d0bc4f,75918ca2-6a21-408d-ac63-e5de188154ce,325f5f11-db40-5f00-816d-d66357e36c70,2026-27,1,15.66,16.06,17.21,32.83,81.76,A,f
11e8401c-2dc6-726e-ff68-a8ea8011121e,75918ca2-6a21-408d-ac63-e5de188154ce,817d9a6f-e405-58f8-991b-373c31bd4e25,2026-27,1,16.96,14.26,15.81,30.63,77.66,B+,f
0b225190-93da-2a1d-7d0a-794d57d461c3,a4c5b46d-c9f2-414f-a0b2-91c1ad2383d5,29f10515-0a52-55f4-896b-fa882e11e38e,2026-27,6,17.31,17.36,17.0,32.17,83.84,A,f
649bbf1b-2f15-1990-31a6-af846d39d12b,a4c5b46d-c9f2-414f-a0b2-91c1ad2383d5,2bc3bd90-0760-5d47-9467-5a5992c412e5,2026-27,6,16.61,18.16,16.9,35.27,86.94,A,f
3f6db4ff-2cd9-8091-2fe1-67ece4a5d976,a4c5b46d-c9f2-414f-a0b2-91c1ad2383d5,d9518e1b-06ba-5f43-b6b9-67d017eaae5d,2026-27,6,16.81,18.56,17.1,34.27,86.74,A,f
3a20c84a-3baa-33e1-5b64-b2ac88b4cd3f,a4c5b46d-c9f2-414f-a0b2-91c1ad2383d5,005078bd-c539-5c44-a631-7e7dd9fb778c,2026-27,6,18.41,15.66,18.6,35.37,88.04,A,f
598190ac-0f24-c661-b753-07996a308230,a4c5b46d-c9f2-414f-a0b2-91c1ad2383d5,539f9c66-84f9-5b19-943a-cb15d62bbc33,2026-27,6,16.21,18.16,17.9,37.57,89.84,A,f
408172b0-a7f4-d606-f103-14cb27bdadb4,0dab6e6f-c53b-4063-8afc-0ed98aad91fd,29f10515-0a52-55f4-896b-fa882e11e38e,2026-27,6,13.7,14.19,14.93,28.8,71.62,B+,f
99599cc5-9f15-d4d6-f63b-70b865339b7a,0dab6e6f-c53b-4063-8afc-0ed98aad91fd,2bc3bd90-0760-5d47-9467-5a5992c412e5,2026-27,6,15.0,13.59,16.43,26.2,71.22,B+,f
7b9ba6fb-1be1-de64-33c7-e74768ed8977,0dab6e6f-c53b-4063-8afc-0ed98aad91fd,d9518e1b-06ba-5f43-b6b9-67d017eaae5d,2026-27,6,16.4,13.59,14.83,26.4,71.22,B+,f
f5815723-a26f-4166-9425-aa1a59a3dd29,0dab6e6f-c53b-4063-8afc-0ed98aad91fd,005078bd-c539-5c44-a631-7e7dd9fb778c,2026-27,6,14.2,14.29,14.23,29.5,72.22,B+,f
bdb8c2fe-cd85-1ccf-fc73-e5a56e12f53c,0dab6e6f-c53b-4063-8afc-0ed98aad91fd,539f9c66-84f9-5b19-943a-cb15d62bbc33,2026-27,6,13.9,12.69,14.23,28.7,69.52,B,f
1a14cbad-e2f3-26fb-6098-9bb3e61de9ca,42275199-7471-4736-94e5-41bc47f40405,f8b6ad01-594d-5e52-b325-ed9eb13211e1,2026-27,2,17.66,16.42,18.66,37.91,90.65,A+,f
1456b8ce-9668-31b3-0cbf-73ce68529954,42275199-7471-4736-94e5-41bc47f40405,f27d152a-f613-51a3-aea8-0506e5d24c3a,2026-27,2,16.66,19.52,18.86,32.91,87.95,A,f
19185821-9512-18d7-b9b5-0a87d9a92952,42275199-7471-4736-94e5-41bc47f40405,5297007a-130e-5341-af7a-4e9027c2dadf,2026-27,2,19.26,16.02,17.46,38.31,91.05,A+,f
7455654f-6602-c40d-fdea-bc57d885c760,42275199-7471-4736-94e5-41bc47f40405,c8e42f25-4acd-5f8b-8bce-f0cab27cc71f,2026-27,2,19.36,16.62,18.56,34.01,88.55,A,f
cc850a69-51c9-77cc-3506-53389472eab5,42275199-7471-4736-94e5-41bc47f40405,5ceb5573-0231-5d70-848b-193fcfdb644c,2026-27,2,17.86,16.82,17.46,34.01,86.15,A,f
2d34a52f-1983-0438-7a37-d838d3fded10,9fcd698f-e508-416e-90f0-bf4997ef7573,29f10515-0a52-55f4-896b-fa882e11e38e,2026-27,6,17.6,17.43,17.44,34.27,86.74,A,f
57ab1ec7-c19b-1278-89f8-d8e83dd826f9,9fcd698f-e508-416e-90f0-bf4997ef7573,2bc3bd90-0760-5d47-9467-5a5992c412e5,2026-27,6,17.3,18.43,16.54,33.37,85.64,A,f
33871e51-7bd0-d3a1-d962-d95e9cf886b2,9fcd698f-e508-416e-90f0-bf4997ef7573,d9518e1b-06ba-5f43-b6b9-67d017eaae5d,2026-27,6,17.3,17.93,16.14,34.97,86.34,A,f
4975f8c5-a2ea-6063-eb8e-0b4662e52a29,9fcd698f-e508-416e-90f0-bf4997ef7573,005078bd-c539-5c44-a631-7e7dd9fb778c,2026-27,6,18.2,17.83,16.44,35.87,88.34,A,f
6f9f8a65-4249-a841-0201-505e6ded0f0e,9fcd698f-e508-416e-90f0-bf4997ef7573,539f9c66-84f9-5b19-943a-cb15d62bbc33,2026-27,6,16.3,16.13,16.04,33.87,82.34,A,f
0099a5e2-1b9a-3a1f-8224-fc312361a81c,f7518e2b-9882-4471-a67e-228189eed01a,f8b6ad01-594d-5e52-b325-ed9eb13211e1,2026-27,2,14.17,16.37,15.13,32.48,78.15,B+,f
d1aa6729-9732-d9f2-7ff1-3751b23499c8,f7518e2b-9882-4471-a67e-228189eed01a,f27d152a-f613-51a3-aea8-0506e5d24c3a,2026-27,2,14.37,15.37,14.53,30.18,74.45,B+,f
e77227c5-52aa-6643-4e95-0d5b4d2e1db3,f7518e2b-9882-4471-a67e-228189eed01a,5297007a-130e-5341-af7a-4e9027c2dadf,2026-27,2,14.57,13.37,14.93,28.08,70.95,B+,f
a31adcc4-e696-ce3c-8888-6b95586709e5,f7518e2b-9882-4471-a67e-228189eed01a,c8e42f25-4acd-5f8b-8bce-f0cab27cc71f,2026-27,2,15.67,16.27,15.63,32.28,79.85,B+,f
f5bfca22-00cf-a635-d7c1-1f7d96f314e5,f7518e2b-9882-4471-a67e-228189eed01a,5ceb5573-0231-5d70-848b-193fcfdb644c,2026-27,2,15.57,16.37,15.33,32.18,79.45,B+,f
41873c8a-3d30-c069-ac08-c5fe85b65a98,95037317-458a-455f-9702-95f7c1a5ea36,730c5632-33dc-5e69-a798-6135043a47aa,2026-27,4,18.45,18.69,16.21,32.56,85.91,A,f
ff054894-a0d0-0c91-ccc7-43528534817e,95037317-458a-455f-9702-95f7c1a5ea36,21e87180-7538-5689-922d-8889674702ed,2026-27,4,17.45,18.79,17.31,36.76,90.31,A+,f
c14504bf-47dd-a479-8b67-f3884fe5ef36,95037317-458a-455f-9702-95f7c1a5ea36,a71f945b-22bf-5921-85a0-cb1acd7cb2e6,2026-27,4,17.95,16.09,17.71,32.66,84.41,A,f
04136599-7339-0fff-9b2f-11ffb34a8f49,95037317-458a-455f-9702-95f7c1a5ea36,859db046-894d-53cc-8cb4-3643d0c7f1fe,2026-27,4,18.55,15.49,18.61,33.66,86.31,A,f
041b460f-6878-4855-ac08-3b7f4cdb5a50,95037317-458a-455f-9702-95f7c1a5ea36,40d412e8-fc3b-5972-8ff2-90b35de8a2d3,2026-27,4,18.75,16.69,17.91,33.56,86.91,A,f
50d2e796-b5dc-f4d9-925c-0203c62d6f91,8fe19e1d-f84c-4a39-8922-3fcfae1a4a33,c697ab81-ffed-5fa6-9b51-be0954571d20,2026-27,1,17.33,14.46,18.25,29.74,79.78,B+,f
7beb4d00-33a9-1b6a-cc68-8baa8a73f69f,8fe19e1d-f84c-4a39-8922-3fcfae1a4a33,cc6bfe47-d156-5f3c-a0a6-64be53ff1202,2026-27,1,16.93,14.36,18.25,33.74,83.28,A,f
5fb268f0-fbda-6d96-b2bf-b9d9197c1bfa,8fe19e1d-f84c-4a39-8922-3fcfae1a4a33,945cbb28-3a50-5ed1-8e70-c416ee3f92f0,2026-27,1,18.13,17.86,17.15,34.44,87.58,A,f
2b308971-a55b-c47b-f9e4-5b24b59aeb4a,8fe19e1d-f84c-4a39-8922-3fcfae1a4a33,325f5f11-db40-5f00-816d-d66357e36c70,2026-27,1,17.93,15.76,15.75,35.34,84.78,A,f
870416d9-2c68-2430-56a1-eb0ad4998f01,8fe19e1d-f84c-4a39-8922-3fcfae1a4a33,817d9a6f-e405-58f8-991b-373c31bd4e25,2026-27,1,17.63,14.86,17.85,30.14,80.48,A,f
d642fda4-63d5-a4de-8363-1d7e4eec0a83,ff437719-5046-453d-843e-628f739b47c5,730c5632-33dc-5e69-a798-6135043a47aa,2026-27,4,17.7,15.03,15.83,30.02,78.58,B+,f
2a325872-90f9-f6aa-7fab-621e97f57e9d,ff437719-5046-453d-843e-628f739b47c5,21e87180-7538-5689-922d-8889674702ed,2026-27,4,17.8,15.93,18.63,32.12,84.48,A,f
d151498f-f3fe-51a6-ee86-0ad650020999,ff437719-5046-453d-843e-628f739b47c5,a71f945b-22bf-5921-85a0-cb1acd7cb2e6,2026-27,4,17.7,16.33,18.53,31.82,84.38,A,f
b1cb2a40-4080-bb0f-edfb-e9edc1dafe99,ff437719-5046-453d-843e-628f739b47c5,859db046-894d-53cc-8cb4-3643d0c7f1fe,2026-27,4,15.5,16.13,16.33,34.22,82.18,A,f
27ccc736-a7fb-48c8-0176-007d7bf84550,ff437719-5046-453d-843e-628f739b47c5,40d412e8-fc3b-5972-8ff2-90b35de8a2d3,2026-27,4,18.3,18.23,15.83,31.12,83.48,A,f
b4c7ec89-e31b-4954-8db3-f8985d6d787e,17f46db7-ec9b-4fd8-a527-b0f0bdaabbac,730c5632-33dc-5e69-a798-6135043a47aa,2026-27,4,18.03,15.86,16.26,33.99,84.14,A,f
18a192eb-f98f-f833-8204-1bdb16389592,17f46db7-ec9b-4fd8-a527-b0f0bdaabbac,21e87180-7538-5689-922d-8889674702ed,2026-27,4,18.33,18.46,17.46,31.99,86.24,A,f
e0c6b62a-4aeb-c8cb-abd6-bc21de0ec464,17f46db7-ec9b-4fd8-a527-b0f0bdaabbac,a71f945b-22bf-5921-85a0-cb1acd7cb2e6,2026-27,4,16.23,16.16,16.96,33.59,82.94,A,f
e8b2896e-7012-9fff-275d-0ac14b045a1d,17f46db7-ec9b-4fd8-a527-b0f0bdaabbac,859db046-894d-53cc-8cb4-3643d0c7f1fe,2026-27,4,15.93,17.76,18.16,35.39,87.24,A,f
5b220971-fdb3-a11d-b15a-dae6f342f8a8,17f46db7-ec9b-4fd8-a527-b0f0bdaabbac,40d412e8-fc3b-5972-8ff2-90b35de8a2d3,2026-27,4,16.33,15.56,15.76,30.99,78.64,B+,f
9c12110d-76b0-5f72-2484-5ce3e3b39f4c,4e8acbac-a6f4-4059-a671-eead236c95da,29f10515-0a52-55f4-896b-fa882e11e38e,2026-27,6,16.42,17.14,15.83,31.29,80.68,A,f
0dd59e02-bb96-54ff-eb8b-cee79bbb1a11,4e8acbac-a6f4-4059-a671-eead236c95da,2bc3bd90-0760-5d47-9467-5a5992c412e5,2026-27,6,16.52,15.24,16.73,30.29,78.78,B+,f
bdf74fae-d5ab-3641-51fb-50ba94546831,4e8acbac-a6f4-4059-a671-eead236c95da,d9518e1b-06ba-5f43-b6b9-67d017eaae5d,2026-27,6,16.92,17.14,15.83,32.79,82.68,A,f
269bb1cf-f35c-37ed-14f6-ad195770f54e,4e8acbac-a6f4-4059-a671-eead236c95da,005078bd-c539-5c44-a631-7e7dd9fb778c,2026-27,6,15.02,15.04,17.33,34.99,82.38,A,f
cd3f1a64-b78b-eaff-a2a5-caf3b0ad9abe,4e8acbac-a6f4-4059-a671-eead236c95da,539f9c66-84f9-5b19-943a-cb15d62bbc33,2026-27,6,17.72,17.24,17.53,34.49,86.98,A,f
45f21bf1-aaa1-9f4e-264f-f9a9714bca71,2558e420-74ca-4615-adc0-653af7be501b,29f10515-0a52-55f4-896b-fa882e11e38e,2026-27,6,15.68,14.8,16.97,33.43,80.88,A,f
cca1c71a-44e7-5b09-b41c-c6baa969f8aa,2558e420-74ca-4615-adc0-653af7be501b,2bc3bd90-0760-5d47-9467-5a5992c412e5,2026-27,6,17.68,15.4,15.37,33.23,81.68,A,f
2110dc7d-f71b-ec0d-a7f7-88f346fbe22f,2558e420-74ca-4615-adc0-653af7be501b,d9518e1b-06ba-5f43-b6b9-67d017eaae5d,2026-27,6,17.28,15.4,14.97,33.23,80.88,A,f
2adc7326-1788-fce5-6f14-d12407a3119e,2558e420-74ca-4615-adc0-653af7be501b,005078bd-c539-5c44-a631-7e7dd9fb778c,2026-27,6,16.88,16.7,17.27,31.03,81.88,A,f
17aaa274-7ad8-bd32-02e1-d11648237fb1,2558e420-74ca-4615-adc0-653af7be501b,539f9c66-84f9-5b19-943a-cb15d62bbc33,2026-27,6,15.98,16.9,16.57,31.23,80.68,A,f
4d6fbf43-aa9b-fcd2-c043-ea128344b39a,661cd282-beae-4ca4-98fd-00aed4f56835,c697ab81-ffed-5fa6-9b51-be0954571d20,2026-27,1,14.5,16.69,15.23,28.0,74.42,B+,f
4fa6b66b-5d1c-0079-9616-b37dc1aa0556,661cd282-beae-4ca4-98fd-00aed4f56835,cc6bfe47-d156-5f3c-a0a6-64be53ff1202,2026-27,1,15.2,14.09,14.23,30.5,74.02,B+,f
daa387f2-47b4-4f92-4145-f9146efad9ba,661cd282-beae-4ca4-98fd-00aed4f56835,945cbb28-3a50-5ed1-8e70-c416ee3f92f0,2026-27,1,14.8,16.09,14.53,28.6,74.02,B+,f
07f1fbb2-54d5-2e9b-7ec1-297d7bf4c65b,661cd282-beae-4ca4-98fd-00aed4f56835,325f5f11-db40-5f00-816d-d66357e36c70,2026-27,1,13.6,13.69,15.13,28.5,70.92,B+,f
165aa64a-476d-c1e7-1a5d-278ae619138a,661cd282-beae-4ca4-98fd-00aed4f56835,817d9a6f-e405-58f8-991b-373c31bd4e25,2026-27,1,15.9,12.69,16.53,26.4,71.52,B+,f
07b0f846-e060-089e-058d-5522bbb0fa92,1c526e5f-5625-47d5-980a-18537732ee20,730c5632-33dc-5e69-a798-6135043a47aa,2026-27,4,18.24,18.19,17.0,36.02,89.45,A,f
9afbecc0-ba00-bc45-aeb2-d46adf5e493e,1c526e5f-5625-47d5-980a-18537732ee20,21e87180-7538-5689-922d-8889674702ed,2026-27,4,17.14,15.89,17.3,32.32,82.65,A,f
c3ffb3a3-fae0-b8f5-1a4d-1c39f6829376,1c526e5f-5625-47d5-980a-18537732ee20,a71f945b-22bf-5921-85a0-cb1acd7cb2e6,2026-27,4,18.54,16.69,17.7,34.22,87.15,A,f
1f12e936-d9d0-7846-5cd5-0ea30480c393,1c526e5f-5625-47d5-980a-18537732ee20,859db046-894d-53cc-8cb4-3643d0c7f1fe,2026-27,4,16.84,17.09,17.4,34.12,85.45,A,f
19588a5d-9fbb-e677-1658-7e4a14d7e8b2,1c526e5f-5625-47d5-980a-18537732ee20,40d412e8-fc3b-5972-8ff2-90b35de8a2d3,2026-27,4,17.54,16.29,17.5,33.32,84.65,A,f
98e005e4-473c-5a54-2b2c-72ada596bc89,d83fa806-d07f-470a-8edb-d07e29008a53,29f10515-0a52-55f4-896b-fa882e11e38e,2026-27,6,18.52,19.59,19.34,33.62,91.07,A+,f
cc8f5819-5fa0-1eed-9246-7c2053726c9d,d83fa806-d07f-470a-8edb-d07e29008a53,2bc3bd90-0760-5d47-9467-5a5992c412e5,2026-27,6,17.02,19.59,17.14,34.42,88.17,A,f
d26e799f-3006-97a1-8594-8251b181ac4f,d83fa806-d07f-470a-8edb-d07e29008a53,d9518e1b-06ba-5f43-b6b9-67d017eaae5d,2026-27,6,19.62,18.39,19.04,33.92,90.97,A+,f
ded91784-18ac-fafd-c4dc-e64526c45ab5,d83fa806-d07f-470a-8edb-d07e29008a53,005078bd-c539-5c44-a631-7e7dd9fb778c,2026-27,6,19.12,19.89,19.44,34.12,92.57,A+,f
42a6fce5-7fb0-7968-f3a8-e1d2f8a666be,d83fa806-d07f-470a-8edb-d07e29008a53,539f9c66-84f9-5b19-943a-cb15d62bbc33,2026-27,6,19.22,19.89,18.94,36.42,94.47,A+,f
f8a92599-730c-1cf1-46b0-efb5a0a0b6cb,95225e7e-5ef7-420f-a5f1-41349acc160e,29f10515-0a52-55f4-896b-fa882e11e38e,2026-27,6,16.64,13.44,14.49,32.01,76.58,B+,f
022a5114-cac0-72c7-b16f-ac19d909cb85,95225e7e-5ef7-420f-a5f1-41349acc160e,2bc3bd90-0760-5d47-9467-5a5992c412e5,2026-27,6,16.84,13.54,16.49,28.11,74.98,B+,f
d5843214-7dd0-4add-a612-cc636d5864c4,95225e7e-5ef7-420f-a5f1-41349acc160e,d9518e1b-06ba-5f43-b6b9-67d017eaae5d,2026-27,6,16.84,14.24,15.29,30.21,76.58,B+,f
12c495ec-0707-ba43-79fa-29120b65e61c,95225e7e-5ef7-420f-a5f1-41349acc160e,005078bd-c539-5c44-a631-7e7dd9fb778c,2026-27,6,15.94,13.74,14.59,30.11,74.38,B+,f
44d182ad-e513-c0fd-99df-796fca593d93,95225e7e-5ef7-420f-a5f1-41349acc160e,539f9c66-84f9-5b19-943a-cb15d62bbc33,2026-27,6,15.64,15.14,15.49,33.31,79.58,B+,f
ad69cc7a-10f0-53af-5fb9-32d113808975,7bb988a3-2d40-478d-a082-050dae71947f,730c5632-33dc-5e69-a798-6135043a47aa,2026-27,4,17.24,16.1,19.34,32.71,85.39,A,f
4f7ce727-a718-42c4-784e-8485ea3e1060,7bb988a3-2d40-478d-a082-050dae71947f,21e87180-7538-5689-922d-8889674702ed,2026-27,4,18.44,16.0,18.44,37.51,90.39,A+,f
e4fc5992-e91e-4c9a-6758-48ad8f91aec9,7bb988a3-2d40-478d-a082-050dae71947f,a71f945b-22bf-5921-85a0-cb1acd7cb2e6,2026-27,4,19.44,18.4,17.04,36.61,91.49,A+,f
3a61cb67-c635-a412-a85a-3032a3877830,7bb988a3-2d40-478d-a082-050dae71947f,859db046-894d-53cc-8cb4-3643d0c7f1fe,2026-27,4,19.04,17.4,19.34,35.51,91.29,A+,f
7981a255-5685-e2d7-e5f7-6c566448d044,7bb988a3-2d40-478d-a082-050dae71947f,40d412e8-fc3b-5972-8ff2-90b35de8a2d3,2026-27,4,17.34,17.7,19.24,37.71,91.99,A+,f
4e7ffdb1-7809-4467-bacd-29cd5b32c829,c1942ffb-178b-43e8-b25c-2261a2fafb15,f8b6ad01-594d-5e52-b325-ed9eb13211e1,2026-27,2,18.28,15.72,19.04,31.0,84.04,A,f
a6622490-4ce8-2f35-d208-da691dbf3472,c1942ffb-178b-43e8-b25c-2261a2fafb15,f27d152a-f613-51a3-aea8-0506e5d24c3a,2026-27,2,17.08,18.12,17.34,33.7,86.24,A,f
78fb2938-bf52-fee6-3318-79b36fa6196d,c1942ffb-178b-43e8-b25c-2261a2fafb15,5297007a-130e-5341-af7a-4e9027c2dadf,2026-27,2,17.98,15.72,19.14,32.0,84.84,A,f
5d514de7-f66f-a968-7ca5-60c3343594dc,c1942ffb-178b-43e8-b25c-2261a2fafb15,c8e42f25-4acd-5f8b-8bce-f0cab27cc71f,2026-27,2,16.68,16.02,18.04,36.0,86.74,A,f
e0689092-6e37-f9d1-dea1-09d1833f2c80,c1942ffb-178b-43e8-b25c-2261a2fafb15,5ceb5573-0231-5d70-848b-193fcfdb644c,2026-27,2,17.18,17.52,16.44,33.2,84.34,A,f
47bbe994-b20a-cc59-f85e-144195f1b065,9d306591-85b0-413f-b465-9dec20a52ce0,f8b6ad01-594d-5e52-b325-ed9eb13211e1,2026-27,2,16.61,18.56,18.08,34.22,87.47,A,f
83161941-41d8-606d-0eee-92694a1da026,9d306591-85b0-413f-b465-9dec20a52ce0,f27d152a-f613-51a3-aea8-0506e5d24c3a,2026-27,2,16.81,16.06,17.18,32.32,82.37,A,f
c43ff0ea-bad1-36d5-eacc-1e00a2b5be94,9d306591-85b0-413f-b465-9dec20a52ce0,5297007a-130e-5341-af7a-4e9027c2dadf,2026-27,2,18.81,15.56,17.38,33.62,85.37,A,f
02cc9ac2-9d3b-8d74-0f38-c61038d1e746,9d306591-85b0-413f-b465-9dec20a52ce0,c8e42f25-4acd-5f8b-8bce-f0cab27cc71f,2026-27,2,17.81,15.66,19.28,32.12,84.87,A,f
892bc9c4-edb0-dfc0-9aff-5fbcf779a310,9d306591-85b0-413f-b465-9dec20a52ce0,5ceb5573-0231-5d70-848b-193fcfdb644c,2026-27,2,17.31,19.06,17.98,36.82,91.17,A+,f
2a063eb4-433b-b7b8-0c6c-8d8e9ae771c6,1f1d2a35-1920-4d99-8b6a-c2d552ce37cb,f8b6ad01-594d-5e52-b325-ed9eb13211e1,2026-27,2,15.44,17.86,16.06,29.56,78.92,B+,f
55a15ab5-302b-4fad-3d7a-8cfd0bd1329f,1f1d2a35-1920-4d99-8b6a-c2d552ce37cb,f27d152a-f613-51a3-aea8-0506e5d24c3a,2026-27,2,15.64,14.66,18.26,35.56,84.12,A,f
e53fc07b-2007-95ec-092b-352ad87a5039,1f1d2a35-1920-4d99-8b6a-c2d552ce37cb,5297007a-130e-5341-af7a-4e9027c2dadf,2026-27,2,15.74,17.66,18.36,31.06,82.82,A,f
05fbb1f1-214e-3483-26fb-d40964ebfbae,1f1d2a35-1920-4d99-8b6a-c2d552ce37cb,c8e42f25-4acd-5f8b-8bce-f0cab27cc71f,2026-27,2,16.24,17.46,15.96,32.76,82.42,A,f
8aca873a-f18d-738f-c788-459996aa76f0,1f1d2a35-1920-4d99-8b6a-c2d552ce37cb,5ceb5573-0231-5d70-848b-193fcfdb644c,2026-27,2,17.44,16.76,17.06,31.06,82.32,A,f
21824a4a-fe27-ea28-dc46-e96d3f150582,95b069e9-bb66-4498-afec-710b5cf149e8,29f10515-0a52-55f4-896b-fa882e11e38e,2026-27,6,19.91,20.0,18.07,37.17,95.15,A+,f
49f864f3-d308-2c52-145f-697e65778637,95b069e9-bb66-4498-afec-710b5cf149e8,2bc3bd90-0760-5d47-9467-5a5992c412e5,2026-27,6,18.11,18.09,20.0,36.47,92.67,A+,f
6ebcdca5-32cb-66dd-03cc-61d9409fc040,95b069e9-bb66-4498-afec-710b5cf149e8,d9518e1b-06ba-5f43-b6b9-67d017eaae5d,2026-27,6,18.21,17.19,19.27,37.17,91.84,A+,f
755b042c-e80e-6092-8a6d-566c5c1f0f61,95b069e9-bb66-4498-afec-710b5cf149e8,005078bd-c539-5c44-a631-7e7dd9fb778c,2026-27,6,18.51,16.99,19.77,39.77,95.04,A+,f
7120df72-ef61-807b-c416-efbd8bf74da4,95b069e9-bb66-4498-afec-710b5cf149e8,539f9c66-84f9-5b19-943a-cb15d62bbc33,2026-27,6,18.11,19.59,19.87,34.67,92.24,A+,f
8a6d8f1d-97c9-9c92-a716-4c0dddbcde59,e7331a31-ce9f-40b2-a318-d4d4757c59ed,29f10515-0a52-55f4-896b-fa882e11e38e,2026-27,6,17.06,15.71,16.73,32.79,82.29,A,f
7b8b0a7f-6682-1df2-60eb-843960d6b743,e7331a31-ce9f-40b2-a318-d4d4757c59ed,2bc3bd90-0760-5d47-9467-5a5992c412e5,2026-27,6,16.76,15.71,18.43,32.39,83.29,A,f
f3dbca96-2552-b29e-45c1-838f23653264,e7331a31-ce9f-40b2-a318-d4d4757c59ed,d9518e1b-06ba-5f43-b6b9-67d017eaae5d,2026-27,6,16.56,18.21,19.23,32.19,86.19,A,f
a45b212f-8f56-993b-bfd8-863ac37c4648,e7331a31-ce9f-40b2-a318-d4d4757c59ed,005078bd-c539-5c44-a631-7e7dd9fb778c,2026-27,6,17.76,15.21,19.13,31.79,83.89,A,f
1a30d736-0abf-ee79-bf20-f6bf31e438fc,e7331a31-ce9f-40b2-a318-d4d4757c59ed,539f9c66-84f9-5b19-943a-cb15d62bbc33,2026-27,6,16.56,15.51,18.73,33.19,83.99,A,f
2dc618d6-c26d-db26-93d4-db4992a43283,4a9c827e-4f21-405b-96d1-2fa16cf3c9e2,f8b6ad01-594d-5e52-b325-ed9eb13211e1,2026-27,2,17.42,16.25,15.54,32.0,81.21,A,f
27b41f40-f693-94d7-c6e1-99194bb7a3fb,4a9c827e-4f21-405b-96d1-2fa16cf3c9e2,f27d152a-f613-51a3-aea8-0506e5d24c3a,2026-27,2,17.32,17.05,16.34,30.8,81.51,A,f
99f35e80-cdff-8b78-f4a5-8e5acf2ced9b,4a9c827e-4f21-405b-96d1-2fa16cf3c9e2,5297007a-130e-5341-af7a-4e9027c2dadf,2026-27,2,17.82,16.65,18.34,30.8,83.61,A,f
ae3cb140-e729-a34d-628e-83499b01343d,4a9c827e-4f21-405b-96d1-2fa16cf3c9e2,c8e42f25-4acd-5f8b-8bce-f0cab27cc71f,2026-27,2,16.72,17.05,17.24,32.3,83.31,A,f
3c15348a-8d90-9dfa-9415-ffa6562bed80,4a9c827e-4f21-405b-96d1-2fa16cf3c9e2,5ceb5573-0231-5d70-848b-193fcfdb644c,2026-27,2,17.42,14.65,17.54,34.3,83.91,A,f
01843620-75cf-6fcc-8708-59c299d9b9d1,312f8616-7c11-4091-a381-a18e9111c559,730c5632-33dc-5e69-a798-6135043a47aa,2026-27,4,16.86,16.02,19.47,38.06,90.41,A+,f
ba01ad66-349d-2993-5d94-0f7ae7614902,312f8616-7c11-4091-a381-a18e9111c559,21e87180-7538-5689-922d-8889674702ed,2026-27,4,16.96,19.62,19.17,34.26,90.01,A+,f
2410541e-b734-c15c-65a4-b3fb50e0cd69,312f8616-7c11-4091-a381-a18e9111c559,a71f945b-22bf-5921-85a0-cb1acd7cb2e6,2026-27,4,19.46,16.12,16.97,34.96,87.51,A,f
17d96603-ebed-6202-3eb6-a4dc5daf88ac,312f8616-7c11-4091-a381-a18e9111c559,859db046-894d-53cc-8cb4-3643d0c7f1fe,2026-27,4,18.06,16.82,18.07,36.86,89.81,A,f
416095c9-7b1f-6b8b-f19b-d756e53658fa,312f8616-7c11-4091-a381-a18e9111c559,40d412e8-fc3b-5972-8ff2-90b35de8a2d3,2026-27,4,19.06,19.42,18.67,36.26,93.41,A+,f
cd20fce1-7a0c-8a18-9bb7-a9c231d09e83,b5d6968a-5873-453e-a6a2-534d7cbaea93,c697ab81-ffed-5fa6-9b51-be0954571d20,2026-27,1,18.04,18.5,18.43,36.12,91.09,A+,f
c650373b-c996-b508-7643-d303b1a1cfbd,b5d6968a-5873-453e-a6a2-534d7cbaea93,cc6bfe47-d156-5f3c-a0a6-64be53ff1202,2026-27,1,18.94,17.8,17.03,35.42,89.19,A,f
cb86f4c9-1cff-0d4c-45ef-6290a41769ad,b5d6968a-5873-453e-a6a2-534d7cbaea93,945cbb28-3a50-5ed1-8e70-c416ee3f92f0,2026-27,1,17.44,17.4,16.93,32.92,84.69,A,f
4a787510-8dda-ddd0-db7a-4f41edd26697,b5d6968a-5873-453e-a6a2-534d7cbaea93,325f5f11-db40-5f00-816d-d66357e36c70,2026-27,1,17.04,16.7,16.73,36.92,87.39,A,f
b77d0c56-2d9c-09c1-dfff-473929b69d9a,b5d6968a-5873-453e-a6a2-534d7cbaea93,817d9a6f-e405-58f8-991b-373c31bd4e25,2026-27,1,18.34,17.5,18.43,36.82,91.09,A+,f
e269200b-9fc0-9419-a67f-ac4b49da3c2f,3a44ec3c-dd33-41e6-b043-bb7ec9c58683,c697ab81-ffed-5fa6-9b51-be0954571d20,2026-27,1,18.27,15.6,17.8,35.16,86.83,A,f
5b833ea9-4cb3-fe46-282b-191f22336755,3a44ec3c-dd33-41e6-b043-bb7ec9c58683,cc6bfe47-d156-5f3c-a0a6-64be53ff1202,2026-27,1,16.57,17.7,16.1,34.06,84.43,A,f
b339d92e-8974-5016-b956-659efe5e2adb,3a44ec3c-dd33-41e6-b043-bb7ec9c58683,945cbb28-3a50-5ed1-8e70-c416ee3f92f0,2026-27,1,15.47,15.7,17.0,32.76,80.93,A,f
d6da77c9-2554-b135-5c88-0697fb25b960,3a44ec3c-dd33-41e6-b043-bb7ec9c58683,325f5f11-db40-5f00-816d-d66357e36c70,2026-27,1,18.27,16.8,16.1,35.06,86.23,A,f
e49897d4-f5af-003a-621f-0244f8ecc1d7,3a44ec3c-dd33-41e6-b043-bb7ec9c58683,817d9a6f-e405-58f8-991b-373c31bd4e25,2026-27,1,17.47,15.9,16.4,33.76,83.53,A,f
511a173d-6d3b-3a1e-28b5-7e75e7119f34,12ecd442-52e2-432e-b9c5-436aa62ab373,29f10515-0a52-55f4-896b-fa882e11e38e,2026-27,6,19.45,19.12,17.86,32.94,89.37,A,f
313b25be-c2be-5843-52fd-92eb1765b6b9,12ecd442-52e2-432e-b9c5-436aa62ab373,2bc3bd90-0760-5d47-9467-5a5992c412e5,2026-27,6,18.65,16.22,17.76,36.14,88.77,A,f
d774a58a-b20d-8a8f-81d9-ad7447cbde7f,12ecd442-52e2-432e-b9c5-436aa62ab373,d9518e1b-06ba-5f43-b6b9-67d017eaae5d,2026-27,6,17.35,17.52,18.56,32.94,86.37,A,f
d7f627c4-05a6-296a-102b-9206da2a89d9,12ecd442-52e2-432e-b9c5-436aa62ab373,005078bd-c539-5c44-a631-7e7dd9fb778c,2026-27,6,18.75,16.32,19.06,36.34,90.47,A+,f
02243e0a-7e7d-95d7-57ae-bcf1514362a5,12ecd442-52e2-432e-b9c5-436aa62ab373,539f9c66-84f9-5b19-943a-cb15d62bbc33,2026-27,6,16.85,18.82,19.26,34.34,89.27,A,f
7d4e6406-be45-6eac-7a0f-be8f4cbf8e5a,8e48936a-48b0-4cd4-aca7-8a60f3d82a38,29f10515-0a52-55f4-896b-fa882e11e38e,2026-27,6,18.69,17.57,19.23,36.95,92.44,A+,f
a4e12b03-1d08-9ab4-c554-007a74bf68b6,8e48936a-48b0-4cd4-aca7-8a60f3d82a38,2bc3bd90-0760-5d47-9467-5a5992c412e5,2026-27,6,18.99,19.87,17.53,35.95,92.34,A+,f
564f407b-72a9-47a3-43c5-3dc993592bda,8e48936a-48b0-4cd4-aca7-8a60f3d82a38,d9518e1b-06ba-5f43-b6b9-67d017eaae5d,2026-27,6,18.89,19.37,20.0,33.95,92.21,A+,f
01f2309f-81a0-4d35-0db3-852c9340106f,8e48936a-48b0-4cd4-aca7-8a60f3d82a38,005078bd-c539-5c44-a631-7e7dd9fb778c,2026-27,6,17.99,19.97,19.63,39.85,97.44,A+,f
0861875b-6c72-3044-9ecb-818a8becebf1,8e48936a-48b0-4cd4-aca7-8a60f3d82a38,539f9c66-84f9-5b19-943a-cb15d62bbc33,2026-27,6,18.59,20.0,18.03,36.35,92.97,A+,f
c9abe5fc-a95a-55a1-7313-50413993db64,f6330253-6ea8-4ef7-a826-76a4e5f290e6,f8b6ad01-594d-5e52-b325-ed9eb13211e1,2026-27,2,16.7,15.74,16.46,35.07,83.97,A,f
bf461ce1-fb03-7505-91c1-6273ca77db7c,f6330253-6ea8-4ef7-a826-76a4e5f290e6,f27d152a-f613-51a3-aea8-0506e5d24c3a,2026-27,2,18.8,17.34,17.56,32.17,85.87,A,f
3b32abbe-3961-b73f-c4fa-3757ebae71cd,f6330253-6ea8-4ef7-a826-76a4e5f290e6,5297007a-130e-5341-af7a-4e9027c2dadf,2026-27,2,18.7,15.14,18.86,33.27,85.97,A,f
b9eb3cf8-b468-90c0-1ef1-7b88017a1427,f6330253-6ea8-4ef7-a826-76a4e5f290e6,c8e42f25-4acd-5f8b-8bce-f0cab27cc71f,2026-27,2,18.8,18.84,18.06,35.57,91.27,A+,f
bd932012-45e7-d370-a117-8e72d19a6fd2,f6330253-6ea8-4ef7-a826-76a4e5f290e6,5ceb5573-0231-5d70-848b-193fcfdb644c,2026-27,2,18.0,16.24,17.36,34.37,85.97,A,f
ef62724e-6a75-f16b-ac1c-5995c3b5488c,94839a0a-17c3-4e71-9c30-c5fc1d0c1b12,730c5632-33dc-5e69-a798-6135043a47aa,2026-27,4,16.78,14.99,17.55,28.05,77.37,B+,f
13bd1740-2f1a-bd84-e94e-3dd14aae02c5,94839a0a-17c3-4e71-9c30-c5fc1d0c1b12,21e87180-7538-5689-922d-8889674702ed,2026-27,4,16.98,16.19,14.85,30.55,78.57,B+,f
21606b15-a623-e4e0-c543-07a6bdb56745,94839a0a-17c3-4e71-9c30-c5fc1d0c1b12,a71f945b-22bf-5921-85a0-cb1acd7cb2e6,2026-27,4,17.18,16.89,15.75,32.05,81.87,A,f
2f1c63b1-6af4-3188-8e06-8ffac9d02ae4,94839a0a-17c3-4e71-9c30-c5fc1d0c1b12,859db046-894d-53cc-8cb4-3643d0c7f1fe,2026-27,4,14.48,14.99,14.75,31.35,75.57,B+,f
de797b6c-b549-e778-7207-438deb02a7b5,94839a0a-17c3-4e71-9c30-c5fc1d0c1b12,40d412e8-fc3b-5972-8ff2-90b35de8a2d3,2026-27,4,15.38,15.19,16.65,30.25,77.47,B+,f
01c92e12-f386-7d4e-aed1-141fbe12f60a,b78b6641-2d3b-4d61-a25e-5b70360aabc5,c697ab81-ffed-5fa6-9b51-be0954571d20,2026-27,1,15.86,17.4,17.22,36.98,87.46,A,f
287b918d-e713-12dc-848b-07d2bf88b17e,b78b6641-2d3b-4d61-a25e-5b70360aabc5,cc6bfe47-d156-5f3c-a0a6-64be53ff1202,2026-27,1,16.36,15.3,16.72,31.78,80.16,A,f
545c7595-cd7f-40b2-f2c6-e4f13da2a64b,b78b6641-2d3b-4d61-a25e-5b70360aabc5,945cbb28-3a50-5ed1-8e70-c416ee3f92f0,2026-27,1,16.96,18.2,17.52,35.38,88.06,A,f
f8e1868f-ad22-8bec-80ff-bd61b62c3e53,b78b6641-2d3b-4d61-a25e-5b70360aabc5,325f5f11-db40-5f00-816d-d66357e36c70,2026-27,1,16.56,15.6,18.42,33.48,84.06,A,f
6796ccd2-9005-3eaa-7446-f82e750ffae7,b78b6641-2d3b-4d61-a25e-5b70360aabc5,817d9a6f-e405-58f8-991b-373c31bd4e25,2026-27,1,16.46,18.1,19.12,32.08,85.76,A,f
f6d4afdb-a435-67d2-1223-ed28eae5b1a9,48fb2dfb-66c8-4082-b603-925c2121bb34,29f10515-0a52-55f4-896b-fa882e11e38e,2026-27,6,18.56,18.43,18.8,38.68,94.47,A+,f
33f40061-221f-69a4-2ec8-13c29d32d595,48fb2dfb-66c8-4082-b603-925c2121bb34,2bc3bd90-0760-5d47-9467-5a5992c412e5,2026-27,6,18.66,19.03,19.3,35.48,92.47,A+,f
d45ac9ec-8343-6faa-abab-ebbca7a26fca,48fb2dfb-66c8-4082-b603-925c2121bb34,d9518e1b-06ba-5f43-b6b9-67d017eaae5d,2026-27,6,17.66,19.93,18.7,38.58,94.87,A+,f
d08aa256-6efb-9444-ff55-aa46b2ff778e,48fb2dfb-66c8-4082-b603-925c2121bb34,005078bd-c539-5c44-a631-7e7dd9fb778c,2026-27,6,17.16,17.33,18.3,33.98,86.77,A,f
2c896944-bb61-ddbd-450b-836d10722fab,48fb2dfb-66c8-4082-b603-925c2121bb34,539f9c66-84f9-5b19-943a-cb15d62bbc33,2026-27,6,19.76,20.0,18.4,34.48,92.64,A+,f
87394a72-e5b7-0fa6-a108-34d201910dfe,9b750ad9-9ae5-4f3f-bdd3-a60f23ba1f83,730c5632-33dc-5e69-a798-6135043a47aa,2026-27,4,16.55,17.79,18.31,31.26,83.91,A,f
c12b14fe-f8f5-4d9f-874b-3646c6b1bee8,9b750ad9-9ae5-4f3f-bdd3-a60f23ba1f83,21e87180-7538-5689-922d-8889674702ed,2026-27,4,16.55,16.99,17.91,36.96,88.41,A,f
f4acfdaa-cf20-993f-9379-1a05e25825d3,9b750ad9-9ae5-4f3f-bdd3-a60f23ba1f83,a71f945b-22bf-5921-85a0-cb1acd7cb2e6,2026-27,4,17.75,16.59,16.81,36.26,87.41,A,f
f846d574-6e42-dcd9-0be3-7807ed1623da,9b750ad9-9ae5-4f3f-bdd3-a60f23ba1f83,859db046-894d-53cc-8cb4-3643d0c7f1fe,2026-27,4,17.25,15.29,18.71,33.96,85.21,A,f
87f2293b-52ae-8abc-a3fe-e59916274ed2,9b750ad9-9ae5-4f3f-bdd3-a60f23ba1f83,40d412e8-fc3b-5972-8ff2-90b35de8a2d3,2026-27,4,16.35,17.29,19.21,33.16,86.01,A,f
32e8f60f-bd4f-f22a-9572-64547e80a00e,78909ea2-6855-49d0-bab9-321bda3984dd,f8b6ad01-594d-5e52-b325-ed9eb13211e1,2026-27,2,18.94,18.99,19.22,37.41,94.56,A+,f
87e82516-4ce3-9604-0887-b3ed440184dd,78909ea2-6855-49d0-bab9-321bda3984dd,f27d152a-f613-51a3-aea8-0506e5d24c3a,2026-27,2,18.44,19.29,18.12,33.91,89.76,A,f
f9a568c6-58e1-ba0b-5eef-324492871c7b,78909ea2-6855-49d0-bab9-321bda3984dd,5297007a-130e-5341-af7a-4e9027c2dadf,2026-27,2,16.74,15.29,17.42,34.61,84.06,A,f
540c109d-e7dd-82be-57d8-3604c87e0870,78909ea2-6855-49d0-bab9-321bda3984dd,c8e42f25-4acd-5f8b-8bce-f0cab27cc71f,2026-27,2,19.04,18.19,17.82,32.11,87.16,A,f
55fcc6fa-9f8b-fda2-91ba-efed8ba5b02d,78909ea2-6855-49d0-bab9-321bda3984dd,5ceb5573-0231-5d70-848b-193fcfdb644c,2026-27,2,17.24,15.49,18.32,34.51,85.56,A,f
37fab4fd-a6e1-21db-3233-d4b3ac17cc63,4589164c-d275-47b0-8c9e-f9fdb74594c8,f8b6ad01-594d-5e52-b325-ed9eb13211e1,2026-27,2,16.8,16.92,15.5,34.82,84.04,A,f
2140766e-bb7a-e999-956a-7c9ec8d09820,4589164c-d275-47b0-8c9e-f9fdb74594c8,f27d152a-f613-51a3-aea8-0506e5d24c3a,2026-27,2,15.7,17.52,15.6,32.52,81.34,A,f
c44d2fcc-890a-4459-e473-c5358b3f7e3c,4589164c-d275-47b0-8c9e-f9fdb74594c8,5297007a-130e-5341-af7a-4e9027c2dadf,2026-27,2,15.6,17.92,18.0,31.72,83.24,A,f
35fd56ea-cf1d-5c85-0859-313d5dbfe28c,4589164c-d275-47b0-8c9e-f9fdb74594c8,c8e42f25-4acd-5f8b-8bce-f0cab27cc71f,2026-27,2,15.2,18.02,17.3,31.02,81.54,A,f
f1cf8b91-187c-bfc0-cf31-b38c5a9abaec,4589164c-d275-47b0-8c9e-f9fdb74594c8,5ceb5573-0231-5d70-848b-193fcfdb644c,2026-27,2,16.6,15.62,15.6,29.62,77.44,B+,f
3dab2d5e-c82c-501c-adf3-d637f45ef6a5,1df0ef92-2c69-4e66-87da-62e8185dac87,29f10515-0a52-55f4-896b-fa882e11e38e,2026-27,6,16.24,17.89,17.22,32.39,83.74,A,f
c5cf51f2-d316-c35e-087c-cc492b464744,1df0ef92-2c69-4e66-87da-62e8185dac87,2bc3bd90-0760-5d47-9467-5a5992c412e5,2026-27,6,17.74,18.09,16.72,37.49,90.04,A+,f
440c5046-58dc-5cfe-2add-fa08065c85f9,1df0ef92-2c69-4e66-87da-62e8185dac87,d9518e1b-06ba-5f43-b6b9-67d017eaae5d,2026-27,6,16.64,15.99,18.92,37.29,88.84,A,f
8334851a-c545-9b9a-8621-2eca00edf805,1df0ef92-2c69-4e66-87da-62e8185dac87,005078bd-c539-5c44-a631-7e7dd9fb778c,2026-27,6,17.24,15.19,16.52,31.89,80.84,A,f
53f57505-177e-e786-e18c-be120afc177d,1df0ef92-2c69-4e66-87da-62e8185dac87,539f9c66-84f9-5b19-943a-cb15d62bbc33,2026-27,6,19.04,16.19,18.22,36.09,89.54,A,f
3a0053be-cc8d-ff9d-a040-330757077bab,e52949df-5928-4aaf-8e10-4ef6cdcb6d23,c697ab81-ffed-5fa6-9b51-be0954571d20,2026-27,1,17.88,16.01,16.1,29.51,79.5,B+,f
8c8a7ea8-83a5-504c-2214-43da7003e422,e52949df-5928-4aaf-8e10-4ef6cdcb6d23,cc6bfe47-d156-5f3c-a0a6-64be53ff1202,2026-27,1,16.98,16.71,16.6,33.21,83.5,A,f
29b3e66d-b691-776d-ca2d-fd7b5fa9b1fd,e52949df-5928-4aaf-8e10-4ef6cdcb6d23,945cbb28-3a50-5ed1-8e70-c416ee3f92f0,2026-27,1,17.68,14.81,17.0,31.61,81.1,A,f
a40eb88f-61de-63ae-b147-39546709f731,e52949df-5928-4aaf-8e10-4ef6cdcb6d23,325f5f11-db40-5f00-816d-d66357e36c70,2026-27,1,17.88,17.21,18.3,29.81,83.2,A,f
2f4b06e9-78e2-d04c-3434-158ed25bc287,e52949df-5928-4aaf-8e10-4ef6cdcb6d23,817d9a6f-e405-58f8-991b-373c31bd4e25,2026-27,1,16.98,17.41,16.1,34.01,84.5,A,f
c4168951-60f0-f274-13e1-265d6911b57f,c9f54af6-5ba7-49a6-b967-db9c30bcc087,730c5632-33dc-5e69-a798-6135043a47aa,2026-27,4,16.93,16.29,18.32,37.04,88.58,A,f
6e447915-5d1f-bbba-722c-c3d8f64cc754,c9f54af6-5ba7-49a6-b967-db9c30bcc087,21e87180-7538-5689-922d-8889674702ed,2026-27,4,18.33,16.59,17.42,33.14,85.48,A,f
3234f4b9-c8d7-e656-490a-d791c0773157,c9f54af6-5ba7-49a6-b967-db9c30bcc087,a71f945b-22bf-5921-85a0-cb1acd7cb2e6,2026-27,4,16.53,19.09,19.32,37.24,92.18,A+,f
edd97279-4de6-5c30-b340-178e05c7c20a,c9f54af6-5ba7-49a6-b967-db9c30bcc087,859db046-894d-53cc-8cb4-3643d0c7f1fe,2026-27,4,16.43,19.49,18.92,33.54,88.38,A,f
70db8fa4-d8b0-4639-c234-3ccddbad9fb9,c9f54af6-5ba7-49a6-b967-db9c30bcc087,40d412e8-fc3b-5972-8ff2-90b35de8a2d3,2026-27,4,17.43,18.09,17.02,35.24,87.78,A,f
77705683-597e-87aa-1a15-0af4d60e6b01,b202b3df-ac05-4fce-b02b-68c6b6b9ec4d,29f10515-0a52-55f4-896b-fa882e11e38e,2026-27,6,18.54,18.69,18.52,33.27,89.02,A,f
20d347f1-4111-be45-1e4b-47ae3d39c999,b202b3df-ac05-4fce-b02b-68c6b6b9ec4d,2bc3bd90-0760-5d47-9467-5a5992c412e5,2026-27,6,17.34,16.49,19.02,36.27,89.12,A,f
4cc59e22-e925-82d3-224e-aa8b22e39730,b202b3df-ac05-4fce-b02b-68c6b6b9ec4d,d9518e1b-06ba-5f43-b6b9-67d017eaae5d,2026-27,6,17.04,16.59,16.62,32.37,82.62,A,f
6ab40d5a-bf54-4f1e-d500-533a8fed0b88,b202b3df-ac05-4fce-b02b-68c6b6b9ec4d,005078bd-c539-5c44-a631-7e7dd9fb778c,2026-27,6,17.04,18.99,16.92,37.27,90.22,A+,f
639d2846-25e2-b3e3-6740-f694a4f4c147,b202b3df-ac05-4fce-b02b-68c6b6b9ec4d,539f9c66-84f9-5b19-943a-cb15d62bbc33,2026-27,6,15.94,16.79,18.32,32.07,83.12,A,f
a312d7f7-042f-e010-845d-fce03d1362d3,e6e9a470-fad6-41c1-ad29-6ece296a80bb,f8b6ad01-594d-5e52-b325-ed9eb13211e1,2026-27,2,17.04,15.7,17.73,37.62,88.09,A,f
91cc72ae-b462-8b76-f3aa-217f4ae61465,e6e9a470-fad6-41c1-ad29-6ece296a80bb,f27d152a-f613-51a3-aea8-0506e5d24c3a,2026-27,2,18.94,19.2,17.63,37.82,93.59,A+,f
106dfa1b-04eb-d890-846c-f218ec3ae34a,e6e9a470-fad6-41c1-ad29-6ece296a80bb,5297007a-130e-5341-af7a-4e9027c2dadf,2026-27,2,16.44,15.6,16.73,32.02,80.79,A,f
27986ce0-21e2-20d6-72c4-e545eca7cf19,e6e9a470-fad6-41c1-ad29-6ece296a80bb,c8e42f25-4acd-5f8b-8bce-f0cab27cc71f,2026-27,2,17.54,18.5,16.83,32.72,85.59,A,f
76c21725-6361-85d9-0238-57c2cc04e504,e6e9a470-fad6-41c1-ad29-6ece296a80bb,5ceb5573-0231-5d70-848b-193fcfdb644c,2026-27,2,18.14,15.6,18.33,34.22,86.29,A,f
5e38edce-f7cb-59da-0329-6190c85c2b2c,16383687-f45e-434a-afaf-d6a562f498be,c697ab81-ffed-5fa6-9b51-be0954571d20,2026-27,1,15.32,18.05,16.34,31.24,80.95,A,f
7eae4d6f-836f-0075-4dd7-190a89743271,16383687-f45e-434a-afaf-d6a562f498be,cc6bfe47-d156-5f3c-a0a6-64be53ff1202,2026-27,1,17.52,16.65,16.34,31.84,82.35,A,f
58bc5965-faee-793d-d52d-479b160fb5cf,16383687-f45e-434a-afaf-d6a562f498be,945cbb28-3a50-5ed1-8e70-c416ee3f92f0,2026-27,1,17.02,16.15,16.84,35.44,85.45,A,f
d3619bbc-c1e3-353b-13e8-3c1ec5e81fd2,16383687-f45e-434a-afaf-d6a562f498be,325f5f11-db40-5f00-816d-d66357e36c70,2026-27,1,15.52,15.65,17.84,30.94,79.95,B+,f
31a413f5-037e-b0b5-7994-48de8f996654,16383687-f45e-434a-afaf-d6a562f498be,817d9a6f-e405-58f8-991b-373c31bd4e25,2026-27,1,15.22,15.85,16.04,34.84,81.95,A,f
de26ebf9-9d76-fb0d-2821-b4427000277a,117e01b1-419c-4978-8e31-27aeed6b520a,c697ab81-ffed-5fa6-9b51-be0954571d20,2026-27,1,19.24,16.2,18.04,37.21,90.69,A+,f
12cf29c2-e8e1-f057-5649-d400eb124b8d,117e01b1-419c-4978-8e31-27aeed6b520a,cc6bfe47-d156-5f3c-a0a6-64be53ff1202,2026-27,1,18.44,17.1,18.04,33.71,87.29,A,f
66f6b8a4-fb4c-619a-1173-6736f34951e1,117e01b1-419c-4978-8e31-27aeed6b520a,945cbb28-3a50-5ed1-8e70-c416ee3f92f0,2026-27,1,17.64,16.6,17.54,36.51,88.29,A,f
32ae4259-c7de-4142-3059-fba709623df1,117e01b1-419c-4978-8e31-27aeed6b520a,325f5f11-db40-5f00-816d-d66357e36c70,2026-27,1,17.74,18.6,18.24,37.21,91.79,A+,f
9594bd8c-4986-3f5d-a8e1-dd24f471e93f,117e01b1-419c-4978-8e31-27aeed6b520a,817d9a6f-e405-58f8-991b-373c31bd4e25,2026-27,1,19.44,16.7,19.44,38.31,93.89,A+,f
175d7183-96cd-c3e6-9ad7-6c6f8addbb5d,3b3054d6-369d-41fe-b36c-3954a9b0cdfd,29f10515-0a52-55f4-896b-fa882e11e38e,2026-27,6,15.4,14.54,18.54,33.05,81.53,A,f
0e08d8f7-cb61-00c5-63f8-554a7617949e,3b3054d6-369d-41fe-b36c-3954a9b0cdfd,2bc3bd90-0760-5d47-9467-5a5992c412e5,2026-27,6,15.5,18.34,18.14,32.85,84.83,A,f
12820d34-c09e-9ba8-7f69-0a4adb0fe015,3b3054d6-369d-41fe-b36c-3954a9b0cdfd,d9518e1b-06ba-5f43-b6b9-67d017eaae5d,2026-27,6,16.1,17.44,17.14,30.85,81.53,A,f
ff6dd7c7-e5d0-e266-d74e-37c05dc7e825,3b3054d6-369d-41fe-b36c-3954a9b0cdfd,005078bd-c539-5c44-a631-7e7dd9fb778c,2026-27,6,15.7,17.14,15.84,34.85,83.53,A,f
447ab297-c70b-1729-0bbf-da947eec4d2b,3b3054d6-369d-41fe-b36c-3954a9b0cdfd,539f9c66-84f9-5b19-943a-cb15d62bbc33,2026-27,6,16.5,16.34,18.74,35.35,86.93,A,f
f32a0752-e548-83b8-6f48-c461324ed359,14782e0a-46cc-42a7-9b74-f972af5f186f,730c5632-33dc-5e69-a798-6135043a47aa,2026-27,4,16.83,13.43,16.67,29.44,76.37,B+,f
26f57876-4944-eaa5-1bf6-558a75855bf3,14782e0a-46cc-42a7-9b74-f972af5f186f,21e87180-7538-5689-922d-8889674702ed,2026-27,4,16.03,16.13,16.17,30.44,78.77,B+,f
8f76e8ce-4ad0-f751-f5aa-a70a1d0dd88b,14782e0a-46cc-42a7-9b74-f972af5f186f,a71f945b-22bf-5921-85a0-cb1acd7cb2e6,2026-27,4,15.43,13.83,14.97,27.34,71.57,B+,f
2ec8e899-8f46-60e1-0325-ab99d25ed24c,14782e0a-46cc-42a7-9b74-f972af5f186f,859db046-894d-53cc-8cb4-3643d0c7f1fe,2026-27,4,15.63,15.13,16.87,29.44,77.07,B+,f
b95c864f-fcdf-d496-477d-4e278e6cc095,14782e0a-46cc-42a7-9b74-f972af5f186f,40d412e8-fc3b-5972-8ff2-90b35de8a2d3,2026-27,4,15.93,16.33,16.57,29.24,78.07,B+,f
62a89449-c148-7320-ae72-277b7c517414,e709cd63-0940-4942-9a2e-6279b5673342,c697ab81-ffed-5fa6-9b51-be0954571d20,2026-27,1,18.48,18.15,20.0,37.68,94.31,A+,f
653a05c1-c460-8bc4-016d-4309d6f728ae,e709cd63-0940-4942-9a2e-6279b5673342,cc6bfe47-d156-5f3c-a0a6-64be53ff1202,2026-27,1,17.78,19.35,18.41,37.58,93.12,A+,f
3d138274-06e7-d0a5-76f7-42d8e0cb97d3,e709cd63-0940-4942-9a2e-6279b5673342,945cbb28-3a50-5ed1-8e70-c416ee3f92f0,2026-27,1,19.38,16.55,19.31,38.18,93.42,A+,f
9020cf38-08da-fe20-03f6-f6d268705ebb,e709cd63-0940-4942-9a2e-6279b5673342,325f5f11-db40-5f00-816d-d66357e36c70,2026-27,1,16.98,17.05,17.71,37.98,89.72,A,f
92e4194a-f3ba-b68b-1f96-bcd170f4d8aa,e709cd63-0940-4942-9a2e-6279b5673342,817d9a6f-e405-58f8-991b-373c31bd4e25,2026-27,1,18.58,17.05,17.61,38.48,91.72,A+,f
1146eb80-6072-b217-8fcc-75abac47c71f,6b907d9a-8065-474a-8bad-7551122e8c1a,29f10515-0a52-55f4-896b-fa882e11e38e,2026-27,6,17.46,16.3,18.11,31.23,83.1,A,f
449ed9a8-1b1b-6128-8b15-7774ca6e834a,6b907d9a-8065-474a-8bad-7551122e8c1a,2bc3bd90-0760-5d47-9467-5a5992c412e5,2026-27,6,15.66,15.3,17.01,36.53,84.5,A,f
9efe7ab9-203c-d49e-1f02-032015de2911,6b907d9a-8065-474a-8bad-7551122e8c1a,d9518e1b-06ba-5f43-b6b9-67d017eaae5d,2026-27,6,17.56,14.8,17.31,34.43,84.1,A,f
cec13c14-2944-2a16-55b1-f96eb47e25c9,6b907d9a-8065-474a-8bad-7551122e8c1a,005078bd-c539-5c44-a631-7e7dd9fb778c,2026-27,6,16.16,17.3,17.71,34.03,85.2,A,f
1f18b69e-2907-2baf-2a67-29d4d70e4535,6b907d9a-8065-474a-8bad-7551122e8c1a,539f9c66-84f9-5b19-943a-cb15d62bbc33,2026-27,6,16.36,16.5,16.31,35.13,84.3,A,f
a20ab842-0ccb-aed2-adbf-1ebd934c0740,39bf36b7-b053-42c2-939f-c419bb61b575,f8b6ad01-594d-5e52-b325-ed9eb13211e1,2026-27,2,15.22,17.34,16.02,33.64,82.22,A,f
927d039c-c195-6699-1cbd-8fc47148c296,39bf36b7-b053-42c2-939f-c419bb61b575,f27d152a-f613-51a3-aea8-0506e5d24c3a,2026-27,2,16.12,15.34,15.42,30.24,77.12,B+,f
dd49a686-c7fb-04c4-c0e0-7923dd3eae53,39bf36b7-b053-42c2-939f-c419bb61b575,5297007a-130e-5341-af7a-4e9027c2dadf,2026-27,2,17.02,14.54,17.42,32.94,81.92,A,f
c5cb94bf-1756-c22b-b38a-343c4af0cf74,39bf36b7-b053-42c2-939f-c419bb61b575,c8e42f25-4acd-5f8b-8bce-f0cab27cc71f,2026-27,2,16.62,16.34,17.42,34.34,84.72,A,f
56a05f91-0428-d382-819c-578176cac95e,39bf36b7-b053-42c2-939f-c419bb61b575,5ceb5573-0231-5d70-848b-193fcfdb644c,2026-27,2,16.52,14.64,15.22,34.34,80.72,A,f
4b19a31f-6aa4-be2f-4ee5-2a70cafc042e,37b6477b-72eb-4463-996c-9a0eed5f9613,f8b6ad01-594d-5e52-b325-ed9eb13211e1,2026-27,2,17.44,14.96,15.46,33.66,81.52,A,f
e888b1c1-dd82-d9b7-2c1e-9776af026b6c,37b6477b-72eb-4463-996c-9a0eed5f9613,f27d152a-f613-51a3-aea8-0506e5d24c3a,2026-27,2,15.24,14.56,15.76,32.36,77.92,B+,f
8fed7f44-8fc5-c3b3-4321-cb3cc60345ad,37b6477b-72eb-4463-996c-9a0eed5f9613,5297007a-130e-5341-af7a-4e9027c2dadf,2026-27,2,17.04,15.46,15.96,29.96,78.42,B+,f
a4118011-0016-2418-7626-b1ae3fe613a6,37b6477b-72eb-4463-996c-9a0eed5f9613,c8e42f25-4acd-5f8b-8bce-f0cab27cc71f,2026-27,2,17.84,14.96,17.06,32.56,82.42,A,f
ea5544f0-b960-2c71-fc33-8f58bd52281b,37b6477b-72eb-4463-996c-9a0eed5f9613,5ceb5573-0231-5d70-848b-193fcfdb644c,2026-27,2,16.74,16.06,17.76,29.96,80.52,A,f
e4aa6527-46eb-fdfd-7769-8e4e3d4bd3e5,894ef0d9-6824-4d59-a097-f3d413892740,c697ab81-ffed-5fa6-9b51-be0954571d20,2026-27,1,16.8,19.26,19.3,33.02,88.38,A,f
64b2fe25-fb32-dfc4-cc00-deaa6dacc372,894ef0d9-6824-4d59-a097-f3d413892740,cc6bfe47-d156-5f3c-a0a6-64be53ff1202,2026-27,1,19.2,17.56,18.0,37.62,92.38,A+,f
82ae4451-0af8-6bad-3df9-ad7269f97cb4,894ef0d9-6824-4d59-a097-f3d413892740,945cbb28-3a50-5ed1-8e70-c416ee3f92f0,2026-27,1,17.1,17.66,17.8,38.62,91.18,A+,f
6e880afb-38a8-8df8-a003-d35bb1a24231,894ef0d9-6824-4d59-a097-f3d413892740,325f5f11-db40-5f00-816d-d66357e36c70,2026-27,1,17.7,16.86,18.6,33.02,86.18,A,f
96233174-51a4-7f6c-69c7-bc5343032513,894ef0d9-6824-4d59-a097-f3d413892740,817d9a6f-e405-58f8-991b-373c31bd4e25,2026-27,1,16.8,18.66,16.9,36.62,88.98,A,f
825fc454-cd8a-e301-be73-8534b7e3cb58,e36650ad-b473-4508-88d7-99356c7cd0f5,29f10515-0a52-55f4-896b-fa882e11e38e,2026-27,6,15.9,15.14,17.36,32.47,80.87,A,f
63c6ba6b-e167-e03f-b555-007cf89dde03,e36650ad-b473-4508-88d7-99356c7cd0f5,2bc3bd90-0760-5d47-9467-5a5992c412e5,2026-27,6,16.1,18.64,16.96,32.17,83.87,A,f
5527e638-5561-4ab5-e9f4-022e05716870,e36650ad-b473-4508-88d7-99356c7cd0f5,d9518e1b-06ba-5f43-b6b9-67d017eaae5d,2026-27,6,17.9,16.34,18.76,34.07,87.07,A,f
c2ac3c8e-8148-cf4f-c365-2083684390a0,e36650ad-b473-4508-88d7-99356c7cd0f5,005078bd-c539-5c44-a631-7e7dd9fb778c,2026-27,6,18.9,17.74,18.76,37.27,92.67,A+,f
d1615980-0c0c-2b26-af17-54cf37ec76f1,e36650ad-b473-4508-88d7-99356c7cd0f5,539f9c66-84f9-5b19-943a-cb15d62bbc33,2026-27,6,18.0,15.24,17.26,32.97,83.47,A,f
85d5257c-8fcd-3c6d-0af6-78712bbecc75,6ab4f569-a668-4546-98c7-272c06409571,c697ab81-ffed-5fa6-9b51-be0954571d20,2026-27,1,17.64,15.18,17.58,32.92,83.32,A,f
bac86837-fff6-a822-a3a4-93ef9400881a,6ab4f569-a668-4546-98c7-272c06409571,cc6bfe47-d156-5f3c-a0a6-64be53ff1202,2026-27,1,15.54,16.08,16.78,30.82,79.22,B+,f
93f3e669-9f5b-181a-e729-e94c05c8faf0,6ab4f569-a668-4546-98c7-272c06409571,945cbb28-3a50-5ed1-8e70-c416ee3f92f0,2026-27,1,15.74,15.38,18.38,32.42,81.92,A,f
bef15888-a8d8-a0a6-6168-3b0cf47587a4,6ab4f569-a668-4546-98c7-272c06409571,325f5f11-db40-5f00-816d-d66357e36c70,2026-27,1,16.14,17.38,17.68,32.22,83.42,A,f
d6d983af-348a-e691-e650-0d8c9625ccc7,6ab4f569-a668-4546-98c7-272c06409571,817d9a6f-e405-58f8-991b-373c31bd4e25,2026-27,1,16.04,14.68,17.08,32.92,80.72,A,f
a71e850f-308e-6661-b3bf-fb991e0983fd,df61065c-0a4f-4fb1-9b92-e86c88aab30e,730c5632-33dc-5e69-a798-6135043a47aa,2026-27,4,17.68,16.94,18.68,37.26,90.56,A+,f
790c233f-6547-6250-fa5a-2c412e10282e,df61065c-0a4f-4fb1-9b92-e86c88aab30e,21e87180-7538-5689-922d-8889674702ed,2026-27,4,17.88,17.64,18.98,37.16,91.66,A+,f
1be8df9e-681d-27c4-00d3-d01a27035734,df61065c-0a4f-4fb1-9b92-e86c88aab30e,a71f945b-22bf-5921-85a0-cb1acd7cb2e6,2026-27,4,16.68,19.44,17.28,36.56,89.96,A,f
6c9f567e-e5da-7527-3d1c-0e59f1103d90,df61065c-0a4f-4fb1-9b92-e86c88aab30e,859db046-894d-53cc-8cb4-3643d0c7f1fe,2026-27,4,17.98,16.54,17.38,33.86,85.76,A,f
010793ac-3f46-3808-0eb5-c09ca3cfbacf,df61065c-0a4f-4fb1-9b92-e86c88aab30e,40d412e8-fc3b-5972-8ff2-90b35de8a2d3,2026-27,4,18.68,18.54,19.68,36.16,93.06,A+,f
9bdf68ac-9fe4-38a5-dfbf-f069d94509b1,b4f3fc08-dfc7-407f-a48a-e9995cb85ade,c697ab81-ffed-5fa6-9b51-be0954571d20,2026-27,1,17.06,17.63,19.6,34.26,88.55,A,f
cfeb2d24-5565-7462-f32b-bb2cfaacf1f5,b4f3fc08-dfc7-407f-a48a-e9995cb85ade,cc6bfe47-d156-5f3c-a0a6-64be53ff1202,2026-27,1,19.46,19.33,20.0,39.16,97.95,A+,f
47bec5bb-3949-7b62-5c48-c071c122d931,b4f3fc08-dfc7-407f-a48a-e9995cb85ade,945cbb28-3a50-5ed1-8e70-c416ee3f92f0,2026-27,1,17.56,18.43,20.0,38.06,94.05,A+,f
cc31d462-49f2-e2ac-3053-80bc1470bd76,b4f3fc08-dfc7-407f-a48a-e9995cb85ade,325f5f11-db40-5f00-816d-d66357e36c70,2026-27,1,19.96,18.83,18.6,34.26,91.65,A+,f
ba97fe8d-9b4c-2da4-b800-5162f125f7f5,b4f3fc08-dfc7-407f-a48a-e9995cb85ade,817d9a6f-e405-58f8-991b-373c31bd4e25,2026-27,1,17.16,18.73,20.0,39.66,95.55,A+,f
73dc4927-56d8-0073-14e7-42a6fe625439,8bc81522-a65f-436a-b15b-e30e34ba369d,c697ab81-ffed-5fa6-9b51-be0954571d20,2026-27,1,16.98,18.15,19.31,36.4,90.84,A+,f
3987a6c7-2f6a-aa79-3105-215dfe4563f4,8bc81522-a65f-436a-b15b-e30e34ba369d,cc6bfe47-d156-5f3c-a0a6-64be53ff1202,2026-27,1,18.78,18.95,19.51,35.2,92.44,A+,f
a039e48f-bcaa-9590-6b84-c9afc2737e33,8bc81522-a65f-436a-b15b-e30e34ba369d,945cbb28-3a50-5ed1-8e70-c416ee3f92f0,2026-27,1,19.68,17.55,19.51,37.2,93.94,A+,f
8fde79f0-7f48-cde7-f172-114807c23b30,8bc81522-a65f-436a-b15b-e30e34ba369d,325f5f11-db40-5f00-816d-d66357e36c70,2026-27,1,19.98,17.55,19.61,39.3,96.44,A+,f
98fb83a8-0110-65b2-451d-b90819785de4,8bc81522-a65f-436a-b15b-e30e34ba369d,817d9a6f-e405-58f8-991b-373c31bd4e25,2026-27,1,18.68,16.25,19.51,34.1,88.54,A,f
ca304927-b4bb-6878-957a-bf5fb72731da,8c0dd4b2-e2fa-4dac-9c61-f71cb9fca72a,29f10515-0a52-55f4-896b-fa882e11e38e,2026-27,6,19.31,16.89,20.0,37.17,93.37,A+,f
3b3d55c5-8bc4-f3fa-f642-ca16fe95b97b,8c0dd4b2-e2fa-4dac-9c61-f71cb9fca72a,2bc3bd90-0760-5d47-9467-5a5992c412e5,2026-27,6,19.81,20.0,20.0,35.77,95.58,A+,f
b0b6ff17-ca15-7653-a670-5fd9e275f86e,8c0dd4b2-e2fa-4dac-9c61-f71cb9fca72a,d9518e1b-06ba-5f43-b6b9-67d017eaae5d,2026-27,6,20.0,18.09,20.0,37.37,95.46,A+,f
449b0fd0-62ca-955d-ee6b-97a6e914c127,8c0dd4b2-e2fa-4dac-9c61-f71cb9fca72a,005078bd-c539-5c44-a631-7e7dd9fb778c,2026-27,6,17.71,17.59,20.0,37.47,92.77,A+,f
deb3fb5f-f82e-de79-472e-9f45d962d9f7,8c0dd4b2-e2fa-4dac-9c61-f71cb9fca72a,539f9c66-84f9-5b19-943a-cb15d62bbc33,2026-27,6,17.71,17.59,18.97,39.27,93.54,A+,f
9f774a6a-bc99-7cd3-24c1-7afd9de0c5ef,6833a84b-cae2-4f55-aeee-c22d71848337,730c5632-33dc-5e69-a798-6135043a47aa,2026-27,4,17.96,16.0,17.71,35.83,87.5,A,f
30fc2af4-4429-3ea1-cb3d-55a5763a1de2,6833a84b-cae2-4f55-aeee-c22d71848337,21e87180-7538-5689-922d-8889674702ed,2026-27,4,16.86,16.5,17.41,30.83,81.6,A,f
051bfc1c-03e4-16c3-27e2-6e035acc86a1,6833a84b-cae2-4f55-aeee-c22d71848337,a71f945b-22bf-5921-85a0-cb1acd7cb2e6,2026-27,4,17.16,17.7,18.31,33.43,86.6,A,f
2d6d6487-0742-9fbc-0aee-dd5408455808,6833a84b-cae2-4f55-aeee-c22d71848337,859db046-894d-53cc-8cb4-3643d0c7f1fe,2026-27,4,17.96,17.5,16.71,35.03,87.2,A,f
4b5b554d-53c1-b37d-b7f6-3cd344d27131,6833a84b-cae2-4f55-aeee-c22d71848337,40d412e8-fc3b-5972-8ff2-90b35de8a2d3,2026-27,4,17.76,15.7,16.81,31.23,81.5,A,f
24e0e74d-ce82-b34f-c193-ca21edbd755f,0a18551c-62eb-4cd9-a3d9-6f7eb2cf2b1c,c697ab81-ffed-5fa6-9b51-be0954571d20,2026-27,1,17.7,19.87,19.42,35.18,92.17,A+,f
4ab10710-9b89-b9a9-15c4-a5ba341bf298,0a18551c-62eb-4cd9-a3d9-6f7eb2cf2b1c,cc6bfe47-d156-5f3c-a0a6-64be53ff1202,2026-27,1,17.0,18.47,17.62,36.88,89.97,A,f
714efb15-0369-c21b-aa27-d77c5a325e66,0a18551c-62eb-4cd9-a3d9-6f7eb2cf2b1c,945cbb28-3a50-5ed1-8e70-c416ee3f92f0,2026-27,1,17.0,18.37,17.42,35.38,88.17,A,f
35105709-bc22-e587-8333-17a3465ca0ef,0a18551c-62eb-4cd9-a3d9-6f7eb2cf2b1c,325f5f11-db40-5f00-816d-d66357e36c70,2026-27,1,17.0,18.97,17.32,36.98,90.27,A+,f
84f38ee9-9fa2-2a1f-c1f1-e6a5a33212db,0a18551c-62eb-4cd9-a3d9-6f7eb2cf2b1c,817d9a6f-e405-58f8-991b-373c31bd4e25,2026-27,1,16.7,17.97,17.82,34.28,86.77,A,f
14d0b810-3b0c-2630-e605-43cecf1bcc4c,261a1c6d-ca73-48e8-ad71-ff4321c7569a,c697ab81-ffed-5fa6-9b51-be0954571d20,2026-27,1,16.46,16.43,17.67,37.34,87.9,A,f
620c8089-5aea-0542-4e1a-a6d07d7b0576,261a1c6d-ca73-48e8-ad71-ff4321c7569a,cc6bfe47-d156-5f3c-a0a6-64be53ff1202,2026-27,1,19.46,18.63,18.67,38.04,94.8,A+,f
8e2b3507-29ac-fc5e-a9ff-e0feadbb9e37,261a1c6d-ca73-48e8-ad71-ff4321c7569a,945cbb28-3a50-5ed1-8e70-c416ee3f92f0,2026-27,1,17.46,19.63,18.07,35.44,90.6,A+,f
0037c251-b6e7-2b43-8474-211d6154ae27,261a1c6d-ca73-48e8-ad71-ff4321c7569a,325f5f11-db40-5f00-816d-d66357e36c70,2026-27,1,17.26,17.93,17.27,34.54,87.0,A,f
c4f0c084-c3f9-30bd-46f1-808a82930460,261a1c6d-ca73-48e8-ad71-ff4321c7569a,817d9a6f-e405-58f8-991b-373c31bd4e25,2026-27,1,19.06,19.63,19.17,35.54,93.4,A+,f
041fbf2a-b928-d34b-8083-84f42ba64673,8326ecc9-b00b-483b-b032-ed78852796c1,730c5632-33dc-5e69-a798-6135043a47aa,2026-27,4,17.56,14.69,15.7,32.16,80.11,A,f
14582105-61ec-9def-a787-5dbd530b24e7,8326ecc9-b00b-483b-b032-ed78852796c1,21e87180-7538-5689-922d-8889674702ed,2026-27,4,15.56,14.59,15.9,30.06,76.11,B+,f
9325f7e1-ba74-9274-7ac2-2ad0a709784a,8326ecc9-b00b-483b-b032-ed78852796c1,a71f945b-22bf-5921-85a0-cb1acd7cb2e6,2026-27,4,15.56,16.49,18.3,31.46,81.81,A,f
919d5d2e-097d-f8cf-2ec8-ff6ac5954b95,8326ecc9-b00b-483b-b032-ed78852796c1,859db046-894d-53cc-8cb4-3643d0c7f1fe,2026-27,4,17.96,16.19,17.0,31.46,82.61,A,f
6a03516b-eccd-599a-e10f-8c5a9c3bc281,8326ecc9-b00b-483b-b032-ed78852796c1,40d412e8-fc3b-5972-8ff2-90b35de8a2d3,2026-27,4,17.96,15.89,18.1,30.46,82.41,A,f
9d6f01c9-85a3-ee42-7306-706a1ec84ddd,466ca839-b689-4476-9d1f-ccbc87bdbbd6,c697ab81-ffed-5fa6-9b51-be0954571d20,2026-27,1,17.17,17.94,19.4,38.78,93.29,A+,f
e1630a24-e168-f44a-742b-d6c6f26881e6,466ca839-b689-4476-9d1f-ccbc87bdbbd6,cc6bfe47-d156-5f3c-a0a6-64be53ff1202,2026-27,1,19.27,19.74,18.4,35.78,93.19,A+,f
98167fa6-c21b-6a31-907c-478eb91936a9,466ca839-b689-4476-9d1f-ccbc87bdbbd6,945cbb28-3a50-5ed1-8e70-c416ee3f92f0,2026-27,1,17.17,16.54,18.1,37.38,89.19,A,f
e76bffed-3bad-9f37-ef45-55255c6cb8f9,466ca839-b689-4476-9d1f-ccbc87bdbbd6,325f5f11-db40-5f00-816d-d66357e36c70,2026-27,1,18.87,16.44,18.7,36.68,90.69,A+,f
d67353d6-5029-f8d2-9d6a-637897b1b61c,466ca839-b689-4476-9d1f-ccbc87bdbbd6,817d9a6f-e405-58f8-991b-373c31bd4e25,2026-27,1,17.57,17.54,19.8,37.28,92.19,A+,f
026c29e5-7582-7836-25a6-32405e5176c7,150cf0cf-578b-426a-98da-b9c6202ffe78,730c5632-33dc-5e69-a798-6135043a47aa,2026-27,4,19.08,16.65,17.91,34.38,88.02,A,f
6ecd5b61-aecd-6530-d5dd-0585d9bfb53c,150cf0cf-578b-426a-98da-b9c6202ffe78,21e87180-7538-5689-922d-8889674702ed,2026-27,4,18.68,19.85,20.0,36.48,95.01,A+,f
40d87306-5f6f-f0f9-4d41-a82737293086,150cf0cf-578b-426a-98da-b9c6202ffe78,a71f945b-22bf-5921-85a0-cb1acd7cb2e6,2026-27,4,19.88,19.45,17.91,35.18,92.42,A+,f
5512788e-5beb-06b9-8bf9-7d88b177c522,150cf0cf-578b-426a-98da-b9c6202ffe78,859db046-894d-53cc-8cb4-3643d0c7f1fe,2026-27,4,17.58,18.95,18.81,36.08,91.42,A+,f
6b7f137c-2288-cdaf-4198-5c7a977b93c0,150cf0cf-578b-426a-98da-b9c6202ffe78,40d412e8-fc3b-5972-8ff2-90b35de8a2d3,2026-27,4,17.28,18.35,17.61,35.08,88.32,A,f
168c0b16-8532-a8e2-89c2-164edd283838,1b72a24f-b08f-49a4-a035-c9407cfe0e5f,29f10515-0a52-55f4-896b-fa882e11e38e,2026-27,6,16.27,15.22,18.05,31.66,81.2,A,f
e5214b21-8784-0e3f-b89b-cad0d3813776,1b72a24f-b08f-49a4-a035-c9407cfe0e5f,2bc3bd90-0760-5d47-9467-5a5992c412e5,2026-27,6,18.27,16.62,19.25,33.96,88.1,A,f
93ee0b4f-fce9-de15-ee39-15bc3152cfe7,1b72a24f-b08f-49a4-a035-c9407cfe0e5f,d9518e1b-06ba-5f43-b6b9-67d017eaae5d,2026-27,6,16.97,15.22,18.65,33.86,84.7,A,f
f33bb0fc-71c3-11ac-00f4-29998da06d1f,1b72a24f-b08f-49a4-a035-c9407cfe0e5f,005078bd-c539-5c44-a631-7e7dd9fb778c,2026-27,6,16.57,18.72,17.65,33.36,86.3,A,f
ddcd7be0-9034-f12f-6d06-c9d40d6aa9ac,1b72a24f-b08f-49a4-a035-c9407cfe0e5f,539f9c66-84f9-5b19-943a-cb15d62bbc33,2026-27,6,18.47,17.72,16.65,31.66,84.5,A,f
e2b9bd1f-b7c2-ec07-940f-7e37d30637d7,328336ab-7588-45a7-8ac0-422d2245d8b7,29f10515-0a52-55f4-896b-fa882e11e38e,2026-27,6,18.58,16.77,18.85,39.95,94.15,A+,f
bf6b33a4-1730-88ce-a26b-bd5409b7f9e4,328336ab-7588-45a7-8ac0-422d2245d8b7,2bc3bd90-0760-5d47-9467-5a5992c412e5,2026-27,6,19.68,16.87,20.0,37.65,94.2,A+,f
2f0a4b02-1e95-ba04-1998-6b84d3c15e92,328336ab-7588-45a7-8ac0-422d2245d8b7,d9518e1b-06ba-5f43-b6b9-67d017eaae5d,2026-27,6,20.0,17.17,19.55,38.65,95.37,A+,f
f83378dd-11cc-d303-a1c3-d6f806331c4c,328336ab-7588-45a7-8ac0-422d2245d8b7,005078bd-c539-5c44-a631-7e7dd9fb778c,2026-27,6,19.48,20.0,19.35,37.95,96.78,A+,f
a8b29a17-df72-a1ac-4cfa-890bfed88ec0,328336ab-7588-45a7-8ac0-422d2245d8b7,539f9c66-84f9-5b19-943a-cb15d62bbc33,2026-27,6,19.88,18.27,19.05,39.75,96.95,A+,f
9bb2a6e2-454b-152b-ec63-2e5a76baae3b,4614f111-3026-4243-876e-3ce750ab5594,f8b6ad01-594d-5e52-b325-ed9eb13211e1,2026-27,2,17.1,15.23,17.84,32.07,82.24,A,f
f9602e01-b79e-9d06-cdfc-55ec23e09797,4614f111-3026-4243-876e-3ce750ab5594,f27d152a-f613-51a3-aea8-0506e5d24c3a,2026-27,2,17.4,18.33,16.44,35.57,87.74,A,f
7bade2d4-c99a-2e91-f2e4-b4cbedc1e8f4,4614f111-3026-4243-876e-3ce750ab5594,5297007a-130e-5341-af7a-4e9027c2dadf,2026-27,2,17.0,15.13,17.44,33.97,83.54,A,f
ba90e620-19d2-63ab-0c37-5bd4ed07b3cc,4614f111-3026-4243-876e-3ce750ab5594,c8e42f25-4acd-5f8b-8bce-f0cab27cc71f,2026-27,2,17.2,14.93,16.54,33.17,81.84,A,f
d9e84e30-0d91-3644-effd-8ba180abb67a,4614f111-3026-4243-876e-3ce750ab5594,5ceb5573-0231-5d70-848b-193fcfdb644c,2026-27,2,18.5,14.83,16.74,31.97,82.04,A,f
dcc479cc-64af-0e67-34b7-ad383fabf7d9,778b9820-9219-45b9-a52c-b41646381bb9,29f10515-0a52-55f4-896b-fa882e11e38e,2026-27,6,17.67,17.52,17.24,34.83,87.26,A,f
01c17d52-66a9-296c-7da5-1ef74c9110f2,778b9820-9219-45b9-a52c-b41646381bb9,2bc3bd90-0760-5d47-9467-5a5992c412e5,2026-27,6,18.17,18.92,18.04,33.43,88.56,A,f
c4630a05-0f0e-fedf-12d2-e5a01e822d4c,778b9820-9219-45b9-a52c-b41646381bb9,d9518e1b-06ba-5f43-b6b9-67d017eaae5d,2026-27,6,17.07,19.02,17.44,36.33,89.86,A,f
4d0242b6-4bdd-1124-3b57-1b4eea541090,778b9820-9219-45b9-a52c-b41646381bb9,005078bd-c539-5c44-a631-7e7dd9fb778c,2026-27,6,17.57,18.32,19.14,34.53,89.56,A,f
3d0a2948-a6cf-d34a-0ebf-ce2e331c1298,778b9820-9219-45b9-a52c-b41646381bb9,539f9c66-84f9-5b19-943a-cb15d62bbc33,2026-27,6,17.07,16.82,16.84,32.83,83.56,A,f
87665666-c8a8-8924-b264-4270bd1755cc,0c5aa003-a3ff-4fda-9e60-5fa595d77120,730c5632-33dc-5e69-a798-6135043a47aa,2026-27,4,17.75,16.12,18.48,35.61,87.96,A,f
52ab8926-da58-df41-e4fd-fb90981f8c27,0c5aa003-a3ff-4fda-9e60-5fa595d77120,21e87180-7538-5689-922d-8889674702ed,2026-27,4,17.55,17.02,19.28,35.71,89.56,A,f
a50306e9-9ef7-e99c-a463-807275e665aa,0c5aa003-a3ff-4fda-9e60-5fa595d77120,a71f945b-22bf-5921-85a0-cb1acd7cb2e6,2026-27,4,16.95,17.62,19.18,38.41,92.16,A+,f
5c95ae04-19c3-fab7-88b0-a0a650bb3057,0c5aa003-a3ff-4fda-9e60-5fa595d77120,859db046-894d-53cc-8cb4-3643d0c7f1fe,2026-27,4,17.35,19.72,18.88,33.41,89.36,A,f
a11fda0f-327f-7dc8-7a38-ce50687571f5,0c5aa003-a3ff-4fda-9e60-5fa595d77120,40d412e8-fc3b-5972-8ff2-90b35de8a2d3,2026-27,4,16.95,19.32,18.48,35.11,89.86,A,f
6608e9d2-0328-a2ba-b6ec-079650b396b1,42d9c168-fd14-43c0-b16a-ee1a15541af1,29f10515-0a52-55f4-896b-fa882e11e38e,2026-27,6,14.88,15.69,16.45,30.55,77.57,B+,f
c3296d82-5696-dc87-e8e1-71a0048d9362,42d9c168-fd14-43c0-b16a-ee1a15541af1,2bc3bd90-0760-5d47-9467-5a5992c412e5,2026-27,6,16.28,13.99,15.25,31.65,77.17,B+,f
b3cfbadb-564d-c469-25f9-7d778024c330,42d9c168-fd14-43c0-b16a-ee1a15541af1,d9518e1b-06ba-5f43-b6b9-67d017eaae5d,2026-27,6,15.68,15.69,16.35,30.45,78.17,B+,f
ba44d0ca-c4bf-72b7-f56d-4dcecdccb300,42d9c168-fd14-43c0-b16a-ee1a15541af1,005078bd-c539-5c44-a631-7e7dd9fb778c,2026-27,6,15.38,15.49,14.75,30.55,76.17,B+,f
38d4065e-3e3b-d5bd-7862-a77d087d17c4,42d9c168-fd14-43c0-b16a-ee1a15541af1,539f9c66-84f9-5b19-943a-cb15d62bbc33,2026-27,6,17.28,14.29,17.45,31.45,80.47,A,f
b82b34cc-417c-b284-f99d-0b600f0600ff,713e38c0-a659-45c2-b1c0-a721df3d791f,29f10515-0a52-55f4-896b-fa882e11e38e,2026-27,6,18.6,17.9,19.2,39.3,95.0,A+,f
cf782027-3877-a8de-e6cb-9237a9c73a2f,713e38c0-a659-45c2-b1c0-a721df3d791f,2bc3bd90-0760-5d47-9467-5a5992c412e5,2026-27,6,19.8,19.6,20.0,40.0,99.4,A+,f
e1651374-94e8-c805-5e52-589ef9d9a476,713e38c0-a659-45c2-b1c0-a721df3d791f,d9518e1b-06ba-5f43-b6b9-67d017eaae5d,2026-27,6,20.0,17.4,19.7,37.6,94.7,A+,f
e4b3da8e-1036-f22d-e6f8-a56dfae80dea,713e38c0-a659-45c2-b1c0-a721df3d791f,005078bd-c539-5c44-a631-7e7dd9fb778c,2026-27,6,18.1,20.0,20.0,38.1,96.2,A+,f
449f1b70-e59f-1473-cf0b-f7d5612d5556,713e38c0-a659-45c2-b1c0-a721df3d791f,539f9c66-84f9-5b19-943a-cb15d62bbc33,2026-27,6,19.7,20.0,20.0,40.0,99.7,A+,f
ae937495-ebb4-84f4-7e94-ff0b5f4cf42b,b0d6e898-db9a-4a7d-8e83-e1411e202459,f8b6ad01-594d-5e52-b325-ed9eb13211e1,2026-27,2,19.2,19.66,18.81,37.87,95.54,A+,f
2ca61028-b845-353e-5af9-8e8254b747e9,b0d6e898-db9a-4a7d-8e83-e1411e202459,f27d152a-f613-51a3-aea8-0506e5d24c3a,2026-27,2,18.9,17.46,17.11,38.37,91.84,A+,f
1b77a523-665c-9b9b-9643-3a48059fcac5,b0d6e898-db9a-4a7d-8e83-e1411e202459,5297007a-130e-5341-af7a-4e9027c2dadf,2026-27,2,18.3,16.66,19.01,36.87,90.84,A+,f
4505549b-32ca-cd6e-2e1c-bcb44ecc430a,b0d6e898-db9a-4a7d-8e83-e1411e202459,c8e42f25-4acd-5f8b-8bce-f0cab27cc71f,2026-27,2,17.1,17.26,19.01,38.77,92.14,A+,f
68bdb4b8-2a11-f71e-ab19-e84de49f6a12,b0d6e898-db9a-4a7d-8e83-e1411e202459,5ceb5573-0231-5d70-848b-193fcfdb644c,2026-27,2,18.1,17.06,17.31,33.67,86.14,A,f
3f6c957b-cd50-35db-aa11-db783ea606e7,09430dca-fd8c-41d9-a410-b11374f07e3e,c697ab81-ffed-5fa6-9b51-be0954571d20,2026-27,1,18.07,15.3,15.8,34.46,83.63,A,f
6ffee889-5b7c-7368-9a89-ebb56973f445,09430dca-fd8c-41d9-a410-b11374f07e3e,cc6bfe47-d156-5f3c-a0a6-64be53ff1202,2026-27,1,15.87,16.6,16.5,33.36,82.33,A,f
7a4f145a-b7c4-6651-de73-b5826068cc18,09430dca-fd8c-41d9-a410-b11374f07e3e,945cbb28-3a50-5ed1-8e70-c416ee3f92f0,2026-27,1,15.27,15.5,16.0,32.66,79.43,B+,f
7376950c-29c0-6120-1f86-7f58f5d3cf69,09430dca-fd8c-41d9-a410-b11374f07e3e,325f5f11-db40-5f00-816d-d66357e36c70,2026-27,1,17.97,17.7,16.7,35.46,87.83,A,f
22b036b5-fed6-2d3b-19ea-4513b32d0e80,09430dca-fd8c-41d9-a410-b11374f07e3e,817d9a6f-e405-58f8-991b-373c31bd4e25,2026-27,1,17.57,16.6,18.2,30.86,83.23,A,f
b2c9b1af-5438-8299-e3fd-277ee2cb6cc9,2f25aea6-f628-454d-94da-c033a75d09f7,f8b6ad01-594d-5e52-b325-ed9eb13211e1,2026-27,2,18.88,17.13,19.06,37.2,92.27,A+,f
636511a3-b650-b7b0-fbed-d7384ad32822,2f25aea6-f628-454d-94da-c033a75d09f7,f27d152a-f613-51a3-aea8-0506e5d24c3a,2026-27,2,17.08,15.83,19.06,33.2,85.17,A,f
7880a662-4803-b936-b5a8-93b3bc8db72d,2f25aea6-f628-454d-94da-c033a75d09f7,5297007a-130e-5341-af7a-4e9027c2dadf,2026-27,2,17.18,16.23,17.36,35.4,86.17,A,f
322aa70e-49df-01c6-548b-b5855e9f5066,2f25aea6-f628-454d-94da-c033a75d09f7,c8e42f25-4acd-5f8b-8bce-f0cab27cc71f,2026-27,2,18.78,16.13,19.36,36.2,90.47,A+,f
19b70f9c-42e6-3106-50cd-884013f95de1,2f25aea6-f628-454d-94da-c033a75d09f7,5ceb5573-0231-5d70-848b-193fcfdb644c,2026-27,2,17.98,16.43,18.26,32.2,84.87,A,f
9d1a3477-89fd-872b-d4f7-ea0eacb8f63b,3a493c90-6eab-4969-8522-1072ea4620ca,c697ab81-ffed-5fa6-9b51-be0954571d20,2026-27,1,18.38,16.84,17.38,32.76,85.36,A,f
fb614237-7627-f495-4e63-39e95501899f,3a493c90-6eab-4969-8522-1072ea4620ca,cc6bfe47-d156-5f3c-a0a6-64be53ff1202,2026-27,1,18.88,16.44,18.88,33.66,87.86,A,f
c88183ad-7940-f5d0-c7c9-e1d57ac0def7,3a493c90-6eab-4969-8522-1072ea4620ca,945cbb28-3a50-5ed1-8e70-c416ee3f92f0,2026-27,1,18.08,18.84,17.28,35.66,89.86,A,f
b528942b-5c56-e9dc-2174-594b7fae9b46,3a493c90-6eab-4969-8522-1072ea4620ca,325f5f11-db40-5f00-816d-d66357e36c70,2026-27,1,17.08,19.54,17.68,37.66,91.96,A+,f
e4022531-a7f6-0229-1954-194d4bf91539,3a493c90-6eab-4969-8522-1072ea4620ca,817d9a6f-e405-58f8-991b-373c31bd4e25,2026-27,1,17.38,16.64,18.68,36.66,89.36,A,f
79bddac6-9608-63c7-4e04-5721d72b30e3,aa83ea2c-6542-46be-8585-263bd02f139a,f8b6ad01-594d-5e52-b325-ed9eb13211e1,2026-27,2,16.03,18.68,19.2,34.42,88.33,A,f
2e604d32-0e25-13c0-ab21-fa3c3fc37a30,aa83ea2c-6542-46be-8585-263bd02f139a,f27d152a-f613-51a3-aea8-0506e5d24c3a,2026-27,2,17.83,16.48,18.3,31.42,84.03,A,f
b0be511f-e8a1-5d96-9282-f1b0a8832c70,aa83ea2c-6542-46be-8585-263bd02f139a,5297007a-130e-5341-af7a-4e9027c2dadf,2026-27,2,16.43,18.88,19.1,35.42,89.83,A,f
654a8ce3-9a7a-8323-698f-3d2893775003,aa83ea2c-6542-46be-8585-263bd02f139a,c8e42f25-4acd-5f8b-8bce-f0cab27cc71f,2026-27,2,16.23,18.38,18.4,35.82,88.83,A,f
be38dd1a-00fc-163d-1f37-6cdfdcbcaa2d,aa83ea2c-6542-46be-8585-263bd02f139a,5ceb5573-0231-5d70-848b-193fcfdb644c,2026-27,2,16.53,16.78,18.9,31.52,83.73,A,f
8992908d-c884-e64e-2909-36ebbd7b05d4,e04fdc39-93a8-42ed-8364-226fa8743f77,c697ab81-ffed-5fa6-9b51-be0954571d20,2026-27,1,17.4,16.73,18.33,32.5,84.96,A,f
f5b0b745-2079-2219-a9dd-fd91a1e10eb8,e04fdc39-93a8-42ed-8364-226fa8743f77,cc6bfe47-d156-5f3c-a0a6-64be53ff1202,2026-27,1,16.5,18.13,17.93,34.4,86.96,A,f
44e72cfb-f0d1-97b5-c5d4-80d0a733555d,e04fdc39-93a8-42ed-8364-226fa8743f77,945cbb28-3a50-5ed1-8e70-c416ee3f92f0,2026-27,1,17.4,17.03,16.63,30.8,81.86,A,f
94cbc165-457f-2a45-0f7a-3e762a65472f,e04fdc39-93a8-42ed-8364-226fa8743f77,325f5f11-db40-5f00-816d-d66357e36c70,2026-27,1,16.9,15.33,16.33,32.6,81.16,A,f
e7760ce7-78b0-8ca2-41d2-0ce8c6563c70,e04fdc39-93a8-42ed-8364-226fa8743f77,817d9a6f-e405-58f8-991b-373c31bd4e25,2026-27,1,17.8,15.23,17.43,31.6,82.06,A,f
4c537c8f-1a8f-3dda-e9a3-bd181ad70ecd,7d968e88-bbbc-42ce-88ea-a4568137d982,29f10515-0a52-55f4-896b-fa882e11e38e,2026-27,6,19.47,17.94,17.59,36.93,91.93,A+,f
6746c6ad-f58d-c294-6f87-baa3a0053cb5,7d968e88-bbbc-42ce-88ea-a4568137d982,2bc3bd90-0760-5d47-9467-5a5992c412e5,2026-27,6,19.37,16.84,17.79,34.53,88.53,A,f
5b201f3e-f21a-b38e-bb16-337bc4b88b23,7d968e88-bbbc-42ce-88ea-a4568137d982,d9518e1b-06ba-5f43-b6b9-67d017eaae5d,2026-27,6,18.87,16.44,18.79,34.53,88.63,A,f
a2714c4e-b05c-6976-ab63-dd8660fd506d,7d968e88-bbbc-42ce-88ea-a4568137d982,005078bd-c539-5c44-a631-7e7dd9fb778c,2026-27,6,17.97,16.14,18.39,33.23,85.73,A,f
2ef08d32-e833-962f-a6ce-fa764a41627a,7d968e88-bbbc-42ce-88ea-a4568137d982,539f9c66-84f9-5b19-943a-cb15d62bbc33,2026-27,6,16.77,18.54,19.99,37.03,92.33,A+,f
ed33623b-aa0d-768f-63ac-3be1383bccd8,73e3e45f-f043-4023-8fd5-48b1b21973ff,c697ab81-ffed-5fa6-9b51-be0954571d20,2026-27,1,17.1,18.87,18.03,34.1,88.1,A,f
7755104b-3375-972f-6445-206431f12983,73e3e45f-f043-4023-8fd5-48b1b21973ff,cc6bfe47-d156-5f3c-a0a6-64be53ff1202,2026-27,1,18.0,17.37,19.83,34.1,89.3,A,f
2dea7490-653a-4a48-16a1-d5a18d10a6d9,73e3e45f-f043-4023-8fd5-48b1b21973ff,945cbb28-3a50-5ed1-8e70-c416ee3f92f0,2026-27,1,18.8,18.27,17.33,36.5,90.9,A+,f
a6e73282-3c06-d66d-8463-8d9ee43e11f8,73e3e45f-f043-4023-8fd5-48b1b21973ff,325f5f11-db40-5f00-816d-d66357e36c70,2026-27,1,19.6,19.97,18.23,36.8,94.6,A+,f
c5a69696-092d-46f3-c4cc-ebbe0aea7aae,73e3e45f-f043-4023-8fd5-48b1b21973ff,817d9a6f-e405-58f8-991b-373c31bd4e25,2026-27,1,17.4,15.97,17.43,38.6,89.4,A,f
c36158c2-e065-eb50-b886-105d300e1e92,c644ae21-03f9-47ac-888a-e9adcc3bd5ba,730c5632-33dc-5e69-a798-6135043a47aa,2026-27,4,17.82,17.34,15.92,31.24,82.32,A,f
8e37755d-0302-cdb8-98b9-5195d4ab290e,c644ae21-03f9-47ac-888a-e9adcc3bd5ba,21e87180-7538-5689-922d-8889674702ed,2026-27,4,15.62,15.94,17.52,32.34,81.42,A,f
bcd0c54e-91ac-62a9-0545-d0ce5d73669c,c644ae21-03f9-47ac-888a-e9adcc3bd5ba,a71f945b-22bf-5921-85a0-cb1acd7cb2e6,2026-27,4,14.92,17.04,17.22,31.84,81.02,A,f
00b961fa-5b9d-1736-67f3-89ee65f09ae7,c644ae21-03f9-47ac-888a-e9adcc3bd5ba,859db046-894d-53cc-8cb4-3643d0c7f1fe,2026-27,4,17.22,15.74,17.52,29.14,79.62,B+,f
64da4b2c-6e13-eb63-e87c-1c5ce0594d80,c644ae21-03f9-47ac-888a-e9adcc3bd5ba,40d412e8-fc3b-5972-8ff2-90b35de8a2d3,2026-27,4,15.92,15.14,16.92,32.24,80.22,A,f
3d49f7c7-9a0b-eb64-5cbd-20d920212b05,da621c33-de01-4eb0-8abf-eec98a946ebc,c697ab81-ffed-5fa6-9b51-be0954571d20,2026-27,1,18.27,15.83,19.38,37.76,91.24,A+,f
bcd4b120-a0fe-5eab-be27-998f8b824cc8,da621c33-de01-4eb0-8abf-eec98a946ebc,cc6bfe47-d156-5f3c-a0a6-64be53ff1202,2026-27,1,17.37,19.63,18.58,33.66,89.24,A,f
7c55ba51-c72b-9420-e53e-9a535344c57a,da621c33-de01-4eb0-8abf-eec98a946ebc,945cbb28-3a50-5ed1-8e70-c416ee3f92f0,2026-27,1,18.77,16.13,17.68,34.26,86.84,A,f
202000f5-3f03-4b2a-4410-b9537ac039e1,da621c33-de01-4eb0-8abf-eec98a946ebc,325f5f11-db40-5f00-816d-d66357e36c70,2026-27,1,18.97,17.83,17.58,36.96,91.34,A+,f
25515a6d-0733-cbb2-4966-5c56e4b6bcc9,da621c33-de01-4eb0-8abf-eec98a946ebc,817d9a6f-e405-58f8-991b-373c31bd4e25,2026-27,1,17.67,18.33,19.28,35.66,90.94,A+,f
c294f3fa-f920-feb3-f601-0fbc7ea8b4b6,b69a176f-47a1-4ef4-9c21-1a8675f39902,f8b6ad01-594d-5e52-b325-ed9eb13211e1,2026-27,2,16.96,18.52,17.36,32.63,85.47,A,f
4585d686-2c8f-4a18-37ba-03dd06a9a499,b69a176f-47a1-4ef4-9c21-1a8675f39902,f27d152a-f613-51a3-aea8-0506e5d24c3a,2026-27,2,18.66,19.22,18.76,38.43,95.07,A+,f
328d5a06-5960-5378-6db7-a858b0662a7a,b69a176f-47a1-4ef4-9c21-1a8675f39902,5297007a-130e-5341-af7a-4e9027c2dadf,2026-27,2,18.66,18.42,19.66,35.63,92.37,A+,f
4efdf0bf-95c5-986e-ee15-26ced23b0375,b69a176f-47a1-4ef4-9c21-1a8675f39902,c8e42f25-4acd-5f8b-8bce-f0cab27cc71f,2026-27,2,17.66,19.62,19.56,34.93,91.77,A+,f
1dc2a649-30be-02fd-848f-91a57645919c,b69a176f-47a1-4ef4-9c21-1a8675f39902,5ceb5573-0231-5d70-848b-193fcfdb644c,2026-27,2,18.66,17.32,19.06,37.63,92.67,A+,f
b1a76ce1-d0d2-0043-5510-1484ebf4969f,6e21abd3-580d-4f8d-8855-8df61c01bb7f,c697ab81-ffed-5fa6-9b51-be0954571d20,2026-27,1,19.56,17.66,20.0,38.59,95.81,A+,f
7d4fa122-9e28-707c-8bb0-cf355c9a5708,6e21abd3-580d-4f8d-8855-8df61c01bb7f,cc6bfe47-d156-5f3c-a0a6-64be53ff1202,2026-27,1,18.26,20.0,20.0,38.59,96.85,A+,f
c62f4be4-cd9e-cfe2-a96a-3f993b4ccbdc,6e21abd3-580d-4f8d-8855-8df61c01bb7f,945cbb28-3a50-5ed1-8e70-c416ee3f92f0,2026-27,1,18.26,17.86,20.0,38.69,94.81,A+,f
d396b95c-64e1-54a4-de95-16deb326ad85,6e21abd3-580d-4f8d-8855-8df61c01bb7f,325f5f11-db40-5f00-816d-d66357e36c70,2026-27,1,18.16,18.76,20.0,38.89,95.81,A+,f
6e6cf60f-1637-873a-4f11-55ee84c2462e,6e21abd3-580d-4f8d-8855-8df61c01bb7f,817d9a6f-e405-58f8-991b-373c31bd4e25,2026-27,1,20.0,20.0,19.26,36.89,96.15,A+,f
4557be0f-8bc5-8097-54f8-a2927b0d6472,d3fb4855-a101-4c14-a94d-ecd97e3191b6,29f10515-0a52-55f4-896b-fa882e11e38e,2026-27,6,18.21,16.57,20.0,37.87,92.65,A+,f
4fd3e015-f763-4e6c-55c8-66e1c25fca35,d3fb4855-a101-4c14-a94d-ecd97e3191b6,2bc3bd90-0760-5d47-9467-5a5992c412e5,2026-27,6,19.61,17.47,18.12,37.27,92.47,A+,f
a791c2b3-4fa6-df84-7c25-77a249547ab2,d3fb4855-a101-4c14-a94d-ecd97e3191b6,d9518e1b-06ba-5f43-b6b9-67d017eaae5d,2026-27,6,17.11,18.97,17.32,37.87,91.27,A+,f
a905ac06-d9a1-689d-9892-115b53e49076,d3fb4855-a101-4c14-a94d-ecd97e3191b6,005078bd-c539-5c44-a631-7e7dd9fb778c,2026-27,6,19.51,19.47,18.02,38.47,95.47,A+,f
7d0f9bf0-22d2-4531-4909-f69eac9f2fd1,d3fb4855-a101-4c14-a94d-ecd97e3191b6,539f9c66-84f9-5b19-943a-cb15d62bbc33,2026-27,6,18.91,17.87,18.62,34.97,90.37,A+,f
a8dbd704-c237-4dc1-e42f-e90069018901,f2323f7e-f5df-4968-9088-7aee14f4eb31,730c5632-33dc-5e69-a798-6135043a47aa,2026-27,4,17.01,18.26,17.28,31.52,84.07,A,f
0567a959-da25-dc81-03bf-692fbcc03588,f2323f7e-f5df-4968-9088-7aee14f4eb31,21e87180-7538-5689-922d-8889674702ed,2026-27,4,16.01,17.96,17.68,33.32,84.97,A,f
b1baf866-b4d0-f4dc-92bc-a8c50e421a74,f2323f7e-f5df-4968-9088-7aee14f4eb31,a71f945b-22bf-5921-85a0-cb1acd7cb2e6,2026-27,4,16.41,16.26,18.88,31.72,83.27,A,f
ad760055-6bbc-df57-324d-213a182e6278,f2323f7e-f5df-4968-9088-7aee14f4eb31,859db046-894d-53cc-8cb4-3643d0c7f1fe,2026-27,4,16.51,19.16,18.08,36.52,90.27,A+,f
85a11cc5-9800-723d-700f-c326c72de566,f2323f7e-f5df-4968-9088-7aee14f4eb31,40d412e8-fc3b-5972-8ff2-90b35de8a2d3,2026-27,4,19.01,19.16,18.58,37.32,94.07,A+,f
ee4ea1a2-8c46-7e50-ea19-648d3e3bf072,c604cd80-92e9-4f72-96ee-5f18f2411e2e,c697ab81-ffed-5fa6-9b51-be0954571d20,2026-27,1,18.07,16.31,16.43,35.38,86.19,A,f
ec648860-e587-307f-78c3-eb5cbd47a07b,c604cd80-92e9-4f72-96ee-5f18f2411e2e,cc6bfe47-d156-5f3c-a0a6-64be53ff1202,2026-27,1,18.27,18.01,16.83,31.38,84.49,A,f
3c444066-3735-c196-e35a-0a716ebf8691,c604cd80-92e9-4f72-96ee-5f18f2411e2e,945cbb28-3a50-5ed1-8e70-c416ee3f92f0,2026-27,1,18.47,16.01,16.63,36.38,87.49,A,f
a45ac02f-0a4a-336f-4ab0-5270c902b56e,c604cd80-92e9-4f72-96ee-5f18f2411e2e,325f5f11-db40-5f00-816d-d66357e36c70,2026-27,1,18.57,17.71,18.63,32.08,86.99,A,f
93a1d622-4c03-bb5b-00b1-d0ec933b188a,c604cd80-92e9-4f72-96ee-5f18f2411e2e,817d9a6f-e405-58f8-991b-373c31bd4e25,2026-27,1,18.77,16.71,16.33,33.28,85.09,A,f
a0faae22-e8ef-9e87-0751-8d9eb897cf4e,16a33464-ab52-4756-9a86-449f75b11a5f,29f10515-0a52-55f4-896b-fa882e11e38e,2026-27,6,16.99,16.15,19.79,35.48,88.41,A,f
d0ab3b9e-b530-09c3-2db2-a49e9b13a938,16a33464-ab52-4756-9a86-449f75b11a5f,2bc3bd90-0760-5d47-9467-5a5992c412e5,2026-27,6,16.59,17.05,17.69,37.18,88.51,A,f
cf363e32-f0b6-60e4-ad6a-1f469dab02e8,16a33464-ab52-4756-9a86-449f75b11a5f,d9518e1b-06ba-5f43-b6b9-67d017eaae5d,2026-27,6,17.59,16.65,18.39,37.98,90.61,A+,f
3a7c47cd-0adb-d13c-0cec-dec22ae3fec4,16a33464-ab52-4756-9a86-449f75b11a5f,005078bd-c539-5c44-a631-7e7dd9fb778c,2026-27,6,18.49,18.15,19.39,34.98,91.01,A+,f
db91b41f-b46e-bbd5-97d7-81d05e64680f,16a33464-ab52-4756-9a86-449f75b11a5f,539f9c66-84f9-5b19-943a-cb15d62bbc33,2026-27,6,16.39,16.15,18.79,37.58,88.91,A,f
a81ce39f-7ce0-7312-1417-0e6ce57c5843,57ed2e05-c77a-4f69-8cf7-78c8758232f0,730c5632-33dc-5e69-a798-6135043a47aa,2026-27,4,17.0,15.97,19.93,38.1,91.0,A+,f
4932e1c6-88a7-838d-c450-4401c0afb2a7,57ed2e05-c77a-4f69-8cf7-78c8758232f0,21e87180-7538-5689-922d-8889674702ed,2026-27,4,18.5,18.97,17.33,35.3,90.1,A+,f
cdb221d8-b642-a3c1-b261-4e7b34195c9e,57ed2e05-c77a-4f69-8cf7-78c8758232f0,a71f945b-22bf-5921-85a0-cb1acd7cb2e6,2026-27,4,18.2,17.67,17.63,37.7,91.2,A+,f
c38f1d40-20da-b63e-6456-14b983d69b00,57ed2e05-c77a-4f69-8cf7-78c8758232f0,859db046-894d-53cc-8cb4-3643d0c7f1fe,2026-27,4,16.8,16.57,17.23,35.8,86.4,A,f
a0a19750-d09c-4ae7-695a-0c4ebde5ec74,57ed2e05-c77a-4f69-8cf7-78c8758232f0,40d412e8-fc3b-5972-8ff2-90b35de8a2d3,2026-27,4,18.0,16.57,18.83,34.3,87.7,A,f
e630ee95-7aca-d8d7-8b76-a185ab84aa6e,a77cf863-61c0-4dc2-a0c0-8bc118253a33,c697ab81-ffed-5fa6-9b51-be0954571d20,2026-27,1,18.21,18.96,16.78,36.12,90.07,A+,f
23ae767a-121e-9f88-c7bd-35aee8e79bdd,a77cf863-61c0-4dc2-a0c0-8bc118253a33,cc6bfe47-d156-5f3c-a0a6-64be53ff1202,2026-27,1,18.21,15.76,17.28,34.72,85.97,A,f
a3e1bc45-e944-c8f2-ae9f-cbc56fc7709b,a77cf863-61c0-4dc2-a0c0-8bc118253a33,945cbb28-3a50-5ed1-8e70-c416ee3f92f0,2026-27,1,16.21,19.16,19.18,33.72,88.27,A,f
c6665c04-085d-7edf-6f12-da644880d2ec,a77cf863-61c0-4dc2-a0c0-8bc118253a33,325f5f11-db40-5f00-816d-d66357e36c70,2026-27,1,17.31,16.96,18.38,32.72,85.37,A,f
f2b57d7a-1b83-106d-1813-e501dfa755a8,a77cf863-61c0-4dc2-a0c0-8bc118253a33,817d9a6f-e405-58f8-991b-373c31bd4e25,2026-27,1,17.71,15.16,17.18,32.02,82.07,A,f
41c3f789-6fb9-976a-363e-acb008cbb448,30eee6e9-a212-4cd0-b537-21290b8b9e3a,730c5632-33dc-5e69-a798-6135043a47aa,2026-27,4,17.49,19.66,18.8,38.33,94.28,A+,f
4c975016-82ed-0efa-2fdf-c7e12c40d2b5,30eee6e9-a212-4cd0-b537-21290b8b9e3a,21e87180-7538-5689-922d-8889674702ed,2026-27,4,17.99,16.46,19.0,33.83,87.28,A,f
43abaa6b-50bc-53b5-3fbd-c8835c289648,30eee6e9-a212-4cd0-b537-21290b8b9e3a,a71f945b-22bf-5921-85a0-cb1acd7cb2e6,2026-27,4,17.29,17.96,17.3,36.03,88.58,A,f
f54c5cbf-c27c-f609-530a-0154506a3bec,30eee6e9-a212-4cd0-b537-21290b8b9e3a,859db046-894d-53cc-8cb4-3643d0c7f1fe,2026-27,4,18.09,16.26,19.1,34.33,87.78,A,f
61ce6b42-f937-fbae-3f1b-7ca198f176fe,30eee6e9-a212-4cd0-b537-21290b8b9e3a,40d412e8-fc3b-5972-8ff2-90b35de8a2d3,2026-27,4,19.09,16.66,17.3,36.13,89.18,A,f
31b0232e-1e90-cfb9-cb74-baa8698018c4,dde68789-89a6-4de6-94f8-e8eb1a3f599e,29f10515-0a52-55f4-896b-fa882e11e38e,2026-27,6,15.79,18.84,17.65,36.43,88.71,A,f
4253ca31-950f-4697-b772-13f42970df63,dde68789-89a6-4de6-94f8-e8eb1a3f599e,2bc3bd90-0760-5d47-9467-5a5992c412e5,2026-27,6,17.49,15.94,17.45,31.53,82.41,A,f
7e671403-dcfb-2215-9e9b-0d67ec87a89f,dde68789-89a6-4de6-94f8-e8eb1a3f599e,d9518e1b-06ba-5f43-b6b9-67d017eaae5d,2026-27,6,16.59,17.94,17.55,31.13,83.21,A,f
7754b14a-d39e-4eb0-9861-3d9ab16d615b,dde68789-89a6-4de6-94f8-e8eb1a3f599e,005078bd-c539-5c44-a631-7e7dd9fb778c,2026-27,6,17.19,17.24,18.45,33.33,86.21,A,f
fe73165e-7a58-6635-9009-a0772bc673bd,dde68789-89a6-4de6-94f8-e8eb1a3f599e,539f9c66-84f9-5b19-943a-cb15d62bbc33,2026-27,6,17.49,15.74,17.25,34.53,85.01,A,f
84b500b8-3270-851e-d38a-1531210425d4,18564a06-d03c-41ff-b809-34e413e95595,730c5632-33dc-5e69-a798-6135043a47aa,2026-27,4,18.64,17.88,17.91,34.76,89.19,A,f
cd81f376-d26a-c42a-301b-41b0b4090ec4,18564a06-d03c-41ff-b809-34e413e95595,21e87180-7538-5689-922d-8889674702ed,2026-27,4,17.64,19.08,16.41,32.86,85.99,A,f
caf91433-6e7c-8379-f4b3-e034e484c984,18564a06-d03c-41ff-b809-34e413e95595,a71f945b-22bf-5921-85a0-cb1acd7cb2e6,2026-27,4,18.44,17.38,18.91,33.66,88.39,A,f
2f24fd3e-4d4b-8db8-f1c0-43cf74c22c1d,18564a06-d03c-41ff-b809-34e413e95595,859db046-894d-53cc-8cb4-3643d0c7f1fe,2026-27,4,15.94,15.68,18.11,34.36,84.09,A,f
debcd5c7-f93f-08c9-a965-e3ebcbbe4bc5,18564a06-d03c-41ff-b809-34e413e95595,40d412e8-fc3b-5972-8ff2-90b35de8a2d3,2026-27,4,18.84,17.78,19.11,36.06,91.79,A+,f
32998fe1-9e7f-ae2f-b32a-38616b509082,d83832f5-1734-4f7e-a563-3d72a275e1f9,29f10515-0a52-55f4-896b-fa882e11e38e,2026-27,6,18.62,15.56,18.38,32.05,84.61,A,f
8b1b40be-354a-07a5-7267-408b151dc717,d83832f5-1734-4f7e-a563-3d72a275e1f9,2bc3bd90-0760-5d47-9467-5a5992c412e5,2026-27,6,15.62,15.46,18.48,31.55,81.11,A,f
0f141a9c-a3bd-0c14-7f0a-e31dec72f22f,d83832f5-1734-4f7e-a563-3d72a275e1f9,d9518e1b-06ba-5f43-b6b9-67d017eaae5d,2026-27,6,18.42,17.66,18.18,33.55,87.81,A,f
46f87b64-04b8-6ad1-0d86-6c25e4132f20,d83832f5-1734-4f7e-a563-3d72a275e1f9,005078bd-c539-5c44-a631-7e7dd9fb778c,2026-27,6,18.22,15.36,18.08,36.35,88.01,A,f
9536781b-fe73-a75d-0b95-e43d2104d667,d83832f5-1734-4f7e-a563-3d72a275e1f9,539f9c66-84f9-5b19-943a-cb15d62bbc33,2026-27,6,18.52,17.56,18.58,33.45,88.11,A,f
da0db127-e865-9e50-85fc-ab6846b2fff3,81996176-e873-4bfd-ab3f-0c75096cbfff,c697ab81-ffed-5fa6-9b51-be0954571d20,2026-27,1,18.4,18.77,20.0,37.17,94.34,A+,f
45811920-b865-7be3-e2a5-6e59e9f70ad3,81996176-e873-4bfd-ab3f-0c75096cbfff,cc6bfe47-d156-5f3c-a0a6-64be53ff1202,2026-27,1,19.2,18.17,17.54,34.47,89.38,A,f
e464ea2d-7cae-ea9f-1339-7c03e2ad44c0,81996176-e873-4bfd-ab3f-0c75096cbfff,945cbb28-3a50-5ed1-8e70-c416ee3f92f0,2026-27,1,17.9,19.57,20.0,36.97,94.44,A+,f
84899920-dcd0-0268-6662-802279756936,81996176-e873-4bfd-ab3f-0c75096cbfff,325f5f11-db40-5f00-816d-d66357e36c70,2026-27,1,19.7,17.97,17.84,35.77,91.28,A+,f
8cb1b1e8-f5e6-3ef5-5735-34e13a128678,81996176-e873-4bfd-ab3f-0c75096cbfff,817d9a6f-e405-58f8-991b-373c31bd4e25,2026-27,1,19.8,20.0,19.84,39.07,98.71,A+,f
329d1b18-bd4b-60b3-f707-128b2ff7d577,9fe1bad4-ae63-4419-88ba-01dd166646c6,c697ab81-ffed-5fa6-9b51-be0954571d20,2026-27,1,20.0,17.21,18.79,36.94,92.94,A+,f
67effee0-c6c4-ae10-7920-59c80335652c,9fe1bad4-ae63-4419-88ba-01dd166646c6,cc6bfe47-d156-5f3c-a0a6-64be53ff1202,2026-27,1,18.12,18.91,18.99,40.0,96.02,A+,f
34fc8e34-9479-29a0-483c-fc3a1dc0030d,9fe1bad4-ae63-4419-88ba-01dd166646c6,945cbb28-3a50-5ed1-8e70-c416ee3f92f0,2026-27,1,18.02,17.01,20.0,39.84,94.87,A+,f
d667007a-84bb-5d7c-fc5d-90c5f6192a6e,9fe1bad4-ae63-4419-88ba-01dd166646c6,325f5f11-db40-5f00-816d-d66357e36c70,2026-27,1,18.92,17.91,18.49,38.44,93.76,A+,f
068eb89b-0fa7-9587-db13-50ce8278161a,9fe1bad4-ae63-4419-88ba-01dd166646c6,817d9a6f-e405-58f8-991b-373c31bd4e25,2026-27,1,19.22,20.0,19.59,37.94,96.75,A+,f
eaa3a038-ed7d-27d1-cc52-7eba1ad21ed6,1ea716bb-9a0b-4bfb-8309-27f15f00dd30,f8b6ad01-594d-5e52-b325-ed9eb13211e1,2026-27,2,19.22,19.38,18.13,36.95,93.68,A+,f
b58edea4-a74e-ba92-5844-38e4d0e5e3a9,1ea716bb-9a0b-4bfb-8309-27f15f00dd30,f27d152a-f613-51a3-aea8-0506e5d24c3a,2026-27,2,17.42,17.78,17.03,38.25,90.48,A+,f
1904fdaf-40e1-8410-932b-041d4da8dac8,1ea716bb-9a0b-4bfb-8309-27f15f00dd30,5297007a-130e-5341-af7a-4e9027c2dadf,2026-27,2,19.12,16.68,19.53,32.75,88.08,A,f
dde3e82d-0d94-15fc-1169-6aa870113fe1,1ea716bb-9a0b-4bfb-8309-27f15f00dd30,c8e42f25-4acd-5f8b-8bce-f0cab27cc71f,2026-27,2,16.42,19.08,19.33,36.35,91.18,A+,f
9ff955fd-f01e-9391-687e-dad2b6434889,1ea716bb-9a0b-4bfb-8309-27f15f00dd30,5ceb5573-0231-5d70-848b-193fcfdb644c,2026-27,2,19.02,19.28,17.33,35.05,90.68,A+,f
64d9ebb7-087d-5834-762f-1618a6a8f908,1bdf28f3-3c50-45b0-a013-366712b36e1d,29f10515-0a52-55f4-896b-fa882e11e38e,2026-27,6,17.32,15.36,17.27,31.34,81.29,A,f
c0e7203d-53c4-b0b0-5549-491c83a39b5f,1bdf28f3-3c50-45b0-a013-366712b36e1d,2bc3bd90-0760-5d47-9467-5a5992c412e5,2026-27,6,15.82,16.56,16.17,31.44,79.99,B+,f
b6ea36b9-4c55-6176-3858-9cc0a842577b,1bdf28f3-3c50-45b0-a013-366712b36e1d,d9518e1b-06ba-5f43-b6b9-67d017eaae5d,2026-27,6,15.82,17.06,18.67,36.34,87.89,A,f
2ec21ff0-b5bb-9034-f5d1-c8cdc075ef74,1bdf28f3-3c50-45b0-a013-366712b36e1d,005078bd-c539-5c44-a631-7e7dd9fb778c,2026-27,6,17.22,16.06,16.37,31.34,80.99,A,f
cb761263-4e21-34f3-fb51-d8362bd5a447,1bdf28f3-3c50-45b0-a013-366712b36e1d,539f9c66-84f9-5b19-943a-cb15d62bbc33,2026-27,6,17.32,15.46,17.37,34.24,84.39,A,f
b0f0df53-023d-42ba-b828-2474b54de2c3,a8d38e72-9780-41a5-bf96-540ee5e6085b,c697ab81-ffed-5fa6-9b51-be0954571d20,2026-27,1,18.72,15.06,18.08,36.47,88.33,A,f
faf696bb-ce48-e754-8fb2-dafdc403372a,a8d38e72-9780-41a5-bf96-540ee5e6085b,cc6bfe47-d156-5f3c-a0a6-64be53ff1202,2026-27,1,18.62,16.56,16.58,32.57,84.33,A,f
7a7a71f0-d5fb-8afe-52d2-3797140b24cc,a8d38e72-9780-41a5-bf96-540ee5e6085b,945cbb28-3a50-5ed1-8e70-c416ee3f92f0,2026-27,1,18.02,17.46,18.58,36.67,90.73,A+,f
bed6e174-b624-a994-2d3b-77e066157e9a,a8d38e72-9780-41a5-bf96-540ee5e6085b,325f5f11-db40-5f00-816d-d66357e36c70,2026-27,1,16.92,15.36,17.28,33.17,82.73,A,f
edcb2436-5fed-586b-d4d4-a39837cd1993,a8d38e72-9780-41a5-bf96-540ee5e6085b,817d9a6f-e405-58f8-991b-373c31bd4e25,2026-27,1,17.52,18.56,17.78,31.47,85.33,A,f
7e3cca0e-113c-cad1-ec99-53720b9b52c6,51f87301-2d3b-46c7-b992-2d2a536a77c7,c697ab81-ffed-5fa6-9b51-be0954571d20,2026-27,1,19.06,16.41,18.83,36.73,91.03,A+,f
4eeada23-65b5-3336-3508-51e2e8e7ffa1,51f87301-2d3b-46c7-b992-2d2a536a77c7,cc6bfe47-d156-5f3c-a0a6-64be53ff1202,2026-27,1,16.66,15.51,18.83,35.93,86.93,A,f
4ca58502-f6af-a4fa-bd01-ae550bde1e48,51f87301-2d3b-46c7-b992-2d2a536a77c7,945cbb28-3a50-5ed1-8e70-c416ee3f92f0,2026-27,1,16.56,16.31,18.53,34.23,85.63,A,f
c1363e7b-6da2-df9a-0a12-208482796a22,51f87301-2d3b-46c7-b992-2d2a536a77c7,325f5f11-db40-5f00-816d-d66357e36c70,2026-27,1,17.66,16.11,17.03,35.43,86.23,A,f
02a10946-85eb-e32c-c148-e9f4bde2b4aa,51f87301-2d3b-46c7-b992-2d2a536a77c7,817d9a6f-e405-58f8-991b-373c31bd4e25,2026-27,1,16.36,15.71,17.53,32.33,81.93,A,f
4a5f3054-c079-3f6b-b803-7c56b3f2a40e,f79c9f07-a125-4b05-9813-9ece9d090497,29f10515-0a52-55f4-896b-fa882e11e38e,2026-27,6,15.25,15.85,17.2,31.89,80.19,A,f
1e0b6bfc-db13-8e88-4591-84a3ab319423,f79c9f07-a125-4b05-9813-9ece9d090497,2bc3bd90-0760-5d47-9467-5a5992c412e5,2026-27,6,16.45,16.75,15.6,26.99,75.79,B+,f
0e0ed548-5b1f-7b55-2101-60688d7a875e,f79c9f07-a125-4b05-9813-9ece9d090497,d9518e1b-06ba-5f43-b6b9-67d017eaae5d,2026-27,6,15.45,17.05,15.0,30.39,77.89,B+,f
8a6dcde1-86a6-7dd5-dd31-7c572589dfc6,f79c9f07-a125-4b05-9813-9ece9d090497,005078bd-c539-5c44-a631-7e7dd9fb778c,2026-27,6,14.05,14.85,16.6,32.89,78.39,B+,f
e1dc9731-80a6-daab-b870-9cfdb61fcd3e,f79c9f07-a125-4b05-9813-9ece9d090497,539f9c66-84f9-5b19-943a-cb15d62bbc33,2026-27,6,16.05,15.05,15.4,27.39,73.89,B+,f
69d74dac-9ac5-f831-74c3-5bb2d6293fa0,c71ed509-d656-4e2f-8147-6f70e32ad06d,29f10515-0a52-55f4-896b-fa882e11e38e,2026-27,6,15.23,15.72,14.36,29.09,74.4,B+,f
9c91f199-821a-938c-9c74-32aee218758f,c71ed509-d656-4e2f-8147-6f70e32ad06d,2bc3bd90-0760-5d47-9467-5a5992c412e5,2026-27,6,14.23,14.92,14.46,29.59,73.2,B+,f
d6fd6a97-b83e-359f-1d73-7688f4b2d022,c71ed509-d656-4e2f-8147-6f70e32ad06d,d9518e1b-06ba-5f43-b6b9-67d017eaae5d,2026-27,6,16.33,13.32,14.36,27.19,71.2,B+,f
7200a544-32fc-788f-83d3-198c891a043c,c71ed509-d656-4e2f-8147-6f70e32ad06d,005078bd-c539-5c44-a631-7e7dd9fb778c,2026-27,6,16.73,15.42,16.66,31.19,80.0,A,f
9ba3294a-8979-99bc-acc7-3190cd847e5e,c71ed509-d656-4e2f-8147-6f70e32ad06d,539f9c66-84f9-5b19-943a-cb15d62bbc33,2026-27,6,15.03,12.92,16.36,26.79,71.1,B+,f
196e31a9-7918-d2e7-bdec-9a981366b05c,82853abe-eccc-4f08-a4bd-7545c118be57,f8b6ad01-594d-5e52-b325-ed9eb13211e1,2026-27,2,18.96,17.11,18.95,35.06,90.08,A+,f
68185d1f-a287-af8e-02c3-b964049db54e,82853abe-eccc-4f08-a4bd-7545c118be57,f27d152a-f613-51a3-aea8-0506e5d24c3a,2026-27,2,16.56,16.31,16.85,33.86,83.58,A,f
431e2df5-6aa7-8de3-3100-21d3667f0a7c,82853abe-eccc-4f08-a4bd-7545c118be57,5297007a-130e-5341-af7a-4e9027c2dadf,2026-27,2,18.76,18.91,18.65,32.86,89.18,A,f
15fab71c-9bf4-1be4-3852-e54bfe0d3328,82853abe-eccc-4f08-a4bd-7545c118be57,c8e42f25-4acd-5f8b-8bce-f0cab27cc71f,2026-27,2,17.06,18.61,17.35,36.06,89.08,A,f
c066c2e5-b419-095c-f28a-69216dc86944,82853abe-eccc-4f08-a4bd-7545c118be57,5ceb5573-0231-5d70-848b-193fcfdb644c,2026-27,2,17.66,19.01,18.85,32.96,88.48,A,f
5cbd18a1-1006-3929-b843-89e095514a55,f3304073-90ab-4af6-8d9c-7896102e6a70,730c5632-33dc-5e69-a798-6135043a47aa,2026-27,4,20.0,19.9,20.0,40.0,99.9,A+,f
0e885261-e2a1-23f5-a34f-127ff32e109b,f3304073-90ab-4af6-8d9c-7896102e6a70,21e87180-7538-5689-922d-8889674702ed,2026-27,4,18.3,20.0,19.9,40.0,98.2,A+,f
c1279c57-70f3-cc4f-8fc2-3293e0d2e9e7,f3304073-90ab-4af6-8d9c-7896102e6a70,a71f945b-22bf-5921-85a0-cb1acd7cb2e6,2026-27,4,18.2,19.5,20.0,39.3,97.0,A+,f
671a2a03-c3d3-7f0a-6628-74d33a74bd99,f3304073-90ab-4af6-8d9c-7896102e6a70,859db046-894d-53cc-8cb4-3643d0c7f1fe,2026-27,4,19.1,20.0,19.7,40.0,98.8,A+,f
a2495ab4-5c0b-4a97-91d8-fe28ab6146bf,f3304073-90ab-4af6-8d9c-7896102e6a70,40d412e8-fc3b-5972-8ff2-90b35de8a2d3,2026-27,4,19.5,18.9,19.0,40.0,97.4,A+,f
84c7c7cc-7b21-de87-bc61-e3f15b41f1dd,fc73a073-b124-4bd5-bb86-7d25357071ed,730c5632-33dc-5e69-a798-6135043a47aa,2026-27,4,18.58,16.64,19.18,34.16,88.56,A,f
8bc9d49f-61ea-af9a-91a8-0acba3783d53,fc73a073-b124-4bd5-bb86-7d25357071ed,21e87180-7538-5689-922d-8889674702ed,2026-27,4,18.38,15.74,18.88,35.36,88.36,A,f
f8d51042-af84-2c97-76cb-672db5e71473,fc73a073-b124-4bd5-bb86-7d25357071ed,a71f945b-22bf-5921-85a0-cb1acd7cb2e6,2026-27,4,18.08,16.74,16.88,37.36,89.06,A,f
b8e6559f-4a40-4a74-7e72-5f961ac99f00,fc73a073-b124-4bd5-bb86-7d25357071ed,859db046-894d-53cc-8cb4-3643d0c7f1fe,2026-27,4,18.08,17.84,17.98,34.46,88.36,A,f
e4f6026a-d3c6-496b-82c5-3b07fe4948e2,fc73a073-b124-4bd5-bb86-7d25357071ed,40d412e8-fc3b-5972-8ff2-90b35de8a2d3,2026-27,4,17.98,19.14,17.68,37.96,92.76,A+,f
e13f6131-a5b3-c55e-b39d-b365d057abb2,66189ab4-7e6f-4424-9998-c750776e2aa0,730c5632-33dc-5e69-a798-6135043a47aa,2026-27,4,17.14,16.79,19.12,34.69,87.74,A,f
346746a4-a95f-f996-8296-b906cc7d01a3,66189ab4-7e6f-4424-9998-c750776e2aa0,21e87180-7538-5689-922d-8889674702ed,2026-27,4,16.74,17.09,18.52,35.69,88.04,A,f
4b1ecd82-3837-cd3c-db1f-78e1e3d7ed01,66189ab4-7e6f-4424-9998-c750776e2aa0,a71f945b-22bf-5921-85a0-cb1acd7cb2e6,2026-27,4,18.64,17.89,19.22,37.29,93.04,A+,f
df79a1cd-9325-a313-9c8d-32d5cd3bd45d,66189ab4-7e6f-4424-9998-c750776e2aa0,859db046-894d-53cc-8cb4-3643d0c7f1fe,2026-27,4,17.94,17.49,18.12,36.59,90.14,A+,f
a4e707ef-97a3-ef2d-8c7b-628389177b95,66189ab4-7e6f-4424-9998-c750776e2aa0,40d412e8-fc3b-5972-8ff2-90b35de8a2d3,2026-27,4,16.74,18.19,19.32,33.29,87.54,A,f
72aa7826-ddc8-fdd4-74d0-cdbd0cd99cf2,bd787236-a7df-4f27-b9a5-5f483f9b46ce,f8b6ad01-594d-5e52-b325-ed9eb13211e1,2026-27,2,14.6,12.79,16.43,26.3,70.12,B+,f
b3b92f67-07be-b1b4-a3f6-146581afc017,bd787236-a7df-4f27-b9a5-5f483f9b46ce,f27d152a-f613-51a3-aea8-0506e5d24c3a,2026-27,2,14.8,13.09,14.63,27.1,69.62,B,f
8a616db1-019d-4746-b787-d335af7f3c84,bd787236-a7df-4f27-b9a5-5f483f9b46ce,5297007a-130e-5341-af7a-4e9027c2dadf,2026-27,2,14.6,15.19,14.83,27.2,71.82,B+,f
2a6149c8-830c-54d3-8a2f-5c764816b11a,bd787236-a7df-4f27-b9a5-5f483f9b46ce,c8e42f25-4acd-5f8b-8bce-f0cab27cc71f,2026-27,2,15.7,15.49,16.13,32.0,79.32,B+,f
c3b7f7f8-74e7-a221-6151-00c173b399d3,bd787236-a7df-4f27-b9a5-5f483f9b46ce,5ceb5573-0231-5d70-848b-193fcfdb644c,2026-27,2,16.2,13.39,13.83,27.1,70.52,B+,f
952b4723-c32c-8ce9-d03c-8a9aaa1fcc33,17c3882a-6bfc-4535-beea-5c57a93bf0c5,f8b6ad01-594d-5e52-b325-ed9eb13211e1,2026-27,2,18.15,19.33,18.49,36.54,92.51,A+,f
d55530b8-958f-909d-de4d-80427dfd096e,17c3882a-6bfc-4535-beea-5c57a93bf0c5,f27d152a-f613-51a3-aea8-0506e5d24c3a,2026-27,2,18.15,17.63,19.99,36.44,92.21,A+,f
4b025da9-9590-cfcf-5a32-68f7773dfa86,17c3882a-6bfc-4535-beea-5c57a93bf0c5,5297007a-130e-5341-af7a-4e9027c2dadf,2026-27,2,18.25,16.83,18.59,35.64,89.31,A,f
fb0a0680-1b14-d6d2-d0cb-2c00c0567e70,17c3882a-6bfc-4535-beea-5c57a93bf0c5,c8e42f25-4acd-5f8b-8bce-f0cab27cc71f,2026-27,2,18.95,17.83,19.09,37.74,93.61,A+,f
04d033cf-5cc7-9766-f103-c349fe97fae3,17c3882a-6bfc-4535-beea-5c57a93bf0c5,5ceb5573-0231-5d70-848b-193fcfdb644c,2026-27,2,18.55,16.83,17.69,33.94,87.01,A,f
53b8d4cc-20f2-6aca-9a78-99846463f006,1833c95e-89ca-488c-83f6-db55b15be6c9,c697ab81-ffed-5fa6-9b51-be0954571d20,2026-27,1,18.58,19.48,19.08,39.76,96.9,A+,f
5e04e076-f10f-c035-07bb-9177b2ea2e8a,1833c95e-89ca-488c-83f6-db55b15be6c9,cc6bfe47-d156-5f3c-a0a6-64be53ff1202,2026-27,1,18.78,20.0,20.0,40.0,98.78,A+,f
7296de3d-8e14-9338-2f58-ae55aa37db54,1833c95e-89ca-488c-83f6-db55b15be6c9,945cbb28-3a50-5ed1-8e70-c416ee3f92f0,2026-27,1,19.28,20.0,18.58,36.06,93.92,A+,f
9558461a-7b75-9363-7718-24a5d511b60b,1833c95e-89ca-488c-83f6-db55b15be6c9,325f5f11-db40-5f00-816d-d66357e36c70,2026-27,1,20.0,20.0,18.98,40.0,98.98,A+,f
ad1c61a7-6dfb-4f6d-0e7f-cc8ed3d691ee,1833c95e-89ca-488c-83f6-db55b15be6c9,817d9a6f-e405-58f8-991b-373c31bd4e25,2026-27,1,19.18,19.78,19.38,38.66,97.0,A+,f
472a0bcd-ab7c-db57-2785-ff8bea7f544a,510d08a6-65bc-4888-9ecd-7e637777e85d,29f10515-0a52-55f4-896b-fa882e11e38e,2026-27,6,15.09,15.71,17.49,31.48,79.77,B+,f
a86dc738-cbbc-44f7-988b-5763f933a7be,510d08a6-65bc-4888-9ecd-7e637777e85d,2bc3bd90-0760-5d47-9467-5a5992c412e5,2026-27,6,15.59,16.41,17.99,31.18,81.17,A,f
7fc1ee43-835f-a07c-3d5c-5cc1f15dde32,510d08a6-65bc-4888-9ecd-7e637777e85d,d9518e1b-06ba-5f43-b6b9-67d017eaae5d,2026-27,6,16.69,15.11,18.09,32.48,82.37,A,f
2017cd03-04fe-af3f-d8d8-82636e014004,510d08a6-65bc-4888-9ecd-7e637777e85d,005078bd-c539-5c44-a631-7e7dd9fb778c,2026-27,6,16.19,16.21,17.19,30.68,80.27,A,f
77ce5cbb-7d6f-186d-838a-e04292eca979,510d08a6-65bc-4888-9ecd-7e637777e85d,539f9c66-84f9-5b19-943a-cb15d62bbc33,2026-27,6,15.79,14.21,18.09,31.78,79.87,B+,f
8e093fc3-ca4e-ede7-e230-ebac0e3baa0a,fb5465af-b2ce-4889-bf1a-bb209b543f4e,730c5632-33dc-5e69-a798-6135043a47aa,2026-27,4,17.58,19.37,18.05,40.0,95.0,A+,f
45d4f1e0-8d44-85bb-7952-e5e0b6245830,fb5465af-b2ce-4889-bf1a-bb209b543f4e,21e87180-7538-5689-922d-8889674702ed,2026-27,4,17.68,19.77,20.0,35.23,92.68,A+,f
ef4c44d9-c20f-e92e-d4c1-859c7d96fde2,fb5465af-b2ce-4889-bf1a-bb209b543f4e,a71f945b-22bf-5921-85a0-cb1acd7cb2e6,2026-27,4,18.68,19.57,20.0,36.93,95.18,A+,f
dc01a8fb-bc1e-29bf-8567-2a540090f5b3,fb5465af-b2ce-4889-bf1a-bb209b543f4e,859db046-894d-53cc-8cb4-3643d0c7f1fe,2026-27,4,20.0,17.57,18.75,40.0,96.32,A+,f
32b7bd02-40b9-ae9a-760f-1ba2507a088d,fb5465af-b2ce-4889-bf1a-bb209b543f4e,40d412e8-fc3b-5972-8ff2-90b35de8a2d3,2026-27,4,20.0,19.17,19.45,37.73,96.35,A+,f
648fb081-2267-baf9-f3b4-a709bed45ece,19db61bb-5108-40fe-8cba-ad1acee0730e,c697ab81-ffed-5fa6-9b51-be0954571d20,2026-27,1,16.1,16.43,16.53,30.1,79.16,B+,f
d83db6b5-966e-71c5-bf53-fe13f2db3ad6,19db61bb-5108-40fe-8cba-ad1acee0730e,cc6bfe47-d156-5f3c-a0a6-64be53ff1202,2026-27,1,15.5,17.43,15.73,32.2,80.86,A,f
83af9dd9-3868-7670-367e-a92fe49f385e,19db61bb-5108-40fe-8cba-ad1acee0730e,945cbb28-3a50-5ed1-8e70-c416ee3f92f0,2026-27,1,16.2,18.23,16.03,32.2,82.66,A,f
d651e883-6ed5-0b61-3f73-cda272bc6262,19db61bb-5108-40fe-8cba-ad1acee0730e,325f5f11-db40-5f00-816d-d66357e36c70,2026-27,1,15.8,15.03,18.43,33.5,82.76,A,f
982239df-f4d1-1f3c-6271-70655afc20c0,19db61bb-5108-40fe-8cba-ad1acee0730e,817d9a6f-e405-58f8-991b-373c31bd4e25,2026-27,1,17.7,17.13,17.63,32.8,85.26,A,f
22b96f9a-b592-4ed4-ef7d-c6a1d10be6c9,916ea757-e807-45e5-a720-8767c5ee1cf5,29f10515-0a52-55f4-896b-fa882e11e38e,2026-27,6,16.18,18.51,17.01,31.6,83.3,A,f
ef7878a8-3472-3b7c-11f5-df16fa6c1420,916ea757-e807-45e5-a720-8767c5ee1cf5,2bc3bd90-0760-5d47-9467-5a5992c412e5,2026-27,6,17.78,14.91,17.21,31.4,81.3,A,f
a5290235-3394-d6d5-7add-46932367b5ab,916ea757-e807-45e5-a720-8767c5ee1cf5,d9518e1b-06ba-5f43-b6b9-67d017eaae5d,2026-27,6,17.18,14.51,17.91,35.8,85.4,A,f
a825f094-ae32-6710-7f77-1baf6702feaa,916ea757-e807-45e5-a720-8767c5ee1cf5,005078bd-c539-5c44-a631-7e7dd9fb778c,2026-27,6,16.58,15.21,18.41,31.1,81.3,A,f
f0ae14eb-f9d9-0e6b-999c-8a4c6199d066,916ea757-e807-45e5-a720-8767c5ee1cf5,539f9c66-84f9-5b19-943a-cb15d62bbc33,2026-27,6,15.48,14.81,16.91,32.0,79.2,B+,f
bb344297-3a2c-3007-72d5-ba411281ad55,cfb9f426-6c61-4aa5-85f6-271515a6c269,c697ab81-ffed-5fa6-9b51-be0954571d20,2026-27,1,16.75,15.56,15.34,29.36,77.01,B+,f
68714cdd-0744-26d0-f218-0040ff4ee526,cfb9f426-6c61-4aa5-85f6-271515a6c269,cc6bfe47-d156-5f3c-a0a6-64be53ff1202,2026-27,1,16.25,13.96,16.14,28.96,75.31,B+,f
b90b0a5a-1d3f-2ba2-557d-449070af150d,cfb9f426-6c61-4aa5-85f6-271515a6c269,945cbb28-3a50-5ed1-8e70-c416ee3f92f0,2026-27,1,15.45,17.46,17.44,34.26,84.61,A,f
d15d464d-f99c-ce74-d22d-8ee3a8bc2d75,cfb9f426-6c61-4aa5-85f6-271515a6c269,325f5f11-db40-5f00-816d-d66357e36c70,2026-27,1,14.65,16.26,17.24,29.36,77.51,B+,f
20249097-c659-1262-8a74-ed5f82c0368f,cfb9f426-6c61-4aa5-85f6-271515a6c269,817d9a6f-e405-58f8-991b-373c31bd4e25,2026-27,1,15.65,15.96,14.94,33.86,80.41,A,f
89ba9076-4e3f-4fe3-4147-d611b1e8d3af,c0e077b4-548f-4c33-9a4e-b3722e77fefc,730c5632-33dc-5e69-a798-6135043a47aa,2026-27,4,16.54,17.39,17.02,37.39,88.34,A,f
9724b0bb-35ed-2887-46bb-0d6c8a373b4f,c0e077b4-548f-4c33-9a4e-b3722e77fefc,21e87180-7538-5689-922d-8889674702ed,2026-27,4,16.04,15.79,18.92,35.59,86.34,A,f
f064d092-4769-052c-6442-f72c67972222,c0e077b4-548f-4c33-9a4e-b3722e77fefc,a71f945b-22bf-5921-85a0-cb1acd7cb2e6,2026-27,4,17.24,16.39,18.82,32.69,85.14,A,f
d9bf8335-d79e-1a2e-6d2c-4e1fdbd84e9b,c0e077b4-548f-4c33-9a4e-b3722e77fefc,859db046-894d-53cc-8cb4-3643d0c7f1fe,2026-27,4,18.14,18.89,16.72,36.39,90.14,A+,f
5fd830a4-a646-52bc-a0b3-88570db2ee65,c0e077b4-548f-4c33-9a4e-b3722e77fefc,40d412e8-fc3b-5972-8ff2-90b35de8a2d3,2026-27,4,16.94,17.79,18.02,36.29,89.04,A,f
741f967e-55f6-32f0-d33c-a246b7be282e,af537692-9020-4300-8c7a-5f3ebb8fd0ca,f8b6ad01-594d-5e52-b325-ed9eb13211e1,2026-27,2,17.94,15.47,16.87,34.29,84.57,A,f
bbd9b6d3-63ab-00d6-b00a-c2ce3b9ecc7c,af537692-9020-4300-8c7a-5f3ebb8fd0ca,f27d152a-f613-51a3-aea8-0506e5d24c3a,2026-27,2,15.94,15.97,17.47,32.09,81.47,A,f
129ac43e-1105-8ba4-54d8-47a63927bad2,af537692-9020-4300-8c7a-5f3ebb8fd0ca,5297007a-130e-5341-af7a-4e9027c2dadf,2026-27,2,18.04,15.37,16.97,35.19,85.57,A,f
af818325-9adf-fba4-fe2f-8d9df5886bfe,af537692-9020-4300-8c7a-5f3ebb8fd0ca,c8e42f25-4acd-5f8b-8bce-f0cab27cc71f,2026-27,2,16.64,16.67,16.57,30.19,80.07,A,f
8ef87b37-98d3-5d90-7050-7536abc87550,af537692-9020-4300-8c7a-5f3ebb8fd0ca,5ceb5573-0231-5d70-848b-193fcfdb644c,2026-27,2,16.94,16.37,16.07,34.49,83.87,A,f
46148c00-0201-5c70-70e8-1c0e1384da6b,a5ac9296-e848-4351-bd7b-9dee39cea3ad,c697ab81-ffed-5fa6-9b51-be0954571d20,2026-27,1,14.93,17.04,16.81,29.29,78.07,B+,f
66d46818-bf84-f9c4-ecfb-f274bc578bea,a5ac9296-e848-4351-bd7b-9dee39cea3ad,cc6bfe47-d156-5f3c-a0a6-64be53ff1202,2026-27,1,16.13,16.64,17.71,33.59,84.07,A,f
60e6b998-62cf-aaef-f122-94480e3b9bea,a5ac9296-e848-4351-bd7b-9dee39cea3ad,945cbb28-3a50-5ed1-8e70-c416ee3f92f0,2026-27,1,17.03,13.74,17.21,29.89,77.87,B+,f
26b0ea0a-bb62-627a-f5ac-78ea9148a8c4,a5ac9296-e848-4351-bd7b-9dee39cea3ad,325f5f11-db40-5f00-816d-d66357e36c70,2026-27,1,15.33,14.84,16.91,29.89,76.97,B+,f
81b1b5cb-e231-673f-dc67-5292f0438f7e,a5ac9296-e848-4351-bd7b-9dee39cea3ad,817d9a6f-e405-58f8-991b-373c31bd4e25,2026-27,1,14.73,15.84,16.01,30.09,76.67,B+,f
8280477b-2bf9-1e76-981e-cff2f5ba5c50,792afdf7-08ec-48f4-8bac-670a5347ed4c,f8b6ad01-594d-5e52-b325-ed9eb13211e1,2026-27,2,17.66,18.23,18.3,36.68,90.87,A+,f
78bf060f-32bb-f098-af08-bbc575a10ff8,792afdf7-08ec-48f4-8bac-670a5347ed4c,f27d152a-f613-51a3-aea8-0506e5d24c3a,2026-27,2,17.16,17.63,19.2,36.18,90.17,A+,f
3eaefa1c-7521-7681-3d38-93497e2f8378,792afdf7-08ec-48f4-8bac-670a5347ed4c,5297007a-130e-5341-af7a-4e9027c2dadf,2026-27,2,18.06,19.33,19.1,35.18,91.67,A+,f
bedb4d97-c3f7-5f82-02a9-97eda84b6c6d,792afdf7-08ec-48f4-8bac-670a5347ed4c,c8e42f25-4acd-5f8b-8bce-f0cab27cc71f,2026-27,2,17.16,18.53,20.0,36.38,92.07,A+,f
2271d326-ae06-5a36-b09f-4ce16c69529e,792afdf7-08ec-48f4-8bac-670a5347ed4c,5ceb5573-0231-5d70-848b-193fcfdb644c,2026-27,2,18.96,20.0,19.6,35.38,93.94,A+,f
35e0c3c6-77b6-b365-da26-707a452c2d84,5a6d4646-27a2-44b4-859c-b9fe24289a00,730c5632-33dc-5e69-a798-6135043a47aa,2026-27,4,17.48,17.86,20.0,36.18,91.52,A+,f
1eefd3d4-225e-7a9a-cb5d-e657ec1e353e,5a6d4646-27a2-44b4-859c-b9fe24289a00,21e87180-7538-5689-922d-8889674702ed,2026-27,4,18.58,17.36,20.0,37.88,93.82,A+,f
c62e086e-c5b1-554a-7363-94788ff8145a,5a6d4646-27a2-44b4-859c-b9fe24289a00,a71f945b-22bf-5921-85a0-cb1acd7cb2e6,2026-27,4,20.0,18.46,19.64,36.98,95.08,A+,f
b4cb4859-a58d-50bd-4472-333210ef3c65,5a6d4646-27a2-44b4-859c-b9fe24289a00,859db046-894d-53cc-8cb4-3643d0c7f1fe,2026-27,4,19.28,19.16,18.54,37.38,94.36,A+,f
b0168915-8eaa-5fc8-160a-4653f199be7d,5a6d4646-27a2-44b4-859c-b9fe24289a00,40d412e8-fc3b-5972-8ff2-90b35de8a2d3,2026-27,4,18.58,19.36,19.94,37.78,95.66,A+,f
07fbe8ce-b8bc-eb23-b3b4-c2c0be065513,15bb0eaf-5b47-4e1f-90fe-a437c541116b,f8b6ad01-594d-5e52-b325-ed9eb13211e1,2026-27,2,16.38,16.61,18.0,33.65,84.64,A,f
383cb832-5736-1a55-f90b-9f957fa3abc7,15bb0eaf-5b47-4e1f-90fe-a437c541116b,f27d152a-f613-51a3-aea8-0506e5d24c3a,2026-27,2,15.18,17.41,17.5,31.45,81.54,A,f
988b16ab-3170-8738-2b21-d36e307e5ea1,15bb0eaf-5b47-4e1f-90fe-a437c541116b,5297007a-130e-5341-af7a-4e9027c2dadf,2026-27,2,15.78,15.61,16.3,33.25,80.94,A,f
a640a55a-ba58-c781-fc77-1d64d6c340cd,15bb0eaf-5b47-4e1f-90fe-a437c541116b,c8e42f25-4acd-5f8b-8bce-f0cab27cc71f,2026-27,2,17.88,16.11,16.5,32.85,83.34,A,f
54a50afb-dd8d-a42e-836a-52e8f2c96619,15bb0eaf-5b47-4e1f-90fe-a437c541116b,5ceb5573-0231-5d70-848b-193fcfdb644c,2026-27,2,15.78,16.61,17.3,29.65,79.34,B+,f
7c334c3a-7d42-24b1-2200-3a91b45154f9,11a69a4f-88ea-4b47-a2a8-05e46b64f4d8,730c5632-33dc-5e69-a798-6135043a47aa,2026-27,4,15.57,15.2,18.5,33.36,82.63,A,f
55d7a905-d1ea-6811-8bcd-fd6753c8524f,11a69a4f-88ea-4b47-a2a8-05e46b64f4d8,21e87180-7538-5689-922d-8889674702ed,2026-27,4,17.17,17.3,16.6,30.66,81.73,A,f
a53c47a5-b7a8-c513-1145-985501dfdf8f,11a69a4f-88ea-4b47-a2a8-05e46b64f4d8,a71f945b-22bf-5921-85a0-cb1acd7cb2e6,2026-27,4,17.87,14.6,17.0,30.46,79.93,B+,f
7f024ef9-1b34-e0fc-c594-9a944758e953,11a69a4f-88ea-4b47-a2a8-05e46b64f4d8,859db046-894d-53cc-8cb4-3643d0c7f1fe,2026-27,4,15.27,17.1,17.3,34.86,84.53,A,f
e52bb96c-2b3e-55dc-b881-5aa7b0677fd0,11a69a4f-88ea-4b47-a2a8-05e46b64f4d8,40d412e8-fc3b-5972-8ff2-90b35de8a2d3,2026-27,4,16.07,16.3,17.3,34.06,83.73,A,f
d0b8cfe5-366e-eda7-c203-aa0080188571,8a098256-3eff-4121-8bb8-b0e8705539b4,29f10515-0a52-55f4-896b-fa882e11e38e,2026-27,6,17.45,17.78,15.97,31.99,83.19,A,f
f9c8b6dc-aaa8-4671-e767-328f12449a1c,8a098256-3eff-4121-8bb8-b0e8705539b4,2bc3bd90-0760-5d47-9467-5a5992c412e5,2026-27,6,15.85,14.68,17.87,33.19,81.59,A,f
1a5bd6dd-8590-e3ad-daeb-c4708b117400,8a098256-3eff-4121-8bb8-b0e8705539b4,d9518e1b-06ba-5f43-b6b9-67d017eaae5d,2026-27,6,16.55,15.38,18.07,31.99,81.99,A,f
5bc639d3-5160-5c48-f266-25a8dac539b8,8a098256-3eff-4121-8bb8-b0e8705539b4,005078bd-c539-5c44-a631-7e7dd9fb778c,2026-27,6,15.55,14.28,18.07,34.19,82.09,A,f
ad8fe1d2-8cdb-5d59-df32-ad694cb6ea1e,8a098256-3eff-4121-8bb8-b0e8705539b4,539f9c66-84f9-5b19-943a-cb15d62bbc33,2026-27,6,15.85,16.18,15.97,31.79,79.79,B+,f
b737350e-a1cc-17d3-f182-e24da0b48c86,ef3f1624-7ab1-4a9b-939f-e677ebb360d0,730c5632-33dc-5e69-a798-6135043a47aa,2026-27,4,18.81,15.76,18.49,35.05,88.11,A,f
5ea48a7f-a9bd-76dd-a03f-727e51852a10,ef3f1624-7ab1-4a9b-939f-e677ebb360d0,21e87180-7538-5689-922d-8889674702ed,2026-27,4,17.51,19.16,17.09,33.65,87.41,A,f
3f7817ce-1eec-42f3-4080-887df58625da,ef3f1624-7ab1-4a9b-939f-e677ebb360d0,a71f945b-22bf-5921-85a0-cb1acd7cb2e6,2026-27,4,17.01,18.26,18.79,34.05,88.11,A,f
58547f4f-5658-a804-187d-809b9fae1d40,ef3f1624-7ab1-4a9b-939f-e677ebb360d0,859db046-894d-53cc-8cb4-3643d0c7f1fe,2026-27,4,18.11,18.56,18.79,32.15,87.61,A,f
5b32fb5a-f944-b71e-61ce-67afac441f63,ef3f1624-7ab1-4a9b-939f-e677ebb360d0,40d412e8-fc3b-5972-8ff2-90b35de8a2d3,2026-27,4,18.91,18.86,17.29,35.35,90.41,A+,f
d7428439-c7e0-cba6-0d8d-6cea18c9d01e,3fcad028-d89e-42be-a18b-a94532a70a96,730c5632-33dc-5e69-a798-6135043a47aa,2026-27,4,19.78,20.0,19.02,39.13,97.93,A+,f
d45a15bb-0861-5a2a-ba3f-18f6625ad646,3fcad028-d89e-42be-a18b-a94532a70a96,21e87180-7538-5689-922d-8889674702ed,2026-27,4,18.78,19.86,18.02,34.03,90.69,A+,f
2801ca5a-e605-165d-c201-5ab285ce8499,3fcad028-d89e-42be-a18b-a94532a70a96,a71f945b-22bf-5921-85a0-cb1acd7cb2e6,2026-27,4,19.38,18.66,17.92,39.73,95.69,A+,f
0c6cec08-4e9e-8f33-8496-37007b35edf8,3fcad028-d89e-42be-a18b-a94532a70a96,859db046-894d-53cc-8cb4-3643d0c7f1fe,2026-27,4,18.98,19.16,19.52,39.63,97.29,A+,f
ce75f0be-d3af-adb8-d3b6-2395a4ce7bd3,3fcad028-d89e-42be-a18b-a94532a70a96,40d412e8-fc3b-5972-8ff2-90b35de8a2d3,2026-27,4,18.08,17.66,20.0,34.93,90.67,A+,f
7ef9b6dc-e565-135c-614c-498d5a302584,d1d451aa-21ca-4233-afd4-555637b49547,f8b6ad01-594d-5e52-b325-ed9eb13211e1,2026-27,2,17.13,15.89,18.83,33.27,85.12,A,f
0e45ef1c-7e7e-31bb-8351-be174cca58f9,d1d451aa-21ca-4233-afd4-555637b49547,f27d152a-f613-51a3-aea8-0506e5d24c3a,2026-27,2,19.33,18.69,19.33,37.07,94.42,A+,f
68b00205-54c5-3dc6-14a9-2a3394fb5009,d1d451aa-21ca-4233-afd4-555637b49547,5297007a-130e-5341-af7a-4e9027c2dadf,2026-27,2,18.53,15.59,18.33,36.17,88.62,A,f
4ece8ed2-4da6-4488-21c4-a4591e9635be,d1d451aa-21ca-4233-afd4-555637b49547,c8e42f25-4acd-5f8b-8bce-f0cab27cc71f,2026-27,2,18.83,16.39,19.73,37.37,92.32,A+,f
0895221e-baea-9490-a7a0-9b9c3c2fbeef,d1d451aa-21ca-4233-afd4-555637b49547,5ceb5573-0231-5d70-848b-193fcfdb644c,2026-27,2,17.73,16.49,19.53,34.17,87.92,A,f
f3336c40-1f53-63fa-ddd3-24541ad8f729,7db247af-6823-4298-b517-093dd0abbcb3,c697ab81-ffed-5fa6-9b51-be0954571d20,2026-27,1,17.03,15.97,18.98,35.27,87.25,A,f
62669988-3fe3-006c-37f4-48403ed26a61,7db247af-6823-4298-b517-093dd0abbcb3,cc6bfe47-d156-5f3c-a0a6-64be53ff1202,2026-27,1,16.73,17.37,18.38,33.87,86.35,A,f
17312498-f474-c33d-c475-d18a1ca60499,7db247af-6823-4298-b517-093dd0abbcb3,945cbb28-3a50-5ed1-8e70-c416ee3f92f0,2026-27,1,17.53,16.97,16.78,33.27,84.55,A,f
187eef5a-4ab6-543c-a40f-ddb0c9c8c30c,7db247af-6823-4298-b517-093dd0abbcb3,325f5f11-db40-5f00-816d-d66357e36c70,2026-27,1,17.03,15.17,16.78,35.17,84.15,A,f
a84db140-dc12-4ac9-c85f-516d156825d4,7db247af-6823-4298-b517-093dd0abbcb3,817d9a6f-e405-58f8-991b-373c31bd4e25,2026-27,1,17.63,15.47,16.98,31.67,81.75,A,f
9ae708ae-4397-dece-b505-f760d5a96d84,3d8801ff-0630-430e-a453-05824da0b9c0,f8b6ad01-594d-5e52-b325-ed9eb13211e1,2026-27,2,17.14,15.09,17.92,36.57,86.72,A,f
0e3e5879-21e8-2126-ce01-3c5367c97c32,3d8801ff-0630-430e-a453-05824da0b9c0,f27d152a-f613-51a3-aea8-0506e5d24c3a,2026-27,2,18.14,18.99,16.82,36.77,90.72,A+,f
ae7e6368-1359-4c44-1eb2-a7d03a6b4e9a,3d8801ff-0630-430e-a453-05824da0b9c0,5297007a-130e-5341-af7a-4e9027c2dadf,2026-27,2,18.04,16.49,17.02,33.67,85.22,A,f
00514952-d9d8-bdc7-5f02-ad8e277f4b02,3d8801ff-0630-430e-a453-05824da0b9c0,c8e42f25-4acd-5f8b-8bce-f0cab27cc71f,2026-27,2,18.34,15.19,19.12,34.37,87.02,A,f
201c003c-dc12-ad82-0068-4c2aac523836,3d8801ff-0630-430e-a453-05824da0b9c0,5ceb5573-0231-5d70-848b-193fcfdb644c,2026-27,2,16.74,17.29,16.72,35.77,86.52,A,f
52d6b821-d5bb-e163-0410-afe6b5203181,70b10dd7-ddc3-4fdc-b7bd-dce70749210d,c697ab81-ffed-5fa6-9b51-be0954571d20,2026-27,1,18.43,18.68,17.2,32.94,87.25,A,f
cab83eb5-05ce-2ca1-b979-ce1eab17d882,70b10dd7-ddc3-4fdc-b7bd-dce70749210d,cc6bfe47-d156-5f3c-a0a6-64be53ff1202,2026-27,1,16.93,17.38,17.2,33.34,84.85,A,f
4dda215c-0791-9230-dbc1-fe6df246cccf,70b10dd7-ddc3-4fdc-b7bd-dce70749210d,945cbb28-3a50-5ed1-8e70-c416ee3f92f0,2026-27,1,17.43,18.58,17.4,33.24,86.65,A,f
12734902-e3cc-636c-a94b-19a4b7cc41ed,70b10dd7-ddc3-4fdc-b7bd-dce70749210d,325f5f11-db40-5f00-816d-d66357e36c70,2026-27,1,18.23,18.38,17.7,36.74,91.05,A+,f
51ce7099-b5e2-8d17-bf77-6952181856c5,70b10dd7-ddc3-4fdc-b7bd-dce70749210d,817d9a6f-e405-58f8-991b-373c31bd4e25,2026-27,1,18.53,16.58,18.1,35.54,88.75,A,f
c939e9de-1601-7d4b-ad5e-11db7d381b85,ebc71a0e-0ba4-4dee-9661-db64e672c294,c697ab81-ffed-5fa6-9b51-be0954571d20,2026-27,1,17.11,16.75,19.07,31.77,84.7,A,f
a6bff5bc-f803-4459-cff4-32327a7858c9,ebc71a0e-0ba4-4dee-9661-db64e672c294,cc6bfe47-d156-5f3c-a0a6-64be53ff1202,2026-27,1,18.11,17.65,16.57,36.47,88.8,A,f
13b28cae-2cac-14cf-8717-722f5a99d77a,ebc71a0e-0ba4-4dee-9661-db64e672c294,945cbb28-3a50-5ed1-8e70-c416ee3f92f0,2026-27,1,16.01,17.25,19.17,36.47,88.9,A,f
96e7adf2-dda3-af50-93d5-b50290050750,ebc71a0e-0ba4-4dee-9661-db64e672c294,325f5f11-db40-5f00-816d-d66357e36c70,2026-27,1,18.01,16.15,17.47,33.27,84.9,A,f
02cb967c-1f0d-96d8-2a2a-a5013e48e39c,ebc71a0e-0ba4-4dee-9661-db64e672c294,817d9a6f-e405-58f8-991b-373c31bd4e25,2026-27,1,16.11,17.15,17.57,32.37,83.2,A,f
c8d793ff-ea36-8aba-9fe7-0464da726b6e,28e36f0d-8920-44ce-9075-986fdbfe09bb,c697ab81-ffed-5fa6-9b51-be0954571d20,2026-27,1,19.38,18.85,17.71,38.08,94.02,A+,f
59837520-3db9-7166-c9c1-fcfa2ec3854b,28e36f0d-8920-44ce-9075-986fdbfe09bb,cc6bfe47-d156-5f3c-a0a6-64be53ff1202,2026-27,1,19.08,16.45,17.31,34.18,87.02,A,f
d2026b99-fd8d-f6a3-6923-aa7a014f6905,28e36f0d-8920-44ce-9075-986fdbfe09bb,945cbb28-3a50-5ed1-8e70-c416ee3f92f0,2026-27,1,19.88,19.75,17.41,37.38,94.42,A+,f
262fb1fe-4f77-5bc2-20f9-d5a872fa38a7,28e36f0d-8920-44ce-9075-986fdbfe09bb,325f5f11-db40-5f00-816d-d66357e36c70,2026-27,1,17.38,18.25,18.21,36.08,89.92,A,f
26a3b227-57e3-764d-5da4-67004ebc249b,28e36f0d-8920-44ce-9075-986fdbfe09bb,817d9a6f-e405-58f8-991b-373c31bd4e25,2026-27,1,18.28,19.75,18.91,37.88,94.82,A+,f
a256e755-8dff-755c-b545-70c02453505e,2a582e8f-eea9-4bfb-b2ae-152de1199ccb,730c5632-33dc-5e69-a798-6135043a47aa,2026-27,4,17.69,15.02,16.1,30.23,79.04,B+,f
d7472ac2-d955-9755-8d1e-6d71572500a3,2a582e8f-eea9-4bfb-b2ae-152de1199ccb,21e87180-7538-5689-922d-8889674702ed,2026-27,4,17.79,17.42,15.8,32.13,83.14,A,f
55eebbc9-e214-3a1f-9463-ef27331d4e00,2a582e8f-eea9-4bfb-b2ae-152de1199ccb,a71f945b-22bf-5921-85a0-cb1acd7cb2e6,2026-27,4,17.69,15.32,16.6,30.73,80.34,A,f
f38e2818-bb27-dae8-5518-204931a78651,2a582e8f-eea9-4bfb-b2ae-152de1199ccb,859db046-894d-53cc-8cb4-3643d0c7f1fe,2026-27,4,16.99,17.92,15.7,31.93,82.54,A,f
6182618e-7e5a-08ab-070d-4139b7d208d3,2a582e8f-eea9-4bfb-b2ae-152de1199ccb,40d412e8-fc3b-5972-8ff2-90b35de8a2d3,2026-27,4,17.79,17.22,15.9,31.63,82.54,A,f
07fede8d-5653-e014-8e8a-9d89da556af3,561a6a88-564d-4233-bffe-48347352024f,c697ab81-ffed-5fa6-9b51-be0954571d20,2026-27,1,17.74,17.72,19.68,38.22,93.36,A+,f
9abad890-f8d3-e29f-73d6-a40b35e8fa74,561a6a88-564d-4233-bffe-48347352024f,cc6bfe47-d156-5f3c-a0a6-64be53ff1202,2026-27,1,18.44,20.0,18.88,39.42,96.74,A+,f
48fdb444-a31b-f533-9555-3241fc7d78e7,561a6a88-564d-4233-bffe-48347352024f,945cbb28-3a50-5ed1-8e70-c416ee3f92f0,2026-27,1,19.74,19.22,20.0,37.52,96.48,A+,f
e35794bb-f0eb-6c65-508c-98104c6d7b0f,561a6a88-564d-4233-bffe-48347352024f,325f5f11-db40-5f00-816d-d66357e36c70,2026-27,1,18.24,20.0,19.78,33.92,91.94,A+,f
c48f8f17-295e-18bf-305c-0a68707fd307,561a6a88-564d-4233-bffe-48347352024f,817d9a6f-e405-58f8-991b-373c31bd4e25,2026-27,1,16.94,18.62,17.58,37.32,90.46,A+,f
788c6ae1-f9c6-22e4-c7ef-3e815c58fbe9,e9ef10b0-1171-4bea-8423-43c5b49dbe57,f8b6ad01-594d-5e52-b325-ed9eb13211e1,2026-27,2,17.21,17.17,19.41,33.3,87.09,A,f
4e834ff3-8750-231e-8737-6feaa5cd526c,e9ef10b0-1171-4bea-8423-43c5b49dbe57,f27d152a-f613-51a3-aea8-0506e5d24c3a,2026-27,2,16.51,19.37,16.91,38.0,90.79,A+,f
0dba4ff6-5904-2ba0-9a17-73ff7aec293d,e9ef10b0-1171-4bea-8423-43c5b49dbe57,5297007a-130e-5341-af7a-4e9027c2dadf,2026-27,2,17.41,15.47,18.01,35.5,86.39,A,f
d3f64b0f-e28f-88b9-ec47-78b03dbe44a9,e9ef10b0-1171-4bea-8423-43c5b49dbe57,c8e42f25-4acd-5f8b-8bce-f0cab27cc71f,2026-27,2,18.11,19.47,17.51,34.4,89.49,A,f
b198bc12-4ac8-f747-951f-3c538b232ada,e9ef10b0-1171-4bea-8423-43c5b49dbe57,5ceb5573-0231-5d70-848b-193fcfdb644c,2026-27,2,16.91,19.07,17.51,37.0,90.49,A+,f
35f95734-034b-d7d2-13b6-b889fb0f4709,dbac6907-6549-4f27-a048-d3f0f9f33b03,f8b6ad01-594d-5e52-b325-ed9eb13211e1,2026-27,2,16.8,16.86,18.0,35.7,87.36,A,f
f36337ea-8b73-a6c6-00e1-f8d6ee9d8bbe,dbac6907-6549-4f27-a048-d3f0f9f33b03,f27d152a-f613-51a3-aea8-0506e5d24c3a,2026-27,2,18.2,18.26,17.2,38.3,91.96,A+,f
c8d1a717-0afb-3c09-84cd-2a6854857185,dbac6907-6549-4f27-a048-d3f0f9f33b03,5297007a-130e-5341-af7a-4e9027c2dadf,2026-27,2,18.3,19.26,19.0,33.3,89.86,A,f
698ac4bd-6a7c-e823-a51d-299f4a0792c5,dbac6907-6549-4f27-a048-d3f0f9f33b03,c8e42f25-4acd-5f8b-8bce-f0cab27cc71f,2026-27,2,17.7,17.26,18.8,32.4,86.16,A,f
9c6ffc98-d5d6-3712-c999-f2fea9e32f2b,dbac6907-6549-4f27-a048-d3f0f9f33b03,5ceb5573-0231-5d70-848b-193fcfdb644c,2026-27,2,16.6,15.66,17.8,38.4,88.46,A,f
d7def7ff-4020-e985-2c79-5c3a0f1da703,a95ff413-cfac-443c-ad48-0a89ddd9fa7b,29f10515-0a52-55f4-896b-fa882e11e38e,2026-27,6,16.08,16.3,16.28,29.26,77.92,B+,f
595e2abe-558b-4391-9508-9a42e8b90a73,a95ff413-cfac-443c-ad48-0a89ddd9fa7b,2bc3bd90-0760-5d47-9467-5a5992c412e5,2026-27,6,14.98,15.6,15.28,33.56,79.42,B+,f
66f44995-ef05-63eb-62b3-8f7075b88f76,a95ff413-cfac-443c-ad48-0a89ddd9fa7b,d9518e1b-06ba-5f43-b6b9-67d017eaae5d,2026-27,6,16.08,16.8,17.88,30.86,81.62,A,f
d6301438-1f2c-d0da-55ee-01ee06a135ae,a95ff413-cfac-443c-ad48-0a89ddd9fa7b,005078bd-c539-5c44-a631-7e7dd9fb778c,2026-27,6,15.38,14.2,15.68,30.16,75.42,B+,f
59279973-b552-cbae-3900-70877eb89c8c,a95ff413-cfac-443c-ad48-0a89ddd9fa7b,539f9c66-84f9-5b19-943a-cb15d62bbc33,2026-27,6,14.98,16.3,17.78,32.56,81.62,A,f
17e09604-1718-5a0d-16eb-27656f5b87e9,2bdabcc3-2e70-4201-b02c-45a7cd76215e,c697ab81-ffed-5fa6-9b51-be0954571d20,2026-27,1,16.54,14.88,16.69,36.11,84.22,A,f
e73e5d33-9a1f-5cf6-ceb1-ef15f8dfec57,2bdabcc3-2e70-4201-b02c-45a7cd76215e,cc6bfe47-d156-5f3c-a0a6-64be53ff1202,2026-27,1,16.24,16.18,18.89,33.61,84.92,A,f
99e87f30-445c-acab-b0c5-ea5e2ab8b8cf,2bdabcc3-2e70-4201-b02c-45a7cd76215e,945cbb28-3a50-5ed1-8e70-c416ee3f92f0,2026-27,1,17.54,16.38,16.29,36.71,86.92,A,f
b500db0c-fffd-998d-b5f6-7d6662a6115d,2bdabcc3-2e70-4201-b02c-45a7cd76215e,325f5f11-db40-5f00-816d-d66357e36c70,2026-27,1,17.74,16.88,17.99,36.41,89.02,A,f
939edb8f-8292-75cf-d5fa-dc1dc1fdb9d6,2bdabcc3-2e70-4201-b02c-45a7cd76215e,817d9a6f-e405-58f8-991b-373c31bd4e25,2026-27,1,16.54,18.28,16.79,35.31,86.92,A,f
c42b43b2-ad3d-4e36-1c24-e95815a2f794,cdf960cc-20f0-4ed5-b302-3416ee54ce91,29f10515-0a52-55f4-896b-fa882e11e38e,2026-27,6,15.33,14.56,17.85,32.52,80.26,A,f
f087b7a0-3c74-6341-3204-d22b45d29c93,cdf960cc-20f0-4ed5-b302-3416ee54ce91,2bc3bd90-0760-5d47-9467-5a5992c412e5,2026-27,6,15.63,14.96,17.25,31.32,79.16,B+,f
5f8d5b2f-a701-7fa1-2fe3-d9e9ad3eace6,cdf960cc-20f0-4ed5-b302-3416ee54ce91,d9518e1b-06ba-5f43-b6b9-67d017eaae5d,2026-27,6,16.23,15.26,18.25,34.92,84.66,A,f
3c0f7ea6-320a-cdb8-da08-baca54a5dd29,cdf960cc-20f0-4ed5-b302-3416ee54ce91,005078bd-c539-5c44-a631-7e7dd9fb778c,2026-27,6,17.23,18.06,17.45,29.32,82.06,A,f
3e138bf2-967a-b167-3ca3-bc9448a97cbd,cdf960cc-20f0-4ed5-b302-3416ee54ce91,539f9c66-84f9-5b19-943a-cb15d62bbc33,2026-27,6,15.33,15.36,15.85,31.52,78.06,B+,f
8af955d6-c9c0-ee67-65c3-8ff3d060f8d1,742ed6d3-a679-4e0e-bf16-5bc8d9f7a191,c697ab81-ffed-5fa6-9b51-be0954571d20,2026-27,1,14.99,14.1,15.67,28.4,73.16,B+,f
2c3a915b-ff4f-f497-5e37-d847ffbdd3b5,742ed6d3-a679-4e0e-bf16-5bc8d9f7a191,cc6bfe47-d156-5f3c-a0a6-64be53ff1202,2026-27,1,14.79,16.8,15.87,28.8,76.26,B+,f
dcbabd0f-f115-ae5d-a9a7-adb744e6a440,742ed6d3-a679-4e0e-bf16-5bc8d9f7a191,945cbb28-3a50-5ed1-8e70-c416ee3f92f0,2026-27,1,16.09,13.9,14.77,32.3,77.06,B+,f
8ccfd839-d349-e1bb-ece2-f01061086ed0,742ed6d3-a679-4e0e-bf16-5bc8d9f7a191,325f5f11-db40-5f00-816d-d66357e36c70,2026-27,1,15.49,17.5,17.57,34.0,84.56,A,f
9ba446a7-9031-edd8-c121-0529f2e4a771,742ed6d3-a679-4e0e-bf16-5bc8d9f7a191,817d9a6f-e405-58f8-991b-373c31bd4e25,2026-27,1,14.79,14.0,16.27,29.0,74.06,B+,f
2a676314-8976-90f8-04b3-5d25b3a732ae,cf387281-581c-4a7e-8889-09483c9a887d,c697ab81-ffed-5fa6-9b51-be0954571d20,2026-27,1,16.76,16.92,18.47,34.56,86.71,A,f
6a522e70-f94e-534d-97bb-9b4606b1015b,cf387281-581c-4a7e-8889-09483c9a887d,cc6bfe47-d156-5f3c-a0a6-64be53ff1202,2026-27,1,19.26,18.02,19.17,35.96,92.41,A+,f
16b22fe5-caca-cac5-198c-3145fdd866fc,cf387281-581c-4a7e-8889-09483c9a887d,945cbb28-3a50-5ed1-8e70-c416ee3f92f0,2026-27,1,18.36,16.32,18.77,33.66,87.11,A,f
8aa7f7fa-a046-f6a9-d159-027f741e1f99,cf387281-581c-4a7e-8889-09483c9a887d,325f5f11-db40-5f00-816d-d66357e36c70,2026-27,1,18.36,19.72,18.17,37.36,93.61,A+,f
91a562b7-048d-128e-e331-11274212e74d,cf387281-581c-4a7e-8889-09483c9a887d,817d9a6f-e405-58f8-991b-373c31bd4e25,2026-27,1,16.56,18.52,19.77,37.16,92.01,A+,f
854c9891-dda0-6509-4c49-e5056f7e3db6,947996c3-564a-4dec-b498-80fca7c5fef2,29f10515-0a52-55f4-896b-fa882e11e38e,2026-27,6,17.3,17.67,18.21,35.55,88.73,A,f
6cc9b5e7-47c3-58fb-5283-69dda51259a5,947996c3-564a-4dec-b498-80fca7c5fef2,2bc3bd90-0760-5d47-9467-5a5992c412e5,2026-27,6,18.4,17.77,17.51,34.35,88.03,A,f
3094b701-62f5-4073-651b-aa9158038a01,947996c3-564a-4dec-b498-80fca7c5fef2,d9518e1b-06ba-5f43-b6b9-67d017eaae5d,2026-27,6,19.3,18.97,17.51,35.55,91.33,A+,f
44dbfaa3-3bde-9d27-bbe8-f0740491c4bc,947996c3-564a-4dec-b498-80fca7c5fef2,005078bd-c539-5c44-a631-7e7dd9fb778c,2026-27,6,19.6,17.47,19.91,34.75,91.73,A+,f
5dece1ad-2f5a-7342-0c7c-0561f9ebfcf9,947996c3-564a-4dec-b498-80fca7c5fef2,539f9c66-84f9-5b19-943a-cb15d62bbc33,2026-27,6,17.8,16.77,18.41,36.85,89.83,A,f
a027d7c0-bfc6-f685-0576-a991dfde3fe6,119148b9-3bd8-4d16-a1ba-2498025e7e5d,f8b6ad01-594d-5e52-b325-ed9eb13211e1,2026-27,2,18.94,15.79,17.22,37.01,88.96,A,f
ef3244ac-00e4-fb5d-0688-364c1c4ffd3f,119148b9-3bd8-4d16-a1ba-2498025e7e5d,f27d152a-f613-51a3-aea8-0506e5d24c3a,2026-27,2,17.54,16.49,16.92,35.41,86.36,A,f
e163c61c-cbce-393d-0891-7a437e78d8df,119148b9-3bd8-4d16-a1ba-2498025e7e5d,5297007a-130e-5341-af7a-4e9027c2dadf,2026-27,2,16.34,17.49,17.72,37.61,89.16,A,f
f740691b-565e-6f9b-2018-2125df39cd70,119148b9-3bd8-4d16-a1ba-2498025e7e5d,c8e42f25-4acd-5f8b-8bce-f0cab27cc71f,2026-27,2,17.54,18.49,17.92,37.31,91.26,A+,f
f25881e7-cfb6-a4ab-ecf3-f5a35c18144f,119148b9-3bd8-4d16-a1ba-2498025e7e5d,5ceb5573-0231-5d70-848b-193fcfdb644c,2026-27,2,18.34,17.19,17.32,36.41,89.26,A,f
b51e586d-8ebe-8e88-3d83-5a37277f2b51,b9a45883-a739-48f5-9db4-571916cf5e78,730c5632-33dc-5e69-a798-6135043a47aa,2026-27,4,18.62,15.98,17.13,32.75,84.48,A,f
a73d42e1-9eac-f831-2f81-cf1b11a42fee,b9a45883-a739-48f5-9db4-571916cf5e78,21e87180-7538-5689-922d-8889674702ed,2026-27,4,16.42,16.68,17.03,37.75,87.88,A,f
2673428c-3bb3-9b83-d1c7-a82ff044fd5f,b9a45883-a739-48f5-9db4-571916cf5e78,a71f945b-22bf-5921-85a0-cb1acd7cb2e6,2026-27,4,18.22,17.58,17.13,33.15,86.08,A,f
bd243f7f-c0f2-4701-0891-ba07f2bebfdb,b9a45883-a739-48f5-9db4-571916cf5e78,859db046-894d-53cc-8cb4-3643d0c7f1fe,2026-27,4,18.82,16.18,18.23,35.85,89.08,A,f
f8ee8c90-19f5-cd37-233b-6b41d7d06f26,b9a45883-a739-48f5-9db4-571916cf5e78,40d412e8-fc3b-5972-8ff2-90b35de8a2d3,2026-27,4,16.92,18.58,17.03,34.25,86.78,A,f
ac72981f-c980-114b-b5a9-fcbe81d63368,4fb801ec-678c-4f37-b075-d58e3d1e135e,f8b6ad01-594d-5e52-b325-ed9eb13211e1,2026-27,2,14.84,15.66,17.33,33.62,81.45,A,f
966b2aae-4ace-02b9-31ab-3979329a92ad,4fb801ec-678c-4f37-b075-d58e3d1e135e,f27d152a-f613-51a3-aea8-0506e5d24c3a,2026-27,2,15.44,16.06,14.83,31.52,77.85,B+,f
77cb3f14-ba28-a28e-25aa-559c20ca3887,4fb801ec-678c-4f37-b075-d58e3d1e135e,5297007a-130e-5341-af7a-4e9027c2dadf,2026-27,2,15.74,15.16,16.63,28.32,75.85,B+,f
33468ef5-77d5-2590-d54c-9ad240fc4797,4fb801ec-678c-4f37-b075-d58e3d1e135e,c8e42f25-4acd-5f8b-8bce-f0cab27cc71f,2026-27,2,15.74,17.06,15.13,30.52,78.45,B+,f
2273ec38-24c6-4846-ccd1-2a7f20a228cd,4fb801ec-678c-4f37-b075-d58e3d1e135e,5ceb5573-0231-5d70-848b-193fcfdb644c,2026-27,2,14.74,15.16,15.93,30.32,76.15,B+,f
72470dc7-9d49-adb0-9552-88dbc207b60a,c3a5bedc-3e08-43a4-a155-5c47bcb81f19,730c5632-33dc-5e69-a798-6135043a47aa,2026-27,4,19.46,16.72,18.26,36.73,91.17,A+,f
48eea622-d921-6ad5-baf3-5db8514fa704,c3a5bedc-3e08-43a4-a155-5c47bcb81f19,21e87180-7538-5689-922d-8889674702ed,2026-27,4,19.06,18.12,19.66,37.23,94.07,A+,f
248ad6d6-1564-154c-fb97-8339325f9dfb,c3a5bedc-3e08-43a4-a155-5c47bcb81f19,a71f945b-22bf-5921-85a0-cb1acd7cb2e6,2026-27,4,18.46,15.62,18.56,37.53,90.17,A+,f
854f4504-0690-bf94-ba0e-e40603086be2,c3a5bedc-3e08-43a4-a155-5c47bcb81f19,859db046-894d-53cc-8cb4-3643d0c7f1fe,2026-27,4,16.56,19.02,17.26,35.73,88.57,A,f
8b23dcb4-e0da-e70c-82a3-27dd93b43189,c3a5bedc-3e08-43a4-a155-5c47bcb81f19,40d412e8-fc3b-5972-8ff2-90b35de8a2d3,2026-27,4,16.86,18.82,19.66,37.23,92.57,A+,f
19d26dbf-0030-759a-0135-a0e85be58b7f,0708a157-b514-40a7-b530-0db007b81a2d,29f10515-0a52-55f4-896b-fa882e11e38e,2026-27,6,17.26,18.6,18.12,31.38,85.36,A,f
dd999d0a-f2f2-3a38-51c6-ec93f19b1285,0708a157-b514-40a7-b530-0db007b81a2d,2bc3bd90-0760-5d47-9467-5a5992c412e5,2026-27,6,16.96,15.8,18.72,33.98,85.46,A,f
1705566e-1dea-e4ab-bb84-fbf83b4e893f,0708a157-b514-40a7-b530-0db007b81a2d,d9518e1b-06ba-5f43-b6b9-67d017eaae5d,2026-27,6,18.06,17.3,18.62,35.28,89.26,A,f
b1497c9e-3d9a-b2af-88b5-bf78b9606191,0708a157-b514-40a7-b530-0db007b81a2d,005078bd-c539-5c44-a631-7e7dd9fb778c,2026-27,6,18.86,17.6,17.42,31.18,85.06,A,f
e0c05004-c5b7-ef4f-ebc7-7c4ea9fb2a2c,0708a157-b514-40a7-b530-0db007b81a2d,539f9c66-84f9-5b19-943a-cb15d62bbc33,2026-27,6,18.76,18.7,18.72,34.58,90.76,A+,f
ebd85436-a6f8-156d-7b21-b53107d2293b,58eb9d6f-18ec-4cdc-9da3-0b4b778443b2,730c5632-33dc-5e69-a798-6135043a47aa,2026-27,4,18.29,18.75,17.69,35.2,89.93,A,f
d94e7738-0f0c-c153-a9fa-7c9027742bb9,58eb9d6f-18ec-4cdc-9da3-0b4b778443b2,21e87180-7538-5689-922d-8889674702ed,2026-27,4,18.89,18.95,18.89,37.9,94.63,A+,f
0a41cfab-0c98-638e-bb86-eae490401213,58eb9d6f-18ec-4cdc-9da3-0b4b778443b2,a71f945b-22bf-5921-85a0-cb1acd7cb2e6,2026-27,4,17.29,15.75,17.59,32.9,83.53,A,f
fd0d6a36-6c75-57e0-468e-c1b20a71a6d3,58eb9d6f-18ec-4cdc-9da3-0b4b778443b2,859db046-894d-53cc-8cb4-3643d0c7f1fe,2026-27,4,16.69,17.05,17.09,35.6,86.43,A,f
542060b9-1e47-8fcc-f47a-36682e2be72f,58eb9d6f-18ec-4cdc-9da3-0b4b778443b2,40d412e8-fc3b-5972-8ff2-90b35de8a2d3,2026-27,4,17.89,17.65,18.09,33.4,87.03,A,f
1e39e70f-54e8-c370-c97f-225ed30b8cb8,d8104ec1-8cad-4404-9997-2dcfe3a0d2d7,730c5632-33dc-5e69-a798-6135043a47aa,2026-27,4,19.24,19.2,18.84,34.17,91.45,A+,f
b1c56327-487a-4315-729c-36fbf2932a24,d8104ec1-8cad-4404-9997-2dcfe3a0d2d7,21e87180-7538-5689-922d-8889674702ed,2026-27,4,17.24,19.3,18.44,37.17,92.15,A+,f
b1a8ab97-17c1-ff13-0d00-9bd95c06af46,d8104ec1-8cad-4404-9997-2dcfe3a0d2d7,a71f945b-22bf-5921-85a0-cb1acd7cb2e6,2026-27,4,17.14,19.0,17.34,36.47,89.95,A,f
017d4547-f3ef-dd6f-23d2-63b93ae1d49a,d8104ec1-8cad-4404-9997-2dcfe3a0d2d7,859db046-894d-53cc-8cb4-3643d0c7f1fe,2026-27,4,17.64,17.7,17.64,38.17,91.15,A+,f
975679ff-86a6-6217-5c81-4cdd29b3c2c9,d8104ec1-8cad-4404-9997-2dcfe3a0d2d7,40d412e8-fc3b-5972-8ff2-90b35de8a2d3,2026-27,4,19.14,18.0,19.64,38.07,94.85,A+,f
031e5d1f-2063-56e6-8dce-4941c26cb468,2432e57e-0407-462e-8663-cc56f1dfd154,29f10515-0a52-55f4-896b-fa882e11e38e,2026-27,6,17.8,16.76,18.7,37.18,90.44,A+,f
b37f1628-49ad-f5ab-c478-e46ca6862968,2432e57e-0407-462e-8663-cc56f1dfd154,2bc3bd90-0760-5d47-9467-5a5992c412e5,2026-27,6,18.9,19.36,19.5,32.98,90.74,A+,f
4e02e7be-cb88-8a14-46ee-05cc45c9b160,2432e57e-0407-462e-8663-cc56f1dfd154,d9518e1b-06ba-5f43-b6b9-67d017eaae5d,2026-27,6,17.7,19.36,18.7,35.18,90.94,A+,f
b24f278d-d11f-4a58-e67c-aef928601546,2432e57e-0407-462e-8663-cc56f1dfd154,005078bd-c539-5c44-a631-7e7dd9fb778c,2026-27,6,17.3,15.96,18.8,33.98,86.04,A,f
5ffb87ad-1314-57a5-b5ef-fd44f6670426,2432e57e-0407-462e-8663-cc56f1dfd154,539f9c66-84f9-5b19-943a-cb15d62bbc33,2026-27,6,17.2,15.66,18.6,33.88,85.34,A,f
3faac7da-df70-0811-7ff8-f1dbc6f6fb0c,9cfbfbf7-f5bb-495e-abc8-561307573cd6,c697ab81-ffed-5fa6-9b51-be0954571d20,2026-27,1,15.35,17.57,15.65,30.99,79.56,B+,f
efe9fe4b-06be-dae2-ba4c-4a7fea56beb8,9cfbfbf7-f5bb-495e-abc8-561307573cd6,cc6bfe47-d156-5f3c-a0a6-64be53ff1202,2026-27,1,14.75,14.67,16.95,31.09,77.46,B+,f
01938da2-37f9-9dfd-5201-eb9ff6655f19,9cfbfbf7-f5bb-495e-abc8-561307573cd6,945cbb28-3a50-5ed1-8e70-c416ee3f92f0,2026-27,1,15.55,14.27,17.75,30.09,77.66,B+,f
6f3cc5d9-c6b6-b888-13c3-aca28c46009f,9cfbfbf7-f5bb-495e-abc8-561307573cd6,325f5f11-db40-5f00-816d-d66357e36c70,2026-27,1,15.55,15.87,17.85,33.49,82.76,A,f
7bb4c6dd-6ec4-8b05-59b5-c88b6bcdbc21,9cfbfbf7-f5bb-495e-abc8-561307573cd6,817d9a6f-e405-58f8-991b-373c31bd4e25,2026-27,1,15.85,16.87,15.75,33.99,82.46,A,f
6e65fe48-c236-c993-929a-837c5fcf696d,1e467b4d-2a27-4953-84ca-3186375fc486,c697ab81-ffed-5fa6-9b51-be0954571d20,2026-27,1,17.14,17.37,17.68,32.46,84.65,A,f
b6044f79-b1f0-c017-e6d7-d3b8a007bd7a,1e467b4d-2a27-4953-84ca-3186375fc486,cc6bfe47-d156-5f3c-a0a6-64be53ff1202,2026-27,1,17.14,18.57,17.68,36.16,89.55,A,f
1b945378-eec6-c125-690e-bff903986594,1e467b4d-2a27-4953-84ca-3186375fc486,945cbb28-3a50-5ed1-8e70-c416ee3f92f0,2026-27,1,15.74,15.07,18.58,31.96,81.35,A,f
9534a4d9-52a8-b4bb-7f2f-9f24a4713c2d,1e467b4d-2a27-4953-84ca-3186375fc486,325f5f11-db40-5f00-816d-d66357e36c70,2026-27,1,18.24,18.67,16.78,36.36,90.05,A+,f
62dab1fc-58da-94ac-38dd-f97ac371d260,1e467b4d-2a27-4953-84ca-3186375fc486,817d9a6f-e405-58f8-991b-373c31bd4e25,2026-27,1,18.54,17.07,15.88,31.66,83.15,A,f
30c3976d-002f-ca93-42f7-bff1b6eea814,c0ea9146-1cce-4934-ab7f-bacaf6884e35,29f10515-0a52-55f4-896b-fa882e11e38e,2026-27,6,15.85,15.98,17.19,35.06,84.08,A,f
bb81fffc-2b50-c6f4-0dc4-474c8f0608c1,c0ea9146-1cce-4934-ab7f-bacaf6884e35,2bc3bd90-0760-5d47-9467-5a5992c412e5,2026-27,6,17.75,17.38,16.69,30.96,82.78,A,f
9f0fb7f3-1f39-1332-efbc-6efa5b7f4a9d,c0ea9146-1cce-4934-ab7f-bacaf6884e35,d9518e1b-06ba-5f43-b6b9-67d017eaae5d,2026-27,6,15.95,14.58,18.59,32.06,81.18,A,f
1bdb0828-2502-3382-fb12-cc8fcbfd2b5e,c0ea9146-1cce-4934-ab7f-bacaf6884e35,005078bd-c539-5c44-a631-7e7dd9fb778c,2026-27,6,17.45,18.28,16.79,34.26,86.78,A,f
0c9993c6-0b55-1a8f-2d0c-5661cfe9f047,c0ea9146-1cce-4934-ab7f-bacaf6884e35,539f9c66-84f9-5b19-943a-cb15d62bbc33,2026-27,6,18.35,16.58,17.49,30.76,83.18,A,f
dedacd6c-1cdc-617e-1580-12a92aa019a2,5b235b87-58a4-48b8-8604-736ba413acae,f8b6ad01-594d-5e52-b325-ed9eb13211e1,2026-27,2,18.68,18.05,19.7,35.91,92.34,A+,f
37b43473-57ad-fa86-96e5-c28a1589b2d5,5b235b87-58a4-48b8-8604-736ba413acae,f27d152a-f613-51a3-aea8-0506e5d24c3a,2026-27,2,17.28,17.85,17.0,35.11,87.24,A,f
30c21119-62d9-27db-b466-5fefc0978dc7,5b235b87-58a4-48b8-8604-736ba413acae,5297007a-130e-5341-af7a-4e9027c2dadf,2026-27,2,18.38,16.85,18.7,35.61,89.54,A,f
95f9c43d-9868-0617-5490-fde1e284fa4d,5b235b87-58a4-48b8-8604-736ba413acae,c8e42f25-4acd-5f8b-8bce-f0cab27cc71f,2026-27,2,16.58,19.55,19.7,36.01,91.84,A+,f
85e41f2f-8df6-5d3e-1737-5d6e07e2c620,5b235b87-58a4-48b8-8604-736ba413acae,5ceb5573-0231-5d70-848b-193fcfdb644c,2026-27,2,17.38,18.25,17.7,38.01,91.34,A+,f
7f6ac694-e490-2be7-5dc9-aa04ec5a90db,475036e4-6583-4e14-bf46-a1d0b9957a94,c697ab81-ffed-5fa6-9b51-be0954571d20,2026-27,1,17.14,15.17,16.58,31.96,80.85,A,f
98c04a39-44e9-a59f-2290-8b0a5e5d325f,475036e4-6583-4e14-bf46-a1d0b9957a94,cc6bfe47-d156-5f3c-a0a6-64be53ff1202,2026-27,1,18.14,15.57,17.68,32.66,84.05,A,f
56ba3001-8b5a-3932-5634-b09ed61580f2,475036e4-6583-4e14-bf46-a1d0b9957a94,945cbb28-3a50-5ed1-8e70-c416ee3f92f0,2026-27,1,16.74,17.77,17.18,33.56,85.25,A,f
61a3b3ed-3f58-0ddc-ba61-3b4b8fa1fce6,475036e4-6583-4e14-bf46-a1d0b9957a94,325f5f11-db40-5f00-816d-d66357e36c70,2026-27,1,16.24,15.87,18.68,36.26,87.05,A,f
59ceb737-b167-b8f1-14d3-623732bda30f,475036e4-6583-4e14-bf46-a1d0b9957a94,817d9a6f-e405-58f8-991b-373c31bd4e25,2026-27,1,17.44,16.57,18.78,35.46,88.25,A,f
0b410b9f-852d-b978-96bf-9c341d99307b,1e7696b9-23a1-4c71-aae4-74468d8ccaba,29f10515-0a52-55f4-896b-fa882e11e38e,2026-27,6,13.8,13.19,16.03,28.2,71.22,B+,f
7d3a42e9-c723-1a9f-5bd7-ed67026ecda4,1e7696b9-23a1-4c71-aae4-74468d8ccaba,2bc3bd90-0760-5d47-9467-5a5992c412e5,2026-27,6,14.6,15.69,13.83,28.1,72.22,B+,f
7b5892e4-8112-9051-6f1d-16fffe5f90be,1e7696b9-23a1-4c71-aae4-74468d8ccaba,d9518e1b-06ba-5f43-b6b9-67d017eaae5d,2026-27,6,15.3,15.09,16.73,26.8,73.92,B+,f
7c54e6c6-56b5-1e0e-b5a3-cbf33cfd3906,1e7696b9-23a1-4c71-aae4-74468d8ccaba,005078bd-c539-5c44-a631-7e7dd9fb778c,2026-27,6,14.7,14.49,16.03,32.0,77.22,B+,f
29626af0-6068-c31a-f416-fab3e5add6f5,1e7696b9-23a1-4c71-aae4-74468d8ccaba,539f9c66-84f9-5b19-943a-cb15d62bbc33,2026-27,6,15.4,14.59,14.33,29.8,74.12,B+,f
bf888349-1dc2-d23a-2df1-0724335b5f3f,c6617192-683f-4679-9385-97a56662d2df,29f10515-0a52-55f4-896b-fa882e11e38e,2026-27,6,17.03,15.77,18.57,35.14,86.51,A,f
87622b18-c0d9-f152-6361-f739fc8d529a,c6617192-683f-4679-9385-97a56662d2df,2bc3bd90-0760-5d47-9467-5a5992c412e5,2026-27,6,16.73,14.97,15.87,33.24,80.81,A,f
346085bb-cb6f-b8cc-7a6d-d36f8dd2bb25,c6617192-683f-4679-9385-97a56662d2df,d9518e1b-06ba-5f43-b6b9-67d017eaae5d,2026-27,6,18.53,16.67,17.27,35.24,87.71,A,f
ee8c0982-91dc-596a-129d-7bb03dd2776d,c6617192-683f-4679-9385-97a56662d2df,005078bd-c539-5c44-a631-7e7dd9fb778c,2026-27,6,18.13,15.57,18.47,33.54,85.71,A,f
d4a03e2c-c70b-22bc-5324-499d6bf451ec,c6617192-683f-4679-9385-97a56662d2df,539f9c66-84f9-5b19-943a-cb15d62bbc33,2026-27,6,17.13,14.87,17.57,36.04,85.61,A,f
1ff2cc11-9ba2-eae1-d63e-89244dd5a9bc,e614247c-70a3-4902-afa8-4576857d67f0,29f10515-0a52-55f4-896b-fa882e11e38e,2026-27,6,16.47,16.92,17.34,36.83,87.56,A,f
83b51429-9986-b35f-b60b-ee059c456644,e614247c-70a3-4902-afa8-4576857d67f0,2bc3bd90-0760-5d47-9467-5a5992c412e5,2026-27,6,16.57,16.82,16.74,35.13,85.26,A,f
59f5be34-fc74-c54a-fe83-7d333bc71259,e614247c-70a3-4902-afa8-4576857d67f0,d9518e1b-06ba-5f43-b6b9-67d017eaae5d,2026-27,6,16.77,16.12,18.84,36.73,88.46,A,f
c95a272e-e8a8-bf42-52d3-69fdbeb8784b,e614247c-70a3-4902-afa8-4576857d67f0,005078bd-c539-5c44-a631-7e7dd9fb778c,2026-27,6,17.27,18.82,16.84,34.83,87.76,A,f
1b31d290-5382-7cfb-632a-bd2b6bbcc1c8,e614247c-70a3-4902-afa8-4576857d67f0,539f9c66-84f9-5b19-943a-cb15d62bbc33,2026-27,6,16.57,16.22,17.84,32.33,82.96,A,f
bd757cdb-5dba-76d9-9d02-3d83f1da387e,90f66b5f-7659-49c7-94ba-f10f0897b1ee,29f10515-0a52-55f4-896b-fa882e11e38e,2026-27,6,15.6,17.33,18.04,34.07,85.04,A,f
58b34d5d-46b9-2579-e626-d0288d19702f,90f66b5f-7659-49c7-94ba-f10f0897b1ee,2bc3bd90-0760-5d47-9467-5a5992c412e5,2026-27,6,15.7,17.23,18.34,31.67,82.94,A,f
b3d542db-3b4a-2a2f-59d8-364901417a34,90f66b5f-7659-49c7-94ba-f10f0897b1ee,d9518e1b-06ba-5f43-b6b9-67d017eaae5d,2026-27,6,18.0,15.93,16.24,32.67,82.84,A,f
8378f432-c6e7-da02-a8d7-46b5138f3d26,90f66b5f-7659-49c7-94ba-f10f0897b1ee,005078bd-c539-5c44-a631-7e7dd9fb778c,2026-27,6,17.4,14.93,16.74,35.07,84.14,A,f
589ff2eb-9991-1824-7161-5bed975a6bf4,90f66b5f-7659-49c7-94ba-f10f0897b1ee,539f9c66-84f9-5b19-943a-cb15d62bbc33,2026-27,6,16.8,16.43,16.54,33.47,83.24,A,f
e6d88a96-4239-31dd-1f98-5dbbb8947326,44cd8e9b-17bd-4a74-8b3f-cb8b844abb94,29f10515-0a52-55f4-896b-fa882e11e38e,2026-27,6,17.12,17.86,18.87,34.92,88.77,A,f
554e455e-5cde-1ad8-c74b-a3155be3ad83,44cd8e9b-17bd-4a74-8b3f-cb8b844abb94,2bc3bd90-0760-5d47-9467-5a5992c412e5,2026-27,6,16.72,18.66,17.27,35.42,88.07,A,f
7e35226a-5eb2-b995-1497-ccf844b0abf7,44cd8e9b-17bd-4a74-8b3f-cb8b844abb94,d9518e1b-06ba-5f43-b6b9-67d017eaae5d,2026-27,6,16.22,18.36,17.57,35.22,87.37,A,f
119b1898-89a9-1331-21b5-598ef4823088,44cd8e9b-17bd-4a74-8b3f-cb8b844abb94,005078bd-c539-5c44-a631-7e7dd9fb778c,2026-27,6,18.12,16.16,17.27,32.42,83.97,A,f
2a73d0e2-3f5e-604a-4762-1888a050c6ea,44cd8e9b-17bd-4a74-8b3f-cb8b844abb94,539f9c66-84f9-5b19-943a-cb15d62bbc33,2026-27,6,15.72,15.66,18.47,32.62,82.47,A,f
f3043744-cfb4-6cc7-14d5-499684895d21,24b49df4-206a-4308-a1de-991983ec1d76,f8b6ad01-594d-5e52-b325-ed9eb13211e1,2026-27,2,19.26,16.72,17.17,37.78,90.93,A+,f
6c4780c6-8ba1-bd13-c0f3-1a9b40cf8997,24b49df4-206a-4308-a1de-991983ec1d76,f27d152a-f613-51a3-aea8-0506e5d24c3a,2026-27,2,17.76,16.02,17.47,34.28,85.53,A,f
176505bd-d0ad-65f7-5912-7aebf7b5d242,24b49df4-206a-4308-a1de-991983ec1d76,5297007a-130e-5341-af7a-4e9027c2dadf,2026-27,2,16.86,17.82,18.77,38.28,91.73,A+,f
c1e5902f-295b-c722-87d2-9d0481f98662,24b49df4-206a-4308-a1de-991983ec1d76,c8e42f25-4acd-5f8b-8bce-f0cab27cc71f,2026-27,2,17.86,18.32,19.97,35.68,91.83,A+,f
3891b04a-326d-183a-7c0f-2ba19ffebf00,24b49df4-206a-4308-a1de-991983ec1d76,5ceb5573-0231-5d70-848b-193fcfdb644c,2026-27,2,18.06,17.02,17.07,35.18,87.33,A,f
14a6b091-b7b1-7a11-8e3b-ecc2e267e47c,b6eabf04-0b2a-4be6-ab3e-4d19ebdc3e6e,c697ab81-ffed-5fa6-9b51-be0954571d20,2026-27,1,15.9,16.03,16.51,31.13,79.57,B+,f
cf5c949d-afdd-97ba-ed83-58a16ea42e0a,b6eabf04-0b2a-4be6-ab3e-4d19ebdc3e6e,cc6bfe47-d156-5f3c-a0a6-64be53ff1202,2026-27,1,16.4,15.93,15.31,30.43,78.07,B+,f
490ff658-88c0-a676-0c2c-0113b28f01bb,b6eabf04-0b2a-4be6-ab3e-4d19ebdc3e6e,945cbb28-3a50-5ed1-8e70-c416ee3f92f0,2026-27,1,17.0,16.43,17.91,29.23,80.57,A,f
6018d19d-5ea1-d708-e067-9f23cd1caad9,b6eabf04-0b2a-4be6-ab3e-4d19ebdc3e6e,325f5f11-db40-5f00-816d-d66357e36c70,2026-27,1,17.9,15.63,16.91,35.03,85.47,A,f
2d929fbf-282d-d6b5-921e-dc2d66aece52,b6eabf04-0b2a-4be6-ab3e-4d19ebdc3e6e,817d9a6f-e405-58f8-991b-373c31bd4e25,2026-27,1,17.9,17.03,17.51,32.23,84.67,A,f
449618c9-2896-0a71-9552-8ea5816e0f11,5a7326ad-a983-4333-975e-8f5cf239f7f4,730c5632-33dc-5e69-a798-6135043a47aa,2026-27,4,16.57,15.01,16.03,34.06,81.67,A,f
63d5e5cf-e45f-5976-1577-3db98baf0722,5a7326ad-a983-4333-975e-8f5cf239f7f4,21e87180-7538-5689-922d-8889674702ed,2026-27,4,15.77,16.21,18.63,36.36,86.97,A,f
34f19402-30db-6792-df58-bf4232ecc094,5a7326ad-a983-4333-975e-8f5cf239f7f4,a71f945b-22bf-5921-85a0-cb1acd7cb2e6,2026-27,4,17.97,15.71,18.73,35.66,88.07,A,f
faadb44c-b24e-8df1-21fd-66192e120a33,5a7326ad-a983-4333-975e-8f5cf239f7f4,859db046-894d-53cc-8cb4-3643d0c7f1fe,2026-27,4,17.17,16.51,16.03,32.46,82.17,A,f
4be4e944-7c35-f8a5-c422-aac765c16e9f,5a7326ad-a983-4333-975e-8f5cf239f7f4,40d412e8-fc3b-5972-8ff2-90b35de8a2d3,2026-27,4,18.07,15.21,18.63,31.26,83.17,A,f
57fa7d27-3699-08a9-7088-c07d5f528bcb,79df76d3-d99f-439a-b8c9-3a3223c01ce6,c697ab81-ffed-5fa6-9b51-be0954571d20,2026-27,1,17.86,18.61,19.03,32.99,88.49,A,f
af2c9da9-f6f0-83eb-1899-9ac0bddaef37,79df76d3-d99f-439a-b8c9-3a3223c01ce6,cc6bfe47-d156-5f3c-a0a6-64be53ff1202,2026-27,1,17.06,17.61,18.83,36.89,90.39,A+,f
44c8651a-2076-0ce8-b8ca-448a3eefd4c1,79df76d3-d99f-439a-b8c9-3a3223c01ce6,945cbb28-3a50-5ed1-8e70-c416ee3f92f0,2026-27,1,18.56,16.01,19.03,36.09,89.69,A,f
8e1f3360-0bc2-0a55-feb9-58b0e8781d59,79df76d3-d99f-439a-b8c9-3a3223c01ce6,325f5f11-db40-5f00-816d-d66357e36c70,2026-27,1,17.56,15.91,19.03,32.19,84.69,A,f
cabc55fa-25a2-a00a-e2f2-88c46fbb9e75,79df76d3-d99f-439a-b8c9-3a3223c01ce6,817d9a6f-e405-58f8-991b-373c31bd4e25,2026-27,1,17.46,16.31,17.73,31.89,83.39,A,f
4cd3dd75-916f-f067-bb65-5d0d835b4053,33dd859a-b85e-4af1-ba10-852847124770,29f10515-0a52-55f4-896b-fa882e11e38e,2026-27,6,17.43,17.88,17.71,31.89,84.91,A,f
21f908d0-32b8-8d40-2bf3-99119f07017c,33dd859a-b85e-4af1-ba10-852847124770,2bc3bd90-0760-5d47-9467-5a5992c412e5,2026-27,6,16.63,16.68,16.51,32.19,82.01,A,f
d1d58192-a9cb-3132-8cfc-6165bea79020,33dd859a-b85e-4af1-ba10-852847124770,d9518e1b-06ba-5f43-b6b9-67d017eaae5d,2026-27,6,16.63,19.18,17.61,32.89,86.31,A,f
353bc8c4-717c-5513-0b23-67184e80a2e1,33dd859a-b85e-4af1-ba10-852847124770,005078bd-c539-5c44-a631-7e7dd9fb778c,2026-27,6,16.23,15.48,19.11,35.69,86.51,A,f
6b5a5559-d9e9-3018-eb94-16d1d04d513a,33dd859a-b85e-4af1-ba10-852847124770,539f9c66-84f9-5b19-943a-cb15d62bbc33,2026-27,6,18.23,19.18,18.01,33.79,89.21,A,f
ca372feb-ad91-045a-64a0-5d4a27380b57,b7692caf-3ce0-4324-b3e7-e71753eccecb,c697ab81-ffed-5fa6-9b51-be0954571d20,2026-27,1,15.51,17.44,17.54,35.65,86.14,A,f
d3a68ebc-91e2-d567-e14c-5e42711549e9,b7692caf-3ce0-4324-b3e7-e71753eccecb,cc6bfe47-d156-5f3c-a0a6-64be53ff1202,2026-27,1,15.61,15.04,16.44,30.05,77.14,B+,f
1c86616d-06c6-7361-014f-c07395c3d420,b7692caf-3ce0-4324-b3e7-e71753eccecb,945cbb28-3a50-5ed1-8e70-c416ee3f92f0,2026-27,1,16.61,15.24,16.94,30.05,78.84,B+,f
b8caf103-176c-a7e1-cf17-6f06688fee2a,b7692caf-3ce0-4324-b3e7-e71753eccecb,325f5f11-db40-5f00-816d-d66357e36c70,2026-27,1,17.61,16.64,15.84,34.15,84.24,A,f
745ccceb-011e-9995-677f-5359d6a06b78,b7692caf-3ce0-4324-b3e7-e71753eccecb,817d9a6f-e405-58f8-991b-373c31bd4e25,2026-27,1,16.71,16.54,16.34,32.25,81.84,A,f
1ae74c9c-c709-27f5-42ba-76c6f38e6b59,1c58a4bd-69ae-4d4b-9fd8-77454795b634,730c5632-33dc-5e69-a798-6135043a47aa,2026-27,4,18.54,17.99,18.73,33.06,88.32,A,f
926c911a-e017-fbd5-0eb7-06705168ec85,1c58a4bd-69ae-4d4b-9fd8-77454795b634,21e87180-7538-5689-922d-8889674702ed,2026-27,4,18.44,17.69,19.73,34.36,90.22,A+,f
12bff705-09da-36b5-5bbd-6e67fe802b12,1c58a4bd-69ae-4d4b-9fd8-77454795b634,a71f945b-22bf-5921-85a0-cb1acd7cb2e6,2026-27,4,19.24,17.59,19.63,33.56,90.02,A+,f
d23d2a39-9a67-d46b-f1c6-67bd4d3ab564,1c58a4bd-69ae-4d4b-9fd8-77454795b634,859db046-894d-53cc-8cb4-3643d0c7f1fe,2026-27,4,19.24,15.59,16.73,34.16,85.72,A,f
4896ec6e-22ed-19cc-6a4d-dea0c6c72232,1c58a4bd-69ae-4d4b-9fd8-77454795b634,40d412e8-fc3b-5972-8ff2-90b35de8a2d3,2026-27,4,17.54,17.99,18.93,37.26,91.72,A+,f
e7c0d11a-acc4-3b11-6e67-fe71dcb4b31a,32c7f8d3-d121-4f2a-b7e2-8353d5d728da,730c5632-33dc-5e69-a798-6135043a47aa,2026-27,4,16.56,14.58,16.86,33.31,81.31,A,f
0d5736c5-c87e-9a2e-7416-777e4ad3641a,32c7f8d3-d121-4f2a-b7e2-8353d5d728da,21e87180-7538-5689-922d-8889674702ed,2026-27,4,15.86,14.28,15.66,33.81,79.61,B+,f
3e42d84e-1709-1301-2319-d8845d4cb05a,32c7f8d3-d121-4f2a-b7e2-8353d5d728da,a71f945b-22bf-5921-85a0-cb1acd7cb2e6,2026-27,4,16.56,14.08,15.36,30.61,76.61,B+,f
759e32d4-b016-9cb4-2c6f-181a3e17aef7,32c7f8d3-d121-4f2a-b7e2-8353d5d728da,859db046-894d-53cc-8cb4-3643d0c7f1fe,2026-27,4,16.26,14.98,15.36,29.71,76.31,B+,f
bcf90922-d78f-862e-de36-73af1a3d21fd,32c7f8d3-d121-4f2a-b7e2-8353d5d728da,40d412e8-fc3b-5972-8ff2-90b35de8a2d3,2026-27,4,16.96,17.78,15.16,30.81,80.71,A,f
508da671-a01b-5f16-991b-4b3d90bcb61c,d2a60c24-4820-4d1d-8293-7cb77ec3144a,c697ab81-ffed-5fa6-9b51-be0954571d20,2026-27,1,16.34,14.47,16.17,33.47,80.45,A,f
0a413129-1375-38f6-5ecd-929891afd85b,d2a60c24-4820-4d1d-8293-7cb77ec3144a,cc6bfe47-d156-5f3c-a0a6-64be53ff1202,2026-27,1,18.04,15.47,17.77,35.47,86.75,A,f
b7fe34c2-68c8-6a0f-d614-0b705ca744ee,d2a60c24-4820-4d1d-8293-7cb77ec3144a,945cbb28-3a50-5ed1-8e70-c416ee3f92f0,2026-27,1,17.54,17.77,15.97,31.57,82.85,A,f
3bc6a7d0-5c3b-b743-be1d-57c571b9f4e9,d2a60c24-4820-4d1d-8293-7cb77ec3144a,325f5f11-db40-5f00-816d-d66357e36c70,2026-27,1,17.44,16.07,16.87,34.67,85.05,A,f
50df1b95-3870-fbd9-c3b8-91211e7a084f,d2a60c24-4820-4d1d-8293-7cb77ec3144a,817d9a6f-e405-58f8-991b-373c31bd4e25,2026-27,1,15.74,17.57,16.87,30.27,80.45,A,f
95ba594d-2e38-b3df-fb2d-d46fb8a7f1d0,0ca18441-8ae3-4301-909d-69294c3c8a8c,730c5632-33dc-5e69-a798-6135043a47aa,2026-27,4,17.75,16.79,18.69,30.24,83.47,A,f
6635c722-4b8c-d0c2-7390-510d5d0a43d4,0ca18441-8ae3-4301-909d-69294c3c8a8c,21e87180-7538-5689-922d-8889674702ed,2026-27,4,15.45,17.09,17.59,30.84,80.97,A,f
87174d8b-5f3f-6085-b09b-b2f7a2ae86f0,0ca18441-8ae3-4301-909d-69294c3c8a8c,a71f945b-22bf-5921-85a0-cb1acd7cb2e6,2026-27,4,16.85,16.49,18.69,34.94,86.97,A,f
22422434-5a47-52ca-c313-c70501ba0a43,0ca18441-8ae3-4301-909d-69294c3c8a8c,859db046-894d-53cc-8cb4-3643d0c7f1fe,2026-27,4,17.05,16.59,18.19,31.04,82.87,A,f
9f64c88a-79ba-0f41-60f1-b2a525073ed5,0ca18441-8ae3-4301-909d-69294c3c8a8c,40d412e8-fc3b-5972-8ff2-90b35de8a2d3,2026-27,4,15.75,14.79,15.89,35.34,81.77,A,f
a5d087d2-b069-2f9d-3a95-b79e42db6f28,cb99d9de-7aec-49d6-8165-ecf0ed2125fd,730c5632-33dc-5e69-a798-6135043a47aa,2026-27,4,16.08,17.93,18.65,33.21,85.87,A,f
5171a185-9b7d-608f-a7dd-adc236d7a12c,cb99d9de-7aec-49d6-8165-ecf0ed2125fd,21e87180-7538-5689-922d-8889674702ed,2026-27,4,18.38,18.23,18.25,35.71,90.57,A+,f
2119d804-4318-393e-4c37-72967a42bafb,cb99d9de-7aec-49d6-8165-ecf0ed2125fd,a71f945b-22bf-5921-85a0-cb1acd7cb2e6,2026-27,4,16.48,18.73,17.85,32.31,85.37,A,f
91347915-a320-16b6-1163-06c6805e861b,cb99d9de-7aec-49d6-8165-ecf0ed2125fd,859db046-894d-53cc-8cb4-3643d0c7f1fe,2026-27,4,18.18,17.03,17.95,32.31,85.47,A,f
af3c3320-07e8-d71b-993a-a472af90b1d2,cb99d9de-7aec-49d6-8165-ecf0ed2125fd,40d412e8-fc3b-5972-8ff2-90b35de8a2d3,2026-27,4,17.28,16.43,18.75,33.81,86.27,A,f
daa29d47-a252-ec77-4863-e22fa73f77a8,a84061a3-3fc6-4725-acbc-25eb3254213a,c697ab81-ffed-5fa6-9b51-be0954571d20,2026-27,1,19.9,20.0,20.0,37.7,97.6,A+,f
3eac3985-452d-e015-e635-d5c7af3d1b31,a84061a3-3fc6-4725-acbc-25eb3254213a,cc6bfe47-d156-5f3c-a0a6-64be53ff1202,2026-27,1,18.0,18.2,18.7,36.5,91.4,A+,f
a93de825-c359-7e6d-463e-e7a13c219d2f,a84061a3-3fc6-4725-acbc-25eb3254213a,945cbb28-3a50-5ed1-8e70-c416ee3f92f0,2026-27,1,19.4,17.7,19.1,39.5,95.7,A+,f
1183e391-2985-21c4-bc24-c81cbe55dfe8,a84061a3-3fc6-4725-acbc-25eb3254213a,325f5f11-db40-5f00-816d-d66357e36c70,2026-27,1,19.2,20.0,20.0,36.8,96.0,A+,f
6fabd299-a35b-af04-1aaa-a89167f60704,a84061a3-3fc6-4725-acbc-25eb3254213a,817d9a6f-e405-58f8-991b-373c31bd4e25,2026-27,1,18.5,17.9,20.0,37.8,94.2,A+,f
a3124275-fc7b-de05-5021-ba780802af07,b21d7846-e4d1-4d9d-826f-a7fcf42d578a,730c5632-33dc-5e69-a798-6135043a47aa,2026-27,4,16.87,16.53,19.46,37.81,90.67,A+,f
b15e0d56-224e-fa49-af6a-844d6f32ee4c,b21d7846-e4d1-4d9d-826f-a7fcf42d578a,21e87180-7538-5689-922d-8889674702ed,2026-27,4,18.07,17.83,16.96,35.61,88.47,A,f
2f34f96b-55ef-771e-51b6-c1e7d9cf30a3,b21d7846-e4d1-4d9d-826f-a7fcf42d578a,a71f945b-22bf-5921-85a0-cb1acd7cb2e6,2026-27,4,17.87,16.73,18.26,33.11,85.97,A,f
136163f7-4616-3b26-da9d-f5af8b429561,b21d7846-e4d1-4d9d-826f-a7fcf42d578a,859db046-894d-53cc-8cb4-3643d0c7f1fe,2026-27,4,17.07,18.43,19.06,37.41,91.97,A+,f
76463bc0-37cb-e0cd-5d6c-58341184740d,b21d7846-e4d1-4d9d-826f-a7fcf42d578a,40d412e8-fc3b-5972-8ff2-90b35de8a2d3,2026-27,4,16.47,15.53,18.76,37.21,87.97,A,f
8f4ed001-6827-1cf3-777a-90bbc74fe6c5,af7efda8-abad-4afa-87b8-dd2ebc032bc4,c697ab81-ffed-5fa6-9b51-be0954571d20,2026-27,1,15.96,15.4,16.52,33.58,81.46,A,f
bd9c386d-6828-3a46-0fd1-f82c75ed500a,af7efda8-abad-4afa-87b8-dd2ebc032bc4,cc6bfe47-d156-5f3c-a0a6-64be53ff1202,2026-27,1,18.06,18.5,18.12,31.18,85.86,A,f
66be73b6-1aaf-20c0-bfcd-88eed3506945,af7efda8-abad-4afa-87b8-dd2ebc032bc4,945cbb28-3a50-5ed1-8e70-c416ee3f92f0,2026-27,1,17.46,15.6,16.52,35.98,85.56,A,f
49606a5c-c43f-7ef5-43dc-aabff05dddee,af7efda8-abad-4afa-87b8-dd2ebc032bc4,325f5f11-db40-5f00-816d-d66357e36c70,2026-27,1,18.56,17.7,18.82,33.18,88.26,A,f
9f7bfd7a-2236-dd66-bc10-63ffbe3dd1f1,af7efda8-abad-4afa-87b8-dd2ebc032bc4,817d9a6f-e405-58f8-991b-373c31bd4e25,2026-27,1,17.26,16.1,16.92,32.08,82.36,A,f
2e6483f5-188c-8648-a5ba-bc87f7b2cb03,c0c6c9fc-b0c4-461b-8289-78b176bc5daa,c697ab81-ffed-5fa6-9b51-be0954571d20,2026-27,1,18.23,15.69,17.73,35.17,86.82,A,f
18389c48-b22c-7d40-14b3-c4ba76236a80,c0c6c9fc-b0c4-461b-8289-78b176bc5daa,cc6bfe47-d156-5f3c-a0a6-64be53ff1202,2026-27,1,18.53,15.79,18.33,34.87,87.52,A,f
b33edeff-bfb2-aae2-fa92-868f0683cb8f,c0c6c9fc-b0c4-461b-8289-78b176bc5daa,945cbb28-3a50-5ed1-8e70-c416ee3f92f0,2026-27,1,16.83,17.49,16.93,37.87,89.12,A,f
9a0a28ec-2b14-bb1d-635b-35f9a8540f80,c0c6c9fc-b0c4-461b-8289-78b176bc5daa,325f5f11-db40-5f00-816d-d66357e36c70,2026-27,1,16.63,18.69,19.43,34.17,88.92,A,f
e90a6d7b-1986-2345-7330-6d3222772304,c0c6c9fc-b0c4-461b-8289-78b176bc5daa,817d9a6f-e405-58f8-991b-373c31bd4e25,2026-27,1,17.03,18.19,18.33,34.17,87.72,A,f
aaf3c15a-9771-609c-91bb-02554975e71c,a2a233ea-4f6f-402a-956b-6db7782b6ef6,29f10515-0a52-55f4-896b-fa882e11e38e,2026-27,6,17.1,18.04,16.04,34.03,85.21,A,f
0095ece8-63fe-b18d-26d5-57db834135b1,a2a233ea-4f6f-402a-956b-6db7782b6ef6,2bc3bd90-0760-5d47-9467-5a5992c412e5,2026-27,6,17.3,14.94,17.24,32.53,82.01,A,f
d64b5dfa-0067-0403-07a2-d9e4bd5e4fae,a2a233ea-4f6f-402a-956b-6db7782b6ef6,d9518e1b-06ba-5f43-b6b9-67d017eaae5d,2026-27,6,16.0,16.84,17.74,33.63,84.21,A,f
00260621-3a7a-1e23-69e3-4839ffaffaf2,a2a233ea-4f6f-402a-956b-6db7782b6ef6,005078bd-c539-5c44-a631-7e7dd9fb778c,2026-27,6,17.5,15.24,16.14,34.63,83.51,A,f
c48505cf-6b26-0008-b520-107d9d741616,a2a233ea-4f6f-402a-956b-6db7782b6ef6,539f9c66-84f9-5b19-943a-cb15d62bbc33,2026-27,6,15.9,17.94,17.34,32.43,83.61,A,f
55552fd7-350d-7874-f304-f9a02db7e5a9,0c1b69a6-351f-46b8-aac1-cb2bcbc389a9,f8b6ad01-594d-5e52-b325-ed9eb13211e1,2026-27,2,17.06,15.0,18.62,36.36,87.04,A,f
f400b455-7c64-3917-53cf-2b269a4d29d0,0c1b69a6-351f-46b8-aac1-cb2bcbc389a9,f27d152a-f613-51a3-aea8-0506e5d24c3a,2026-27,2,17.06,17.7,18.12,34.16,87.04,A,f
b72cd34b-b6dc-8cca-a53f-6d1a90728f98,0c1b69a6-351f-46b8-aac1-cb2bcbc389a9,5297007a-130e-5341-af7a-4e9027c2dadf,2026-27,2,17.66,15.2,19.02,35.76,87.64,A,f
d102801f-fee1-68ab-5fc0-b3e4378b771d,0c1b69a6-351f-46b8-aac1-cb2bcbc389a9,c8e42f25-4acd-5f8b-8bce-f0cab27cc71f,2026-27,2,18.26,14.9,16.42,33.36,82.94,A,f
99c5509b-f206-5adc-2d4d-bdeb38611a57,0c1b69a6-351f-46b8-aac1-cb2bcbc389a9,5ceb5573-0231-5d70-848b-193fcfdb644c,2026-27,2,16.86,16.1,16.42,36.76,86.14,A,f
a9d616e4-eb86-2f92-23cb-d9d1872349d3,ee5fc224-6c59-4ddb-b91a-411803a28036,c697ab81-ffed-5fa6-9b51-be0954571d20,2026-27,1,17.39,18.54,16.56,31.35,83.84,A,f
f3140039-6b2b-1385-d097-672bcc9392e2,ee5fc224-6c59-4ddb-b91a-411803a28036,cc6bfe47-d156-5f3c-a0a6-64be53ff1202,2026-27,1,18.19,18.24,17.66,34.85,88.94,A,f
db3765ae-7e5f-c600-2dae-3a81cdff4763,ee5fc224-6c59-4ddb-b91a-411803a28036,945cbb28-3a50-5ed1-8e70-c416ee3f92f0,2026-27,1,17.99,15.74,18.56,34.15,86.44,A,f
0986aab8-e510-71e6-b376-0c777ae42349,ee5fc224-6c59-4ddb-b91a-411803a28036,325f5f11-db40-5f00-816d-d66357e36c70,2026-27,1,17.79,18.84,17.66,34.75,89.04,A,f
c2936313-b204-b704-c55e-393b9e196961,ee5fc224-6c59-4ddb-b91a-411803a28036,817d9a6f-e405-58f8-991b-373c31bd4e25,2026-27,1,18.79,15.44,16.46,33.55,84.24,A,f
510c7fb4-d9fc-f6e4-8a8e-627dcf37b8c5,b5344a53-010a-4422-a779-e861dc881b3f,c697ab81-ffed-5fa6-9b51-be0954571d20,2026-27,1,19.27,18.23,16.87,35.63,90.0,A+,f
6ca79356-ed08-e4ef-14fa-4b10be12df6a,b5344a53-010a-4422-a779-e861dc881b3f,cc6bfe47-d156-5f3c-a0a6-64be53ff1202,2026-27,1,19.37,18.93,18.97,37.83,95.1,A+,f
e4c76aec-ff81-6cfe-acb0-affe96e27830,b5344a53-010a-4422-a779-e861dc881b3f,945cbb28-3a50-5ed1-8e70-c416ee3f92f0,2026-27,1,18.97,16.73,17.97,34.83,88.5,A,f
10ac73d7-3f4a-7b7b-6f72-28fb09c3030c,b5344a53-010a-4422-a779-e861dc881b3f,325f5f11-db40-5f00-816d-d66357e36c70,2026-27,1,17.27,17.33,18.27,36.03,88.9,A,f
efeba905-41b6-fd11-e60f-55a2078af61a,b5344a53-010a-4422-a779-e861dc881b3f,817d9a6f-e405-58f8-991b-373c31bd4e25,2026-27,1,18.97,16.13,19.37,36.73,91.2,A+,f
c4d862c4-8bcb-6af4-6201-bfbdc13c4bb5,8288120b-c4d4-47c7-8b90-e41f7f56c0eb,730c5632-33dc-5e69-a798-6135043a47aa,2026-27,4,17.51,18.77,17.61,36.12,90.01,A+,f
41cea10a-1d1c-36c3-5cd4-531f928d218d,8288120b-c4d4-47c7-8b90-e41f7f56c0eb,21e87180-7538-5689-922d-8889674702ed,2026-27,4,19.31,19.07,18.81,36.92,94.11,A+,f
f808df27-9a6c-b464-83c0-7ff94cf16243,8288120b-c4d4-47c7-8b90-e41f7f56c0eb,a71f945b-22bf-5921-85a0-cb1acd7cb2e6,2026-27,4,16.51,16.27,17.11,38.32,88.21,A,f
6d9ae398-960f-5b2b-c988-4cea2276f91e,8288120b-c4d4-47c7-8b90-e41f7f56c0eb,859db046-894d-53cc-8cb4-3643d0c7f1fe,2026-27,4,18.21,19.47,19.61,32.52,89.81,A,f
3c8ab9a7-8baf-f805-db95-d4a849960e52,8288120b-c4d4-47c7-8b90-e41f7f56c0eb,40d412e8-fc3b-5972-8ff2-90b35de8a2d3,2026-27,4,18.31,18.47,18.61,35.62,91.01,A+,f
3ea0c6cb-03d4-b546-408f-ed0911657ab7,9d92ae85-11e0-4446-99b3-0a8c090d5d1c,29f10515-0a52-55f4-896b-fa882e11e38e,2026-27,6,17.97,15.11,18.83,34.76,86.67,A,f
9247dbdb-e833-47ae-0a51-42543e30e033,9d92ae85-11e0-4446-99b3-0a8c090d5d1c,2bc3bd90-0760-5d47-9467-5a5992c412e5,2026-27,6,18.67,16.71,18.63,30.86,84.87,A,f
7f87735a-9af3-8181-e278-95e6d82aecfa,9d92ae85-11e0-4446-99b3-0a8c090d5d1c,d9518e1b-06ba-5f43-b6b9-67d017eaae5d,2026-27,6,16.27,17.11,16.73,33.76,83.87,A,f
071b6089-f5e1-9769-c6e0-1efd72abe6ff,9d92ae85-11e0-4446-99b3-0a8c090d5d1c,005078bd-c539-5c44-a631-7e7dd9fb778c,2026-27,6,17.47,16.31,17.53,36.36,87.67,A,f
b91f501f-8cec-2de6-20fd-0d67d2585c2e,9d92ae85-11e0-4446-99b3-0a8c090d5d1c,539f9c66-84f9-5b19-943a-cb15d62bbc33,2026-27,6,18.07,14.91,17.93,35.56,86.47,A,f
ef6f68f5-544b-cc7b-b928-c04771a1ff0e,bd9a9373-eb55-4e9d-9c95-016a0b2be880,29f10515-0a52-55f4-896b-fa882e11e38e,2026-27,6,17.38,18.72,18.44,34.48,89.02,A,f
e13037cf-cb7e-2d97-d19d-fee5d8482b7b,bd9a9373-eb55-4e9d-9c95-016a0b2be880,2bc3bd90-0760-5d47-9467-5a5992c412e5,2026-27,6,15.78,15.12,17.24,34.08,82.22,A,f
caa6e972-974c-25cd-a75c-b9d031d43cb2,bd9a9373-eb55-4e9d-9c95-016a0b2be880,d9518e1b-06ba-5f43-b6b9-67d017eaae5d,2026-27,6,17.88,17.42,18.44,30.88,84.62,A,f
46063c50-65b9-8f0a-3a99-c42968bb9a58,bd9a9373-eb55-4e9d-9c95-016a0b2be880,005078bd-c539-5c44-a631-7e7dd9fb778c,2026-27,6,15.78,17.92,16.44,36.08,86.22,A,f
8382f490-dc3a-2249-aed4-a4227515d6f1,bd9a9373-eb55-4e9d-9c95-016a0b2be880,539f9c66-84f9-5b19-943a-cb15d62bbc33,2026-27,6,16.58,16.12,17.84,35.48,86.02,A,f
684a9db6-9dbb-b999-4991-f9894784dc42,1f5620e1-bac2-4190-89cc-1945a52c4948,c697ab81-ffed-5fa6-9b51-be0954571d20,2026-27,1,18.98,15.43,16.45,35.45,86.31,A,f
7a48fe1d-5956-febf-ce05-4726c0b0bd36,1f5620e1-bac2-4190-89cc-1945a52c4948,cc6bfe47-d156-5f3c-a0a6-64be53ff1202,2026-27,1,15.98,15.23,17.55,35.55,84.31,A,f
c3415632-7e43-042c-914f-be71f108cd45,1f5620e1-bac2-4190-89cc-1945a52c4948,945cbb28-3a50-5ed1-8e70-c416ee3f92f0,2026-27,1,16.08,18.93,17.05,31.85,83.91,A,f
70c90be7-27c8-827b-a092-2d2f9a351267,1f5620e1-bac2-4190-89cc-1945a52c4948,325f5f11-db40-5f00-816d-d66357e36c70,2026-27,1,17.78,16.83,17.55,35.65,87.81,A,f
6f8f8760-044b-1233-39bc-47a26e6379a8,1f5620e1-bac2-4190-89cc-1945a52c4948,817d9a6f-e405-58f8-991b-373c31bd4e25,2026-27,1,18.98,17.83,19.35,36.25,92.41,A+,f
e87b94dd-de9a-a55f-7d1a-19e81a3ed189,365a4687-3e1d-4d9b-879b-89931ae7ceda,c697ab81-ffed-5fa6-9b51-be0954571d20,2026-27,1,14.11,15.21,14.66,27.9,71.88,B+,f
5ae89279-3dcb-9e30-8736-0e73541dffe6,365a4687-3e1d-4d9b-879b-89931ae7ceda,cc6bfe47-d156-5f3c-a0a6-64be53ff1202,2026-27,1,15.21,16.71,15.16,27.6,74.68,B+,f
cf340921-74e7-03af-5fd0-ffa2821e67ec,365a4687-3e1d-4d9b-879b-89931ae7ceda,945cbb28-3a50-5ed1-8e70-c416ee3f92f0,2026-27,1,16.81,16.01,16.96,29.4,79.18,B+,f
a3351d5e-1d32-5074-eefa-934c3a745259,365a4687-3e1d-4d9b-879b-89931ae7ceda,325f5f11-db40-5f00-816d-d66357e36c70,2026-27,1,14.61,13.31,14.86,28.6,71.38,B+,f
55cff054-c6c1-b6ef-261f-d71b0683cdb6,365a4687-3e1d-4d9b-879b-89931ae7ceda,817d9a6f-e405-58f8-991b-373c31bd4e25,2026-27,1,14.71,16.51,14.36,31.8,77.38,B+,f
bf0b6b3a-ee9a-6d4d-1f84-3c3861e41605,75500e58-34d0-4a57-a948-5e06d86a38c1,29f10515-0a52-55f4-896b-fa882e11e38e,2026-27,6,18.65,17.61,18.95,36.31,91.52,A+,f
18c67cd6-9812-4b26-3d17-693145a62a1e,75500e58-34d0-4a57-a948-5e06d86a38c1,2bc3bd90-0760-5d47-9467-5a5992c412e5,2026-27,6,17.55,15.81,19.25,35.11,87.72,A,f
bd496a1a-382e-cd3f-82c9-1ea53db4b766,75500e58-34d0-4a57-a948-5e06d86a38c1,d9518e1b-06ba-5f43-b6b9-67d017eaae5d,2026-27,6,17.45,16.81,17.85,33.71,85.82,A,f
396224cb-1584-8ec7-b581-558f8fe49fd3,75500e58-34d0-4a57-a948-5e06d86a38c1,005078bd-c539-5c44-a631-7e7dd9fb778c,2026-27,6,19.15,16.51,17.95,37.61,91.22,A+,f
94cbfbfc-1519-9683-878d-c420f0460b4b,75500e58-34d0-4a57-a948-5e06d86a38c1,539f9c66-84f9-5b19-943a-cb15d62bbc33,2026-27,6,17.05,17.91,19.75,38.11,92.82,A+,f
8ee5389a-0e61-3854-45f6-914e89a30244,ebd8fd99-8fea-4d48-a553-40d2796af2a4,730c5632-33dc-5e69-a798-6135043a47aa,2026-27,4,17.49,19.97,19.84,37.0,94.3,A+,f
d00c0204-a026-6390-1dd0-1bcdb5cdbb96,ebd8fd99-8fea-4d48-a553-40d2796af2a4,21e87180-7538-5689-922d-8889674702ed,2026-27,4,20.0,17.17,18.94,39.7,95.81,A+,f
d0e4a23c-a882-11d8-5a01-975c98ec9207,ebd8fd99-8fea-4d48-a553-40d2796af2a4,a71f945b-22bf-5921-85a0-cb1acd7cb2e6,2026-27,4,18.99,16.67,18.04,37.4,91.1,A+,f
6073c9e6-a1c4-59e5-4a38-49998d42a912,ebd8fd99-8fea-4d48-a553-40d2796af2a4,859db046-894d-53cc-8cb4-3643d0c7f1fe,2026-27,4,17.39,16.87,18.54,34.5,87.3,A,f
1f4804ee-15d9-b563-1e4a-0592a5614f7d,ebd8fd99-8fea-4d48-a553-40d2796af2a4,40d412e8-fc3b-5972-8ff2-90b35de8a2d3,2026-27,4,19.49,18.47,18.84,40.0,96.8,A+,f
def9b292-7523-1172-c700-5010b677860c,7efefd76-9db9-47d8-993c-a364b768b43d,730c5632-33dc-5e69-a798-6135043a47aa,2026-27,4,16.76,17.09,16.58,33.41,83.84,A,f
99702e00-9551-846e-5915-be2aae46726a,7efefd76-9db9-47d8-993c-a364b768b43d,21e87180-7538-5689-922d-8889674702ed,2026-27,4,17.96,17.49,18.08,34.81,88.34,A,f
c0f0eca7-e153-b38d-3a93-0831e2acdd45,7efefd76-9db9-47d8-993c-a364b768b43d,a71f945b-22bf-5921-85a0-cb1acd7cb2e6,2026-27,4,15.16,15.69,15.78,30.81,77.44,B+,f
998a1964-b2c9-91bc-75ad-eef7b6bee8dd,7efefd76-9db9-47d8-993c-a364b768b43d,859db046-894d-53cc-8cb4-3643d0c7f1fe,2026-27,4,16.76,14.29,16.88,33.71,81.64,A,f
8ebaadf8-7fb0-08fb-ba13-6eacb960171d,7efefd76-9db9-47d8-993c-a364b768b43d,40d412e8-fc3b-5972-8ff2-90b35de8a2d3,2026-27,4,17.76,17.29,17.58,31.71,84.34,A,f
e8bb4f6a-311b-cd33-9b0a-e1a01f6899b3,90383e7d-7839-458c-8058-db94e51aa7a7,c697ab81-ffed-5fa6-9b51-be0954571d20,2026-27,1,18.74,17.59,17.2,31.42,84.95,A,f
63a85ce4-f59a-bb15-b1b2-42374d2cb6de,90383e7d-7839-458c-8058-db94e51aa7a7,cc6bfe47-d156-5f3c-a0a6-64be53ff1202,2026-27,1,17.54,18.89,16.6,34.92,87.95,A,f
901653c3-9b00-9367-9263-28f5e2a2b69c,90383e7d-7839-458c-8058-db94e51aa7a7,945cbb28-3a50-5ed1-8e70-c416ee3f92f0,2026-27,1,17.94,15.09,17.4,34.42,84.85,A,f
8f31be75-0852-4b0b-25b9-a9efddd8eaa6,90383e7d-7839-458c-8058-db94e51aa7a7,325f5f11-db40-5f00-816d-d66357e36c70,2026-27,1,16.04,18.09,19.0,32.02,85.15,A,f
46521c10-954e-3f8a-f117-f6fff1d9f19a,90383e7d-7839-458c-8058-db94e51aa7a7,817d9a6f-e405-58f8-991b-373c31bd4e25,2026-27,1,17.84,16.59,18.4,34.42,87.25,A,f
86e1bb0e-2e99-49df-d37e-99e02d919253,5d73d650-ba2e-4f23-811d-9030da56caeb,730c5632-33dc-5e69-a798-6135043a47aa,2026-27,4,18.52,18.62,18.51,36.3,91.95,A+,f
a8f2b26c-c9f6-600e-0eb1-f497faa93d51,5d73d650-ba2e-4f23-811d-9030da56caeb,21e87180-7538-5689-922d-8889674702ed,2026-27,4,20.0,18.02,20.0,37.5,95.52,A+,f
6754282e-955f-94d6-cb6b-b4795708d479,5d73d650-ba2e-4f23-811d-9030da56caeb,a71f945b-22bf-5921-85a0-cb1acd7cb2e6,2026-27,4,20.0,18.82,18.41,38.8,96.03,A+,f
be51c363-bc86-1bdb-cf2f-e2a698a6c6de,5d73d650-ba2e-4f23-811d-9030da56caeb,859db046-894d-53cc-8cb4-3643d0c7f1fe,2026-27,4,18.02,17.42,20.0,36.1,91.54,A+,f
fa6b607d-a14d-6d4c-0133-5adc07bdf54e,5d73d650-ba2e-4f23-811d-9030da56caeb,40d412e8-fc3b-5972-8ff2-90b35de8a2d3,2026-27,4,19.12,17.72,20.0,39.1,95.94,A+,f
280cc265-7b14-2877-c431-96535ff956bd,d6010385-51c4-4a9e-a1d4-8cbcbb4dcdc2,730c5632-33dc-5e69-a798-6135043a47aa,2026-27,4,17.09,18.56,19.91,35.25,90.81,A+,f
54aad69c-98ba-d3d4-ca56-9c40b64e64b3,d6010385-51c4-4a9e-a1d4-8cbcbb4dcdc2,21e87180-7538-5689-922d-8889674702ed,2026-27,4,17.39,16.06,19.11,33.55,86.11,A,f
f37bea9f-28d5-02a5-d58e-2ffdef47af4d,d6010385-51c4-4a9e-a1d4-8cbcbb4dcdc2,a71f945b-22bf-5921-85a0-cb1acd7cb2e6,2026-27,4,19.49,18.36,17.11,36.45,91.41,A+,f
3d93179b-5187-cc6d-df87-92fc6d97a4c5,d6010385-51c4-4a9e-a1d4-8cbcbb4dcdc2,859db046-894d-53cc-8cb4-3643d0c7f1fe,2026-27,4,18.29,17.66,19.21,38.15,93.31,A+,f
d6fda1c3-649a-9a86-2a1e-9f317ebb96da,d6010385-51c4-4a9e-a1d4-8cbcbb4dcdc2,40d412e8-fc3b-5972-8ff2-90b35de8a2d3,2026-27,4,17.69,18.66,18.21,33.25,87.81,A,f
94e7c8be-13a2-6bc8-9830-bc00db9804a7,42b5019d-ede1-43f8-ab39-8768fa454a81,c697ab81-ffed-5fa6-9b51-be0954571d20,2026-27,1,18.46,19.54,19.51,34.21,91.72,A+,f
238a3bcc-865a-c911-47c3-bf8a182ac192,42b5019d-ede1-43f8-ab39-8768fa454a81,cc6bfe47-d156-5f3c-a0a6-64be53ff1202,2026-27,1,18.06,18.44,18.01,36.01,90.52,A+,f
fe5950d8-82e7-b8d7-cb48-5f14e0bd7e1e,42b5019d-ede1-43f8-ab39-8768fa454a81,945cbb28-3a50-5ed1-8e70-c416ee3f92f0,2026-27,1,19.76,18.84,18.31,37.91,94.82,A+,f
45138486-a9e2-b150-e6bc-f82066842ed3,42b5019d-ede1-43f8-ab39-8768fa454a81,325f5f11-db40-5f00-816d-d66357e36c70,2026-27,1,18.56,17.54,19.21,34.31,89.62,A,f
17b7e665-905a-2d49-afac-31eafad1f3b7,42b5019d-ede1-43f8-ab39-8768fa454a81,817d9a6f-e405-58f8-991b-373c31bd4e25,2026-27,1,19.36,17.74,20.0,35.91,93.01,A+,f
7ac04b25-7ef2-654d-93c6-ad996021ddc3,741b6fb2-4fdb-4515-a545-ac9e79d07794,c697ab81-ffed-5fa6-9b51-be0954571d20,2026-27,1,15.77,16.09,15.38,29.18,76.42,B+,f
dd312899-a45f-e1ad-dde1-72ec90cef96e,741b6fb2-4fdb-4515-a545-ac9e79d07794,cc6bfe47-d156-5f3c-a0a6-64be53ff1202,2026-27,1,15.07,15.29,16.28,32.28,78.92,B+,f
148e703b-f30d-550b-3beb-144b3f7c5715,741b6fb2-4fdb-4515-a545-ac9e79d07794,945cbb28-3a50-5ed1-8e70-c416ee3f92f0,2026-27,1,15.27,15.39,16.28,29.48,76.42,B+,f
5cf5a37d-66ac-4038-a0e1-7696864f3807,741b6fb2-4fdb-4515-a545-ac9e79d07794,325f5f11-db40-5f00-816d-d66357e36c70,2026-27,1,16.57,15.49,17.38,34.68,84.12,A,f
293c6c9a-a25a-a10f-9130-1f9d4e603eea,741b6fb2-4fdb-4515-a545-ac9e79d07794,817d9a6f-e405-58f8-991b-373c31bd4e25,2026-27,1,16.27,15.29,16.58,33.48,81.62,A,f
0ca6c9ae-8125-2dec-2812-78ca53b24777,abde5451-01e8-46a3-83ab-265114261db1,f8b6ad01-594d-5e52-b325-ed9eb13211e1,2026-27,2,19.3,19.06,18.0,36.62,92.98,A+,f
1507699f-fe16-7941-8e4a-c59454b9edc5,abde5451-01e8-46a3-83ab-265114261db1,f27d152a-f613-51a3-aea8-0506e5d24c3a,2026-27,2,19.2,15.66,19.2,34.02,88.08,A,f
73501f1b-fee4-60a5-1897-cc6b04a72a7a,abde5451-01e8-46a3-83ab-265114261db1,5297007a-130e-5341-af7a-4e9027c2dadf,2026-27,2,19.3,16.46,19.6,33.92,89.28,A,f
b326b72d-ea69-8e78-6ef4-b1904d37998d,abde5451-01e8-46a3-83ab-265114261db1,c8e42f25-4acd-5f8b-8bce-f0cab27cc71f,2026-27,2,19.1,18.26,19.1,36.52,92.98,A+,f
4d41b3e0-3e2e-bb7b-9019-f540f4d15627,abde5451-01e8-46a3-83ab-265114261db1,5ceb5573-0231-5d70-848b-193fcfdb644c,2026-27,2,18.8,17.66,19.5,33.22,89.18,A,f
e93bf46d-ddd7-dc18-e3fd-be0c70e892d3,f2a95b3d-ac82-43f8-bfb8-5e676d9dadb4,f8b6ad01-594d-5e52-b325-ed9eb13211e1,2026-27,2,16.98,15.84,18.79,35.9,87.51,A,f
49525d62-5477-145b-1e72-39eb9f8a6671,f2a95b3d-ac82-43f8-bfb8-5e676d9dadb4,f27d152a-f613-51a3-aea8-0506e5d24c3a,2026-27,2,18.48,19.64,17.19,37.2,92.51,A+,f
2b5c9cb8-a383-4182-eba0-e9f8941893e5,f2a95b3d-ac82-43f8-bfb8-5e676d9dadb4,5297007a-130e-5341-af7a-4e9027c2dadf,2026-27,2,18.98,19.24,17.89,34.5,90.61,A+,f
eec2200a-6f54-e045-760f-c2ea9a3afaf9,f2a95b3d-ac82-43f8-bfb8-5e676d9dadb4,c8e42f25-4acd-5f8b-8bce-f0cab27cc71f,2026-27,2,19.48,17.44,19.09,38.0,94.01,A+,f
2ea4bdfa-9611-203c-f97f-c914250d4663,f2a95b3d-ac82-43f8-bfb8-5e676d9dadb4,5ceb5573-0231-5d70-848b-193fcfdb644c,2026-27,2,18.78,16.14,17.79,37.2,89.91,A,f
f54e56d1-2a64-76bd-635c-ae09df0e715d,52dfa3aa-20c2-418e-adc3-dd23a70087c8,c697ab81-ffed-5fa6-9b51-be0954571d20,2026-27,1,19.09,17.85,17.19,35.88,90.01,A+,f
c15d1928-3dd1-def1-0081-7dafb33eabef,52dfa3aa-20c2-418e-adc3-dd23a70087c8,cc6bfe47-d156-5f3c-a0a6-64be53ff1202,2026-27,1,16.49,18.25,17.79,36.08,88.61,A,f
da8d62fb-fa92-8ba3-d14a-c82b4a143732,52dfa3aa-20c2-418e-adc3-dd23a70087c8,945cbb28-3a50-5ed1-8e70-c416ee3f92f0,2026-27,1,17.29,16.35,18.09,33.78,85.51,A,f
89a6e2e2-4d70-5a74-0052-f5408ffc247a,52dfa3aa-20c2-418e-adc3-dd23a70087c8,325f5f11-db40-5f00-816d-d66357e36c70,2026-27,1,19.19,16.55,18.39,35.88,90.01,A+,f
2a1efe2b-f9be-4a6d-8006-1cebda19bbb9,52dfa3aa-20c2-418e-adc3-dd23a70087c8,817d9a6f-e405-58f8-991b-373c31bd4e25,2026-27,1,17.99,17.45,19.19,33.38,88.01,A,f
4b893f3f-55b6-a504-2dad-cb34ff9c6dbc,92f4fbc8-50ff-4ce0-8ccc-49b152ba9ce7,c697ab81-ffed-5fa6-9b51-be0954571d20,2026-27,1,18.46,16.9,17.71,34.69,87.76,A,f
a77ed418-c0f5-afc3-7153-bd78b7c3fa60,92f4fbc8-50ff-4ce0-8ccc-49b152ba9ce7,cc6bfe47-d156-5f3c-a0a6-64be53ff1202,2026-27,1,15.86,15.7,16.81,34.29,82.66,A,f
f55f140e-1885-f5f2-902e-e8022a689c91,92f4fbc8-50ff-4ce0-8ccc-49b152ba9ce7,945cbb28-3a50-5ed1-8e70-c416ee3f92f0,2026-27,1,18.46,16.1,18.31,31.29,84.16,A,f
3bf154c2-069a-1e15-d4f4-4a4aad6ad59a,92f4fbc8-50ff-4ce0-8ccc-49b152ba9ce7,325f5f11-db40-5f00-816d-d66357e36c70,2026-27,1,18.06,16.3,18.21,30.79,83.36,A,f
e7ffe57c-c63c-9466-5901-626c9701b425,92f4fbc8-50ff-4ce0-8ccc-49b152ba9ce7,817d9a6f-e405-58f8-991b-373c31bd4e25,2026-27,1,15.56,17.2,17.11,33.19,83.06,A,f
3b173c3a-3016-df26-69e8-20e82577d85d,e800936c-b35a-4ac2-ab49-184cc4c1a6c9,29f10515-0a52-55f4-896b-fa882e11e38e,2026-27,6,19.59,17.98,20.0,38.63,96.2,A+,f
869c6486-b5b0-4dc3-effe-2a75ad59f330,e800936c-b35a-4ac2-ab49-184cc4c1a6c9,2bc3bd90-0760-5d47-9467-5a5992c412e5,2026-27,6,19.69,19.48,20.0,38.33,97.5,A+,f
4a8c8437-41eb-c117-9695-118dfc43e818,e800936c-b35a-4ac2-ab49-184cc4c1a6c9,d9518e1b-06ba-5f43-b6b9-67d017eaae5d,2026-27,6,19.49,20.0,18.75,37.23,95.47,A+,f
3846daa5-743e-8ab0-691e-7ac3fd574442,e800936c-b35a-4ac2-ab49-184cc4c1a6c9,005078bd-c539-5c44-a631-7e7dd9fb778c,2026-27,6,18.99,19.88,19.05,40.0,97.92,A+,f
50429724-d757-40d9-2ceb-8f859403cf9d,e800936c-b35a-4ac2-ab49-184cc4c1a6c9,539f9c66-84f9-5b19-943a-cb15d62bbc33,2026-27,6,20.0,18.68,20.0,38.93,97.61,A+,f
cc25f14d-ff61-71f8-7e2c-a5c4f3c814a5,edc01d5e-1387-4af9-bfd8-f6ecadee47d8,c697ab81-ffed-5fa6-9b51-be0954571d20,2026-27,1,15.77,15.7,16.79,33.03,81.29,A,f
16d457bb-cb73-f757-c3b5-c4a127e14f57,edc01d5e-1387-4af9-bfd8-f6ecadee47d8,cc6bfe47-d156-5f3c-a0a6-64be53ff1202,2026-27,1,15.37,16.6,18.19,30.63,80.79,A,f
2f8eb930-414e-37d9-81c1-a8c304af0ba4,edc01d5e-1387-4af9-bfd8-f6ecadee47d8,945cbb28-3a50-5ed1-8e70-c416ee3f92f0,2026-27,1,17.47,17.8,17.09,33.93,86.29,A,f
3ffbc5fa-d745-4aff-844b-993f46e13fd4,edc01d5e-1387-4af9-bfd8-f6ecadee47d8,325f5f11-db40-5f00-816d-d66357e36c70,2026-27,1,17.87,15.9,16.49,31.13,81.39,A,f
93a58d46-178c-995e-ddfe-c6f79f4073f2,edc01d5e-1387-4af9-bfd8-f6ecadee47d8,817d9a6f-e405-58f8-991b-373c31bd4e25,2026-27,1,15.47,17.0,15.59,32.03,80.09,A,f
08b8b696-6602-cb01-b4fb-dd5ea08517c3,1b52325d-f9a2-4cab-bb5f-6e02021d7949,c697ab81-ffed-5fa6-9b51-be0954571d20,2026-27,1,17.32,18.78,18.13,37.59,91.82,A+,f
d4b01d7d-736c-2018-767c-bcf6fa3fa358,1b52325d-f9a2-4cab-bb5f-6e02021d7949,cc6bfe47-d156-5f3c-a0a6-64be53ff1202,2026-27,1,18.12,19.38,19.53,34.99,92.02,A+,f
59f7c4a8-73b2-b9f3-e4e3-3fd72df05bcb,1b52325d-f9a2-4cab-bb5f-6e02021d7949,945cbb28-3a50-5ed1-8e70-c416ee3f92f0,2026-27,1,19.12,19.18,19.43,34.59,92.32,A+,f
7541342a-c2aa-d2fc-872c-cb7bf4865773,1b52325d-f9a2-4cab-bb5f-6e02021d7949,325f5f11-db40-5f00-816d-d66357e36c70,2026-27,1,18.82,19.58,17.33,35.79,91.52,A+,f
c3d78644-ea90-a42f-251e-506e6abffd77,1b52325d-f9a2-4cab-bb5f-6e02021d7949,817d9a6f-e405-58f8-991b-373c31bd4e25,2026-27,1,18.72,15.98,17.43,37.29,89.42,A,f
6416f96d-0c91-805f-0912-33660ae967c3,07e7ded9-5cbb-4a52-b079-a716069ac87d,730c5632-33dc-5e69-a798-6135043a47aa,2026-27,4,17.74,16.5,18.33,37.64,90.21,A+,f
40f90264-48c8-5533-c96d-41402d44aa01,07e7ded9-5cbb-4a52-b079-a716069ac87d,21e87180-7538-5689-922d-8889674702ed,2026-27,4,17.74,18.9,17.83,33.64,88.11,A,f
961552e2-c263-a4c1-4f7a-5952afdd4501,07e7ded9-5cbb-4a52-b079-a716069ac87d,a71f945b-22bf-5921-85a0-cb1acd7cb2e6,2026-27,4,16.34,16.5,18.43,36.94,88.21,A,f
fcd1d6c3-5625-6124-d0e8-49a5210d116b,07e7ded9-5cbb-4a52-b079-a716069ac87d,859db046-894d-53cc-8cb4-3643d0c7f1fe,2026-27,4,18.04,17.5,19.23,35.44,90.21,A+,f
ed8a05f6-130c-e984-d0f2-d21dd99a3c9c,07e7ded9-5cbb-4a52-b079-a716069ac87d,40d412e8-fc3b-5972-8ff2-90b35de8a2d3,2026-27,4,19.04,19.1,17.03,36.24,91.41,A+,f
f8267914-111c-af38-eab3-ed5cb4c77d03,49857ed5-6a7b-494c-842c-3a680967b69a,730c5632-33dc-5e69-a798-6135043a47aa,2026-27,4,16.8,16.76,19.3,34.48,87.34,A,f
4b139a99-0ecc-cff5-3ca8-1c0f49837cb9,49857ed5-6a7b-494c-842c-3a680967b69a,21e87180-7538-5689-922d-8889674702ed,2026-27,4,18.3,15.86,17.9,34.88,86.94,A,f
c3d24c04-8d1f-3437-1c62-d381b6f6af73,49857ed5-6a7b-494c-842c-3a680967b69a,a71f945b-22bf-5921-85a0-cb1acd7cb2e6,2026-27,4,18.2,16.66,17.4,36.58,88.84,A,f
136ed3c7-ddfc-e1bc-431c-873ad4e5bf00,49857ed5-6a7b-494c-842c-3a680967b69a,859db046-894d-53cc-8cb4-3643d0c7f1fe,2026-27,4,18.3,15.56,18.6,37.58,90.04,A+,f
d451a5f5-4fe2-e16f-7dda-3d082640d613,49857ed5-6a7b-494c-842c-3a680967b69a,40d412e8-fc3b-5972-8ff2-90b35de8a2d3,2026-27,4,17.6,16.76,17.9,35.38,87.64,A,f
29c9f293-5004-967f-58ed-09e4f87001d2,e53f543e-152f-4b55-adb6-cb5a85d4e3d8,c697ab81-ffed-5fa6-9b51-be0954571d20,2026-27,1,19.54,17.32,18.59,38.79,94.24,A+,f
af18c0f4-a9e6-0e1f-6e27-0b830e7a6630,e53f543e-152f-4b55-adb6-cb5a85d4e3d8,cc6bfe47-d156-5f3c-a0a6-64be53ff1202,2026-27,1,18.74,20.0,17.69,35.29,91.72,A+,f
5b959476-4154-5740-e962-324e68be4fb2,e53f543e-152f-4b55-adb6-cb5a85d4e3d8,945cbb28-3a50-5ed1-8e70-c416ee3f92f0,2026-27,1,19.84,19.92,19.19,38.79,97.74,A+,f
424504ec-0938-0cf2-f83d-63406505eabb,e53f543e-152f-4b55-adb6-cb5a85d4e3d8,325f5f11-db40-5f00-816d-d66357e36c70,2026-27,1,17.44,19.62,19.99,39.59,96.64,A+,f
999e9555-29a9-fde5-ce36-a54d33e1facd,e53f543e-152f-4b55-adb6-cb5a85d4e3d8,817d9a6f-e405-58f8-991b-373c31bd4e25,2026-27,1,19.44,19.62,18.29,34.69,92.04,A+,f
6d176e03-834a-07fc-6f57-f40054c68475,c91ca2dc-0c8c-4c55-90f7-c2f9e16c093f,c697ab81-ffed-5fa6-9b51-be0954571d20,2026-27,1,18.7,17.06,19.0,38.3,93.06,A+,f
12165768-3127-bc84-cd1b-2049ac902da8,c91ca2dc-0c8c-4c55-90f7-c2f9e16c093f,cc6bfe47-d156-5f3c-a0a6-64be53ff1202,2026-27,1,19.3,19.36,17.7,35.6,91.96,A+,f
4228d27f-be27-f522-386a-10c1d7601465,c91ca2dc-0c8c-4c55-90f7-c2f9e16c093f,945cbb28-3a50-5ed1-8e70-c416ee3f92f0,2026-27,1,17.2,17.16,18.8,33.6,86.76,A,f
73e67a5c-e070-e82b-d841-4218a380d665,c91ca2dc-0c8c-4c55-90f7-c2f9e16c093f,325f5f11-db40-5f00-816d-d66357e36c70,2026-27,1,18.4,16.76,19.0,34.6,88.76,A,f
861574fa-b9a9-ded9-c716-0cd323f26daf,c91ca2dc-0c8c-4c55-90f7-c2f9e16c093f,817d9a6f-e405-58f8-991b-373c31bd4e25,2026-27,1,16.8,17.16,17.4,36.8,88.16,A,f
64b67a54-e71d-4268-26cd-83cdfcc2c659,7e8354cd-c153-4e88-a9f8-db0ac6be958b,730c5632-33dc-5e69-a798-6135043a47aa,2026-27,4,17.66,17.94,19.81,35.41,90.82,A+,f
69096c86-7610-6ddc-5655-1f5aaebc6680,7e8354cd-c153-4e88-a9f8-db0ac6be958b,21e87180-7538-5689-922d-8889674702ed,2026-27,4,18.66,20.0,19.41,36.21,94.28,A+,f
b5898307-1a4a-3192-4d72-6ec75b1c6fa2,7e8354cd-c153-4e88-a9f8-db0ac6be958b,a71f945b-22bf-5921-85a0-cb1acd7cb2e6,2026-27,4,19.66,19.74,19.51,36.41,95.32,A+,f
f08866cb-0bb4-6bfc-171a-da7b2d52c972,7e8354cd-c153-4e88-a9f8-db0ac6be958b,859db046-894d-53cc-8cb4-3643d0c7f1fe,2026-27,4,18.06,18.44,17.71,40.0,94.21,A+,f
828de346-b5c7-09f7-d3f6-a22713d769eb,7e8354cd-c153-4e88-a9f8-db0ac6be958b,40d412e8-fc3b-5972-8ff2-90b35de8a2d3,2026-27,4,17.46,20.0,20.0,38.81,96.27,A+,f
5d3d7310-4ef0-6c66-8129-1c32a8438ec2,25a7956e-3c76-43af-ad92-c6a174d6b5d1,c697ab81-ffed-5fa6-9b51-be0954571d20,2026-27,1,17.67,18.91,18.83,32.98,88.39,A,f
dd079603-c545-f2a2-ec11-f88d96688662,25a7956e-3c76-43af-ad92-c6a174d6b5d1,cc6bfe47-d156-5f3c-a0a6-64be53ff1202,2026-27,1,17.17,16.51,16.33,32.78,82.79,A,f
3a993469-71bc-3639-620b-6935bb441ce4,25a7956e-3c76-43af-ad92-c6a174d6b5d1,945cbb28-3a50-5ed1-8e70-c416ee3f92f0,2026-27,1,17.57,15.41,17.33,31.68,81.99,A,f
ab26c9ec-56c0-61ed-6760-9058260e7ac0,25a7956e-3c76-43af-ad92-c6a174d6b5d1,325f5f11-db40-5f00-816d-d66357e36c70,2026-27,1,16.17,16.61,18.33,33.38,84.49,A,f
cb9878bf-e80f-8bc5-6647-ecfc531138ef,25a7956e-3c76-43af-ad92-c6a174d6b5d1,817d9a6f-e405-58f8-991b-373c31bd4e25,2026-27,1,16.27,18.81,18.23,35.38,88.69,A,f
7220e04d-5d1a-9448-98e5-8a3da4561f59,d51d66aa-0e64-4f01-a691-f1b7169d1be6,c697ab81-ffed-5fa6-9b51-be0954571d20,2026-27,1,15.3,17.02,17.2,34.1,83.62,A,f
d1dafeff-ab41-6c3b-ae75-ade4ff0902b0,d51d66aa-0e64-4f01-a691-f1b7169d1be6,cc6bfe47-d156-5f3c-a0a6-64be53ff1202,2026-27,1,17.4,16.32,16.2,29.8,79.72,B+,f
59d5844e-dc88-f2b7-0330-9f9f116b67e1,d51d66aa-0e64-4f01-a691-f1b7169d1be6,945cbb28-3a50-5ed1-8e70-c416ee3f92f0,2026-27,1,17.4,15.12,16.9,30.5,79.92,B+,f
ad3efe75-eca4-d72a-8247-7f970b571ec8,d51d66aa-0e64-4f01-a691-f1b7169d1be6,325f5f11-db40-5f00-816d-d66357e36c70,2026-27,1,17.5,14.72,17.3,31.1,80.62,A,f
ae49a5a0-060a-d9fc-c6af-9f6581630ed0,d51d66aa-0e64-4f01-a691-f1b7169d1be6,817d9a6f-e405-58f8-991b-373c31bd4e25,2026-27,1,15.5,13.92,17.1,33.9,80.42,A,f
fb9c6326-abaf-7453-8a6a-1c769d547827,200c3d16-5001-45c6-9322-896b16a1dba6,29f10515-0a52-55f4-896b-fa882e11e38e,2026-27,6,19.26,15.73,17.87,33.54,86.4,A,f
2990f59e-bf97-3055-d11f-a96ca8e14349,200c3d16-5001-45c6-9322-896b16a1dba6,2bc3bd90-0760-5d47-9467-5a5992c412e5,2026-27,6,18.56,17.43,17.27,32.84,86.1,A,f
f3604032-2115-7341-a98c-afaed4a4f352,200c3d16-5001-45c6-9322-896b16a1dba6,d9518e1b-06ba-5f43-b6b9-67d017eaae5d,2026-27,6,16.46,17.73,18.37,36.94,89.5,A,f
51bcaa11-e9a8-d084-17c4-bd43d646320c,200c3d16-5001-45c6-9322-896b16a1dba6,005078bd-c539-5c44-a631-7e7dd9fb778c,2026-27,6,16.56,15.73,17.07,32.84,82.2,A,f
3e39afa8-0779-9817-6240-15b1d4ff8aa9,200c3d16-5001-45c6-9322-896b16a1dba6,539f9c66-84f9-5b19-943a-cb15d62bbc33,2026-27,6,19.06,16.13,18.57,33.84,87.6,A,f
fbfa6de2-32be-9e80-e34d-7345a8170109,59610b92-d90e-45f3-82af-36a2029b5490,730c5632-33dc-5e69-a798-6135043a47aa,2026-27,4,18.15,17.02,17.56,33.04,85.77,A,f
4f16df64-3488-7e6f-4879-9c7f47b72a75,59610b92-d90e-45f3-82af-36a2029b5490,21e87180-7538-5689-922d-8889674702ed,2026-27,4,19.05,17.12,18.06,35.14,89.37,A,f
32747cda-d233-f057-5fd7-bbd3c6ca4f91,59610b92-d90e-45f3-82af-36a2029b5490,a71f945b-22bf-5921-85a0-cb1acd7cb2e6,2026-27,4,16.55,18.72,19.56,38.44,93.27,A+,f
99e596be-1cef-cec8-4d92-9d4c7e70dedf,59610b92-d90e-45f3-82af-36a2029b5490,859db046-894d-53cc-8cb4-3643d0c7f1fe,2026-27,4,17.45,16.82,19.46,33.84,87.57,A,f
ddab58a8-abc6-d00c-21c1-ba07dcfa9908,59610b92-d90e-45f3-82af-36a2029b5490,40d412e8-fc3b-5972-8ff2-90b35de8a2d3,2026-27,4,19.15,19.72,19.26,36.84,94.97,A+,f
57c2fe2a-ddb0-d579-cca5-7e0f10f3dc35,88aa53a5-221f-42b9-89e9-1e957069cf92,29f10515-0a52-55f4-896b-fa882e11e38e,2026-27,6,16.12,17.57,16.59,33.92,84.2,A,f
63a82619-6806-325d-a344-5bbfabcf7e0d,88aa53a5-221f-42b9-89e9-1e957069cf92,2bc3bd90-0760-5d47-9467-5a5992c412e5,2026-27,6,15.92,17.27,17.89,33.82,84.9,A,f
d2939ebd-934a-fc69-f1f9-74d3d4f50cd4,88aa53a5-221f-42b9-89e9-1e957069cf92,d9518e1b-06ba-5f43-b6b9-67d017eaae5d,2026-27,6,18.32,17.47,16.29,35.82,87.9,A,f
f98752ee-f8f4-cbf7-a133-7505b6296d43,88aa53a5-221f-42b9-89e9-1e957069cf92,005078bd-c539-5c44-a631-7e7dd9fb778c,2026-27,6,17.02,18.57,18.69,32.62,86.9,A,f
a70c20da-a38c-c2ec-8a58-16ce9871ee3c,88aa53a5-221f-42b9-89e9-1e957069cf92,539f9c66-84f9-5b19-943a-cb15d62bbc33,2026-27,6,18.12,16.67,16.49,32.12,83.4,A,f
3b8a2067-3ce7-8689-338b-495ee4fbad8a,0024cc2b-b9b9-465e-8a70-6fb0348afcb1,730c5632-33dc-5e69-a798-6135043a47aa,2026-27,4,17.88,16.72,17.32,32.41,84.33,A,f
1f446cb3-1d5d-caf6-692e-82078c34a020,0024cc2b-b9b9-465e-8a70-6fb0348afcb1,21e87180-7538-5689-922d-8889674702ed,2026-27,4,15.48,16.22,16.92,30.41,79.03,B+,f
062dea96-9cec-fbac-3a44-5a5eaac4386d,0024cc2b-b9b9-465e-8a70-6fb0348afcb1,a71f945b-22bf-5921-85a0-cb1acd7cb2e6,2026-27,4,16.08,14.92,18.72,33.11,82.83,A,f
07d96b59-3363-fc1e-a31c-0fdf5057f94a,0024cc2b-b9b9-465e-8a70-6fb0348afcb1,859db046-894d-53cc-8cb4-3643d0c7f1fe,2026-27,4,17.88,18.42,16.32,34.71,87.33,A,f
80d16516-e606-a9b3-3f2a-a809a33aa527,0024cc2b-b9b9-465e-8a70-6fb0348afcb1,40d412e8-fc3b-5972-8ff2-90b35de8a2d3,2026-27,4,18.08,14.62,16.42,30.61,79.73,B+,f
7d7bd424-3763-7464-ddd2-ec74c66389d6,74fdba63-6dda-41bf-b3f5-b2c9a511ef58,730c5632-33dc-5e69-a798-6135043a47aa,2026-27,4,15.97,15.2,16.8,35.36,83.33,A,f
394a858c-8e0d-e9c0-21b6-1a9d02cf6166,74fdba63-6dda-41bf-b3f5-b2c9a511ef58,21e87180-7538-5689-922d-8889674702ed,2026-27,4,17.37,17.0,17.2,32.36,83.93,A,f
f492b11e-b445-154b-5a00-5aeb287182f4,74fdba63-6dda-41bf-b3f5-b2c9a511ef58,a71f945b-22bf-5921-85a0-cb1acd7cb2e6,2026-27,4,16.07,17.3,18.6,34.26,86.23,A,f
d5e914ff-6968-2cb7-c6c3-ba5e3e1e7d22,74fdba63-6dda-41bf-b3f5-b2c9a511ef58,859db046-894d-53cc-8cb4-3643d0c7f1fe,2026-27,4,15.37,15.3,17.4,33.36,81.43,A,f
b5f35b68-7d6e-77cc-61db-0c25eb448e67,74fdba63-6dda-41bf-b3f5-b2c9a511ef58,40d412e8-fc3b-5972-8ff2-90b35de8a2d3,2026-27,4,17.37,15.5,17.2,31.56,81.63,A,f
33eeaae2-219e-f8af-dd78-7dae54d3e2bb,2a1809dd-5e85-4323-9190-d203f33fb2a8,29f10515-0a52-55f4-896b-fa882e11e38e,2026-27,6,17.88,20.0,20.0,36.38,94.26,A+,f
f82d01ae-ad7f-6e5d-f975-0175af3de1c7,2a1809dd-5e85-4323-9190-d203f33fb2a8,2bc3bd90-0760-5d47-9467-5a5992c412e5,2026-27,6,17.78,17.36,18.94,37.08,91.16,A+,f
1cc39b19-93c3-fdee-dd2d-1279681345d5,2a1809dd-5e85-4323-9190-d203f33fb2a8,d9518e1b-06ba-5f43-b6b9-67d017eaae5d,2026-27,6,17.78,18.86,18.74,37.08,92.46,A+,f
69d52242-0cac-ee12-7002-40b124750ab0,2a1809dd-5e85-4323-9190-d203f33fb2a8,005078bd-c539-5c44-a631-7e7dd9fb778c,2026-27,6,17.48,17.06,18.34,40.0,92.88,A+,f
2f286777-210e-ab65-c869-3ec17f22b3ac,2a1809dd-5e85-4323-9190-d203f33fb2a8,539f9c66-84f9-5b19-943a-cb15d62bbc33,2026-27,6,17.48,16.46,19.64,35.68,89.26,A,f
4146128c-bd98-a805-83b9-179999e234c1,aeffd5c5-5f29-4091-be8a-ea2bb00b354d,730c5632-33dc-5e69-a798-6135043a47aa,2026-27,4,17.73,18.27,18.17,30.62,84.79,A,f
984e3f9d-86ac-6865-b304-6c01b4da5a53,aeffd5c5-5f29-4091-be8a-ea2bb00b354d,21e87180-7538-5689-922d-8889674702ed,2026-27,4,16.33,17.17,17.97,30.92,82.39,A,f
a57041d1-9437-3ed3-528f-1ee9ab3a96a4,aeffd5c5-5f29-4091-be8a-ea2bb00b354d,a71f945b-22bf-5921-85a0-cb1acd7cb2e6,2026-27,4,17.53,14.57,16.27,35.12,83.49,A,f
82a52ae6-491d-5c0f-7ce0-9c0ea5a05c0f,aeffd5c5-5f29-4091-be8a-ea2bb00b354d,859db046-894d-53cc-8cb4-3643d0c7f1fe,2026-27,4,17.63,17.17,17.07,31.32,83.19,A,f
c8c64ecd-cb98-362f-2c00-3d6720574487,aeffd5c5-5f29-4091-be8a-ea2bb00b354d,40d412e8-fc3b-5972-8ff2-90b35de8a2d3,2026-27,4,16.43,17.57,16.67,35.42,86.09,A,f
61939b79-6319-22a1-c52b-2286389a8049,d775fee5-06ef-48ea-afc4-817fbff83ccd,c697ab81-ffed-5fa6-9b51-be0954571d20,2026-27,1,17.18,17.26,17.62,38.35,90.41,A+,f
698f1fe0-7195-6d43-022d-85c280570f34,d775fee5-06ef-48ea-afc4-817fbff83ccd,cc6bfe47-d156-5f3c-a0a6-64be53ff1202,2026-27,1,19.28,18.06,19.42,35.35,92.11,A+,f
421411d6-774a-3358-6464-2f70efec0a8f,d775fee5-06ef-48ea-afc4-817fbff83ccd,945cbb28-3a50-5ed1-8e70-c416ee3f92f0,2026-27,1,18.98,16.86,20.0,36.55,92.39,A+,f
f1df1fdd-791e-6343-2c0c-8e93c0e2a699,d775fee5-06ef-48ea-afc4-817fbff83ccd,325f5f11-db40-5f00-816d-d66357e36c70,2026-27,1,18.68,16.76,19.82,37.85,93.11,A+,f
2ac345ba-f3e7-42ad-9ed5-6c887f972505,d775fee5-06ef-48ea-afc4-817fbff83ccd,817d9a6f-e405-58f8-991b-373c31bd4e25,2026-27,1,17.98,17.36,20.0,37.55,92.89,A+,f
f04979da-f889-d91c-bfd7-dd500c6fdf19,9fed4953-f4af-488f-adca-2e3051a756c9,29f10515-0a52-55f4-896b-fa882e11e38e,2026-27,6,17.52,18.97,16.7,32.45,85.64,A,f
c4cbb414-8bf4-0bb4-3f57-1bd7118d6850,9fed4953-f4af-488f-adca-2e3051a756c9,2bc3bd90-0760-5d47-9467-5a5992c412e5,2026-27,6,16.72,17.27,16.7,33.65,84.34,A,f
50a61b8a-13c5-937b-e405-e6daac3150f7,9fed4953-f4af-488f-adca-2e3051a756c9,d9518e1b-06ba-5f43-b6b9-67d017eaae5d,2026-27,6,16.32,16.47,16.6,35.85,85.24,A,f
cfd3cf13-2506-c32c-a358-fcc12166b50e,9fed4953-f4af-488f-adca-2e3051a756c9,005078bd-c539-5c44-a631-7e7dd9fb778c,2026-27,6,18.62,16.47,18.9,33.35,87.34,A,f
0ac85f44-f78e-e607-dce0-0423fc236ef8,9fed4953-f4af-488f-adca-2e3051a756c9,539f9c66-84f9-5b19-943a-cb15d62bbc33,2026-27,6,16.22,18.77,18.8,36.75,90.54,A+,f
da09d4e6-c9d4-9ddf-b3e5-521c2fb96d07,353c83ab-7797-44a2-b291-ac914d1ff87b,f8b6ad01-594d-5e52-b325-ed9eb13211e1,2026-27,2,17.27,16.99,17.76,32.91,84.93,A,f
703c629d-5620-3c41-f419-2823a37d2aa3,353c83ab-7797-44a2-b291-ac914d1ff87b,f27d152a-f613-51a3-aea8-0506e5d24c3a,2026-27,2,15.57,17.59,16.46,30.41,80.03,A,f
b6956687-e8ad-2156-e9c0-ca5c33ba46dd,353c83ab-7797-44a2-b291-ac914d1ff87b,5297007a-130e-5341-af7a-4e9027c2dadf,2026-27,2,15.47,16.59,15.76,30.71,78.53,B+,f
6267ed5c-f6a8-79f4-e397-ebe83b74ee50,353c83ab-7797-44a2-b291-ac914d1ff87b,c8e42f25-4acd-5f8b-8bce-f0cab27cc71f,2026-27,2,15.77,15.99,16.96,28.51,77.23,B+,f
6d0b9bc3-db8c-d4e1-781a-23b0ff0c76b7,353c83ab-7797-44a2-b291-ac914d1ff87b,5ceb5573-0231-5d70-848b-193fcfdb644c,2026-27,2,17.17,17.49,15.66,29.51,79.83,B+,f
3692d371-4c7c-4a61-53d5-b845051218ab,1f58eb28-4a34-4c9c-ab2d-ace1494d1099,c697ab81-ffed-5fa6-9b51-be0954571d20,2026-27,1,16.92,16.06,18.56,30.3,81.84,A,f
de5fcbbf-eed2-632d-b957-df3c8980f220,1f58eb28-4a34-4c9c-ab2d-ace1494d1099,cc6bfe47-d156-5f3c-a0a6-64be53ff1202,2026-27,1,18.12,16.36,16.16,32.9,83.54,A,f
8ae6a56c-ed14-9f60-dade-c6a145391369,1f58eb28-4a34-4c9c-ab2d-ace1494d1099,945cbb28-3a50-5ed1-8e70-c416ee3f92f0,2026-27,1,17.82,17.86,18.26,34.1,88.04,A,f
dcc9bc45-9306-df64-99b9-a8264ba5d9a1,1f58eb28-4a34-4c9c-ab2d-ace1494d1099,325f5f11-db40-5f00-816d-d66357e36c70,2026-27,1,18.42,15.36,17.56,34.9,86.24,A,f
1aa4271e-47fe-ef7c-8b72-82863ae15587,1f58eb28-4a34-4c9c-ab2d-ace1494d1099,817d9a6f-e405-58f8-991b-373c31bd4e25,2026-27,1,16.92,14.86,15.86,36.1,83.74,A,f
3ae2afca-acc4-12ca-f2fd-99af931fa3a4,1aa0c5e8-1f1d-4280-ac46-ae40989b5c9b,29f10515-0a52-55f4-896b-fa882e11e38e,2026-27,6,18.81,16.39,19.36,39.6,94.16,A+,f
f5fae81c-3211-9e29-f7dd-1ec3a2c59f87,1aa0c5e8-1f1d-4280-ac46-ae40989b5c9b,2bc3bd90-0760-5d47-9467-5a5992c412e5,2026-27,6,19.61,16.89,19.06,38.2,93.76,A+,f
7b68b86f-cbc3-c3c4-6f2c-5cfe27bf82be,1aa0c5e8-1f1d-4280-ac46-ae40989b5c9b,d9518e1b-06ba-5f43-b6b9-67d017eaae5d,2026-27,6,19.21,18.99,17.86,37.4,93.46,A+,f
912219b8-a5b7-e7e7-7b0c-7784ed7d1ec0,1aa0c5e8-1f1d-4280-ac46-ae40989b5c9b,005078bd-c539-5c44-a631-7e7dd9fb778c,2026-27,6,19.11,19.79,18.06,34.6,91.56,A+,f
9886e53b-1e9f-9277-9999-c06d7b3aec91,1aa0c5e8-1f1d-4280-ac46-ae40989b5c9b,539f9c66-84f9-5b19-943a-cb15d62bbc33,2026-27,6,18.31,19.59,18.06,39.4,95.36,A+,f
a64baca5-548a-eb99-88a2-822cba54b3cc,448f9d7f-19cf-47a9-8fae-a872a8a0815b,f8b6ad01-594d-5e52-b325-ed9eb13211e1,2026-27,2,17.76,18.2,18.52,33.96,88.44,A,f
08082c7e-e389-c59e-1f69-691abf115f31,448f9d7f-19cf-47a9-8fae-a872a8a0815b,f27d152a-f613-51a3-aea8-0506e5d24c3a,2026-27,2,16.46,15.6,17.22,33.46,82.74,A,f
d1aeba20-bd30-8f28-7d93-0d705d73de7d,448f9d7f-19cf-47a9-8fae-a872a8a0815b,5297007a-130e-5341-af7a-4e9027c2dadf,2026-27,2,18.56,17.8,16.12,34.26,86.74,A,f
a12a10ec-57ba-4cf4-0670-668436e034f7,448f9d7f-19cf-47a9-8fae-a872a8a0815b,c8e42f25-4acd-5f8b-8bce-f0cab27cc71f,2026-27,2,17.96,17.4,17.32,33.86,86.54,A,f
8ffdc84b-b9d0-2954-fb32-28310ddd7830,448f9d7f-19cf-47a9-8fae-a872a8a0815b,5ceb5573-0231-5d70-848b-193fcfdb644c,2026-27,2,16.56,18.0,17.12,35.26,86.94,A,f
c3bd2a35-dc7f-722b-aba8-cd9cb7f878c2,c40edde9-dda4-49d1-aceb-f34caeedcca0,29f10515-0a52-55f4-896b-fa882e11e38e,2026-27,6,17.55,16.22,18.46,34.44,86.67,A,f
66d3f109-ce40-d57f-f9e9-c40ee0175b70,c40edde9-dda4-49d1-aceb-f34caeedcca0,2bc3bd90-0760-5d47-9467-5a5992c412e5,2026-27,6,16.55,15.82,17.46,35.54,85.37,A,f
87fe9e93-76b6-0094-6a55-5098e76b8ebe,c40edde9-dda4-49d1-aceb-f34caeedcca0,d9518e1b-06ba-5f43-b6b9-67d017eaae5d,2026-27,6,16.55,16.32,17.06,36.14,86.07,A,f
b8f571c4-1790-1cef-2dcd-17cf23b574eb,c40edde9-dda4-49d1-aceb-f34caeedcca0,005078bd-c539-5c44-a631-7e7dd9fb778c,2026-27,6,17.15,16.22,18.36,35.34,87.07,A,f
d8b1371b-8918-bc04-b419-ba3ddedf832a,c40edde9-dda4-49d1-aceb-f34caeedcca0,539f9c66-84f9-5b19-943a-cb15d62bbc33,2026-27,6,17.05,15.72,17.56,36.54,86.87,A,f
623bd912-b26e-1ac1-dc2b-b11adce69e31,bf3bab5b-d911-45b1-accc-9068cc247a70,730c5632-33dc-5e69-a798-6135043a47aa,2026-27,4,15.68,16.7,16.87,29.95,79.2,B+,f
ceb1764e-0f4e-00ab-5942-1bdee74d0a5b,bf3bab5b-d911-45b1-accc-9068cc247a70,21e87180-7538-5689-922d-8889674702ed,2026-27,4,15.68,16.8,17.07,29.05,78.6,B+,f
374788dd-d49a-f349-8f13-21326dc19743,bf3bab5b-d911-45b1-accc-9068cc247a70,a71f945b-22bf-5921-85a0-cb1acd7cb2e6,2026-27,4,15.78,17.0,17.27,30.75,80.8,A,f
abea3194-6c7d-7382-698a-4a1da1eebbc9,bf3bab5b-d911-45b1-accc-9068cc247a70,859db046-894d-53cc-8cb4-3643d0c7f1fe,2026-27,4,17.58,15.0,15.77,32.95,81.3,A,f
78573359-5bcb-5f06-ef88-2000ebdc8bd6,bf3bab5b-d911-45b1-accc-9068cc247a70,40d412e8-fc3b-5972-8ff2-90b35de8a2d3,2026-27,4,17.48,15.7,15.67,30.85,79.7,B+,f
d096e632-2b64-efc7-377a-89d49c09c949,c73f1973-1fe2-4055-b2b0-0e0b615e9b86,f8b6ad01-594d-5e52-b325-ed9eb13211e1,2026-27,2,18.98,15.83,16.35,36.35,87.51,A,f
1f266c38-d3d6-13ac-65d0-8ca1d2e6c841,c73f1973-1fe2-4055-b2b0-0e0b615e9b86,f27d152a-f613-51a3-aea8-0506e5d24c3a,2026-27,2,17.38,16.13,18.05,31.85,83.41,A,f
d3cee592-0bd5-1de0-b8b3-9fee3acabe12,c73f1973-1fe2-4055-b2b0-0e0b615e9b86,5297007a-130e-5341-af7a-4e9027c2dadf,2026-27,2,17.98,17.13,18.15,34.95,88.21,A,f
f81948e5-9629-ae8f-ee10-745da9cfb9e2,c73f1973-1fe2-4055-b2b0-0e0b615e9b86,c8e42f25-4acd-5f8b-8bce-f0cab27cc71f,2026-27,2,17.78,16.43,18.25,31.55,84.01,A,f
f5dad7d1-f988-0020-f20b-f9d2d80a209a,c73f1973-1fe2-4055-b2b0-0e0b615e9b86,5ceb5573-0231-5d70-848b-193fcfdb644c,2026-27,2,17.98,19.03,17.25,34.25,88.51,A,f
8f53bfa9-e55d-3df7-1f6f-ca041d4fbcc4,d5ae9762-feae-4dda-b484-b12961a1c968,730c5632-33dc-5e69-a798-6135043a47aa,2026-27,4,19.35,20.0,19.72,37.59,96.66,A+,f
4f278e3c-3505-a22c-0126-99a34f1a23c6,d5ae9762-feae-4dda-b484-b12961a1c968,21e87180-7538-5689-922d-8889674702ed,2026-27,4,19.35,17.94,18.02,38.99,94.3,A+,f
acb169e9-e5e5-84c9-f198-7a57a1e3746b,d5ae9762-feae-4dda-b484-b12961a1c968,a71f945b-22bf-5921-85a0-cb1acd7cb2e6,2026-27,4,19.15,20.0,18.92,40.0,98.07,A+,f
48ea6701-8b7d-aa9e-c910-f1b8ac0d1e0c,d5ae9762-feae-4dda-b484-b12961a1c968,859db046-894d-53cc-8cb4-3643d0c7f1fe,2026-27,4,20.0,19.14,20.0,39.39,98.53,A+,f
5eef9a94-62aa-d515-fb33-7c84926574e4,d5ae9762-feae-4dda-b484-b12961a1c968,40d412e8-fc3b-5972-8ff2-90b35de8a2d3,2026-27,4,20.0,16.84,19.02,35.89,91.75,A+,f
924a3336-574a-5cab-a4ec-b1406d85680c,4154b673-3743-4021-a177-5bf305937e30,730c5632-33dc-5e69-a798-6135043a47aa,2026-27,4,17.64,18.81,17.47,35.69,89.61,A,f
e0caac27-a0b4-84cb-d511-3988f9b76ed9,4154b673-3743-4021-a177-5bf305937e30,21e87180-7538-5689-922d-8889674702ed,2026-27,4,19.54,17.91,17.97,38.39,93.81,A+,f
631a6ec8-c792-3161-8df1-4c0f2499a9a3,4154b673-3743-4021-a177-5bf305937e30,a71f945b-22bf-5921-85a0-cb1acd7cb2e6,2026-27,4,19.74,19.61,18.17,38.99,96.51,A+,f
2deb09bd-640c-e2f4-8fde-6373316c629e,4154b673-3743-4021-a177-5bf305937e30,859db046-894d-53cc-8cb4-3643d0c7f1fe,2026-27,4,18.24,18.81,18.87,37.99,93.91,A+,f
9bdc7abc-2b01-b5cf-fc83-4cd88750612c,4154b673-3743-4021-a177-5bf305937e30,40d412e8-fc3b-5972-8ff2-90b35de8a2d3,2026-27,4,18.84,18.51,18.27,33.79,89.41,A,f
f388f67b-6b29-121c-c675-7d5e3e70f493,88bd303b-323b-4dcc-8d13-80b7b238e458,730c5632-33dc-5e69-a798-6135043a47aa,2026-27,4,20.0,20.0,20.0,40.0,100.0,A+,f
f27bf14d-17d9-f1ab-41d6-316acb4ca68b,88bd303b-323b-4dcc-8d13-80b7b238e458,21e87180-7538-5689-922d-8889674702ed,2026-27,4,18.37,18.17,20.0,40.0,96.54,A+,f
8c06d28c-8d80-4d2e-241f-f2b6b0970e45,88bd303b-323b-4dcc-8d13-80b7b238e458,a71f945b-22bf-5921-85a0-cb1acd7cb2e6,2026-27,4,19.17,19.87,19.46,40.0,98.5,A+,f
da5a6d02-9fdf-1b4f-0fc1-1e13c63bf45d,88bd303b-323b-4dcc-8d13-80b7b238e458,859db046-894d-53cc-8cb4-3643d0c7f1fe,2026-27,4,19.57,17.07,20.0,40.0,96.64,A+,f
6d3f4957-a96d-02fb-f1c8-a3d51934fb13,88bd303b-323b-4dcc-8d13-80b7b238e458,40d412e8-fc3b-5972-8ff2-90b35de8a2d3,2026-27,4,18.47,19.57,20.0,36.31,94.35,A+,f
f904f447-1301-182a-d60a-4da5c1811322,d694668f-77f4-468e-8e3a-426ca239c4c8,f8b6ad01-594d-5e52-b325-ed9eb13211e1,2026-27,2,15.98,18.63,19.05,36.21,89.87,A,f
884c9e69-6862-0af7-2eb0-aae0a05aff1a,d694668f-77f4-468e-8e3a-426ca239c4c8,f27d152a-f613-51a3-aea8-0506e5d24c3a,2026-27,2,16.78,18.33,16.35,32.41,83.87,A,f
08b83b1e-2fd0-52b2-c3ae-c83bdd37c56c,d694668f-77f4-468e-8e3a-426ca239c4c8,5297007a-130e-5341-af7a-4e9027c2dadf,2026-27,2,18.48,16.83,17.05,34.01,86.37,A,f
050b6108-17c6-0343-f72d-340c3424bbc6,d694668f-77f4-468e-8e3a-426ca239c4c8,c8e42f25-4acd-5f8b-8bce-f0cab27cc71f,2026-27,2,15.88,16.03,17.85,31.71,81.47,A,f
98900e83-9adb-29de-24c1-3459c4fcd44d,d694668f-77f4-468e-8e3a-426ca239c4c8,5ceb5573-0231-5d70-848b-193fcfdb644c,2026-27,2,15.88,16.73,18.15,35.41,86.17,A,f
4cb867e5-dfe1-d8ab-c654-706faf70c153,a9afb85a-ba06-4c1a-99d5-2da26a6a681d,730c5632-33dc-5e69-a798-6135043a47aa,2026-27,4,16.42,13.32,14.68,30.77,75.19,B+,f
c1c882fe-5a85-cb44-d0aa-9ac2e2d6a33d,a9afb85a-ba06-4c1a-99d5-2da26a6a681d,21e87180-7538-5689-922d-8889674702ed,2026-27,4,15.22,16.32,14.58,28.57,74.69,B+,f
471bc8a5-169c-48ad-2ee4-312ca37b2d31,a9afb85a-ba06-4c1a-99d5-2da26a6a681d,a71f945b-22bf-5921-85a0-cb1acd7cb2e6,2026-27,4,15.42,14.22,17.18,30.07,76.89,B+,f
428fd855-234a-8772-f5dd-930ba2e73072,a9afb85a-ba06-4c1a-99d5-2da26a6a681d,859db046-894d-53cc-8cb4-3643d0c7f1fe,2026-27,4,14.62,13.72,15.38,30.17,73.89,B+,f
e1564127-3a4a-d772-c681-1922cf420192,a9afb85a-ba06-4c1a-99d5-2da26a6a681d,40d412e8-fc3b-5972-8ff2-90b35de8a2d3,2026-27,4,16.62,16.92,16.48,29.77,79.79,B+,f
3c27228a-0cfe-bd73-fa99-b28058ab5cc8,fc64f279-7f37-4a0c-8666-63fea6ee3711,f8b6ad01-594d-5e52-b325-ed9eb13211e1,2026-27,2,17.62,19.59,19.14,37.62,93.97,A+,f
e372ec0b-9059-d7e1-eb07-1d8050960929,fc64f279-7f37-4a0c-8666-63fea6ee3711,f27d152a-f613-51a3-aea8-0506e5d24c3a,2026-27,2,18.02,18.39,19.14,34.22,89.77,A,f
1b5e363e-55c4-3193-8629-cd650ae02105,fc64f279-7f37-4a0c-8666-63fea6ee3711,5297007a-130e-5341-af7a-4e9027c2dadf,2026-27,2,16.92,16.59,18.24,33.42,85.17,A,f
3caca744-1944-926b-5f3e-880e2f23b747,fc64f279-7f37-4a0c-8666-63fea6ee3711,c8e42f25-4acd-5f8b-8bce-f0cab27cc71f,2026-27,2,18.52,17.09,19.44,34.12,89.17,A,f
89de60da-f6b9-0f82-b988-43f87d7078db,fc64f279-7f37-4a0c-8666-63fea6ee3711,5ceb5573-0231-5d70-848b-193fcfdb644c,2026-27,2,19.62,17.09,17.64,33.92,88.27,A,f
b484a1ce-79e6-6613-1fb7-3ec2220630fa,aa05300a-dfe1-4fe5-bd1c-75b153ccd355,29f10515-0a52-55f4-896b-fa882e11e38e,2026-27,6,18.32,17.07,18.9,36.65,90.94,A+,f
5c42302b-5e6a-fbab-1d25-20cead4bb775,aa05300a-dfe1-4fe5-bd1c-75b153ccd355,2bc3bd90-0760-5d47-9467-5a5992c412e5,2026-27,6,17.72,15.27,16.6,37.55,87.14,A,f
9da034ac-83e3-38ca-86c0-0cf9d0580b68,aa05300a-dfe1-4fe5-bd1c-75b153ccd355,d9518e1b-06ba-5f43-b6b9-67d017eaae5d,2026-27,6,18.82,18.47,16.8,34.55,88.64,A,f
5fa18904-ed66-9c4b-cd11-11dc8a2050e0,aa05300a-dfe1-4fe5-bd1c-75b153ccd355,005078bd-c539-5c44-a631-7e7dd9fb778c,2026-27,6,17.92,15.47,19.0,36.45,88.84,A,f
af9fa496-b08d-3302-82b9-888a16c3da9c,aa05300a-dfe1-4fe5-bd1c-75b153ccd355,539f9c66-84f9-5b19-943a-cb15d62bbc33,2026-27,6,17.02,16.27,17.7,32.65,83.64,A,f
a64a284b-8c98-a488-a9df-8c3639da772f,8bc40b4b-faa5-4855-b20b-96d0bc6866f5,29f10515-0a52-55f4-896b-fa882e11e38e,2026-27,6,16.16,15.98,18.16,34.73,85.03,A,f
601641f1-6aea-4ce3-b773-0e2b67b23780,8bc40b4b-faa5-4855-b20b-96d0bc6866f5,2bc3bd90-0760-5d47-9467-5a5992c412e5,2026-27,6,15.76,16.98,15.46,30.23,78.43,B+,f
92daf638-5737-9747-4f26-56fdf8e1de0b,8bc40b4b-faa5-4855-b20b-96d0bc6866f5,d9518e1b-06ba-5f43-b6b9-67d017eaae5d,2026-27,6,17.26,15.18,15.96,31.13,79.53,B+,f
2e9290b9-147f-0477-b8e6-7abff29ee168,8bc40b4b-faa5-4855-b20b-96d0bc6866f5,005078bd-c539-5c44-a631-7e7dd9fb778c,2026-27,6,15.76,14.38,17.06,33.83,81.03,A,f
9c7404c9-d7c5-6928-ad34-6aeab8cf288c,8bc40b4b-faa5-4855-b20b-96d0bc6866f5,539f9c66-84f9-5b19-943a-cb15d62bbc33,2026-27,6,16.16,17.38,17.36,33.03,83.93,A,f
50b91149-4d69-8f80-cb8d-49393e829dec,94278129-9587-49a6-a1c2-32d0da2d8903,730c5632-33dc-5e69-a798-6135043a47aa,2026-27,4,18.27,17.43,18.96,38.11,92.77,A+,f
836abdff-0702-5f1e-3ea7-324c4a890a60,94278129-9587-49a6-a1c2-32d0da2d8903,21e87180-7538-5689-922d-8889674702ed,2026-27,4,19.17,17.23,18.96,35.61,90.97,A+,f
a15e3d01-da2c-e124-6672-504950af4b95,94278129-9587-49a6-a1c2-32d0da2d8903,a71f945b-22bf-5921-85a0-cb1acd7cb2e6,2026-27,4,19.17,18.23,18.96,36.41,92.77,A+,f
0f6c65ea-d128-f938-9416-9497e0a21c7a,94278129-9587-49a6-a1c2-32d0da2d8903,859db046-894d-53cc-8cb4-3643d0c7f1fe,2026-27,4,17.17,16.73,17.16,32.41,83.47,A,f
203999d2-c68d-18ff-1bb7-025cabb2d219,94278129-9587-49a6-a1c2-32d0da2d8903,40d412e8-fc3b-5972-8ff2-90b35de8a2d3,2026-27,4,16.87,15.63,18.96,35.21,86.67,A,f
3c332bf5-7e53-3aff-9e35-1a6215d1f3b4,79c66d62-85ec-464c-851c-fddacf105bd0,c697ab81-ffed-5fa6-9b51-be0954571d20,2026-27,1,19.17,16.96,19.24,40.0,95.37,A+,f
7dd509aa-f1a4-7bef-6028-da8de32dca95,79c66d62-85ec-464c-851c-fddacf105bd0,cc6bfe47-d156-5f3c-a0a6-64be53ff1202,2026-27,1,19.47,17.36,20.0,40.0,96.83,A+,f
5f0999f7-13e5-f443-3176-88c2803a0516,79c66d62-85ec-464c-851c-fddacf105bd0,945cbb28-3a50-5ed1-8e70-c416ee3f92f0,2026-27,1,17.57,19.16,17.94,35.91,90.58,A+,f
a705fe05-d70f-8547-e9f4-ffc3c85da114,79c66d62-85ec-464c-851c-fddacf105bd0,325f5f11-db40-5f00-816d-d66357e36c70,2026-27,1,19.17,19.76,19.34,38.61,96.88,A+,f
fe4988a6-4f16-0499-bd9c-0220b1d4663f,79c66d62-85ec-464c-851c-fddacf105bd0,817d9a6f-e405-58f8-991b-373c31bd4e25,2026-27,1,19.37,18.46,20.0,38.21,96.04,A+,f
8ec7eeb1-eca3-29d6-db43-a83557d4ac0d,1e68384e-18a3-4186-9155-1704e8e46e39,730c5632-33dc-5e69-a798-6135043a47aa,2026-27,4,17.03,18.48,16.9,35.84,88.25,A,f
bbdcad0f-de2e-6cb3-43e0-cecabaddb23d,1e68384e-18a3-4186-9155-1704e8e46e39,21e87180-7538-5689-922d-8889674702ed,2026-27,4,18.33,16.38,17.4,31.44,83.55,A,f
40877c54-dcfd-3e39-4348-952e2635cbf2,1e68384e-18a3-4186-9155-1704e8e46e39,a71f945b-22bf-5921-85a0-cb1acd7cb2e6,2026-27,4,17.73,18.38,18.5,34.94,89.55,A,f
347e0d47-7543-3ae6-a1f7-c4ceb033f182,1e68384e-18a3-4186-9155-1704e8e46e39,859db046-894d-53cc-8cb4-3643d0c7f1fe,2026-27,4,17.83,18.58,19.2,37.04,92.65,A+,f
ac57b389-597b-6b53-859a-3c2428513840,1e68384e-18a3-4186-9155-1704e8e46e39,40d412e8-fc3b-5972-8ff2-90b35de8a2d3,2026-27,4,16.23,18.18,18.2,35.44,88.05,A,f
93d0efbd-6683-768f-7a62-a9c0539dd220,72ffb51a-4f2c-4beb-89be-48644de71420,730c5632-33dc-5e69-a798-6135043a47aa,2026-27,4,17.63,19.7,18.15,33.52,89.0,A,f
909cd929-f389-74bc-cb15-7f0a97551965,72ffb51a-4f2c-4beb-89be-48644de71420,21e87180-7538-5689-922d-8889674702ed,2026-27,4,17.33,16.2,17.25,37.52,88.3,A,f
4f4f84ed-606e-510e-2196-58c02f5b7d1e,72ffb51a-4f2c-4beb-89be-48644de71420,a71f945b-22bf-5921-85a0-cb1acd7cb2e6,2026-27,4,17.13,18.1,18.55,36.12,89.9,A,f
320da7d5-5a0a-53ce-1448-abb852f57f4b,72ffb51a-4f2c-4beb-89be-48644de71420,859db046-894d-53cc-8cb4-3643d0c7f1fe,2026-27,4,16.63,17.0,18.35,37.52,89.5,A,f
31533741-1f1c-63ab-260c-4d3042fa522c,72ffb51a-4f2c-4beb-89be-48644de71420,40d412e8-fc3b-5972-8ff2-90b35de8a2d3,2026-27,4,17.73,19.5,20.0,33.22,90.45,A+,f
1a615d62-cc06-88ab-29c0-2407f3c5d847,f5ff0a9c-ec9e-4df5-a568-063faa105a2e,29f10515-0a52-55f4-896b-fa882e11e38e,2026-27,6,15.71,16.55,18.56,34.72,85.54,A,f
8c05d453-3cc7-8c23-1751-fc05931308e1,f5ff0a9c-ec9e-4df5-a568-063faa105a2e,2bc3bd90-0760-5d47-9467-5a5992c412e5,2026-27,6,15.61,17.45,17.36,33.02,83.44,A,f
78324564-2923-b304-9bd5-94778f735dae,f5ff0a9c-ec9e-4df5-a568-063faa105a2e,d9518e1b-06ba-5f43-b6b9-67d017eaae5d,2026-27,6,18.11,16.55,17.26,30.72,82.64,A,f
3f6d3386-c0e5-8bfc-26a7-0b805e1e89db,f5ff0a9c-ec9e-4df5-a568-063faa105a2e,005078bd-c539-5c44-a631-7e7dd9fb778c,2026-27,6,17.91,17.15,16.26,32.52,83.84,A,f
4d0d2425-1d1e-bf58-0f44-986ccddb0cf2,f5ff0a9c-ec9e-4df5-a568-063faa105a2e,539f9c66-84f9-5b19-943a-cb15d62bbc33,2026-27,6,17.41,16.95,17.36,36.52,88.24,A,f
398fbcb0-9667-69fb-0000-e38fff215a8f,ffabdd59-ccc8-4098-8bfb-06cad728e3f0,c697ab81-ffed-5fa6-9b51-be0954571d20,2026-27,1,16.18,17.1,15.08,34.36,82.72,A,f
f0450f1f-efad-febf-eee6-735de4e357de,ffabdd59-ccc8-4098-8bfb-06cad728e3f0,cc6bfe47-d156-5f3c-a0a6-64be53ff1202,2026-27,1,17.48,15.0,15.68,34.06,82.22,A,f
6fc5161e-48c8-9f53-defa-bf6008fdddf4,ffabdd59-ccc8-4098-8bfb-06cad728e3f0,945cbb28-3a50-5ed1-8e70-c416ee3f92f0,2026-27,1,17.78,16.9,18.08,31.36,84.12,A,f
db21335a-f924-0f1a-7c11-f7db3ca8d444,ffabdd59-ccc8-4098-8bfb-06cad728e3f0,325f5f11-db40-5f00-816d-d66357e36c70,2026-27,1,17.48,15.5,16.68,30.76,80.42,A,f
c1a05a90-fa14-1413-18d3-73dc5d875278,ffabdd59-ccc8-4098-8bfb-06cad728e3f0,817d9a6f-e405-58f8-991b-373c31bd4e25,2026-27,1,15.98,14.7,15.08,28.86,74.62,B+,f
48692f40-4192-6301-bb06-05e3099a0410,51fc8967-615e-45dd-ac13-838ef464278e,730c5632-33dc-5e69-a798-6135043a47aa,2026-27,4,16.69,18.54,16.45,35.23,86.91,A,f
603cb044-b22f-2774-646a-a42187a632c1,51fc8967-615e-45dd-ac13-838ef464278e,21e87180-7538-5689-922d-8889674702ed,2026-27,4,16.99,16.24,16.95,36.13,86.31,A,f
1f7423c8-2cd1-57b8-bb24-00fc7e6bd3cb,51fc8967-615e-45dd-ac13-838ef464278e,a71f945b-22bf-5921-85a0-cb1acd7cb2e6,2026-27,4,18.59,15.74,17.65,34.43,86.41,A,f
30fa85a5-04e7-581f-c10f-4ad384c1f40b,51fc8967-615e-45dd-ac13-838ef464278e,859db046-894d-53cc-8cb4-3643d0c7f1fe,2026-27,4,18.69,17.64,17.45,33.03,86.81,A,f
7005862a-e6c7-3769-e1df-ccc26e80b78e,51fc8967-615e-45dd-ac13-838ef464278e,40d412e8-fc3b-5972-8ff2-90b35de8a2d3,2026-27,4,17.39,15.34,18.45,31.23,82.41,A,f
3448bd53-852c-3733-d0f2-28fabed2f46d,2c6f1d1d-78bc-4527-b6a5-006ea336e3c2,29f10515-0a52-55f4-896b-fa882e11e38e,2026-27,6,17.96,14.49,17.58,31.23,81.26,A,f
7db67c85-5d77-4647-8738-431302d5aa25,2c6f1d1d-78bc-4527-b6a5-006ea336e3c2,2bc3bd90-0760-5d47-9467-5a5992c412e5,2026-27,6,15.26,18.29,17.08,35.03,85.66,A,f
7df953cc-e174-e56a-3569-5434bb9213b7,2c6f1d1d-78bc-4527-b6a5-006ea336e3c2,d9518e1b-06ba-5f43-b6b9-67d017eaae5d,2026-27,6,17.06,14.39,17.38,32.33,81.16,A,f
27001e61-b379-3f1d-27d6-43c08a2b295b,2c6f1d1d-78bc-4527-b6a5-006ea336e3c2,005078bd-c539-5c44-a631-7e7dd9fb778c,2026-27,6,17.66,18.39,18.38,31.93,86.36,A,f
645fb424-71b5-2cac-22fe-625650ad3c96,2c6f1d1d-78bc-4527-b6a5-006ea336e3c2,539f9c66-84f9-5b19-943a-cb15d62bbc33,2026-27,6,16.16,15.49,16.48,35.83,83.96,A,f
f21a5391-de77-7ebc-1626-3ce5dc29c5cf,e3e54023-c0aa-49ca-9a5b-09a2edf79970,f8b6ad01-594d-5e52-b325-ed9eb13211e1,2026-27,2,17.0,15.72,15.2,31.6,79.52,B+,f
c74e2ced-baaf-8127-1cbf-b43aac03f29e,e3e54023-c0aa-49ca-9a5b-09a2edf79970,f27d152a-f613-51a3-aea8-0506e5d24c3a,2026-27,2,17.7,16.42,17.9,32.6,84.62,A,f
c6f3aa65-d100-df14-3f77-05f731f141e9,e3e54023-c0aa-49ca-9a5b-09a2edf79970,5297007a-130e-5341-af7a-4e9027c2dadf,2026-27,2,16.5,15.22,15.4,32.9,80.02,A,f
c7551add-dcce-4e9e-533b-e2d431a94e85,e3e54023-c0aa-49ca-9a5b-09a2edf79970,c8e42f25-4acd-5f8b-8bce-f0cab27cc71f,2026-27,2,16.3,17.82,16.8,34.6,85.52,A,f
1ab0b0a7-5695-0b12-892a-30c0883e9600,e3e54023-c0aa-49ca-9a5b-09a2edf79970,5ceb5573-0231-5d70-848b-193fcfdb644c,2026-27,2,17.6,15.02,16.0,28.8,77.42,B+,f
d937514b-2a57-78d9-ea44-87e12753fa55,e4b232db-c745-4bc1-b4c7-e37c85f372fb,29f10515-0a52-55f4-896b-fa882e11e38e,2026-27,6,18.1,17.4,20.0,38.8,94.3,A+,f
9a7b25f9-1e1b-8846-9619-8c7700dcc90d,e4b232db-c745-4bc1-b4c7-e37c85f372fb,2bc3bd90-0760-5d47-9467-5a5992c412e5,2026-27,6,19.9,19.8,20.0,40.0,99.7,A+,f
bf808b2e-6fcb-cd23-c855-7db2eb1c9a0a,e4b232db-c745-4bc1-b4c7-e37c85f372fb,d9518e1b-06ba-5f43-b6b9-67d017eaae5d,2026-27,6,18.3,20.0,20.0,36.9,95.2,A+,f
aa00b58e-6dc4-cf58-8185-2f98936accf3,e4b232db-c745-4bc1-b4c7-e37c85f372fb,005078bd-c539-5c44-a631-7e7dd9fb778c,2026-27,6,19.0,20.0,19.4,40.0,98.4,A+,f
8f5f0137-0830-ed00-68c9-820ab2dd6af9,e4b232db-c745-4bc1-b4c7-e37c85f372fb,539f9c66-84f9-5b19-943a-cb15d62bbc33,2026-27,6,19.2,19.2,20.0,39.3,97.7,A+,f
339ae2b9-37e7-3039-be53-54fbb4412080,c338e056-2585-41f0-abb8-d65ecb53a70d,f8b6ad01-594d-5e52-b325-ed9eb13211e1,2026-27,2,16.47,16.81,18.41,33.01,84.7,A,f
5c834c1d-8239-9965-5f35-53260e675d3d,c338e056-2585-41f0-abb8-d65ecb53a70d,f27d152a-f613-51a3-aea8-0506e5d24c3a,2026-27,2,16.77,17.41,16.21,31.11,81.5,A,f
1313df2c-f1ed-93d8-8111-9ccab0482b0e,c338e056-2585-41f0-abb8-d65ecb53a70d,5297007a-130e-5341-af7a-4e9027c2dadf,2026-27,2,15.67,14.61,17.11,32.01,79.4,B+,f
ac2739f6-d42a-0884-d3cc-d856e787cc5b,c338e056-2585-41f0-abb8-d65ecb53a70d,c8e42f25-4acd-5f8b-8bce-f0cab27cc71f,2026-27,2,16.97,17.51,18.31,35.71,88.5,A,f
d7956132-4912-510a-65ef-0f1171ae7512,c338e056-2585-41f0-abb8-d65ecb53a70d,5ceb5573-0231-5d70-848b-193fcfdb644c,2026-27,2,18.07,16.31,17.21,31.91,83.5,A,f
6bc238d5-7961-58ea-a666-e66ce13aa7ef,485c9553-463f-4962-82b1-f171ad8c70fb,f8b6ad01-594d-5e52-b325-ed9eb13211e1,2026-27,2,14.97,15.88,16.15,33.86,80.86,A,f
1877ea7f-94d4-1286-1100-42826cb0e2b8,485c9553-463f-4962-82b1-f171ad8c70fb,f27d152a-f613-51a3-aea8-0506e5d24c3a,2026-27,2,14.47,14.78,15.65,33.76,78.66,B+,f
d3c0e78a-283f-2e5a-ccb2-35e3de0490a9,485c9553-463f-4962-82b1-f171ad8c70fb,5297007a-130e-5341-af7a-4e9027c2dadf,2026-27,2,14.97,14.18,17.45,33.36,79.96,B+,f
8219c30e-2a7a-8dd8-47a3-33fa165cc944,485c9553-463f-4962-82b1-f171ad8c70fb,c8e42f25-4acd-5f8b-8bce-f0cab27cc71f,2026-27,2,16.27,14.18,16.45,30.86,77.76,B+,f
d1963f3f-63af-ce34-2f81-ad22678e8d97,485c9553-463f-4962-82b1-f171ad8c70fb,5ceb5573-0231-5d70-848b-193fcfdb644c,2026-27,2,16.37,17.58,15.55,28.16,77.66,B+,f
9c499e0a-e7eb-54a2-9b8d-dc0ce5e85fe2,c836a097-38a4-4060-af53-9c3b2eaa4bb2,f8b6ad01-594d-5e52-b325-ed9eb13211e1,2026-27,2,18.15,17.3,17.31,36.24,89.0,A,f
ab0d0288-c382-e686-c9e5-53c88f453297,c836a097-38a4-4060-af53-9c3b2eaa4bb2,f27d152a-f613-51a3-aea8-0506e5d24c3a,2026-27,2,15.95,15.3,16.31,31.74,79.3,B+,f
7f01c66c-8071-1c45-ce36-07639d92207b,c836a097-38a4-4060-af53-9c3b2eaa4bb2,5297007a-130e-5341-af7a-4e9027c2dadf,2026-27,2,16.95,15.9,17.51,36.44,86.8,A,f
7e7de12c-6b6b-1518-2df0-9c37c4dff18a,c836a097-38a4-4060-af53-9c3b2eaa4bb2,c8e42f25-4acd-5f8b-8bce-f0cab27cc71f,2026-27,2,18.15,17.4,16.51,34.64,86.7,A,f
fe2cabf2-5093-ac3f-84e2-784c9c6f1077,c836a097-38a4-4060-af53-9c3b2eaa4bb2,5ceb5573-0231-5d70-848b-193fcfdb644c,2026-27,2,16.85,17.1,16.51,32.94,83.4,A,f
53486656-dd62-cb43-8887-e7c0a47bfa7e,5ae77cf9-84a0-4036-a4ce-e6c6bd930a81,29f10515-0a52-55f4-896b-fa882e11e38e,2026-27,6,17.63,18.8,19.95,34.94,91.32,A+,f
6a4d0e72-3109-58bc-6c7d-8b99f8cc463e,5ae77cf9-84a0-4036-a4ce-e6c6bd930a81,2bc3bd90-0760-5d47-9467-5a5992c412e5,2026-27,6,18.63,16.4,18.75,38.84,92.62,A+,f
989d483b-7527-8df5-133f-9f48dbd143fa,5ae77cf9-84a0-4036-a4ce-e6c6bd930a81,d9518e1b-06ba-5f43-b6b9-67d017eaae5d,2026-27,6,18.73,17.8,18.45,35.84,90.82,A+,f
a13db92b-2bbc-5c50-a12d-5160a355bbcc,5ae77cf9-84a0-4036-a4ce-e6c6bd930a81,005078bd-c539-5c44-a631-7e7dd9fb778c,2026-27,6,18.63,18.9,18.65,34.94,91.12,A+,f
a0f5c30c-3567-81ce-cbbc-d6bc290d4328,5ae77cf9-84a0-4036-a4ce-e6c6bd930a81,539f9c66-84f9-5b19-943a-cb15d62bbc33,2026-27,6,17.33,19.8,18.05,33.34,88.52,A,f
474e901a-950d-98ac-27a4-8a77b47ba654,6e45faaf-11a8-4055-b0b9-5e35beb79440,29f10515-0a52-55f4-896b-fa882e11e38e,2026-27,6,18.75,19.03,18.7,35.19,91.67,A+,f
3e973ecb-9256-775d-b556-c062c27312d9,6e45faaf-11a8-4055-b0b9-5e35beb79440,2bc3bd90-0760-5d47-9467-5a5992c412e5,2026-27,6,18.45,17.83,19.9,37.49,93.67,A+,f
258ae7e9-05f4-c6b7-0ab7-214d72206b4e,6e45faaf-11a8-4055-b0b9-5e35beb79440,d9518e1b-06ba-5f43-b6b9-67d017eaae5d,2026-27,6,18.85,19.53,18.1,39.29,95.77,A+,f
51816b2d-fad4-1b6e-ba06-2452ebbe4e2a,6e45faaf-11a8-4055-b0b9-5e35beb79440,005078bd-c539-5c44-a631-7e7dd9fb778c,2026-27,6,19.15,19.53,20.0,34.79,93.47,A+,f
3a0ba2e3-1775-9797-27da-4d3028cbd839,6e45faaf-11a8-4055-b0b9-5e35beb79440,539f9c66-84f9-5b19-943a-cb15d62bbc33,2026-27,6,17.85,19.43,19.4,36.79,93.47,A+,f
38bb897e-4cd1-c695-bcc4-ad36e3481181,f40f5d2b-a245-42bf-aad5-0fc80d47cac5,730c5632-33dc-5e69-a798-6135043a47aa,2026-27,4,16.46,18.7,17.81,34.61,87.58,A,f
ebc7b9f8-9886-74e8-d95f-e485ab61b619,f40f5d2b-a245-42bf-aad5-0fc80d47cac5,21e87180-7538-5689-922d-8889674702ed,2026-27,4,16.46,16.4,16.01,31.71,80.58,A,f
0f126fed-b7cb-6cf6-13ad-34e44d7e3ba0,f40f5d2b-a245-42bf-aad5-0fc80d47cac5,a71f945b-22bf-5921-85a0-cb1acd7cb2e6,2026-27,4,15.66,14.7,16.61,36.01,82.98,A,f
f2b3d079-ae9d-0ec1-5364-eb85d6d9801a,f40f5d2b-a245-42bf-aad5-0fc80d47cac5,859db046-894d-53cc-8cb4-3643d0c7f1fe,2026-27,4,16.96,18.6,18.41,33.01,86.98,A,f
83d23527-cab7-0c77-6c38-24c313f76727,f40f5d2b-a245-42bf-aad5-0fc80d47cac5,40d412e8-fc3b-5972-8ff2-90b35de8a2d3,2026-27,4,16.16,15.5,16.51,31.71,79.88,B+,f
e831c850-a2ad-07cf-1916-ee9871c84bf7,2685b452-d129-4463-a739-3c362f4120c7,29f10515-0a52-55f4-896b-fa882e11e38e,2026-27,6,16.11,17.14,16.03,31.1,80.38,A,f
96708c2c-4e0c-008f-62b2-be9f1a5a1ece,2685b452-d129-4463-a739-3c362f4120c7,2bc3bd90-0760-5d47-9467-5a5992c412e5,2026-27,6,18.01,15.84,16.93,29.5,80.28,A,f
236e6e3e-36b1-18e5-f45d-2a6eb70bf1e2,2685b452-d129-4463-a739-3c362f4120c7,d9518e1b-06ba-5f43-b6b9-67d017eaae5d,2026-27,6,16.91,15.04,17.63,29.8,79.38,B+,f
a1f03d1f-9926-dd42-cb37-4340399ced3c,2685b452-d129-4463-a739-3c362f4120c7,005078bd-c539-5c44-a631-7e7dd9fb778c,2026-27,6,16.21,14.64,17.43,35.1,83.38,A,f
941f6e9f-0146-4687-16bf-9c563370446e,2685b452-d129-4463-a739-3c362f4120c7,539f9c66-84f9-5b19-943a-cb15d62bbc33,2026-27,6,15.11,16.34,17.03,32.3,80.78,A,f
7efa55c0-036d-379a-d323-d65f71134ec6,aeb81a28-905b-4064-a805-0a8384a9d1a0,f8b6ad01-594d-5e52-b325-ed9eb13211e1,2026-27,2,16.87,16.81,17.33,34.48,85.49,A,f
15a781b3-40ee-8750-a8df-e944a34a7e0f,aeb81a28-905b-4064-a805-0a8384a9d1a0,f27d152a-f613-51a3-aea8-0506e5d24c3a,2026-27,2,17.07,17.11,16.83,35.98,86.99,A,f
32b22268-13ce-3b11-5566-15a0845e1558,aeb81a28-905b-4064-a805-0a8384a9d1a0,5297007a-130e-5341-af7a-4e9027c2dadf,2026-27,2,17.27,15.21,18.63,32.98,84.09,A,f
e7402001-cbea-6185-905b-f20448bb3629,aeb81a28-905b-4064-a805-0a8384a9d1a0,c8e42f25-4acd-5f8b-8bce-f0cab27cc71f,2026-27,2,15.87,16.21,18.23,36.38,86.69,A,f
bb2eb172-f88a-57ce-7ca1-70a778611dbd,aeb81a28-905b-4064-a805-0a8384a9d1a0,5ceb5573-0231-5d70-848b-193fcfdb644c,2026-27,2,17.17,16.21,17.63,32.98,83.99,A,f
cfc0e99c-7911-b8cd-2e83-e68ddc37959a,f32c7625-4071-40d5-9354-ce93269e7e87,29f10515-0a52-55f4-896b-fa882e11e38e,2026-27,6,15.87,17.61,18.93,34.96,87.37,A,f
324052a8-6bb7-ada6-9a95-21e2b00b98e9,f32c7625-4071-40d5-9354-ce93269e7e87,2bc3bd90-0760-5d47-9467-5a5992c412e5,2026-27,6,15.67,15.21,17.03,31.56,79.47,B+,f
f4ffa10f-1396-dd49-8bd2-328d772d6797,f32c7625-4071-40d5-9354-ce93269e7e87,d9518e1b-06ba-5f43-b6b9-67d017eaae5d,2026-27,6,16.27,15.41,18.83,34.46,84.97,A,f
113547ce-3cdd-19cb-e3fb-f60d042a6f02,f32c7625-4071-40d5-9354-ce93269e7e87,005078bd-c539-5c44-a631-7e7dd9fb778c,2026-27,6,17.37,16.61,18.53,33.06,85.57,A,f
121e1f2f-daeb-eabd-b0d1-0076a6e0aa3f,f32c7625-4071-40d5-9354-ce93269e7e87,539f9c66-84f9-5b19-943a-cb15d62bbc33,2026-27,6,16.37,15.61,17.23,31.56,80.77,A,f
cfed3875-99ab-eab6-d8c5-918e60d03df4,4f8ace03-2e04-4b18-8627-1ebba41de43f,730c5632-33dc-5e69-a798-6135043a47aa,2026-27,4,15.89,18.94,17.85,32.63,85.31,A,f
584dcb7e-21a0-1429-9807-4aed06367715,4f8ace03-2e04-4b18-8627-1ebba41de43f,21e87180-7538-5689-922d-8889674702ed,2026-27,4,17.39,15.14,16.45,32.83,81.81,A,f
dc654961-7b79-7c98-1d88-0ec452329bd0,4f8ace03-2e04-4b18-8627-1ebba41de43f,a71f945b-22bf-5921-85a0-cb1acd7cb2e6,2026-27,4,17.99,17.64,16.55,36.93,89.11,A,f
8b5c2c4f-16c3-5d2d-2414-588df1b24573,4f8ace03-2e04-4b18-8627-1ebba41de43f,859db046-894d-53cc-8cb4-3643d0c7f1fe,2026-27,4,16.39,17.94,17.35,34.53,86.21,A,f
ec0b5e92-4f0f-77a4-a0cd-9349f7ae63c3,4f8ace03-2e04-4b18-8627-1ebba41de43f,40d412e8-fc3b-5972-8ff2-90b35de8a2d3,2026-27,4,17.19,17.64,17.95,33.83,86.61,A,f
9354eac0-a8f1-09e3-3f54-89655733600d,aca7ceaa-6def-4e7c-be7a-2e5f8a48c140,f8b6ad01-594d-5e52-b325-ed9eb13211e1,2026-27,2,18.69,17.35,18.59,38.3,92.93,A+,f
4dd04160-a26c-74d5-4094-892dcbb0fe72,aca7ceaa-6def-4e7c-be7a-2e5f8a48c140,f27d152a-f613-51a3-aea8-0506e5d24c3a,2026-27,2,17.69,17.55,17.69,34.8,87.73,A,f
2bf7bc87-f20d-ec5c-ead0-95cedff5a2f0,aca7ceaa-6def-4e7c-be7a-2e5f8a48c140,5297007a-130e-5341-af7a-4e9027c2dadf,2026-27,2,16.59,17.05,18.19,37.0,88.83,A,f
f3bfb9b1-e239-346f-475e-88c1c6bb31b5,aca7ceaa-6def-4e7c-be7a-2e5f8a48c140,c8e42f25-4acd-5f8b-8bce-f0cab27cc71f,2026-27,2,16.69,16.65,18.19,35.6,87.13,A,f
7d9e1c15-1639-8483-40cc-9d2b50a99232,aca7ceaa-6def-4e7c-be7a-2e5f8a48c140,5ceb5573-0231-5d70-848b-193fcfdb644c,2026-27,2,16.79,17.45,19.19,33.7,87.13,A,f
58e570f6-bf7a-50b9-fb29-b6afc63efc1d,ace83e17-34a2-4d4f-b078-852aba41c658,730c5632-33dc-5e69-a798-6135043a47aa,2026-27,4,17.56,16.41,16.12,36.54,86.63,A,f
e6b75c50-0696-d547-237c-9be47ca33a9d,ace83e17-34a2-4d4f-b078-852aba41c658,21e87180-7538-5689-922d-8889674702ed,2026-27,4,18.46,17.71,16.72,34.04,86.93,A,f
4a5bf7a4-9c05-415d-1084-b6a6f012e0b9,ace83e17-34a2-4d4f-b078-852aba41c658,a71f945b-22bf-5921-85a0-cb1acd7cb2e6,2026-27,4,16.76,18.01,17.32,34.84,86.93,A,f
98ad602b-ebf8-78ac-f1f5-92495554a3cb,ace83e17-34a2-4d4f-b078-852aba41c658,859db046-894d-53cc-8cb4-3643d0c7f1fe,2026-27,4,15.66,15.21,18.22,31.24,80.33,A,f
f2f02c97-6333-8074-a36d-a97353e1bde3,ace83e17-34a2-4d4f-b078-852aba41c658,40d412e8-fc3b-5972-8ff2-90b35de8a2d3,2026-27,4,16.16,15.81,16.62,36.34,84.93,A,f
e4032cef-68fe-9ecd-60a7-edca58e555e2,34e68226-d81d-40b3-bc05-41e178b298b1,730c5632-33dc-5e69-a798-6135043a47aa,2026-27,4,17.52,16.67,18.59,35.34,88.12,A,f
9ea0da3f-c8a6-b4df-f01e-a1c4e9323129,34e68226-d81d-40b3-bc05-41e178b298b1,21e87180-7538-5689-922d-8889674702ed,2026-27,4,17.02,18.67,17.29,33.34,86.32,A,f
99a99c99-599a-cb76-b795-8e04aacc7f14,34e68226-d81d-40b3-bc05-41e178b298b1,a71f945b-22bf-5921-85a0-cb1acd7cb2e6,2026-27,4,18.52,17.87,18.29,37.54,92.22,A+,f
eceb1ef5-b756-efd3-6ebf-c5ad6d2a3112,34e68226-d81d-40b3-bc05-41e178b298b1,859db046-894d-53cc-8cb4-3643d0c7f1fe,2026-27,4,16.12,18.27,19.09,33.84,87.32,A,f
6b9d46b3-d514-a30f-ca38-6afd27f93d6d,34e68226-d81d-40b3-bc05-41e178b298b1,40d412e8-fc3b-5972-8ff2-90b35de8a2d3,2026-27,4,18.52,17.17,17.59,37.04,90.32,A+,f
57380ba6-e267-7e28-4adb-78047a307550,b2fbba87-7a8e-47c4-b4ed-533c9e250d62,29f10515-0a52-55f4-896b-fa882e11e38e,2026-27,6,17.55,17.9,17.44,32.46,85.35,A,f
f3884285-8ff1-997c-c596-9b46e869b346,b2fbba87-7a8e-47c4-b4ed-533c9e250d62,2bc3bd90-0760-5d47-9467-5a5992c412e5,2026-27,6,16.45,16.7,19.34,33.36,85.85,A,f
cf8b2516-c98a-7494-8fd4-99869d824a3f,b2fbba87-7a8e-47c4-b4ed-533c9e250d62,d9518e1b-06ba-5f43-b6b9-67d017eaae5d,2026-27,6,17.35,19.0,17.94,34.46,88.75,A,f
d2eb1eca-00b4-41e4-46a0-7d7d23a4b63c,b2fbba87-7a8e-47c4-b4ed-533c9e250d62,005078bd-c539-5c44-a631-7e7dd9fb778c,2026-27,6,18.65,15.8,17.14,36.86,88.45,A,f
e085ca1e-fb36-800f-6ccd-3aedf507ae07,b2fbba87-7a8e-47c4-b4ed-533c9e250d62,539f9c66-84f9-5b19-943a-cb15d62bbc33,2026-27,6,17.45,17.9,16.74,32.56,84.65,A,f
6be61ce2-21ee-408c-1ea9-b61ab39517eb,9f9059af-8f3b-43ba-b3b0-8972e2911d53,29f10515-0a52-55f4-896b-fa882e11e38e,2026-27,6,16.61,15.46,17.9,35.07,85.04,A,f
7321fc2f-8a70-98d0-b4ec-253d74257fbe,9f9059af-8f3b-43ba-b3b0-8972e2911d53,2bc3bd90-0760-5d47-9467-5a5992c412e5,2026-27,6,17.31,17.86,17.8,33.97,86.94,A,f
bee55e60-1cfb-4bf2-d480-4cc1237039f7,9f9059af-8f3b-43ba-b3b0-8972e2911d53,d9518e1b-06ba-5f43-b6b9-67d017eaae5d,2026-27,6,16.51,18.66,19.6,37.47,92.24,A+,f
906c7992-96d3-57c8-3936-4e434c525467,9f9059af-8f3b-43ba-b3b0-8972e2911d53,005078bd-c539-5c44-a631-7e7dd9fb778c,2026-27,6,17.31,18.76,17.8,36.17,90.04,A+,f
040908ba-f20a-f3c3-03f2-e8ecb5f2662c,9f9059af-8f3b-43ba-b3b0-8972e2911d53,539f9c66-84f9-5b19-943a-cb15d62bbc33,2026-27,6,17.01,17.46,18.9,35.97,89.34,A,f
4c466112-1333-3eaa-f201-08e8d444b4c8,4e90571e-8d29-4026-98ac-70ef5babc57f,730c5632-33dc-5e69-a798-6135043a47aa,2026-27,4,18.03,16.97,15.87,32.72,83.59,A,f
780c7a35-faa5-842e-6129-d6ff65a847b8,4e90571e-8d29-4026-98ac-70ef5babc57f,21e87180-7538-5689-922d-8889674702ed,2026-27,4,16.13,14.77,18.67,32.12,81.69,A,f
1b1bd4e6-04f5-d5f6-2628-784ace762f6e,4e90571e-8d29-4026-98ac-70ef5babc57f,a71f945b-22bf-5921-85a0-cb1acd7cb2e6,2026-27,4,15.83,15.87,16.17,36.12,83.99,A,f
4cb9a7b3-5351-63a2-7cfb-31fe49f1deaa,4e90571e-8d29-4026-98ac-70ef5babc57f,859db046-894d-53cc-8cb4-3643d0c7f1fe,2026-27,4,17.63,16.17,16.17,36.12,86.09,A,f
38af0aa0-8d3b-1ba5-1902-c9d005af5c7f,4e90571e-8d29-4026-98ac-70ef5babc57f,40d412e8-fc3b-5972-8ff2-90b35de8a2d3,2026-27,4,15.93,17.57,17.37,32.32,83.19,A,f
0e47b434-bd2b-00a8-ee59-5cc98573f2ef,539f828a-a8b4-48f7-bd82-b6a031f44596,730c5632-33dc-5e69-a798-6135043a47aa,2026-27,4,19.3,17.07,18.11,36.65,91.13,A+,f
57142a7c-b3fb-e6c0-e156-6ac036dbaaea,539f828a-a8b4-48f7-bd82-b6a031f44596,21e87180-7538-5689-922d-8889674702ed,2026-27,4,18.9,19.47,17.11,37.35,92.83,A+,f
35c8c588-345a-daa4-958f-cde37ed99b03,539f828a-a8b4-48f7-bd82-b6a031f44596,a71f945b-22bf-5921-85a0-cb1acd7cb2e6,2026-27,4,18.0,18.37,19.31,37.25,92.93,A+,f
19e74238-5d92-fb82-92a7-de4b4d79a3ff,539f828a-a8b4-48f7-bd82-b6a031f44596,859db046-894d-53cc-8cb4-3643d0c7f1fe,2026-27,4,17.6,16.97,19.51,37.45,91.53,A+,f
afe0afdd-31cd-0a7d-fc76-1e76275a2c11,539f828a-a8b4-48f7-bd82-b6a031f44596,40d412e8-fc3b-5972-8ff2-90b35de8a2d3,2026-27,4,16.7,18.07,19.71,37.45,91.93,A+,f
fe63b03f-9b54-ec0d-f1d8-905ed62e4c4f,811c98a0-25c2-44fa-9c07-14c33bdcd376,730c5632-33dc-5e69-a798-6135043a47aa,2026-27,4,19.03,19.39,17.93,37.37,93.72,A+,f
376c2a2d-6eee-2ef9-c340-dd84dd506383,811c98a0-25c2-44fa-9c07-14c33bdcd376,21e87180-7538-5689-922d-8889674702ed,2026-27,4,17.83,17.59,19.33,36.67,91.42,A+,f
835e3756-757c-3478-3589-6d27a917bfcc,811c98a0-25c2-44fa-9c07-14c33bdcd376,a71f945b-22bf-5921-85a0-cb1acd7cb2e6,2026-27,4,19.43,16.59,19.43,38.07,93.52,A+,f
b423bcbb-6296-79ed-f9ef-037903e6af4b,811c98a0-25c2-44fa-9c07-14c33bdcd376,859db046-894d-53cc-8cb4-3643d0c7f1fe,2026-27,4,18.13,16.79,19.33,32.67,86.92,A,f
bbd88680-3f11-2625-1077-7e634e670b5e,811c98a0-25c2-44fa-9c07-14c33bdcd376,40d412e8-fc3b-5972-8ff2-90b35de8a2d3,2026-27,4,16.53,17.49,18.03,36.67,88.72,A,f
7faf85b9-ef7d-6c44-4cb6-196eb79d3ea2,c22956f4-b3a4-46af-bcbf-42c05e08acff,f8b6ad01-594d-5e52-b325-ed9eb13211e1,2026-27,2,18.56,18.73,18.27,35.84,91.4,A+,f
bffd875a-b64b-010f-b3eb-d9ad0df176a3,c22956f4-b3a4-46af-bcbf-42c05e08acff,f27d152a-f613-51a3-aea8-0506e5d24c3a,2026-27,2,16.46,18.73,18.77,37.24,91.2,A+,f
a4603770-7658-a19f-0eda-c8f4b1407a9f,c22956f4-b3a4-46af-bcbf-42c05e08acff,5297007a-130e-5341-af7a-4e9027c2dadf,2026-27,2,18.76,17.83,19.17,37.74,93.5,A+,f
11f1a88f-e173-357f-45d5-aa5e95d688b9,c22956f4-b3a4-46af-bcbf-42c05e08acff,c8e42f25-4acd-5f8b-8bce-f0cab27cc71f,2026-27,2,17.96,15.93,19.67,35.54,89.1,A,f
511495df-5ec3-adb7-b467-73108fd46af8,c22956f4-b3a4-46af-bcbf-42c05e08acff,5ceb5573-0231-5d70-848b-193fcfdb644c,2026-27,2,18.46,16.23,17.17,36.54,88.4,A,f
3eb56803-e5e8-9a67-cd89-b31ed7ecbd58,ed40ade3-3132-4839-ab4c-9622a8e92494,f8b6ad01-594d-5e52-b325-ed9eb13211e1,2026-27,2,16.74,17.61,17.75,34.82,86.92,A,f
e63cfb00-01ec-0fb2-ff25-47fd783a1c7b,ed40ade3-3132-4839-ab4c-9622a8e92494,f27d152a-f613-51a3-aea8-0506e5d24c3a,2026-27,2,18.84,18.31,17.55,34.22,88.92,A,f
39902389-787d-c616-8662-cc2f783be659,ed40ade3-3132-4839-ab4c-9622a8e92494,5297007a-130e-5341-af7a-4e9027c2dadf,2026-27,2,16.84,17.11,18.55,35.12,87.62,A,f
fa93538a-29f6-d14e-3d61-18cd5d03d481,ed40ade3-3132-4839-ab4c-9622a8e92494,c8e42f25-4acd-5f8b-8bce-f0cab27cc71f,2026-27,2,18.64,16.51,17.55,36.32,89.02,A,f
45b2d849-34fa-88ea-ef96-fff55a0716f3,ed40ade3-3132-4839-ab4c-9622a8e92494,5ceb5573-0231-5d70-848b-193fcfdb644c,2026-27,2,19.04,16.71,17.35,35.72,88.82,A,f
b82e19f2-3696-94b8-ab56-be29fcf29fdd,828d8c74-0036-4277-81af-d4700dfc81c6,29f10515-0a52-55f4-896b-fa882e11e38e,2026-27,6,18.7,15.04,17.25,36.12,87.11,A,f
21bb4c81-9251-489e-617d-d49daad2215d,828d8c74-0036-4277-81af-d4700dfc81c6,2bc3bd90-0760-5d47-9467-5a5992c412e5,2026-27,6,17.9,16.84,18.45,31.92,85.11,A,f
61a87050-c824-450e-9e20-1e0788a1c4dd,828d8c74-0036-4277-81af-d4700dfc81c6,d9518e1b-06ba-5f43-b6b9-67d017eaae5d,2026-27,6,17.2,17.24,16.15,32.12,82.71,A,f
0e1e7ee8-547a-ba1d-d9e9-c980d7622f09,828d8c74-0036-4277-81af-d4700dfc81c6,005078bd-c539-5c44-a631-7e7dd9fb778c,2026-27,6,18.6,18.64,17.15,32.32,86.71,A,f
ff36a830-885b-df4f-acd1-bd3f6be643b1,828d8c74-0036-4277-81af-d4700dfc81c6,539f9c66-84f9-5b19-943a-cb15d62bbc33,2026-27,6,16.6,16.44,17.25,31.82,82.11,A,f
9e3f36ed-5d85-ac10-8ce1-b0a755f060bc,825b1a2c-10a0-4580-82e9-2d9a53634557,730c5632-33dc-5e69-a798-6135043a47aa,2026-27,4,18.57,16.13,17.77,32.33,84.8,A,f
d3af1eee-f091-a211-c5c3-c42f92126f2a,825b1a2c-10a0-4580-82e9-2d9a53634557,21e87180-7538-5689-922d-8889674702ed,2026-27,4,16.87,19.43,18.67,32.33,87.3,A,f
f7bbfd4c-c628-bc64-1780-943023b3464a,825b1a2c-10a0-4580-82e9-2d9a53634557,a71f945b-22bf-5921-85a0-cb1acd7cb2e6,2026-27,4,17.67,17.73,19.67,35.63,90.7,A+,f
da33f59a-d17b-571c-dd80-87220da622bd,825b1a2c-10a0-4580-82e9-2d9a53634557,859db046-894d-53cc-8cb4-3643d0c7f1fe,2026-27,4,16.57,15.73,17.07,34.93,84.3,A,f
c7c7262a-7ad7-f0b1-f80f-35e5225b22d1,825b1a2c-10a0-4580-82e9-2d9a53634557,40d412e8-fc3b-5972-8ff2-90b35de8a2d3,2026-27,4,16.37,16.83,18.27,34.13,85.6,A,f
9a39e69c-8f28-b41a-14e3-26f62474fc0f,0978d6d4-2569-4a6c-bcb2-82a95e2ed768,c697ab81-ffed-5fa6-9b51-be0954571d20,2026-27,1,14.58,15.59,16.55,32.63,79.35,B+,f
44461ac4-bfe2-7ef8-267f-8d4bcc3be3d3,0978d6d4-2569-4a6c-bcb2-82a95e2ed768,cc6bfe47-d156-5f3c-a0a6-64be53ff1202,2026-27,1,14.48,14.99,16.45,33.43,79.35,B+,f
3879121c-da1b-aa50-2fbd-2c373cfec215,0978d6d4-2569-4a6c-bcb2-82a95e2ed768,945cbb28-3a50-5ed1-8e70-c416ee3f92f0,2026-27,1,17.28,15.49,17.45,27.83,78.05,B+,f
36933a93-b665-d4c0-d9c5-7a73bc4b52c1,0978d6d4-2569-4a6c-bcb2-82a95e2ed768,325f5f11-db40-5f00-816d-d66357e36c70,2026-27,1,14.88,13.39,14.85,29.83,72.95,B+,f
b976b8be-2190-4be6-8612-03109db52d6f,0978d6d4-2569-4a6c-bcb2-82a95e2ed768,817d9a6f-e405-58f8-991b-373c31bd4e25,2026-27,1,16.58,13.39,16.95,28.53,75.45,B+,f
3380ff05-d495-e054-5d6b-68ceb29a2c25,7380c0eb-edee-48e7-93bd-f24851bc903c,29f10515-0a52-55f4-896b-fa882e11e38e,2026-27,6,19.29,19.16,17.91,37.05,93.41,A+,f
9540122a-f5c5-e9a8-1046-68e9010b797b,7380c0eb-edee-48e7-93bd-f24851bc903c,2bc3bd90-0760-5d47-9467-5a5992c412e5,2026-27,6,18.09,17.46,19.61,35.15,90.31,A+,f
412ddc6b-3f81-b68d-87ba-91890a987527,7380c0eb-edee-48e7-93bd-f24851bc903c,d9518e1b-06ba-5f43-b6b9-67d017eaae5d,2026-27,6,19.19,18.86,18.21,36.15,92.41,A+,f
7023ba65-8ee1-e7ca-8128-5d6095dd7e91,7380c0eb-edee-48e7-93bd-f24851bc903c,005078bd-c539-5c44-a631-7e7dd9fb778c,2026-27,6,19.29,16.86,18.21,35.35,89.71,A,f
ed13c86b-05cb-9389-84d6-73d1730093ee,7380c0eb-edee-48e7-93bd-f24851bc903c,539f9c66-84f9-5b19-943a-cb15d62bbc33,2026-27,6,17.19,18.96,17.51,38.65,92.31,A+,f
b9991509-9599-9bf5-baea-0523ae5e0fbb,26061ff7-9b8e-4726-b727-d3b4a95d28bf,730c5632-33dc-5e69-a798-6135043a47aa,2026-27,4,16.41,18.27,17.91,34.42,87.01,A,f
77b5fc56-50f8-a59c-4571-fdd2736928c5,26061ff7-9b8e-4726-b727-d3b4a95d28bf,21e87180-7538-5689-922d-8889674702ed,2026-27,4,17.71,16.37,18.51,35.72,88.31,A,f
50f5bff3-1097-3388-c646-5870b127ff81,26061ff7-9b8e-4726-b727-d3b4a95d28bf,a71f945b-22bf-5921-85a0-cb1acd7cb2e6,2026-27,4,17.71,15.67,17.51,32.82,83.71,A,f
18c63295-bf8a-c2b5-464f-c1e6b73d5d74,26061ff7-9b8e-4726-b727-d3b4a95d28bf,859db046-894d-53cc-8cb4-3643d0c7f1fe,2026-27,4,18.11,18.77,19.61,37.22,93.71,A+,f
7ab3602a-88ef-6511-3eb3-1f99452c4ce9,26061ff7-9b8e-4726-b727-d3b4a95d28bf,40d412e8-fc3b-5972-8ff2-90b35de8a2d3,2026-27,4,16.61,18.57,17.71,37.22,90.11,A+,f
a09ab5c5-c97d-b57d-4009-12fde7cdd070,8c3fde4c-2d89-4665-8630-4d634cac6790,29f10515-0a52-55f4-896b-fa882e11e38e,2026-27,6,17.25,15.46,15.84,30.66,79.21,B+,f
04d357f0-6bb3-472a-20a5-ce1a7db6e0f6,8c3fde4c-2d89-4665-8630-4d634cac6790,2bc3bd90-0760-5d47-9467-5a5992c412e5,2026-27,6,16.25,16.16,15.44,28.46,76.31,B+,f
52512055-4cef-a6f5-1cf8-7f465645e482,8c3fde4c-2d89-4665-8630-4d634cac6790,d9518e1b-06ba-5f43-b6b9-67d017eaae5d,2026-27,6,15.45,15.56,15.54,32.26,78.81,B+,f
38f4a814-8e52-1d1c-4f92-e445728b57cb,8c3fde4c-2d89-4665-8630-4d634cac6790,005078bd-c539-5c44-a631-7e7dd9fb778c,2026-27,6,15.95,15.36,17.74,31.86,80.91,A,f
01f61be6-347c-98d4-3594-1c7082315d53,8c3fde4c-2d89-4665-8630-4d634cac6790,539f9c66-84f9-5b19-943a-cb15d62bbc33,2026-27,6,16.65,15.86,17.94,32.56,83.01,A,f
e4c3cbcf-5d79-467c-7232-17669996625f,d5faef6d-1c0f-42d0-bd08-c6248a06652d,730c5632-33dc-5e69-a798-6135043a47aa,2026-27,4,17.22,18.17,19.1,34.85,89.34,A,f
bf150918-20ab-2400-0ece-e69d62c57410,d5faef6d-1c0f-42d0-bd08-c6248a06652d,21e87180-7538-5689-922d-8889674702ed,2026-27,4,16.42,16.17,18.4,32.25,83.24,A,f
d1e0510a-0cce-6a53-7fad-a35169942e9c,d5faef6d-1c0f-42d0-bd08-c6248a06652d,a71f945b-22bf-5921-85a0-cb1acd7cb2e6,2026-27,4,18.52,15.87,17.1,33.75,85.24,A,f
72085c99-42f1-f170-2c78-edd6db425df6,d5faef6d-1c0f-42d0-bd08-c6248a06652d,859db046-894d-53cc-8cb4-3643d0c7f1fe,2026-27,4,19.02,18.57,19.4,37.35,94.34,A+,f
776a6900-9eb8-c56e-4bff-f1e08f7b1405,d5faef6d-1c0f-42d0-bd08-c6248a06652d,40d412e8-fc3b-5972-8ff2-90b35de8a2d3,2026-27,4,18.82,15.37,16.7,36.45,87.34,A,f
03163e7b-8ac0-e578-0089-2dc868af22c8,712ff425-dba8-4bb2-9d76-10c41a7aff9a,730c5632-33dc-5e69-a798-6135043a47aa,2026-27,4,18.7,19.78,20.0,38.8,97.28,A+,f
5708eb8e-6336-ffff-0b2e-cdb759006712,712ff425-dba8-4bb2-9d76-10c41a7aff9a,21e87180-7538-5689-922d-8889674702ed,2026-27,4,19.9,16.88,19.15,35.4,91.33,A+,f
87ddd8d3-47f7-6070-bf82-8d7cc0c788a4,712ff425-dba8-4bb2-9d76-10c41a7aff9a,a71f945b-22bf-5921-85a0-cb1acd7cb2e6,2026-27,4,19.2,16.98,18.65,39.3,94.13,A+,f
154b44dd-e73e-7cfb-059a-a149568c8074,712ff425-dba8-4bb2-9d76-10c41a7aff9a,859db046-894d-53cc-8cb4-3643d0c7f1fe,2026-27,4,19.9,17.98,19.85,38.2,95.93,A+,f
97505e02-a829-6781-731d-0fe354574329,712ff425-dba8-4bb2-9d76-10c41a7aff9a,40d412e8-fc3b-5972-8ff2-90b35de8a2d3,2026-27,4,18.2,18.88,19.05,34.9,91.03,A+,f
de542de2-c25c-54cc-bf20-40935e093b27,5498f25a-ee5d-470f-ad4e-77381e770e42,f8b6ad01-594d-5e52-b325-ed9eb13211e1,2026-27,2,18.16,18.41,16.12,31.34,84.03,A,f
9b4c05e3-ed7a-04be-193f-8d87f282fcfa,5498f25a-ee5d-470f-ad4e-77381e770e42,f27d152a-f613-51a3-aea8-0506e5d24c3a,2026-27,2,18.16,16.21,16.42,35.34,86.13,A,f
75f00379-ed7e-94d3-30ed-d65280bce0d7,5498f25a-ee5d-470f-ad4e-77381e770e42,5297007a-130e-5341-af7a-4e9027c2dadf,2026-27,2,17.56,17.91,16.32,33.24,85.03,A,f
7d840a67-e5b4-4136-5f52-c1fd49daed04,5498f25a-ee5d-470f-ad4e-77381e770e42,c8e42f25-4acd-5f8b-8bce-f0cab27cc71f,2026-27,2,16.26,18.21,17.42,32.64,84.53,A,f
b105c68a-1724-b43a-e55e-f619fa7841f0,5498f25a-ee5d-470f-ad4e-77381e770e42,5ceb5573-0231-5d70-848b-193fcfdb644c,2026-27,2,17.96,15.91,17.02,34.24,85.13,A,f
759c5682-a3a2-35ae-56a6-1b537a8da6e6,5c6cc2ed-3771-47f4-8f7f-556ebbe393b5,29f10515-0a52-55f4-896b-fa882e11e38e,2026-27,6,16.34,16.79,18.42,33.49,85.04,A,f
953a4ba7-5b43-1ae8-de03-59a02c9482a5,5c6cc2ed-3771-47f4-8f7f-556ebbe393b5,2bc3bd90-0760-5d47-9467-5a5992c412e5,2026-27,6,16.14,16.19,17.52,32.79,82.64,A,f
b9832558-cc11-b8de-c2ac-e85f02bc9cd7,5c6cc2ed-3771-47f4-8f7f-556ebbe393b5,d9518e1b-06ba-5f43-b6b9-67d017eaae5d,2026-27,6,17.14,17.69,19.12,35.39,89.34,A,f
f1456019-5f02-8118-9aa4-a9e678ec0699,5c6cc2ed-3771-47f4-8f7f-556ebbe393b5,005078bd-c539-5c44-a631-7e7dd9fb778c,2026-27,6,16.04,15.89,16.92,33.29,82.14,A,f
c4ba418c-a415-a15f-5798-f16811d3f04b,5c6cc2ed-3771-47f4-8f7f-556ebbe393b5,539f9c66-84f9-5b19-943a-cb15d62bbc33,2026-27,6,18.94,17.49,16.52,34.99,87.94,A,f
dbc570dc-d78e-8a9d-e0f9-2f91581f8c93,7c835fa2-3d85-4d9b-8397-bda38fa681da,730c5632-33dc-5e69-a798-6135043a47aa,2026-27,4,17.09,17.76,17.92,36.38,89.15,A,f
d80b029f-62c9-2231-bca5-8a6a1461a77f,7c835fa2-3d85-4d9b-8397-bda38fa681da,21e87180-7538-5689-922d-8889674702ed,2026-27,4,17.99,16.06,17.62,35.28,86.95,A,f
1dba4c28-a96d-5bd9-9c08-025665c396ed,7c835fa2-3d85-4d9b-8397-bda38fa681da,a71f945b-22bf-5921-85a0-cb1acd7cb2e6,2026-27,4,19.59,18.96,19.12,36.68,94.35,A+,f
75623b46-ab2b-c181-1d56-9be7b102f702,7c835fa2-3d85-4d9b-8397-bda38fa681da,859db046-894d-53cc-8cb4-3643d0c7f1fe,2026-27,4,17.59,19.06,18.32,33.68,88.65,A,f
dfdcadab-cf75-7201-2260-5e7b29150741,7c835fa2-3d85-4d9b-8397-bda38fa681da,40d412e8-fc3b-5972-8ff2-90b35de8a2d3,2026-27,4,19.69,16.76,18.62,36.68,91.75,A+,f
55fcd35d-ab5b-ae59-4158-9c30c9189b49,c0ee9ff8-c659-4e90-94d2-978d4284b34a,730c5632-33dc-5e69-a798-6135043a47aa,2026-27,4,18.68,14.82,16.24,34.68,84.42,A,f
bd26ea0f-5a40-248e-4b9b-3d34daab259d,c0ee9ff8-c659-4e90-94d2-978d4284b34a,21e87180-7538-5689-922d-8889674702ed,2026-27,4,18.58,17.12,16.34,33.98,86.02,A,f
84bddcf7-b08a-2e07-d455-69f54d1d54f7,c0ee9ff8-c659-4e90-94d2-978d4284b34a,a71f945b-22bf-5921-85a0-cb1acd7cb2e6,2026-27,4,15.78,17.22,18.24,32.58,83.82,A,f
e451bac0-15ee-68bb-f2a7-ad033ec29d22,c0ee9ff8-c659-4e90-94d2-978d4284b34a,859db046-894d-53cc-8cb4-3643d0c7f1fe,2026-27,4,16.08,18.02,18.64,35.28,88.02,A,f
ecb18900-c062-8356-705d-da6caeb5879a,c0ee9ff8-c659-4e90-94d2-978d4284b34a,40d412e8-fc3b-5972-8ff2-90b35de8a2d3,2026-27,4,18.18,14.92,17.34,33.38,83.82,A,f
94587118-7c8c-e000-120c-9cdb39875f54,387649e6-2b27-4ab2-8f64-a27e321d983f,730c5632-33dc-5e69-a798-6135043a47aa,2026-27,4,18.6,17.44,16.45,35.9,88.39,A,f
2501fc68-2192-b19e-01c0-fcaf2e97e1bd,387649e6-2b27-4ab2-8f64-a27e321d983f,21e87180-7538-5689-922d-8889674702ed,2026-27,4,18.0,17.84,16.55,32.9,85.29,A,f
1b679e49-068f-1826-e986-7b24456f0d0b,387649e6-2b27-4ab2-8f64-a27e321d983f,a71f945b-22bf-5921-85a0-cb1acd7cb2e6,2026-27,4,17.8,15.44,16.45,31.0,80.69,A,f
813aa5fd-579b-32ff-2c6c-3d1ec774d156,387649e6-2b27-4ab2-8f64-a27e321d983f,859db046-894d-53cc-8cb4-3643d0c7f1fe,2026-27,4,17.5,15.34,17.45,35.4,85.69,A,f
f3a246c4-1820-28bc-fba9-26b749e1b134,387649e6-2b27-4ab2-8f64-a27e321d983f,40d412e8-fc3b-5972-8ff2-90b35de8a2d3,2026-27,4,18.5,18.04,16.95,32.6,86.09,A,f
9bdc50c4-76eb-54c3-7e6c-737b3abbf423,f0aa3c56-1768-4dcb-906a-9e974944c482,29f10515-0a52-55f4-896b-fa882e11e38e,2026-27,6,18.21,17.8,18.38,40.0,94.39,A+,f
15a083fd-07b4-e1ed-a198-abef0aa86c36,f0aa3c56-1768-4dcb-906a-9e974944c482,2bc3bd90-0760-5d47-9467-5a5992c412e5,2026-27,6,18.11,18.3,20.0,39.2,95.61,A+,f
b02f54ff-1c5a-ffd1-a245-9bb02682203e,f0aa3c56-1768-4dcb-906a-9e974944c482,d9518e1b-06ba-5f43-b6b9-67d017eaae5d,2026-27,6,18.21,19.6,19.78,37.5,95.09,A+,f
36622203-840c-0038-63e5-fe78d3f483fd,f0aa3c56-1768-4dcb-906a-9e974944c482,005078bd-c539-5c44-a631-7e7dd9fb778c,2026-27,6,19.81,19.0,20.0,40.0,98.81,A+,f
e956d1af-16b3-76b3-727a-20d6bbbf3614,f0aa3c56-1768-4dcb-906a-9e974944c482,539f9c66-84f9-5b19-943a-cb15d62bbc33,2026-27,6,18.31,20.0,20.0,40.0,98.31,A+,f
784c39dd-d6e5-bb38-33e7-5f13b23a9486,73246218-dea4-4b96-92ff-a3977ab84d18,f8b6ad01-594d-5e52-b325-ed9eb13211e1,2026-27,2,17.0,17.52,16.59,31.85,82.96,A,f
e4b3c4dd-695e-a46c-8e8b-01b7cb943b95,73246218-dea4-4b96-92ff-a3977ab84d18,f27d152a-f613-51a3-aea8-0506e5d24c3a,2026-27,2,14.8,14.82,16.29,33.75,79.66,B+,f
a31319ef-7619-6513-63cd-ac9433cf1767,73246218-dea4-4b96-92ff-a3977ab84d18,5297007a-130e-5341-af7a-4e9027c2dadf,2026-27,2,15.1,17.12,16.29,29.95,78.46,B+,f
48761459-e7a3-1c33-6a7b-84f6ba623a78,73246218-dea4-4b96-92ff-a3977ab84d18,c8e42f25-4acd-5f8b-8bce-f0cab27cc71f,2026-27,2,17.3,15.02,15.79,30.65,78.76,B+,f
3094cfd4-b427-c183-500e-a2ba1792aa4d,73246218-dea4-4b96-92ff-a3977ab84d18,5ceb5573-0231-5d70-848b-193fcfdb644c,2026-27,2,17.6,17.32,16.39,30.75,82.06,A,f
95310729-b3c9-aa78-ca6c-5bf70a26fecd,8f0e6792-b0ca-4f50-9384-741138a75598,c697ab81-ffed-5fa6-9b51-be0954571d20,2026-27,1,18.8,18.08,20.0,35.28,92.16,A+,f
1e76c53f-bede-3193-51ef-cd36260cb3c6,8f0e6792-b0ca-4f50-9384-741138a75598,cc6bfe47-d156-5f3c-a0a6-64be53ff1202,2026-27,1,17.5,18.78,19.15,38.38,93.81,A+,f
694f79d4-3fd1-4fce-a674-207f94c46a8c,8f0e6792-b0ca-4f50-9384-741138a75598,945cbb28-3a50-5ed1-8e70-c416ee3f92f0,2026-27,1,19.8,18.28,17.95,35.28,91.31,A+,f
d7ce4b6b-86b5-1f04-6155-012c20084e5e,8f0e6792-b0ca-4f50-9384-741138a75598,325f5f11-db40-5f00-816d-d66357e36c70,2026-27,1,18.8,16.88,19.35,37.28,92.31,A+,f
de92cc71-c8f3-788f-9d13-41abab066397,8f0e6792-b0ca-4f50-9384-741138a75598,817d9a6f-e405-58f8-991b-373c31bd4e25,2026-27,1,17.4,16.98,18.35,37.58,90.31,A+,f
13491f89-5d4b-54c4-c9f2-d16091322cae,50d8dbfa-8647-4f4a-b95e-4cc2e88534d6,f8b6ad01-594d-5e52-b325-ed9eb13211e1,2026-27,2,15.94,17.68,17.58,33.04,84.24,A,f
446c09a0-335b-7238-481b-2150dc52a753,50d8dbfa-8647-4f4a-b95e-4cc2e88534d6,f27d152a-f613-51a3-aea8-0506e5d24c3a,2026-27,2,17.04,16.18,16.98,31.04,81.24,A,f
7c4cc48b-1842-13e9-b555-9e00077c8451,50d8dbfa-8647-4f4a-b95e-4cc2e88534d6,5297007a-130e-5341-af7a-4e9027c2dadf,2026-27,2,18.04,14.98,16.98,36.24,86.24,A,f
f589d95c-309e-76cb-6f03-055593692ea8,50d8dbfa-8647-4f4a-b95e-4cc2e88534d6,c8e42f25-4acd-5f8b-8bce-f0cab27cc71f,2026-27,2,17.44,16.68,16.08,32.14,82.34,A,f
e0f24718-0dfc-fa21-935b-2cf59f01fd1c,50d8dbfa-8647-4f4a-b95e-4cc2e88534d6,5ceb5573-0231-5d70-848b-193fcfdb644c,2026-27,2,18.04,18.18,18.08,31.14,85.44,A,f
9a95eb90-f011-458f-9676-087ffa65581b,9f30ce9f-6e00-4afb-a85c-a4b2712dc148,730c5632-33dc-5e69-a798-6135043a47aa,2026-27,4,17.16,17.41,18.65,35.48,88.7,A,f
352daad4-9929-4969-5a6b-af035873df42,9f30ce9f-6e00-4afb-a85c-a4b2712dc148,21e87180-7538-5689-922d-8889674702ed,2026-27,4,16.26,16.51,17.45,37.98,88.2,A,f
62a552b2-3426-b8bf-73a8-549310bcf340,9f30ce9f-6e00-4afb-a85c-a4b2712dc148,a71f945b-22bf-5921-85a0-cb1acd7cb2e6,2026-27,4,18.06,16.31,17.45,37.18,89.0,A,f
89a375ea-369d-b790-818c-57a47d5bee50,9f30ce9f-6e00-4afb-a85c-a4b2712dc148,859db046-894d-53cc-8cb4-3643d0c7f1fe,2026-27,4,18.86,16.31,18.85,37.28,91.3,A+,f
174a4f0f-b97d-d56a-64db-42082d97ac0c,9f30ce9f-6e00-4afb-a85c-a4b2712dc148,40d412e8-fc3b-5972-8ff2-90b35de8a2d3,2026-27,4,17.76,17.31,17.35,35.88,88.3,A,f
0f00452a-2b95-7903-a6a1-3138a56cc45c,c2b3bd72-a29e-4f8b-baad-79f8b1569908,29f10515-0a52-55f4-896b-fa882e11e38e,2026-27,6,17.46,17.79,16.8,35.96,88.01,A,f
f44f4d58-0dd5-fdd8-2af7-f5aef6154adb,c2b3bd72-a29e-4f8b-baad-79f8b1569908,2bc3bd90-0760-5d47-9467-5a5992c412e5,2026-27,6,16.86,17.59,16.2,35.36,86.01,A,f
7884f36e-afd8-69f6-b732-6832189bc274,c2b3bd72-a29e-4f8b-baad-79f8b1569908,d9518e1b-06ba-5f43-b6b9-67d017eaae5d,2026-27,6,16.86,14.89,18.4,34.96,85.11,A,f
1cca5eaf-8c62-923b-348a-bfdf754f3fc3,c2b3bd72-a29e-4f8b-baad-79f8b1569908,005078bd-c539-5c44-a631-7e7dd9fb778c,2026-27,6,18.06,14.69,18.5,30.96,82.21,A,f
03076c6c-79c6-dea6-5622-e650cba78403,c2b3bd72-a29e-4f8b-baad-79f8b1569908,539f9c66-84f9-5b19-943a-cb15d62bbc33,2026-27,6,15.76,16.49,17.5,34.36,84.11,A,f
41b089fe-f7e3-e66a-96ba-9b6f00a13066,a7311312-bdf5-4157-b29e-dd9d9d830bf3,f8b6ad01-594d-5e52-b325-ed9eb13211e1,2026-27,2,18.7,19.4,19.5,40.0,97.6,A+,f
274100d4-8ce6-3f8f-be8d-cf27b48e5f14,a7311312-bdf5-4157-b29e-dd9d9d830bf3,f27d152a-f613-51a3-aea8-0506e5d24c3a,2026-27,2,18.1,18.9,20.0,40.0,97.0,A+,f
65d8b447-a492-933b-38fb-fbf3396d7c81,a7311312-bdf5-4157-b29e-dd9d9d830bf3,5297007a-130e-5341-af7a-4e9027c2dadf,2026-27,2,20.0,17.3,19.3,36.1,92.7,A+,f
b8dee24a-4e2a-629c-4333-955d6b51d111,a7311312-bdf5-4157-b29e-dd9d9d830bf3,c8e42f25-4acd-5f8b-8bce-f0cab27cc71f,2026-27,2,19.9,19.6,19.7,38.4,97.6,A+,f
58afddd6-bf34-e95f-26c1-825bdaff2aa5,a7311312-bdf5-4157-b29e-dd9d9d830bf3,5ceb5573-0231-5d70-848b-193fcfdb644c,2026-27,2,20.0,20.0,20.0,39.1,99.1,A+,f
f66a1461-018d-c035-02be-26fe91bbaa67,996351d8-9c51-4c46-992d-6e82a35f3644,c697ab81-ffed-5fa6-9b51-be0954571d20,2026-27,1,17.86,20.0,19.91,39.63,97.4,A+,f
ddcc489e-dc9a-ddd7-b8f1-69ac8a1d1ffc,996351d8-9c51-4c46-992d-6e82a35f3644,cc6bfe47-d156-5f3c-a0a6-64be53ff1202,2026-27,1,19.96,19.34,20.0,37.63,96.93,A+,f
4e5c3785-eac3-82eb-cd47-dce9d2fb17cb,996351d8-9c51-4c46-992d-6e82a35f3644,945cbb28-3a50-5ed1-8e70-c416ee3f92f0,2026-27,1,18.76,19.04,19.51,40.0,97.31,A+,f
c480607e-78dc-6f59-4d84-57a94d42beac,996351d8-9c51-4c46-992d-6e82a35f3644,325f5f11-db40-5f00-816d-d66357e36c70,2026-27,1,18.76,16.94,20.0,37.93,93.63,A+,f
ac9373a4-272a-5db6-85ff-47784d902dc9,996351d8-9c51-4c46-992d-6e82a35f3644,817d9a6f-e405-58f8-991b-373c31bd4e25,2026-27,1,18.86,16.94,18.91,36.43,91.14,A+,f
47d55d0e-0c37-907c-8c09-3b28fbbc5e5a,cc26aa44-21c3-4e9e-996a-07a135e1c8f2,c697ab81-ffed-5fa6-9b51-be0954571d20,2026-27,1,16.96,18.9,16.52,31.76,84.14,A,f
001680e8-ffec-1e30-9c1e-c565e08e0cc9,cc26aa44-21c3-4e9e-996a-07a135e1c8f2,cc6bfe47-d156-5f3c-a0a6-64be53ff1202,2026-27,1,17.86,17.4,16.22,32.36,83.84,A,f
63050dfe-7d96-1e82-8006-730e33a08d49,cc26aa44-21c3-4e9e-996a-07a135e1c8f2,945cbb28-3a50-5ed1-8e70-c416ee3f92f0,2026-27,1,17.56,17.5,16.22,32.16,83.44,A,f
ef7523ab-e996-c4c1-c777-1a078286467a,cc26aa44-21c3-4e9e-996a-07a135e1c8f2,325f5f11-db40-5f00-816d-d66357e36c70,2026-27,1,18.56,17.4,18.42,30.96,85.34,A,f
e6263a7f-2689-debe-5fc9-03742d7a2090,cc26aa44-21c3-4e9e-996a-07a135e1c8f2,817d9a6f-e405-58f8-991b-373c31bd4e25,2026-27,1,18.46,17.1,18.32,33.76,87.64,A,f
5c20c669-a9a3-bc88-e6ed-3257f5fccd2d,bdccaded-65ea-4501-aede-7ce1561e758b,29f10515-0a52-55f4-896b-fa882e11e38e,2026-27,6,17.58,18.03,16.76,33.6,85.97,A,f
0c8fedeb-3055-3505-53a3-27aff09da202,bdccaded-65ea-4501-aede-7ce1561e758b,2bc3bd90-0760-5d47-9467-5a5992c412e5,2026-27,6,16.38,17.13,16.56,36.6,86.67,A,f
f02f9464-cb72-732f-522e-c89819e40caf,bdccaded-65ea-4501-aede-7ce1561e758b,d9518e1b-06ba-5f43-b6b9-67d017eaae5d,2026-27,6,18.88,16.13,16.66,32.4,84.07,A,f
d93179c5-486a-c206-d869-7a0523c56f65,bdccaded-65ea-4501-aede-7ce1561e758b,005078bd-c539-5c44-a631-7e7dd9fb778c,2026-27,6,17.78,16.83,16.56,33.8,84.97,A,f
a2d6ab41-3197-44f6-bfb9-c8d0a3e5c580,bdccaded-65ea-4501-aede-7ce1561e758b,539f9c66-84f9-5b19-943a-cb15d62bbc33,2026-27,6,16.18,17.33,18.16,37.9,89.57,A,f
a1c43a2f-f0ee-b60b-420a-923665b6ba8f,3c649419-c932-4826-ade9-8beb159a5559,f8b6ad01-594d-5e52-b325-ed9eb13211e1,2026-27,2,15.58,15.09,15.06,31.0,76.73,B+,f
18636f33-042b-4532-308d-97888c80717e,3c649419-c932-4826-ade9-8beb159a5559,f27d152a-f613-51a3-aea8-0506e5d24c3a,2026-27,2,16.78,15.49,17.86,28.5,78.63,B+,f
d863dd5d-2ce5-919e-f578-8bcb37a9b0f1,3c649419-c932-4826-ade9-8beb159a5559,5297007a-130e-5341-af7a-4e9027c2dadf,2026-27,2,14.78,14.29,15.56,33.0,77.63,B+,f
da41a684-b71a-38ea-85b4-a77a9f462404,3c649419-c932-4826-ade9-8beb159a5559,c8e42f25-4acd-5f8b-8bce-f0cab27cc71f,2026-27,2,16.38,15.09,16.66,29.4,77.53,B+,f
7d41a3bd-ece2-645c-88ba-5ef9eb91c151,3c649419-c932-4826-ade9-8beb159a5559,5ceb5573-0231-5d70-848b-193fcfdb644c,2026-27,2,15.68,15.09,17.06,29.3,77.13,B+,f
f3388c8a-b154-6087-2ebd-e90271df9a11,239fc409-b6bf-40db-b7de-8a32df040920,c697ab81-ffed-5fa6-9b51-be0954571d20,2026-27,1,15.62,15.16,17.07,31.62,79.47,B+,f
777c1d23-17d6-3aad-1774-9ecd8c4b5518,239fc409-b6bf-40db-b7de-8a32df040920,cc6bfe47-d156-5f3c-a0a6-64be53ff1202,2026-27,1,16.92,18.66,16.27,35.92,87.77,A,f
66ab642b-a9b0-eccd-e1a3-912dcc10246d,239fc409-b6bf-40db-b7de-8a32df040920,945cbb28-3a50-5ed1-8e70-c416ee3f92f0,2026-27,1,17.22,15.76,16.67,35.12,84.77,A,f
0f714f6f-767f-f75b-9950-0c45d0bb49e3,239fc409-b6bf-40db-b7de-8a32df040920,325f5f11-db40-5f00-816d-d66357e36c70,2026-27,1,18.32,15.46,15.97,32.72,82.47,A,f
511d8b2c-3bdb-9d40-d4df-fc4741635263,239fc409-b6bf-40db-b7de-8a32df040920,817d9a6f-e405-58f8-991b-373c31bd4e25,2026-27,1,17.12,16.26,15.97,32.42,81.77,A,f
d0d3ff3c-c11b-d89d-c7f1-30a95974e331,4f238c69-d0d9-42af-9c9b-82743b861003,c697ab81-ffed-5fa6-9b51-be0954571d20,2026-27,1,16.43,17.09,16.72,33.44,83.68,A,f
7603118f-b6b1-4596-cdad-f9214e8ecbc7,4f238c69-d0d9-42af-9c9b-82743b861003,cc6bfe47-d156-5f3c-a0a6-64be53ff1202,2026-27,1,18.03,18.09,19.12,32.54,87.78,A,f
b3e561ae-f216-3d68-30ef-e23161700391,4f238c69-d0d9-42af-9c9b-82743b861003,945cbb28-3a50-5ed1-8e70-c416ee3f92f0,2026-27,1,18.83,17.49,19.72,34.04,90.08,A+,f
2f49147f-40d7-87f4-c384-fd254ead7fd3,4f238c69-d0d9-42af-9c9b-82743b861003,325f5f11-db40-5f00-816d-d66357e36c70,2026-27,1,18.33,16.09,17.72,32.34,84.48,A,f
57a02048-6718-564f-30c1-aaa5bdc81a84,4f238c69-d0d9-42af-9c9b-82743b861003,817d9a6f-e405-58f8-991b-373c31bd4e25,2026-27,1,18.53,17.99,18.32,32.24,87.08,A,f
c2325b44-dcc0-03c6-bfa5-9d5fe187f5c2,989d7365-227f-4bdf-b747-3bdbfd414519,730c5632-33dc-5e69-a798-6135043a47aa,2026-27,4,20.0,19.24,20.0,40.0,99.24,A+,f
b8b1e55c-2deb-e4a0-4dd0-7a309dc5b676,989d7365-227f-4bdf-b747-3bdbfd414519,21e87180-7538-5689-922d-8889674702ed,2026-27,4,19.54,18.64,18.33,39.52,96.03,A+,f
4d6e010e-d31b-d208-1d26-78052de22ac8,989d7365-227f-4bdf-b747-3bdbfd414519,a71f945b-22bf-5921-85a0-cb1acd7cb2e6,2026-27,4,19.74,18.44,19.33,40.0,97.51,A+,f
dffaaa50-bc2e-3a6b-9645-7c5b61984be0,989d7365-227f-4bdf-b747-3bdbfd414519,859db046-894d-53cc-8cb4-3643d0c7f1fe,2026-27,4,18.64,19.24,19.23,37.82,94.93,A+,f
59d6e954-ffd9-88eb-1147-45820b2fbac1,989d7365-227f-4bdf-b747-3bdbfd414519,40d412e8-fc3b-5972-8ff2-90b35de8a2d3,2026-27,4,19.24,17.34,19.83,40.0,96.41,A+,f
61e62455-95a8-da53-e02c-18aaa000164d,2412b7f0-1aba-43e8-9d6c-63e430338438,29f10515-0a52-55f4-896b-fa882e11e38e,2026-27,6,15.76,17.8,17.01,34.69,85.26,A,f
45bf2d19-958b-5531-d7b4-f24dfa3939d9,2412b7f0-1aba-43e8-9d6c-63e430338438,2bc3bd90-0760-5d47-9467-5a5992c412e5,2026-27,6,16.96,17.7,16.91,33.49,85.06,A,f
e0ac50fc-8415-7fd9-1abd-8bda74728ed0,2412b7f0-1aba-43e8-9d6c-63e430338438,d9518e1b-06ba-5f43-b6b9-67d017eaae5d,2026-27,6,15.76,18.0,18.71,31.69,84.16,A,f
543615f1-b22e-5cb5-56ba-4c832590ea80,2412b7f0-1aba-43e8-9d6c-63e430338438,005078bd-c539-5c44-a631-7e7dd9fb778c,2026-27,6,16.36,17.7,15.81,35.49,85.36,A,f
d39486cb-a8b1-6fca-837f-f85253523a90,2412b7f0-1aba-43e8-9d6c-63e430338438,539f9c66-84f9-5b19-943a-cb15d62bbc33,2026-27,6,15.96,14.9,18.61,35.49,84.96,A,f
c61a4e30-0f71-d40c-d57c-63cec22bbb20,f9e7f15a-7fdf-479f-9430-2473469d0752,f8b6ad01-594d-5e52-b325-ed9eb13211e1,2026-27,2,18.6,18.47,19.12,36.78,92.97,A+,f
e53881b5-2539-9219-1861-2e9c9beced81,f9e7f15a-7fdf-479f-9430-2473469d0752,f27d152a-f613-51a3-aea8-0506e5d24c3a,2026-27,2,19.4,19.77,20.0,35.48,94.65,A+,f
e1d7d34a-ac38-0c8f-be83-cba47cfce66b,f9e7f15a-7fdf-479f-9430-2473469d0752,5297007a-130e-5341-af7a-4e9027c2dadf,2026-27,2,17.9,18.67,19.92,36.88,93.37,A+,f
b5ca2db4-9acb-12a5-4457-e3049566f4b4,f9e7f15a-7fdf-479f-9430-2473469d0752,c8e42f25-4acd-5f8b-8bce-f0cab27cc71f,2026-27,2,17.8,17.97,17.22,37.58,90.57,A+,f
77897526-b70e-7479-14f0-cd0cbdc8c7b6,f9e7f15a-7fdf-479f-9430-2473469d0752,5ceb5573-0231-5d70-848b-193fcfdb644c,2026-27,2,18.4,19.47,19.92,37.28,95.07,A+,f
cdd735a0-5003-3e77-e33c-0993efe54bbf,c6c034d5-5398-438a-939e-c289746d58a6,f8b6ad01-594d-5e52-b325-ed9eb13211e1,2026-27,2,17.58,18.86,17.82,38.81,93.07,A+,f
d2905fb5-85ed-b2b3-f200-97ffa92e2127,c6c034d5-5398-438a-939e-c289746d58a6,f27d152a-f613-51a3-aea8-0506e5d24c3a,2026-27,2,18.08,19.86,19.12,38.41,95.47,A+,f
98c39039-fedc-35a9-3445-7c5734c1a685,c6c034d5-5398-438a-939e-c289746d58a6,5297007a-130e-5341-af7a-4e9027c2dadf,2026-27,2,18.18,18.16,19.32,35.41,91.07,A+,f
2bbdc326-ef87-bd5e-796d-1565e4ae04a9,c6c034d5-5398-438a-939e-c289746d58a6,c8e42f25-4acd-5f8b-8bce-f0cab27cc71f,2026-27,2,18.38,17.46,17.52,36.21,89.57,A,f
0bb55d56-0bce-aa42-1dfc-fedfb7417add,c6c034d5-5398-438a-939e-c289746d58a6,5ceb5573-0231-5d70-848b-193fcfdb644c,2026-27,2,19.08,18.06,20.0,38.91,96.05,A+,f
264b9d1f-18ee-035c-7ebc-5c9d9f9d4b7c,255028ff-4668-4c76-b8c1-ba1e9a684c68,730c5632-33dc-5e69-a798-6135043a47aa,2026-27,4,15.46,17.68,15.86,30.09,79.09,B+,f
499856a4-2944-610c-18d2-555b2eed66e8,255028ff-4668-4c76-b8c1-ba1e9a684c68,21e87180-7538-5689-922d-8889674702ed,2026-27,4,15.76,15.28,16.46,29.39,76.89,B+,f
78452071-3aff-0105-1c43-97d76abcd611,255028ff-4668-4c76-b8c1-ba1e9a684c68,a71f945b-22bf-5921-85a0-cb1acd7cb2e6,2026-27,4,15.76,17.68,15.36,33.79,82.59,A,f
173ff5a6-fb61-a76a-e401-719dfd319d35,255028ff-4668-4c76-b8c1-ba1e9a684c68,859db046-894d-53cc-8cb4-3643d0c7f1fe,2026-27,4,15.66,17.58,15.06,29.69,77.99,B+,f
bf7dbd58-fe38-e8b0-1538-3392b9e66e78,255028ff-4668-4c76-b8c1-ba1e9a684c68,40d412e8-fc3b-5972-8ff2-90b35de8a2d3,2026-27,4,15.26,16.88,16.76,31.79,80.69,A,f
1ec109cf-73c1-fdf2-a8ba-ac9272d89050,9bcf43b7-8331-4915-85f3-54f312f1dac1,f8b6ad01-594d-5e52-b325-ed9eb13211e1,2026-27,2,18.74,17.39,17.01,31.94,85.08,A,f
3af0aae3-b247-41f0-646b-0538e80b54e5,9bcf43b7-8331-4915-85f3-54f312f1dac1,f27d152a-f613-51a3-aea8-0506e5d24c3a,2026-27,2,18.84,18.19,18.11,31.54,86.68,A,f
57e01ef5-2c71-6598-ad46-c6b280fdc07a,9bcf43b7-8331-4915-85f3-54f312f1dac1,5297007a-130e-5341-af7a-4e9027c2dadf,2026-27,2,18.04,15.39,18.31,35.44,87.18,A,f
f74a5c78-cb23-0f88-c3a4-1ab153c6e57d,9bcf43b7-8331-4915-85f3-54f312f1dac1,c8e42f25-4acd-5f8b-8bce-f0cab27cc71f,2026-27,2,17.64,18.89,17.91,34.34,88.78,A,f
3e2324c4-7237-78eb-8221-53617d710a2d,9bcf43b7-8331-4915-85f3-54f312f1dac1,5ceb5573-0231-5d70-848b-193fcfdb644c,2026-27,2,15.84,16.19,18.51,32.14,82.68,A,f
d5738c8e-69d9-b04b-581e-402d6b901177,4e3d90be-9d47-4eb7-8527-dba7131cc5e8,c697ab81-ffed-5fa6-9b51-be0954571d20,2026-27,1,16.86,18.21,18.83,34.43,88.33,A,f
75ee0b8c-185b-58da-3005-6769a576778a,4e3d90be-9d47-4eb7-8527-dba7131cc5e8,cc6bfe47-d156-5f3c-a0a6-64be53ff1202,2026-27,1,17.06,16.81,17.73,35.23,86.83,A,f
131f8620-f548-55d5-3678-fcf75025c102,4e3d90be-9d47-4eb7-8527-dba7131cc5e8,945cbb28-3a50-5ed1-8e70-c416ee3f92f0,2026-27,1,17.06,15.71,18.43,34.63,85.83,A,f
d7020ea5-416b-52ee-21d6-228aeb4d669f,4e3d90be-9d47-4eb7-8527-dba7131cc5e8,325f5f11-db40-5f00-816d-d66357e36c70,2026-27,1,16.76,19.21,17.13,33.93,87.03,A,f
586f52fd-7352-f473-753e-ed4d7926c808,4e3d90be-9d47-4eb7-8527-dba7131cc5e8,817d9a6f-e405-58f8-991b-373c31bd4e25,2026-27,1,16.56,18.71,18.83,34.23,88.33,A,f
712384d4-a6eb-2dfd-80ed-17428b5b2f9a,72d5d83c-8fec-4702-ad0a-f9ab6ed635ca,c697ab81-ffed-5fa6-9b51-be0954571d20,2026-27,1,15.39,15.82,15.82,32.3,79.33,B+,f
b617ff8b-d45d-2bf3-f68a-14a0451cfb6f,72d5d83c-8fec-4702-ad0a-f9ab6ed635ca,cc6bfe47-d156-5f3c-a0a6-64be53ff1202,2026-27,1,17.49,16.82,15.72,33.2,83.23,A,f
41fad4ee-9d5e-eb26-84a2-88c20d17ae95,72d5d83c-8fec-4702-ad0a-f9ab6ed635ca,945cbb28-3a50-5ed1-8e70-c416ee3f92f0,2026-27,1,16.99,15.92,17.82,35.0,85.73,A,f
66102fa5-84e2-9f9a-7861-3a559655d5f1,72d5d83c-8fec-4702-ad0a-f9ab6ed635ca,325f5f11-db40-5f00-816d-d66357e36c70,2026-27,1,17.19,17.02,15.72,33.3,83.23,A,f
ea04c818-7f4f-3f30-f13e-69b6a2ac2175,72d5d83c-8fec-4702-ad0a-f9ab6ed635ca,817d9a6f-e405-58f8-991b-373c31bd4e25,2026-27,1,17.69,18.32,18.62,30.6,85.23,A,f
dcf5b292-0a96-1457-8d5c-b7736523ee8b,aa36fed2-9311-4264-aea1-aa7a54e0a7b4,730c5632-33dc-5e69-a798-6135043a47aa,2026-27,4,17.42,17.55,16.84,29.7,81.51,A,f
953dca93-cecf-e5ce-84c4-a6887784866e,aa36fed2-9311-4264-aea1-aa7a54e0a7b4,21e87180-7538-5689-922d-8889674702ed,2026-27,4,15.92,17.75,15.74,32.6,82.01,A,f
f73310b6-3285-9cd3-ebaa-46b98a2e9400,aa36fed2-9311-4264-aea1-aa7a54e0a7b4,a71f945b-22bf-5921-85a0-cb1acd7cb2e6,2026-27,4,17.72,15.75,15.74,34.1,83.31,A,f
8e99fb6d-62e2-3554-3b15-bd0f3684cda8,aa36fed2-9311-4264-aea1-aa7a54e0a7b4,859db046-894d-53cc-8cb4-3643d0c7f1fe,2026-27,4,17.92,17.05,15.34,33.2,83.51,A,f
a3bedcbd-086b-efe0-8e0a-6ab43d4e5cd8,aa36fed2-9311-4264-aea1-aa7a54e0a7b4,40d412e8-fc3b-5972-8ff2-90b35de8a2d3,2026-27,4,16.32,17.25,16.64,31.6,81.81,A,f
bfea4ca5-97ad-e2b4-3fcb-2a103d484a3d,1c933004-18b4-4b09-91b5-5fb685f133c8,29f10515-0a52-55f4-896b-fa882e11e38e,2026-27,6,19.26,18.85,20.0,39.93,98.04,A+,f
6259e67c-a8ab-c6be-2544-a59d17102dec,1c933004-18b4-4b09-91b5-5fb685f133c8,2bc3bd90-0760-5d47-9467-5a5992c412e5,2026-27,6,18.36,16.95,19.53,35.73,90.57,A+,f
743c86e0-7cbb-2f14-1806-c15c5b472ee0,1c933004-18b4-4b09-91b5-5fb685f133c8,d9518e1b-06ba-5f43-b6b9-67d017eaae5d,2026-27,6,17.76,20.0,20.0,40.0,97.76,A+,f
536c3e85-42ec-8724-54cf-f452b652661c,1c933004-18b4-4b09-91b5-5fb685f133c8,005078bd-c539-5c44-a631-7e7dd9fb778c,2026-27,6,19.86,20.0,19.43,39.53,98.82,A+,f
3e43e300-c131-ac6d-ae30-9f3a4bd59de5,1c933004-18b4-4b09-91b5-5fb685f133c8,539f9c66-84f9-5b19-943a-cb15d62bbc33,2026-27,6,17.96,17.75,20.0,38.73,94.44,A+,f
3120fdd9-ec83-0638-2c3d-9501ff9575e4,aaa0772a-6377-4153-88e1-221fe96680f6,29f10515-0a52-55f4-896b-fa882e11e38e,2026-27,6,17.66,18.19,15.48,31.01,82.34,A,f
cdf34029-a7a1-84c8-fed8-f81559681824,aaa0772a-6377-4153-88e1-221fe96680f6,2bc3bd90-0760-5d47-9467-5a5992c412e5,2026-27,6,15.16,15.79,18.28,34.71,83.94,A,f
98aed188-0362-ed7b-648a-6149ea8b16a0,aaa0772a-6377-4153-88e1-221fe96680f6,d9518e1b-06ba-5f43-b6b9-67d017eaae5d,2026-27,6,15.36,15.19,16.58,32.61,79.74,B+,f
c7744757-16f2-6443-634b-e63908ded1d1,aaa0772a-6377-4153-88e1-221fe96680f6,005078bd-c539-5c44-a631-7e7dd9fb778c,2026-27,6,15.96,17.09,17.08,32.91,83.04,A,f
b95713be-63f3-4cf9-283e-d51a54c50489,aaa0772a-6377-4153-88e1-221fe96680f6,539f9c66-84f9-5b19-943a-cb15d62bbc33,2026-27,6,15.66,15.79,15.48,33.21,80.14,A,f
688314d7-cc98-1d7c-4d29-6333fc23995a,4c126d58-064d-4d70-84b0-887308fe829a,c697ab81-ffed-5fa6-9b51-be0954571d20,2026-27,1,17.94,19.43,18.7,38.62,94.69,A+,f
d3d5a4a8-ea4f-6deb-21a2-67637af019b0,4c126d58-064d-4d70-84b0-887308fe829a,cc6bfe47-d156-5f3c-a0a6-64be53ff1202,2026-27,1,18.04,17.13,18.4,37.32,90.89,A+,f
fd8858c3-3436-ad93-44d1-c61c68adc4db,4c126d58-064d-4d70-84b0-887308fe829a,945cbb28-3a50-5ed1-8e70-c416ee3f92f0,2026-27,1,18.54,18.53,19.4,35.62,92.09,A+,f
1c5b24e6-da44-0bca-ebfa-af622c354f32,4c126d58-064d-4d70-84b0-887308fe829a,325f5f11-db40-5f00-816d-d66357e36c70,2026-27,1,20.0,17.33,17.8,38.52,93.65,A+,f
a54c50a7-2526-cea3-b37f-2b09a55a0daa,4c126d58-064d-4d70-84b0-887308fe829a,817d9a6f-e405-58f8-991b-373c31bd4e25,2026-27,1,19.54,16.63,20.0,37.52,93.69,A+,f
6c5f1d1e-1d19-ca79-5e70-c0b2eced9a74,25e537ea-d4ab-4819-a3e8-d4b4f0bb3903,29f10515-0a52-55f4-896b-fa882e11e38e,2026-27,6,18.78,18.37,18.35,36.93,92.43,A+,f
7d6bfdcf-d6cf-0bb1-45e4-61fca256bc2a,25e537ea-d4ab-4819-a3e8-d4b4f0bb3903,2bc3bd90-0760-5d47-9467-5a5992c412e5,2026-27,6,18.68,17.27,18.25,35.13,89.33,A,f
fbf79b28-444a-77ec-9130-c91cec12d96c,25e537ea-d4ab-4819-a3e8-d4b4f0bb3903,d9518e1b-06ba-5f43-b6b9-67d017eaae5d,2026-27,6,18.48,20.0,20.0,34.83,93.31,A+,f
f9466a91-b835-b8bc-e121-391ba1e05a96,25e537ea-d4ab-4819-a3e8-d4b4f0bb3903,005078bd-c539-5c44-a631-7e7dd9fb778c,2026-27,6,17.98,16.67,20.0,37.03,91.68,A+,f
19337d1d-e3ef-6a8b-e9e6-917895f329a5,25e537ea-d4ab-4819-a3e8-d4b4f0bb3903,539f9c66-84f9-5b19-943a-cb15d62bbc33,2026-27,6,19.38,19.47,18.15,37.33,94.33,A+,f
bbb7acc7-79cc-c4e2-26db-d57a1d8e0d29,6c9046dc-39db-409f-9220-abe036a1d722,29f10515-0a52-55f4-896b-fa882e11e38e,2026-27,6,18.13,19.3,18.35,38.84,94.62,A+,f
b1f7308f-5b1d-03c1-342a-c44ca2a55a66,6c9046dc-39db-409f-9220-abe036a1d722,2bc3bd90-0760-5d47-9467-5a5992c412e5,2026-27,6,18.33,19.9,17.95,38.04,94.22,A+,f
6b7e2c7a-a375-674c-49fe-4ad187b09c17,6c9046dc-39db-409f-9220-abe036a1d722,d9518e1b-06ba-5f43-b6b9-67d017eaae5d,2026-27,6,16.93,16.4,18.75,38.94,91.02,A+,f
a75a7a82-d8fd-bcf0-21fd-2af44cc6a6e9,6c9046dc-39db-409f-9220-abe036a1d722,005078bd-c539-5c44-a631-7e7dd9fb778c,2026-27,6,19.73,19.4,17.65,33.54,90.32,A+,f
9ab4356f-6d16-ee20-820e-4742929dbbe7,6c9046dc-39db-409f-9220-abe036a1d722,539f9c66-84f9-5b19-943a-cb15d62bbc33,2026-27,6,16.93,19.0,19.75,38.54,94.22,A+,f
cf8bb0aa-3250-f7b4-d189-a64c894c405e,006401e0-058b-4699-baa5-b419dc78f05d,f8b6ad01-594d-5e52-b325-ed9eb13211e1,2026-27,2,16.52,17.78,17.03,38.67,90.0,A+,f
223d6923-017b-733c-57f7-3c38d6b8e02e,006401e0-058b-4699-baa5-b419dc78f05d,f27d152a-f613-51a3-aea8-0506e5d24c3a,2026-27,2,19.32,19.58,18.43,36.57,93.9,A+,f
8fbe21b4-77ba-a141-3418-ff6550e29356,006401e0-058b-4699-baa5-b419dc78f05d,5297007a-130e-5341-af7a-4e9027c2dadf,2026-27,2,17.42,17.28,18.83,38.67,92.2,A+,f
a5fbac4d-2226-71ca-bb36-7c87aafcd6bd,006401e0-058b-4699-baa5-b419dc78f05d,c8e42f25-4acd-5f8b-8bce-f0cab27cc71f,2026-27,2,17.32,17.68,17.43,35.17,87.6,A,f
1797c162-1712-4ff6-5313-25fac2a2aef3,006401e0-058b-4699-baa5-b419dc78f05d,5ceb5573-0231-5d70-848b-193fcfdb644c,2026-27,2,18.02,16.68,19.73,36.67,91.1,A+,f
04875012-a46b-0c5d-eb47-29da6117574d,2da760e9-22f1-4f8c-a9a6-f8c8558e9057,c697ab81-ffed-5fa6-9b51-be0954571d20,2026-27,1,17.56,19.44,17.89,37.24,92.13,A+,f
961d6e1f-5336-2785-a3f8-48a69c68c51d,2da760e9-22f1-4f8c-a9a6-f8c8558e9057,cc6bfe47-d156-5f3c-a0a6-64be53ff1202,2026-27,1,17.56,16.34,19.39,36.24,89.53,A,f
2c3543bd-2ef0-9118-114f-fbb850513d98,2da760e9-22f1-4f8c-a9a6-f8c8558e9057,945cbb28-3a50-5ed1-8e70-c416ee3f92f0,2026-27,1,19.66,17.64,19.69,36.84,93.83,A+,f
87023f97-350a-b07e-0a1f-3ccde46bdcf8,2da760e9-22f1-4f8c-a9a6-f8c8558e9057,325f5f11-db40-5f00-816d-d66357e36c70,2026-27,1,17.46,17.24,20.0,38.14,92.84,A+,f
ea103a8d-767a-c33d-4ad4-3dde5116dcb6,2da760e9-22f1-4f8c-a9a6-f8c8558e9057,817d9a6f-e405-58f8-991b-373c31bd4e25,2026-27,1,18.96,16.64,17.59,38.34,91.53,A+,f
65cd443c-2532-0dc8-aeaf-ee856d06adff,87410cc3-bbe5-4881-919c-09472ff3064d,29f10515-0a52-55f4-896b-fa882e11e38e,2026-27,6,15.28,16.1,17.08,31.26,79.72,B+,f
08fe7827-627f-6c0c-6f99-068088b7abb6,87410cc3-bbe5-4881-919c-09472ff3064d,2bc3bd90-0760-5d47-9467-5a5992c412e5,2026-27,6,16.88,17.4,17.68,33.96,85.92,A,f
d0decb6e-998d-439b-a38a-9ea3232a8449,87410cc3-bbe5-4881-919c-09472ff3064d,d9518e1b-06ba-5f43-b6b9-67d017eaae5d,2026-27,6,17.18,15.5,16.88,32.56,82.12,A,f
b60c3855-36d4-a3a7-edd6-b293759f0d4f,87410cc3-bbe5-4881-919c-09472ff3064d,005078bd-c539-5c44-a631-7e7dd9fb778c,2026-27,6,16.88,17.5,16.28,31.46,82.12,A,f
3f3af462-8434-0a15-2055-a4a277b8c1e4,87410cc3-bbe5-4881-919c-09472ff3064d,539f9c66-84f9-5b19-943a-cb15d62bbc33,2026-27,6,16.08,17.7,18.08,32.56,84.42,A,f
0d3bf550-92d1-ae1e-3883-cbe16f38a50d,88f418e6-ad4a-405b-95ef-10c82ae97bdb,29f10515-0a52-55f4-896b-fa882e11e38e,2026-27,6,18.03,17.56,16.65,31.62,83.86,A,f
17bcbfa5-dbfa-44f0-e886-7862bc7fb464,88f418e6-ad4a-405b-95ef-10c82ae97bdb,2bc3bd90-0760-5d47-9467-5a5992c412e5,2026-27,6,17.33,15.86,15.35,34.82,83.36,A,f
41bff597-5fb0-59a4-2a1b-c2bc005f60c8,88f418e6-ad4a-405b-95ef-10c82ae97bdb,d9518e1b-06ba-5f43-b6b9-67d017eaae5d,2026-27,6,16.83,17.36,15.85,32.42,82.46,A,f
a541f67d-f06d-375d-349d-55dcfadf8660,88f418e6-ad4a-405b-95ef-10c82ae97bdb,005078bd-c539-5c44-a631-7e7dd9fb778c,2026-27,6,15.53,16.26,16.25,31.12,79.16,B+,f
e2f96102-6fd2-a3db-79fe-c9890cb2819d,88f418e6-ad4a-405b-95ef-10c82ae97bdb,539f9c66-84f9-5b19-943a-cb15d62bbc33,2026-27,6,18.03,14.56,16.15,31.02,79.76,B+,f
f0e16b29-4228-8dd3-f0f8-f778f8c8ba46,53552857-59bc-466b-a1aa-8c218ba3668c,730c5632-33dc-5e69-a798-6135043a47aa,2026-27,4,16.86,18.91,19.23,36.13,91.13,A+,f
bd023ae9-f631-b047-9124-1d3f4987ae30,53552857-59bc-466b-a1aa-8c218ba3668c,21e87180-7538-5689-922d-8889674702ed,2026-27,4,16.36,15.81,19.33,36.53,88.03,A,f
66d40596-df29-4124-59eb-1f34f7cf9f2b,53552857-59bc-466b-a1aa-8c218ba3668c,a71f945b-22bf-5921-85a0-cb1acd7cb2e6,2026-27,4,18.86,18.11,18.13,34.73,89.83,A,f
1edc6ca1-7b33-72f2-d0fc-d96097810c03,53552857-59bc-466b-a1aa-8c218ba3668c,859db046-894d-53cc-8cb4-3643d0c7f1fe,2026-27,4,17.46,15.41,18.03,32.93,83.83,A,f
e372c247-e8f2-7b0c-46b3-475c059b1421,53552857-59bc-466b-a1aa-8c218ba3668c,40d412e8-fc3b-5972-8ff2-90b35de8a2d3,2026-27,4,17.46,16.81,19.03,31.73,85.03,A,f
07e10a9e-d96c-a5ad-4966-184502040fac,3775ddfe-542b-45fb-a34d-ec5a98bfaf13,f8b6ad01-594d-5e52-b325-ed9eb13211e1,2026-27,2,19.38,18.54,19.08,32.66,89.66,A,f
23144783-3b0e-fdfc-c3c5-f0bab3bcec7f,3775ddfe-542b-45fb-a34d-ec5a98bfaf13,f27d152a-f613-51a3-aea8-0506e5d24c3a,2026-27,2,17.38,17.04,18.18,36.26,88.86,A,f
626d9cd6-0a40-666c-4e99-994de000ad36,3775ddfe-542b-45fb-a34d-ec5a98bfaf13,5297007a-130e-5341-af7a-4e9027c2dadf,2026-27,2,17.58,17.54,19.08,33.46,87.66,A,f
8b143d9d-8ec1-e489-b320-3944b664f926,3775ddfe-542b-45fb-a34d-ec5a98bfaf13,c8e42f25-4acd-5f8b-8bce-f0cab27cc71f,2026-27,2,17.78,15.94,18.08,34.26,86.06,A,f
421d6411-1438-04ea-8238-5f41d55f413e,3775ddfe-542b-45fb-a34d-ec5a98bfaf13,5ceb5573-0231-5d70-848b-193fcfdb644c,2026-27,2,17.78,19.04,18.88,37.06,92.76,A+,f
6f56befa-f816-2b1b-457e-9e799749d117,e4fb146f-009c-4621-8475-18b825dfaed7,730c5632-33dc-5e69-a798-6135043a47aa,2026-27,4,15.5,16.14,16.35,35.08,83.07,A,f
de4ab615-b4e2-6630-9ca4-19e25fbcc2c8,e4fb146f-009c-4621-8475-18b825dfaed7,21e87180-7538-5689-922d-8889674702ed,2026-27,4,18.0,18.24,18.75,32.58,87.57,A,f
a57d5427-16e8-cf02-ed4c-faaf11149971,e4fb146f-009c-4621-8475-18b825dfaed7,a71f945b-22bf-5921-85a0-cb1acd7cb2e6,2026-27,4,17.9,18.24,17.15,35.78,89.07,A,f
920f1015-6d9e-7133-e35d-5c708f04229e,e4fb146f-009c-4621-8475-18b825dfaed7,859db046-894d-53cc-8cb4-3643d0c7f1fe,2026-27,4,18.3,16.64,16.15,32.08,83.17,A,f
424c4a2c-a4b7-0ba0-0635-6bbc239ef6e3,e4fb146f-009c-4621-8475-18b825dfaed7,40d412e8-fc3b-5972-8ff2-90b35de8a2d3,2026-27,4,16.7,16.94,18.25,30.78,82.67,A,f
dc7f3756-dec6-3f96-5345-0d54f36da3c8,1e52497b-9585-49ec-a05f-d7706f227e68,29f10515-0a52-55f4-896b-fa882e11e38e,2026-27,6,16.67,16.79,15.58,34.68,83.72,A,f
ec6262bd-320f-a312-cb64-a2a71c52b0c1,1e52497b-9585-49ec-a05f-d7706f227e68,2bc3bd90-0760-5d47-9467-5a5992c412e5,2026-27,6,17.47,17.69,16.08,31.68,82.92,A,f
ec8ab242-61b9-ad3e-4f85-7770e6462a9d,1e52497b-9585-49ec-a05f-d7706f227e68,d9518e1b-06ba-5f43-b6b9-67d017eaae5d,2026-27,6,16.27,16.79,18.08,30.28,81.42,A,f
814e0264-8264-e492-4b83-7343b2672493,1e52497b-9585-49ec-a05f-d7706f227e68,005078bd-c539-5c44-a631-7e7dd9fb778c,2026-27,6,15.87,15.49,16.08,31.78,79.22,B+,f
61e9a5c5-6c76-1b47-1fdf-f432ec804ab3,1e52497b-9585-49ec-a05f-d7706f227e68,539f9c66-84f9-5b19-943a-cb15d62bbc33,2026-27,6,17.37,15.79,15.38,32.48,81.02,A,f
cb007a60-8694-0a25-8adc-05f2399c8e4f,e19d336d-aa2a-4ae0-8d0d-6ce195c50a6d,730c5632-33dc-5e69-a798-6135043a47aa,2026-27,4,17.6,16.63,16.93,31.82,82.98,A,f
5da5105f-feb7-ac82-6d8b-f940a4e8a224,e19d336d-aa2a-4ae0-8d0d-6ce195c50a6d,21e87180-7538-5689-922d-8889674702ed,2026-27,4,17.3,15.63,16.83,34.02,83.78,A,f
ad3ce85d-68a4-24c3-d3ec-cab8dffcd44b,e19d336d-aa2a-4ae0-8d0d-6ce195c50a6d,a71f945b-22bf-5921-85a0-cb1acd7cb2e6,2026-27,4,16.4,15.43,16.33,32.92,81.08,A,f
aa18e669-7029-9ba0-55a5-0356aa0bb7a1,e19d336d-aa2a-4ae0-8d0d-6ce195c50a6d,859db046-894d-53cc-8cb4-3643d0c7f1fe,2026-27,4,15.3,17.43,16.83,34.22,83.78,A,f
f4f78531-c850-d3a8-5031-bc68532c7e3b,e19d336d-aa2a-4ae0-8d0d-6ce195c50a6d,40d412e8-fc3b-5972-8ff2-90b35de8a2d3,2026-27,4,15.4,14.93,17.83,31.02,79.18,B+,f
789b37c5-1272-1d18-fc7d-a45b93589fad,01fea676-9226-4a49-8484-5dff4b3f11df,29f10515-0a52-55f4-896b-fa882e11e38e,2026-27,6,17.68,17.25,18.0,37.15,90.08,A+,f
2fbbae97-456a-7662-723c-0ff709f01ce5,01fea676-9226-4a49-8484-5dff4b3f11df,2bc3bd90-0760-5d47-9467-5a5992c412e5,2026-27,6,17.78,16.25,19.8,33.35,87.18,A,f
3ec79095-78d3-0011-caf7-b53fe687236e,01fea676-9226-4a49-8484-5dff4b3f11df,d9518e1b-06ba-5f43-b6b9-67d017eaae5d,2026-27,6,19.08,17.35,19.5,35.25,91.18,A+,f
8325062f-f97b-8ab9-7c18-c6c143cc5ec9,01fea676-9226-4a49-8484-5dff4b3f11df,005078bd-c539-5c44-a631-7e7dd9fb778c,2026-27,6,19.08,18.25,20.0,33.85,91.18,A+,f
d5699b77-8dd1-fb17-ed3a-964455bbdaa4,01fea676-9226-4a49-8484-5dff4b3f11df,539f9c66-84f9-5b19-943a-cb15d62bbc33,2026-27,6,17.98,19.75,17.6,37.05,92.38,A+,f
ee1a32c6-c5c9-4e10-287e-0e4eef09a08e,124dceff-3c91-42c3-8220-e02831b43603,f8b6ad01-594d-5e52-b325-ed9eb13211e1,2026-27,2,18.02,18.18,17.53,35.85,89.58,A,f
147ed387-654c-7859-2ea2-92d4a834ad2c,124dceff-3c91-42c3-8220-e02831b43603,f27d152a-f613-51a3-aea8-0506e5d24c3a,2026-27,2,19.12,19.58,18.03,34.85,91.58,A+,f
f22ead2d-fa44-713d-b10e-d4919c7c76fa,124dceff-3c91-42c3-8220-e02831b43603,5297007a-130e-5341-af7a-4e9027c2dadf,2026-27,2,17.02,18.68,17.93,35.65,89.28,A,f
5c8f7644-7903-f7e4-ae8c-7a81f63f2dd7,124dceff-3c91-42c3-8220-e02831b43603,c8e42f25-4acd-5f8b-8bce-f0cab27cc71f,2026-27,2,18.22,17.58,17.03,33.45,86.28,A,f
644ff07a-a13e-a225-1d23-b20bb8caf344,124dceff-3c91-42c3-8220-e02831b43603,5ceb5573-0231-5d70-848b-193fcfdb644c,2026-27,2,16.92,17.68,16.83,38.15,89.58,A,f
5f5e3d17-92bf-673c-a821-6a1ec52141f9,31e3f3ba-8f9f-4a2f-b1dc-3e9a16e5e23b,730c5632-33dc-5e69-a798-6135043a47aa,2026-27,4,18.67,17.64,18.29,35.23,89.83,A,f
b26e9021-8314-dd3b-68a4-cacbecaa4f3c,31e3f3ba-8f9f-4a2f-b1dc-3e9a16e5e23b,21e87180-7538-5689-922d-8889674702ed,2026-27,4,18.47,16.74,20.0,34.13,89.34,A,f
553a7062-da15-aab5-8ede-5cacaea150cf,31e3f3ba-8f9f-4a2f-b1dc-3e9a16e5e23b,a71f945b-22bf-5921-85a0-cb1acd7cb2e6,2026-27,4,17.77,18.84,17.79,35.63,90.03,A+,f
a3ec5b44-d12c-388f-540c-f743f5202dd9,31e3f3ba-8f9f-4a2f-b1dc-3e9a16e5e23b,859db046-894d-53cc-8cb4-3643d0c7f1fe,2026-27,4,18.97,17.04,18.99,33.63,88.63,A,f
c798abe3-7fd1-df49-75d3-6e559533a9c9,31e3f3ba-8f9f-4a2f-b1dc-3e9a16e5e23b,40d412e8-fc3b-5972-8ff2-90b35de8a2d3,2026-27,4,19.27,19.94,19.29,35.13,93.63,A+,f
ccbbd2dd-2d22-e647-cc60-6af4342e6bc0,908f83e1-34e3-4886-b25f-a103833e1ea9,730c5632-33dc-5e69-a798-6135043a47aa,2026-27,4,19.32,18.18,18.93,38.37,94.8,A+,f
d40b8318-9b9b-3b63-8c3a-394b6c4e3be3,908f83e1-34e3-4886-b25f-a103833e1ea9,21e87180-7538-5689-922d-8889674702ed,2026-27,4,18.72,18.48,19.93,36.37,93.5,A+,f
d815e87f-0d09-58b7-22a8-4a51f9a6fd29,908f83e1-34e3-4886-b25f-a103833e1ea9,a71f945b-22bf-5921-85a0-cb1acd7cb2e6,2026-27,4,19.52,19.18,17.43,37.07,93.2,A+,f
849de28b-0538-6340-d2df-fe4c721d72d3,908f83e1-34e3-4886-b25f-a103833e1ea9,859db046-894d-53cc-8cb4-3643d0c7f1fe,2026-27,4,17.72,17.28,19.73,36.47,91.2,A+,f
41ca41b4-0cc2-e9e7-f31b-2bc3eb8a0e9f,908f83e1-34e3-4886-b25f-a103833e1ea9,40d412e8-fc3b-5972-8ff2-90b35de8a2d3,2026-27,4,17.72,15.98,17.73,33.87,85.3,A,f
4c06b874-e925-c1be-c181-c3fde9034735,674ffc0a-b3fa-4f84-b5a0-a91760b1afd8,730c5632-33dc-5e69-a798-6135043a47aa,2026-27,4,18.58,17.66,17.72,39.01,92.97,A+,f
0fd15b28-2b52-fd2f-bd0e-6291166cf9d5,674ffc0a-b3fa-4f84-b5a0-a91760b1afd8,21e87180-7538-5689-922d-8889674702ed,2026-27,4,19.58,17.56,18.92,38.91,94.97,A+,f
f98420ab-8653-ac19-4d50-395f2587e4f1,674ffc0a-b3fa-4f84-b5a0-a91760b1afd8,a71f945b-22bf-5921-85a0-cb1acd7cb2e6,2026-27,4,19.68,17.26,18.02,35.91,90.87,A+,f
d5538eca-f89a-38a5-ee40-0dc3a57723f5,674ffc0a-b3fa-4f84-b5a0-a91760b1afd8,859db046-894d-53cc-8cb4-3643d0c7f1fe,2026-27,4,19.88,17.66,19.02,37.51,94.07,A+,f
ee4db976-f6d0-2d65-56e8-f2f402af083d,674ffc0a-b3fa-4f84-b5a0-a91760b1afd8,40d412e8-fc3b-5972-8ff2-90b35de8a2d3,2026-27,4,19.28,17.96,17.92,36.61,91.77,A+,f
cfeeaef9-59ad-6505-7913-7998f1906723,0b25c661-ff77-493a-b329-c748086f4578,c697ab81-ffed-5fa6-9b51-be0954571d20,2026-27,1,17.3,14.42,17.4,29.4,78.52,B+,f
f94bbc2d-8370-35e2-1f7b-686752f10de5,0b25c661-ff77-493a-b329-c748086f4578,cc6bfe47-d156-5f3c-a0a6-64be53ff1202,2026-27,1,16.6,15.72,17.1,33.3,82.72,A,f
b650ce7a-ebcc-38ec-f96a-7f0370c1a8dd,0b25c661-ff77-493a-b329-c748086f4578,945cbb28-3a50-5ed1-8e70-c416ee3f92f0,2026-27,1,15.4,14.82,17.0,34.5,81.72,A,f
69e379df-4a2a-a7cc-afd6-f9caca3a80d9,0b25c661-ff77-493a-b329-c748086f4578,325f5f11-db40-5f00-816d-d66357e36c70,2026-27,1,15.0,17.42,17.9,33.8,84.12,A,f
3a5ce5e1-391b-3089-e233-34fbe02b16f1,0b25c661-ff77-493a-b329-c748086f4578,817d9a6f-e405-58f8-991b-373c31bd4e25,2026-27,1,15.7,15.52,17.8,34.8,83.82,A,f
631da2d7-788c-1f7d-bd4d-68305ae9bdd9,7df02ce8-fc7b-412e-ad7e-79fe3ac43f53,f8b6ad01-594d-5e52-b325-ed9eb13211e1,2026-27,2,17.14,17.27,17.28,30.46,82.15,A,f
83beab7d-7676-683b-8841-b034f08e811e,7df02ce8-fc7b-412e-ad7e-79fe3ac43f53,f27d152a-f613-51a3-aea8-0506e5d24c3a,2026-27,2,17.34,18.07,18.88,36.46,90.75,A+,f
2c8d4505-a702-7122-cf1d-8c7c18578e65,7df02ce8-fc7b-412e-ad7e-79fe3ac43f53,5297007a-130e-5341-af7a-4e9027c2dadf,2026-27,2,16.34,16.37,16.78,31.76,81.25,A,f
38875a1c-f9fd-a517-de05-315d50d899c9,7df02ce8-fc7b-412e-ad7e-79fe3ac43f53,c8e42f25-4acd-5f8b-8bce-f0cab27cc71f,2026-27,2,17.24,14.67,18.78,34.56,85.25,A,f
f3b0581b-38e2-30b8-db1c-cb54553c281c,7df02ce8-fc7b-412e-ad7e-79fe3ac43f53,5ceb5573-0231-5d70-848b-193fcfdb644c,2026-27,2,16.74,14.67,16.38,33.46,81.25,A,f
cc1e2b77-6ba2-513e-027a-3a184cac5596,77688f13-f461-4068-978d-de811e64bdeb,f8b6ad01-594d-5e52-b325-ed9eb13211e1,2026-27,2,16.53,15.69,16.93,37.57,86.72,A,f
d907354d-3b2a-a4f8-cc7f-8da53a79a3a5,77688f13-f461-4068-978d-de811e64bdeb,f27d152a-f613-51a3-aea8-0506e5d24c3a,2026-27,2,17.23,19.59,18.13,36.17,91.12,A+,f
2fcdb926-b25d-d841-c842-501a3e0c1375,77688f13-f461-4068-978d-de811e64bdeb,5297007a-130e-5341-af7a-4e9027c2dadf,2026-27,2,17.93,17.89,18.93,37.57,92.32,A+,f
9d9bb208-55e3-d040-f71b-f34cf740aa9e,77688f13-f461-4068-978d-de811e64bdeb,c8e42f25-4acd-5f8b-8bce-f0cab27cc71f,2026-27,2,18.83,16.09,18.33,35.27,88.52,A,f
fc622566-36a5-cab1-0d98-ed95e97b8acf,77688f13-f461-4068-978d-de811e64bdeb,5ceb5573-0231-5d70-848b-193fcfdb644c,2026-27,2,16.63,18.19,19.23,36.87,90.92,A+,f
d10546c2-c232-959b-425b-5c0956478f1d,e150210e-4261-49f2-9ca7-42775e792749,29f10515-0a52-55f4-896b-fa882e11e38e,2026-27,6,17.84,16.86,16.34,34.11,85.15,A,f
2e254cca-8869-408d-1d72-da06754c91f2,e150210e-4261-49f2-9ca7-42775e792749,2bc3bd90-0760-5d47-9467-5a5992c412e5,2026-27,6,17.94,18.06,18.24,34.61,88.85,A,f
41a3ed57-1386-8485-bf5a-4624540c4e15,e150210e-4261-49f2-9ca7-42775e792749,d9518e1b-06ba-5f43-b6b9-67d017eaae5d,2026-27,6,17.64,15.56,16.64,29.21,79.05,B+,f
2134ab26-3d64-4f1c-2dfd-6be004c2a701,e150210e-4261-49f2-9ca7-42775e792749,005078bd-c539-5c44-a631-7e7dd9fb778c,2026-27,6,15.84,17.36,16.24,31.21,80.65,A,f
12ea7220-d3cd-1676-dde5-89948f65a0ba,e150210e-4261-49f2-9ca7-42775e792749,539f9c66-84f9-5b19-943a-cb15d62bbc33,2026-27,6,15.04,15.86,17.54,30.61,79.05,B+,f
a9f487f4-10c2-d438-211e-d56122a6336c,e44ca2c0-d1fc-44e8-b7da-0e1a2cb904ba,c697ab81-ffed-5fa6-9b51-be0954571d20,2026-27,1,16.3,15.53,17.14,35.87,84.84,A,f
ba45fa15-bbcb-e491-a0a7-ada0558ec820,e44ca2c0-d1fc-44e8-b7da-0e1a2cb904ba,cc6bfe47-d156-5f3c-a0a6-64be53ff1202,2026-27,1,18.2,16.43,17.44,32.17,84.24,A,f
1ebd38ff-714c-55d6-55ea-dd5e2b67f419,e44ca2c0-d1fc-44e8-b7da-0e1a2cb904ba,945cbb28-3a50-5ed1-8e70-c416ee3f92f0,2026-27,1,17.2,17.33,16.64,33.97,85.14,A,f
eaf1ea45-1717-3910-280d-651c452327ff,e44ca2c0-d1fc-44e8-b7da-0e1a2cb904ba,325f5f11-db40-5f00-816d-d66357e36c70,2026-27,1,16.9,16.43,16.94,34.67,84.94,A,f
de66d958-9d0f-5fec-a1b5-86fa375f033b,e44ca2c0-d1fc-44e8-b7da-0e1a2cb904ba,817d9a6f-e405-58f8-991b-373c31bd4e25,2026-27,1,16.7,16.43,16.14,36.37,85.64,A,f
45e6902c-397d-40f0-e26c-e561a0eaf0ae,dda48d31-eb02-40e9-a9aa-17e78292ff54,29f10515-0a52-55f4-896b-fa882e11e38e,2026-27,6,16.57,14.09,17.56,33.41,81.63,A,f
17875246-a88b-a893-6583-30854ee193db,dda48d31-eb02-40e9-a9aa-17e78292ff54,2bc3bd90-0760-5d47-9467-5a5992c412e5,2026-27,6,16.17,17.39,16.46,31.81,81.83,A,f
a83950d1-15ac-da5f-8416-c9c99a5c3295,dda48d31-eb02-40e9-a9aa-17e78292ff54,d9518e1b-06ba-5f43-b6b9-67d017eaae5d,2026-27,6,16.07,14.69,15.16,32.61,78.53,B+,f
739c1cdb-e9b8-6912-0f67-a27940102de1,dda48d31-eb02-40e9-a9aa-17e78292ff54,005078bd-c539-5c44-a631-7e7dd9fb778c,2026-27,6,17.27,13.79,17.86,33.11,82.03,A,f
ba523c52-f458-5a43-b090-37a7f68009d6,dda48d31-eb02-40e9-a9aa-17e78292ff54,539f9c66-84f9-5b19-943a-cb15d62bbc33,2026-27,6,17.67,16.09,17.46,29.31,80.53,A,f
0270418c-554f-aec9-9300-17b1d03086db,90d9e1c8-4955-4659-9353-f43091ce18c2,f8b6ad01-594d-5e52-b325-ed9eb13211e1,2026-27,2,20.0,20.0,19.4,39.75,99.15,A+,f
17fafab7-1b04-032c-428c-33c6be5293eb,90d9e1c8-4955-4659-9353-f43091ce18c2,f27d152a-f613-51a3-aea8-0506e5d24c3a,2026-27,2,18.52,19.41,20.0,36.15,94.08,A+,f
ea31fd83-f2c6-05d6-dd65-3f4d17946ff6,90d9e1c8-4955-4659-9353-f43091ce18c2,5297007a-130e-5341-af7a-4e9027c2dadf,2026-27,2,20.0,16.91,20.0,40.0,96.91,A+,f
cf48ce9c-f0ef-4e13-b058-991297d4704a,90d9e1c8-4955-4659-9353-f43091ce18c2,c8e42f25-4acd-5f8b-8bce-f0cab27cc71f,2026-27,2,19.02,18.71,19.0,36.55,93.28,A+,f
657de960-1dee-9549-8fda-1fe75a3bf2da,90d9e1c8-4955-4659-9353-f43091ce18c2,5ceb5573-0231-5d70-848b-193fcfdb644c,2026-27,2,19.32,17.01,20.0,36.15,92.48,A+,f
466e17dd-96f6-8652-4fc9-81c8a7385027,cea197ef-65f2-4abc-875a-6f10bfe68eb1,f8b6ad01-594d-5e52-b325-ed9eb13211e1,2026-27,2,17.56,16.6,18.11,35.51,87.78,A,f
79a2e6ac-1cd4-c0e0-cda4-e79fd2eb4ff3,cea197ef-65f2-4abc-875a-6f10bfe68eb1,f27d152a-f613-51a3-aea8-0506e5d24c3a,2026-27,2,15.86,16.3,17.11,35.91,85.18,A,f
c90ea1b6-61ac-8750-f078-087edb00ec02,cea197ef-65f2-4abc-875a-6f10bfe68eb1,5297007a-130e-5341-af7a-4e9027c2dadf,2026-27,2,17.06,18.3,16.31,33.91,85.58,A,f
b3d3c348-5634-74ac-aeb2-ac264ad0981d,cea197ef-65f2-4abc-875a-6f10bfe68eb1,c8e42f25-4acd-5f8b-8bce-f0cab27cc71f,2026-27,2,16.96,18.6,17.41,33.51,86.48,A,f
49c157cb-ac9b-cf36-9d5d-1eac478e741a,cea197ef-65f2-4abc-875a-6f10bfe68eb1,5ceb5573-0231-5d70-848b-193fcfdb644c,2026-27,2,17.06,16.3,18.41,34.11,85.88,A,f
b82bbe7c-3b3c-164a-26a9-dd41a5a61b70,053d5def-ee0b-45b6-8cd8-05f2267d5293,c697ab81-ffed-5fa6-9b51-be0954571d20,2026-27,1,19.08,19.36,19.04,39.5,96.98,A+,f
1123264c-4803-ec21-20d3-b06e544d9a0b,053d5def-ee0b-45b6-8cd8-05f2267d5293,cc6bfe47-d156-5f3c-a0a6-64be53ff1202,2026-27,1,17.58,17.26,19.94,35.5,90.28,A+,f
d984e49b-6341-e28f-4751-579b66bce240,053d5def-ee0b-45b6-8cd8-05f2267d5293,945cbb28-3a50-5ed1-8e70-c416ee3f92f0,2026-27,1,17.68,18.06,19.24,39.7,94.68,A+,f
86237d19-4ab0-ceaa-a794-b65f04a70956,053d5def-ee0b-45b6-8cd8-05f2267d5293,325f5f11-db40-5f00-816d-d66357e36c70,2026-27,1,20.0,18.46,19.54,35.9,93.9,A+,f
6f63039c-a568-9c15-e9f8-9d86e24fac8c,053d5def-ee0b-45b6-8cd8-05f2267d5293,817d9a6f-e405-58f8-991b-373c31bd4e25,2026-27,1,17.98,19.06,19.74,37.8,94.58,A+,f
2dee31fc-b5f9-9ff4-8bcb-6381f63e8a8a,3deff9b4-9ce6-4aad-b953-5cf97549fbb8,730c5632-33dc-5e69-a798-6135043a47aa,2026-27,4,17.02,16.48,17.21,32.8,83.51,A,f
2d3678ac-8679-fad8-f800-8d104050f735,3deff9b4-9ce6-4aad-b953-5cf97549fbb8,21e87180-7538-5689-922d-8889674702ed,2026-27,4,19.22,16.78,16.91,37.7,90.61,A+,f
e783afa6-f388-31fc-6fb5-cc39a0239010,3deff9b4-9ce6-4aad-b953-5cf97549fbb8,a71f945b-22bf-5921-85a0-cb1acd7cb2e6,2026-27,4,16.42,15.78,17.31,36.4,85.91,A,f
2936fd26-bb34-49e5-cc7c-444d050cb7ef,3deff9b4-9ce6-4aad-b953-5cf97549fbb8,859db046-894d-53cc-8cb4-3643d0c7f1fe,2026-27,4,17.82,16.18,18.51,32.8,85.31,A,f
d87e6594-a2e0-f9f0-5480-0d3edba1970f,3deff9b4-9ce6-4aad-b953-5cf97549fbb8,40d412e8-fc3b-5972-8ff2-90b35de8a2d3,2026-27,4,16.82,16.58,18.91,37.0,89.31,A,f
c73c9968-11ac-596a-24c8-cd6629ed2d0e,16534bf2-0d16-4c91-b0b1-9094a41f0a17,f8b6ad01-594d-5e52-b325-ed9eb13211e1,2026-27,2,17.19,16.36,17.31,38.05,88.91,A,f
f684fd0a-c377-77d0-f5b5-0ce4e6864f71,16534bf2-0d16-4c91-b0b1-9094a41f0a17,f27d152a-f613-51a3-aea8-0506e5d24c3a,2026-27,2,19.39,18.66,18.91,34.95,91.91,A+,f
91b8797d-377b-33a9-5ee3-9bca989fc997,16534bf2-0d16-4c91-b0b1-9094a41f0a17,5297007a-130e-5341-af7a-4e9027c2dadf,2026-27,2,18.99,18.16,19.91,36.95,94.01,A+,f
2c278e85-0f2d-87d8-68f2-c22a9eb6afd1,16534bf2-0d16-4c91-b0b1-9094a41f0a17,c8e42f25-4acd-5f8b-8bce-f0cab27cc71f,2026-27,2,18.29,16.16,19.31,34.75,88.51,A,f
f6015cf4-b344-8a1b-3c0e-9e7364174e99,16534bf2-0d16-4c91-b0b1-9094a41f0a17,5ceb5573-0231-5d70-848b-193fcfdb644c,2026-27,2,17.29,17.26,19.81,36.95,91.31,A+,f
c2c5c3fb-03ab-82e4-4d2f-08d289360651,6700b1e8-4466-49dd-9de4-e192f1e8be86,f8b6ad01-594d-5e52-b325-ed9eb13211e1,2026-27,2,19.56,18.73,18.5,35.06,91.85,A+,f
b9bab6d1-40d8-5ad2-e1a0-bad8bc2875f1,6700b1e8-4466-49dd-9de4-e192f1e8be86,f27d152a-f613-51a3-aea8-0506e5d24c3a,2026-27,2,17.16,19.43,18.2,35.06,89.85,A,f
a8b16cee-ee35-8dbe-ba4d-041028f58700,6700b1e8-4466-49dd-9de4-e192f1e8be86,5297007a-130e-5341-af7a-4e9027c2dadf,2026-27,2,19.06,18.03,19.7,35.76,92.55,A+,f
d77c1b9f-f7ac-ec9a-a0c7-c98976cbea1f,6700b1e8-4466-49dd-9de4-e192f1e8be86,c8e42f25-4acd-5f8b-8bce-f0cab27cc71f,2026-27,2,18.56,19.23,19.7,38.76,96.25,A+,f
70f6b895-a8c5-1504-2ee1-37d3b1df843d,6700b1e8-4466-49dd-9de4-e192f1e8be86,5ceb5573-0231-5d70-848b-193fcfdb644c,2026-27,2,19.56,20.0,18.1,37.06,94.72,A+,f
ad04380e-4419-11e6-4552-be8ac045d935,86a73606-4478-4a0a-aaaa-7e5945a6df3e,29f10515-0a52-55f4-896b-fa882e11e38e,2026-27,6,16.85,18.89,17.81,34.56,88.11,A,f
86670145-3211-372b-df57-64cd30541310,86a73606-4478-4a0a-aaaa-7e5945a6df3e,2bc3bd90-0760-5d47-9467-5a5992c412e5,2026-27,6,17.65,18.59,17.71,32.86,86.81,A,f
8add16a4-9392-0f23-62a7-76985206cfde,86a73606-4478-4a0a-aaaa-7e5945a6df3e,d9518e1b-06ba-5f43-b6b9-67d017eaae5d,2026-27,6,17.15,18.69,18.81,36.16,90.81,A+,f
f0278f22-fff4-1b93-df80-0603254e96f9,86a73606-4478-4a0a-aaaa-7e5945a6df3e,005078bd-c539-5c44-a631-7e7dd9fb778c,2026-27,6,16.35,16.59,18.11,35.86,86.91,A,f
5d85bc15-a482-983a-9ba2-478dd89ac802,86a73606-4478-4a0a-aaaa-7e5945a6df3e,539f9c66-84f9-5b19-943a-cb15d62bbc33,2026-27,6,17.35,17.79,18.01,35.06,88.21,A,f
d717a198-e8ee-932c-4f26-0a089c6640df,3728d1bd-20ad-4d83-8488-6837ed777049,29f10515-0a52-55f4-896b-fa882e11e38e,2026-27,6,17.36,19.21,19.45,35.28,91.3,A+,f
0a6d86fe-7acf-bf74-da07-dc51cc11af63,3728d1bd-20ad-4d83-8488-6837ed777049,2bc3bd90-0760-5d47-9467-5a5992c412e5,2026-27,6,17.16,17.31,18.55,34.88,87.9,A,f
e22cdb97-931e-0b19-28eb-a0d277c50700,3728d1bd-20ad-4d83-8488-6837ed777049,d9518e1b-06ba-5f43-b6b9-67d017eaae5d,2026-27,6,16.56,17.81,19.25,33.18,86.8,A,f
a7bd0ed4-15c4-5cb2-42c6-66988c1133f5,3728d1bd-20ad-4d83-8488-6837ed777049,005078bd-c539-5c44-a631-7e7dd9fb778c,2026-27,6,17.36,17.11,17.85,34.88,87.2,A,f
abb7568b-fc54-145d-9bc4-ec337f21c86b,3728d1bd-20ad-4d83-8488-6837ed777049,539f9c66-84f9-5b19-943a-cb15d62bbc33,2026-27,6,17.56,17.01,17.85,32.48,84.9,A,f
ca9d6daf-c182-f222-be39-c8ec942d950c,9961e233-8812-44dc-a981-9ea4af222498,f8b6ad01-594d-5e52-b325-ed9eb13211e1,2026-27,2,16.48,19.13,16.95,36.05,88.61,A,f
c1a8dbe4-e590-2c91-bf57-467c14741455,9961e233-8812-44dc-a981-9ea4af222498,f27d152a-f613-51a3-aea8-0506e5d24c3a,2026-27,2,18.48,17.13,16.75,35.55,87.91,A,f
45103c2a-106b-a426-a5e6-b4ec93365ee5,9961e233-8812-44dc-a981-9ea4af222498,5297007a-130e-5341-af7a-4e9027c2dadf,2026-27,2,17.68,18.43,17.45,33.85,87.41,A,f
3f96443c-e708-187f-cb70-a9295530a3f3,9961e233-8812-44dc-a981-9ea4af222498,c8e42f25-4acd-5f8b-8bce-f0cab27cc71f,2026-27,2,18.98,18.83,16.55,33.15,87.51,A,f
89012026-15c3-8eb3-c931-6f6505c7df0c,9961e233-8812-44dc-a981-9ea4af222498,5ceb5573-0231-5d70-848b-193fcfdb644c,2026-27,2,17.98,17.93,16.45,31.55,83.91,A,f
dccf5439-fd4f-3abb-f8e7-a039c9d5c10e,e3af0ac2-a04c-42dd-897e-96b735f7954d,730c5632-33dc-5e69-a798-6135043a47aa,2026-27,4,18.34,18.79,18.52,34.79,90.44,A+,f
a99aa3dd-e024-2305-e404-63068f5dea90,e3af0ac2-a04c-42dd-897e-96b735f7954d,21e87180-7538-5689-922d-8889674702ed,2026-27,4,16.94,16.39,18.12,34.39,85.84,A,f
f2749c60-05f1-48da-c59e-15dc2f26d84d,e3af0ac2-a04c-42dd-897e-96b735f7954d,a71f945b-22bf-5921-85a0-cb1acd7cb2e6,2026-27,4,18.84,15.99,18.72,37.19,90.74,A+,f
99088c26-351a-6f3c-e11d-c09cb870d150,e3af0ac2-a04c-42dd-897e-96b735f7954d,859db046-894d-53cc-8cb4-3643d0c7f1fe,2026-27,4,16.74,15.49,19.32,32.99,84.54,A,f
0a5582f4-4071-7210-1fa8-483d834e792a,e3af0ac2-a04c-42dd-897e-96b735f7954d,40d412e8-fc3b-5972-8ff2-90b35de8a2d3,2026-27,4,16.24,18.09,16.62,35.09,86.04,A,f
0357efbb-a55e-7e5e-6d1c-4874cb74f2cb,3d940377-7414-4e3d-abff-766ed92f88f0,c697ab81-ffed-5fa6-9b51-be0954571d20,2026-27,1,18.35,20.0,18.29,36.96,93.6,A+,f
c69fc554-4aea-b316-f3cd-cdaca13e61c9,3d940377-7414-4e3d-abff-766ed92f88f0,cc6bfe47-d156-5f3c-a0a6-64be53ff1202,2026-27,1,17.95,18.52,19.39,34.46,90.32,A+,f
ec635db3-9b52-2e63-e4da-09a81a694442,3d940377-7414-4e3d-abff-766ed92f88f0,945cbb28-3a50-5ed1-8e70-c416ee3f92f0,2026-27,1,17.45,16.42,20.0,38.46,92.33,A+,f
99a3155d-f180-b85b-9b26-ef55d3934dbe,3d940377-7414-4e3d-abff-766ed92f88f0,325f5f11-db40-5f00-816d-d66357e36c70,2026-27,1,18.95,18.02,20.0,34.76,91.73,A+,f
ba2ad727-95fd-b725-e175-c40206b660c3,3d940377-7414-4e3d-abff-766ed92f88f0,817d9a6f-e405-58f8-991b-373c31bd4e25,2026-27,1,18.85,18.42,17.49,34.16,88.92,A,f
c76cd202-d1a9-2090-8e3e-441fe5ed63d4,0c523a8f-4ee9-4bcf-b0e9-e76ad844de86,29f10515-0a52-55f4-896b-fa882e11e38e,2026-27,6,16.68,15.44,17.67,33.73,83.52,A,f
1e47b14e-1016-3aac-8a41-5ea68143b920,0c523a8f-4ee9-4bcf-b0e9-e76ad844de86,2bc3bd90-0760-5d47-9467-5a5992c412e5,2026-27,6,18.18,19.04,17.37,36.33,90.92,A+,f
de1028a2-3898-3d15-d07c-64999bdb1232,0c523a8f-4ee9-4bcf-b0e9-e76ad844de86,d9518e1b-06ba-5f43-b6b9-67d017eaae5d,2026-27,6,17.18,16.14,17.57,33.03,83.92,A,f
3406bb36-ad27-4a38-23b8-e7074d3e82f4,0c523a8f-4ee9-4bcf-b0e9-e76ad844de86,005078bd-c539-5c44-a631-7e7dd9fb778c,2026-27,6,18.18,18.84,17.57,34.83,89.42,A,f
40ef14d1-4ea8-fcb3-c3f8-588fa71000d1,0c523a8f-4ee9-4bcf-b0e9-e76ad844de86,539f9c66-84f9-5b19-943a-cb15d62bbc33,2026-27,6,18.18,16.64,16.77,38.13,89.72,A,f
f47531c8-942f-e56b-31b1-a26eea3f0ec0,fdf58cae-0644-4e4c-9972-556b5ec454b1,f8b6ad01-594d-5e52-b325-ed9eb13211e1,2026-27,2,19.66,19.23,19.6,37.58,96.07,A+,f
61dfbad6-a1ce-b267-f184-c675ecb3035f,fdf58cae-0644-4e4c-9972-556b5ec454b1,f27d152a-f613-51a3-aea8-0506e5d24c3a,2026-27,2,19.06,19.03,17.5,35.98,91.57,A+,f
46bc422a-c209-e734-c55c-41ab24bdc2ad,fdf58cae-0644-4e4c-9972-556b5ec454b1,5297007a-130e-5341-af7a-4e9027c2dadf,2026-27,2,18.86,17.93,18.9,35.68,91.37,A+,f
998e2226-516e-578d-fe02-b37d09e484e3,fdf58cae-0644-4e4c-9972-556b5ec454b1,c8e42f25-4acd-5f8b-8bce-f0cab27cc71f,2026-27,2,17.06,16.33,19.6,35.98,88.97,A,f
39c97332-12df-ff0b-f473-4911aa638442,fdf58cae-0644-4e4c-9972-556b5ec454b1,5ceb5573-0231-5d70-848b-193fcfdb644c,2026-27,2,17.06,18.53,17.7,39.88,93.17,A+,f
dc337b02-2e2c-b5d5-b38e-eb3c095a0525,952cca8d-ad08-4c43-be67-26f68859a130,c697ab81-ffed-5fa6-9b51-be0954571d20,2026-27,1,17.26,15.81,18.35,33.66,85.08,A,f
ad4b2c5f-3f7e-4e03-9eea-bb36490996b4,952cca8d-ad08-4c43-be67-26f68859a130,cc6bfe47-d156-5f3c-a0a6-64be53ff1202,2026-27,1,17.86,19.01,16.65,34.36,87.88,A,f
32279e8e-3526-5754-fe06-fad1dcff76b5,952cca8d-ad08-4c43-be67-26f68859a130,945cbb28-3a50-5ed1-8e70-c416ee3f92f0,2026-27,1,17.46,17.91,18.45,36.96,90.78,A+,f
6915f788-6375-1eee-3b68-256e264cb48b,952cca8d-ad08-4c43-be67-26f68859a130,325f5f11-db40-5f00-816d-d66357e36c70,2026-27,1,17.76,16.21,18.75,34.66,87.38,A,f
80c8fd38-dcb4-2eb9-3a00-c6f1fa1948d9,952cca8d-ad08-4c43-be67-26f68859a130,817d9a6f-e405-58f8-991b-373c31bd4e25,2026-27,1,16.66,15.31,19.25,33.46,84.68,A,f
68da944a-514f-6114-2e5a-503565f9df1b,d54758a9-4aea-4cf8-a819-aabe2f9ebf22,29f10515-0a52-55f4-896b-fa882e11e38e,2026-27,6,15.8,18.54,18.55,36.1,88.99,A,f
a0adfa5e-c1da-3259-920c-d9566b2bb085,d54758a9-4aea-4cf8-a819-aabe2f9ebf22,2bc3bd90-0760-5d47-9467-5a5992c412e5,2026-27,6,16.4,18.64,16.15,33.8,84.99,A,f
888cda53-1456-0dbd-d017-c111b859a7d4,d54758a9-4aea-4cf8-a819-aabe2f9ebf22,d9518e1b-06ba-5f43-b6b9-67d017eaae5d,2026-27,6,17.7,17.24,16.85,32.7,84.49,A,f
771b3ecf-5da3-218f-b7bc-0ab02cffd634,d54758a9-4aea-4cf8-a819-aabe2f9ebf22,005078bd-c539-5c44-a631-7e7dd9fb778c,2026-27,6,18.0,17.74,17.15,31.4,84.29,A,f
58d970b7-420a-e894-c951-cd1824fb4ba4,d54758a9-4aea-4cf8-a819-aabe2f9ebf22,539f9c66-84f9-5b19-943a-cb15d62bbc33,2026-27,6,16.0,17.24,16.65,31.8,81.69,A,f
a9795412-0492-ee3a-a10c-dfe28df0d61d,f5c9d673-a59b-4d28-93f5-5bf8ff190380,730c5632-33dc-5e69-a798-6135043a47aa,2026-27,4,18.73,18.19,17.62,34.42,88.96,A,f
5d837043-3f5e-d94c-9dc2-8d7e6a49b8e5,f5c9d673-a59b-4d28-93f5-5bf8ff190380,21e87180-7538-5689-922d-8889674702ed,2026-27,4,18.53,15.49,19.52,34.02,87.56,A,f
c1916830-7229-2f6e-fb34-50c77de48646,f5c9d673-a59b-4d28-93f5-5bf8ff190380,a71f945b-22bf-5921-85a0-cb1acd7cb2e6,2026-27,4,17.73,16.79,18.02,33.52,86.06,A,f
cf7a2e56-692a-18f9-6f36-4ace811c05a4,f5c9d673-a59b-4d28-93f5-5bf8ff190380,859db046-894d-53cc-8cb4-3643d0c7f1fe,2026-27,4,17.13,18.19,18.52,34.42,88.26,A,f
9c9f3b1a-705b-8ede-324d-2b991093f2b9,f5c9d673-a59b-4d28-93f5-5bf8ff190380,40d412e8-fc3b-5972-8ff2-90b35de8a2d3,2026-27,4,18.13,16.79,16.92,34.12,85.96,A,f
38ab99b1-fd17-9611-9d72-1d40704f807e,8defb13c-8403-4126-8a99-4740c436baa7,c697ab81-ffed-5fa6-9b51-be0954571d20,2026-27,1,16.59,15.04,18.05,36.03,85.71,A,f
1aaeaeaa-7b3b-e2fb-1be1-517200896da2,8defb13c-8403-4126-8a99-4740c436baa7,cc6bfe47-d156-5f3c-a0a6-64be53ff1202,2026-27,1,18.19,18.54,16.35,34.03,87.11,A,f
66ae81fe-fbd3-61e0-13a6-895b73afa1dd,8defb13c-8403-4126-8a99-4740c436baa7,945cbb28-3a50-5ed1-8e70-c416ee3f92f0,2026-27,1,18.79,16.74,17.95,35.83,89.31,A,f
b985e5af-4f21-0b4c-c044-22f46a74997f,8defb13c-8403-4126-8a99-4740c436baa7,325f5f11-db40-5f00-816d-d66357e36c70,2026-27,1,16.39,15.44,18.65,32.93,83.41,A,f
9b08e0e3-efe8-4f9d-3c9c-656ff1303d35,8defb13c-8403-4126-8a99-4740c436baa7,817d9a6f-e405-58f8-991b-373c31bd4e25,2026-27,1,17.59,18.14,18.85,31.13,85.71,A,f
255c0073-28d0-0be4-4aeb-801a50afd3cb,b1124137-f9b8-426e-9d16-5e5cb2d4f347,c697ab81-ffed-5fa6-9b51-be0954571d20,2026-27,1,16.64,16.39,18.8,31.22,83.05,A,f
0ba3ce56-b5f8-6f7c-61b2-a0e2ec7eb554,b1124137-f9b8-426e-9d16-5e5cb2d4f347,cc6bfe47-d156-5f3c-a0a6-64be53ff1202,2026-27,1,16.54,18.39,18.2,36.62,89.75,A,f
7502d857-c377-f45a-394f-e631bbd38bd9,b1124137-f9b8-426e-9d16-5e5cb2d4f347,945cbb28-3a50-5ed1-8e70-c416ee3f92f0,2026-27,1,18.04,18.89,17.3,30.92,85.15,A,f
5f32d532-76d6-c949-841f-83df9d943c2d,b1124137-f9b8-426e-9d16-5e5cb2d4f347,325f5f11-db40-5f00-816d-d66357e36c70,2026-27,1,16.44,17.99,16.5,33.82,84.75,A,f
3b344d97-cdcd-4b5d-e9a3-66dbd559ca01,b1124137-f9b8-426e-9d16-5e5cb2d4f347,817d9a6f-e405-58f8-991b-373c31bd4e25,2026-27,1,18.14,14.89,16.8,34.42,84.25,A,f
49e81017-a0c8-8ac2-fe50-11c50c60a1ec,a3565032-3161-4ceb-a9ca-3debb228dbdf,c697ab81-ffed-5fa6-9b51-be0954571d20,2026-27,1,15.56,16.58,17.07,29.36,78.57,B+,f
728a43d3-86b8-ff1e-75ff-5cdaa233b6df,a3565032-3161-4ceb-a9ca-3debb228dbdf,cc6bfe47-d156-5f3c-a0a6-64be53ff1202,2026-27,1,16.96,15.68,16.87,32.46,81.97,A,f
4ad75663-a915-5f13-2ea2-7a343e3753f8,a3565032-3161-4ceb-a9ca-3debb228dbdf,945cbb28-3a50-5ed1-8e70-c416ee3f92f0,2026-27,1,16.66,16.78,16.57,30.16,80.17,A,f
08a88290-00ea-f2c5-a3db-cd7eb5ea12ea,a3565032-3161-4ceb-a9ca-3debb228dbdf,325f5f11-db40-5f00-816d-d66357e36c70,2026-27,1,15.16,16.78,17.77,34.96,84.67,A,f
3568aa22-0243-1271-7970-5addc24317c8,a3565032-3161-4ceb-a9ca-3debb228dbdf,817d9a6f-e405-58f8-991b-373c31bd4e25,2026-27,1,17.96,17.88,17.47,29.86,83.17,A,f
a410066b-60f7-3a6f-9649-ee4a1a814fbe,f8e9c3fe-8fe5-4410-83ee-6ea59a74cd4a,730c5632-33dc-5e69-a798-6135043a47aa,2026-27,4,18.28,18.63,18.65,33.35,88.91,A,f
63888809-6203-198d-0942-c561ffa405ee,f8e9c3fe-8fe5-4410-83ee-6ea59a74cd4a,21e87180-7538-5689-922d-8889674702ed,2026-27,4,17.28,19.13,19.05,31.85,87.31,A,f
e1ad423d-d4c1-e910-2d59-c7d06f9bab2a,f8e9c3fe-8fe5-4410-83ee-6ea59a74cd4a,a71f945b-22bf-5921-85a0-cb1acd7cb2e6,2026-27,4,17.28,17.43,17.45,33.55,85.71,A,f
0c26178c-f905-d325-1f55-ad1781c87496,f8e9c3fe-8fe5-4410-83ee-6ea59a74cd4a,859db046-894d-53cc-8cb4-3643d0c7f1fe,2026-27,4,18.08,18.63,16.95,33.45,87.11,A,f
7cebbdd2-1423-61d4-b8f4-e50b099dd60f,f8e9c3fe-8fe5-4410-83ee-6ea59a74cd4a,40d412e8-fc3b-5972-8ff2-90b35de8a2d3,2026-27,4,18.18,18.53,17.65,33.85,88.21,A,f
f3ed454a-66df-c59c-178f-6e8ac0ae423f,dc25282c-7907-472b-be6b-ce2031edf121,f8b6ad01-594d-5e52-b325-ed9eb13211e1,2026-27,2,16.42,15.36,19.18,36.69,87.65,A,f
c9858d37-d92b-df22-ce5d-20f7db4815b1,dc25282c-7907-472b-be6b-ce2031edf121,f27d152a-f613-51a3-aea8-0506e5d24c3a,2026-27,2,18.12,18.96,17.28,36.89,91.25,A+,f
879b8c8a-1f4e-e9bc-cbc8-a235e5b8b4f2,dc25282c-7907-472b-be6b-ce2031edf121,5297007a-130e-5341-af7a-4e9027c2dadf,2026-27,2,17.22,16.96,17.48,35.49,87.15,A,f
f81b83bb-2fc0-d60f-e509-50756d8b1361,dc25282c-7907-472b-be6b-ce2031edf121,c8e42f25-4acd-5f8b-8bce-f0cab27cc71f,2026-27,2,18.82,15.76,19.18,34.39,88.15,A,f
eb85d115-e351-f81a-e382-8cc42e25e5cd,dc25282c-7907-472b-be6b-ce2031edf121,5ceb5573-0231-5d70-848b-193fcfdb644c,2026-27,2,17.22,16.66,18.58,31.99,84.45,A,f
d1df088e-9ce0-b0a5-4870-f7b2ab96c11f,2087fdc0-1be2-45fb-be9a-411cfb58ffff,f8b6ad01-594d-5e52-b325-ed9eb13211e1,2026-27,2,17.51,16.74,17.24,35.25,86.74,A,f
2bb95b38-5907-ad73-5393-ac2059f58d5e,2087fdc0-1be2-45fb-be9a-411cfb58ffff,f27d152a-f613-51a3-aea8-0506e5d24c3a,2026-27,2,16.51,14.64,16.04,33.25,80.44,A,f
fd19bfdf-aaa8-3d58-52a8-971f74d4ed3e,2087fdc0-1be2-45fb-be9a-411cfb58ffff,5297007a-130e-5341-af7a-4e9027c2dadf,2026-27,2,17.21,17.64,16.44,32.05,83.34,A,f
258d06f5-2815-8740-4cfd-75ba5cf8dcad,2087fdc0-1be2-45fb-be9a-411cfb58ffff,c8e42f25-4acd-5f8b-8bce-f0cab27cc71f,2026-27,2,16.01,14.94,17.54,35.75,84.24,A,f
87c35fef-a69f-6916-0572-35a92ca733dd,2087fdc0-1be2-45fb-be9a-411cfb58ffff,5ceb5573-0231-5d70-848b-193fcfdb644c,2026-27,2,15.91,15.04,18.24,33.15,82.34,A,f
274cc547-983b-84dd-7c56-335ff3ecded9,3cda6550-b193-4027-a121-b98ef8abab08,c697ab81-ffed-5fa6-9b51-be0954571d20,2026-27,1,15.71,15.23,16.82,29.75,77.51,B+,f
6552ea25-87ed-1c54-e175-6405e00c2fa3,3cda6550-b193-4027-a121-b98ef8abab08,cc6bfe47-d156-5f3c-a0a6-64be53ff1202,2026-27,1,15.11,14.93,18.02,29.05,77.11,B+,f
64031889-30df-2cc1-21b6-28e6e8eda1f3,3cda6550-b193-4027-a121-b98ef8abab08,945cbb28-3a50-5ed1-8e70-c416ee3f92f0,2026-27,1,17.41,15.33,16.82,30.85,80.41,A,f
511de470-48e4-1520-1cae-ce7dfb891baf,3cda6550-b193-4027-a121-b98ef8abab08,325f5f11-db40-5f00-816d-d66357e36c70,2026-27,1,15.61,14.53,17.42,29.75,77.31,B+,f
c1ffa097-c7b3-abd1-e10c-f44b50bca9ab,3cda6550-b193-4027-a121-b98ef8abab08,817d9a6f-e405-58f8-991b-373c31bd4e25,2026-27,1,14.91,15.73,15.72,31.55,77.91,B+,f
3e9f2dc6-c94f-0379-4613-f1fe2d5e7459,844acdfb-fe45-49ac-9229-a491069e94c8,730c5632-33dc-5e69-a798-6135043a47aa,2026-27,4,18.78,17.43,19.05,33.11,88.37,A,f
8fdcad98-8960-1943-e54a-3f089d4ef4aa,844acdfb-fe45-49ac-9229-a491069e94c8,21e87180-7538-5689-922d-8889674702ed,2026-27,4,18.48,17.13,18.75,32.21,86.57,A,f
a6ee4fd1-531b-a870-4f36-244ac116240c,844acdfb-fe45-49ac-9229-a491069e94c8,a71f945b-22bf-5921-85a0-cb1acd7cb2e6,2026-27,4,16.38,14.93,16.15,32.71,80.17,A,f
97a52ced-c91b-518d-cf7a-a0abf21bbc66,844acdfb-fe45-49ac-9229-a491069e94c8,859db046-894d-53cc-8cb4-3643d0c7f1fe,2026-27,4,18.48,17.63,17.55,34.61,88.27,A,f
9e61f4aa-b396-e7be-402f-b2bb58f57d29,844acdfb-fe45-49ac-9229-a491069e94c8,40d412e8-fc3b-5972-8ff2-90b35de8a2d3,2026-27,4,18.48,15.93,19.15,32.11,85.67,A,f
547568d4-d5ad-05c1-3106-567d72087ac4,38eac50e-05fb-4ee0-89ee-b62560d4882e,f8b6ad01-594d-5e52-b325-ed9eb13211e1,2026-27,2,16.57,17.92,17.55,34.78,86.82,A,f
dee737d6-3779-14c5-bee5-01233dd9a193,38eac50e-05fb-4ee0-89ee-b62560d4882e,f27d152a-f613-51a3-aea8-0506e5d24c3a,2026-27,2,18.17,15.72,18.85,36.98,89.72,A,f
530aea63-a979-315f-cd03-713d8068d4eb,38eac50e-05fb-4ee0-89ee-b62560d4882e,5297007a-130e-5341-af7a-4e9027c2dadf,2026-27,2,16.27,18.82,17.65,34.88,87.62,A,f
52a3646c-898d-32ad-630f-4f811f26c0f4,38eac50e-05fb-4ee0-89ee-b62560d4882e,c8e42f25-4acd-5f8b-8bce-f0cab27cc71f,2026-27,2,18.67,17.12,19.15,33.98,88.92,A,f
0ae086ea-96f8-ae40-3f6b-0e976ecf28a1,38eac50e-05fb-4ee0-89ee-b62560d4882e,5ceb5573-0231-5d70-848b-193fcfdb644c,2026-27,2,18.57,16.42,19.55,34.68,89.22,A,f
fbaf8801-eb04-8f45-969a-c37b9f1b1d93,43992529-cb0e-49b2-86d4-54a8f6ad29ae,730c5632-33dc-5e69-a798-6135043a47aa,2026-27,4,18.28,14.72,18.42,35.61,87.03,A,f
e1a1fb8c-c0c9-fa6c-90a3-27354291d79c,43992529-cb0e-49b2-86d4-54a8f6ad29ae,21e87180-7538-5689-922d-8889674702ed,2026-27,4,17.28,17.92,15.82,31.11,82.13,A,f
755f7cf3-9751-391d-0955-e9db5473bcfb,43992529-cb0e-49b2-86d4-54a8f6ad29ae,a71f945b-22bf-5921-85a0-cb1acd7cb2e6,2026-27,4,17.78,15.12,15.92,33.41,82.23,A,f
c1828354-6a7f-5257-f7a4-b039f5f38bf1,43992529-cb0e-49b2-86d4-54a8f6ad29ae,859db046-894d-53cc-8cb4-3643d0c7f1fe,2026-27,4,15.48,16.12,18.72,34.81,85.13,A,f
6a71e3ff-8ffe-4925-29a2-af1436e88e18,43992529-cb0e-49b2-86d4-54a8f6ad29ae,40d412e8-fc3b-5972-8ff2-90b35de8a2d3,2026-27,4,17.98,17.42,17.12,30.71,83.23,A,f
020c7a06-78a2-ac46-d9cc-3eef3ecef917,73c8db3c-e7a5-45b3-ba1e-762176eb85b8,29f10515-0a52-55f4-896b-fa882e11e38e,2026-27,6,15.67,17.9,17.6,35.86,87.03,A,f
071a40ff-4da9-cd04-0878-81b067be67b7,73c8db3c-e7a5-45b3-ba1e-762176eb85b8,2bc3bd90-0760-5d47-9467-5a5992c412e5,2026-27,6,18.27,14.4,18.3,31.96,82.93,A,f
7da22b58-5831-5de0-faa2-af8d3ae44f1c,73c8db3c-e7a5-45b3-ba1e-762176eb85b8,d9518e1b-06ba-5f43-b6b9-67d017eaae5d,2026-27,6,15.67,16.4,15.7,30.86,78.63,B+,f
45906a35-8861-2b92-9c82-ee5b6564ab65,73c8db3c-e7a5-45b3-ba1e-762176eb85b8,005078bd-c539-5c44-a631-7e7dd9fb778c,2026-27,6,15.57,15.5,16.7,32.46,80.23,A,f
77ba1c06-4ac0-1094-692c-db00381ad91f,73c8db3c-e7a5-45b3-ba1e-762176eb85b8,539f9c66-84f9-5b19-943a-cb15d62bbc33,2026-27,6,16.37,17.7,16.7,30.76,81.53,A,f
95942611-71e2-3baa-9ae7-3817b90e189c,e7b8fef7-567c-4411-b98c-58471a5b9d49,730c5632-33dc-5e69-a798-6135043a47aa,2026-27,4,18.16,15.89,17.2,35.38,86.63,A,f
55c61298-5487-9dad-88bb-7b8ad2fc6238,e7b8fef7-567c-4411-b98c-58471a5b9d49,21e87180-7538-5689-922d-8889674702ed,2026-27,4,17.36,14.69,16.0,31.18,79.23,B+,f
63bbcfd4-0847-cd4f-73b1-5e2d0eb5e9f5,e7b8fef7-567c-4411-b98c-58471a5b9d49,a71f945b-22bf-5921-85a0-cb1acd7cb2e6,2026-27,4,16.76,17.59,17.0,33.48,84.83,A,f
7f7d2e8c-5b30-d5d0-2045-688b1f7738f1,e7b8fef7-567c-4411-b98c-58471a5b9d49,859db046-894d-53cc-8cb4-3643d0c7f1fe,2026-27,4,17.06,14.59,17.1,30.28,79.03,B+,f
bf7731a9-cab4-c458-d10b-24f29848cbcc,e7b8fef7-567c-4411-b98c-58471a5b9d49,40d412e8-fc3b-5972-8ff2-90b35de8a2d3,2026-27,4,16.96,16.59,15.9,32.48,81.93,A,f
d79eeade-9c90-e70b-771b-d890fc959b82,8727ca9b-158a-4ea3-8744-5f4027c7fab2,730c5632-33dc-5e69-a798-6135043a47aa,2026-27,4,19.2,18.5,20.0,38.2,95.9,A+,f
0a446477-f5c0-ee38-ef6a-11f682471f77,8727ca9b-158a-4ea3-8744-5f4027c7fab2,21e87180-7538-5689-922d-8889674702ed,2026-27,4,19.4,18.9,19.4,38.8,96.5,A+,f
4b17abb2-42fb-cb9d-355d-7bac3e2adf1a,8727ca9b-158a-4ea3-8744-5f4027c7fab2,a71f945b-22bf-5921-85a0-cb1acd7cb2e6,2026-27,4,19.0,17.9,20.0,38.4,95.3,A+,f
baff604e-23fc-a368-e4ab-36f78a9e1f29,8727ca9b-158a-4ea3-8744-5f4027c7fab2,859db046-894d-53cc-8cb4-3643d0c7f1fe,2026-27,4,18.7,18.0,18.6,38.5,93.8,A+,f
517894d8-238b-582f-c621-95c4a1c754d9,8727ca9b-158a-4ea3-8744-5f4027c7fab2,40d412e8-fc3b-5972-8ff2-90b35de8a2d3,2026-27,4,18.9,19.9,20.0,39.2,98.0,A+,f
bb5c75e2-aea0-8870-0403-ca199f6b9ad1,f04b8902-882f-4f72-a783-6ad515494059,730c5632-33dc-5e69-a798-6135043a47aa,2026-27,4,17.49,14.91,15.38,28.73,76.51,B+,f
a6ea0dce-475e-bf1b-73fb-16f851316ea6,f04b8902-882f-4f72-a783-6ad515494059,21e87180-7538-5689-922d-8889674702ed,2026-27,4,17.39,16.31,14.88,28.83,77.41,B+,f
1efe29ce-8b39-93d6-76c0-a866b1c661bb,f04b8902-882f-4f72-a783-6ad515494059,a71f945b-22bf-5921-85a0-cb1acd7cb2e6,2026-27,4,17.59,14.81,15.58,29.83,77.81,B+,f
fd26b24b-0a20-1b6a-8cc9-845e5348bf69,f04b8902-882f-4f72-a783-6ad515494059,859db046-894d-53cc-8cb4-3643d0c7f1fe,2026-27,4,15.49,15.61,15.48,29.23,75.81,B+,f
35a8a719-08cb-bd5e-debb-e12cf5e33fb9,f04b8902-882f-4f72-a783-6ad515494059,40d412e8-fc3b-5972-8ff2-90b35de8a2d3,2026-27,4,15.19,14.21,15.98,33.73,79.11,B+,f
9599540a-bbeb-0c71-93f3-2220dc19c99b,1d6a36b0-c409-417a-881f-240e2f3dad80,f8b6ad01-594d-5e52-b325-ed9eb13211e1,2026-27,2,15.39,16.81,17.88,32.15,82.23,A,f
b89c1909-f2cd-a135-f004-13e6f485311a,1d6a36b0-c409-417a-881f-240e2f3dad80,f27d152a-f613-51a3-aea8-0506e5d24c3a,2026-27,2,16.29,13.91,15.38,28.95,74.53,B+,f
f61d2dcd-73fb-cbf9-2117-9b84c6b44bbd,1d6a36b0-c409-417a-881f-240e2f3dad80,5297007a-130e-5341-af7a-4e9027c2dadf,2026-27,2,16.49,17.31,16.58,31.55,81.93,A,f
22d28355-c0f2-ee35-6582-d05d9acb8f38,1d6a36b0-c409-417a-881f-240e2f3dad80,c8e42f25-4acd-5f8b-8bce-f0cab27cc71f,2026-27,2,16.09,14.51,17.88,28.65,77.13,B+,f
d1aeea08-577a-45db-e77b-2244b0fcf563,1d6a36b0-c409-417a-881f-240e2f3dad80,5ceb5573-0231-5d70-848b-193fcfdb644c,2026-27,2,17.69,14.71,17.68,29.35,79.43,B+,f
7ff8376c-e74b-889a-2078-b02d7725cf16,76f1616e-8584-49b8-b426-b150b5817bf0,f8b6ad01-594d-5e52-b325-ed9eb13211e1,2026-27,2,15.06,17.28,17.44,28.04,77.82,B+,f
77a1d5fe-467d-fb3c-54d7-305e7f0ade46,76f1616e-8584-49b8-b426-b150b5817bf0,f27d152a-f613-51a3-aea8-0506e5d24c3a,2026-27,2,15.66,14.98,16.54,32.34,79.52,B+,f
ccc8b2f0-53d0-d5b7-b5d4-792916b5f68c,76f1616e-8584-49b8-b426-b150b5817bf0,5297007a-130e-5341-af7a-4e9027c2dadf,2026-27,2,15.46,13.58,17.14,30.64,76.82,B+,f
e29f1e01-2fcc-c1ce-d43f-938d11c27f67,76f1616e-8584-49b8-b426-b150b5817bf0,c8e42f25-4acd-5f8b-8bce-f0cab27cc71f,2026-27,2,16.46,17.08,16.84,28.14,78.52,B+,f
407c82d8-0b76-4c83-8777-99e6b95d0bf7,76f1616e-8584-49b8-b426-b150b5817bf0,5ceb5573-0231-5d70-848b-193fcfdb644c,2026-27,2,14.96,17.38,15.94,29.74,78.02,B+,f
aa82e003-bc89-5b49-6ed4-70ade965ea1d,18e5f828-f968-43e2-98e3-eba147568b49,29f10515-0a52-55f4-896b-fa882e11e38e,2026-27,6,17.07,17.62,17.84,36.43,88.96,A,f
a0fe4410-55b6-a097-170d-58bfad8f4859,18e5f828-f968-43e2-98e3-eba147568b49,2bc3bd90-0760-5d47-9467-5a5992c412e5,2026-27,6,18.07,18.02,17.94,36.13,90.16,A+,f
e9eaa4e2-fb6e-c915-1300-0c94a8bd3084,18e5f828-f968-43e2-98e3-eba147568b49,d9518e1b-06ba-5f43-b6b9-67d017eaae5d,2026-27,6,17.17,16.72,17.54,35.03,86.46,A,f
7a27378a-8811-fde3-46a1-2a1513556ded,18e5f828-f968-43e2-98e3-eba147568b49,005078bd-c539-5c44-a631-7e7dd9fb778c,2026-27,6,16.87,17.52,17.84,34.33,86.56,A,f
ec83bb50-f459-79f3-4687-993035ecf71d,18e5f828-f968-43e2-98e3-eba147568b49,539f9c66-84f9-5b19-943a-cb15d62bbc33,2026-27,6,18.27,17.92,18.24,33.03,87.46,A,f
ad00adfa-b5b5-cece-d512-543485f2c4aa,2907461c-f765-4d3c-a834-1d95facf9fa0,c697ab81-ffed-5fa6-9b51-be0954571d20,2026-27,1,17.61,15.54,16.55,35.57,85.27,A,f
3b0e7cf8-c163-57f1-d25f-cd4dcbbe0eab,2907461c-f765-4d3c-a834-1d95facf9fa0,cc6bfe47-d156-5f3c-a0a6-64be53ff1202,2026-27,1,17.11,16.64,17.95,33.17,84.87,A,f
ae788836-dafe-5eae-afd2-b96c70f1eacb,2907461c-f765-4d3c-a834-1d95facf9fa0,945cbb28-3a50-5ed1-8e70-c416ee3f92f0,2026-27,1,17.61,17.94,16.45,31.67,83.67,A,f
4b140f93-a9d3-4f67-8c82-614b4e42eeea,2907461c-f765-4d3c-a834-1d95facf9fa0,325f5f11-db40-5f00-816d-d66357e36c70,2026-27,1,16.71,16.44,17.95,33.47,84.57,A,f
cedcbc37-9b45-3f6b-1db0-ef08df93c231,2907461c-f765-4d3c-a834-1d95facf9fa0,817d9a6f-e405-58f8-991b-373c31bd4e25,2026-27,1,17.01,14.64,17.75,35.97,85.37,A,f
7078a3c0-4033-d1c6-1d1f-0df54dd947b5,23bbaff9-5ceb-40e8-82b6-8b7759c21a0d,29f10515-0a52-55f4-896b-fa882e11e38e,2026-27,6,16.76,17.93,18.57,33.14,86.4,A,f
dd26ce70-7b09-8d34-b8d1-175160674b05,23bbaff9-5ceb-40e8-82b6-8b7759c21a0d,2bc3bd90-0760-5d47-9467-5a5992c412e5,2026-27,6,18.56,19.33,18.27,34.54,90.7,A+,f
4b7fe586-4432-b6b2-6cbc-95dfd539771f,23bbaff9-5ceb-40e8-82b6-8b7759c21a0d,d9518e1b-06ba-5f43-b6b9-67d017eaae5d,2026-27,6,17.56,16.33,18.97,32.94,85.8,A,f
12552452-c6fc-bfca-f84f-5e44d9974cae,23bbaff9-5ceb-40e8-82b6-8b7759c21a0d,005078bd-c539-5c44-a631-7e7dd9fb778c,2026-27,6,18.06,17.13,17.77,35.84,88.8,A,f
48176b4d-dc2a-4f7c-45b8-9878a529b30d,23bbaff9-5ceb-40e8-82b6-8b7759c21a0d,539f9c66-84f9-5b19-943a-cb15d62bbc33,2026-27,6,18.16,19.63,17.17,34.64,89.6,A,f
d3005ed1-0b8a-1973-33f7-dc98e2c90680,2f3688c9-3972-4d98-b2be-e985145a4c5f,730c5632-33dc-5e69-a798-6135043a47aa,2026-27,4,15.8,12.69,14.43,32.1,75.02,B+,f
a22b291c-79ab-d454-2272-6bdf4b1daa63,2f3688c9-3972-4d98-b2be-e985145a4c5f,21e87180-7538-5689-922d-8889674702ed,2026-27,4,16.6,14.89,15.23,31.2,77.92,B+,f
87dc29fd-7491-598a-2f26-506be24929e4,2f3688c9-3972-4d98-b2be-e985145a4c5f,a71f945b-22bf-5921-85a0-cb1acd7cb2e6,2026-27,4,15.2,13.99,16.33,28.0,73.52,B+,f
f733a7b1-5f8a-ccb5-59f4-666c0ce5def1,2f3688c9-3972-4d98-b2be-e985145a4c5f,859db046-894d-53cc-8cb4-3643d0c7f1fe,2026-27,4,14.4,12.79,15.83,29.3,72.32,B+,f
2482a399-0dbc-6fb9-de16-f98ddff7282e,2f3688c9-3972-4d98-b2be-e985145a4c5f,40d412e8-fc3b-5972-8ff2-90b35de8a2d3,2026-27,4,14.5,13.09,14.83,27.9,70.32,B+,f
e806f73b-7d86-d94c-54d4-ab5114efaf98,e0293299-fbeb-41d6-8c55-e01f5e5dbd41,730c5632-33dc-5e69-a798-6135043a47aa,2026-27,4,18.23,17.08,17.8,33.54,86.65,A,f
739270cf-1631-8bfe-83d5-32b60f10d9ea,e0293299-fbeb-41d6-8c55-e01f5e5dbd41,21e87180-7538-5689-922d-8889674702ed,2026-27,4,17.83,19.08,19.0,34.24,90.15,A+,f
a55b7189-6949-8fb0-50ad-3a046f300e9c,e0293299-fbeb-41d6-8c55-e01f5e5dbd41,a71f945b-22bf-5921-85a0-cb1acd7cb2e6,2026-27,4,18.53,16.28,17.4,35.74,87.95,A,f
59990df4-9f3c-2edd-aaf3-dd1ced54ccc0,e0293299-fbeb-41d6-8c55-e01f5e5dbd41,859db046-894d-53cc-8cb4-3643d0c7f1fe,2026-27,4,18.53,17.38,19.0,32.54,87.45,A,f
ad21c6d7-222b-340c-4114-5b465ec0b45c,e0293299-fbeb-41d6-8c55-e01f5e5dbd41,40d412e8-fc3b-5972-8ff2-90b35de8a2d3,2026-27,4,16.33,17.48,17.7,34.04,85.55,A,f
c58ace9b-c066-94c0-363a-b4a3b1a4728f,1901ec18-eb4f-4612-96c7-ef1d391b3e03,29f10515-0a52-55f4-896b-fa882e11e38e,2026-27,6,16.88,17.02,16.22,34.15,84.27,A,f
c99e025a-ebca-5d93-d378-8e665e6a829e,1901ec18-eb4f-4612-96c7-ef1d391b3e03,2bc3bd90-0760-5d47-9467-5a5992c412e5,2026-27,6,15.78,17.92,16.22,35.05,84.97,A,f
32ed39ec-9fd4-eeae-b618-ca7ce09f87d3,1901ec18-eb4f-4612-96c7-ef1d391b3e03,d9518e1b-06ba-5f43-b6b9-67d017eaae5d,2026-27,6,18.08,16.02,16.82,32.15,83.07,A,f
d7bd50af-a33a-486d-7ba8-2fa227316135,1901ec18-eb4f-4612-96c7-ef1d391b3e03,005078bd-c539-5c44-a631-7e7dd9fb778c,2026-27,6,16.68,17.02,17.92,33.55,85.17,A,f
67e35d8b-90e3-0999-805c-afd63227e1f5,1901ec18-eb4f-4612-96c7-ef1d391b3e03,539f9c66-84f9-5b19-943a-cb15d62bbc33,2026-27,6,16.88,18.12,17.42,35.25,87.67,A,f
607c5302-d3a0-d2c8-6d4b-ab897460bd49,154be4f1-64e5-427b-874e-744338d4b508,730c5632-33dc-5e69-a798-6135043a47aa,2026-27,4,16.93,14.44,16.21,28.37,75.95,B+,f
b81ad4ff-5ddf-54ea-b7b1-c070ef468aa5,154be4f1-64e5-427b-874e-744338d4b508,21e87180-7538-5689-922d-8889674702ed,2026-27,4,16.43,16.54,16.51,30.87,80.35,A,f
b95ccdbf-4b54-77ca-d32f-eb509f83a414,154be4f1-64e5-427b-874e-744338d4b508,a71f945b-22bf-5921-85a0-cb1acd7cb2e6,2026-27,4,16.53,15.24,16.41,29.47,77.65,B+,f
77950383-c617-510a-8c70-ba095abba5cc,154be4f1-64e5-427b-874e-744338d4b508,859db046-894d-53cc-8cb4-3643d0c7f1fe,2026-27,4,14.63,16.44,17.41,30.07,78.55,B+,f
fd9a8e76-1279-80bc-58dd-cc759a138a76,154be4f1-64e5-427b-874e-744338d4b508,40d412e8-fc3b-5972-8ff2-90b35de8a2d3,2026-27,4,15.83,15.84,16.01,30.17,77.85,B+,f
51ccb5a0-7b3b-a345-1974-e760fcfa8295,5d5636b6-fe1c-46cb-8a21-efdc25c97705,c697ab81-ffed-5fa6-9b51-be0954571d20,2026-27,1,15.92,15.34,16.61,29.7,77.57,B+,f
4867f871-f2f1-29de-3c11-3b7fb6bf9c30,5d5636b6-fe1c-46cb-8a21-efdc25c97705,cc6bfe47-d156-5f3c-a0a6-64be53ff1202,2026-27,1,16.82,15.84,17.01,28.5,78.17,B+,f
0af53ff9-b6b5-60b3-7ea7-4f94644dc750,5d5636b6-fe1c-46cb-8a21-efdc25c97705,945cbb28-3a50-5ed1-8e70-c416ee3f92f0,2026-27,1,15.02,16.14,16.01,30.7,77.87,B+,f
49797b8f-4455-db52-f065-d9ba6fd33275,5d5636b6-fe1c-46cb-8a21-efdc25c97705,325f5f11-db40-5f00-816d-d66357e36c70,2026-27,1,15.52,15.54,16.81,29.9,77.77,B+,f
96cf20a1-83ec-fe09-0814-9663137c7c16,5d5636b6-fe1c-46cb-8a21-efdc25c97705,817d9a6f-e405-58f8-991b-373c31bd4e25,2026-27,1,17.22,13.74,17.51,30.6,79.07,B+,f
cf82639f-b239-138c-2ba1-3bcc8fd7604e,b1ec3a10-62ca-4b22-a016-f0e5ab78c2ef,f8b6ad01-594d-5e52-b325-ed9eb13211e1,2026-27,2,17.38,17.46,18.14,34.58,87.56,A,f
1e81e987-7142-1d02-7d04-7a15f2178b7d,b1ec3a10-62ca-4b22-a016-f0e5ab78c2ef,f27d152a-f613-51a3-aea8-0506e5d24c3a,2026-27,2,19.58,18.56,19.54,39.98,97.66,A+,f
c2027851-77d0-c179-375a-1a60e0717cbc,b1ec3a10-62ca-4b22-a016-f0e5ab78c2ef,5297007a-130e-5341-af7a-4e9027c2dadf,2026-27,2,18.98,17.66,20.0,38.88,95.52,A+,f
db2496ad-28eb-128b-2c51-4fbe83713873,b1ec3a10-62ca-4b22-a016-f0e5ab78c2ef,c8e42f25-4acd-5f8b-8bce-f0cab27cc71f,2026-27,2,20.0,16.86,19.54,36.38,92.78,A+,f
e6735b1c-7f94-111d-798e-dd888c5a6f98,b1ec3a10-62ca-4b22-a016-f0e5ab78c2ef,5ceb5573-0231-5d70-848b-193fcfdb644c,2026-27,2,17.38,18.66,20.0,39.28,95.32,A+,f
aa73ac7f-6360-00cf-4710-71a23305c0f2,1244440a-6c7d-4105-9927-562b372559b5,29f10515-0a52-55f4-896b-fa882e11e38e,2026-27,6,19.82,17.09,17.44,33.54,87.89,A,f
6337176b-3a5a-a92b-8c98-7eb841a3b4bb,1244440a-6c7d-4105-9927-562b372559b5,2bc3bd90-0760-5d47-9467-5a5992c412e5,2026-27,6,16.82,18.39,20.0,38.34,93.55,A+,f
2c54976d-9773-f729-f49e-53c35cf5128b,1244440a-6c7d-4105-9927-562b372559b5,d9518e1b-06ba-5f43-b6b9-67d017eaae5d,2026-27,6,19.62,17.19,17.34,36.44,90.59,A+,f
564be5c1-9bea-baf0-a385-91599255fb38,1244440a-6c7d-4105-9927-562b372559b5,005078bd-c539-5c44-a631-7e7dd9fb778c,2026-27,6,19.82,19.79,19.14,35.04,93.79,A+,f
797cb0ca-8abf-d2f3-0209-d8900ae27b8c,1244440a-6c7d-4105-9927-562b372559b5,539f9c66-84f9-5b19-943a-cb15d62bbc33,2026-27,6,18.32,18.09,17.24,37.94,91.59,A+,f
288bbe71-3b63-2eeb-e854-81dd52917a09,af4ecbdd-45ad-48ea-a7f1-a19d99eecb3a,f8b6ad01-594d-5e52-b325-ed9eb13211e1,2026-27,2,17.13,17.96,17.46,33.77,86.32,A,f
0d961d08-6bbe-952d-9242-ab8e5fa3e666,af4ecbdd-45ad-48ea-a7f1-a19d99eecb3a,f27d152a-f613-51a3-aea8-0506e5d24c3a,2026-27,2,17.93,17.86,15.66,33.77,85.22,A,f
c4bd1f50-503e-a47e-ebe0-c7211e273865,af4ecbdd-45ad-48ea-a7f1-a19d99eecb3a,5297007a-130e-5341-af7a-4e9027c2dadf,2026-27,2,17.03,17.76,16.36,32.37,83.52,A,f
9cad1221-086a-33d1-c5a9-d49b69f742bb,af4ecbdd-45ad-48ea-a7f1-a19d99eecb3a,c8e42f25-4acd-5f8b-8bce-f0cab27cc71f,2026-27,2,17.43,16.86,16.36,32.77,83.42,A,f
3269c2b0-d16f-7824-a40a-adac1d916cac,af4ecbdd-45ad-48ea-a7f1-a19d99eecb3a,5ceb5573-0231-5d70-848b-193fcfdb644c,2026-27,2,15.63,14.46,16.26,35.57,81.92,A,f
5633031f-a75a-14fd-46a2-fce69d3e49d2,c98e0eb6-4b14-425b-9976-1b907ea572f4,c697ab81-ffed-5fa6-9b51-be0954571d20,2026-27,1,15.74,18.38,15.78,33.84,83.74,A,f
b331f47c-8898-042b-e7ba-6fb1b5516cec,c98e0eb6-4b14-425b-9976-1b907ea572f4,cc6bfe47-d156-5f3c-a0a6-64be53ff1202,2026-27,1,16.04,15.18,16.48,33.04,80.74,A,f
dfb5bfb1-07c3-52d5-52d5-65485cf8eed1,c98e0eb6-4b14-425b-9976-1b907ea572f4,945cbb28-3a50-5ed1-8e70-c416ee3f92f0,2026-27,1,17.24,15.98,18.08,31.84,83.14,A,f
9fb7040e-f2b2-8a3e-53cd-80770c879779,c98e0eb6-4b14-425b-9976-1b907ea572f4,325f5f11-db40-5f00-816d-d66357e36c70,2026-27,1,15.44,17.88,16.28,30.24,79.84,B+,f
7b6acf7c-d1b0-0219-3d9d-3973c889e591,c98e0eb6-4b14-425b-9976-1b907ea572f4,817d9a6f-e405-58f8-991b-373c31bd4e25,2026-27,1,16.04,17.48,16.38,34.54,84.44,A,f
5735b255-7619-3f00-56c0-1fa06da7056f,52b96134-0a0f-4566-8b5f-1226a719dfc6,29f10515-0a52-55f4-896b-fa882e11e38e,2026-27,6,19.02,17.31,18.9,38.97,94.2,A+,f
f74e2239-351e-1b9a-2825-e0b5486d4975,52b96134-0a0f-4566-8b5f-1226a719dfc6,2bc3bd90-0760-5d47-9467-5a5992c412e5,2026-27,6,19.82,19.01,20.0,40.0,98.83,A+,f
80b89b0f-7476-7a6c-ff78-17c192af56c2,52b96134-0a0f-4566-8b5f-1226a719dfc6,d9518e1b-06ba-5f43-b6b9-67d017eaae5d,2026-27,6,20.0,17.21,20.0,39.47,96.68,A+,f
29c1fc68-4c23-cd65-3328-abb5c5e54c77,52b96134-0a0f-4566-8b5f-1226a719dfc6,005078bd-c539-5c44-a631-7e7dd9fb778c,2026-27,6,20.0,18.91,19.5,39.77,98.18,A+,f
d2e7f7d7-9408-302d-660c-2e91aa03cbc3,52b96134-0a0f-4566-8b5f-1226a719dfc6,539f9c66-84f9-5b19-943a-cb15d62bbc33,2026-27,6,20.0,17.01,18.2,38.27,93.48,A+,f
aba47993-780b-1481-9263-bfb3c0c96f1f,5856cb04-0d08-41ea-95e0-2791443952ca,730c5632-33dc-5e69-a798-6135043a47aa,2026-27,4,19.98,20.0,18.85,36.23,95.06,A+,f
aaf4b2c0-8ddd-670f-f32f-463a1a80709c,5856cb04-0d08-41ea-95e0-2791443952ca,21e87180-7538-5689-922d-8889674702ed,2026-27,4,19.48,19.57,19.05,35.93,94.03,A+,f
d0a300bc-860b-3957-5e4f-0a452f984f10,5856cb04-0d08-41ea-95e0-2791443952ca,a71f945b-22bf-5921-85a0-cb1acd7cb2e6,2026-27,4,17.58,16.77,18.25,40.0,92.6,A+,f
71bb1e7a-b3cd-a244-dea1-09dd6e5501bc,5856cb04-0d08-41ea-95e0-2791443952ca,859db046-894d-53cc-8cb4-3643d0c7f1fe,2026-27,4,19.68,18.57,20.0,37.03,95.28,A+,f
32109bd1-7718-ba6d-09e0-c08bda1f62a3,5856cb04-0d08-41ea-95e0-2791443952ca,40d412e8-fc3b-5972-8ff2-90b35de8a2d3,2026-27,4,19.38,19.97,20.0,36.13,95.48,A+,f
c2ef018a-565a-e1fb-5fa6-a1e9252ed6a7,a5b90708-36f3-4ba6-809d-bbb957aab438,c697ab81-ffed-5fa6-9b51-be0954571d20,2026-27,1,17.53,18.18,17.81,32.87,86.39,A,f
1f696cf9-b299-4c7f-22e1-52e7b362c17b,a5b90708-36f3-4ba6-809d-bbb957aab438,cc6bfe47-d156-5f3c-a0a6-64be53ff1202,2026-27,1,18.93,15.28,18.11,33.57,85.89,A,f
6003963c-5950-3679-85a2-da2f87d4d153,a5b90708-36f3-4ba6-809d-bbb957aab438,945cbb28-3a50-5ed1-8e70-c416ee3f92f0,2026-27,1,17.43,17.18,19.21,32.87,86.69,A,f
622f7209-fa58-740c-e2ac-52f250e412b0,a5b90708-36f3-4ba6-809d-bbb957aab438,325f5f11-db40-5f00-816d-d66357e36c70,2026-27,1,18.43,18.28,17.01,31.57,85.29,A,f
e9b4cdcb-21b8-5264-25e4-a2d61dd061ed,a5b90708-36f3-4ba6-809d-bbb957aab438,817d9a6f-e405-58f8-991b-373c31bd4e25,2026-27,1,18.63,18.18,17.61,34.87,89.29,A,f
705a223a-fce5-b099-f5c1-fe57a36ab605,fa9f08dd-6919-4664-90de-beb5a46b6347,730c5632-33dc-5e69-a798-6135043a47aa,2026-27,4,18.9,15.65,18.39,36.57,89.51,A,f
79ad6ffc-c4d0-801f-e7ca-ff34fa97d5d9,fa9f08dd-6919-4664-90de-beb5a46b6347,21e87180-7538-5689-922d-8889674702ed,2026-27,4,17.6,19.35,18.79,38.07,93.81,A+,f
7d8ddf8e-cf31-7ab0-7fde-cea08e140082,fa9f08dd-6919-4664-90de-beb5a46b6347,a71f945b-22bf-5921-85a0-cb1acd7cb2e6,2026-27,4,16.8,15.85,19.69,38.17,90.51,A+,f
0fb0bdbc-8526-d32c-076a-4f83a2a0204c,fa9f08dd-6919-4664-90de-beb5a46b6347,859db046-894d-53cc-8cb4-3643d0c7f1fe,2026-27,4,16.8,18.45,18.89,36.87,91.01,A+,f
c010dacd-1ac7-8414-b997-1305ba5a622b,fa9f08dd-6919-4664-90de-beb5a46b6347,40d412e8-fc3b-5972-8ff2-90b35de8a2d3,2026-27,4,19.2,18.55,18.49,35.97,92.21,A+,f
3fd3bb8a-100b-c78d-5210-4af49fc88acf,55a828a2-4d99-459a-9a6b-d6b461a34f72,29f10515-0a52-55f4-896b-fa882e11e38e,2026-27,6,16.04,15.76,17.94,30.31,80.05,A,f
55aa43b0-9512-eefb-7ec9-ba0112dad112,55a828a2-4d99-459a-9a6b-d6b461a34f72,2bc3bd90-0760-5d47-9467-5a5992c412e5,2026-27,6,17.94,16.56,16.64,34.61,85.75,A,f
9ebdce56-2560-8cec-a146-790e0de0864f,55a828a2-4d99-459a-9a6b-d6b461a34f72,d9518e1b-06ba-5f43-b6b9-67d017eaae5d,2026-27,6,16.64,16.06,17.44,34.01,84.15,A,f
cccc23c0-3d56-147d-5e06-45e0f662bb8b,55a828a2-4d99-459a-9a6b-d6b461a34f72,005078bd-c539-5c44-a631-7e7dd9fb778c,2026-27,6,16.74,14.06,15.84,30.61,77.25,B+,f
17c5dbe5-f048-ebd7-4de1-71f08015c926,55a828a2-4d99-459a-9a6b-d6b461a34f72,539f9c66-84f9-5b19-943a-cb15d62bbc33,2026-27,6,15.24,14.56,15.84,33.81,79.45,B+,f
e224ece1-a60f-2257-1b8e-3ab4acd3ac70,049b8b04-7223-426b-a8f9-2815a5f1ec17,730c5632-33dc-5e69-a798-6135043a47aa,2026-27,4,17.13,16.65,17.14,33.09,84.01,A,f
4526a029-1412-87ad-046d-66f59336922d,049b8b04-7223-426b-a8f9-2815a5f1ec17,21e87180-7538-5689-922d-8889674702ed,2026-27,4,16.63,15.25,15.44,34.39,81.71,A,f
293cb130-1e65-3b55-b1eb-0987a81521ad,049b8b04-7223-426b-a8f9-2815a5f1ec17,a71f945b-22bf-5921-85a0-cb1acd7cb2e6,2026-27,4,15.73,17.95,16.54,29.29,79.51,B+,f
a8525f08-f47c-3ad7-44c6-015a127c9250,049b8b04-7223-426b-a8f9-2815a5f1ec17,859db046-894d-53cc-8cb4-3643d0c7f1fe,2026-27,4,16.63,15.25,15.74,34.19,81.81,A,f
3b0e116d-6207-9b0b-cf59-5f598fbb1ae8,049b8b04-7223-426b-a8f9-2815a5f1ec17,40d412e8-fc3b-5972-8ff2-90b35de8a2d3,2026-27,4,15.03,17.55,16.24,34.69,83.51,A,f
8fdf332a-a8b0-ecee-d256-35190cce8de1,22522b91-3559-400d-8fbb-e0cd91c2baeb,730c5632-33dc-5e69-a798-6135043a47aa,2026-27,4,17.85,15.9,17.74,36.36,87.85,A,f
eb15aff9-5f12-a007-8d11-548cb686e505,22522b91-3559-400d-8fbb-e0cd91c2baeb,21e87180-7538-5689-922d-8889674702ed,2026-27,4,16.95,16.4,16.64,36.86,86.85,A,f
1567083c-45cf-4de5-614b-d822032db433,22522b91-3559-400d-8fbb-e0cd91c2baeb,a71f945b-22bf-5921-85a0-cb1acd7cb2e6,2026-27,4,17.55,19.3,18.44,36.76,92.05,A+,f
788f5fbd-5aa9-ff93-158c-5c3567355d08,22522b91-3559-400d-8fbb-e0cd91c2baeb,859db046-894d-53cc-8cb4-3643d0c7f1fe,2026-27,4,18.65,18.8,18.14,32.76,88.35,A,f
f830325f-330d-9637-f3f1-62c40dc94dca,22522b91-3559-400d-8fbb-e0cd91c2baeb,40d412e8-fc3b-5972-8ff2-90b35de8a2d3,2026-27,4,18.95,16.0,19.24,37.06,91.25,A+,f
a4373130-b335-b9a5-667d-c01706ea7763,3025c386-fa91-45a6-95fa-9e9f6a93114e,730c5632-33dc-5e69-a798-6135043a47aa,2026-27,4,19.96,17.53,18.3,36.88,92.67,A+,f
659edc22-fe07-a0fa-e203-219bd3c94e15,3025c386-fa91-45a6-95fa-9e9f6a93114e,21e87180-7538-5689-922d-8889674702ed,2026-27,4,18.76,17.53,19.3,38.08,93.67,A+,f
d17840a3-8906-8d74-e15f-2893fc9c677f,3025c386-fa91-45a6-95fa-9e9f6a93114e,a71f945b-22bf-5921-85a0-cb1acd7cb2e6,2026-27,4,17.36,19.33,18.2,38.78,93.67,A+,f
e782f703-975f-536f-f1f9-4c56287225d3,3025c386-fa91-45a6-95fa-9e9f6a93114e,859db046-894d-53cc-8cb4-3643d0c7f1fe,2026-27,4,18.56,18.93,18.2,39.58,95.27,A+,f
a996e5df-1d47-7d6d-ab73-05df835d27d4,3025c386-fa91-45a6-95fa-9e9f6a93114e,40d412e8-fc3b-5972-8ff2-90b35de8a2d3,2026-27,4,19.66,18.03,18.6,37.48,93.77,A+,f
d5201fb9-5bda-62f8-ec8f-105d46d4fdf5,eb7f0c89-0787-41db-8aa7-4d591a8ca66d,29f10515-0a52-55f4-896b-fa882e11e38e,2026-27,6,16.71,17.47,16.81,34.2,85.19,A,f
04589e8a-ebc5-aea6-2458-b9a358c532c8,eb7f0c89-0787-41db-8aa7-4d591a8ca66d,2bc3bd90-0760-5d47-9467-5a5992c412e5,2026-27,6,18.81,18.37,17.51,34.1,88.79,A,f
e2b6c9b9-a09e-1c3f-9035-f46ee8889100,eb7f0c89-0787-41db-8aa7-4d591a8ca66d,d9518e1b-06ba-5f43-b6b9-67d017eaae5d,2026-27,6,18.21,16.27,19.11,33.1,86.69,A,f
200fe937-8671-2794-0a02-17a6583053e5,eb7f0c89-0787-41db-8aa7-4d591a8ca66d,005078bd-c539-5c44-a631-7e7dd9fb778c,2026-27,6,18.81,18.47,18.81,38.1,94.19,A+,f
2da80308-58e1-b88f-267c-820e9ac37d0e,eb7f0c89-0787-41db-8aa7-4d591a8ca66d,539f9c66-84f9-5b19-943a-cb15d62bbc33,2026-27,6,19.01,17.97,16.81,36.7,90.49,A+,f
aed84653-0c5a-9fad-a9bd-678e4faa1d0f,78ff812f-a481-42a9-b220-0b36f39b6319,c697ab81-ffed-5fa6-9b51-be0954571d20,2026-27,1,15.73,17.66,17.15,29.82,80.36,A,f
a80b79aa-aaed-a908-48bb-acd2b4984f75,78ff812f-a481-42a9-b220-0b36f39b6319,cc6bfe47-d156-5f3c-a0a6-64be53ff1202,2026-27,1,17.23,16.16,17.95,30.02,81.36,A,f
98297827-951c-29e5-dc14-c0b47f88ead7,78ff812f-a481-42a9-b220-0b36f39b6319,945cbb28-3a50-5ed1-8e70-c416ee3f92f0,2026-27,1,16.43,15.96,17.55,34.82,84.76,A,f
ebf78478-b93f-7eab-e4f4-386238755753,78ff812f-a481-42a9-b220-0b36f39b6319,325f5f11-db40-5f00-816d-d66357e36c70,2026-27,1,17.03,16.46,15.75,32.52,81.76,A,f
157a60b6-2e00-63cc-ca5c-1e322b401aed,78ff812f-a481-42a9-b220-0b36f39b6319,817d9a6f-e405-58f8-991b-373c31bd4e25,2026-27,1,16.93,16.26,17.05,32.02,82.26,A,f
f4d324b5-0b87-64f2-a571-f5acbf75902d,7bc5ff4a-706c-4ef6-8f1a-21b041cd2f0f,f8b6ad01-594d-5e52-b325-ed9eb13211e1,2026-27,2,16.65,17.19,18.19,31.14,83.17,A,f
1aac6a9c-6ba8-167e-a6c9-f8cf57cdac2a,7bc5ff4a-706c-4ef6-8f1a-21b041cd2f0f,f27d152a-f613-51a3-aea8-0506e5d24c3a,2026-27,2,17.25,14.69,16.39,33.14,81.47,A,f
23416870-f42d-1224-39e6-d931a735b92b,7bc5ff4a-706c-4ef6-8f1a-21b041cd2f0f,5297007a-130e-5341-af7a-4e9027c2dadf,2026-27,2,17.95,17.89,17.49,35.64,88.97,A,f
f0f561f6-00ae-0bbc-5372-7a94336f338e,7bc5ff4a-706c-4ef6-8f1a-21b041cd2f0f,c8e42f25-4acd-5f8b-8bce-f0cab27cc71f,2026-27,2,16.15,18.19,16.39,31.04,81.77,A,f
f2480f80-fdd7-98fa-9045-2250a562f043,7bc5ff4a-706c-4ef6-8f1a-21b041cd2f0f,5ceb5573-0231-5d70-848b-193fcfdb644c,2026-27,2,17.75,15.79,15.69,30.44,79.67,B+,f
1b0da478-3192-e663-d80d-03cd6257ab9b,b2914819-2d04-4f53-9154-1af4429f8b13,730c5632-33dc-5e69-a798-6135043a47aa,2026-27,4,14.48,13.89,15.15,27.41,70.93,B+,f
4b532cad-4952-9c04-4812-eceea6082349,b2914819-2d04-4f53-9154-1af4429f8b13,21e87180-7538-5689-922d-8889674702ed,2026-27,4,17.08,15.29,17.45,33.31,83.13,A,f
83e235d7-da38-1e45-1111-56e7e59bd043,b2914819-2d04-4f53-9154-1af4429f8b13,a71f945b-22bf-5921-85a0-cb1acd7cb2e6,2026-27,4,16.68,16.49,16.85,31.31,81.33,A,f
6e15227a-8c99-75ab-ae35-2cf5ce31e5c8,b2914819-2d04-4f53-9154-1af4429f8b13,859db046-894d-53cc-8cb4-3643d0c7f1fe,2026-27,4,14.18,15.19,15.45,27.91,72.73,B+,f
3a5365b8-f2c8-3dce-e629-744ecc51ebd7,b2914819-2d04-4f53-9154-1af4429f8b13,40d412e8-fc3b-5972-8ff2-90b35de8a2d3,2026-27,4,17.08,14.29,15.95,31.21,78.53,B+,f
d38d9d3c-ef5a-8efa-cf5b-35d086571859,635bc047-5d93-4e7a-afd4-1810898d7b28,730c5632-33dc-5e69-a798-6135043a47aa,2026-27,4,18.88,17.53,18.45,33.23,88.09,A,f
551af014-3dd4-06f0-bf9f-771289514996,635bc047-5d93-4e7a-afd4-1810898d7b28,21e87180-7538-5689-922d-8889674702ed,2026-27,4,15.98,16.43,18.35,36.83,87.59,A,f
3bfc205f-a332-c677-1414-ddeaf1cbae54,635bc047-5d93-4e7a-afd4-1810898d7b28,a71f945b-22bf-5921-85a0-cb1acd7cb2e6,2026-27,4,17.38,18.73,17.55,34.93,88.59,A,f
f2fbec17-b175-aace-e1f2-a3364d76caa9,635bc047-5d93-4e7a-afd4-1810898d7b28,859db046-894d-53cc-8cb4-3643d0c7f1fe,2026-27,4,15.88,18.03,18.95,35.33,88.19,A,f
f890919d-f574-8b20-17b0-3bac0e78a148,635bc047-5d93-4e7a-afd4-1810898d7b28,40d412e8-fc3b-5972-8ff2-90b35de8a2d3,2026-27,4,18.78,15.03,16.75,33.63,84.19,A,f
d9e911ba-c8bf-a446-3b4e-27af9addbccb,d3e507af-21d8-46a0-88af-05633d6b7c70,29f10515-0a52-55f4-896b-fa882e11e38e,2026-27,6,18.98,17.57,20.0,35.75,92.3,A+,f
0fc87d48-8726-bfce-425f-2417d2c81d9c,d3e507af-21d8-46a0-88af-05633d6b7c70,2bc3bd90-0760-5d47-9467-5a5992c412e5,2026-27,6,17.88,18.07,18.05,37.35,91.35,A+,f
2c19908b-456d-fe6d-9a8f-46365ad700db,d3e507af-21d8-46a0-88af-05633d6b7c70,d9518e1b-06ba-5f43-b6b9-67d017eaae5d,2026-27,6,19.78,19.77,20.0,37.75,97.3,A+,f
eac01ee4-934a-c62e-fa9d-4497b63efe7b,d3e507af-21d8-46a0-88af-05633d6b7c70,005078bd-c539-5c44-a631-7e7dd9fb778c,2026-27,6,19.78,18.37,19.55,35.85,93.55,A+,f
ab1a049b-cf70-57e3-91d4-bb8295a130a0,d3e507af-21d8-46a0-88af-05633d6b7c70,539f9c66-84f9-5b19-943a-cb15d62bbc33,2026-27,6,20.0,19.17,19.85,39.05,98.07,A+,f
7c3517bf-283f-188c-1e6c-7f3b06c1be2e,cf788c24-e1e6-43c7-9cc6-53ec69c3ef60,730c5632-33dc-5e69-a798-6135043a47aa,2026-27,4,17.88,19.44,16.67,37.93,91.92,A+,f
fad07089-db28-8a8f-0b0e-da197189e5de,cf788c24-e1e6-43c7-9cc6-53ec69c3ef60,21e87180-7538-5689-922d-8889674702ed,2026-27,4,18.18,16.74,16.87,36.03,87.82,A,f
d6715617-f822-fba8-ece9-6a5efc9a534c,cf788c24-e1e6-43c7-9cc6-53ec69c3ef60,a71f945b-22bf-5921-85a0-cb1acd7cb2e6,2026-27,4,18.98,16.54,16.67,34.53,86.72,A,f
89ce6669-928a-90c2-0968-8da5aa0b2f08,cf788c24-e1e6-43c7-9cc6-53ec69c3ef60,859db046-894d-53cc-8cb4-3643d0c7f1fe,2026-27,4,16.48,18.24,17.97,33.83,86.52,A,f
05534bd9-c6c7-1113-5093-7f76c720aea1,cf788c24-e1e6-43c7-9cc6-53ec69c3ef60,40d412e8-fc3b-5972-8ff2-90b35de8a2d3,2026-27,4,18.98,17.54,17.07,36.43,90.02,A+,f
385d2c43-d51b-92a8-21fb-c449907c41b5,d23e07b5-474b-417a-a078-b3b57f4004f5,29f10515-0a52-55f4-896b-fa882e11e38e,2026-27,6,16.55,19.21,16.54,35.94,88.24,A,f
46100625-d4a4-0e01-ec34-8da42eff58f8,d23e07b5-474b-417a-a078-b3b57f4004f5,2bc3bd90-0760-5d47-9467-5a5992c412e5,2026-27,6,16.55,16.41,17.44,36.34,86.74,A,f
50e9ade8-19c1-1a30-9f68-1cecdac4f62f,d23e07b5-474b-417a-a078-b3b57f4004f5,d9518e1b-06ba-5f43-b6b9-67d017eaae5d,2026-27,6,18.15,16.01,18.44,37.14,89.74,A,f
f4b46bd1-38cd-1fca-7b21-f58220fdfae0,d23e07b5-474b-417a-a078-b3b57f4004f5,005078bd-c539-5c44-a631-7e7dd9fb778c,2026-27,6,18.35,19.21,19.04,36.24,92.84,A+,f
8ad90c1d-3bb3-ceec-c8aa-37c4e506a088,d23e07b5-474b-417a-a078-b3b57f4004f5,539f9c66-84f9-5b19-943a-cb15d62bbc33,2026-27,6,18.35,17.21,17.54,32.34,85.44,A,f
589027f8-018c-9d98-68b2-de9e254e3e84,6f88cb0a-8210-411f-a0ca-7404903ad8ab,730c5632-33dc-5e69-a798-6135043a47aa,2026-27,4,16.49,14.62,16.22,29.98,77.31,B+,f
40d99f81-982e-63b7-6b87-fa3cb46e7158,6f88cb0a-8210-411f-a0ca-7404903ad8ab,21e87180-7538-5689-922d-8889674702ed,2026-27,4,16.79,17.92,15.52,34.88,85.11,A,f
ad7ea48f-539c-d6e1-3cb6-392eddf83fec,6f88cb0a-8210-411f-a0ca-7404903ad8ab,a71f945b-22bf-5921-85a0-cb1acd7cb2e6,2026-27,4,16.89,18.12,16.72,35.28,87.01,A,f
db0005dc-6bdd-fe9b-a390-8aa26cd1adac,6f88cb0a-8210-411f-a0ca-7404903ad8ab,859db046-894d-53cc-8cb4-3643d0c7f1fe,2026-27,4,15.29,16.72,16.32,29.88,78.21,B+,f
a9fd34f6-70a1-cf87-b980-ab5cc3308218,6f88cb0a-8210-411f-a0ca-7404903ad8ab,40d412e8-fc3b-5972-8ff2-90b35de8a2d3,2026-27,4,17.69,17.52,17.02,33.48,85.71,A,f
f0fed2fe-3e13-1fe5-2b91-4d3b44d5f07e,4a142a35-c426-44b0-ae93-48a441ecc876,c697ab81-ffed-5fa6-9b51-be0954571d20,2026-27,1,17.95,15.78,18.07,33.69,85.49,A,f
e952111b-5a81-ade4-6e56-f81a28174ec9,4a142a35-c426-44b0-ae93-48a441ecc876,cc6bfe47-d156-5f3c-a0a6-64be53ff1202,2026-27,1,17.65,16.68,17.57,32.59,84.49,A,f
2de6523c-e5ee-b69c-d498-dd2c9a9d6ff1,4a142a35-c426-44b0-ae93-48a441ecc876,945cbb28-3a50-5ed1-8e70-c416ee3f92f0,2026-27,1,17.15,16.88,18.07,30.29,82.39,A,f
0a984010-3cc0-2bfd-a300-5b8a36f8f1d6,4a142a35-c426-44b0-ae93-48a441ecc876,325f5f11-db40-5f00-816d-d66357e36c70,2026-27,1,16.85,14.68,15.87,33.09,80.49,A,f
a766e744-07fd-95e6-407d-306ca0256191,4a142a35-c426-44b0-ae93-48a441ecc876,817d9a6f-e405-58f8-991b-373c31bd4e25,2026-27,1,17.45,17.58,17.17,34.29,86.49,A,f
20bf6c40-8c65-a94c-acc1-0ece17a7bb25,13e6c5d2-d2f3-4d3b-85c9-ceab172c9dfe,f8b6ad01-594d-5e52-b325-ed9eb13211e1,2026-27,2,16.97,17.22,18.75,32.36,85.3,A,f
41e0b935-9035-d7b9-ce89-b4344466f214,13e6c5d2-d2f3-4d3b-85c9-ceab172c9dfe,f27d152a-f613-51a3-aea8-0506e5d24c3a,2026-27,2,18.97,15.52,19.35,35.56,89.4,A,f
183c090f-4c61-c463-5061-9db5f72198bd,13e6c5d2-d2f3-4d3b-85c9-ceab172c9dfe,5297007a-130e-5341-af7a-4e9027c2dadf,2026-27,2,16.57,18.52,19.15,31.66,85.9,A,f
e10cd6e9-5064-c7f0-5a68-db9fa048ccf7,13e6c5d2-d2f3-4d3b-85c9-ceab172c9dfe,c8e42f25-4acd-5f8b-8bce-f0cab27cc71f,2026-27,2,17.07,18.22,18.25,35.46,89.0,A,f
8734aee8-7cae-e34a-aee1-9a2a7be5d689,13e6c5d2-d2f3-4d3b-85c9-ceab172c9dfe,5ceb5573-0231-5d70-848b-193fcfdb644c,2026-27,2,17.77,17.52,18.65,32.46,86.4,A,f
6549b3de-f742-d1e6-8cfe-e63026553e9a,b10c4705-1374-498e-b588-8b6e814cddd2,f8b6ad01-594d-5e52-b325-ed9eb13211e1,2026-27,2,18.34,18.71,18.28,38.76,94.09,A+,f
b7e314ad-a1a9-e5ad-45a0-c6823af7328f,b10c4705-1374-498e-b588-8b6e814cddd2,f27d152a-f613-51a3-aea8-0506e5d24c3a,2026-27,2,17.34,16.31,19.98,38.36,91.99,A+,f
61f41ef2-9364-61a2-f71a-d0fa8f958347,b10c4705-1374-498e-b588-8b6e814cddd2,5297007a-130e-5341-af7a-4e9027c2dadf,2026-27,2,18.64,17.91,18.58,34.16,89.29,A,f
e6edeecc-13aa-1771-f1d6-2028c23c3628,b10c4705-1374-498e-b588-8b6e814cddd2,c8e42f25-4acd-5f8b-8bce-f0cab27cc71f,2026-27,2,19.04,17.51,17.88,39.46,93.89,A+,f
47583912-86a9-a337-980d-84365735d5d7,b10c4705-1374-498e-b588-8b6e814cddd2,5ceb5573-0231-5d70-848b-193fcfdb644c,2026-27,2,18.64,17.01,19.58,39.56,94.79,A+,f
0f4d7902-8b0a-8e49-f8b4-80b1c608392c,07692f8b-0ff6-4fc4-84a1-6cfaaffc3d34,730c5632-33dc-5e69-a798-6135043a47aa,2026-27,4,18.32,19.6,18.36,34.1,90.38,A+,f
ff2efd51-df43-262f-6eea-6eb310208c5e,07692f8b-0ff6-4fc4-84a1-6cfaaffc3d34,21e87180-7538-5689-922d-8889674702ed,2026-27,4,19.02,18.1,17.66,38.4,93.18,A+,f
90b753df-952d-1c42-a553-76c70968b3d0,07692f8b-0ff6-4fc4-84a1-6cfaaffc3d34,a71f945b-22bf-5921-85a0-cb1acd7cb2e6,2026-27,4,18.12,17.4,17.96,37.3,90.78,A+,f
a98b27d8-5675-cecf-f674-a6c3a497ab27,07692f8b-0ff6-4fc4-84a1-6cfaaffc3d34,859db046-894d-53cc-8cb4-3643d0c7f1fe,2026-27,4,19.62,17.7,18.16,36.3,91.78,A+,f
fd378074-9924-ea09-6356-6e30a1f34e21,07692f8b-0ff6-4fc4-84a1-6cfaaffc3d34,40d412e8-fc3b-5972-8ff2-90b35de8a2d3,2026-27,4,18.12,20.0,18.26,39.8,96.18,A+,f
a848275a-528d-62a0-8a9e-c00cebd3cf03,b8d7a204-924c-46fc-917a-cff4d10a590d,29f10515-0a52-55f4-896b-fa882e11e38e,2026-27,6,18.57,17.41,17.03,36.26,89.27,A,f
d6166eb3-de21-6899-0821-b072314dfec6,b8d7a204-924c-46fc-917a-cff4d10a590d,2bc3bd90-0760-5d47-9467-5a5992c412e5,2026-27,6,16.27,17.41,18.23,33.76,85.67,A,f
7273435f-808a-970a-2dc4-e7b02f98a7da,b8d7a204-924c-46fc-917a-cff4d10a590d,d9518e1b-06ba-5f43-b6b9-67d017eaae5d,2026-27,6,16.97,14.81,18.23,36.76,86.77,A,f
31a0cd77-e3d3-13b7-4fbf-43dcecc8c3a1,b8d7a204-924c-46fc-917a-cff4d10a590d,005078bd-c539-5c44-a631-7e7dd9fb778c,2026-27,6,16.47,16.41,17.93,32.26,83.07,A,f
a059e2f7-382d-4108-107f-92c07e127279,b8d7a204-924c-46fc-917a-cff4d10a590d,539f9c66-84f9-5b19-943a-cb15d62bbc33,2026-27,6,15.77,15.11,17.43,35.86,84.17,A,f
ca7c1da7-b66a-95f8-c290-4c3e4b19ad17,1af32531-4582-4867-a7f1-70e008610d62,29f10515-0a52-55f4-896b-fa882e11e38e,2026-27,6,16.84,16.0,17.94,34.11,84.89,A,f
9f727347-cdbe-3772-e7c5-2cfeb21dac8e,1af32531-4582-4867-a7f1-70e008610d62,2bc3bd90-0760-5d47-9467-5a5992c412e5,2026-27,6,17.44,18.3,19.64,33.71,89.09,A,f
f7dee4ff-80cd-dee8-43e4-e095f3a1eb26,1af32531-4582-4867-a7f1-70e008610d62,d9518e1b-06ba-5f43-b6b9-67d017eaae5d,2026-27,6,17.94,18.6,17.64,36.91,91.09,A+,f
60c45796-7a04-1b5a-a1e7-a93ae3b1f0cf,1af32531-4582-4867-a7f1-70e008610d62,005078bd-c539-5c44-a631-7e7dd9fb778c,2026-27,6,16.94,18.9,18.74,34.31,88.89,A,f
c755d700-a7e3-8371-9eaa-6b55411c96e1,1af32531-4582-4867-a7f1-70e008610d62,539f9c66-84f9-5b19-943a-cb15d62bbc33,2026-27,6,19.14,18.4,19.74,33.61,90.89,A+,f
1dd673df-e1f0-66e7-9627-68d94457e9c2,f0a89b4b-9c8e-43bd-a194-216f27c7ab3e,29f10515-0a52-55f4-896b-fa882e11e38e,2026-27,6,15.26,17.59,15.88,31.19,79.92,B+,f
434ee051-211a-4634-39df-17294b518f92,f0a89b4b-9c8e-43bd-a194-216f27c7ab3e,2bc3bd90-0760-5d47-9467-5a5992c412e5,2026-27,6,17.56,14.39,16.78,32.29,81.02,A,f
2d29c401-c39e-7dc8-5c08-dd0e00f29523,f0a89b4b-9c8e-43bd-a194-216f27c7ab3e,d9518e1b-06ba-5f43-b6b9-67d017eaae5d,2026-27,6,16.96,15.99,16.18,34.69,83.82,A,f
e1a6b1b2-6df6-6c0e-b0c3-de732705df79,f0a89b4b-9c8e-43bd-a194-216f27c7ab3e,005078bd-c539-5c44-a631-7e7dd9fb778c,2026-27,6,16.16,14.19,15.98,31.09,77.42,B+,f
c83ed20e-ebf2-d478-8240-12ac3a6e1e50,f0a89b4b-9c8e-43bd-a194-216f27c7ab3e,539f9c66-84f9-5b19-943a-cb15d62bbc33,2026-27,6,17.06,17.79,16.28,35.09,86.22,A,f
bd4db8f3-c2b4-3fcc-f540-6cf5fccef0dc,1d120b48-52c7-42f1-9498-c395cda475ed,f8b6ad01-594d-5e52-b325-ed9eb13211e1,2026-27,2,18.52,15.06,18.18,32.87,84.63,A,f
cd06bd9e-88bb-337d-5e17-970cd1ef2f36,1d120b48-52c7-42f1-9498-c395cda475ed,f27d152a-f613-51a3-aea8-0506e5d24c3a,2026-27,2,16.52,17.06,16.28,32.47,82.33,A,f
5c50b6cf-47da-2f2e-6edd-3decd7e1a093,1d120b48-52c7-42f1-9498-c395cda475ed,5297007a-130e-5341-af7a-4e9027c2dadf,2026-27,2,17.02,18.76,16.58,31.37,83.73,A,f
0396bd9a-f7d5-22de-f289-d1d029239934,1d120b48-52c7-42f1-9498-c395cda475ed,c8e42f25-4acd-5f8b-8bce-f0cab27cc71f,2026-27,2,15.92,15.36,18.48,36.87,86.63,A,f
14543bfc-48d9-0d14-967d-84b31e645095,1d120b48-52c7-42f1-9498-c395cda475ed,5ceb5573-0231-5d70-848b-193fcfdb644c,2026-27,2,17.82,16.76,16.68,33.07,84.33,A,f
70e28427-c36d-e867-54ff-4364ab932631,fd7bc3ed-564c-48e3-8af4-d47ec4b6adae,c697ab81-ffed-5fa6-9b51-be0954571d20,2026-27,1,15.66,16.67,17.45,30.06,79.84,B+,f
0eb873cb-9acb-5c2a-d254-ecedd84c2187,fd7bc3ed-564c-48e3-8af4-d47ec4b6adae,cc6bfe47-d156-5f3c-a0a6-64be53ff1202,2026-27,1,16.56,14.57,16.35,29.36,76.84,B+,f
40817d97-e6e4-dd8c-35d2-2a8088781f92,fd7bc3ed-564c-48e3-8af4-d47ec4b6adae,945cbb28-3a50-5ed1-8e70-c416ee3f92f0,2026-27,1,16.76,14.17,16.65,33.36,80.94,A,f
8bb36e19-1b0d-a465-e47a-f7f05ea35a1e,fd7bc3ed-564c-48e3-8af4-d47ec4b6adae,325f5f11-db40-5f00-816d-d66357e36c70,2026-27,1,17.56,15.67,15.05,33.06,81.34,A,f
bb6e902e-879e-50f6-7fb5-6ddb115adc74,fd7bc3ed-564c-48e3-8af4-d47ec4b6adae,817d9a6f-e405-58f8-991b-373c31bd4e25,2026-27,1,16.66,15.67,17.25,33.36,82.94,A,f
afee62a1-b947-0801-f6ac-1e57534f8a73,397ff6ac-450b-4dcc-8487-f7e3f3f3da49,29f10515-0a52-55f4-896b-fa882e11e38e,2026-27,6,18.97,18.36,18.14,40.0,95.47,A+,f
b2c70686-be9d-ea11-d31a-4189692c8f64,397ff6ac-450b-4dcc-8487-f7e3f3f3da49,2bc3bd90-0760-5d47-9467-5a5992c412e5,2026-27,6,18.97,19.06,19.74,35.53,93.3,A+,f
9c6fb0dd-22d8-dc2b-af60-06543a9b7657,397ff6ac-450b-4dcc-8487-f7e3f3f3da49,d9518e1b-06ba-5f43-b6b9-67d017eaae5d,2026-27,6,19.37,17.46,19.54,36.83,93.2,A+,f
6314b9c2-61ab-dead-c73b-2eeed953434b,397ff6ac-450b-4dcc-8487-f7e3f3f3da49,005078bd-c539-5c44-a631-7e7dd9fb778c,2026-27,6,19.57,19.46,18.84,35.23,93.1,A+,f
9166ed6b-f7cc-91d1-bc07-14df34710145,397ff6ac-450b-4dcc-8487-f7e3f3f3da49,539f9c66-84f9-5b19-943a-cb15d62bbc33,2026-27,6,18.07,20.0,18.64,35.43,92.14,A+,f
06105f2e-8150-2d3b-1568-67f693bc1195,1f260fb6-c6fd-4cdc-84ef-e27e79b5c31f,29f10515-0a52-55f4-896b-fa882e11e38e,2026-27,6,17.1,17.77,18.13,38.4,91.4,A+,f
24fae88e-156d-cd05-294e-4a174b47cd37,1f260fb6-c6fd-4cdc-84ef-e27e79b5c31f,2bc3bd90-0760-5d47-9467-5a5992c412e5,2026-27,6,18.7,19.97,18.13,35.5,92.3,A+,f
a0f25ec4-3e49-f3e7-dd45-fa4153b1f680,1f260fb6-c6fd-4cdc-84ef-e27e79b5c31f,d9518e1b-06ba-5f43-b6b9-67d017eaae5d,2026-27,6,19.5,19.17,19.73,38.5,96.9,A+,f
b39042ef-538c-8322-48b4-ce1ca8193dbb,1f260fb6-c6fd-4cdc-84ef-e27e79b5c31f,005078bd-c539-5c44-a631-7e7dd9fb778c,2026-27,6,16.8,18.57,19.93,35.2,90.5,A+,f
73098dba-7ffe-f962-61cb-09822c627059,1f260fb6-c6fd-4cdc-84ef-e27e79b5c31f,539f9c66-84f9-5b19-943a-cb15d62bbc33,2026-27,6,18.8,19.97,19.63,37.2,95.6,A+,f
55c332fa-076c-8cca-32a5-2d0140df69cb,82fded1f-b2a4-4326-8d7f-3c6c5aa17bea,730c5632-33dc-5e69-a798-6135043a47aa,2026-27,4,15.26,14.58,15.66,33.43,78.93,B+,f
600eb053-061f-9824-a985-58c90c0d57b4,82fded1f-b2a4-4326-8d7f-3c6c5aa17bea,21e87180-7538-5689-922d-8889674702ed,2026-27,4,16.16,16.58,15.16,31.83,79.73,B+,f
b1720077-bb2e-5e04-26e5-7d4f4e26bf25,82fded1f-b2a4-4326-8d7f-3c6c5aa17bea,a71f945b-22bf-5921-85a0-cb1acd7cb2e6,2026-27,4,17.56,14.68,17.36,34.03,83.63,A,f
46875ce2-8105-17e4-4866-e27d1be2daf7,82fded1f-b2a4-4326-8d7f-3c6c5aa17bea,859db046-894d-53cc-8cb4-3643d0c7f1fe,2026-27,4,15.86,15.38,17.86,29.93,79.03,B+,f
a7364e7a-7f6d-c14c-b1d4-5540b4f0f035,82fded1f-b2a4-4326-8d7f-3c6c5aa17bea,40d412e8-fc3b-5972-8ff2-90b35de8a2d3,2026-27,4,17.86,17.78,18.16,29.13,82.93,A,f
01f163da-2207-2e83-525b-164da937f0b9,6906833a-ed91-44ef-9f39-cfa1ad466199,f8b6ad01-594d-5e52-b325-ed9eb13211e1,2026-27,2,16.36,16.2,16.92,36.78,86.26,A,f
ca7569ab-86ed-6c12-8f0f-80390ff13514,6906833a-ed91-44ef-9f39-cfa1ad466199,f27d152a-f613-51a3-aea8-0506e5d24c3a,2026-27,2,17.56,16.9,17.82,32.68,84.96,A,f
bc5e5e08-17e0-5da1-72f4-87dc17118a25,6906833a-ed91-44ef-9f39-cfa1ad466199,5297007a-130e-5341-af7a-4e9027c2dadf,2026-27,2,16.66,16.0,18.32,31.78,82.76,A,f
9a5a90ef-301e-d896-50d0-7c3051bcd984,6906833a-ed91-44ef-9f39-cfa1ad466199,c8e42f25-4acd-5f8b-8bce-f0cab27cc71f,2026-27,2,18.16,16.5,18.92,35.28,88.86,A,f
83404201-4d2b-6e5f-052f-8d91ad66a889,6906833a-ed91-44ef-9f39-cfa1ad466199,5ceb5573-0231-5d70-848b-193fcfdb644c,2026-27,2,17.66,16.6,18.22,36.68,89.16,A,f
b08d129e-be01-da17-f5e4-611ba4a39dfd,c9426514-1f43-4ec4-a1be-04036ec45c7e,c697ab81-ffed-5fa6-9b51-be0954571d20,2026-27,1,18.37,18.41,16.73,31.96,85.47,A,f
70448d6d-a4fd-dada-cb6e-be7b8c1e90d4,c9426514-1f43-4ec4-a1be-04036ec45c7e,cc6bfe47-d156-5f3c-a0a6-64be53ff1202,2026-27,1,17.77,16.91,17.63,32.06,84.37,A,f
62e280a4-42ef-5715-f387-665706d4d739,c9426514-1f43-4ec4-a1be-04036ec45c7e,945cbb28-3a50-5ed1-8e70-c416ee3f92f0,2026-27,1,16.87,16.41,16.33,36.56,86.17,A,f
98c22de6-60b8-87a2-2da6-6a54dc1a0903,c9426514-1f43-4ec4-a1be-04036ec45c7e,325f5f11-db40-5f00-816d-d66357e36c70,2026-27,1,17.07,15.81,16.43,32.36,81.67,A,f
fe4fc1e3-c82b-4d6e-aedf-82c00c56a3f4,c9426514-1f43-4ec4-a1be-04036ec45c7e,817d9a6f-e405-58f8-991b-373c31bd4e25,2026-27,1,18.07,18.11,19.03,30.96,86.17,A,f
725a300e-6067-413a-9215-ae770997c1da,07dbbf5a-9c42-4a2f-a99d-ef55e114f9f7,29f10515-0a52-55f4-896b-fa882e11e38e,2026-27,6,16.7,16.63,15.63,30.6,79.56,B+,f
bbe38f52-a0e5-03f3-26cd-60af21992809,07dbbf5a-9c42-4a2f-a99d-ef55e114f9f7,2bc3bd90-0760-5d47-9467-5a5992c412e5,2026-27,6,16.1,16.53,16.23,34.3,83.16,A,f
f1f6d5aa-2e4a-3ee1-be7a-098f8b2e5321,07dbbf5a-9c42-4a2f-a99d-ef55e114f9f7,d9518e1b-06ba-5f43-b6b9-67d017eaae5d,2026-27,6,17.9,15.83,15.53,32.9,82.16,A,f
4ac04462-4145-da2b-0d9c-85629f1d96f2,07dbbf5a-9c42-4a2f-a99d-ef55e114f9f7,005078bd-c539-5c44-a631-7e7dd9fb778c,2026-27,6,15.7,15.33,18.13,35.5,84.66,A,f
b4b86067-ad8f-17e1-067c-0d4630a28db3,07dbbf5a-9c42-4a2f-a99d-ef55e114f9f7,539f9c66-84f9-5b19-943a-cb15d62bbc33,2026-27,6,16.8,14.33,15.53,35.1,81.76,A,f
dcc4c44e-1efd-73c9-71c5-a5047d0f1157,7d372ae8-b86d-43c6-9296-92c6222105e7,c697ab81-ffed-5fa6-9b51-be0954571d20,2026-27,1,17.73,16.1,17.26,33.37,84.46,A,f
c46790b8-a467-ec64-fd6b-de6fdc623ac6,7d372ae8-b86d-43c6-9296-92c6222105e7,cc6bfe47-d156-5f3c-a0a6-64be53ff1202,2026-27,1,17.93,19.3,20.0,36.87,94.1,A+,f
db1e7f14-26d8-74c4-1d60-73179c7c4e44,7d372ae8-b86d-43c6-9296-92c6222105e7,945cbb28-3a50-5ed1-8e70-c416ee3f92f0,2026-27,1,19.33,17.1,19.46,34.27,90.16,A+,f
e75f4f37-c6bb-a67a-482c-ebf640767450,7d372ae8-b86d-43c6-9296-92c6222105e7,325f5f11-db40-5f00-816d-d66357e36c70,2026-27,1,19.63,17.8,18.46,35.97,91.86,A+,f
5b51c3c1-e1b6-8677-d10b-1823679e375c,7d372ae8-b86d-43c6-9296-92c6222105e7,817d9a6f-e405-58f8-991b-373c31bd4e25,2026-27,1,17.53,17.0,18.66,34.57,87.76,A,f
42a7cfb9-9912-50a8-91b2-ea63ac41da78,9725996d-ae2f-454e-9317-777d1dc37f50,c697ab81-ffed-5fa6-9b51-be0954571d20,2026-27,1,19.57,16.04,17.79,35.81,89.21,A,f
4545645b-53bc-b81e-608b-94cd9820e0b2,9725996d-ae2f-454e-9317-777d1dc37f50,cc6bfe47-d156-5f3c-a0a6-64be53ff1202,2026-27,1,18.37,17.24,17.49,34.51,87.61,A,f
87fd25c2-4cba-8636-067e-566e64706534,9725996d-ae2f-454e-9317-777d1dc37f50,945cbb28-3a50-5ed1-8e70-c416ee3f92f0,2026-27,1,16.87,17.94,17.39,37.01,89.21,A,f
b863cd64-3e44-2a52-201c-4beed2633ad3,9725996d-ae2f-454e-9317-777d1dc37f50,325f5f11-db40-5f00-816d-d66357e36c70,2026-27,1,17.77,18.84,19.09,34.51,90.21,A+,f
4bda3ba1-a2cf-21ff-2d4f-c2d7d2fc3efb,9725996d-ae2f-454e-9317-777d1dc37f50,817d9a6f-e405-58f8-991b-373c31bd4e25,2026-27,1,17.77,18.14,18.19,36.71,90.81,A+,f
d9d63e85-d22e-a245-4e6e-7f15e28e1494,33c5f727-dccf-4d56-b26d-056cf0cbdcf1,730c5632-33dc-5e69-a798-6135043a47aa,2026-27,4,19.23,15.79,19.32,34.84,89.18,A,f
0a8eddb9-23f2-9119-ad7b-9d39fe9489b0,33c5f727-dccf-4d56-b26d-056cf0cbdcf1,21e87180-7538-5689-922d-8889674702ed,2026-27,4,17.93,16.69,17.92,33.14,85.68,A,f
16c7ddbe-36e5-9365-e69a-ce383ba81845,33c5f727-dccf-4d56-b26d-056cf0cbdcf1,a71f945b-22bf-5921-85a0-cb1acd7cb2e6,2026-27,4,19.23,18.49,18.02,34.14,89.88,A,f
1d6d8d0c-12e4-4a62-621d-4df019812dd0,33c5f727-dccf-4d56-b26d-056cf0cbdcf1,859db046-894d-53cc-8cb4-3643d0c7f1fe,2026-27,4,16.93,16.99,18.62,36.44,88.98,A,f
7b3f11f1-78b4-ddf8-8a9a-c120af491f25,33c5f727-dccf-4d56-b26d-056cf0cbdcf1,40d412e8-fc3b-5972-8ff2-90b35de8a2d3,2026-27,4,18.13,19.09,19.02,35.54,91.78,A+,f
81b456bf-0990-a6fb-70d0-3ef795404d1b,0590278b-4592-4c0b-ac3d-2d87a7a3309e,730c5632-33dc-5e69-a798-6135043a47aa,2026-27,4,15.0,16.69,16.53,27.5,75.72,B+,f
46eb5c85-61e4-5d8e-bb9d-b5b066687096,0590278b-4592-4c0b-ac3d-2d87a7a3309e,21e87180-7538-5689-922d-8889674702ed,2026-27,4,14.1,13.39,14.33,26.2,68.02,B,f
6b2d7444-f97b-e1ed-4fac-b40074d05065,0590278b-4592-4c0b-ac3d-2d87a7a3309e,a71f945b-22bf-5921-85a0-cb1acd7cb2e6,2026-27,4,13.8,15.29,16.83,31.7,77.62,B+,f
29c4674c-d7c2-36d5-7673-56ed13aaee4a,0590278b-4592-4c0b-ac3d-2d87a7a3309e,859db046-894d-53cc-8cb4-3643d0c7f1fe,2026-27,4,15.6,14.49,13.83,27.7,71.62,B+,f
defb0e1f-0444-82ad-fd36-52aefd773bb1,0590278b-4592-4c0b-ac3d-2d87a7a3309e,40d412e8-fc3b-5972-8ff2-90b35de8a2d3,2026-27,4,14.4,15.29,15.83,28.6,74.12,B+,f
ba90c9d2-96d6-8832-23f0-e2ddf89535cb,2052df68-0f4f-45a0-9cce-d4a6ad838770,c697ab81-ffed-5fa6-9b51-be0954571d20,2026-27,1,16.26,16.81,17.82,35.84,86.73,A,f
c6e1c518-9541-a890-a866-313b19007e80,2052df68-0f4f-45a0-9cce-d4a6ad838770,cc6bfe47-d156-5f3c-a0a6-64be53ff1202,2026-27,1,16.66,18.01,16.22,34.64,85.53,A,f
2fa08ff2-a1fb-022f-8818-042f7795233e,2052df68-0f4f-45a0-9cce-d4a6ad838770,945cbb28-3a50-5ed1-8e70-c416ee3f92f0,2026-27,1,15.96,17.21,18.62,36.44,88.23,A,f
9218f89e-ddb1-a828-7191-10f675df9e46,2052df68-0f4f-45a0-9cce-d4a6ad838770,325f5f11-db40-5f00-816d-d66357e36c70,2026-27,1,17.66,15.21,16.32,36.24,85.43,A,f
418d2dfd-3d27-60f3-9787-a0b044dda9f5,2052df68-0f4f-45a0-9cce-d4a6ad838770,817d9a6f-e405-58f8-991b-373c31bd4e25,2026-27,1,18.16,18.41,18.12,36.04,90.73,A+,f
4ddd974c-08be-6b10-9ebc-6edc54bde279,d7122c6c-f0b6-458d-a742-c308cefb60fd,f8b6ad01-594d-5e52-b325-ed9eb13211e1,2026-27,2,17.81,18.76,16.88,34.1,87.55,A,f
24df5a95-ec30-647a-d4fc-f52756b6c315,d7122c6c-f0b6-458d-a742-c308cefb60fd,f27d152a-f613-51a3-aea8-0506e5d24c3a,2026-27,2,18.21,15.16,17.18,36.0,86.55,A,f
14efb0a4-3921-e5c7-426d-ab175c0670db,d7122c6c-f0b6-458d-a742-c308cefb60fd,5297007a-130e-5341-af7a-4e9027c2dadf,2026-27,2,16.21,15.86,17.28,35.3,84.65,A,f
f5b2821b-a830-dbb2-787a-d5058565d315,d7122c6c-f0b6-458d-a742-c308cefb60fd,c8e42f25-4acd-5f8b-8bce-f0cab27cc71f,2026-27,2,16.11,16.26,19.18,32.0,83.55,A,f
9fb0f5d3-1d6f-000b-f08e-fbd2f0cc8f69,d7122c6c-f0b6-458d-a742-c308cefb60fd,5ceb5573-0231-5d70-848b-193fcfdb644c,2026-27,2,17.11,16.46,18.58,37.2,89.35,A,f
42bcb272-b766-667c-901f-c552576bc0b0,b8f2a8b1-9061-4f3b-b85a-dc4db4618dd1,29f10515-0a52-55f4-896b-fa882e11e38e,2026-27,6,17.72,18.7,19.27,39.02,94.71,A+,f
539aae5b-2f08-1059-092c-c23b6ed60b83,b8f2a8b1-9061-4f3b-b85a-dc4db4618dd1,2bc3bd90-0760-5d47-9467-5a5992c412e5,2026-27,6,19.22,17.3,19.67,35.12,91.31,A+,f
85cdc447-a9a5-b1c4-7c55-b0d43bae72e7,b8f2a8b1-9061-4f3b-b85a-dc4db4618dd1,d9518e1b-06ba-5f43-b6b9-67d017eaae5d,2026-27,6,18.02,16.7,18.17,36.92,89.81,A,f
78ae43e3-48df-3ea2-ae2e-e92fdc94eea1,b8f2a8b1-9061-4f3b-b85a-dc4db4618dd1,005078bd-c539-5c44-a631-7e7dd9fb778c,2026-27,6,17.42,18.3,20.0,36.12,91.84,A+,f
32d03723-5a81-ca48-fc61-d0057afa8361,b8f2a8b1-9061-4f3b-b85a-dc4db4618dd1,539f9c66-84f9-5b19-943a-cb15d62bbc33,2026-27,6,17.72,17.8,18.27,35.72,89.51,A,f
f5858a50-12ac-0cfd-8a57-4b43084ac72d,ae9f84e7-e01e-49fe-9bca-05498774a11a,c697ab81-ffed-5fa6-9b51-be0954571d20,2026-27,1,17.16,16.5,16.99,34.64,85.29,A,f
66f86ff7-f465-c412-f662-fd6606158f31,ae9f84e7-e01e-49fe-9bca-05498774a11a,cc6bfe47-d156-5f3c-a0a6-64be53ff1202,2026-27,1,17.76,14.5,16.49,34.44,83.19,A,f
64f9ba44-7dcc-d2fe-d134-046e99be42ed,ae9f84e7-e01e-49fe-9bca-05498774a11a,945cbb28-3a50-5ed1-8e70-c416ee3f92f0,2026-27,1,17.06,14.9,16.39,30.34,78.69,B+,f
09c42278-5e5f-a515-d530-6b7bb5f8d5f4,ae9f84e7-e01e-49fe-9bca-05498774a11a,325f5f11-db40-5f00-816d-d66357e36c70,2026-27,1,17.66,15.4,16.39,32.44,81.89,A,f
d63a5dfc-e44c-f3bd-c21a-da142f1624c7,ae9f84e7-e01e-49fe-9bca-05498774a11a,817d9a6f-e405-58f8-991b-373c31bd4e25,2026-27,1,16.76,17.7,16.99,35.64,87.09,A,f
c4802285-0e83-2481-9745-e987455ec250,d4bd5a5b-0d76-4744-9c7e-d9d80146270c,c697ab81-ffed-5fa6-9b51-be0954571d20,2026-27,1,16.81,15.63,15.11,29.62,77.17,B+,f
97ce7959-ebca-5b14-02d4-4865e6f65b07,d4bd5a5b-0d76-4744-9c7e-d9d80146270c,cc6bfe47-d156-5f3c-a0a6-64be53ff1202,2026-27,1,16.21,16.83,15.61,30.32,78.97,B+,f
5b2b66d5-bae3-ba11-d8db-8b3c9e0db877,d4bd5a5b-0d76-4744-9c7e-d9d80146270c,945cbb28-3a50-5ed1-8e70-c416ee3f92f0,2026-27,1,16.51,17.83,16.91,34.02,85.27,A,f
b06228e2-1d2a-8152-41a6-234cc9055a44,d4bd5a5b-0d76-4744-9c7e-d9d80146270c,325f5f11-db40-5f00-816d-d66357e36c70,2026-27,1,15.21,14.53,16.31,31.22,77.27,B+,f
8321334b-4dd9-9341-49cc-e8134a9d7594,d4bd5a5b-0d76-4744-9c7e-d9d80146270c,817d9a6f-e405-58f8-991b-373c31bd4e25,2026-27,1,15.91,16.43,16.81,34.52,83.67,A,f
68b4e256-56fb-7b5a-e932-e97da442d4c3,7683985b-bda9-4f7d-9a08-f7e1811bc5e6,29f10515-0a52-55f4-896b-fa882e11e38e,2026-27,6,16.6,15.65,19.08,36.22,87.55,A,f
0aa27222-7fa4-b47d-aa1a-613893476116,7683985b-bda9-4f7d-9a08-f7e1811bc5e6,2bc3bd90-0760-5d47-9467-5a5992c412e5,2026-27,6,18.2,16.75,17.98,34.22,87.15,A,f
7e8bc763-988a-6146-ba30-1db5d001b39b,7683985b-bda9-4f7d-9a08-f7e1811bc5e6,d9518e1b-06ba-5f43-b6b9-67d017eaae5d,2026-27,6,18.9,15.45,16.98,37.72,89.05,A,f
c6f38490-9c98-8d47-377d-addfcde375b4,7683985b-bda9-4f7d-9a08-f7e1811bc5e6,005078bd-c539-5c44-a631-7e7dd9fb778c,2026-27,6,17.2,15.25,17.38,35.22,85.05,A,f
555abf53-1859-3c27-8e6b-7201dd7db15d,7683985b-bda9-4f7d-9a08-f7e1811bc5e6,539f9c66-84f9-5b19-943a-cb15d62bbc33,2026-27,6,18.2,16.15,19.48,35.82,89.65,A,f
ed67e9bd-aa7d-6e93-8fa2-51acbc72b053,de27ac13-5024-496b-a19b-b5ab88869c48,f8b6ad01-594d-5e52-b325-ed9eb13211e1,2026-27,2,17.25,17.93,19.69,37.54,92.41,A+,f
f3232276-7b21-7080-d4f1-4bfa3c81cd9b,de27ac13-5024-496b-a19b-b5ab88869c48,f27d152a-f613-51a3-aea8-0506e5d24c3a,2026-27,2,17.05,18.13,19.89,34.54,89.61,A,f
a8248f81-cc4b-28fc-449b-8587051c3141,de27ac13-5024-496b-a19b-b5ab88869c48,5297007a-130e-5341-af7a-4e9027c2dadf,2026-27,2,17.25,20.0,18.09,35.44,90.78,A+,f
4f9d8471-df8e-9cf9-7210-1387fda9a7f6,de27ac13-5024-496b-a19b-b5ab88869c48,c8e42f25-4acd-5f8b-8bce-f0cab27cc71f,2026-27,2,18.35,19.53,19.19,34.84,91.91,A+,f
1b094da9-a6e2-35bf-f06b-dad1854669ca,de27ac13-5024-496b-a19b-b5ab88869c48,5ceb5573-0231-5d70-848b-193fcfdb644c,2026-27,2,18.15,19.43,19.99,37.64,95.21,A+,f
