id,student_id,overall_score,technical_score,aptitude_score,coding_profile_score,recommended_actions
4741a83f-a41a-4b0b-94ae-de332115df93,621a9c6d-e226-4ff0-a22c-2e72a6a48abe,60.9,72.3,46.6,60.1,"[""Practice Data Structures on LeetCode"", ""Complete AWS Cloud Certification""]"
70e7b5c8-22c4-44a2-9add-63356180d461,34e502c2-fa06-4e5b-afef-98abbff7cfce,57.8,52.6,58.9,63.7,"[""Practice Data Structures on LeetCode"", ""Complete AWS Cloud Certification""]"
dffa9ec3-0ad2-41f1-9744-491d3e1a1bd5,2c3d1809-b161-465f-9647-776b20a08b71,60.6,60.9,64.0,56.7,"[""Practice Data Structures on LeetCode"", ""Complete AWS Cloud Certification""]"
9d5cf63a-b036-49a7-ab97-c265c63ac3cb,60f7d907-739c-4a83-b7a5-e0c7c2f8c831,75.7,69.5,86.5,73.1,"[""Practice Data Structures on LeetCode"", ""Complete AWS Cloud Certification""]"
7b86e690-1dd5-47a7-9ea6-be93e60dc95a,3b41dfe4-59c5-4f15-ade6-d306f55f22f9,72.4,67.1,88.3,63.5,"[""Practice Data Structures on LeetCode"", ""Complete AWS Cloud Certification""]"
75946744-19c9-4803-9118-3a6a884e0993,b59261e4-5561-4347-b2fe-b2d57d216e4e,70.5,74.8,53.6,81.7,"[""Practice Data Structures on LeetCode"", ""Complete AWS Cloud Certification""]"
100cc033-641e-40b6-848e-9acf7fec13e6,4b13df1a-81b9-4031-8a44-e4a93d035ee6,91.8,90.2,87.1,98.5,"[""Practice Data Structures on LeetCode"", ""Complete AWS Cloud Certification""]"
c9e02473-f121-4e1e-a75f-29ad134c01fc,c7dc9f61-161f-406d-b9de-82b00c1645ad,74.0,72.6,64.8,85.0,"[""Practice Data Structures on LeetCode"", ""Complete AWS Cloud Certification""]"
5f02733a-245f-4d16-a524-386f07b903dc,5041cb6b-2d2d-43cc-9b2a-623e3d68809a,71.9,78.5,65.0,70.1,"[""Practice Data Structures on LeetCode"", ""Complete AWS Cloud Certification""]"
a83043f7-c073-498b-ba2a-d740ac8e0191,205ab441-ba97-4d3e-94c9-31da22e5306f,71.3,73.1,64.2,76.0,"[""Practice Data Structures on LeetCode"", ""Complete AWS Cloud Certification""]"
960edbaf-0dcc-4efa-899f-b7a2392cea36,73313afa-c5b3-4404-a6fd-cefad75d1eb6,59.2,56.6,66.7,55.2,"[""Practice Data Structures on LeetCode"", ""Complete AWS Cloud Certification""]"
f4af97a0-eac9-4597-b303-5d6fbab25d43,6090a4c3-d95b-464f-bfeb-ba44374e5431,68.6,71.7,70.4,62.7,"[""Practice Data Structures on LeetCode"", ""Complete AWS Cloud Certification""]"
e54888ce-3433-4347-b203-07b1e8835705,bf0e18dc-22a1-49a0-810f-640c425d4b32,55.8,54.4,57.0,56.4,"[""Practice Data Structures on LeetCode"", ""Complete AWS Cloud Certification""]"
66d0384f-e61c-47eb-99f0-c70029aa8c88,dbbd36ea-a403-4737-8c04-fc22f1633c9a,85.9,87.5,92.3,77.5,"[""Practice Data Structures on LeetCode"", ""Complete AWS Cloud Certification""]"
297720ca-eaf6-4ef0-a086-93e523dcafc1,5da8fb5e-cd61-4859-8000-017fe7bdd278,85.3,91.8,64.9,97.0,"[""Practice Data Structures on LeetCode"", ""Complete AWS Cloud Certification""]"
397be5c7-52cc-4662-908b-d3457d87759b,1fc6613b-54fd-4adc-a5df-889c7946c6f1,69.0,78.0,56.5,69.6,"[""Practice Data Structures on LeetCode"", ""Complete AWS Cloud Certification""]"
d638e0b5-4499-44cb-a36d-f55889e5c945,c5bc9879-c820-4812-84d9-b40ce5074d05,68.8,73.2,58.9,72.8,"[""Practice Data Structures on LeetCode"", ""Complete AWS Cloud Certification""]"
8143db51-2e72-4451-a23d-40662aeca1f3,03311a3d-c10e-4431-ab52-3e503cb2ecd6,66.0,62.8,77.9,58.4,"[""Practice Data Structures on LeetCode"", ""Complete AWS Cloud Certification""]"
f4e83e28-16a2-4644-afc0-f464852901b7,be3597b2-e328-41e3-8625-f0f063f73070,75.1,81.2,71.8,70.4,"[""Practice Data Structures on LeetCode"", ""Complete AWS Cloud Certification""]"
d3c724c4-b78c-4670-a92e-e7fdef63769d,8f752177-8b62-4d2d-8600-9b05fbe2169b,70.8,76.5,72.0,61.9,"[""Practice Data Structures on LeetCode"", ""Complete AWS Cloud Certification""]"
4e3573d4-6bb5-4087-806c-66db5042d407,a9219240-e534-4273-b0b8-7b591cdfd764,68.2,60.0,94.3,53.0,"[""Practice Data Structures on LeetCode"", ""Complete AWS Cloud Certification""]"
99578833-f00c-48c1-8b3e-258222dac147,5ec4f153-e109-4264-964c-73d252319f0e,78.0,77.3,72.1,84.7,"[""Practice Data Structures on LeetCode"", ""Complete AWS Cloud Certification""]"
a1e45bd0-93d1-4693-95c3-edc292517038,bd0bfff1-aa08-469f-ace3-025aed67e75a,51.9,57.2,49.0,47.8,"[""Practice Data Structures on LeetCode"", ""Complete AWS Cloud Certification""]"
f6c84ea1-1ad6-466d-8e1e-b4860edf0046,1ca793cc-1198-435a-9f94-a3e8496154bb,77.0,75.7,77.9,77.7,"[""Practice Data Structures on LeetCode"", ""Complete AWS Cloud Certification""]"
79fb5a11-f6c1-4d74-9ab0-141e8fb79ece,f66e0d59-bc27-4097-96db-9ccc9fd6b509,68.2,67.5,82.6,54.7,"[""Practice Data Structures on LeetCode"", ""Complete AWS Cloud Certification""]"
b51ae687-ac2e-49fb-8cce-1372d47e1b78,c854faf3-84cd-4da5-a49a-3239315a747a,90.3,86.0,89.0,97.4,"[""Practice Data Structures on LeetCode"", ""Complete AWS Cloud Certification""]"
93381ebe-d8d0-4ada-bbc1-fae111cbe177,468d5573-23a5-4e70-910f-a6582f4a9796,79.4,85.6,60.0,90.5,"[""Practice Data Structures on LeetCode"", ""Complete AWS Cloud Certification""]"
c1ed4980-d0c8-4c89-ab75-2026395f36ba,5b77e068-e415-428f-9c47-56281164a8d0,78.0,73.8,87.6,74.0,"[""Practice Data Structures on LeetCode"", ""Complete AWS Cloud Certification""]"
ffdcd823-4acc-4755-be31-83d6701f8052,c0c6d86b-6877-425e-b5e2-5b6cea1e2664,67.6,65.1,67.1,71.3,"[""Practice Data Structures on LeetCode"", ""Complete AWS Cloud Certification""]"
fb12d935-1de5-4193-9ac9-356264e2936d,274e5dc2-8313-420e-af64-62d711c5d8a9,72.6,85.3,47.1,81.2,"[""Practice Data Structures on LeetCode"", ""Complete AWS Cloud Certification""]"
214ed3a2-e9af-439d-9eb7-cdf5fea2c90b,a41bfbe4-df25-4d9a-b39c-deffd5136493,80.7,74.5,82.5,87.3,"[""Practice Data Structures on LeetCode"", ""Complete AWS Cloud Certification""]"
c199f3b1-b396-4300-aa07-644670e9137e,f099bf6e-1119-4e3a-ad70-6afc47697f2d,94.4,94.8,88.2,100.0,"[""Practice Data Structures on LeetCode"", ""Complete AWS Cloud Certification""]"
0d46d577-7f6d-470d-8835-42ff6d9c3868,3d2634ae-ac32-4d69-96a0-46233b2d7dad,83.3,92.3,68.0,86.5,"[""Practice Data Structures on LeetCode"", ""Complete AWS Cloud Certification""]"
c421710d-f795-490a-8b2c-f84265040f0d,907b3117-be17-490e-b321-815152024843,64.7,59.9,70.5,65.3,"[""Practice Data Structures on LeetCode"", ""Complete AWS Cloud Certification""]"
b84b0422-d78b-4a00-b4ce-5143642a8553,367906ff-ef0a-467c-89ba-6fadff57f435,68.2,67.4,74.8,62.8,"[""Practice Data Structures on LeetCode"", ""Complete AWS Cloud Certification""]"
e8d7f933-a173-422e-99b2-7aef40a2ad41,5f98ac60-2390-4b08-b203-436e27e21256,61.7,63.3,45.1,76.1,"[""Practice Data Structures on LeetCode"", ""Complete AWS Cloud Certification""]"
d46d6562-c95f-484b-9cc3-10b01360e019,a28a7e4f-6327-4d2a-9fb6-c5a24dd9c085,53.3,47.5,78.2,36.2,"[""Practice Data Structures on LeetCode"", ""Complete AWS Cloud Certification""]"
93dccefc-efdb-4ead-97c5-dae70eb1e0dd,b2ed1d86-f2ea-4994-bb8a-a6d29c11d68f,71.8,60.9,92.0,66.2,"[""Practice Data Structures on LeetCode"", ""Complete AWS Cloud Certification""]"
b70026a5-cc37-42cf-9186-eb59a9c934c0,62635a52-79be-4983-a930-e0a4dddc561a,58.8,46.5,84.3,49.7,"[""Practice Data Structures on LeetCode"", ""Complete AWS Cloud Certification""]"
5b2e9afa-6d58-4e0c-aaeb-ef964d5e63e4,7200bf7a-08c0-4ca4-9c0e-6d596569e2a1,76.2,81.4,59.2,86.3,"[""Practice Data Structures on LeetCode"", ""Complete AWS Cloud Certification""]"
29efaf66-e113-4845-acf2-9daca1fb80fe,d0a7a248-1401-4ba2-90c5-fcb92e59123f,82.7,82.3,75.6,90.4,"[""Practice Data Structures on LeetCode"", ""Complete AWS Cloud Certification""]"
28560b61-c125-4568-be59-70e4cec575a9,2edafeee-b273-45ff-8ad6-7fa3a827fdbd,70.1,61.1,79.4,72.9,"[""Practice Data Structures on LeetCode"", ""Complete AWS Cloud Certification""]"
e194e594-8547-4eb9-b691-93a2bd5a9d2e,95367de5-7130-4f76-8f84-a68859c30c97,78.0,77.3,90.9,65.9,"[""Practice Data Structures on LeetCode"", ""Complete AWS Cloud Certification""]"
aa0c7185-0eb0-416e-9259-cdd8db6e8d38,f1f11b54-ca1b-49d1-88b5-b9f36a57a9b0,91.6,99.8,72.4,100.0,"[""Practice Data Structures on LeetCode"", ""Complete AWS Cloud Certification""]"
5ca97852-4132-477b-8ec7-9cb4d49da55b,7006ec6d-87ac-480b-86ea-a9b8143bc4ed,70.4,69.4,80.7,61.4,"[""Practice Data Structures on LeetCode"", ""Complete AWS Cloud Certification""]"
5e9cb3d9-a156-4fa2-b4f6-43ebef285067,735fac46-561e-4e9b-8fab-1744b8f7309c,64.6,63.7,65.4,65.0,"[""Practice Data Structures on LeetCode"", ""Complete AWS Cloud Certification""]"
c09aacfa-9797-4fc3-b075-60686747be97,b6661307-cbf4-43cd-93c7-7bfebc22236a,64.2,54.8,92.1,48.8,"[""Practice Data Structures on LeetCode"", ""Complete AWS Cloud Certification""]"
d08aa76c-7fe3-4086-a1bc-c9bbcd9ae764,112ea380-f370-463c-abad-540b5bc5b02c,67.5,59.0,78.4,67.9,"[""Practice Data Structures on LeetCode"", ""Complete AWS Cloud Certification""]"
5755ea4e-a28f-44ed-8550-5be83403925b,6a4df9d2-08a8-4900-a4d1-b1cce5358b67,79.9,86.1,78.1,73.6,"[""Practice Data Structures on LeetCode"", ""Complete AWS Cloud Certification""]"
b3649f8e-3704-41fb-b916-c4a8a36c6793,2d2d894f-bc2c-4b38-821b-b88283ac77ad,78.0,77.4,83.1,73.8,"[""Practice Data Structures on LeetCode"", ""Complete AWS Cloud Certification""]"
33721521-828b-4dca-a209-51299be4258b,72678c82-38a3-423a-a567-7f09511ce1cb,51.0,46.2,48.4,59.9,"[""Practice Data Structures on LeetCode"", ""Complete AWS Cloud Certification""]"
ded1248e-cf8b-432c-9db2-bb716ae00534,9331d740-9ea6-4db5-b548-2213e206f732,60.6,63.5,57.8,59.6,"[""Practice Data Structures on LeetCode"", ""Complete AWS Cloud Certification""]"
fb6b607b-2352-41fb-a127-2f4fc7dea04c,0b8c6994-702c-4cd6-9023-93a536fdda55,71.9,73.6,80.8,60.9,"[""Practice Data Structures on LeetCode"", ""Complete AWS Cloud Certification""]"
6c84085d-4f73-4bd4-b3b0-9e6aa79efb11,391e48f1-7d0b-40be-92c6-592eda356258,69.0,73.1,73.3,59.3,"[""Practice Data Structures on LeetCode"", ""Complete AWS Cloud Certification""]"
0c29412f-b428-4022-a2cf-8ef8de5344c5,27853259-68b6-46ee-99d2-e2cd051972fb,65.6,66.3,50.3,80.1,"[""Practice Data Structures on LeetCode"", ""Complete AWS Cloud Certification""]"
f1d30777-98f2-4b93-8511-49f6aaa9fab5,fabd594b-c2b4-4d6f-a344-573d868164d8,84.9,78.8,91.0,87.0,"[""Practice Data Structures on LeetCode"", ""Complete AWS Cloud Certification""]"
40c820e1-b5e4-4f1d-bda2-8f4a8adf3b4e,2da6abd3-1ac5-4187-83ae-69e65e94daa0,66.0,62.1,67.5,69.6,"[""Practice Data Structures on LeetCode"", ""Complete AWS Cloud Certification""]"
86e1d436-369f-4c58-88ea-efbee750fd09,609bf32f-ef88-4183-8520-3469675c5ad3,84.5,86.4,84.9,81.6,"[""Practice Data Structures on LeetCode"", ""Complete AWS Cloud Certification""]"
7d24ea07-e349-4d31-ad9c-b7d4f59a3da2,fd8f6e7a-d896-47c4-8950-0208bf34097f,61.7,64.0,57.0,63.3,"[""Practice Data Structures on LeetCode"", ""Complete AWS Cloud Certification""]"
f7904ce9-ffea-4408-a58f-c5adfcfa5cac,fce41950-4037-4603-9b82-da005fae7ad0,73.2,73.2,74.1,72.4,"[""Practice Data Structures on LeetCode"", ""Complete AWS Cloud Certification""]"
bd05aed6-4d54-4ea2-9541-33d5af3cb48b,7fd2adc1-e640-4b50-a95d-9f8229652987,62.9,57.4,81.1,51.9,"[""Practice Data Structures on LeetCode"", ""Complete AWS Cloud Certification""]"
cb710734-6eb5-4c3b-be50-899287a31af9,df6e6a38-cb17-48e9-8503-d29b0c34c068,59.1,67.6,54.0,53.0,"[""Practice Data Structures on LeetCode"", ""Complete AWS Cloud Certification""]"
bec702cf-bb87-46c9-b9a8-a6d0a3041053,064e4451-fbcc-4e2c-98df-4c9392264c60,86.2,92.0,73.7,91.1,"[""Practice Data Structures on LeetCode"", ""Complete AWS Cloud Certification""]"
e6b9e113-a191-415a-af7a-029e5f328306,346e2838-f1b6-494a-ad10-1e53b5a44b54,72.7,69.8,73.9,75.4,"[""Practice Data Structures on LeetCode"", ""Complete AWS Cloud Certification""]"
7b26c609-a04a-4f46-b23a-eba0b65b773d,1da664ac-810c-46b3-a2be-8e9cc0e3030c,81.1,83.2,64.0,95.5,"[""Practice Data Structures on LeetCode"", ""Complete AWS Cloud Certification""]"
fcb6ea24-2f08-40ef-a4d7-370d51cf2c65,89844b29-684e-4711-8815-c6888760f4df,62.1,69.2,58.2,56.6,"[""Practice Data Structures on LeetCode"", ""Complete AWS Cloud Certification""]"
7c496790-95fd-4c27-9650-07ddbad384f6,c60210a0-2054-4976-8d04-93b5738010b0,63.0,67.4,59.4,60.9,"[""Practice Data Structures on LeetCode"", ""Complete AWS Cloud Certification""]"
d3a77778-c532-43f0-b6ec-830d991ccdf0,d0e331e2-b577-460d-b447-c38d2f8cf4bf,73.8,72.6,72.2,77.0,"[""Practice Data Structures on LeetCode"", ""Complete AWS Cloud Certification""]"
1aa69ed1-c26f-4046-b64a-b240c6137a2c,3ad01eef-4870-4b95-82d2-f092a08cae45,70.0,73.2,68.4,67.3,"[""Practice Data Structures on LeetCode"", ""Complete AWS Cloud Certification""]"
437b0a37-e833-4fe6-bfa8-3b5f843c071b,28f45d5e-3ca4-414c-8d8f-ef6292be852f,60.8,60.7,75.2,46.5,"[""Practice Data Structures on LeetCode"", ""Complete AWS Cloud Certification""]"
169ca692-da68-452d-8cc7-eced854b3f3d,8e7667bf-cb57-4dad-89a5-464570b930cf,87.7,86.7,77.6,99.2,"[""Practice Data Structures on LeetCode"", ""Complete AWS Cloud Certification""]"
8f105206-0b71-4620-a28e-338e2b70a5cc,09c68ade-d265-41b2-b165-4dfdd282e15c,67.6,79.4,50.2,69.2,"[""Practice Data Structures on LeetCode"", ""Complete AWS Cloud Certification""]"
b2b6306a-da0b-4319-88fb-cc11e5069889,8fe529aa-f7fc-4e26-a519-e1a6ea9dcaa1,53.1,56.1,57.6,44.6,"[""Practice Data Structures on LeetCode"", ""Complete AWS Cloud Certification""]"
a91a6fad-03d5-49de-a025-dde17a32ef63,51d648a0-b49b-4f64-aa29-413ad1d43861,60.7,56.3,63.1,64.0,"[""Practice Data Structures on LeetCode"", ""Complete AWS Cloud Certification""]"
cd295298-8bea-4e56-ba91-c16b3f4498d1,ceb67719-fd3d-4a91-9763-0a1afac5f32b,55.6,37.8,93.7,41.1,"[""Practice Data Structures on LeetCode"", ""Complete AWS Cloud Certification""]"
56c838b8-7597-487f-bb67-c5668fcb6e17,1d634bcb-1e4c-4d83-ad56-01a45c2b82c0,63.6,64.8,50.9,74.8,"[""Practice Data Structures on LeetCode"", ""Complete AWS Cloud Certification""]"
021dd06b-25ff-462f-80ff-4b5325d98555,dfde5886-a435-499d-9a4b-e5353b1b3ef6,53.5,58.1,52.2,48.8,"[""Practice Data Structures on LeetCode"", ""Complete AWS Cloud Certification""]"
de98128d-996b-40c4-96b8-d31a23cc70c1,651b7fa7-b45d-4d55-9113-33adab00051b,77.0,75.7,70.4,85.3,"[""Practice Data Structures on LeetCode"", ""Complete AWS Cloud Certification""]"
a8e37dd5-b4e7-4b25-a60a-c193d70b7724,5bb1fb9b-c011-4651-a87f-bc387702d0e8,76.4,75.1,83.1,71.4,"[""Practice Data Structures on LeetCode"", ""Complete AWS Cloud Certification""]"
92d0264a-8004-4a92-90f7-651c0bf8e519,8f128df5-f3ab-4bad-8ee8-00905acf346f,80.9,77.2,80.3,86.5,"[""Practice Data Structures on LeetCode"", ""Complete AWS Cloud Certification""]"
9e4fd66d-f15c-4574-9a68-a610919a0db0,054a5ec2-537e-440c-a150-f427cd98fed6,70.5,68.1,90.5,53.6,"[""Practice Data Structures on LeetCode"", ""Complete AWS Cloud Certification""]"
f8b49e26-2ba9-4942-bcf2-6f019a510a64,873b1707-ebea-41fe-9627-6f38c5b22743,61.5,45.7,87.6,56.3,"[""Practice Data Structures on LeetCode"", ""Complete AWS Cloud Certification""]"
a556c8d3-8e8f-4c48-b918-e0c956d32902,bc76a678-df74-48ec-bbe8-baf2133f63bf,78.3,73.7,83.0,79.8,"[""Practice Data Structures on LeetCode"", ""Complete AWS Cloud Certification""]"
15bd7b8e-6365-4d0e-ad54-4db979083368,73fa98ac-f27e-4723-aa28-3ba7a197eda3,64.2,69.0,63.7,58.4,"[""Practice Data Structures on LeetCode"", ""Complete AWS Cloud Certification""]"
bb4b2a33-402f-49f8-afa4-06f237fb10fc,5b724cf4-1098-49ac-8f0d-5945af648bbe,73.2,74.9,57.0,87.3,"[""Practice Data Structures on LeetCode"", ""Complete AWS Cloud Certification""]"
ee0c7444-afd6-4a9f-bbbe-08f0fb9f25d6,7cc457a4-a683-4f52-a032-e024018a2325,63.8,45.4,92.3,60.0,"[""Practice Data Structures on LeetCode"", ""Complete AWS Cloud Certification""]"
9218dd8e-f141-43c1-8b7a-2544afdc95c1,59030cad-3a1b-48ef-9d3e-7200bc044221,71.2,69.3,73.6,71.5,"[""Practice Data Structures on LeetCode"", ""Complete AWS Cloud Certification""]"
be4abecf-d598-4a21-be94-0c5553f7a8fb,937f4d67-f6fe-481b-9743-e14f7c914d40,69.2,70.2,62.6,74.3,"[""Practice Data Structures on LeetCode"", ""Complete AWS Cloud Certification""]"
5399ab8e-d034-48b5-8f03-3bd53e042444,b547aafb-3f8c-4c9e-988c-125ddf5c8565,80.6,85.4,81.6,73.1,"[""Practice Data Structures on LeetCode"", ""Complete AWS Cloud Certification""]"
e8472196-f0d2-4e78-a413-c4302baae23b,a0a03fae-0280-41ef-bd59-e491f86e6bcd,91.2,84.7,92.2,98.7,"[""Practice Data Structures on LeetCode"", ""Complete AWS Cloud Certification""]"
7f735cff-314a-4c1f-bf82-8287d9671803,16654cf5-0dbe-46ca-bc6d-bc0eb686f04b,57.6,57.6,64.7,50.5,"[""Practice Data Structures on LeetCode"", ""Complete AWS Cloud Certification""]"
a70ee82f-89e9-4d7e-9920-aae8e0c099ae,2195f2a4-7b37-4373-b6dd-55cfa6182581,43.7,44.2,56.7,30.0,"[""Practice Data Structures on LeetCode"", ""Complete AWS Cloud Certification""]"
140ff358-9418-46c7-a982-1c373fc5c6df,c66ec193-2cd1-4f45-ac3f-fa1caba2ffe8,55.7,63.6,50.8,50.0,"[""Practice Data Structures on LeetCode"", ""Complete AWS Cloud Certification""]"
3f515d56-c15d-4ab9-ab2e-ec9657f2782f,68ad6e38-e6f8-4388-b448-f7cc37d53371,83.6,78.4,82.2,91.8,"[""Practice Data Structures on LeetCode"", ""Complete AWS Cloud Certification""]"
9f83e2a7-9761-4bef-806c-7909d7476cf5,5dddf8ec-f9e6-4e05-a2be-5df1892fbd38,66.2,66.9,59.0,72.6,"[""Practice Data Structures on LeetCode"", ""Complete AWS Cloud Certification""]"
29708c6a-5c33-47f8-889c-7a4c1a7a8254,9c967545-2216-46fa-95ce-5f15db52a6ca,72.5,72.3,58.8,86.3,"[""Practice Data Structures on LeetCode"", ""Complete AWS Cloud Certification""]"
500f257b-9605-418c-bc89-8cf7d1742365,fbeeb084-9c6b-4567-a8d5-a9cc0989f288,79.6,85.8,55.3,95.7,"[""Practice Data Structures on LeetCode"", ""Complete AWS Cloud Certification""]"
388aa0ad-a7eb-4770-b159-a979e6d6e44c,63d9ec0d-a6d8-48ff-8f36-5298388ca746,75.9,79.3,74.8,72.6,"[""Practice Data Structures on LeetCode"", ""Complete AWS Cloud Certification""]"
334137dd-0622-4e6c-9f7e-18b9519beafb,5f24eeb4-7edd-46d1-9bce-beab25093d71,66.7,64.6,62.9,73.3,"[""Practice Data Structures on LeetCode"", ""Complete AWS Cloud Certification""]"
0e22ce01-4ef2-4f5b-bd22-b7b413fc34c9,9625757e-7b13-4777-bfd2-f7efe3fb69c4,67.9,68.7,63.1,71.5,"[""Practice Data Structures on LeetCode"", ""Complete AWS Cloud Certification""]"
700834f4-34e6-4cac-9cd7-76cf42eed5de,fa5e4ff9-07c0-4945-919e-ffcfc2b67440,67.3,69.7,46.6,84.7,"[""Practice Data Structures on LeetCode"", ""Complete AWS Cloud Certification""]"
43ebb485-e7a5-4467-91d8-b22d8fa4702b,d0bebdf3-b2c8-41a1-9632-bee14f91d1b9,57.1,63.9,52.4,52.7,"[""Practice Data Structures on LeetCode"", ""Complete AWS Cloud Certification""]"
f111d3dd-9d5d-4f0c-be15-8d300e619c5f,bfeac8cd-70de-41ab-aae8-9db7fb298d97,80.6,76.2,80.1,86.8,"[""Practice Data Structures on LeetCode"", ""Complete AWS Cloud Certification""]"
dc23338a-480e-4815-8a41-bfd26d30e3bb,224a491e-b267-430d-8a0c-ee9e19880a7c,56.8,60.8,49.8,58.6,"[""Practice Data Structures on LeetCode"", ""Complete AWS Cloud Certification""]"
cb887d87-1071-4db6-b0bb-af9f9cd97504,7612300c-13b5-494d-b31e-45f0277d9f4b,68.2,63.9,82.2,60.1,"[""Practice Data Structures on LeetCode"", ""Complete AWS Cloud Certification""]"
2f62a14b-70ba-4383-9345-1969a3e4ecae,18be0e32-197e-4df0-8948-2a65eafedaa7,57.8,56.8,70.4,46.4,"[""Practice Data Structures on LeetCode"", ""Complete AWS Cloud Certification""]"
8dd50839-8372-46f3-8536-a2054a0560aa,05b78ffa-dcb2-4499-967e-d687fd852e65,83.3,78.0,85.4,88.4,"[""Practice Data Structures on LeetCode"", ""Complete AWS Cloud Certification""]"
d604ba59-3061-4ada-a821-fba57f20ed24,a8d23c1d-41bc-431c-b13a-ec8771147638,53.6,48.0,58.7,55.9,"[""Practice Data Structures on LeetCode"", ""Complete AWS Cloud Certification""]"
33f3be18-59cd-4116-9b62-7754be18de51,2bb2dd9f-4e45-49ac-863e-11edeed7e869,70.0,73.2,76.7,59.1,"[""Practice Data Structures on LeetCode"", ""Complete AWS Cloud Certification""]"
610e28ff-0681-4f01-8977-645e9785dafe,7076cf5b-b6ce-4b9a-8766-4819cdebceff,71.7,65.6,83.8,67.6,"[""Practice Data Structures on LeetCode"", ""Complete AWS Cloud Certification""]"
13456138-2742-47f2-87c2-fa29d056df77,d429c2bb-e6dc-408b-98cf-a4a048882e0f,69.3,69.3,66.2,72.5,"[""Practice Data Structures on LeetCode"", ""Complete AWS Cloud Certification""]"
e871f130-0fbb-4231-ad28-a8da12c0121d,11fa9fa2-4971-40a3-9dc2-e676e2b27a4c,63.0,67.7,60.4,59.3,"[""Practice Data Structures on LeetCode"", ""Complete AWS Cloud Certification""]"
ed5e5c23-b27a-4330-8d66-6c90db13c643,f4e38da8-2672-4599-8a01-b7027e4940fb,60.9,64.4,45.4,71.8,"[""Practice Data Structures on LeetCode"", ""Complete AWS Cloud Certification""]"
9da00d44-ef0f-4aea-b57c-9bfe4db258e8,aec7a09d-cce7-4f59-b134-5a2de1609367,50.5,40.2,88.1,26.5,"[""Practice Data Structures on LeetCode"", ""Complete AWS Cloud Certification""]"
3b989b43-86cc-46b7-aa17-2ef22886cd99,e4523ecf-bfdc-4ac6-bc2e-d7311f35c05f,44.8,46.5,46.0,41.2,"[""Practice Data Structures on LeetCode"", ""Complete AWS Cloud Certification""]"
b0eaa418-e718-4de8-a1c0-76c70f39b216,d0b10b08-c5aa-40d9-a63d-bf7bf4e29c98,73.1,72.8,82.3,64.4,"[""Practice Data Structures on LeetCode"", ""Complete AWS Cloud Certification""]"
dabcdec8-463e-45d5-b3b8-b61f690c8fb0,830bc4e6-6a2e-4714-991e-d3ccfb4cb7cb,71.2,60.0,92.9,64.4,"[""Practice Data Structures on LeetCode"", ""Complete AWS Cloud Certification""]"
c98da8ec-5efc-4e32-a8d3-acb09e60a0e6,d7d9c1fb-61f8-4826-9244-4fc724c10503,77.9,79.0,76.4,77.9,"[""Practice Data Structures on LeetCode"", ""Complete AWS Cloud Certification""]"
924e4e3f-54b1-4a7b-a11e-83be72c869d3,721c4609-6bc6-46c6-b64d-acae200964c9,68.9,72.2,67.1,66.3,"[""Practice Data Structures on LeetCode"", ""Complete AWS Cloud Certification""]"
b10dfed6-249e-4cc1-96f0-fa7e4e308f46,5860d71c-eeb2-43f9-bf23-d369127d562c,68.5,72.3,48.8,83.2,"[""Practice Data Structures on LeetCode"", ""Complete AWS Cloud Certification""]"
f2f4c10b-f70b-4b80-921e-046e8680cbfa,5708dc25-f806-44f5-be17-75cb4ed8abd7,65.7,55.2,85.5,59.8,"[""Practice Data Structures on LeetCode"", ""Complete AWS Cloud Certification""]"
7aafb0b5-2aa6-4c73-97d7-aaf2d0ea279c,30cc6b23-8c66-463f-8a89-32002c807ecc,80.5,92.0,49.2,96.4,"[""Practice Data Structures on LeetCode"", ""Complete AWS Cloud Certification""]"
f2d85599-95ff-4948-ae4d-72f4925d59be,e3e027a0-404c-438e-9b96-6915df9ac2d5,66.0,63.2,64.4,71.4,"[""Practice Data Structures on LeetCode"", ""Complete AWS Cloud Certification""]"
3d6e78bf-98cc-499d-99fe-2dbffe892dd6,e37435ed-b80b-46a4-b1c4-2c67effec2b3,71.3,58.3,87.6,72.2,"[""Practice Data Structures on LeetCode"", ""Complete AWS Cloud Certification""]"
3c28fdc0-19d1-4c80-8c67-29989a11af15,13a15c8e-cfc3-45d7-8968-d1eed581e232,74.9,74.1,79.9,70.9,"[""Practice Data Structures on LeetCode"", ""Complete AWS Cloud Certification""]"
b93e43d7-05a3-4ef6-bdae-a474d223b83a,2d7d77a1-16a2-4d29-8024-8cf89fce4108,57.7,58.4,70.4,43.9,"[""Practice Data Structures on LeetCode"", ""Complete AWS Cloud Certification""]"
181928ec-d2f2-4f68-b74e-8efba1cfd9ec,31f846b7-b8f0-4204-952c-b886f2d3c009,72.1,78.1,50.1,86.2,"[""Practice Data Structures on LeetCode"", ""Complete AWS Cloud Certification""]"
dfb23322-8b18-4960-bdef-1f1ddf6b7f9e,820d3435-69f9-4542-bbc7-53817d9b075d,70.2,74.7,54.0,80.5,"[""Practice Data Structures on LeetCode"", ""Complete AWS Cloud Certification""]"
c560cd10-be17-4e67-92e8-ca9fa36d5a9f,35e42779-079f-425d-9f2f-266fbb0c4d19,60.4,56.4,60.5,65.7,"[""Practice Data Structures on LeetCode"", ""Complete AWS Cloud Certification""]"
542b9f55-4a8f-4a98-b536-e9a6b0ab92c8,adb162ca-3c48-4063-a1f7-004a5a975fbb,77.9,70.6,85.8,79.6,"[""Practice Data Structures on LeetCode"", ""Complete AWS Cloud Certification""]"
32f33ed0-8df3-4f59-912a-c8e54c4d411b,600a7614-8211-46e4-82bf-c0e719fb0c3a,76.3,76.2,83.2,69.4,"[""Practice Data Structures on LeetCode"", ""Complete AWS Cloud Certification""]"
fb80b0c9-d422-42ee-b02c-49ef6fe772cd,03a9127e-d63e-41b3-8bee-89755be92428,67.0,69.0,70.1,61.1,"[""Practice Data Structures on LeetCode"", ""Complete AWS Cloud Certification""]"
586dabb4-3d30-4c47-96a8-4467f64539fd,ebb1915f-d328-4e0e-b86e-956ee6fcd97c,68.3,58.9,90.9,58.1,"[""Practice Data Structures on LeetCode"", ""Complete AWS Cloud Certification""]"
d5edaa2d-f0a1-42ff-ade8-7a24cdb53de6,5d86059e-9ca8-4411-b11e-8b27b76b339b,52.0,46.1,52.5,59.3,"[""Practice Data Structures on LeetCode"", ""Complete AWS Cloud Certification""]"
150a2b04-d35c-4675-becc-d8e9661776da,4a1f8d7b-dbcf-4242-96c7-ef9d6aeb0e10,70.9,61.4,90.3,64.3,"[""Practice Data Structures on LeetCode"", ""Complete AWS Cloud Certification""]"
e0fbeb3d-41d6-4e21-876a-c347d27b15b1,66e3c9d5-2d66-4671-8e86-6cba5ad48d76,65.1,65.5,73.5,56.1,"[""Practice Data Structures on LeetCode"", ""Complete AWS Cloud Certification""]"
4195b0ce-e85f-4db2-9fba-a89c7d1f6e83,8700c3f7-810d-40ef-b49b-ed095aa26a5e,78.3,80.8,68.5,84.9,"[""Practice Data Structures on LeetCode"", ""Complete AWS Cloud Certification""]"
f9cfa4c7-6cbb-417e-a3a3-714d49f20f61,f7778b69-42e0-4d77-9d5f-906ab089a863,77.8,78.2,81.8,73.2,"[""Practice Data Structures on LeetCode"", ""Complete AWS Cloud Certification""]"
61aef2cd-09f9-4407-af51-a44ec7be893a,9461c275-9e50-4dbf-844b-fdcec220b20b,74.7,75.7,85.6,62.6,"[""Practice Data Structures on LeetCode"", ""Complete AWS Cloud Certification""]"
48c46219-8ae6-4aae-8747-a1008f3f3caa,1a6b449a-6f07-41ae-a808-2a1777a873fe,68.1,72.7,60.5,69.6,"[""Practice Data Structures on LeetCode"", ""Complete AWS Cloud Certification""]"
49628c55-c0e2-4183-99fe-966ad8b1a798,4886a7ec-9f8a-4141-812f-7adc1d815651,69.5,77.8,61.6,66.5,"[""Practice Data Structures on LeetCode"", ""Complete AWS Cloud Certification""]"
2a854353-ef53-49af-a01e-3963c1141c7b,13ed051d-5b51-4aa5-8842-81d0e5806f5b,80.2,79.2,69.9,91.9,"[""Practice Data Structures on LeetCode"", ""Complete AWS Cloud Certification""]"
f3f8966d-d2bd-4bb5-840f-e21b844e8ea7,ecca7626-ae07-4f23-80da-9ddb1c516eda,73.9,84.8,61.1,72.2,"[""Practice Data Structures on LeetCode"", ""Complete AWS Cloud Certification""]"
3978a461-7437-493f-86f1-7729719a579c,ca77b9b0-3cd4-46a7-a0b3-c823780bf8b2,57.8,57.7,47.1,68.8,"[""Practice Data Structures on LeetCode"", ""Complete AWS Cloud Certification""]"
a85de5de-4da6-4b67-ab36-a85bd416c9d4,c6d291b4-cb0e-437c-8f0d-247676f2cf42,62.3,60.8,65.3,61.2,"[""Practice Data Structures on LeetCode"", ""Complete AWS Cloud Certification""]"
07f7bb22-c843-4226-9f46-5bc5484591a0,260211ee-937c-4df8-8848-9c1a0478c2f2,73.5,72.1,73.4,75.3,"[""Practice Data Structures on LeetCode"", ""Complete AWS Cloud Certification""]"
5cf4d5a2-1e92-4b36-a795-8899a056579e,c8749c2b-b4ff-4f32-98e9-7daedb9e2ee9,65.4,62.3,58.9,76.1,"[""Practice Data Structures on LeetCode"", ""Complete AWS Cloud Certification""]"
1924d561-d1fa-493a-9083-e4fa765f6136,6e59252b-8f4d-4b5a-8e11-c84524a75f63,57.0,50.7,80.2,42.1,"[""Practice Data Structures on LeetCode"", ""Complete AWS Cloud Certification""]"
81859c52-f1fd-404e-99d4-a89006ec2da7,22269da9-6a06-4549-9c7c-daa80bc404d3,88.1,83.2,85.5,97.2,"[""Practice Data Structures on LeetCode"", ""Complete AWS Cloud Certification""]"
092e70ba-ddfa-4aab-a245-eaca0a3c8433,32c44be7-76c1-4d77-a22e-66f87fb71acd,72.7,71.0,84.6,63.1,"[""Practice Data Structures on LeetCode"", ""Complete AWS Cloud Certification""]"
8eb1fe6f-9c0b-4a1c-a504-2dc7f3de0244,a11c7b94-3d35-4dcf-b26b-40a14c9c4994,45.3,34.1,64.9,40.6,"[""Practice Data Structures on LeetCode"", ""Complete AWS Cloud Certification""]"
732d0038-2565-4b0d-9f44-2a5314347c00,98ce75a1-d148-4552-8946-5b38883ecef3,71.6,76.6,70.9,65.5,"[""Practice Data Structures on LeetCode"", ""Complete AWS Cloud Certification""]"
5df3dd9f-715e-470c-9113-c8026169c4bf,4bf65490-9937-4be1-b20c-5e676bb7785c,73.8,77.6,70.9,71.7,"[""Practice Data Structures on LeetCode"", ""Complete AWS Cloud Certification""]"
f6ad64f2-8378-49f6-8628-4791a3f02575,9a37bd95-c5e9-433b-a1a2-3a7c10975b01,79.8,77.2,92.8,70.4,"[""Practice Data Structures on LeetCode"", ""Complete AWS Cloud Certification""]"
6f5b86b6-4208-4633-a5ed-3adfdb3f82e8,db938d4c-c25a-4cac-bd69-6bcda93aa4cf,71.8,66.5,81.0,69.7,"[""Practice Data Structures on LeetCode"", ""Complete AWS Cloud Certification""]"
8993fd88-62df-4435-8682-0e6bbf2d4bdf,44e310ef-e692-422a-a593-c9867b6155d8,86.5,89.0,83.3,86.5,"[""Practice Data Structures on LeetCode"", ""Complete AWS Cloud Certification""]"
9b20129d-ef9b-46ef-9e35-a7402faa2044,08a3fd49-db4f-4293-9631-cbf8c89d0a87,65.0,63.3,79.4,53.0,"[""Practice Data Structures on LeetCode"", ""Complete AWS Cloud Certification""]"
fe0bd6c5-d4e5-4617-8b92-b50ad7c7f4e9,af70f11a-dacf-4a55-906f-d0f616848658,68.1,72.1,70.7,60.3,"[""Practice Data Structures on LeetCode"", ""Complete AWS Cloud Certification""]"
9484eb4a-a82f-48e5-8c47-40b8131cd8d1,d2330171-f678-4f36-aee3-060fc9493057,77.0,73.2,88.2,70.7,"[""Practice Data Structures on LeetCode"", ""Complete AWS Cloud Certification""]"
f30ad6f5-7355-48c3-a914-97d9d2d1d878,3ba6bb55-fb55-45c1-8c1e-5c545095c667,73.6,80.4,69.9,68.1,"[""Practice Data Structures on LeetCode"", ""Complete AWS Cloud Certification""]"
62843c2f-997d-42a1-b878-ab5730fba831,f8bd4c71-45ff-4dab-b2d3-bbf1ebcd193b,78.9,72.5,89.1,77.1,"[""Practice Data Structures on LeetCode"", ""Complete AWS Cloud Certification""]"
d0c35deb-9f89-4ca1-916c-7346e8f0f380,19139439-ffbf-483f-ba8d-7ac63c091b03,81.0,81.8,83.2,77.8,"[""Practice Data Structures on LeetCode"", ""Complete AWS Cloud Certification""]"
467b9f17-91eb-4834-bb58-4927fe8df668,2c31b150-b3c4-489f-8693-6013b9436ffe,73.3,70.7,76.2,74.0,"[""Practice Data Structures on LeetCode"", ""Complete AWS Cloud Certification""]"
4427be5d-e9fc-4462-a392-3392e1df5dc5,3f585e7a-a76b-4a8c-94a4-c4043f78aeee,71.3,78.2,55.0,78.5,"[""Practice Data Structures on LeetCode"", ""Complete AWS Cloud Certification""]"
330f01ad-6add-486a-adc2-5309b01c4874,03a9826d-4b05-4977-b633-909e5cab854f,75.0,79.1,70.8,73.9,"[""Practice Data Structures on LeetCode"", ""Complete AWS Cloud Certification""]"
7abd91a6-5e8d-47e9-a700-9667ee9dc9e9,be804ffe-7b1c-4afb-be73-892ffdcaa995,85.2,93.1,60.0,100.0,"[""Practice Data Structures on LeetCode"", ""Complete AWS Cloud Certification""]"
ab1cb50f-4002-4ec9-9247-b013ef86fda0,fe7d693a-701e-4722-b742-b18e299411ad,67.1,52.2,93.4,60.7,"[""Practice Data Structures on LeetCode"", ""Complete AWS Cloud Certification""]"
c9b94a47-7b5f-4ff5-a42a-b6626ad46d7f,2cd8aded-286c-4d6b-aef9-d3f737ee116f,69.2,71.0,79.0,56.9,"[""Practice Data Structures on LeetCode"", ""Complete AWS Cloud Certification""]"
9b16ad9b-0414-4bff-aa67-9d00cfacc876,4454e29c-1b68-4767-aaef-cb16b89997b4,63.8,59.2,75.6,58.3,"[""Practice Data Structures on LeetCode"", ""Complete AWS Cloud Certification""]"
5a331ca8-6a42-47f7-9511-c9cec9374d66,8afbbc17-5de9-41d9-8309-09ea87c46621,66.1,64.9,68.0,65.9,"[""Practice Data Structures on LeetCode"", ""Complete AWS Cloud Certification""]"
7a784e4b-7c1b-42ff-be44-52f99ee911dc,4117a364-ae31-4089-8541-dac4555bee96,73.7,67.8,93.6,61.7,"[""Practice Data Structures on LeetCode"", ""Complete AWS Cloud Certification""]"
73d6d8f9-1d6b-412e-9f79-9ac47e036835,bda3289e-fa56-487f-ab01-2addfa83b70f,63.5,58.5,78.8,54.9,"[""Practice Data Structures on LeetCode"", ""Complete AWS Cloud Certification""]"
cdcdf48a-a41a-4877-81c0-beb234c350db,6100bd34-64d4-4824-9fc1-d2a28fb1ef85,93.3,100.0,77.8,100.0,"[""Practice Data Structures on LeetCode"", ""Complete AWS Cloud Certification""]"
96b6f88a-1bb1-4c74-909d-b3b96a0637ea,1bb6f043-1c46-4430-890f-7bab8ffbd88f,82.1,88.7,74.3,81.0,"[""Practice Data Structures on LeetCode"", ""Complete AWS Cloud Certification""]"
2e27561d-9180-4d52-aa21-4991a731b28a,eb92fbf1-8d20-4f42-872a-8aaa1edb0d66,72.0,73.4,83.5,58.6,"[""Practice Data Structures on LeetCode"", ""Complete AWS Cloud Certification""]"
792882b7-4b95-4c1c-bea1-4dd1049cfbec,bb1407aa-54d3-4443-bcf8-26a6e4b53711,68.3,59.2,77.3,71.4,"[""Practice Data Structures on LeetCode"", ""Complete AWS Cloud Certification""]"
de0dcc70-8b65-4306-9cf8-ef1385a7cdbe,c09b927d-fe3c-4e8d-a157-100cef49d473,62.1,60.7,53.8,72.2,"[""Practice Data Structures on LeetCode"", ""Complete AWS Cloud Certification""]"
8a1fe782-2200-4cd6-b87d-26a422f2e334,a85f56b6-d3e0-40ad-8013-54d17dd157d8,83.7,100.0,45.5,100.0,"[""Practice Data Structures on LeetCode"", ""Complete AWS Cloud Certification""]"
40b5ff1f-3f7a-4643-8c5c-6fc52fdf0fc5,409cf411-6e95-4cdb-b382-448abd0c129a,73.4,70.4,85.4,65.3,"[""Practice Data Structures on LeetCode"", ""Complete AWS Cloud Certification""]"
21148a68-0b2e-44e7-b844-d77cb254a6e1,bef769fe-c1a0-4bf9-aa74-75899f4c4c31,80.2,82.8,76.9,80.0,"[""Practice Data Structures on LeetCode"", ""Complete AWS Cloud Certification""]"
011175c2-e958-4438-a2bc-29d63c54fdb3,cbe48a00-dba8-4941-8877-14b9d4018bef,69.1,65.7,91.8,50.9,"[""Practice Data Structures on LeetCode"", ""Complete AWS Cloud Certification""]"
ae14bb15-77f7-41dd-b465-e35335bd88a0,51146eb7-964c-49c5-b017-92e613faf320,77.8,82.7,79.6,69.6,"[""Practice Data Structures on LeetCode"", ""Complete AWS Cloud Certification""]"
fd47906b-df34-4c7e-8541-ba0db5cc7231,d689ac4b-bafe-4de3-afc0-e804c2580239,56.6,61.5,56.0,50.5,"[""Practice Data Structures on LeetCode"", ""Complete AWS Cloud Certification""]"
080a2537-c136-4d06-897b-ee72a767e579,ad1cfaf1-754b-48ad-afc9-65092927ffc7,60.0,56.8,80.2,44.1,"[""Practice Data Structures on LeetCode"", ""Complete AWS Cloud Certification""]"
0b18de5c-7834-43bd-b746-def03c001c73,c1083a62-3b14-4f0d-8ffd-1c6cbaae1aff,57.1,56.8,55.3,59.3,"[""Practice Data Structures on LeetCode"", ""Complete AWS Cloud Certification""]"
f4fa454e-5352-4d64-816b-cb6158b08445,f5a9cfac-58d1-4b44-9fe1-0b48e485a3ec,67.1,56.4,85.3,63.1,"[""Practice Data Structures on LeetCode"", ""Complete AWS Cloud Certification""]"
ec82617d-2d44-4106-9eaf-4c99a756aa1a,4fc2d90d-1585-4489-9ff9-6efd2aa92b0e,77.6,77.1,91.7,64.2,"[""Practice Data Structures on LeetCode"", ""Complete AWS Cloud Certification""]"
eabd9125-011c-42bc-bef8-cb774f4e2d55,fb2c6ae3-df5b-4ce9-aebf-5328b0399ab1,75.7,70.4,89.6,68.9,"[""Practice Data Structures on LeetCode"", ""Complete AWS Cloud Certification""]"
a352fd4b-4d6f-430b-9f7e-5d18987438b9,6acff061-b26f-4ed0-b643-7e8744c10050,67.4,64.9,81.4,56.6,"[""Practice Data Structures on LeetCode"", ""Complete AWS Cloud Certification""]"
fd7c0316-ea9e-430e-914f-183dfbd6dfb1,2de02bf8-dad6-4d6d-b1b4-371757677280,64.9,70.1,57.4,65.5,"[""Practice Data Structures on LeetCode"", ""Complete AWS Cloud Certification""]"
902d571a-d5e9-408a-b3cf-80bcfae37857,53e1e785-d6ed-4904-a0a3-d5d5fbef2753,46.9,45.1,48.4,47.9,"[""Practice Data Structures on LeetCode"", ""Complete AWS Cloud Certification""]"
3dcc02a4-fef2-4a6f-8b44-88c4391eb646,95a87c74-750e-4a67-a9cd-e11e462e8260,69.5,69.7,59.5,79.2,"[""Practice Data Structures on LeetCode"", ""Complete AWS Cloud Certification""]"
cb7f9faa-07cf-4375-b9df-d4ca41564ad3,2fb2c8b1-e864-4ab0-9271-1d083fe14749,67.5,70.5,58.8,72.2,"[""Practice Data Structures on LeetCode"", ""Complete AWS Cloud Certification""]"
7f6acafc-8332-4252-98d6-217bfa0900d5,fabd70fc-d6f2-4cc4-b34c-1379e85b960a,67.5,70.9,65.4,64.9,"[""Practice Data Structures on LeetCode"", ""Complete AWS Cloud Certification""]"
25a018eb-7e16-49b1-926b-a0fbded3d326,6b8a2c7d-2352-4224-b0d2-449f0997b999,85.2,82.0,90.7,83.9,"[""Practice Data Structures on LeetCode"", ""Complete AWS Cloud Certification""]"
e53ebc32-33c0-4cae-bdbd-870cba570f5a,3429e66c-34c4-4c6d-880e-b1533d5cc61d,67.0,64.4,86.5,50.9,"[""Practice Data Structures on LeetCode"", ""Complete AWS Cloud Certification""]"
62fe178f-e417-48fd-93d3-092afd284622,2d35b1f4-f239-4d0a-8fe2-6dbd3991554c,77.5,75.0,88.5,70.0,"[""Practice Data Structures on LeetCode"", ""Complete AWS Cloud Certification""]"
cdcd63c3-bed6-4335-98b5-9ada14814b16,121dad7f-adcb-4cfa-98b0-086aeca4ac60,74.8,73.8,80.2,70.7,"[""Practice Data Structures on LeetCode"", ""Complete AWS Cloud Certification""]"
39b19e7f-0fb8-44e9-92b7-fb65ff0b2edf,2627b2fe-5f07-4dc4-9587-597de2848dc9,59.4,60.0,69.9,48.0,"[""Practice Data Structures on LeetCode"", ""Complete AWS Cloud Certification""]"
7997c1aa-259a-4d0d-83c4-56a574ebe960,0c7864f5-f70a-4ef4-9532-68be5cec2413,68.4,57.4,91.7,59.8,"[""Practice Data Structures on LeetCode"", ""Complete AWS Cloud Certification""]"
b12a1c3a-1b60-45ff-a2b2-8debd5bd2d45,06d36a42-a4bb-4852-8940-4dcf346b5523,70.5,65.0,77.7,70.5,"[""Practice Data Structures on LeetCode"", ""Complete AWS Cloud Certification""]"
62619925-f196-4d34-a106-889f77d54473,e5daf360-227b-4498-8be4-f6377838e453,83.9,84.7,69.4,97.2,"[""Practice Data Structures on LeetCode"", ""Complete AWS Cloud Certification""]"
775cf694-4ce5-4d88-83ec-c5f975fe2e9c,e7f7794c-9349-46fb-90c4-5d880bce28e9,64.8,65.4,76.5,52.4,"[""Practice Data Structures on LeetCode"", ""Complete AWS Cloud Certification""]"
c6b66284-de82-4bdb-9e22-c7d4b60a0d26,ca0d8d1c-f746-4896-a363-530b495079f0,52.0,49.4,72.6,34.8,"[""Practice Data Structures on LeetCode"", ""Complete AWS Cloud Certification""]"
036cab21-6ac9-4abd-9cdf-108aa8089145,eee4b532-e095-4ce8-b5bc-7563e68b3e43,91.7,97.2,90.5,85.4,"[""Practice Data Structures on LeetCode"", ""Complete AWS Cloud Certification""]"
63f67681-e7cf-44a2-ba9e-910f70d4834c,6078c613-ddd0-4405-ada8-7d19958af0ce,67.7,70.6,64.8,66.8,"[""Practice Data Structures on LeetCode"", ""Complete AWS Cloud Certification""]"
eaddad5d-6974-4122-9826-b65d0de22ea0,feb55156-cb88-4ab3-b9f6-de2ba4ee6975,85.8,81.5,87.9,89.3,"[""Practice Data Structures on LeetCode"", ""Complete AWS Cloud Certification""]"
0e3a7288-3fb3-4ea3-9c7c-6631f1840c45,ca34d703-c5f0-40d3-b570-d57728c74960,62.4,60.0,70.0,58.0,"[""Practice Data Structures on LeetCode"", ""Complete AWS Cloud Certification""]"
bb416459-a605-4846-b5a4-332fa0a9c300,4e031b12-b862-41df-8fb6-89dc46a11145,77.2,68.9,91.2,74.4,"[""Practice Data Structures on LeetCode"", ""Complete AWS Cloud Certification""]"
09739b84-93a8-4139-878b-6ddfea59304e,511dc1d1-cdaa-440c-9440-19f6e47c84c0,80.5,88.4,60.0,90.3,"[""Practice Data Structures on LeetCode"", ""Complete AWS Cloud Certification""]"
e9eb6142-5a61-42da-8d28-3fb51c063336,0c68f883-aefd-437b-a79c-b3228e962429,57.9,61.2,62.3,49.1,"[""Practice Data Structures on LeetCode"", ""Complete AWS Cloud Certification""]"
1f8552b9-4aae-4cb0-8196-b49840de3208,6ff4f702-9890-4b07-8aad-27a23d83a88b,77.9,85.9,67.5,77.7,"[""Practice Data Structures on LeetCode"", ""Complete AWS Cloud Certification""]"
53c77368-f9a7-4aae-9b97-f49899842f69,9e1d912d-ca84-4fde-a46d-a190e20223b8,68.8,69.1,80.7,56.6,"[""Practice Data Structures on LeetCode"", ""Complete AWS Cloud Certification""]"
209d005e-88ad-4ec1-9da2-0d719845e87c,226cdeb9-2944-4b73-a8db-c0a09e1d6871,60.0,65.3,58.5,54.3,"[""Practice Data Structures on LeetCode"", ""Complete AWS Cloud Certification""]"
97be3269-b546-4191-9361-a3de00264736,a12b4220-8d69-47ee-b2da-fbe283d107bd,81.8,76.1,84.2,87.0,"[""Practice Data Structures on LeetCode"", ""Complete AWS Cloud Certification""]"
f443519d-0e10-4fa5-a35e-3ab93ccb87ec,da4c690e-a178-42de-83ef-56798b0b6ebb,68.1,77.3,53.5,70.4,"[""Practice Data Structures on LeetCode"", ""Complete AWS Cloud Certification""]"
3a386d73-de7d-4b1d-993a-599fe4a947d8,84b1ec70-0060-4429-ad11-d1b7321a067b,75.8,66.0,92.2,72.6,"[""Practice Data Structures on LeetCode"", ""Complete AWS Cloud Certification""]"
d426ca33-378b-4394-bbc0-f8a2ec2580c6,c53c0eb6-6619-4fb1-9280-7ac1349f6140,72.3,71.2,64.0,82.1,"[""Practice Data Structures on LeetCode"", ""Complete AWS Cloud Certification""]"
c045cc92-4ec3-4ecb-bf65-2eb7b06efeb0,781ab867-85b4-4a89-b657-2560e8e11e9f,60.7,65.0,53.9,61.9,"[""Practice Data Structures on LeetCode"", ""Complete AWS Cloud Certification""]"
9f42e652-1950-4153-b932-4eaf30ad05a8,7effa285-57fc-4580-9cfb-a36daee85193,69.1,63.3,91.6,54.3,"[""Practice Data Structures on LeetCode"", ""Complete AWS Cloud Certification""]"
77763a73-b57a-46d5-afb9-3341fae95a6c,13ae7278-6bc5-4b1e-8115-0796e715a34b,76.5,81.2,59.6,87.0,"[""Practice Data Structures on LeetCode"", ""Complete AWS Cloud Certification""]"
2671a675-4ae0-4283-9ca6-9223d7a22d91,c29d5a7c-2e78-4cd7-99ba-38b001cfbfd6,69.7,68.9,84.5,56.1,"[""Practice Data Structures on LeetCode"", ""Complete AWS Cloud Certification""]"
2e5be87d-f65c-46a3-9e50-f2af390667e9,7621896b-a702-43ea-9b6d-0b3ada0972db,60.9,49.1,85.6,51.9,"[""Practice Data Structures on LeetCode"", ""Complete AWS Cloud Certification""]"
67dd525e-ef76-4464-86d7-b2d5684b6e5c,67acaf37-09d1-4ba8-9fb0-589c1c22065d,69.8,77.5,66.5,62.8,"[""Practice Data Structures on LeetCode"", ""Complete AWS Cloud Certification""]"
5d61a9af-1e9d-4287-9a12-b26118a693cf,3f2306e8-733e-42be-991e-d9bac41e3a98,49.8,56.5,46.2,44.6,"[""Practice Data Structures on LeetCode"", ""Complete AWS Cloud Certification""]"
98e6e9fe-2a61-4f8f-8698-d0df0075bb87,cd3921df-af1c-4e1a-a800-7743ad60fb5c,60.3,64.6,62.4,52.5,"[""Practice Data Structures on LeetCode"", ""Complete AWS Cloud Certification""]"
f178942e-7dc1-466e-b554-60fa275d22bb,7d636658-44c2-4756-96e6-697014364165,59.9,63.9,62.2,52.2,"[""Practice Data Structures on LeetCode"", ""Complete AWS Cloud Certification""]"
4268bf69-8fe6-4257-85b1-437742b63e15,2c9069d4-9a88-4ae7-99e8-4f8be0e22fc2,66.8,66.6,76.5,57.2,"[""Practice Data Structures on LeetCode"", ""Complete AWS Cloud Certification""]"
1110e024-9b97-47e6-b774-e1d0c9bcad15,e9abd609-e222-4a3d-8c98-cf43455ef66d,55.7,58.5,55.7,51.9,"[""Practice Data Structures on LeetCode"", ""Complete AWS Cloud Certification""]"
b6226f00-7aeb-422e-9089-8f5bbf10e9b0,33dfdc25-fe94-4ab8-97a9-9d843eca1d1a,73.1,68.7,69.5,82.7,"[""Practice Data Structures on LeetCode"", ""Complete AWS Cloud Certification""]"
a619453a-34e1-4c5f-ba2b-afa34ae890fe,cf725189-0502-4882-be60-f008746364e9,72.1,63.6,85.7,69.8,"[""Practice Data Structures on LeetCode"", ""Complete AWS Cloud Certification""]"
2e0a005b-4d01-49ee-9bae-d92ed7d14c7d,b289de15-f628-42c0-9b31-6f3c9c25c66e,56.5,58.0,63.7,47.2,"[""Practice Data Structures on LeetCode"", ""Complete AWS Cloud Certification""]"
39d347d0-9312-4f94-9e3d-05317d681c8e,1e1eb656-7ac2-4ba4-89c5-b9071f823d86,58.2,55.4,54.4,65.7,"[""Practice Data Structures on LeetCode"", ""Complete AWS Cloud Certification""]"
48c9aaf2-81c5-482a-a57a-4b82e1691bf9,d85e8fca-bbb2-432a-922e-f426346f1357,65.5,61.0,69.6,67.3,"[""Practice Data Structures on LeetCode"", ""Complete AWS Cloud Certification""]"
e31607a8-c415-42cd-9d82-76529f7f90e6,05aff4fc-0ef5-40ff-99ad-8b7c67374707,44.6,42.3,56.2,36.0,"[""Practice Data Structures on LeetCode"", ""Complete AWS Cloud Certification""]"
28c0272f-b670-480d-868a-4a765792e854,6cd7d8b3-c3af-4e50-8560-b1df0af0c3aa,71.3,63.1,82.8,70.9,"[""Practice Data Structures on LeetCode"", ""Complete AWS Cloud Certification""]"
c1945559-98b2-486d-b8a4-7c48b0b22a6c,89ffb026-0aa3-4fe2-900d-586acff84510,86.4,83.4,95.0,81.9,"[""Practice Data Structures on LeetCode"", ""Complete AWS Cloud Certification""]"
0efb0f61-6bc6-4c5e-93c5-9de3b7aae4a1,a2fb666c-3ad8-4c6e-a3fd-186b8b563569,58.4,64.9,52.0,56.1,"[""Practice Data Structures on LeetCode"", ""Complete AWS Cloud Certification""]"
69be4128-3a1a-40d0-850f-3b029b104cf6,196f7491-0a87-49ba-bfdf-da1fce407e41,64.0,64.9,59.6,67.1,"[""Practice Data Structures on LeetCode"", ""Complete AWS Cloud Certification""]"
047ba26d-1906-4390-971f-042b3fef5b93,1d6c3143-7e5b-4247-af44-b4738b1ce4d4,92.9,99.6,88.4,88.4,"[""Practice Data Structures on LeetCode"", ""Complete AWS Cloud Certification""]"
7b7f6c3f-993b-4a55-95fc-a0f267a6c198,5a991d9d-7d71-4b4f-a3d2-fef8d9bc66cc,75.5,79.2,73.9,72.3,"[""Practice Data Structures on LeetCode"", ""Complete AWS Cloud Certification""]"
381b1015-1b7d-4e5c-90e7-ea68332ea80c,b89da6be-0137-449d-a852-44063465cce8,63.1,70.2,61.4,55.3,"[""Practice Data Structures on LeetCode"", ""Complete AWS Cloud Certification""]"
e91898f3-743e-4686-9072-e635f35ca5a5,ff5cf24e-86e2-4b6d-8bd4-08c0725e1f1c,68.8,64.5,64.9,78.5,"[""Practice Data Structures on LeetCode"", ""Complete AWS Cloud Certification""]"
fbe4f129-d307-4481-8fe3-fc28d210b056,5e6e508c-86eb-4621-a320-03ff96bef7bf,63.0,54.4,84.2,53.2,"[""Practice Data Structures on LeetCode"", ""Complete AWS Cloud Certification""]"
f2d397da-3fbc-4c12-830e-549230b4eaf1,7d009897-58e5-4e80-b790-233714da2324,87.2,88.2,91.6,81.4,"[""Practice Data Structures on LeetCode"", ""Complete AWS Cloud Certification""]"
b351793a-4bd2-4bcc-9a29-17216e8deecb,0e915a9c-5f50-4427-9524-e51633f06ad9,55.7,51.1,60.3,57.1,"[""Practice Data Structures on LeetCode"", ""Complete AWS Cloud Certification""]"
2fa214a3-cd35-4e4a-86db-b6dedc94800f,32601f4c-ac26-46dc-b11f-f30daa1e54e4,65.9,71.7,67.3,56.9,"[""Practice Data Structures on LeetCode"", ""Complete AWS Cloud Certification""]"
25f1b590-5b5b-4362-840f-82c901f38e28,85255be7-77f6-41bd-8cd2-92739befd69c,61.6,68.2,50.2,64.2,"[""Practice Data Structures on LeetCode"", ""Complete AWS Cloud Certification""]"
2ee73cbc-bc4d-417f-ba6e-c2dbec7a528f,c2333b31-09ec-44b0-b676-c9154914e222,62.1,60.7,75.5,50.6,"[""Practice Data Structures on LeetCode"", ""Complete AWS Cloud Certification""]"
16f4bbc7-7be4-43a5-964a-63eb73947891,6eb783df-851f-4b52-a38f-06c17a232bcd,60.5,69.0,52.0,57.7,"[""Practice Data Structures on LeetCode"", ""Complete AWS Cloud Certification""]"
f0555425-57d5-4cfc-95f2-536f725f1927,52af834e-801d-461c-bb7c-4625f9a73384,71.7,68.9,75.0,72.1,"[""Practice Data Structures on LeetCode"", ""Complete AWS Cloud Certification""]"
03dd05fb-ca9d-457e-9caf-b66c3985c50d,38982a79-49a1-412b-b2a1-174290b886e1,82.2,77.5,84.2,86.3,"[""Practice Data Structures on LeetCode"", ""Complete AWS Cloud Certification""]"
a56c4e3f-75f1-44d7-805b-1bbc007a6cdc,f0ea0fe2-f9e9-4a52-ae84-3efa8051a3be,67.7,79.0,45.6,74.8,"[""Practice Data Structures on LeetCode"", ""Complete AWS Cloud Certification""]"
22879395-aa5d-4cd9-b26c-f210b910c8ce,fb548331-f4e9-4ad6-bf26-6c49b50598aa,68.2,67.9,83.5,53.4,"[""Practice Data Structures on LeetCode"", ""Complete AWS Cloud Certification""]"
0995f55b-082b-4792-8feb-78fd03e48457,ded5b364-8588-458e-a9f7-e2a193883775,74.9,74.3,76.4,74.3,"[""Practice Data Structures on LeetCode"", ""Complete AWS Cloud Certification""]"
de577dc6-4b23-4fb0-9c7a-524decf1afc2,ca239e5a-e87b-4521-8602-e18c40dcbded,55.5,52.9,49.0,65.5,"[""Practice Data Structures on LeetCode"", ""Complete AWS Cloud Certification""]"
5ac0a6cc-c00c-46ba-8eb3-721260742e88,3f0c0058-6e4a-4577-8cd3-5838c6a78ae9,59.1,50.0,66.9,63.6,"[""Practice Data Structures on LeetCode"", ""Complete AWS Cloud Certification""]"
023bc1e3-2da5-43d3-bef2-ff7947828928,37ded831-df02-41b6-b566-5b713bf15bb6,59.4,47.8,80.4,53.8,"[""Practice Data Structures on LeetCode"", ""Complete AWS Cloud Certification""]"
f5317768-595c-43ca-aa21-d01251d79dd9,f084fc33-aa1b-4930-84ca-c1544cf2ef6d,71.8,78.7,46.5,87.9,"[""Practice Data Structures on LeetCode"", ""Complete AWS Cloud Certification""]"
55d21b0a-a90c-4619-9985-a646f806fafa,af175c0c-15f0-44f8-81e5-ef8524d49392,65.0,65.9,63.0,65.9,"[""Practice Data Structures on LeetCode"", ""Complete AWS Cloud Certification""]"
5f0c9386-418c-4cbb-900c-abf849294477,a14a6397-5b93-464b-b6d8-3ebbe5e7f1c4,78.7,88.5,45.1,99.3,"[""Practice Data Structures on LeetCode"", ""Complete AWS Cloud Certification""]"
5e2491c0-d53e-48ca-8ce5-5de1b97494e7,7f323044-97ed-4628-84f2-587b2028e5c3,67.3,59.5,80.7,64.2,"[""Practice Data Structures on LeetCode"", ""Complete AWS Cloud Certification""]"
4e235c6f-b84e-4e27-a773-6598868086b5,b196267c-e9ec-446b-bb9d-7daaa27cc54c,67.3,71.6,70.8,58.0,"[""Practice Data Structures on LeetCode"", ""Complete AWS Cloud Certification""]"
06f95274-f4ad-4ad2-8f77-1eee8184a772,9129f6dd-8c42-4689-8390-b53442393f78,81.3,77.0,84.2,84.2,"[""Practice Data Structures on LeetCode"", ""Complete AWS Cloud Certification""]"
9bef031b-4151-4512-aca3-401303a91393,861f280c-3cfe-4b18-9c18-3ecca68192af,81.4,83.1,91.6,68.8,"[""Practice Data Structures on LeetCode"", ""Complete AWS Cloud Certification""]"
f7be8069-f144-451b-a1f2-7fb3e3598f70,009a5366-715a-44a4-a575-400171178811,74.5,79.1,71.5,71.2,"[""Practice Data Structures on LeetCode"", ""Complete AWS Cloud Certification""]"
2c6ce833-fa04-416a-acf1-ecef73fa33b5,e309f6c1-3d89-4582-be44-594c355de08f,87.4,95.8,63.6,100.0,"[""Practice Data Structures on LeetCode"", ""Complete AWS Cloud Certification""]"
f65d0081-022b-4ea7-88f6-8e87a9d1ab9a,2bf9d12f-2d2b-4f7d-be18-857095334cf6,59.9,66.1,51.5,59.9,"[""Practice Data Structures on LeetCode"", ""Complete AWS Cloud Certification""]"
6fc942f4-7176-4de7-a957-cbec07028dc6,98741a3c-0101-46f1-91bf-4e998872c26b,60.0,55.0,83.5,43.3,"[""Practice Data Structures on LeetCode"", ""Complete AWS Cloud Certification""]"
00141f52-4aa3-4430-916c-662cdf50e7f4,f81012b0-336d-475e-978a-62fa6bad2777,70.6,67.1,68.2,77.7,"[""Practice Data Structures on LeetCode"", ""Complete AWS Cloud Certification""]"
68e4c02b-c4da-40a9-8ae0-75a9f51258a2,d126ca15-f173-4e5d-81d2-5cd2c3c6e19c,82.7,79.5,93.4,76.4,"[""Practice Data Structures on LeetCode"", ""Complete AWS Cloud Certification""]"
ad874ae9-15e6-4c2f-82a2-913deb49e93c,2827d682-37df-4ce1-bbf3-9a60813adb16,78.6,80.4,72.8,81.9,"[""Practice Data Structures on LeetCode"", ""Complete AWS Cloud Certification""]"
8fe75245-ddf6-4691-8ac9-5bcb5bf8ae93,0271955f-73e9-486c-aa69-22c6b30e7255,68.2,67.2,65.0,72.8,"[""Practice Data Structures on LeetCode"", ""Complete AWS Cloud Certification""]"
6bfab36e-d6c9-4367-b63c-5f91942c6c38,9ffc5036-e640-4c0d-8ea4-34c012166d44,73.7,68.2,77.3,77.5,"[""Practice Data Structures on LeetCode"", ""Complete AWS Cloud Certification""]"
bfd069b7-773e-48c5-8470-8ec375dc557c,97b50ebe-91e6-4fb0-a91c-135abc8331ca,70.1,73.6,64.1,71.4,"[""Practice Data Structures on LeetCode"", ""Complete AWS Cloud Certification""]"
eb55e8b4-744c-47b6-9ac7-04b0f9e8c7ae,ad1c08a6-3a5d-4402-9394-1c067df9d095,63.2,68.3,57.3,62.2,"[""Practice Data Structures on LeetCode"", ""Complete AWS Cloud Certification""]"
1349f263-575e-4b74-8d72-5b558030df3a,a44b713b-5de1-44ef-9d5f-dafe07c64fde,81.1,82.7,84.9,75.2,"[""Practice Data Structures on LeetCode"", ""Complete AWS Cloud Certification""]"
75ac9327-7ab5-4a49-9411-18beaff97593,6b1dadad-96c2-49f5-84a4-8c090c6ca578,46.9,45.9,46.3,48.8,"[""Practice Data Structures on LeetCode"", ""Complete AWS Cloud Certification""]"
ca51272a-c8cd-4055-a528-604995aef1cc,5a180a68-54be-4b6c-af4b-9c4072b7383b,58.9,60.7,50.0,65.4,"[""Practice Data Structures on LeetCode"", ""Complete AWS Cloud Certification""]"
82c8f5b9-9707-4d5e-a38a-74addd1403c2,979c5139-8e28-4f80-9db7-faa090cfc4b7,60.5,50.5,74.6,59.7,"[""Practice Data Structures on LeetCode"", ""Complete AWS Cloud Certification""]"
97c8fe6a-6438-412b-ac30-2444ff961100,9e562acb-851d-41d2-9875-9842ea42fe88,81.7,74.0,85.5,88.1,"[""Practice Data Structures on LeetCode"", ""Complete AWS Cloud Certification""]"
038ae187-793e-49df-b5cd-b195b12fe458,2bda3d37-e0f4-48cc-9cc7-ee93364d80e6,64.3,64.5,68.9,59.5,"[""Practice Data Structures on LeetCode"", ""Complete AWS Cloud Certification""]"
d682d9a8-2c19-471f-8f0a-c25de631ef50,b294feb3-9edd-4130-aa19-51ab3620f741,64.9,55.5,74.3,68.0,"[""Practice Data Structures on LeetCode"", ""Complete AWS Cloud Certification""]"
378e4be1-d931-4032-8002-e79d9317810c,dd718e4e-5783-46d7-993d-657fc25b4bc1,66.2,62.3,61.1,76.6,"[""Practice Data Structures on LeetCode"", ""Complete AWS Cloud Certification""]"
f66f2c65-4ce4-4e76-b7cc-30e9a16db84a,bfa9803f-ace8-45c0-8031-109c494be49f,74.4,78.5,74.4,68.8,"[""Practice Data Structures on LeetCode"", ""Complete AWS Cloud Certification""]"
caf6ee9f-ca6c-4416-9a77-502c8b5f8ead,baf154b5-2d4d-4c0a-b4fd-2b05d2feb16e,80.0,77.6,83.5,79.6,"[""Practice Data Structures on LeetCode"", ""Complete AWS Cloud Certification""]"
8e35282e-ffe0-4d37-b924-943d656a7457,e62b1509-924f-49ed-b148-ebe005f3b3d1,57.7,63.5,48.9,58.9,"[""Practice Data Structures on LeetCode"", ""Complete AWS Cloud Certification""]"
9923143c-4acb-4665-83fe-d942bde921d4,392519ab-fef0-4af9-b669-0366ff089c3b,50.5,57.0,50.4,42.0,"[""Practice Data Structures on LeetCode"", ""Complete AWS Cloud Certification""]"
0403d5d2-475e-471e-8882-33e7e1cb058b,967e9c59-a0a5-4c88-a46d-25b7fcdf0d4b,71.7,81.2,50.1,80.6,"[""Practice Data Structures on LeetCode"", ""Complete AWS Cloud Certification""]"
bc1539a4-b7f5-4154-9471-4d3f809077f2,3ff7a083-bbb8-4966-a9a1-1124f6072d27,42.7,41.2,58.1,29.3,"[""Practice Data Structures on LeetCode"", ""Complete AWS Cloud Certification""]"
b4050d22-50ee-4675-9477-0b83ae7713c3,ca37fdd3-d86c-4a59-be8b-20eb2ef37fca,61.3,57.0,66.6,61.6,"[""Practice Data Structures on LeetCode"", ""Complete AWS Cloud Certification""]"
482370c1-6eeb-46ae-b5a3-3299629302d9,53d735ae-0b66-4612-8de1-45b5b36f2c5a,55.3,58.5,59.9,46.4,"[""Practice Data Structures on LeetCode"", ""Complete AWS Cloud Certification""]"
fb05b137-05df-4028-9581-61e152fc2a56,facb6741-3b79-475c-8523-b8c4a0ed17d9,75.0,72.4,78.1,75.4,"[""Practice Data Structures on LeetCode"", ""Complete AWS Cloud Certification""]"
c4513a4e-5c58-4475-a222-af5d0dee720d,3a834626-4b2d-40ad-af64-391d6d26242d,74.4,81.7,60.4,78.6,"[""Practice Data Structures on LeetCode"", ""Complete AWS Cloud Certification""]"
f1a947e8-8034-4fcf-99c9-ed7b56d74fed,fe2ab766-c230-4fea-94cd-c699bfe2124d,53.5,56.9,47.2,55.1,"[""Practice Data Structures on LeetCode"", ""Complete AWS Cloud Certification""]"
d94fe91d-d5ea-42c0-bd40-b0f581bfed24,87176dc9-9357-4050-9eac-33089f76d613,83.6,83.9,85.4,81.3,"[""Practice Data Structures on LeetCode"", ""Complete AWS Cloud Certification""]"
1e405e74-7ac9-4d25-9dd7-e637b5e312da,9877e6b1-3dbd-4639-9554-23724ee2c71d,75.1,81.2,48.9,93.3,"[""Practice Data Structures on LeetCode"", ""Complete AWS Cloud Certification""]"
6726983d-f8df-4e18-bc7b-7625f8ddfd33,9467a5a0-7ccc-416c-8cae-944aed9f9320,87.9,93.7,85.4,82.5,"[""Practice Data Structures on LeetCode"", ""Complete AWS Cloud Certification""]"
e2385f8c-9516-47dd-a5cc-a99f7f5e2f11,62c44b4b-e9cc-4962-aa45-cdf98a4d9d4e,89.5,94.6,90.7,81.6,"[""Practice Data Structures on LeetCode"", ""Complete AWS Cloud Certification""]"
11a37e67-b660-47e9-9442-cb701e9249e3,ae58e1a2-83a2-4a00-b180-ebf074387d60,66.1,71.1,52.5,73.1,"[""Practice Data Structures on LeetCode"", ""Complete AWS Cloud Certification""]"
677c1ea2-0589-4c08-8546-4bb12d40a405,a7e54863-172b-49ba-b337-e831cb190afc,76.9,83.0,58.2,87.6,"[""Practice Data Structures on LeetCode"", ""Complete AWS Cloud Certification""]"
b1c93e29-1dde-4b9b-a56a-216b9616bb6f,2e581dd5-2c58-4883-b47d-a38757a9ae2c,67.0,55.2,88.9,60.9,"[""Practice Data Structures on LeetCode"", ""Complete AWS Cloud Certification""]"
542a643f-30e5-41dd-a008-4b382f39cd7f,19e7e30a-9014-48e2-97a8-a82136a65209,70.0,67.7,69.6,73.6,"[""Practice Data Structures on LeetCode"", ""Complete AWS Cloud Certification""]"
1e4d820b-ca1f-46ec-bcb1-3b1ef08f27f8,148f981d-05e3-45d6-a6a5-884a8ec8b09f,75.5,77.8,65.8,82.2,"[""Practice Data Structures on LeetCode"", ""Complete AWS Cloud Certification""]"
2e92f056-2159-41e8-a249-e20745e77ee3,6084b88e-7a2a-41e6-9c65-b0272b99019d,71.1,75.6,70.8,65.4,"[""Practice Data Structures on LeetCode"", ""Complete AWS Cloud Certification""]"
874dbe0f-1c72-4b96-bbdc-52c01fc4ce22,108be8c2-c46c-4508-8eee-90d4ecbb7007,63.2,71.7,47.5,67.5,"[""Practice Data Structures on LeetCode"", ""Complete AWS Cloud Certification""]"
3a00dde4-493a-4181-aa8a-c754ddad36ed,67319a27-1f17-45dd-9c7b-047d2b7b4bd5,55.6,51.6,74.7,41.9,"[""Practice Data Structures on LeetCode"", ""Complete AWS Cloud Certification""]"
040a264a-cc94-4ebf-9243-3458f4746022,5a29a8d1-4006-4a46-a1cd-46c3bce70e8d,71.2,78.5,64.3,68.4,"[""Practice Data Structures on LeetCode"", ""Complete AWS Cloud Certification""]"
f451e683-6f55-4295-82ab-7f7fd2e68f8e,891d3a1b-102f-4954-b3c7-bd714661e911,76.3,74.5,77.4,77.5,"[""Practice Data Structures on LeetCode"", ""Complete AWS Cloud Certification""]"
d67a1ff8-0054-4ae9-b646-183afd204052,ce7c0672-b2c4-47ee-a04c-b9c605806d05,77.7,74.0,87.6,72.8,"[""Practice Data Structures on LeetCode"", ""Complete AWS Cloud Certification""]"
099e815d-c1bf-4f0b-b2b7-81d34a6dea94,1f111f32-6dea-4fb2-8266-3afcc57e1bda,69.7,70.3,74.7,63.8,"[""Practice Data Structures on LeetCode"", ""Complete AWS Cloud Certification""]"
8e692020-bed4-4e05-bdbf-8a0fff34abaa,74abd212-9d4f-46c8-be47-9e8f5727300d,77.2,68.7,92.6,73.2,"[""Practice Data Structures on LeetCode"", ""Complete AWS Cloud Certification""]"
523c0e33-71a2-47ad-9316-fdf5be7e2f9e,02eb3988-d904-491b-a8f0-624840cdfd5b,88.8,90.1,79.0,96.7,"[""Practice Data Structures on LeetCode"", ""Complete AWS Cloud Certification""]"
8d4b37b4-71b1-4872-9839-6cb06c22c2a4,5c7d2b4f-8d36-4f85-bc52-905eb86c5725,67.9,72.5,56.1,73.5,"[""Practice Data Structures on LeetCode"", ""Complete AWS Cloud Certification""]"
8ce33d9b-78a4-4778-b4c6-87f88236711b,183ec393-673a-4381-a789-805b44ed63d0,65.5,74.6,51.4,67.4,"[""Practice Data Structures on LeetCode"", ""Complete AWS Cloud Certification""]"
f770c9ea-a81c-40fe-9c40-c987a4c242a2,2a74a1f7-4817-49e3-aa83-fe858c9309e7,74.7,70.1,89.3,66.3,"[""Practice Data Structures on LeetCode"", ""Complete AWS Cloud Certification""]"
456b3b47-3651-453d-b637-584eac86c1ef,40a61690-bf42-4f59-b592-9457a1d8c464,63.2,55.6,70.0,66.6,"[""Practice Data Structures on LeetCode"", ""Complete AWS Cloud Certification""]"
30b72262-cb3a-4bcf-92ad-35217bac9468,4a9797d1-c415-4454-a869-91ae222216c6,76.9,71.6,80.8,80.0,"[""Practice Data Structures on LeetCode"", ""Complete AWS Cloud Certification""]"
f0730852-cb11-411c-8894-af5f3892db1c,ff722687-67d6-48c9-9bc2-b0310632a222,70.8,74.8,53.4,82.7,"[""Practice Data Structures on LeetCode"", ""Complete AWS Cloud Certification""]"
0b247125-489a-4f0a-8068-03244de2d633,f30d26fc-0427-4381-98e0-0e50c28045fb,53.5,60.2,46.9,51.2,"[""Practice Data Structures on LeetCode"", ""Complete AWS Cloud Certification""]"
ecd38e1f-d3ba-4844-ae45-a771bd29dc15,5f40dab2-cc69-49e5-b14c-2f5b4034448f,71.1,65.9,88.8,60.3,"[""Practice Data Structures on LeetCode"", ""Complete AWS Cloud Certification""]"
6e4589fd-ba8e-4b5e-8c9f-f77d91ef96d1,7298b618-497f-42ee-9e4d-78d5ac898fa2,80.8,85.4,74.8,80.5,"[""Practice Data Structures on LeetCode"", ""Complete AWS Cloud Certification""]"
735f8efe-1125-43d9-9b3d-60ed7af29ede,3afa5079-75dc-467c-9d00-4ffc5a3d10aa,63.2,60.2,81.4,49.1,"[""Practice Data Structures on LeetCode"", ""Complete AWS Cloud Certification""]"
ab7b82c4-994a-4867-9691-8d3c658694b2,b1a50bdf-1d4f-4ed0-9195-752c75f7fff5,82.0,80.6,77.0,88.7,"[""Practice Data Structures on LeetCode"", ""Complete AWS Cloud Certification""]"
b175de3a-c4a8-472e-ae23-d58ce682bb4f,67c69404-4b2a-40a7-b081-d7b9858c2021,64.4,65.4,65.8,61.8,"[""Practice Data Structures on LeetCode"", ""Complete AWS Cloud Certification""]"
e9f0fb7a-3d08-4272-b974-067f26a6d8ef,f0b5b045-aa4c-4d6f-a659-650cbaaecb75,69.0,68.1,78.1,61.2,"[""Practice Data Structures on LeetCode"", ""Complete AWS Cloud Certification""]"
de18e081-40b7-431a-ad5d-901551492266,819fbb44-a47d-4268-b4fe-07a08755c05e,76.0,68.4,83.9,78.3,"[""Practice Data Structures on LeetCode"", ""Complete AWS Cloud Certification""]"
2d86b97c-9955-4368-925c-e7b6307a3fb1,884f29c5-f10f-4219-a7b2-a143e98d99c0,75.6,81.8,69.0,73.8,"[""Practice Data Structures on LeetCode"", ""Complete AWS Cloud Certification""]"
2ee827c3-f33e-4037-9de4-c61fbe33ec40,800dadeb-a4b5-4ab3-91c8-1725ae3fdb6b,71.2,83.4,50.1,76.1,"[""Practice Data Structures on LeetCode"", ""Complete AWS Cloud Certification""]"
4de64a29-e3d6-4d65-abf5-91ac77128ea7,e61fd452-72da-45f6-b3e1-ffdfc86b08a4,77.7,82.0,60.6,89.2,"[""Practice Data Structures on LeetCode"", ""Complete AWS Cloud Certification""]"
a62219da-1f66-402c-9c9f-e39b68e20395,e8843073-606d-40d5-a309-f67a825c73a5,69.7,74.3,49.6,83.7,"[""Practice Data Structures on LeetCode"", ""Complete AWS Cloud Certification""]"
76d1dbc6-bdca-4e5b-bc6b-daf5a363168b,817de8c1-c5e2-40fa-9561-2c6f470343ac,85.5,85.1,77.4,94.0,"[""Practice Data Structures on LeetCode"", ""Complete AWS Cloud Certification""]"
34c4d1f1-5f9b-4a74-a3b5-d049acf7d129,e9bd7e45-5a3b-460b-b29f-8bc8225ce18f,90.9,92.5,84.0,95.8,"[""Practice Data Structures on LeetCode"", ""Complete AWS Cloud Certification""]"
44369bd4-4d3b-4e90-a257-cfb8cc12dd6f,53efafe3-7bf0-4171-b368-f5ffdd3a0e13,62.1,66.2,58.1,60.6,"[""Practice Data Structures on LeetCode"", ""Complete AWS Cloud Certification""]"
b3a2b3a3-3bd5-4f63-ae3b-24160c4be38f,6be14b8c-0196-4b0b-9d4b-004b38ebc617,79.0,90.3,57.4,85.7,"[""Practice Data Structures on LeetCode"", ""Complete AWS Cloud Certification""]"
13338d1a-30dc-46be-b868-405c6acc8a03,f28b955e-3429-4554-805f-6ae433c26064,75.6,80.9,52.8,91.4,"[""Practice Data Structures on LeetCode"", ""Complete AWS Cloud Certification""]"
fad68799-60ff-45bd-b006-3e8a4044c1d0,607f8e96-b735-4676-bc7f-035b2e782ee7,68.8,66.5,77.2,63.6,"[""Practice Data Structures on LeetCode"", ""Complete AWS Cloud Certification""]"
9fc67d28-5fb2-4e0c-bedd-097e0d8b31dd,916ca084-1eb5-4387-ba35-a130d7dac3b2,66.4,73.1,50.9,73.0,"[""Practice Data Structures on LeetCode"", ""Complete AWS Cloud Certification""]"
125afc1c-eedb-4e38-9809-aab1a25593c8,82cb0222-b361-4899-91c6-f06468d0edff,70.3,79.1,63.2,65.7,"[""Practice Data Structures on LeetCode"", ""Complete AWS Cloud Certification""]"
4f3921af-a83d-4bd6-ba12-7af08786ffd9,b27fbe5b-04b5-442d-b4e6-5f8118d5c9d3,60.9,60.0,77.9,45.1,"[""Practice Data Structures on LeetCode"", ""Complete AWS Cloud Certification""]"
135fd20d-43e1-4278-9f44-332e2a4df839,594c23e8-2de2-45bd-a891-64a7936fee4d,69.7,62.1,80.8,68.7,"[""Practice Data Structures on LeetCode"", ""Complete AWS Cloud Certification""]"
6c036a27-6c22-4ce8-8cbe-426836c86889,605f6266-3e4b-4fec-ac48-71e7254a94f3,82.8,79.5,84.1,86.0,"[""Practice Data Structures on LeetCode"", ""Complete AWS Cloud Certification""]"
35cd6e70-d94b-4d0f-8994-672f473d544d,ddc1ce58-cacc-42f1-882c-389ba58f04cb,69.0,72.6,47.4,85.7,"[""Practice Data Structures on LeetCode"", ""Complete AWS Cloud Certification""]"
ac05c714-238e-4692-9c06-9251a37db8d4,ee45dbd4-2452-406f-8796-863b951161cc,72.3,69.6,64.2,84.0,"[""Practice Data Structures on LeetCode"", ""Complete AWS Cloud Certification""]"
2b71361b-54cd-46be-a0ce-59eeac09c449,24c51da0-2db2-404b-98fd-cb2f3f81025f,91.3,93.3,80.0,100.0,"[""Practice Data Structures on LeetCode"", ""Complete AWS Cloud Certification""]"
b41b08eb-57bb-462d-a941-99ad17a3d0bf,9f894961-776e-479d-84be-0e3d363df6a6,61.6,58.0,76.2,51.7,"[""Practice Data Structures on LeetCode"", ""Complete AWS Cloud Certification""]"
1c185425-a73c-4c7d-aa10-57d6aab23008,c8004dfb-cc97-43b7-a424-323e26ee3428,76.6,67.2,92.1,73.5,"[""Practice Data Structures on LeetCode"", ""Complete AWS Cloud Certification""]"
23f3cca3-e3e6-46a9-8c0f-b0f66e58f04f,d6eb4a19-e11a-4f40-8b56-3cd47d28b15e,68.5,71.1,55.0,78.6,"[""Practice Data Structures on LeetCode"", ""Complete AWS Cloud Certification""]"
e112b002-bf8f-4ea7-bd4d-14b49517c37c,ae34df1d-486b-46c6-8cd7-a3b2834ecc3d,76.1,84.7,46.6,94.1,"[""Practice Data Structures on LeetCode"", ""Complete AWS Cloud Certification""]"
c790f250-6f81-4758-9c66-9198b66309e2,5f59f791-a34e-4457-af51-b0662d210849,78.2,78.2,64.4,91.9,"[""Practice Data Structures on LeetCode"", ""Complete AWS Cloud Certification""]"
4155069e-3a7e-4352-a96b-8069b4287a1e,43c92216-852b-48eb-bf52-a9eb0dc34636,72.7,69.0,94.2,56.2,"[""Practice Data Structures on LeetCode"", ""Complete AWS Cloud Certification""]"
a71ea23b-bc06-45dd-a93e-675a13070be9,705321fa-cf66-440a-b638-e21a7561a2da,58.1,54.3,74.2,47.0,"[""Practice Data Structures on LeetCode"", ""Complete AWS Cloud Certification""]"
59632b20-dc2b-40dd-8e1c-39fc19fc7af4,f4117b48-c67c-4811-b11a-54f6915e8a0c,73.8,75.8,73.6,71.5,"[""Practice Data Structures on LeetCode"", ""Complete AWS Cloud Certification""]"
1a371e5c-fbe0-4ad8-b718-a334d3bf5796,55697575-391b-42dd-9dc0-dcb8731eca1e,77.4,84.5,65.2,80.0,"[""Practice Data Structures on LeetCode"", ""Complete AWS Cloud Certification""]"
21578902-f9c9-4821-89c6-2ffbcf20743b,c923181a-e3bd-47c1-98a3-c804899de2f4,82.8,75.1,86.2,89.5,"[""Practice Data Structures on LeetCode"", ""Complete AWS Cloud Certification""]"
8f9c7290-0ec8-4f69-9c2f-096f8732c48c,525bfd9d-a612-44ee-8e81-ef48eabb894d,77.2,79.0,64.1,87.9,"[""Practice Data Structures on LeetCode"", ""Complete AWS Cloud Certification""]"
d1896595-2fb7-4e41-8bdc-afbebaec2c0f,525e3275-5d08-4f97-bfa4-e5e1fe2d2e31,79.9,84.2,70.4,83.8,"[""Practice Data Structures on LeetCode"", ""Complete AWS Cloud Certification""]"
ec44871c-0720-47cf-ba62-b18d6ee02557,269f24b3-58ce-47dd-8a6b-7b68527d99f2,49.9,34.1,78.5,42.3,"[""Practice Data Structures on LeetCode"", ""Complete AWS Cloud Certification""]"
9488c055-f20c-4eae-b9e9-c519b164b036,6c92b071-a3aa-401f-84fa-f2275669aeb2,51.9,53.1,61.6,40.7,"[""Practice Data Structures on LeetCode"", ""Complete AWS Cloud Certification""]"
72129438-0028-46cd-9658-c1e51d9bca1d,0cd7a5d4-b989-4bec-af27-d0f1e33026e1,69.5,76.5,64.5,65.0,"[""Practice Data Structures on LeetCode"", ""Complete AWS Cloud Certification""]"
0ad900c0-bad7-481b-92e4-5acc3109bfe7,3b3fdffb-6af2-46f9-88b1-6e99ab653022,73.2,79.4,50.3,88.0,"[""Practice Data Structures on LeetCode"", ""Complete AWS Cloud Certification""]"
bbd58317-424d-46bf-846e-2847559d316a,c7a8bfb1-88e2-49cf-ad80-6794c2eea035,55.0,57.8,51.8,54.5,"[""Practice Data Structures on LeetCode"", ""Complete AWS Cloud Certification""]"
72d43b72-368e-4c36-bdf8-85f379a81e6c,96d09d25-1c92-457e-9c46-159b94f29993,60.7,60.3,72.8,49.0,"[""Practice Data Structures on LeetCode"", ""Complete AWS Cloud Certification""]"
58399308-a133-4072-8329-0d818469c093,88219d4a-a97b-4b75-9e38-4c94f25cd48b,66.8,62.2,77.3,62.6,"[""Practice Data Structures on LeetCode"", ""Complete AWS Cloud Certification""]"
961a21d6-ec0a-4978-81b7-1c21c34af3ae,4c6a4e54-667f-484b-a22d-b627e1343b1c,87.8,79.8,91.6,94.6,"[""Practice Data Structures on LeetCode"", ""Complete AWS Cloud Certification""]"
5e57b907-34ca-4f5a-bf7b-7b7478b6cc95,891cecd9-d673-4fe3-a79d-cafcf3664cb1,71.0,73.8,69.4,68.7,"[""Practice Data Structures on LeetCode"", ""Complete AWS Cloud Certification""]"
e1301b22-39a6-4eaa-a30b-51bf120ae2f2,b3239f25-5c50-49dc-b7c0-fd98ab5456bf,68.2,69.1,61.4,73.9,"[""Practice Data Structures on LeetCode"", ""Complete AWS Cloud Certification""]"
8e4af44b-e323-4d7a-8458-a09982681adb,f2953372-100a-4fc5-9f90-f6d0ea7baafb,80.9,76.7,84.3,83.1,"[""Practice Data Structures on LeetCode"", ""Complete AWS Cloud Certification""]"
ac8ebc15-a002-47ae-ab9a-2f9d1b0f46e6,2afc55a1-b797-47a7-8760-f16f2be416b2,73.5,80.5,53.8,83.7,"[""Practice Data Structures on LeetCode"", ""Complete AWS Cloud Certification""]"
bb1d2dd9-5d42-475f-9561-57bba326ff15,08e26bb3-bc5f-4891-91a5-2d9256fe731a,55.7,59.8,45.9,60.0,"[""Practice Data Structures on LeetCode"", ""Complete AWS Cloud Certification""]"
fcffd2c0-9028-4991-a12b-bc52c717b30f,7c75b225-ecc7-4ec6-9fb5-7cee1f85a4dd,73.8,66.5,89.7,67.7,"[""Practice Data Structures on LeetCode"", ""Complete AWS Cloud Certification""]"
657da694-d408-4429-876e-a2970fa38b80,b338f939-8a03-4bd6-8c8c-27ea38e89352,71.2,72.8,70.5,69.7,"[""Practice Data Structures on LeetCode"", ""Complete AWS Cloud Certification""]"
8a24ce08-0e6e-450d-8a53-2b3c668ebe21,afe421ff-0f62-4795-a9f6-59b87902f084,75.7,71.9,73.3,83.1,"[""Practice Data Structures on LeetCode"", ""Complete AWS Cloud Certification""]"
10c2bc2a-908d-4de0-ac16-168acfe13754,0965f80f-e71d-4c0c-82cb-37541a8fa081,77.6,84.3,56.7,89.4,"[""Practice Data Structures on LeetCode"", ""Complete AWS Cloud Certification""]"
70ca1d11-ff31-4b55-a4a8-3fdc148016b7,f350ea56-aef4-46f6-94ab-ce5a6df2bcaa,87.2,82.9,93.4,86.9,"[""Practice Data Structures on LeetCode"", ""Complete AWS Cloud Certification""]"
356fef74-9bb1-40dd-b49e-a376c8362d07,f4b491b5-7367-42de-957d-29c4f7698afc,65.8,57.4,93.6,49.1,"[""Practice Data Structures on LeetCode"", ""Complete AWS Cloud Certification""]"
9011164c-ca13-45e8-ba7e-ebf33c512752,41e1c0f7-00cd-434f-b6b7-c3dfda299dec,76.6,84.2,67.0,76.1,"[""Practice Data Structures on LeetCode"", ""Complete AWS Cloud Certification""]"
211cb344-54f2-4dd9-b059-9fa79e052c92,ffc9265c-ba26-4313-a79d-14992924e0dc,75.6,82.1,65.7,77.0,"[""Practice Data Structures on LeetCode"", ""Complete AWS Cloud Certification""]"
e156ca46-149e-497d-bddb-89197357029a,b987ea7d-3d78-4edc-b927-48e1f021182d,58.5,62.4,47.2,64.6,"[""Practice Data Structures on LeetCode"", ""Complete AWS Cloud Certification""]"
21d30e44-a0d6-43d7-b91d-8456a2dfefed,cc90fb96-7463-4d10-bc28-6b09b8723b95,79.0,83.7,70.8,80.9,"[""Practice Data Structures on LeetCode"", ""Complete AWS Cloud Certification""]"
75c95ece-5992-4241-a08a-6391b579e9e1,5ce13428-091e-40df-9206-b680c38f7a6f,67.0,72.2,65.5,61.5,"[""Practice Data Structures on LeetCode"", ""Complete AWS Cloud Certification""]"
78c774a7-623a-4f80-9179-81f4c3bedd2c,36910642-f09b-4218-b99b-4979269fed62,70.0,80.8,48.4,77.1,"[""Practice Data Structures on LeetCode"", ""Complete AWS Cloud Certification""]"
e894ee20-ce40-47c7-82e5-8940becad92f,785d959e-1fcb-4e0b-80ac-961a576e2de7,56.2,52.1,75.3,42.4,"[""Practice Data Structures on LeetCode"", ""Complete AWS Cloud Certification""]"
c16c089f-1424-4160-ae65-e85fd9585e4c,c1aa5d90-bb65-4ca3-9dce-d9b2f185bb1a,87.6,91.8,79.9,89.7,"[""Practice Data Structures on LeetCode"", ""Complete AWS Cloud Certification""]"
d4cd3602-f90b-4a40-aa87-6d06c8bd276d,b8bab9af-cec0-4a8b-85fc-d98b5443a947,65.1,70.7,49.2,73.6,"[""Practice Data Structures on LeetCode"", ""Complete AWS Cloud Certification""]"
e516f77f-923c-4dd4-8148-d82777df1237,6585b4ba-0efa-4103-b2fa-7f62774055bc,82.9,89.6,71.0,85.9,"[""Practice Data Structures on LeetCode"", ""Complete AWS Cloud Certification""]"
f7a12d8a-52b0-4878-ba98-a0635fa948aa,ad04154a-c106-4cf2-a684-45f47fe77998,69.8,73.1,66.2,69.1,"[""Practice Data Structures on LeetCode"", ""Complete AWS Cloud Certification""]"
13e2703e-44e8-4416-95a1-736728061c1c,7e1c7acb-1e20-44c4-ab78-3b91209ab38c,55.0,50.6,72.7,43.2,"[""Practice Data Structures on LeetCode"", ""Complete AWS Cloud Certification""]"
13831d46-17c8-4135-892f-2852dc96d3b2,5c907dfe-123e-4053-824b-ed3ad306b3aa,76.6,79.5,80.0,69.4,"[""Practice Data Structures on LeetCode"", ""Complete AWS Cloud Certification""]"
f4809319-84de-40b0-9869-e89bcabd23d8,cf19dc5f-51b9-42eb-af79-69c2aa5ee4aa,82.3,94.5,66.8,81.4,"[""Practice Data Structures on LeetCode"", ""Complete AWS Cloud Certification""]"
cd926f06-76d5-47bf-90c3-cfee4cb508f0,286568cd-4515-4b98-992b-00e46c8c836c,69.5,56.3,87.5,69.2,"[""Practice Data Structures on LeetCode"", ""Complete AWS Cloud Certification""]"
b1c5cc69-1c7a-4d1b-8841-b038de2d5f9c,74a9e869-de7e-4294-a9db-43bf84ddaf50,66.8,60.6,93.8,48.2,"[""Practice Data Structures on LeetCode"", ""Complete AWS Cloud Certification""]"
d397096c-0840-415e-be4d-8b3609877e8f,9e293433-408a-418e-8ff2-806f73d0e249,67.6,54.2,86.5,66.7,"[""Practice Data Structures on LeetCode"", ""Complete AWS Cloud Certification""]"
f664c407-f35d-4355-9d8b-611ef05638b6,0d2ffbc3-8e68-4da1-9dc2-c2fbcdc30044,62.7,65.9,58.1,63.1,"[""Practice Data Structures on LeetCode"", ""Complete AWS Cloud Certification""]"
f410280a-9145-4f31-9c5e-140d473a8a34,eb76e531-fa90-469e-807c-bc232e0a73a0,79.8,70.9,89.8,81.8,"[""Practice Data Structures on LeetCode"", ""Complete AWS Cloud Certification""]"
e31cbf3d-255f-4996-a034-689e73a8fb6c,4e4c8b4b-d8d8-4340-a928-ed77716572f8,61.3,61.4,65.6,57.0,"[""Practice Data Structures on LeetCode"", ""Complete AWS Cloud Certification""]"
6f588af3-2d0b-42ae-9242-514292129be1,09ab8c69-e158-497e-b0f1-18edb7e33844,62.6,68.7,53.9,63.1,"[""Practice Data Structures on LeetCode"", ""Complete AWS Cloud Certification""]"
08e09505-8d7c-4156-a1a2-fd91c277deff,4631783f-6689-4100-8df2-5ebc7dea0217,79.2,86.6,55.0,93.7,"[""Practice Data Structures on LeetCode"", ""Complete AWS Cloud Certification""]"
6cb945d5-8d41-41fc-a0e2-a11d14f46d59,f019617f-cd5c-4e91-bca2-900a999cc88d,72.3,86.9,51.0,74.3,"[""Practice Data Structures on LeetCode"", ""Complete AWS Cloud Certification""]"
151c4268-1048-4730-8268-77446337770f,4981a16c-f0a6-4d1f-af86-19b8271119fb,86.6,84.6,89.0,86.8,"[""Practice Data Structures on LeetCode"", ""Complete AWS Cloud Certification""]"
d495c28e-8987-4f1c-9acc-d473639401af,428ad8d8-9eb4-4e7a-9169-46af2d2a89a1,62.7,55.6,66.2,68.8,"[""Practice Data Structures on LeetCode"", ""Complete AWS Cloud Certification""]"
1ccd7188-ee3f-48f7-869e-bc51c7c42a09,1f2799e2-b7a3-43e0-96af-278ded92706b,70.6,79.2,45.4,84.4,"[""Practice Data Structures on LeetCode"", ""Complete AWS Cloud Certification""]"
59500c75-175a-4744-a9d0-ca64fa863a74,7b8cc207-4ff5-463d-8845-5150e15188ed,73.8,82.9,62.2,73.4,"[""Practice Data Structures on LeetCode"", ""Complete AWS Cloud Certification""]"
697ef602-9b98-411c-8dbf-5fd6a2b91663,28b93a89-7cb4-403e-a8ce-0d9bbd87f691,74.8,64.1,94.0,69.7,"[""Practice Data Structures on LeetCode"", ""Complete AWS Cloud Certification""]"
0148e804-8a8d-49b8-a6a2-7eb53d243d27,b9fcac30-d6a3-4ac4-95a0-b316aff02fca,63.0,55.2,81.9,54.4,"[""Practice Data Structures on LeetCode"", ""Complete AWS Cloud Certification""]"
0fdbe82d-0321-408d-89e0-6be528ae4999,6f2b827b-863f-491b-9acc-19c18d37bd84,69.2,70.4,79.5,57.2,"[""Practice Data Structures on LeetCode"", ""Complete AWS Cloud Certification""]"
ff1179c1-d02b-424e-8c02-e282eab67a18,6199ebe3-3b36-44b0-9c6c-c47dfc918741,65.2,66.9,65.6,62.4,"[""Practice Data Structures on LeetCode"", ""Complete AWS Cloud Certification""]"
468fc1eb-cb06-4d15-8fd5-3124d0b2dbc1,060c54fb-3acf-4454-819a-df7b0a864180,75.9,85.0,67.3,72.4,"[""Practice Data Structures on LeetCode"", ""Complete AWS Cloud Certification""]"
64d90141-253c-442b-a1c6-8b00df80704f,221669e9-e71e-4825-af5b-d1b515e49a44,77.7,79.8,75.6,76.9,"[""Practice Data Structures on LeetCode"", ""Complete AWS Cloud Certification""]"
16b58663-9602-4349-8fbb-69726bcb5e89,597ff28d-ef88-446d-b634-40115022cddb,69.0,65.9,64.8,77.5,"[""Practice Data Structures on LeetCode"", ""Complete AWS Cloud Certification""]"
eb3749da-f4a5-4659-874e-e97f8c91c39a,8108ad82-fc9d-4eaf-a493-ad6aa34730ef,75.4,68.6,78.1,81.8,"[""Practice Data Structures on LeetCode"", ""Complete AWS Cloud Certification""]"
9bdc9a8e-8d82-41e9-88a2-b54fe14e90d7,3d9eab84-39bd-4398-924e-d4bde31ceafa,64.7,73.9,46.3,70.8,"[""Practice Data Structures on LeetCode"", ""Complete AWS Cloud Certification""]"
56ca6dbf-01d2-441b-866b-fda96080d6a6,4190d31a-0ed0-4f22-8498-cf43b734c782,67.0,61.4,81.9,59.7,"[""Practice Data Structures on LeetCode"", ""Complete AWS Cloud Certification""]"
d299e614-cc84-412c-ae96-b1fd96dba1a6,43a6e46f-f294-4f23-89b9-dd31fb580802,87.0,96.3,72.0,89.5,"[""Practice Data Structures on LeetCode"", ""Complete AWS Cloud Certification""]"
e1d24ebd-fefd-4b61-bc6c-d60608151ad1,ed2feb61-97ae-4b20-b7be-e01ed50f1ba8,65.7,67.8,69.1,59.6,"[""Practice Data Structures on LeetCode"", ""Complete AWS Cloud Certification""]"
73290ff6-3b3b-42d2-bc34-5e38425ed75f,eceb6c9e-a83a-48ef-b4bd-54249990d7ad,67.2,65.2,82.9,54.3,"[""Practice Data Structures on LeetCode"", ""Complete AWS Cloud Certification""]"
2416b0c5-029a-48fb-907c-da9af1591c32,47f0954e-0841-4647-a4b4-a4d0147ce704,70.6,61.3,83.3,70.2,"[""Practice Data Structures on LeetCode"", ""Complete AWS Cloud Certification""]"
6bfbb2af-a93c-423b-a057-d116a5de589b,9c79d479-580b-46c7-83d4-663448d73a61,59.4,51.1,81.9,47.8,"[""Practice Data Structures on LeetCode"", ""Complete AWS Cloud Certification""]"
c216b3ce-b79a-4872-a495-5952b93f2760,7cdbec41-40fc-45b1-baa0-866168310536,68.4,58.6,82.1,67.9,"[""Practice Data Structures on LeetCode"", ""Complete AWS Cloud Certification""]"
f92325a9-7b96-4c33-8d03-db92ca334478,d00062e1-e7e7-46ba-b3a5-f49d715c3572,73.8,77.9,69.6,72.5,"[""Practice Data Structures on LeetCode"", ""Complete AWS Cloud Certification""]"
bd47713f-45e2-45d1-a6de-469ee1601e23,695b2bea-7c3e-49c5-8fb2-aa5b5c80247b,75.7,76.7,81.4,68.7,"[""Practice Data Structures on LeetCode"", ""Complete AWS Cloud Certification""]"
7e8083b9-0f7b-4fed-9808-d4ead46f07b8,7e56aac0-31c2-4f6d-98f5-df7a51a7ad31,75.4,74.8,68.2,83.5,"[""Practice Data Structures on LeetCode"", ""Complete AWS Cloud Certification""]"
fcf15a65-3c43-42d2-b644-29a926be6e30,b40e55ae-7bb5-450d-aaa5-155e291d0046,68.7,62.8,89.8,55.3,"[""Practice Data Structures on LeetCode"", ""Complete AWS Cloud Certification""]"
ae6e3f13-929c-465f-bf19-b9b4b71485d8,c2343790-a522-4aa3-bd65-e16ef8cc7f5f,49.7,41.1,81.8,28.9,"[""Practice Data Structures on LeetCode"", ""Complete AWS Cloud Certification""]"
e4754eac-f153-4cbc-857f-1b5805eabaf0,be5c5254-c344-47af-9476-90e52b9968ac,75.3,81.4,72.5,70.1,"[""Practice Data Structures on LeetCode"", ""Complete AWS Cloud Certification""]"
07587a15-21c5-4177-a015-fb9ff29d8c23,823d85ef-1672-4f4f-8b06-059d1129579a,70.6,77.4,56.8,75.4,"[""Practice Data Structures on LeetCode"", ""Complete AWS Cloud Certification""]"
081b3c05-ca72-428d-b15e-040bcebee0bd,96958bf5-8838-42cd-9d27-5ff54cef8c52,71.2,65.2,79.5,70.9,"[""Practice Data Structures on LeetCode"", ""Complete AWS Cloud Certification""]"
77fa12fa-bac3-4e05-b5c8-73c3bd441a66,717519f0-ce96-410a-823f-161441386981,86.8,81.7,94.8,85.5,"[""Practice Data Structures on LeetCode"", ""Complete AWS Cloud Certification""]"
62ef2bb7-c16d-4e8c-bd18-af5cab0d7d80,afcf1d14-9c64-4672-9bee-623065cbb370,74.8,82.2,66.9,73.0,"[""Practice Data Structures on LeetCode"", ""Complete AWS Cloud Certification""]"
06fb4d00-8c65-4974-a498-ce898515da96,c84b27f5-2627-47bc-ad67-c0b07b6ee16d,71.6,71.5,72.1,71.2,"[""Practice Data Structures on LeetCode"", ""Complete AWS Cloud Certification""]"
e0fb1dfc-d834-47e4-b067-c37fc11659e6,81af15f3-e8b5-4ec3-94e1-6e1245259a89,68.8,65.2,67.5,74.8,"[""Practice Data Structures on LeetCode"", ""Complete AWS Cloud Certification""]"
a2e58989-44b8-4059-bc8c-0e8a7c2c3cd1,3e46d505-2fd9-47ff-b13c-80a943f9d246,77.6,80.1,76.0,76.0,"[""Practice Data Structures on LeetCode"", ""Complete AWS Cloud Certification""]"
98555b52-05a6-428c-9e68-14b55d7a1edc,04444cb8-6261-4f67-b3ef-a349e7e1ef86,67.1,74.9,61.1,62.8,"[""Practice Data Structures on LeetCode"", ""Complete AWS Cloud Certification""]"
11784fdb-9230-4e23-8d65-18b2ce25552c,7b7d7936-b75a-4cbe-9593-943778684fb4,61.0,65.4,46.6,69.7,"[""Practice Data Structures on LeetCode"", ""Complete AWS Cloud Certification""]"
d03e2736-8642-42de-85b7-eb8e0504f491,165ecc8a-4ba5-4e3e-b055-05016d7328f0,76.5,68.3,91.1,73.0,"[""Practice Data Structures on LeetCode"", ""Complete AWS Cloud Certification""]"
8f5ad833-e2f8-4e6c-9672-174b355596f3,5a1ff57d-2c6f-414a-b722-c75ae5809c57,49.5,51.6,58.3,37.8,"[""Practice Data Structures on LeetCode"", ""Complete AWS Cloud Certification""]"
85981885-a4c2-49ab-a32e-cca7708b7897,9ae3f69a-3ffc-4e8f-bee1-79a1633f7fbf,73.5,70.8,77.8,72.9,"[""Practice Data Structures on LeetCode"", ""Complete AWS Cloud Certification""]"
3a7d3f6f-449e-4fc2-a4ba-22eff911f6d7,c5149802-6951-4f24-b992-76cf15931c2c,74.7,73.3,80.1,71.1,"[""Practice Data Structures on LeetCode"", ""Complete AWS Cloud Certification""]"
06492251-88e5-4ed2-8482-faddb878d90f,4f761a64-3631-4af4-a20d-f87e0df2b162,77.4,71.3,90.1,72.8,"[""Practice Data Structures on LeetCode"", ""Complete AWS Cloud Certification""]"
ca2c5f88-a667-4beb-91da-50423fc6693e,44a7dc56-b8e6-4972-8bf9-499074aa5ab6,70.1,64.2,91.3,56.8,"[""Practice Data Structures on LeetCode"", ""Complete AWS Cloud Certification""]"
c71b0736-3687-4137-a860-efee88ee3e11,deb6a728-497e-4877-a2b7-ded660d752c7,72.7,65.8,94.7,59.9,"[""Practice Data Structures on LeetCode"", ""Complete AWS Cloud Certification""]"
9c03ccf9-6e3d-45fa-be20-0406df369a58,3b50e299-3d7d-4930-b4cf-92592a695386,79.5,82.4,70.6,84.5,"[""Practice Data Structures on LeetCode"", ""Complete AWS Cloud Certification""]"
91b91722-818b-4ff9-a1d9-f9a2a2b59238,f66bf926-f023-47e5-be8f-6af1b1b20a83,67.9,70.4,60.0,72.5,"[""Practice Data Structures on LeetCode"", ""Complete AWS Cloud Certification""]"
9b06850d-514d-4e40-a8d9-60a39e541f5d,95438846-c71f-45a5-9cb4-bb54a1942ca0,71.9,74.1,60.0,81.0,"[""Practice Data Structures on LeetCode"", ""Complete AWS Cloud Certification""]"
c0299d13-3d93-4f0d-8793-2d2f0a31cefe,7b77acd6-1d98-4ea0-bab4-057c8cf1d6c2,79.3,87.9,51.0,96.0,"[""Practice Data Structures on LeetCode"", ""Complete AWS Cloud Certification""]"
bbb1d446-e927-4c89-a72c-93a597634401,7009dd67-2d82-4309-871c-9ee5d5471bba,60.9,60.1,61.0,62.0,"[""Practice Data Structures on LeetCode"", ""Complete AWS Cloud Certification""]"
1aad7c25-9235-4ed4-bfbe-63bd96299412,eb7d525d-e602-43a2-a132-5005c5eee06f,58.5,57.2,73.8,44.9,"[""Practice Data Structures on LeetCode"", ""Complete AWS Cloud Certification""]"
3085f5c2-3ed7-46da-94e3-9641cd1bdb2a,47bb0d63-3ea6-44f6-bd2f-27e62f89df7e,71.7,81.2,49.3,81.3,"[""Practice Data Structures on LeetCode"", ""Complete AWS Cloud Certification""]"
b0a51378-fff3-452f-9115-97c70a1539ea,8814767c-b94f-4d1a-9e55-0c22a2e226e6,73.5,64.0,94.9,64.7,"[""Practice Data Structures on LeetCode"", ""Complete AWS Cloud Certification""]"
19aded5e-d7df-4a3e-9904-25616e53d281,46f45d39-8968-42e4-97e4-490dbdf2178d,62.0,62.2,66.2,57.6,"[""Practice Data Structures on LeetCode"", ""Complete AWS Cloud Certification""]"
100f68d5-9c0f-4481-b603-6539921da4db,3e642d9f-9c9a-4dff-863d-35145e3720cd,75.4,73.6,67.0,86.3,"[""Practice Data Structures on LeetCode"", ""Complete AWS Cloud Certification""]"
080f353a-8f48-4b7f-be74-989b1f04d7c2,0ac4a5d8-ced1-42e6-889b-61b7901fda17,86.9,80.3,91.3,91.4,"[""Practice Data Structures on LeetCode"", ""Complete AWS Cloud Certification""]"
77d1886c-37ee-4a2a-b668-ccff9cc8cab9,2e8d9e93-4c1c-45ba-a0ba-1c4c3a9c8419,62.7,62.1,71.2,54.9,"[""Practice Data Structures on LeetCode"", ""Complete AWS Cloud Certification""]"
9a204c67-b364-453e-9ae0-59e3bfc1f250,ea142c35-3cec-4625-b65a-5b6aa4a7a9cb,45.1,47.7,48.0,38.7,"[""Practice Data Structures on LeetCode"", ""Complete AWS Cloud Certification""]"
a5d4281a-a6ef-4eef-8dfc-2c14d0886b18,c2572c78-b004-4558-ad44-e3da0b944e15,82.7,81.4,89.2,78.0,"[""Practice Data Structures on LeetCode"", ""Complete AWS Cloud Certification""]"
c8ab5d69-109e-448b-acc0-e57b93149e6d,c40becf1-91bf-4a2a-b34c-3d8bc29c80bb,62.8,49.0,93.3,50.8,"[""Practice Data Structures on LeetCode"", ""Complete AWS Cloud Certification""]"
508d8449-4012-4c04-9fa8-f4fc3ace0cdc,3c239fd4-5183-449c-afb8-e91214941486,63.0,61.5,62.6,65.3,"[""Practice Data Structures on LeetCode"", ""Complete AWS Cloud Certification""]"
2846b471-92f8-4acc-8bf4-44b2436f5aec,e48e6ce2-dd6c-4fe7-91a5-eba6b6bd31f7,61.2,46.9,89.9,51.6,"[""Practice Data Structures on LeetCode"", ""Complete AWS Cloud Certification""]"
779ccbb6-e8a6-48ae-a0ce-29dc6310afed,36f2379d-78de-4d65-877a-2b58d3bd9f74,56.3,56.4,51.6,61.0,"[""Practice Data Structures on LeetCode"", ""Complete AWS Cloud Certification""]"
84ebfb71-8984-4ced-8a16-86a3f62e8ade,34fc5131-35f5-473f-8560-d0b7f26793cc,76.6,73.8,93.8,63.2,"[""Practice Data Structures on LeetCode"", ""Complete AWS Cloud Certification""]"
c28a21eb-25a0-403b-98da-0a6a05f24be5,00945885-749b-4ef7-9f59-3864e5dfa358,57.2,40.6,89.0,47.4,"[""Practice Data Structures on LeetCode"", ""Complete AWS Cloud Certification""]"
55666b93-de0e-4504-ae15-73adbec00668,b14da601-b100-4c3b-abb3-88ca6578c883,56.9,62.8,54.4,51.7,"[""Practice Data Structures on LeetCode"", ""Complete AWS Cloud Certification""]"
0766bd35-89a6-4c0c-9333-35f4b2791422,4e16dbc8-f308-4494-b3db-04cd805caecd,60.5,55.1,84.0,44.1,"[""Practice Data Structures on LeetCode"", ""Complete AWS Cloud Certification""]"
798d10c0-322e-4645-82bf-b2c480fa97a0,b27d73b4-51cd-4351-a905-5c77030c7cf4,66.8,72.1,46.6,80.0,"[""Practice Data Structures on LeetCode"", ""Complete AWS Cloud Certification""]"
5620272e-b095-4ced-bfdd-913800e14d88,399c79d2-27a8-4ef3-b025-98cb1f0d5f46,73.8,60.0,91.4,74.6,"[""Practice Data Structures on LeetCode"", ""Complete AWS Cloud Certification""]"
9c5df630-0f9e-478f-9fad-ab1d17949fdb,464c0683-e527-4474-809b-89efae9a1ac7,85.0,81.6,86.2,88.2,"[""Practice Data Structures on LeetCode"", ""Complete AWS Cloud Certification""]"
00ca2d6e-eef5-4413-aa7f-7d679dbb0cca,a7742edd-c54b-4c83-9d2c-014bae4b5961,62.4,58.3,64.8,65.4,"[""Practice Data Structures on LeetCode"", ""Complete AWS Cloud Certification""]"
ca8df610-738f-4c64-8585-bb20f7f639fb,66706043-191b-4978-bcee-88fc3847c5eb,71.0,80.3,59.3,70.3,"[""Practice Data Structures on LeetCode"", ""Complete AWS Cloud Certification""]"
a8660d4c-fd36-43bb-b9f9-509eea311eb4,73c2061a-8b3f-4250-8ac4-74a9926b0a9d,55.1,54.4,54.0,57.0,"[""Practice Data Structures on LeetCode"", ""Complete AWS Cloud Certification""]"
4a9dd9d9-3c39-456c-8b5f-6c8a74c02332,8f5f1032-de5a-43bc-bbaf-18177148dcc6,67.0,76.8,49.5,71.5,"[""Practice Data Structures on LeetCode"", ""Complete AWS Cloud Certification""]"
e72aacaf-2fc8-4542-86bf-2ba272500458,b40fb687-23f0-48d4-97e7-06ee10eaa637,80.1,77.0,80.4,83.8,"[""Practice Data Structures on LeetCode"", ""Complete AWS Cloud Certification""]"
4c8aa5c9-cbec-4505-8a12-1e6739f5a91b,4906d0a6-e3be-4f4a-bc15-9c4e3a9339ad,60.3,60.3,52.2,68.4,"[""Practice Data Structures on LeetCode"", ""Complete AWS Cloud Certification""]"
44b29276-8f21-429d-9a74-9c935b517c03,d371b3f7-6b2e-4135-8234-c95a5246b3af,75.7,74.7,93.0,59.8,"[""Practice Data Structures on LeetCode"", ""Complete AWS Cloud Certification""]"
e6cdd63a-9b9d-4f26-b3c1-34a4a525fbe8,320b47e0-c0ed-4b0f-8b1d-50e04b2b3b81,66.8,63.9,74.4,63.2,"[""Practice Data Structures on LeetCode"", ""Complete AWS Cloud Certification""]"
8e270673-3f95-4c4f-9dd1-f078cda4e166,e22f9f0e-4a52-4dd7-b142-be65475509ef,60.4,61.8,52.4,66.4,"[""Practice Data Structures on LeetCode"", ""Complete AWS Cloud Certification""]"
4ec458a9-53b9-4110-8a37-edb61a85dca6,413fc4d7-cb20-4167-aa55-74d4ab124cfc,68.4,77.8,53.1,71.3,"[""Practice Data Structures on LeetCode"", ""Complete AWS Cloud Certification""]"
35867607-e14c-41df-b397-5e1d9baa95d6,ba5c565c-bd05-4d4e-8325-79d981037204,86.0,94.2,61.1,100.0,"[""Practice Data Structures on LeetCode"", ""Complete AWS Cloud Certification""]"
10c4bbff-a35c-4352-b972-8385994e229c,f515821c-7b16-42ca-8c2a-47be2667ee9a,71.6,69.2,71.2,75.1,"[""Practice Data Structures on LeetCode"", ""Complete AWS Cloud Certification""]"
27f37f37-0d7a-4079-888f-2e082d6f109b,2789c6bd-2239-4dc8-8346-86bb12f58d2a,57.1,55.2,60.8,56.0,"[""Practice Data Structures on LeetCode"", ""Complete AWS Cloud Certification""]"
195b8950-c2d5-461d-9e2e-80b3a6adc261,1c02eec3-48fc-4602-9e21-1d3e6895c60b,64.7,58.5,94.0,43.5,"[""Practice Data Structures on LeetCode"", ""Complete AWS Cloud Certification""]"
eace32c1-e5f5-4130-b88c-a00d4c1edd0f,9062f31a-8b7f-4fce-a08d-3f2f633e62d8,50.7,51.7,55.1,45.1,"[""Practice Data Structures on LeetCode"", ""Complete AWS Cloud Certification""]"
a8a15829-dce1-46ea-9285-3bd5d7377752,a6379045-c9ee-45e0-91f8-f2b700f4aacf,74.3,68.8,73.4,82.6,"[""Practice Data Structures on LeetCode"", ""Complete AWS Cloud Certification""]"
b8f8baf5-9bf2-4605-b8f7-5db01cafde38,8350f65c-cf75-4886-90aa-208f7020ec0c,67.6,74.5,52.8,73.3,"[""Practice Data Structures on LeetCode"", ""Complete AWS Cloud Certification""]"
78000cd3-9389-4f56-8cb1-59d1e9e38878,64323ebd-3996-4f6b-ae80-163979a72f55,76.8,75.1,78.9,76.8,"[""Practice Data Structures on LeetCode"", ""Complete AWS Cloud Certification""]"
cd32aaf2-9a0e-4194-9dac-a99592b2c43e,a6618650-e98f-4389-8f8c-6c32d4b35c31,74.4,87.0,59.0,72.9,"[""Practice Data Structures on LeetCode"", ""Complete AWS Cloud Certification""]"
cb74874e-f0fe-4694-b4ef-e2b1a871a231,96e42048-e57f-407a-a80c-908c5bf91c3a,67.6,76.7,58.6,64.3,"[""Practice Data Structures on LeetCode"", ""Complete AWS Cloud Certification""]"
f9a9ac1a-0fee-409f-9008-37c82486956a,cb4109b1-62f0-4b8b-b1cb-053f576e0a2c,83.5,78.0,83.9,90.4,"[""Practice Data Structures on LeetCode"", ""Complete AWS Cloud Certification""]"
dcd5e2b3-aed9-4cf0-b17f-664a6ecbdafb,7b30c50a-f7a5-496e-93e1-26c2d0e00a52,76.1,81.1,49.9,95.6,"[""Practice Data Structures on LeetCode"", ""Complete AWS Cloud Certification""]"
fe608ae0-caf9-4b43-87e5-a75c4691b3d7,8d60926e-7f4c-4388-ab1f-e336df9a4a4e,70.0,58.4,91.6,64.0,"[""Practice Data Structures on LeetCode"", ""Complete AWS Cloud Certification""]"
11395d2a-249e-406a-9b24-95bcd7d16887,11b69139-615c-4228-b873-35e1a1129de8,79.5,76.2,82.9,80.4,"[""Practice Data Structures on LeetCode"", ""Complete AWS Cloud Certification""]"
bbc8792e-65c6-49e5-871f-2ed3d60bb1da,21770923-921f-4a6f-a11d-9b03584af01a,63.8,70.5,58.6,60.2,"[""Practice Data Structures on LeetCode"", ""Complete AWS Cloud Certification""]"
9cd7bc51-b377-4499-b0fd-dc1c535439e9,a878b80e-c659-4726-9ee6-c5bf26b25e52,68.3,66.0,80.2,59.5,"[""Practice Data Structures on LeetCode"", ""Complete AWS Cloud Certification""]"
b3391aef-bc6f-4157-871d-5e7bb96b3d43,4a44fcea-41d8-4a10-8a7f-22bdbb0a270b,60.6,55.0,68.5,60.3,"[""Practice Data Structures on LeetCode"", ""Complete AWS Cloud Certification""]"
5c151122-61f4-4ddd-a037-2bb911af3a81,68cea994-64a6-4b86-b344-0632669b7994,67.4,66.3,60.6,75.8,"[""Practice Data Structures on LeetCode"", ""Complete AWS Cloud Certification""]"
aaf8b38a-4ffd-48a3-b419-545a6a6f4fe0,5eb719b3-9ae8-48fe-8966-3b5a861f8eb3,93.8,95.5,91.0,94.5,"[""Practice Data Structures on LeetCode"", ""Complete AWS Cloud Certification""]"
0d88f13e-bf11-4c2f-9346-00241900c564,03a9254e-3a48-48c4-b44f-cf60dcb6363b,76.8,79.5,64.6,85.5,"[""Practice Data Structures on LeetCode"", ""Complete AWS Cloud Certification""]"
f70fd988-1da7-4c7d-b128-b96caa42ef79,0fb805bc-da1b-4f41-8989-d39e796d60f9,70.2,65.7,87.3,59.2,"[""Practice Data Structures on LeetCode"", ""Complete AWS Cloud Certification""]"
49938173-974a-4a79-ba74-6a5fb9b5c41a,8161add5-3adf-454d-979e-cf2f59e9ddf4,54.6,59.8,48.5,53.9,"[""Practice Data Structures on LeetCode"", ""Complete AWS Cloud Certification""]"
3e9a3ef6-2eba-44db-bb2b-1cbf670f78a0,986815b7-51bb-448e-b0cc-c10620077b92,61.9,62.2,55.4,68.0,"[""Practice Data Structures on LeetCode"", ""Complete AWS Cloud Certification""]"
e69658cd-eb35-4f83-a7ca-faca4f5c7488,37549ef0-33d1-476d-9275-538d97f020dd,71.5,70.8,73.7,70.4,"[""Practice Data Structures on LeetCode"", ""Complete AWS Cloud Certification""]"
bd3d5acb-8f9e-41a7-b00b-19d9753fc7e3,7e1364fd-7dde-441d-8ba7-0947e5232737,52.7,59.5,48.5,47.8,"[""Practice Data Structures on LeetCode"", ""Complete AWS Cloud Certification""]"
219f1c8c-21cb-4b66-8846-1b7ad091079b,9d3378c3-d3dc-418c-bff0-e2831854879f,74.1,73.0,78.0,71.6,"[""Practice Data Structures on LeetCode"", ""Complete AWS Cloud Certification""]"
84e1ebf3-d6e9-4db1-9ed8-00c1922abc3c,e73c1897-995d-4477-ba2b-fa5225940244,79.7,77.5,90.7,71.6,"[""Practice Data Structures on LeetCode"", ""Complete AWS Cloud Certification""]"
e111f48b-81ae-4767-9756-10a30a7bcea0,f56e1cba-b38d-4c6a-a91e-e0776085cdd4,66.9,63.7,87.6,50.6,"[""Practice Data Structures on LeetCode"", ""Complete AWS Cloud Certification""]"
d67edaa7-cecb-45dc-9865-de9174500492,8d92fb12-f747-4901-85f2-9b3375801a5d,76.8,76.1,74.5,79.9,"[""Practice Data Structures on LeetCode"", ""Complete AWS Cloud Certification""]"
99ab352a-3ecf-4ca1-a3ed-ef2ff03ed6c6,e3903719-736d-4fb0-a549-5897d75a939d,64.1,55.9,72.8,66.2,"[""Practice Data Structures on LeetCode"", ""Complete AWS Cloud Certification""]"
31e277f6-2856-4b2e-bef9-5716916e5972,39a2e5ab-bbdb-4b2c-8fec-26a46d63c11e,70.8,78.7,45.8,85.3,"[""Practice Data Structures on LeetCode"", ""Complete AWS Cloud Certification""]"
d3f9dc9a-5f63-4a20-86a3-3380b9e11011,5d7bebb8-d7a3-4abf-a617-78ede5033f7a,80.5,84.5,72.6,83.0,"[""Practice Data Structures on LeetCode"", ""Complete AWS Cloud Certification""]"
935967f1-3abd-404b-97f7-06a189869c45,c6642238-0456-44fa-b2aa-8d390207d189,60.1,56.6,72.3,52.6,"[""Practice Data Structures on LeetCode"", ""Complete AWS Cloud Certification""]"
8de60235-2eb6-4112-8766-227b13505376,53826ec6-a689-46d9-b820-5e4e0359a8ca,79.9,73.0,81.6,87.5,"[""Practice Data Structures on LeetCode"", ""Complete AWS Cloud Certification""]"
41397308-8525-40c3-9ab4-eb81da2cea30,cadf39c2-ac07-4319-8d15-5a772c56fd46,65.2,57.4,78.2,62.5,"[""Practice Data Structures on LeetCode"", ""Complete AWS Cloud Certification""]"
03fc27ee-304a-4e26-b2e9-932acf0bc1a8,b1697047-3d6a-4958-a273-753616c890dc,84.4,81.0,90.3,83.2,"[""Practice Data Structures on LeetCode"", ""Complete AWS Cloud Certification""]"
96ac5527-6427-42eb-ad2f-1a86f0a877a9,4742cea8-82bc-451a-8d7a-1617a60442f7,69.9,74.1,73.2,60.9,"[""Practice Data Structures on LeetCode"", ""Complete AWS Cloud Certification""]"
2014bae1-b462-4ecd-b0f2-52d2f55d2df0,335af58e-3979-4d2a-b954-d8efa06b142c,56.9,64.8,51.3,52.1,"[""Practice Data Structures on LeetCode"", ""Complete AWS Cloud Certification""]"
2b59dd16-1864-4583-8b49-1c2531e7fdcf,4b9a07e7-79b2-4971-9703-c3d2a3679d40,79.0,71.0,90.5,78.2,"[""Practice Data Structures on LeetCode"", ""Complete AWS Cloud Certification""]"
fd278460-5c38-4a16-a1c4-8c9c0cea11e7,51149241-b68b-4cb2-82a6-759e074803ea,77.6,75.1,88.1,70.4,"[""Practice Data Structures on LeetCode"", ""Complete AWS Cloud Certification""]"
18492d7a-3dad-4b81-9f87-0921a259c05b,8dbcc77d-3cd7-44c5-a33f-06c8eef3e820,79.8,83.5,81.3,73.5,"[""Practice Data Structures on LeetCode"", ""Complete AWS Cloud Certification""]"
f34dcfa5-c268-4654-844e-db4f2736b305,e4915405-4783-4351-a245-ef87e9424594,88.9,81.9,92.4,94.6,"[""Practice Data Structures on LeetCode"", ""Complete AWS Cloud Certification""]"
b0b862e2-17be-4936-9d39-d30208558f1b,5a454b5e-09ef-41e5-99ab-a798fed98b9b,69.9,64.9,84.9,61.4,"[""Practice Data Structures on LeetCode"", ""Complete AWS Cloud Certification""]"
0641d9a9-b65d-459f-a8e5-8fc7c8085744,50eb809a-0c1a-4f40-a68f-e6d652d82df5,70.7,81.2,58.4,69.1,"[""Practice Data Structures on LeetCode"", ""Complete AWS Cloud Certification""]"
9d6c4a5e-7ed5-4359-83f9-a7d353315b12,4386fcdb-3519-4874-9281-8aac1945fbd1,78.4,74.0,78.6,84.0,"[""Practice Data Structures on LeetCode"", ""Complete AWS Cloud Certification""]"
cfc7d4f0-db52-4c09-957e-990d42739e47,7bf0be70-6df2-479d-b470-bb3581a74893,53.9,50.1,76.0,36.8,"[""Practice Data Structures on LeetCode"", ""Complete AWS Cloud Certification""]"
c92a1f69-744d-406a-afa8-987d5bfbcdee,929aacb4-8848-41d5-826b-198fd38c282c,77.9,71.9,90.0,73.9,"[""Practice Data Structures on LeetCode"", ""Complete AWS Cloud Certification""]"
9e94448c-4426-436e-a29b-e7ee92dbaaee,5760b456-3ca1-4a60-8276-caf174ac145c,76.2,64.7,94.8,72.8,"[""Practice Data Structures on LeetCode"", ""Complete AWS Cloud Certification""]"
bffda76f-90ef-41ec-8ebf-1ec7166fcac4,545a7be8-63a6-49f9-82ba-15c729e970ef,63.7,70.3,61.6,57.1,"[""Practice Data Structures on LeetCode"", ""Complete AWS Cloud Certification""]"
567ad7d2-5b48-490d-bf3f-6aaaf8b37fd9,9f4f4382-b43c-43f7-afd6-7f42cc95e525,44.1,37.7,69.6,27.0,"[""Practice Data Structures on LeetCode"", ""Complete AWS Cloud Certification""]"
b2f2492d-067a-4ac4-a38a-77d610fbbec6,5c99da36-6987-4c0f-91ea-c1c3447edd36,66.2,70.6,57.5,69.0,"[""Practice Data Structures on LeetCode"", ""Complete AWS Cloud Certification""]"
91bedb64-e0dd-442f-be62-1046b35e1a5f,3f481443-2b77-478b-ba13-0edd65a0ef94,73.9,73.8,73.7,74.3,"[""Practice Data Structures on LeetCode"", ""Complete AWS Cloud Certification""]"
c51a82ec-9681-42a5-8ecb-676f67a7c4fc,c55164d5-fe26-43d4-8621-eac81ae95fc2,55.8,49.7,64.2,55.4,"[""Practice Data Structures on LeetCode"", ""Complete AWS Cloud Certification""]"
6bde3f62-1575-490b-8d7c-0c42529e9ce0,9a194e6c-e199-4b1d-b6bc-4c7f14f60129,74.8,75.4,77.4,71.4,"[""Practice Data Structures on LeetCode"", ""Complete AWS Cloud Certification""]"
c28fc08f-7c84-4278-beeb-13488288c8db,80febf64-2e57-463f-996b-9e3a109abe5b,77.0,69.9,89.8,73.8,"[""Practice Data Structures on LeetCode"", ""Complete AWS Cloud Certification""]"
2d0aef8d-e6cf-419e-8f6e-8e149d535970,9c91ebe5-f3dd-4506-a5ec-ff759eb6822a,74.2,74.1,74.6,73.8,"[""Practice Data Structures on LeetCode"", ""Complete AWS Cloud Certification""]"
26daab8f-c7d4-4931-8a02-0513d010c62b,f6b78c99-0303-4774-8547-d43ef73ac4bb,44.9,40.0,47.8,48.6,"[""Practice Data Structures on LeetCode"", ""Complete AWS Cloud Certification""]"
0e57baf3-bedc-406b-8b64-dfc4ad2fd2da,9892295e-580a-46c4-a44c-cd835411bf76,80.8,96.6,56.6,83.8,"[""Practice Data Structures on LeetCode"", ""Complete AWS Cloud Certification""]"
d83be8fa-b626-4755-a71c-3ed770a555df,dbbe3465-694d-4fc3-8214-7195c6034655,47.0,49.2,51.5,39.4,"[""Practice Data Structures on LeetCode"", ""Complete AWS Cloud Certification""]"
074d485e-4de1-4981-aa7c-8e4bd94376ce,125db4c4-4e53-4c42-857b-9e2f5ea35ae2,68.8,64.7,74.7,68.2,"[""Practice Data Structures on LeetCode"", ""Complete AWS Cloud Certification""]"
7a88e9f2-e0e6-4a86-baad-10157471b5e6,ba709e3b-7a4f-49ed-a2b3-8f573f4f06e8,84.1,78.9,93.8,81.2,"[""Practice Data Structures on LeetCode"", ""Complete AWS Cloud Certification""]"
54d13499-731d-4e91-a3aa-beb7c9d0a561,47e15ebf-3fe3-4f47-a31e-070a0ffd9c90,71.2,71.3,72.7,69.5,"[""Practice Data Structures on LeetCode"", ""Complete AWS Cloud Certification""]"
f49cb8da-5875-4a71-9188-fb460f31052a,92c83e9c-7805-4331-b1dc-5ae8d93f90c1,67.7,82.0,49.0,67.2,"[""Practice Data Structures on LeetCode"", ""Complete AWS Cloud Certification""]"
e9089e02-1dd7-43e1-8ac7-c09c1149168d,9f545a85-3bc1-482c-a992-727ba0d9e010,57.3,56.3,55.3,60.5,"[""Practice Data Structures on LeetCode"", ""Complete AWS Cloud Certification""]"
0b758f92-cb61-47b0-bc42-42d347dbc2aa,d0b60c6f-7009-4b51-912f-efa832392c26,60.6,61.9,60.1,59.5,"[""Practice Data Structures on LeetCode"", ""Complete AWS Cloud Certification""]"
0f33538f-6326-43ca-bad8-a9ccde46362a,2e2b1ef9-16ac-4184-aa15-e1150f6ac482,98.3,100.0,94.3,100.0,"[""Practice Data Structures on LeetCode"", ""Complete AWS Cloud Certification""]"
e17d1e6e-f20f-4db9-9bb0-1eeaf051d0ad,af9854a3-9ec9-44ff-83f1-834da464c382,72.6,75.5,53.0,88.2,"[""Practice Data Structures on LeetCode"", ""Complete AWS Cloud Certification""]"
982c17d9-a785-4e12-a293-3630800bfc2d,37d57dad-e268-4057-8a72-d0f484cfb87d,59.8,64.6,47.6,65.7,"[""Practice Data Structures on LeetCode"", ""Complete AWS Cloud Certification""]"
159fc204-67a2-44ab-ac07-b75c92c8d461,f520acfc-42f8-4810-9793-1442a4009adf,81.7,76.2,82.4,88.2,"[""Practice Data Structures on LeetCode"", ""Complete AWS Cloud Certification""]"
1dfc1805-8ac3-47c0-a954-8db7eb9ffb3d,de59e297-4917-4419-9ea9-993422cefcf2,74.6,83.0,56.0,82.1,"[""Practice Data Structures on LeetCode"", ""Complete AWS Cloud Certification""]"
0b63bb06-26a9-4f41-a03e-7be3f1213629,462f96fa-ebb2-43c1-a1a7-90d65999932b,67.4,71.1,67.9,61.9,"[""Practice Data Structures on LeetCode"", ""Complete AWS Cloud Certification""]"
d07beea1-3510-4777-8595-b3d8402dc7eb,61ce7a25-8966-4297-b408-3fb30cbc9394,78.6,75.2,87.6,74.0,"[""Practice Data Structures on LeetCode"", ""Complete AWS Cloud Certification""]"
fafdf385-e435-435e-b5f7-63ad01af86e6,ed3cb4c4-51b8-4080-80b2-41dbfca48bad,58.5,46.0,87.8,45.7,"[""Practice Data Structures on LeetCode"", ""Complete AWS Cloud Certification""]"
51abae3c-b7d4-45ea-a9b5-3a36de5e75d6,15035786-a854-4712-ba07-482404db9f3f,71.6,77.2,66.7,68.9,"[""Practice Data Structures on LeetCode"", ""Complete AWS Cloud Certification""]"
09c3a717-2aca-4016-981c-fe2fcb7a865d,f19a3f7c-62da-4bb6-9006-cd08dc661cd9,70.8,72.0,70.2,69.8,"[""Practice Data Structures on LeetCode"", ""Complete AWS Cloud Certification""]"
ee5ca394-7ddf-4561-b173-abff42f93a9c,6dd58b53-2cc0-4281-acca-3b74475ef268,65.6,69.4,65.3,60.9,"[""Practice Data Structures on LeetCode"", ""Complete AWS Cloud Certification""]"
e1606c1d-b923-46c6-8e2d-183a907ca399,1b298305-c00d-48fe-a978-77e6d1094380,84.9,96.7,68.2,85.9,"[""Practice Data Structures on LeetCode"", ""Complete AWS Cloud Certification""]"
7c2c28f0-8480-469b-b038-28791c6c6d02,5c01ce5e-5490-466c-8049-69144542083b,63.0,55.6,79.5,56.5,"[""Practice Data Structures on LeetCode"", ""Complete AWS Cloud Certification""]"
8a668af7-7d2b-465d-81a0-0e5f1b74d0de,0878c386-776f-4526-a2ad-676bcf927e67,71.7,76.2,47.7,89.6,"[""Practice Data Structures on LeetCode"", ""Complete AWS Cloud Certification""]"
dc7d98cc-942a-47f0-ae73-41056cb59ffe,19d1eb1c-0a4d-4c18-8ebe-285b2645cf18,65.7,58.1,77.4,64.2,"[""Practice Data Structures on LeetCode"", ""Complete AWS Cloud Certification""]"
a8862630-f523-405f-a298-8a6e1e01217f,f7a70478-994f-4ebb-9078-73b5e632c2e8,72.1,75.7,58.4,81.1,"[""Practice Data Structures on LeetCode"", ""Complete AWS Cloud Certification""]"
8d9dd158-50d0-4322-bf90-94c0642000ea,5044810a-2a6e-4956-8c77-4f38cb201e6d,70.9,67.1,78.9,68.1,"[""Practice Data Structures on LeetCode"", ""Complete AWS Cloud Certification""]"
38fb7adf-8bbb-4540-a930-0bf4f15afdca,de8b3d49-9000-4783-844d-7ec5a8748326,77.2,86.6,67.9,74.0,"[""Practice Data Structures on LeetCode"", ""Complete AWS Cloud Certification""]"
491dfb0d-8b0d-4ce4-b605-905dd2736e5e,78cd1b79-c9e7-4568-aa23-5d2ed5bbccd1,74.9,74.9,71.0,78.7,"[""Practice Data Structures on LeetCode"", ""Complete AWS Cloud Certification""]"
87eb1354-3dc7-47fe-bec0-ee130c288dd7,94bc0fca-5f06-450c-b0e9-dd58fca94c97,53.2,52.3,46.1,61.4,"[""Practice Data Structures on LeetCode"", ""Complete AWS Cloud Certification""]"
339e28c9-d363-44af-a227-399c4e33c5bb,fc3b8e2d-585f-4339-8e49-7058af1b1d72,62.5,55.4,78.3,56.3,"[""Practice Data Structures on LeetCode"", ""Complete AWS Cloud Certification""]"
5e7f0fd6-2a5d-490f-934c-1c19bba1bbc0,bb8e640c-1366-4e43-90ab-77bf5c234dd3,53.5,53.9,56.3,50.1,"[""Practice Data Structures on LeetCode"", ""Complete AWS Cloud Certification""]"
49486371-8d43-4664-a48f-9ddf5eb4d4c8,733ccf43-f0e7-4ca1-83bd-68726181d40b,69.6,67.9,59.3,82.1,"[""Practice Data Structures on LeetCode"", ""Complete AWS Cloud Certification""]"
8305defd-43e8-40ac-891d-7f9eeb53df63,7b6a435e-5b61-4f0f-905d-dbe4d65d6a6e,62.9,65.8,54.2,67.7,"[""Practice Data Structures on LeetCode"", ""Complete AWS Cloud Certification""]"
7925576c-92e1-4136-ab06-d27ccb892c20,b409980d-b848-4e6b-bbdc-27f8ca6f737f,65.9,78.4,51.1,64.1,"[""Practice Data Structures on LeetCode"", ""Complete AWS Cloud Certification""]"
6b5aae2d-ec20-40b1-9b28-1c4204d87dca,3a973ea2-3aae-42ab-a6f4-08b003ad2ee4,84.0,90.1,59.8,100.0,"[""Practice Data Structures on LeetCode"", ""Complete AWS Cloud Certification""]"
f280a496-9094-4155-9ffd-1d47f6c84461,7ca17941-3c21-4b0a-9b19-d2aaeff6064f,60.6,70.9,50.8,56.6,"[""Practice Data Structures on LeetCode"", ""Complete AWS Cloud Certification""]"
5c6235ee-642e-47d2-952b-5ac7005c548f,75f6feda-a267-4ed1-82db-b6720c8b1a9a,73.4,75.2,56.1,88.3,"[""Practice Data Structures on LeetCode"", ""Complete AWS Cloud Certification""]"
dcdd4359-ceb2-4a8e-bbd2-fe4238bccd30,681ceb05-05e2-4070-9704-4ccebd48bd69,55.7,52.1,60.9,55.3,"[""Practice Data Structures on LeetCode"", ""Complete AWS Cloud Certification""]"
a4c8eab4-ac74-450b-aa2c-a88616afbf18,1a1914dc-b273-44ac-93b0-c80a66e61e2a,73.3,81.2,59.2,76.7,"[""Practice Data Structures on LeetCode"", ""Complete AWS Cloud Certification""]"
8b7431ef-689f-429a-b9d3-d67ec522098f,9e56ef89-0c52-4e04-beff-14496aa1f6fa,72.9,74.7,59.4,83.9,"[""Practice Data Structures on LeetCode"", ""Complete AWS Cloud Certification""]"
b3148b82-44a2-420d-9ee2-1e0b93fcb126,778578b6-1155-4bec-a488-eeb9e81ce5f1,80.5,74.2,94.4,75.0,"[""Practice Data Structures on LeetCode"", ""Complete AWS Cloud Certification""]"
3bb1ab3f-2995-4980-9977-926c9965253a,2eea3025-aa4d-42d4-a953-41265cdda874,61.5,50.1,80.5,57.8,"[""Practice Data Structures on LeetCode"", ""Complete AWS Cloud Certification""]"
c9bd7352-2f28-4cf3-8f75-01aa123bc2e8,80bee9cf-5d06-43f6-a324-125c4ca2ad10,80.7,92.1,68.2,77.9,"[""Practice Data Structures on LeetCode"", ""Complete AWS Cloud Certification""]"
e783f6bc-e8b3-4c24-9e16-ef4172d51586,bb43d93c-a820-4dfe-a1aa-361f41b20946,92.1,94.2,89.6,91.7,"[""Practice Data Structures on LeetCode"", ""Complete AWS Cloud Certification""]"
1c28a929-5c2e-4050-8ec2-c547dee6bd82,12ffdd35-1983-4516-84ba-e5c05354fd16,80.2,82.0,74.1,84.0,"[""Practice Data Structures on LeetCode"", ""Complete AWS Cloud Certification""]"
073889ba-9158-48c3-bb8d-e60d473f1d74,96f05d64-345a-4f30-ac9a-a5d401c71c6f,56.6,59.0,52.3,57.8,"[""Practice Data Structures on LeetCode"", ""Complete AWS Cloud Certification""]"
64f2a6d3-7f52-4d5d-a9be-f3955c5beca2,6341c91d-9a0a-4d79-a295-60e839398818,69.1,71.4,59.6,75.6,"[""Practice Data Structures on LeetCode"", ""Complete AWS Cloud Certification""]"
423757bf-818b-4534-b642-8655ccbb3cef,93e5f693-9a5d-499a-b901-3598de01014b,69.8,67.2,79.9,63.1,"[""Practice Data Structures on LeetCode"", ""Complete AWS Cloud Certification""]"
781151f0-890c-4337-a825-64f42de3d7e9,accd7619-ac08-4835-8426-136eb7053b09,62.9,56.2,90.5,44.3,"[""Practice Data Structures on LeetCode"", ""Complete AWS Cloud Certification""]"
5de5c7ab-a97c-4e51-9e94-eda3b3c07489,2ff85deb-17c4-4678-bbba-bef09bfbd6fd,74.7,72.7,90.8,61.2,"[""Practice Data Structures on LeetCode"", ""Complete AWS Cloud Certification""]"
5c18605b-5970-4e03-813f-8da2e0558e72,de6ca32c-428f-45ad-976a-a3f61ebc016d,63.3,61.5,60.2,68.8,"[""Practice Data Structures on LeetCode"", ""Complete AWS Cloud Certification""]"
2b8cfd8a-25fa-4e34-921f-e5c9d42aec10,1214d0da-f248-4f36-b6ee-77900a8b47d6,75.6,76.2,66.2,84.1,"[""Practice Data Structures on LeetCode"", ""Complete AWS Cloud Certification""]"
568adf7e-969f-4ddf-9887-fe1d3f2d4ea2,e704dbba-bc2a-41be-aacc-e8ce808b7b26,70.7,76.4,70.7,63.2,"[""Practice Data Structures on LeetCode"", ""Complete AWS Cloud Certification""]"
5190e430-cb29-4e10-9b04-edcbbcb406b1,c11e2f54-f779-459c-9e59-4963c963e881,68.2,71.6,55.0,76.7,"[""Practice Data Structures on LeetCode"", ""Complete AWS Cloud Certification""]"
b8b3bac1-d0e9-4400-bc6f-463f5addfadf,3b63819d-439e-4ae7-9d6c-69c928793169,68.4,72.3,73.9,57.7,"[""Practice Data Structures on LeetCode"", ""Complete AWS Cloud Certification""]"
77c85308-0bea-4dc3-9d2a-37ec92cb283e,74975483-214e-4eda-ab97-a64efb13fd3a,91.9,87.8,91.0,98.3,"[""Practice Data Structures on LeetCode"", ""Complete AWS Cloud Certification""]"
9a9cddf1-e5ca-4b74-b6fd-ba7f3bf8ed0f,4e96ea77-5242-4382-898d-9f1cfb44a5e6,40.0,38.0,56.4,26.4,"[""Practice Data Structures on LeetCode"", ""Complete AWS Cloud Certification""]"
b0347dd1-8706-47c9-bd91-6136714d5262,e84d89a3-3147-4bc9-9ab7-131ead64d534,55.6,51.1,69.7,47.6,"[""Practice Data Structures on LeetCode"", ""Complete AWS Cloud Certification""]"
68bad4ce-5994-4483-98af-273860595ada,12b0d6ad-02f8-4ffa-9bff-8ef330ba9b8b,85.1,79.2,89.7,88.3,"[""Practice Data Structures on LeetCode"", ""Complete AWS Cloud Certification""]"
ce3ae911-7a44-43ca-959c-96897d884512,a8881a5f-4bb2-45f9-b358-c6b2898e665a,77.3,82.4,77.9,70.0,"[""Practice Data Structures on LeetCode"", ""Complete AWS Cloud Certification""]"
c134cfaa-7138-474a-a63f-332b30ebf036,0588db62-528e-44a0-a7db-027039547cc9,60.1,66.2,55.0,57.2,"[""Practice Data Structures on LeetCode"", ""Complete AWS Cloud Certification""]"
2cd5d825-315e-44d5-a32e-63b34f82429d,883d1cc7-ac81-4116-9ab8-274d4318b8b6,69.6,68.4,75.2,65.5,"[""Practice Data Structures on LeetCode"", ""Complete AWS Cloud Certification""]"
13714984-2624-4382-b854-66eecaf81686,448f32c5-7a26-41b8-958c-65ccbe83f8a4,69.2,70.8,76.4,59.8,"[""Practice Data Structures on LeetCode"", ""Complete AWS Cloud Certification""]"
83808390-9a4f-4dce-b911-557b08fdad91,41a4e6a1-4087-465f-8dc4-eca61769e22f,65.4,69.7,61.3,63.8,"[""Practice Data Structures on LeetCode"", ""Complete AWS Cloud Certification""]"
244edc10-6fb3-48cf-b0a8-763a9818f91b,0fa32671-9012-4e5f-9e0a-080e0f7b5beb,66.5,72.1,58.1,67.4,"[""Practice Data Structures on LeetCode"", ""Complete AWS Cloud Certification""]"
a268a10f-7a63-4a96-9651-0c2264949a0e,6177cef9-10f8-4313-b0e2-689a49a1a8d4,90.7,92.8,87.6,91.1,"[""Practice Data Structures on LeetCode"", ""Complete AWS Cloud Certification""]"
9fabc263-4f65-4727-852a-a2c4c7eb6433,2703ba50-5baf-43b7-bac0-c2d67bb4cda5,71.9,71.7,64.5,79.6,"[""Practice Data Structures on LeetCode"", ""Complete AWS Cloud Certification""]"
8890d06d-ab2c-44e2-b36a-84bec87e4696,75918ca2-6a21-408d-ac63-e5de188154ce,57.3,46.0,69.7,60.1,"[""Practice Data Structures on LeetCode"", ""Complete AWS Cloud Certification""]"
d88cf6a3-a32c-4577-9a22-b083a99c77bb,a4c5b46d-c9f2-414f-a0b2-91c1ad2383d5,69.9,70.7,82.1,56.5,"[""Practice Data Structures on LeetCode"", ""Complete AWS Cloud Certification""]"
76b8b3ef-ed28-42aa-8def-b867716fb8e9,0dab6e6f-c53b-4063-8afc-0ed98aad91fd,38.5,33.9,57.2,25.9,"[""Practice Data Structures on LeetCode"", ""Complete AWS Cloud Certification""]"
7ed5d143-1f7f-4ff8-b888-549a7dcaccfe,42275199-7471-4736-94e5-41bc47f40405,69.1,66.3,77.9,64.0,"[""Practice Data Structures on LeetCode"", ""Complete AWS Cloud Certification""]"
7e091e99-7659-480c-8025-f82c11b2b76b,9fcd698f-e508-416e-90f0-bf4997ef7573,64.0,62.8,64.5,65.0,"[""Practice Data Structures on LeetCode"", ""Complete AWS Cloud Certification""]"
8ebd60b0-208a-4b48-a10a-7ef7f72bf344,f7518e2b-9882-4471-a67e-228189eed01a,52.2,42.8,60.0,56.9,"[""Practice Data Structures on LeetCode"", ""Complete AWS Cloud Certification""]"
fd73ad2e-2721-4ea2-882b-100c65fafb96,95037317-458a-455f-9702-95f7c1a5ea36,66.8,76.3,49.7,71.4,"[""Practice Data Structures on LeetCode"", ""Complete AWS Cloud Certification""]"
7b4db439-d9d0-44a4-ab6c-9f73faa460c9,8fe19e1d-f84c-4a39-8922-3fcfae1a4a33,66.4,67.4,70.2,61.4,"[""Practice Data Structures on LeetCode"", ""Complete AWS Cloud Certification""]"
3b625a6b-8c25-4e77-8403-bd023a4d93eb,ff437719-5046-453d-843e-628f739b47c5,71.5,66.3,72.4,77.7,"[""Practice Data Structures on LeetCode"", ""Complete AWS Cloud Certification""]"
dafabdf2-fdc1-43b4-bcf0-9b2a2d57e57c,17f46db7-ec9b-4fd8-a527-b0f0bdaabbac,72.9,72.0,71.6,75.4,"[""Practice Data Structures on LeetCode"", ""Complete AWS Cloud Certification""]"
345c1627-6786-4d5d-9565-544464b7eeaf,4e8acbac-a6f4-4059-a671-eead236c95da,58.8,52.6,79.3,46.6,"[""Practice Data Structures on LeetCode"", ""Complete AWS Cloud Certification""]"
e518093f-d708-4667-a979-c3babac0023b,2558e420-74ca-4615-adc0-653af7be501b,56.2,59.3,56.8,51.5,"[""Practice Data Structures on LeetCode"", ""Complete AWS Cloud Certification""]"
62d1572a-4762-42c7-8a44-164299944f92,661cd282-beae-4ca4-98fd-00aed4f56835,39.1,36.8,58.6,22.7,"[""Practice Data Structures on LeetCode"", ""Complete AWS Cloud Certification""]"
b8be546d-1bf6-42b1-a0f4-be62f585bfc8,1c526e5f-5625-47d5-980a-18537732ee20,69.6,73.9,47.8,85.8,"[""Practice Data Structures on LeetCode"", ""Complete AWS Cloud Certification""]"
d4c2f588-b2ad-4f0d-a2ad-974acdc0e607,d83fa806-d07f-470a-8edb-d07e29008a53,83.2,88.7,81.2,77.9,"[""Practice Data Structures on LeetCode"", ""Complete AWS Cloud Certification""]"
8fadfe34-bcc4-4be8-9020-4fbec2b9f0e2,95225e7e-5ef7-420f-a5f1-41349acc160e,53.4,56.8,56.9,45.5,"[""Practice Data Structures on LeetCode"", ""Complete AWS Cloud Certification""]"
4b1a51cd-348b-4ffd-b05c-58cd4a30483f,7bb988a3-2d40-478d-a082-050dae71947f,67.1,71.9,58.7,69.2,"[""Practice Data Structures on LeetCode"", ""Complete AWS Cloud Certification""]"
eaa1fe78-740f-4949-83fb-7af750926e79,c1942ffb-178b-43e8-b25c-2261a2fafb15,62.8,68.1,57.3,61.4,"[""Practice Data Structures on LeetCode"", ""Complete AWS Cloud Certification""]"
78d4ce67-038b-44b8-921c-8833762cb51e,9d306591-85b0-413f-b465-9dec20a52ce0,82.1,78.2,78.1,91.4,"[""Practice Data Structures on LeetCode"", ""Complete AWS Cloud Certification""]"
77714a0a-d099-4c4f-8aba-e4d6d227290a,1f1d2a35-1920-4d99-8b6a-c2d552ce37cb,70.7,68.1,64.4,80.4,"[""Practice Data Structures on LeetCode"", ""Complete AWS Cloud Certification""]"
39e6eeed-0cbd-45a7-a0c9-fc584b0f8b53,95b069e9-bb66-4498-afec-710b5cf149e8,82.0,95.2,53.0,93.4,"[""Practice Data Structures on LeetCode"", ""Complete AWS Cloud Certification""]"
7c6e553c-7270-414b-8126-daf098dc1ecb,e7331a31-ce9f-40b2-a318-d4d4757c59ed,78.0,74.4,91.3,69.4,"[""Practice Data Structures on LeetCode"", ""Complete AWS Cloud Certification""]"
c2077e32-9806-43d0-ae80-2cb49e316acd,4a9c827e-4f21-405b-96d1-2fa16cf3c9e2,51.0,58.7,46.4,45.3,"[""Practice Data Structures on LeetCode"", ""Complete AWS Cloud Certification""]"
08152fcc-aec1-42aa-a93f-5d106a7997dd,312f8616-7c11-4091-a381-a18e9111c559,68.5,79.4,50.5,71.9,"[""Practice Data Structures on LeetCode"", ""Complete AWS Cloud Certification""]"
a3159447-2fbf-4648-8c23-9264777a9770,b5d6968a-5873-453e-a6a2-534d7cbaea93,74.5,68.2,79.4,78.0,"[""Practice Data Structures on LeetCode"", ""Complete AWS Cloud Certification""]"
fcf56b56-cb28-4563-a504-241e044b5c3a,3a44ec3c-dd33-41e6-b043-bb7ec9c58683,51.5,53.0,46.1,54.8,"[""Practice Data Structures on LeetCode"", ""Complete AWS Cloud Certification""]"
8b5cdf5d-f4a8-4ba1-a423-04efd679ab7f,12ecd442-52e2-432e-b9c5-436aa62ab373,70.8,75.8,66.4,68.6,"[""Practice Data Structures on LeetCode"", ""Complete AWS Cloud Certification""]"
4aa53f22-d60f-42b3-9684-9973ea9e30e9,8e48936a-48b0-4cd4-aca7-8a60f3d82a38,81.9,90.7,69.7,82.4,"[""Practice Data Structures on LeetCode"", ""Complete AWS Cloud Certification""]"
c05f1c81-7d68-4371-a832-f05c38a3d2b9,f6330253-6ea8-4ef7-a826-76a4e5f290e6,65.6,74.5,54.5,64.9,"[""Practice Data Structures on LeetCode"", ""Complete AWS Cloud Certification""]"
f0878fae-9e83-49dc-b888-70706cca68d6,94839a0a-17c3-4e71-9c30-c5fc1d0c1b12,43.5,42.2,51.7,36.9,"[""Practice Data Structures on LeetCode"", ""Complete AWS Cloud Certification""]"
b50abdc3-ffc6-4b85-93f3-56a4c3cd06b5,b78b6641-2d3b-4d61-a25e-5b70360aabc5,58.6,60.7,61.6,52.7,"[""Practice Data Structures on LeetCode"", ""Complete AWS Cloud Certification""]"
50c54dcb-5a1a-43b0-83fb-21fbde542026,48fb2dfb-66c8-4082-b603-925c2121bb34,85.6,93.3,78.6,82.3,"[""Practice Data Structures on LeetCode"", ""Complete AWS Cloud Certification""]"
f98aeff8-ed5b-4463-85e1-8e8b87266764,9b750ad9-9ae5-4f3f-bdd3-a60f23ba1f83,67.7,77.0,51.6,71.5,"[""Practice Data Structures on LeetCode"", ""Complete AWS Cloud Certification""]"
26be50c3-d441-40b5-bd6d-3eb9e9156a9c,78909ea2-6855-49d0-bab9-321bda3984dd,84.4,80.3,86.7,87.7,"[""Practice Data Structures on LeetCode"", ""Complete AWS Cloud Certification""]"
b7d6dded-e759-4600-abae-650c8a966f9d,4589164c-d275-47b0-8c9e-f9fdb74594c8,69.0,62.9,69.6,76.4,"[""Practice Data Structures on LeetCode"", ""Complete AWS Cloud Certification""]"
74276351-096b-4444-ab90-e3b5ae00b71e,1df0ef92-2c69-4e66-87da-62e8185dac87,65.4,71.1,53.2,70.1,"[""Practice Data Structures on LeetCode"", ""Complete AWS Cloud Certification""]"
f7ebe15a-9c37-4e9b-a01c-0ce59567e838,e52949df-5928-4aaf-8e10-4ef6cdcb6d23,70.8,59.0,87.3,70.0,"[""Practice Data Structures on LeetCode"", ""Complete AWS Cloud Certification""]"
3fa28ebe-b2e0-41dc-819c-db19a17a88b2,c9f54af6-5ba7-49a6-b967-db9c30bcc087,82.1,76.8,93.6,77.6,"[""Practice Data Structures on LeetCode"", ""Complete AWS Cloud Certification""]"
4931514a-9278-4b02-8b38-8dc875d71d06,b202b3df-ac05-4fce-b02b-68c6b6b9ec4d,71.2,66.3,94.1,55.0,"[""Practice Data Structures on LeetCode"", ""Complete AWS Cloud Certification""]"
68d4afd9-7030-435c-b5c9-e99ed4a141a6,e6e9a470-fad6-41c1-ad29-6ece296a80bb,79.1,72.0,92.8,74.8,"[""Practice Data Structures on LeetCode"", ""Complete AWS Cloud Certification""]"
c9884877-87a9-4b02-86f9-761486b41251,16383687-f45e-434a-afaf-d6a562f498be,54.9,56.2,47.4,60.5,"[""Practice Data Structures on LeetCode"", ""Complete AWS Cloud Certification""]"
985a6335-d73b-4200-aa68-ea27ec6f8331,117e01b1-419c-4978-8e31-27aeed6b520a,63.2,68.0,55.4,64.7,"[""Practice Data Structures on LeetCode"", ""Complete AWS Cloud Certification""]"
737a0f87-3aed-422c-ba94-091d5d1619ec,3b3054d6-369d-41fe-b36c-3954a9b0cdfd,71.8,72.2,75.2,68.0,"[""Practice Data Structures on LeetCode"", ""Complete AWS Cloud Certification""]"
4f17f3fb-b90f-4331-b3ce-5ff36e0eb9f4,14782e0a-46cc-42a7-9b74-f972af5f186f,55.7,47.9,66.2,55.6,"[""Practice Data Structures on LeetCode"", ""Complete AWS Cloud Certification""]"
7d6eaed7-2d1c-41ed-b6a5-2ef05cb0abaa,e709cd63-0940-4942-9a2e-6279b5673342,84.8,85.2,77.4,91.6,"[""Practice Data Structures on LeetCode"", ""Complete AWS Cloud Certification""]"
429ce808-ff95-49af-891e-339de5ddd7fd,6b907d9a-8065-474a-8bad-7551122e8c1a,61.1,60.1,51.4,72.2,"[""Practice Data Structures on LeetCode"", ""Complete AWS Cloud Certification""]"
b390b008-6a1d-4903-867d-5213be4f5b4f,39bf36b7-b053-42c2-939f-c419bb61b575,60.6,57.5,70.5,54.9,"[""Practice Data Structures on LeetCode"", ""Complete AWS Cloud Certification""]"
d725c54e-a0d4-47b5-a2ad-eaa7b94b20d1,37b6477b-72eb-4463-996c-9a0eed5f9613,69.1,65.8,68.1,74.4,"[""Practice Data Structures on LeetCode"", ""Complete AWS Cloud Certification""]"
89387718-d4ca-4f70-93db-74fc56ac8d13,894ef0d9-6824-4d59-a097-f3d413892740,77.4,79.6,58.3,93.6,"[""Practice Data Structures on LeetCode"", ""Complete AWS Cloud Certification""]"
a8634611-c6be-4b30-9b75-6ddd1ac862ae,e36650ad-b473-4508-88d7-99356c7cd0f5,59.6,70.7,45.3,59.2,"[""Practice Data Structures on LeetCode"", ""Complete AWS Cloud Certification""]"
367e22e2-610f-4dfc-8f60-21b2feaea854,6ab4f569-a668-4546-98c7-272c06409571,76.7,67.3,93.2,72.6,"[""Practice Data Structures on LeetCode"", ""Complete AWS Cloud Certification""]"
e908c96a-ec0f-4b28-9c39-19b1fede7ab1,df61065c-0a4f-4fb1-9b92-e86c88aab30e,83.4,85.2,88.0,76.5,"[""Practice Data Structures on LeetCode"", ""Complete AWS Cloud Certification""]"
8b957ca0-218f-41da-8572-26ce253f56ce,b4f3fc08-dfc7-407f-a48a-e9995cb85ade,74.0,74.4,83.5,63.8,"[""Practice Data Structures on LeetCode"", ""Complete AWS Cloud Certification""]"
f07ae73f-408b-4995-b1c3-091e16359a00,8bc81522-a65f-436a-b15b-e30e34ba369d,76.3,84.5,55.1,86.6,"[""Practice Data Structures on LeetCode"", ""Complete AWS Cloud Certification""]"
c1b9b447-68b9-43f1-9360-866381300ac9,8c0dd4b2-e2fa-4dac-9c61-f71cb9fca72a,74.7,78.7,65.0,79.1,"[""Practice Data Structures on LeetCode"", ""Complete AWS Cloud Certification""]"
c366581b-f1bf-4df5-8033-37cbadb2d8f8,6833a84b-cae2-4f55-aeee-c22d71848337,72.0,75.0,65.9,74.2,"[""Practice Data Structures on LeetCode"", ""Complete AWS Cloud Certification""]"
ec58d8b9-e9dc-4d61-b39d-0a523013125e,0a18551c-62eb-4cd9-a3d9-6f7eb2cf2b1c,68.0,76.5,56.6,68.1,"[""Practice Data Structures on LeetCode"", ""Complete AWS Cloud Certification""]"
9f801f66-9a7e-4b2c-a2a2-943e54607e0e,261a1c6d-ca73-48e8-ad71-ff4321c7569a,87.8,86.0,86.7,91.2,"[""Practice Data Structures on LeetCode"", ""Complete AWS Cloud Certification""]"
84a347f3-427a-4a7c-8487-ea7485ab529e,8326ecc9-b00b-483b-b032-ed78852796c1,59.6,67.0,51.5,58.0,"[""Practice Data Structures on LeetCode"", ""Complete AWS Cloud Certification""]"
50199b84-a1e8-4ed6-b6fc-4d14fae3f55e,466ca839-b689-4476-9d1f-ccbc87bdbbd6,86.0,83.9,95.0,79.7,"[""Practice Data Structures on LeetCode"", ""Complete AWS Cloud Certification""]"
98f8c4cc-69a5-41ed-a375-d076ef83a313,150cf0cf-578b-426a-98da-b9c6202ffe78,75.6,80.3,75.9,68.9,"[""Practice Data Structures on LeetCode"", ""Complete AWS Cloud Certification""]"
f2c70d33-3fcc-4cc8-88ef-b2729d2853a1,1b72a24f-b08f-49a4-a035-c9407cfe0e5f,83.0,79.2,88.7,82.3,"[""Practice Data Structures on LeetCode"", ""Complete AWS Cloud Certification""]"
50425483-0f6f-4ef4-b87e-7932a891f2ea,328336ab-7588-45a7-8ac0-422d2245d8b7,75.6,90.1,53.4,78.6,"[""Practice Data Structures on LeetCode"", ""Complete AWS Cloud Certification""]"
c13bba22-d6c9-4865-a97d-495fef818c83,4614f111-3026-4243-876e-3ce750ab5594,62.7,58.4,63.2,68.0,"[""Practice Data Structures on LeetCode"", ""Complete AWS Cloud Certification""]"
eea2be67-9172-4518-89fb-0107daecb224,778b9820-9219-45b9-a52c-b41646381bb9,63.3,71.0,49.3,67.2,"[""Practice Data Structures on LeetCode"", ""Complete AWS Cloud Certification""]"
29e48433-2427-4862-b4e2-c42479056d3d,0c5aa003-a3ff-4fda-9e60-5fa595d77120,80.1,87.4,65.7,84.7,"[""Practice Data Structures on LeetCode"", ""Complete AWS Cloud Certification""]"
27b5e841-a5c7-4920-ba88-ce1607b384b5,42d9c168-fd14-43c0-b16a-ee1a15541af1,56.1,48.7,65.1,56.9,"[""Practice Data Structures on LeetCode"", ""Complete AWS Cloud Certification""]"
9a3c7a64-2e3f-4714-b6b5-3c28d52456ca,713e38c0-a659-45c2-b1c0-a721df3d791f,94.0,93.4,89.3,99.4,"[""Practice Data Structures on LeetCode"", ""Complete AWS Cloud Certification""]"
f753fafd-1852-4f12-ba5d-8154389f6223,b0d6e898-db9a-4a7d-8e83-e1411e202459,76.0,83.5,67.3,74.7,"[""Practice Data Structures on LeetCode"", ""Complete AWS Cloud Certification""]"
c4e3c323-ec92-414c-9013-ffc8cd52505b,09430dca-fd8c-41d9-a410-b11374f07e3e,57.9,53.3,61.7,60.1,"[""Practice Data Structures on LeetCode"", ""Complete AWS Cloud Certification""]"
88e416ce-71df-4cff-9ea4-0ba306ec6464,2f25aea6-f628-454d-94da-c033a75d09f7,71.9,63.8,89.5,65.0,"[""Practice Data Structures on LeetCode"", ""Complete AWS Cloud Certification""]"
72687f81-a39a-4b74-947b-7d9910418931,3a493c90-6eab-4969-8522-1072ea4620ca,69.5,78.3,62.7,64.7,"[""Practice Data Structures on LeetCode"", ""Complete AWS Cloud Certification""]"
b155f270-7813-4d72-908e-474bce11b6b5,aa83ea2c-6542-46be-8585-263bd02f139a,72.0,65.2,78.3,74.7,"[""Practice Data Structures on LeetCode"", ""Complete AWS Cloud Certification""]"
36e76157-2134-42b5-afee-a8f398c2713f,e04fdc39-93a8-42ed-8364-226fa8743f77,63.0,68.2,63.1,56.1,"[""Practice Data Structures on LeetCode"", ""Complete AWS Cloud Certification""]"
2a090625-619a-4d20-bf4f-4ad5b07853c9,7d968e88-bbbc-42ce-88ea-a4568137d982,68.5,74.7,48.9,80.0,"[""Practice Data Structures on LeetCode"", ""Complete AWS Cloud Certification""]"
9f1de961-6720-4866-b2db-c96001988bcf,73e3e45f-f043-4023-8fd5-48b1b21973ff,90.1,90.7,79.5,100.0,"[""Practice Data Structures on LeetCode"", ""Complete AWS Cloud Certification""]"
018c27ff-7323-47d9-87a3-0199919faaf8,c644ae21-03f9-47ac-888a-e9adcc3bd5ba,68.1,66.6,70.7,67.5,"[""Practice Data Structures on LeetCode"", ""Complete AWS Cloud Certification""]"
41fc57c8-430a-45ae-a621-8d4d72d0a5fc,da621c33-de01-4eb0-8abf-eec98a946ebc,78.2,85.3,50.9,95.9,"[""Practice Data Structures on LeetCode"", ""Complete AWS Cloud Certification""]"
480398f6-e780-489d-89da-3ec37cb257a0,b69a176f-47a1-4ef4-9c21-1a8675f39902,78.5,86.5,60.2,86.1,"[""Practice Data Structures on LeetCode"", ""Complete AWS Cloud Certification""]"
163721f4-21ff-4f87-9aa3-b1ed8d197c50,6e21abd3-580d-4f8d-8855-8df61c01bb7f,87.1,87.7,86.0,87.4,"[""Practice Data Structures on LeetCode"", ""Complete AWS Cloud Certification""]"
6586c41e-9d0d-4b35-b195-680a67058e92,d3fb4855-a101-4c14-a94d-ecd97e3191b6,85.4,79.8,90.0,88.2,"[""Practice Data Structures on LeetCode"", ""Complete AWS Cloud Certification""]"
49fa256e-327c-47ef-9da4-7d7cb4d2911f,f2323f7e-f5df-4968-9088-7aee14f4eb31,76.2,78.7,61.3,87.7,"[""Practice Data Structures on LeetCode"", ""Complete AWS Cloud Certification""]"
f62d647a-98c3-48bd-8b04-cc6f315d0011,c604cd80-92e9-4f72-96ee-5f18f2411e2e,73.1,71.1,83.6,65.4,"[""Practice Data Structures on LeetCode"", ""Complete AWS Cloud Certification""]"
7c250e7e-65fa-4fad-9fa4-a0977dc1b0e9,16a33464-ab52-4756-9a86-449f75b11a5f,72.5,68.3,91.8,58.7,"[""Practice Data Structures on LeetCode"", ""Complete AWS Cloud Certification""]"
825f8a78-be43-41fa-9ac5-21f7efe62390,57ed2e05-c77a-4f69-8cf7-78c8758232f0,70.6,72.4,71.7,67.0,"[""Practice Data Structures on LeetCode"", ""Complete AWS Cloud Certification""]"
e674e224-6970-45c5-80ec-ddcffed271ad,a77cf863-61c0-4dc2-a0c0-8bc118253a33,67.5,69.0,49.6,83.4,"[""Practice Data Structures on LeetCode"", ""Complete AWS Cloud Certification""]"
7fe1a879-3716-415d-8f27-9b8bf3a57c82,30eee6e9-a212-4cd0-b537-21290b8b9e3a,80.8,87.3,78.9,74.1,"[""Practice Data Structures on LeetCode"", ""Complete AWS Cloud Certification""]"
06722f26-be9d-42f0-a6f7-c49f61d547e6,dde68789-89a6-4de6-94f8-e8eb1a3f599e,74.9,76.6,57.9,89.8,"[""Practice Data Structures on LeetCode"", ""Complete AWS Cloud Certification""]"
969cdf9d-fdb4-4406-9b77-28e496c7a600,18564a06-d03c-41ff-b809-34e413e95595,62.8,61.7,68.2,58.9,"[""Practice Data Structures on LeetCode"", ""Complete AWS Cloud Certification""]"
ac513f1a-a64e-41e3-bfb3-2f0736560d39,d83832f5-1734-4f7e-a563-3d72a275e1f9,67.6,61.7,72.7,70.3,"[""Practice Data Structures on LeetCode"", ""Complete AWS Cloud Certification""]"
eb051844-6e2b-4162-89dc-f3b771223675,81996176-e873-4bfd-ab3f-0c75096cbfff,88.0,81.7,94.3,90.2,"[""Practice Data Structures on LeetCode"", ""Complete AWS Cloud Certification""]"
9d5bcdc2-a989-43d2-bc07-d44d0bfaec24,9fe1bad4-ae63-4419-88ba-01dd166646c6,77.5,93.5,53.4,80.3,"[""Practice Data Structures on LeetCode"", ""Complete AWS Cloud Certification""]"
6d34ec92-cfcc-43de-a9db-4c713aca2b49,1ea716bb-9a0b-4bfb-8309-27f15f00dd30,71.7,78.0,70.5,64.4,"[""Practice Data Structures on LeetCode"", ""Complete AWS Cloud Certification""]"
5947015c-a6b4-4176-818e-6789da485422,1bdf28f3-3c50-45b0-a013-366712b36e1d,74.5,68.9,92.9,63.4,"[""Practice Data Structures on LeetCode"", ""Complete AWS Cloud Certification""]"
8e939f4d-5f9d-47b0-bcb5-e76748b89d78,a8d38e72-9780-41a5-bf96-540ee5e6085b,69.8,62.1,92.9,57.0,"[""Practice Data Structures on LeetCode"", ""Complete AWS Cloud Certification""]"
2ad4c4b9-c747-4104-8302-e53c4fba9359,51f87301-2d3b-46c7-b992-2d2a536a77c7,75.0,73.0,79.8,72.7,"[""Practice Data Structures on LeetCode"", ""Complete AWS Cloud Certification""]"
fb61ba71-7ba0-4cfd-8258-a68b0a5a851d,f79c9f07-a125-4b05-9813-9ece9d090497,59.5,56.4,63.8,59.4,"[""Practice Data Structures on LeetCode"", ""Complete AWS Cloud Certification""]"
9ce11b35-9038-4735-9f50-48a907de968d,c71ed509-d656-4e2f-8147-6f70e32ad06d,38.9,38.7,46.0,32.1,"[""Practice Data Structures on LeetCode"", ""Complete AWS Cloud Certification""]"
40cbe9f0-cb91-498a-ab50-4d32f282cd61,82853abe-eccc-4f08-a4bd-7545c118be57,71.7,82.5,46.8,82.3,"[""Practice Data Structures on LeetCode"", ""Complete AWS Cloud Certification""]"
578cbe39-7a18-4133-b26a-737dd5c33bc1,f3304073-90ab-4af6-8d9c-7896102e6a70,78.7,87.2,58.9,87.2,"[""Practice Data Structures on LeetCode"", ""Complete AWS Cloud Certification""]"
8dbf3f06-91a9-4f65-bcc1-4bf3402f5020,fc73a073-b124-4bd5-bb86-7d25357071ed,69.3,71.0,73.5,62.8,"[""Practice Data Structures on LeetCode"", ""Complete AWS Cloud Certification""]"
4423d826-42a7-4ac1-b414-eccb1e970075,66189ab4-7e6f-4424-9998-c750776e2aa0,75.0,75.3,89.2,60.4,"[""Practice Data Structures on LeetCode"", ""Complete AWS Cloud Certification""]"
acbf86be-dcd1-4c08-a391-bf6b4b6bcfbf,bd787236-a7df-4f27-b9a5-5f483f9b46ce,51.7,46.4,68.3,42.2,"[""Practice Data Structures on LeetCode"", ""Complete AWS Cloud Certification""]"
4afd36f3-acb8-4042-904d-93ebb5a9a212,17c3882a-6bfc-4535-beea-5c57a93bf0c5,78.2,80.4,61.7,91.8,"[""Practice Data Structures on LeetCode"", ""Complete AWS Cloud Certification""]"
24a183fc-1111-4acf-b466-b133aa5178b2,1833c95e-89ca-488c-83f6-db55b15be6c9,79.5,91.4,48.1,95.2,"[""Practice Data Structures on LeetCode"", ""Complete AWS Cloud Certification""]"
f59781bb-eb8f-4da2-aecd-9b28eae49e9d,510d08a6-65bc-4888-9ecd-7e637777e85d,50.0,49.1,56.9,44.3,"[""Practice Data Structures on LeetCode"", ""Complete AWS Cloud Certification""]"
33099d89-7cf7-4e42-9b8b-9a8ffbbe1b2a,fb5465af-b2ce-4889-bf1a-bb209b543f4e,89.5,94.1,76.3,96.5,"[""Practice Data Structures on LeetCode"", ""Complete AWS Cloud Certification""]"
2b9d2c94-6816-4527-a8be-7e22fbdf1cad,19db61bb-5108-40fe-8cba-ad1acee0730e,67.4,70.1,67.1,64.1,"[""Practice Data Structures on LeetCode"", ""Complete AWS Cloud Certification""]"
b022041a-8d4a-49f9-a0f6-d68cb3440d79,916ea757-e807-45e5-a720-8767c5ee1cf5,61.4,55.8,82.6,47.8,"[""Practice Data Structures on LeetCode"", ""Complete AWS Cloud Certification""]"
eea5ed26-fe37-4355-9139-a3639e764cef,cfb9f426-6c61-4aa5-85f6-271515a6c269,66.5,52.0,91.9,60.5,"[""Practice Data Structures on LeetCode"", ""Complete AWS Cloud Certification""]"
2f6e7611-e0fc-4f4d-9547-ae097b549c37,c0e077b4-548f-4c33-9a4e-b3722e77fefc,81.2,73.6,87.0,85.7,"[""Practice Data Structures on LeetCode"", ""Complete AWS Cloud Certification""]"
2c522972-6442-4b0a-8e21-e54a9536f80c,af537692-9020-4300-8c7a-5f3ebb8fd0ca,50.6,55.9,51.9,42.2,"[""Practice Data Structures on LeetCode"", ""Complete AWS Cloud Certification""]"
ee31b748-ad4e-4705-9a00-70c64c5651be,a5ac9296-e848-4351-bd7b-9dee39cea3ad,57.2,55.4,72.1,44.8,"[""Practice Data Structures on LeetCode"", ""Complete AWS Cloud Certification""]"
6ad1379e-f766-4fe3-ad0e-c3683de7a7b1,792afdf7-08ec-48f4-8bac-670a5347ed4c,81.3,78.5,86.0,80.3,"[""Practice Data Structures on LeetCode"", ""Complete AWS Cloud Certification""]"
a23b3d87-70f4-49dd-9759-978f58a9abda,5a6d4646-27a2-44b4-859c-b9fe24289a00,78.5,80.2,68.8,86.0,"[""Practice Data Structures on LeetCode"", ""Complete AWS Cloud Certification""]"
e5502fba-317a-475d-b487-91a8b0e7c8fd,15bb0eaf-5b47-4e1f-90fe-a437c541116b,63.7,60.6,84.5,46.9,"[""Practice Data Structures on LeetCode"", ""Complete AWS Cloud Certification""]"
84452b79-5def-4b64-a4b4-b1b7f56bd15d,11a69a4f-88ea-4b47-a2a8-05e46b64f4d8,66.4,68.8,63.8,65.8,"[""Practice Data Structures on LeetCode"", ""Complete AWS Cloud Certification""]"
0ae0272f-8c55-4efa-87f4-7607577ba623,8a098256-3eff-4121-8bb8-b0e8705539b4,68.7,60.0,76.6,72.4,"[""Practice Data Structures on LeetCode"", ""Complete AWS Cloud Certification""]"
5fc1ff3d-6d21-4059-804b-db3e269ef9d0,ef3f1624-7ab1-4a9b-939f-e677ebb360d0,73.0,77.0,62.0,78.6,"[""Practice Data Structures on LeetCode"", ""Complete AWS Cloud Certification""]"
ee2e7c58-e128-4be1-a47d-e287592d57b0,3fcad028-d89e-42be-a18b-a94532a70a96,79.0,81.7,84.4,70.0,"[""Practice Data Structures on LeetCode"", ""Complete AWS Cloud Certification""]"
6261d413-66bd-4dc4-bfa0-5d3210b23b9e,d1d451aa-21ca-4233-afd4-555637b49547,70.0,83.9,48.3,73.2,"[""Practice Data Structures on LeetCode"", ""Complete AWS Cloud Certification""]"
dd984246-af15-45ac-989f-e7db88715d51,7db247af-6823-4298-b517-093dd0abbcb3,78.5,75.3,83.2,77.9,"[""Practice Data Structures on LeetCode"", ""Complete AWS Cloud Certification""]"
464f839a-cca9-467c-910b-bce45a015bc5,3d8801ff-0630-430e-a453-05824da0b9c0,80.4,75.1,84.2,83.8,"[""Practice Data Structures on LeetCode"", ""Complete AWS Cloud Certification""]"
3dc26afe-2903-429c-a85e-6b55d409b54a,70b10dd7-ddc3-4fdc-b7bd-dce70749210d,68.2,70.4,68.2,65.1,"[""Practice Data Structures on LeetCode"", ""Complete AWS Cloud Certification""]"
2556bcaa-217c-4770-b141-6eaad1ea35d7,ebc71a0e-0ba4-4dee-9661-db64e672c294,64.2,63.4,55.2,74.3,"[""Practice Data Structures on LeetCode"", ""Complete AWS Cloud Certification""]"
1c93761a-df12-49e6-bdb4-cf2e3210e61f,28e36f0d-8920-44ce-9075-986fdbfe09bb,69.7,82.7,51.7,70.2,"[""Practice Data Structures on LeetCode"", ""Complete AWS Cloud Certification""]"
eff21208-aca6-4a35-b052-45652d5e1011,2a582e8f-eea9-4bfb-b2ae-152de1199ccb,60.2,57.8,68.4,55.1,"[""Practice Data Structures on LeetCode"", ""Complete AWS Cloud Certification""]"
a721b5c2-2a2e-40ab-a038-fc8453511e8d,561a6a88-564d-4233-bffe-48347352024f,81.3,90.5,59.7,90.6,"[""Practice Data Structures on LeetCode"", ""Complete AWS Cloud Certification""]"
a7b61151-3e7c-4d01-a7de-3ce761c1fd4e,e9ef10b0-1171-4bea-8423-43c5b49dbe57,59.8,65.7,55.0,56.6,"[""Practice Data Structures on LeetCode"", ""Complete AWS Cloud Certification""]"
66141bd9-15d9-4783-885c-2d78182d07dc,dbac6907-6549-4f27-a048-d3f0f9f33b03,73.3,81.4,59.1,76.8,"[""Practice Data Structures on LeetCode"", ""Complete AWS Cloud Certification""]"
7225dd82-7437-45d3-be37-21ff36e4e9c7,a95ff413-cfac-443c-ad48-0a89ddd9fa7b,60.4,51.3,82.5,50.5,"[""Practice Data Structures on LeetCode"", ""Complete AWS Cloud Certification""]"
6f2cd093-4506-4391-b7c3-c85b4fdf5906,2bdabcc3-2e70-4201-b02c-45a7cd76215e,63.8,64.4,54.4,72.5,"[""Practice Data Structures on LeetCode"", ""Complete AWS Cloud Certification""]"
55133494-6393-4639-955f-5417025664e4,cdf960cc-20f0-4ed5-b302-3416ee54ce91,64.5,68.6,45.5,77.9,"[""Practice Data Structures on LeetCode"", ""Complete AWS Cloud Certification""]"
ee51c53c-388b-45c9-b4a1-aa163167839d,742ed6d3-a679-4e0e-bf16-5bc8d9f7a191,56.3,55.0,73.4,41.0,"[""Practice Data Structures on LeetCode"", ""Complete AWS Cloud Certification""]"
e4706b48-a68f-4b39-9f20-03aa6af0f21a,cf387281-581c-4a7e-8889-09483c9a887d,67.8,78.6,54.4,66.9,"[""Practice Data Structures on LeetCode"", ""Complete AWS Cloud Certification""]"
0feb301a-b8cf-4a12-91d6-267a0f3ff412,947996c3-564a-4dec-b498-80fca7c5fef2,77.7,84.9,75.2,70.7,"[""Practice Data Structures on LeetCode"", ""Complete AWS Cloud Certification""]"
e0640cb3-84cc-4ec1-b15e-c3eb15d2c946,119148b9-3bd8-4d16-a1ba-2498025e7e5d,65.0,72.0,63.4,57.3,"[""Practice Data Structures on LeetCode"", ""Complete AWS Cloud Certification""]"
8d0c5d1c-a856-4a9d-9a8e-18dc10998107,b9a45883-a739-48f5-9db4-571916cf5e78,79.7,81.1,64.4,93.2,"[""Practice Data Structures on LeetCode"", ""Complete AWS Cloud Certification""]"
ef1817fb-8e94-44d5-b053-504475fbd5da,4fb801ec-678c-4f37-b075-d58e3d1e135e,67.6,56.0,92.0,58.6,"[""Practice Data Structures on LeetCode"", ""Complete AWS Cloud Certification""]"
0c24b0a3-0aae-4f66-a51c-541d1a11c847,c3a5bedc-3e08-43a4-a155-5c47bcb81f19,84.6,77.2,90.5,88.6,"[""Practice Data Structures on LeetCode"", ""Complete AWS Cloud Certification""]"
f4b1208a-a554-4975-9e34-77df86b6efac,0708a157-b514-40a7-b530-0db007b81a2d,73.8,73.5,80.6,67.4,"[""Practice Data Structures on LeetCode"", ""Complete AWS Cloud Certification""]"
2d951276-3b6c-4558-8992-70dc0dea7820,58eb9d6f-18ec-4cdc-9da3-0b4b778443b2,77.5,74.7,78.0,80.7,"[""Practice Data Structures on LeetCode"", ""Complete AWS Cloud Certification""]"
0f7004da-25c1-4299-945b-9ff1cdb309c1,d8104ec1-8cad-4404-9997-2dcfe3a0d2d7,71.6,78.7,48.3,85.5,"[""Practice Data Structures on LeetCode"", ""Complete AWS Cloud Certification""]"
75f9cc94-e196-43e7-8fe5-058925a71b3e,2432e57e-0407-462e-8663-cc56f1dfd154,69.1,73.9,57.6,74.1,"[""Practice Data Structures on LeetCode"", ""Complete AWS Cloud Certification""]"
9103376f-f528-45aa-a90e-9f86e3aa88e1,9cfbfbf7-f5bb-495e-abc8-561307573cd6,48.2,54.4,45.5,42.8,"[""Practice Data Structures on LeetCode"", ""Complete AWS Cloud Certification""]"
b0a2515d-7b24-4409-8aa4-426a26536462,1e467b4d-2a27-4953-84ca-3186375fc486,68.8,70.0,66.9,69.1,"[""Practice Data Structures on LeetCode"", ""Complete AWS Cloud Certification""]"
a5308ff9-e561-4cf4-8d30-a30220e118ff,c0ea9146-1cce-4934-ab7f-bacaf6884e35,59.8,58.1,78.6,43.4,"[""Practice Data Structures on LeetCode"", ""Complete AWS Cloud Certification""]"
fae16986-c10b-4dda-b716-a27a7801c49f,5b235b87-58a4-48b8-8604-736ba413acae,69.3,77.0,47.4,81.0,"[""Practice Data Structures on LeetCode"", ""Complete AWS Cloud Certification""]"
a2da6c18-d909-487d-a0ad-ecbf4969dfb2,475036e4-6583-4e14-bf46-a1d0b9957a94,56.2,56.7,63.9,47.8,"[""Practice Data Structures on LeetCode"", ""Complete AWS Cloud Certification""]"
f9bc4629-4162-490b-bb03-6b933145291f,1e7696b9-23a1-4c71-aae4-74468d8ccaba,55.4,37.2,89.1,46.1,"[""Practice Data Structures on LeetCode"", ""Complete AWS Cloud Certification""]"
ecca35de-2918-44d6-b90f-1af3e83fbbd8,c6617192-683f-4679-9385-97a56662d2df,60.5,66.9,54.5,58.1,"[""Practice Data Structures on LeetCode"", ""Complete AWS Cloud Certification""]"
19aa60ac-725a-48e6-b4f5-c4613ff190b2,e614247c-70a3-4902-afa8-4576857d67f0,61.8,61.2,77.7,46.6,"[""Practice Data Structures on LeetCode"", ""Complete AWS Cloud Certification""]"
bf7761f7-e23e-4507-94d3-acc2658465ef,90f66b5f-7659-49c7-94ba-f10f0897b1ee,65.2,56.1,89.3,53.4,"[""Practice Data Structures on LeetCode"", ""Complete AWS Cloud Certification""]"
4829edbc-35bf-47ec-a380-8c8b4ce3a2d7,44cd8e9b-17bd-4a74-8b3f-cb8b844abb94,55.7,60.6,49.7,55.3,"[""Practice Data Structures on LeetCode"", ""Complete AWS Cloud Certification""]"
dab22eef-a32f-43bb-9682-b3e7686a60a8,24b49df4-206a-4308-a1de-991983ec1d76,81.6,88.6,78.3,75.6,"[""Practice Data Structures on LeetCode"", ""Complete AWS Cloud Certification""]"
27aa2c1a-f3c9-4066-90e9-d7756ecc2e46,b6eabf04-0b2a-4be6-ab3e-4d19ebdc3e6e,63.3,52.9,75.8,64.8,"[""Practice Data Structures on LeetCode"", ""Complete AWS Cloud Certification""]"
fef2c52b-92a7-45d7-9f86-da5abe16b66d,5a7326ad-a983-4333-975e-8f5cf239f7f4,57.4,63.3,52.6,54.4,"[""Practice Data Structures on LeetCode"", ""Complete AWS Cloud Certification""]"
c7ddb869-dd9a-48d0-aae2-4cc0a9fb6004,79df76d3-d99f-439a-b8c9-3a3223c01ce6,75.8,72.5,83.0,73.1,"[""Practice Data Structures on LeetCode"", ""Complete AWS Cloud Certification""]"
9966d9a1-12d4-489e-bf01-0579973d8975,33dd859a-b85e-4af1-ba10-852847124770,64.9,66.9,47.7,79.4,"[""Practice Data Structures on LeetCode"", ""Complete AWS Cloud Certification""]"
1e7e084d-3313-4244-a15b-9f7e19dad7fa,b7692caf-3ce0-4324-b3e7-e71753eccecb,63.0,54.4,69.6,68.0,"[""Practice Data Structures on LeetCode"", ""Complete AWS Cloud Certification""]"
7a1bc8c1-b9f3-4799-b392-bc2fd8b5850b,1c58a4bd-69ae-4d4b-9fd8-77454795b634,72.4,75.4,66.3,74.4,"[""Practice Data Structures on LeetCode"", ""Complete AWS Cloud Certification""]"
b4a60f84-b932-44f0-bfbe-dc0d6facb26d,32c7f8d3-d121-4f2a-b7e2-8353d5d728da,66.0,58.1,93.4,49.1,"[""Practice Data Structures on LeetCode"", ""Complete AWS Cloud Certification""]"
d371984a-6ed4-4e60-ada2-2605fea8f74f,d2a60c24-4820-4d1d-8293-7cb77ec3144a,62.6,66.3,66.4,53.8,"[""Practice Data Structures on LeetCode"", ""Complete AWS Cloud Certification""]"
37f3f380-f521-477b-a7f5-db23d37ad770,0ca18441-8ae3-4301-909d-69294c3c8a8c,60.1,59.7,59.2,61.6,"[""Practice Data Structures on LeetCode"", ""Complete AWS Cloud Certification""]"
b17534ea-c317-4b84-bcf0-497df02ed0ee,cb99d9de-7aec-49d6-8165-ecf0ed2125fd,69.7,58.8,88.1,65.7,"[""Practice Data Structures on LeetCode"", ""Complete AWS Cloud Certification""]"
cf9f3d7f-58e0-489e-81af-a312af62cc62,a84061a3-3fc6-4725-acbc-25eb3254213a,90.3,94.8,77.1,97.4,"[""Practice Data Structures on LeetCode"", ""Complete AWS Cloud Certification""]"
dd2d7b8f-894b-4c23-8489-82c676fae114,b21d7846-e4d1-4d9d-826f-a7fcf42d578a,74.8,74.7,69.4,80.4,"[""Practice Data Structures on LeetCode"", ""Complete AWS Cloud Certification""]"
842dbbb9-57e6-49d3-81d2-4009ac63e45a,af7efda8-abad-4afa-87b8-dd2ebc032bc4,75.9,72.2,78.8,78.1,"[""Practice Data Structures on LeetCode"", ""Complete AWS Cloud Certification""]"
d0b02b4c-ffe3-4b55-9174-4527aeebd057,c0c6c9fc-b0c4-461b-8289-78b176bc5daa,64.9,68.7,49.6,75.0,"[""Practice Data Structures on LeetCode"", ""Complete AWS Cloud Certification""]"
d3baf313-e2c6-4ed1-943d-9cd54ccc4882,a2a233ea-4f6f-402a-956b-6db7782b6ef6,64.2,69.6,57.6,63.7,"[""Practice Data Structures on LeetCode"", ""Complete AWS Cloud Certification""]"
e1252720-5bd2-42e2-8d98-6412e19319b0,0c1b69a6-351f-46b8-aac1-cb2bcbc389a9,67.2,60.6,73.6,69.5,"[""Practice Data Structures on LeetCode"", ""Complete AWS Cloud Certification""]"
c991a529-d952-4d06-920e-4cac36d56ec6,ee5fc224-6c59-4ddb-b91a-411803a28036,67.7,61.9,83.7,59.4,"[""Practice Data Structures on LeetCode"", ""Complete AWS Cloud Certification""]"
b52f52b8-1fa8-48ee-8617-f0f6c30290e1,b5344a53-010a-4422-a779-e861dc881b3f,69.0,69.6,54.1,83.1,"[""Practice Data Structures on LeetCode"", ""Complete AWS Cloud Certification""]"
3e2ea721-dbc6-4ac4-89b3-0ae0b8605900,8288120b-c4d4-47c7-8b90-e41f7f56c0eb,86.1,85.8,88.6,84.0,"[""Practice Data Structures on LeetCode"", ""Complete AWS Cloud Certification""]"
89b52ea2-3151-4545-84d9-6a846f74acee,9d92ae85-11e0-4446-99b3-0a8c090d5d1c,67.0,64.2,74.3,63.5,"[""Practice Data Structures on LeetCode"", ""Complete AWS Cloud Certification""]"
0140426e-beae-4e63-862e-5e77dbb7df32,bd9a9373-eb55-4e9d-9c95-016a0b2be880,67.5,61.7,84.6,58.0,"[""Practice Data Structures on LeetCode"", ""Complete AWS Cloud Certification""]"
5f56bad1-0ac3-43ee-b66e-4f20dad9437b,1f5620e1-bac2-4190-89cc-1945a52c4948,69.2,74.6,62.2,69.1,"[""Practice Data Structures on LeetCode"", ""Complete AWS Cloud Certification""]"
8cfecbab-b1bd-41c0-ac94-371260487cee,365a4687-3e1d-4d9b-879b-89931ae7ceda,53.7,52.6,45.2,63.7,"[""Practice Data Structures on LeetCode"", ""Complete AWS Cloud Certification""]"
02edca1a-97e7-4ddb-af2f-8ffd5bda320b,75500e58-34d0-4a57-a948-5e06d86a38c1,75.9,73.9,75.9,78.7,"[""Practice Data Structures on LeetCode"", ""Complete AWS Cloud Certification""]"
b652bbc0-5e54-4048-820b-389a28bc02a3,ebd8fd99-8fea-4d48-a553-40d2796af2a4,92.3,89.2,88.7,100.0,"[""Practice Data Structures on LeetCode"", ""Complete AWS Cloud Certification""]"
eb318ede-5289-482f-a4f2-18a14105ddbc,7efefd76-9db9-47d8-993c-a364b768b43d,73.2,59.8,91.6,72.7,"[""Practice Data Structures on LeetCode"", ""Complete AWS Cloud Certification""]"
f0f4e9ea-f1d4-4ad4-91b4-2bfb521580e9,90383e7d-7839-458c-8058-db94e51aa7a7,66.2,60.8,84.8,54.8,"[""Practice Data Structures on LeetCode"", ""Complete AWS Cloud Certification""]"
a9ef130a-3cbe-4bc7-9377-ffab85f7e6e6,5d73d650-ba2e-4f23-811d-9030da56caeb,81.2,87.8,53.5,100.0,"[""Practice Data Structures on LeetCode"", ""Complete AWS Cloud Certification""]"
6947e0bc-8da8-4445-8d2f-3f9b9b0f8712,d6010385-51c4-4a9e-a1d4-8cbcbb4dcdc2,86.2,83.8,78.3,97.3,"[""Practice Data Structures on LeetCode"", ""Complete AWS Cloud Certification""]"
79fa65b3-4058-411b-bba8-e66abc855bc7,42b5019d-ede1-43f8-ab39-8768fa454a81,91.5,93.7,83.3,96.7,"[""Practice Data Structures on LeetCode"", ""Complete AWS Cloud Certification""]"
d0a5c42b-bff7-4d10-ad3f-66856fba447a,741b6fb2-4fdb-4515-a545-ac9e79d07794,52.3,54.2,59.5,42.5,"[""Practice Data Structures on LeetCode"", ""Complete AWS Cloud Certification""]"
da021073-8c12-42a8-a924-b64265349e39,abde5451-01e8-46a3-83ab-265114261db1,70.9,73.4,74.5,64.1,"[""Practice Data Structures on LeetCode"", ""Complete AWS Cloud Certification""]"
1c9210fd-a1a0-476a-9c72-1b48fb515931,f2a95b3d-ac82-43f8-bfb8-5e676d9dadb4,66.0,70.2,45.5,80.8,"[""Practice Data Structures on LeetCode"", ""Complete AWS Cloud Certification""]"
7efd4b97-ac19-4682-bb4e-54e3f96ab977,52dfa3aa-20c2-418e-adc3-dd23a70087c8,73.3,72.3,70.1,78.0,"[""Practice Data Structures on LeetCode"", ""Complete AWS Cloud Certification""]"
b11b9bb3-40fb-4dd1-90d2-aac39c6e131a,92f4fbc8-50ff-4ce0-8ccc-49b152ba9ce7,61.8,56.1,85.5,45.7,"[""Practice Data Structures on LeetCode"", ""Complete AWS Cloud Certification""]"
00e9f34d-ba40-4b83-a6b0-94ae9e6a4821,e800936c-b35a-4ac2-ab49-184cc4c1a6c9,84.9,92.3,60.0,100.0,"[""Practice Data Structures on LeetCode"", ""Complete AWS Cloud Certification""]"
66c76ac8-a3c0-4443-b06a-61c6a574d025,edc01d5e-1387-4af9-bfd8-f6ecadee47d8,66.2,66.5,64.6,67.3,"[""Practice Data Structures on LeetCode"", ""Complete AWS Cloud Certification""]"
7a27d2b6-f408-4f99-97b8-688bbdf5c5e2,1b52325d-f9a2-4cab-bb5f-6e02021d7949,78.8,81.7,73.9,80.0,"[""Practice Data Structures on LeetCode"", ""Complete AWS Cloud Certification""]"
8e49bba7-426a-41fc-a8b6-80c565839935,07e7ded9-5cbb-4a52-b079-a716069ac87d,78.8,78.6,73.8,83.9,"[""Practice Data Structures on LeetCode"", ""Complete AWS Cloud Certification""]"
2fbee106-566a-4ca9-9dc1-bdb05c9c2fbb,49857ed5-6a7b-494c-842c-3a680967b69a,66.5,68.5,47.6,82.9,"[""Practice Data Structures on LeetCode"", ""Complete AWS Cloud Certification""]"
572d5905-887c-4e5a-b91c-9f33a110fe05,e53f543e-152f-4b55-adb6-cb5a85d4e3d8,70.7,76.7,57.0,76.4,"[""Practice Data Structures on LeetCode"", ""Complete AWS Cloud Certification""]"
d76206f6-7a15-4e93-a1da-585fa4bcfe18,c91ca2dc-0c8c-4c55-90f7-c2f9e16c093f,70.8,78.6,67.3,63.9,"[""Practice Data Structures on LeetCode"", ""Complete AWS Cloud Certification""]"
2d60b3fa-dbd4-481b-818d-7b0aa4f246c5,7e8354cd-c153-4e88-a9f8-db0ac6be958b,83.7,80.5,82.3,89.3,"[""Practice Data Structures on LeetCode"", ""Complete AWS Cloud Certification""]"
144e2263-5b10-4937-9652-532dab5abe2a,25a7956e-3c76-43af-ad92-c6a174d6b5d1,77.7,72.8,88.1,73.9,"[""Practice Data Structures on LeetCode"", ""Complete AWS Cloud Certification""]"
4a4b8d60-a4ef-4c84-abe1-eca242cc62be,d51d66aa-0e64-4f01-a691-f1b7169d1be6,64.4,57.4,74.2,63.8,"[""Practice Data Structures on LeetCode"", ""Complete AWS Cloud Certification""]"
98b2dac8-0d61-4bb0-a78a-6d5f1f32a552,200c3d16-5001-45c6-9322-896b16a1dba6,76.6,77.9,85.0,66.6,"[""Practice Data Structures on LeetCode"", ""Complete AWS Cloud Certification""]"
8663494e-2e35-4d99-80de-4d499fa0f6b3,59610b92-d90e-45f3-82af-36a2029b5490,62.2,69.5,51.2,63.5,"[""Practice Data Structures on LeetCode"", ""Complete AWS Cloud Certification""]"
c7c1bdb8-7dd8-46ae-922a-d06a7603710c,88aa53a5-221f-42b9-89e9-1e957069cf92,63.3,63.1,69.5,57.5,"[""Practice Data Structures on LeetCode"", ""Complete AWS Cloud Certification""]"
f5eb05c1-0ffb-4cb7-988f-8147ff3cb8cc,0024cc2b-b9b9-465e-8a70-6fb0348afcb1,57.1,54.7,52.1,65.4,"[""Practice Data Structures on LeetCode"", ""Complete AWS Cloud Certification""]"
a3c34159-9dc9-4ccb-a2cd-243b4cf3fd31,74fdba63-6dda-41bf-b3f5-b2c9a511ef58,63.3,63.6,58.0,68.1,"[""Practice Data Structures on LeetCode"", ""Complete AWS Cloud Certification""]"
ecb01ab9-0c6a-4dc0-90c7-5dd87dcaf8e1,2a1809dd-5e85-4323-9190-d203f33fb2a8,81.1,89.0,58.5,93.0,"[""Practice Data Structures on LeetCode"", ""Complete AWS Cloud Certification""]"
09b25186-034b-45c1-b978-ecc22ad1fb83,aeffd5c5-5f29-4091-be8a-ea2bb00b354d,57.2,55.0,75.2,42.3,"[""Practice Data Structures on LeetCode"", ""Complete AWS Cloud Certification""]"
094482af-a708-4fa8-94d9-88d5eff11f2b,d775fee5-06ef-48ea-afc4-817fbff83ccd,77.3,92.6,56.3,77.9,"[""Practice Data Structures on LeetCode"", ""Complete AWS Cloud Certification""]"
a65ace18-6f94-43ff-83d2-8acb3478a122,9fed4953-f4af-488f-adca-2e3051a756c9,73.3,73.3,85.3,61.2,"[""Practice Data Structures on LeetCode"", ""Complete AWS Cloud Certification""]"
aa6efb78-ddaf-4411-8974-bd88464bc73f,353c83ab-7797-44a2-b291-ac914d1ff87b,60.9,48.9,92.3,45.6,"[""Practice Data Structures on LeetCode"", ""Complete AWS Cloud Certification""]"
8d798eb5-7297-4064-a856-f878c65ec6a4,1f58eb28-4a34-4c9c-ab2d-ace1494d1099,57.8,64.7,52.8,53.5,"[""Practice Data Structures on LeetCode"", ""Complete AWS Cloud Certification""]"
14793f93-2796-4a27-9449-c880c27ccb64,1aa0c5e8-1f1d-4280-ac46-ae40989b5c9b,81.0,88.0,65.9,86.7,"[""Practice Data Structures on LeetCode"", ""Complete AWS Cloud Certification""]"
1b411f08-01d9-4958-9466-9abb9c0863c8,448f9d7f-19cf-47a9-8fae-a872a8a0815b,75.5,64.5,87.9,77.9,"[""Practice Data Structures on LeetCode"", ""Complete AWS Cloud Certification""]"
158c0072-965b-46fa-a112-0426510a56c3,c40edde9-dda4-49d1-aceb-f34caeedcca0,68.3,79.3,49.2,72.9,"[""Practice Data Structures on LeetCode"", ""Complete AWS Cloud Certification""]"
6fa093e1-9538-42d1-9f72-db5bfb39ec7b,bf3bab5b-d911-45b1-accc-9068cc247a70,64.8,54.8,75.8,67.1,"[""Practice Data Structures on LeetCode"", ""Complete AWS Cloud Certification""]"
3f6bbf65-4a10-4978-9069-7e937d702c78,c73f1973-1fe2-4055-b2b0-0e0b615e9b86,80.7,73.1,93.2,78.3,"[""Practice Data Structures on LeetCode"", ""Complete AWS Cloud Certification""]"
bf46fcf5-6677-4c90-a2e0-6dae575bd0b0,d5ae9762-feae-4dda-b484-b12961a1c968,87.8,98.7,66.1,95.1,"[""Practice Data Structures on LeetCode"", ""Complete AWS Cloud Certification""]"
ca4e6395-4d54-41f8-9253-51801ac3dd5b,4154b673-3743-4021-a177-5bf305937e30,72.5,77.0,69.2,69.9,"[""Practice Data Structures on LeetCode"", ""Complete AWS Cloud Certification""]"
52ea540a-fcd4-43be-a46f-31ab935f2175,88bd303b-323b-4dcc-8d13-80b7b238e458,96.9,100.0,89.6,100.0,"[""Practice Data Structures on LeetCode"", ""Complete AWS Cloud Certification""]"
33a679c7-b571-44b1-8f17-796dd25662fd,d694668f-77f4-468e-8e3a-426ca239c4c8,59.7,66.7,45.4,64.6,"[""Practice Data Structures on LeetCode"", ""Complete AWS Cloud Certification""]"
b5ad54ee-95a3-4c10-b8cc-7f008b07eac1,a9afb85a-ba06-4c1a-99d5-2da26a6a681d,55.0,54.3,57.5,53.4,"[""Practice Data Structures on LeetCode"", ""Complete AWS Cloud Certification""]"
2bed7fe9-4993-4443-93a2-927933bbd8e2,fc64f279-7f37-4a0c-8666-63fea6ee3711,69.3,73.0,62.7,71.0,"[""Practice Data Structures on LeetCode"", ""Complete AWS Cloud Certification""]"
6d9cc4ee-d7b6-4c43-920b-930118b67957,aa05300a-dfe1-4fe5-bd1c-75b153ccd355,77.4,76.4,90.0,66.2,"[""Practice Data Structures on LeetCode"", ""Complete AWS Cloud Certification""]"
ab389fd3-895b-44e1-83cc-1c7bfd63c65f,8bc40b4b-faa5-4855-b20b-96d0bc6866f5,66.3,54.2,83.2,65.7,"[""Practice Data Structures on LeetCode"", ""Complete AWS Cloud Certification""]"
6df7d9c4-f4ca-4022-be94-fd771d8dd352,94278129-9587-49a6-a1c2-32d0da2d8903,70.7,67.6,70.0,75.6,"[""Practice Data Structures on LeetCode"", ""Complete AWS Cloud Certification""]"
646afd32-3038-4293-ab1e-99e07d103076,79c66d62-85ec-464c-851c-fddacf105bd0,82.3,84.5,69.3,92.3,"[""Practice Data Structures on LeetCode"", ""Complete AWS Cloud Certification""]"
8b149d5e-92bd-4d15-a8f1-3645ce3b597a,1e68384e-18a3-4186-9155-1704e8e46e39,76.3,80.3,57.4,89.9,"[""Practice Data Structures on LeetCode"", ""Complete AWS Cloud Certification""]"
c35b571c-ccb9-42a0-a41d-3edf4925b583,72ffb51a-4f2c-4beb-89be-48644de71420,67.3,71.2,65.1,64.4,"[""Practice Data Structures on LeetCode"", ""Complete AWS Cloud Certification""]"
2191e779-8627-4abc-b776-20bc5d457ce0,f5ff0a9c-ec9e-4df5-a568-063faa105a2e,64.6,64.7,60.3,68.7,"[""Practice Data Structures on LeetCode"", ""Complete AWS Cloud Certification""]"
f6089d10-6b48-4bc1-8e7b-922bd6d3bfcf,ffabdd59-ccc8-4098-8bfb-06cad728e3f0,52.6,52.9,58.5,46.3,"[""Practice Data Structures on LeetCode"", ""Complete AWS Cloud Certification""]"
e3532bd3-55c0-4054-a32c-792b54de101f,51fc8967-615e-45dd-ac13-838ef464278e,63.9,59.8,82.2,51.2,"[""Practice Data Structures on LeetCode"", ""Complete AWS Cloud Certification""]"
87f466e0-3592-417c-beec-62727d40848e,2c6f1d1d-78bc-4527-b6a5-006ea336e3c2,58.1,59.1,50.6,64.2,"[""Practice Data Structures on LeetCode"", ""Complete AWS Cloud Certification""]"
9d5d6b69-b5d7-498c-a039-2ff3bbc608af,e3e54023-c0aa-49ca-9a5b-09a2edf79970,54.6,51.8,58.8,54.3,"[""Practice Data Structures on LeetCode"", ""Complete AWS Cloud Certification""]"
50ac46a8-4ef2-42d3-82d5-c5e055ca5c0c,e4b232db-c745-4bc1-b4c7-e37c85f372fb,78.8,88.9,67.3,76.9,"[""Practice Data Structures on LeetCode"", ""Complete AWS Cloud Certification""]"
9b62fed2-d375-4b93-83ee-c519d39ec500,c338e056-2585-41f0-abb8-d65ecb53a70d,56.0,55.9,54.6,57.4,"[""Practice Data Structures on LeetCode"", ""Complete AWS Cloud Certification""]"
4158b661-e919-42e9-a1e5-e7c671375805,485c9553-463f-4962-82b1-f171ad8c70fb,54.8,44.5,66.0,57.4,"[""Practice Data Structures on LeetCode"", ""Complete AWS Cloud Certification""]"
40a02d2f-346f-46bf-8299-3ff3a4e2b22a,c836a097-38a4-4060-af53-9c3b2eaa4bb2,78.0,74.2,79.7,81.4,"[""Practice Data Structures on LeetCode"", ""Complete AWS Cloud Certification""]"
ea1a4fb6-435b-4673-afa7-70d4a4347451,5ae77cf9-84a0-4036-a4ce-e6c6bd930a81,69.3,77.9,58.6,68.4,"[""Practice Data Structures on LeetCode"", ""Complete AWS Cloud Certification""]"
08183347-5d9b-4c47-9bfe-18f0f8781815,6e45faaf-11a8-4055-b0b9-5e35beb79440,75.4,81.0,56.0,87.2,"[""Practice Data Structures on LeetCode"", ""Complete AWS Cloud Certification""]"
fe67a5b6-77f2-4e2c-b550-e0a73e492e9f,f40f5d2b-a245-42bf-aad5-0fc80d47cac5,70.0,73.5,47.6,87.9,"[""Practice Data Structures on LeetCode"", ""Complete AWS Cloud Certification""]"
941813ea-ffb1-41a1-9bcd-2b1a47f9237f,2685b452-d129-4463-a739-3c362f4120c7,71.2,57.2,92.3,68.7,"[""Practice Data Structures on LeetCode"", ""Complete AWS Cloud Certification""]"
93b57897-7125-4bcf-b54c-17c5e18fe2b4,aeb81a28-905b-4064-a805-0a8384a9d1a0,73.5,75.0,56.0,89.0,"[""Practice Data Structures on LeetCode"", ""Complete AWS Cloud Certification""]"
8933e40e-76f2-40c4-8583-c8fce9308b22,f32c7625-4071-40d5-9354-ce93269e7e87,62.4,63.8,55.2,67.7,"[""Practice Data Structures on LeetCode"", ""Complete AWS Cloud Certification""]"
b72302be-a1e4-4225-a6a9-cb3f6f29d75b,4f8ace03-2e04-4b18-8627-1ebba41de43f,71.3,68.7,68.0,78.2,"[""Practice Data Structures on LeetCode"", ""Complete AWS Cloud Certification""]"
ff1d51e2-a72d-4126-953d-ea8ab1cd11e7,aca7ceaa-6def-4e7c-be7a-2e5f8a48c140,60.2,68.4,48.6,60.8,"[""Practice Data Structures on LeetCode"", ""Complete AWS Cloud Certification""]"
99234f53-26e8-4ff1-844e-fdf7ba522f03,ace83e17-34a2-4d4f-b078-852aba41c658,62.1,64.8,46.0,74.6,"[""Practice Data Structures on LeetCode"", ""Complete AWS Cloud Certification""]"
2120005f-2649-47c8-9164-bb4cd343b699,34e68226-d81d-40b3-bc05-41e178b298b1,70.4,77.3,45.5,86.0,"[""Practice Data Structures on LeetCode"", ""Complete AWS Cloud Certification""]"
25899b7f-7781-4b32-88de-1d6562047027,b2fbba87-7a8e-47c4-b4ed-533c9e250d62,61.4,70.8,52.7,57.5,"[""Practice Data Structures on LeetCode"", ""Complete AWS Cloud Certification""]"
71154bc6-9e8c-411e-a508-edc5c759dd6f,9f9059af-8f3b-43ba-b3b0-8972e2911d53,72.1,65.8,89.3,63.3,"[""Practice Data Structures on LeetCode"", ""Complete AWS Cloud Certification""]"
db6e0008-97fa-47a3-a3b1-d0a8df1440e4,4e90571e-8d29-4026-98ac-70ef5babc57f,66.9,59.0,88.9,55.5,"[""Practice Data Structures on LeetCode"", ""Complete AWS Cloud Certification""]"
97bb87c0-eff1-4a76-95c0-d468937f19cf,539f828a-a8b4-48f7-bd82-b6a031f44596,66.2,69.9,61.7,65.7,"[""Practice Data Structures on LeetCode"", ""Complete AWS Cloud Certification""]"
09c95a43-7566-4318-bb7d-0f10280295f6,811c98a0-25c2-44fa-9c07-14c33bdcd376,73.2,80.0,52.5,85.0,"[""Practice Data Structures on LeetCode"", ""Complete AWS Cloud Certification""]"
fbcc4241-844d-481d-a089-a79b1c54edef,c22956f4-b3a4-46af-bcbf-42c05e08acff,88.5,82.5,88.1,96.8,"[""Practice Data Structures on LeetCode"", ""Complete AWS Cloud Certification""]"
9b3e95b0-708a-42fd-b93e-78d5f62f8b53,ed40ade3-3132-4839-ab4c-9622a8e92494,73.3,84.0,50.7,81.8,"[""Practice Data Structures on LeetCode"", ""Complete AWS Cloud Certification""]"
0e10e75b-d3f1-43ef-a60e-03fe7b8831c5,828d8c74-0036-4277-81af-d4700dfc81c6,66.0,64.7,69.7,64.1,"[""Practice Data Structures on LeetCode"", ""Complete AWS Cloud Certification""]"
6ad56959-2b05-45cf-87e9-1140565db39d,825b1a2c-10a0-4580-82e9-2d9a53634557,73.1,74.0,69.9,75.0,"[""Practice Data Structures on LeetCode"", ""Complete AWS Cloud Certification""]"
7905f1bc-3e5f-41c0-8e30-39871ace9cae,0978d6d4-2569-4a6c-bcb2-82a95e2ed768,53.4,48.1,55.2,58.6,"[""Practice Data Structures on LeetCode"", ""Complete AWS Cloud Certification""]"
bce4efb0-3b15-450f-92c1-062dcf618cd7,7380c0eb-edee-48e7-93bd-f24851bc903c,81.5,78.6,86.8,80.1,"[""Practice Data Structures on LeetCode"", ""Complete AWS Cloud Certification""]"
9c0fb78a-20a7-4c56-aa5e-b5aa26b77f66,26061ff7-9b8e-4726-b727-d3b4a95d28bf,69.6,73.6,46.3,87.5,"[""Practice Data Structures on LeetCode"", ""Complete AWS Cloud Certification""]"
333b479e-9810-4477-a8a3-81ef0ee8faae,8c3fde4c-2d89-4665-8630-4d634cac6790,47.0,48.1,52.1,40.5,"[""Practice Data Structures on LeetCode"", ""Complete AWS Cloud Certification""]"
6d88d1d0-f2fe-441d-85d0-efaa740e866b,d5faef6d-1c0f-42d0-bd08-c6248a06652d,73.5,70.9,81.1,69.2,"[""Practice Data Structures on LeetCode"", ""Complete AWS Cloud Certification""]"
f9a6bf74-4686-4347-bd77-ccc50b9cc049,712ff425-dba8-4bb2-9d76-10c41a7aff9a,82.3,83.4,66.2,96.8,"[""Practice Data Structures on LeetCode"", ""Complete AWS Cloud Certification""]"
1cc63263-a28a-45d5-bd43-a17e451ed9a0,5498f25a-ee5d-470f-ad4e-77381e770e42,79.3,76.7,71.1,91.0,"[""Practice Data Structures on LeetCode"", ""Complete AWS Cloud Certification""]"
cecc4e79-9b2d-4746-9c31-6646d01d68b8,5c6cc2ed-3771-47f4-8f7f-556ebbe393b5,73.5,78.1,68.4,72.5,"[""Practice Data Structures on LeetCode"", ""Complete AWS Cloud Certification""]"
d66b4478-9e38-4036-81d2-f1bad5631cfc,7c835fa2-3d85-4d9b-8397-bda38fa681da,67.1,76.1,50.2,72.0,"[""Practice Data Structures on LeetCode"", ""Complete AWS Cloud Certification""]"
a122ebc7-bc79-4cc8-9a42-d49f59dbfa19,c0ee9ff8-c659-4e90-94d2-978d4284b34a,71.7,69.4,82.8,63.7,"[""Practice Data Structures on LeetCode"", ""Complete AWS Cloud Certification""]"
a2368121-9033-4ab8-b976-3cc1de1aa4f8,387649e6-2b27-4ab2-8f64-a27e321d983f,68.7,67.8,84.5,54.2,"[""Practice Data Structures on LeetCode"", ""Complete AWS Cloud Certification""]"
90c506cd-d182-4c5f-89e8-0b2e0831ed6b,f0aa3c56-1768-4dcb-906a-9e974944c482,79.7,89.2,60.7,85.9,"[""Practice Data Structures on LeetCode"", ""Complete AWS Cloud Certification""]"
6ebdce7f-0853-477a-a720-5066cdf7d22f,73246218-dea4-4b96-92ff-a3977ab84d18,59.5,56.4,64.1,59.0,"[""Practice Data Structures on LeetCode"", ""Complete AWS Cloud Certification""]"
330204b2-79f4-44fd-9447-e1c8b60a5f87,8f0e6792-b0ca-4f50-9384-741138a75598,88.7,94.2,70.1,100.0,"[""Practice Data Structures on LeetCode"", ""Complete AWS Cloud Certification""]"
c9ab3da6-b832-4bfa-9f15-114cfe9b8193,50d8dbfa-8647-4f4a-b95e-4cc2e88534d6,70.4,67.1,92.0,53.3,"[""Practice Data Structures on LeetCode"", ""Complete AWS Cloud Certification""]"
ad3cf053-1433-4b4f-bbf3-1be247e331a8,9f30ce9f-6e00-4afb-a85c-a4b2712dc148,75.2,80.4,52.1,91.5,"[""Practice Data Structures on LeetCode"", ""Complete AWS Cloud Certification""]"
bcf0bfae-0e75-47ef-9bff-ff80ca11e6f7,c2b3bd72-a29e-4f8b-baad-79f8b1569908,59.3,55.0,73.8,50.6,"[""Practice Data Structures on LeetCode"", ""Complete AWS Cloud Certification""]"
61b80901-a157-4e0d-8672-ea52fd703952,a7311312-bdf5-4157-b29e-dd9d9d830bf3,98.0,100.0,93.6,99.6,"[""Practice Data Structures on LeetCode"", ""Complete AWS Cloud Certification""]"
897d68b0-2fef-4157-9c57-7ac6403bbf93,996351d8-9c51-4c46-992d-6e82a35f3644,88.7,83.5,87.2,97.1,"[""Practice Data Structures on LeetCode"", ""Complete AWS Cloud Certification""]"
36af3387-2917-4676-abf3-1527cc12391f,cc26aa44-21c3-4e9e-996a-07a135e1c8f2,74.9,70.8,77.2,78.0,"[""Practice Data Structures on LeetCode"", ""Complete AWS Cloud Certification""]"
49d2b8f4-1e5d-43eb-9f2b-0012ddce41e8,bdccaded-65ea-4501-aede-7ce1561e758b,76.1,74.7,87.7,66.4,"[""Practice Data Structures on LeetCode"", ""Complete AWS Cloud Certification""]"
b8c70a8b-5170-4994-8d61-6349401b11f1,3c649419-c932-4826-ade9-8beb159a5559,60.5,46.1,81.6,58.6,"[""Practice Data Structures on LeetCode"", ""Complete AWS Cloud Certification""]"
66ee6e37-2b37-4a79-9225-a6a3828af4e8,239fc409-b6bf-40db-b7de-8a32df040920,67.4,69.6,68.8,63.0,"[""Practice Data Structures on LeetCode"", ""Complete AWS Cloud Certification""]"
4ef0b2f7-b74d-4f69-b551-335c532f58a3,4f238c69-d0d9-42af-9c9b-82743b861003,80.6,84.9,83.7,71.8,"[""Practice Data Structures on LeetCode"", ""Complete AWS Cloud Certification""]"
cac3c915-8446-46bb-8ec4-8c61766e59f4,989d7365-227f-4bdf-b747-3bdbfd414519,80.5,87.4,76.8,74.9,"[""Practice Data Structures on LeetCode"", ""Complete AWS Cloud Certification""]"
ee00ef57-6a46-49b8-b8a0-b8f247a199f6,2412b7f0-1aba-43e8-9d6c-63e430338438,67.2,65.4,78.5,58.2,"[""Practice Data Structures on LeetCode"", ""Complete AWS Cloud Certification""]"
0e451ef5-40f0-46c8-9747-5eda21f80ce0,f9e7f15a-7fdf-479f-9430-2473469d0752,82.9,88.4,69.1,89.5,"[""Practice Data Structures on LeetCode"", ""Complete AWS Cloud Certification""]"
cddfb30c-fd27-469f-9afd-6543a052ab00,c6c034d5-5398-438a-939e-c289746d58a6,83.2,84.2,89.7,75.2,"[""Practice Data Structures on LeetCode"", ""Complete AWS Cloud Certification""]"
0684ffcc-59e1-4ab1-ac13-87b676a31f5a,255028ff-4668-4c76-b8c1-ba1e9a684c68,51.1,48.4,67.9,37.8,"[""Practice Data Structures on LeetCode"", ""Complete AWS Cloud Certification""]"
946dbe93-d581-4c26-ad61-8adceb30ffa7,9bcf43b7-8331-4915-85f3-54f312f1dac1,72.1,63.7,94.0,61.3,"[""Practice Data Structures on LeetCode"", ""Complete AWS Cloud Certification""]"
fa79c6f0-ff6b-4a4e-ba75-595cf9f2a1f5,4e3d90be-9d47-4eb7-8527-dba7131cc5e8,65.7,69.3,63.2,63.4,"[""Practice Data Structures on LeetCode"", ""Complete AWS Cloud Certification""]"
834b252c-6426-45d1-be08-fa5e02fb0c55,72d5d83c-8fec-4702-ad0a-f9ab6ed635ca,63.7,59.8,72.1,60.5,"[""Practice Data Structures on LeetCode"", ""Complete AWS Cloud Certification""]"
7d7f8029-33d1-46b7-b8a6-1b369bc53144,aa36fed2-9311-4264-aea1-aa7a54e0a7b4,63.8,55.4,78.0,60.8,"[""Practice Data Structures on LeetCode"", ""Complete AWS Cloud Certification""]"
e6b464c2-3a2c-4a73-bd16-89d0019dbc77,1c933004-18b4-4b09-91b5-5fb685f133c8,87.7,93.9,75.8,91.2,"[""Practice Data Structures on LeetCode"", ""Complete AWS Cloud Certification""]"
7dbf0f44-6f7e-4574-b183-d5ede97cef5d,aaa0772a-6377-4153-88e1-221fe96680f6,68.9,64.6,87.6,56.0,"[""Practice Data Structures on LeetCode"", ""Complete AWS Cloud Certification""]"
7d5185f5-2272-461f-9d54-2a93ec4f3827,4c126d58-064d-4d70-84b0-887308fe829a,84.0,84.2,84.7,83.1,"[""Practice Data Structures on LeetCode"", ""Complete AWS Cloud Certification""]"
494f22e1-8366-4655-8130-76152d94c009,25e537ea-d4ab-4819-a3e8-d4b4f0bb3903,80.6,84.2,77.9,78.4,"[""Practice Data Structures on LeetCode"", ""Complete AWS Cloud Certification""]"
1cfd0f25-3362-4916-97ad-648036e20aee,6c9046dc-39db-409f-9220-abe036a1d722,73.1,73.0,63.7,82.5,"[""Practice Data Structures on LeetCode"", ""Complete AWS Cloud Certification""]"
040daf4f-9c1d-46e2-a878-84163170ab8e,006401e0-058b-4699-baa5-b419dc78f05d,75.4,78.5,64.6,82.0,"[""Practice Data Structures on LeetCode"", ""Complete AWS Cloud Certification""]"
5fe54686-3b5e-424d-b176-969158a809cd,2da760e9-22f1-4f8c-a9a6-f8c8558e9057,83.4,89.6,70.9,87.7,"[""Practice Data Structures on LeetCode"", ""Complete AWS Cloud Certification""]"
e2da8396-cfbd-45ff-914e-80f61c5ba77c,87410cc3-bbe5-4881-919c-09472ff3064d,59.0,65.8,55.2,53.6,"[""Practice Data Structures on LeetCode"", ""Complete AWS Cloud Certification""]"
878d24c7-3534-45b2-acad-8ac726bf8e22,88f418e6-ad4a-405b-95ef-10c82ae97bdb,58.8,61.2,46.3,68.2,"[""Practice Data Structures on LeetCode"", ""Complete AWS Cloud Certification""]"
3eff1962-70e3-4577-882c-ca85cbccad8b,53552857-59bc-466b-a1aa-8c218ba3668c,70.5,72.6,57.3,81.0,"[""Practice Data Structures on LeetCode"", ""Complete AWS Cloud Certification""]"
5066c274-3987-4c9f-8fd5-c5de256218b6,3775ddfe-542b-45fb-a34d-ec5a98bfaf13,82.8,85.5,88.3,73.8,"[""Practice Data Structures on LeetCode"", ""Complete AWS Cloud Certification""]"
28590804-88ac-4691-aac4-6e6b8a6cd7a5,e4fb146f-009c-4621-8475-18b825dfaed7,67.6,65.2,63.1,75.3,"[""Practice Data Structures on LeetCode"", ""Complete AWS Cloud Certification""]"
442c5ccd-6b77-4e12-bfac-24492d94ce9a,1e52497b-9585-49ec-a05f-d7706f227e68,60.5,53.2,66.0,64.9,"[""Practice Data Structures on LeetCode"", ""Complete AWS Cloud Certification""]"
d4573de7-57e3-4c62-ba8d-b7807d72a6d1,e19d336d-aa2a-4ae0-8d0d-6ce195c50a6d,55.9,55.2,62.1,50.6,"[""Practice Data Structures on LeetCode"", ""Complete AWS Cloud Certification""]"
2b5313e5-40b9-46c9-8c9a-fc8122c0892c,01fea676-9226-4a49-8484-5dff4b3f11df,61.7,74.3,46.5,60.0,"[""Practice Data Structures on LeetCode"", ""Complete AWS Cloud Certification""]"
d855ea46-58f7-4118-9ad8-f25dae69d108,124dceff-3c91-42c3-8220-e02831b43603,77.9,70.7,81.4,83.9,"[""Practice Data Structures on LeetCode"", ""Complete AWS Cloud Certification""]"
e9b946b3-3be6-4c75-909a-075f27c3accf,31e3f3ba-8f9f-4a2f-b1dc-3e9a16e5e23b,80.8,85.3,69.8,85.7,"[""Practice Data Structures on LeetCode"", ""Complete AWS Cloud Certification""]"
7f9e7ef8-e97e-4776-be4d-694cae3a70e3,908f83e1-34e3-4886-b25f-a103833e1ea9,78.4,86.7,50.1,95.5,"[""Practice Data Structures on LeetCode"", ""Complete AWS Cloud Certification""]"
01113f17-2f13-4156-9b5a-da4446cb8d99,674ffc0a-b3fa-4f84-b5a0-a91760b1afd8,84.5,81.4,82.4,90.9,"[""Practice Data Structures on LeetCode"", ""Complete AWS Cloud Certification""]"
249fa078-d225-4a58-acb6-558c1c424042,0b25c661-ff77-493a-b329-c748086f4578,49.3,50.3,46.7,50.6,"[""Practice Data Structures on LeetCode"", ""Complete AWS Cloud Certification""]"
60b3788e-868a-49f4-8ed6-728aa0f80b1e,7df02ce8-fc7b-412e-ad7e-79fe3ac43f53,59.0,64.3,54.3,56.7,"[""Practice Data Structures on LeetCode"", ""Complete AWS Cloud Certification""]"
003caeaa-3efb-4a57-98b1-503ab02f9c59,77688f13-f461-4068-978d-de811e64bdeb,77.7,80.1,80.8,71.5,"[""Practice Data Structures on LeetCode"", ""Complete AWS Cloud Certification""]"
e9be4aed-15d3-4b4e-9a8f-dc857646cc95,e150210e-4261-49f2-9ca7-42775e792749,54.1,50.7,58.9,53.9,"[""Practice Data Structures on LeetCode"", ""Complete AWS Cloud Certification""]"
20e4cfd6-4404-4949-8583-de44bf6987a4,e44ca2c0-d1fc-44e8-b7da-0e1a2cb904ba,55.6,59.2,47.5,59.0,"[""Practice Data Structures on LeetCode"", ""Complete AWS Cloud Certification""]"
8a5e9245-f825-4c89-8e36-db7b8709ac66,dda48d31-eb02-40e9-a9aa-17e78292ff54,44.6,50.2,46.1,35.7,"[""Practice Data Structures on LeetCode"", ""Complete AWS Cloud Certification""]"
26f1dde7-9048-47c7-a6af-618cce92c75d,90d9e1c8-4955-4659-9353-f43091ce18c2,74.6,87.3,45.8,86.4,"[""Practice Data Structures on LeetCode"", ""Complete AWS Cloud Certification""]"
f1889986-d884-48f7-be0d-d78685d7005a,cea197ef-65f2-4abc-875a-6f10bfe68eb1,66.9,71.5,69.7,57.9,"[""Practice Data Structures on LeetCode"", ""Complete AWS Cloud Certification""]"
623841ea-d392-4025-8b86-0b37b0862bf5,053d5def-ee0b-45b6-8cd8-05f2267d5293,64.5,78.2,47.4,63.5,"[""Practice Data Structures on LeetCode"", ""Complete AWS Cloud Certification""]"
162ce328-24ff-4f14-96ba-37944a29e21e,3deff9b4-9ce6-4aad-b953-5cf97549fbb8,82.2,82.6,88.4,75.4,"[""Practice Data Structures on LeetCode"", ""Complete AWS Cloud Certification""]"
b610da83-d35f-4e88-9398-ac49e0460044,16534bf2-0d16-4c91-b0b1-9094a41f0a17,65.1,74.8,53.5,63.9,"[""Practice Data Structures on LeetCode"", ""Complete AWS Cloud Certification""]"
66f68d36-818f-4d82-a70a-9708438995bb,6700b1e8-4466-49dd-9de4-e192f1e8be86,86.7,84.2,78.1,98.5,"[""Practice Data Structures on LeetCode"", ""Complete AWS Cloud Certification""]"
6b016666-2cc0-49a5-adef-e6ae13340b41,86a73606-4478-4a0a-aaaa-7e5945a6df3e,77.4,70.6,88.6,75.4,"[""Practice Data Structures on LeetCode"", ""Complete AWS Cloud Certification""]"
07d37c3f-9fef-434f-a4e8-77da88ecf625,3728d1bd-20ad-4d83-8488-6837ed777049,71.0,68.6,85.9,59.2,"[""Practice Data Structures on LeetCode"", ""Complete AWS Cloud Certification""]"
6f10d741-9dd5-4451-afb2-f91dee5b10db,9961e233-8812-44dc-a981-9ea4af222498,71.0,79.2,55.9,75.1,"[""Practice Data Structures on LeetCode"", ""Complete AWS Cloud Certification""]"
8b13179f-f9ef-40fe-83c3-00c3ff0a87a5,e3af0ac2-a04c-42dd-897e-96b735f7954d,66.9,65.0,60.4,76.1,"[""Practice Data Structures on LeetCode"", ""Complete AWS Cloud Certification""]"
b82afa50-3bdb-4f24-9682-ab5e4d7854f8,3d940377-7414-4e3d-abff-766ed92f88f0,76.2,91.6,54.4,77.5,"[""Practice Data Structures on LeetCode"", ""Complete AWS Cloud Certification""]"
1ae941ae-dfe1-4492-abfa-8a4fd7817462,0c523a8f-4ee9-4bcf-b0e9-e76ad844de86,68.4,67.6,70.1,67.8,"[""Practice Data Structures on LeetCode"", ""Complete AWS Cloud Certification""]"
d061bb03-2940-4200-aa45-7d3af58a13c3,fdf58cae-0644-4e4c-9972-556b5ec454b1,76.2,79.7,65.1,82.5,"[""Practice Data Structures on LeetCode"", ""Complete AWS Cloud Certification""]"
965fd9b3-2fec-4c39-923f-c8edee173562,952cca8d-ad08-4c43-be67-26f68859a130,73.5,65.5,89.8,67.8,"[""Practice Data Structures on LeetCode"", ""Complete AWS Cloud Certification""]"
218866a0-e5a4-406c-84d7-a1194226fef3,d54758a9-4aea-4cf8-a819-aabe2f9ebf22,64.8,64.4,56.0,74.1,"[""Practice Data Structures on LeetCode"", ""Complete AWS Cloud Certification""]"
59fdcaaf-8fda-409c-89c7-b300c7b27293,f5c9d673-a59b-4d28-93f5-5bf8ff190380,68.0,78.1,59.4,63.2,"[""Practice Data Structures on LeetCode"", ""Complete AWS Cloud Certification""]"
d8750069-fa54-4200-9359-11e41f40d42b,8defb13c-8403-4126-8a99-4740c436baa7,64.3,62.2,79.1,52.2,"[""Practice Data Structures on LeetCode"", ""Complete AWS Cloud Certification""]"
7ee0d0e3-6711-47e7-8444-93292e95ae92,b1124137-f9b8-426e-9d16-5e5cb2d4f347,71.5,75.8,53.5,83.6,"[""Practice Data Structures on LeetCode"", ""Complete AWS Cloud Certification""]"
7ef57d68-c86c-4c5e-839d-287829025915,a3565032-3161-4ceb-a9ca-3debb228dbdf,62.1,51.1,85.9,53.1,"[""Practice Data Structures on LeetCode"", ""Complete AWS Cloud Certification""]"
be27b481-e6a7-4767-abb3-4d47a8f5796f,f8e9c3fe-8fe5-4410-83ee-6ea59a74cd4a,72.4,77.0,61.8,76.7,"[""Practice Data Structures on LeetCode"", ""Complete AWS Cloud Certification""]"
db963dc7-36f2-4b8b-a5f6-b2708af64886,dc25282c-7907-472b-be6b-ce2031edf121,80.7,73.3,89.6,81.5,"[""Practice Data Structures on LeetCode"", ""Complete AWS Cloud Certification""]"
47e3c4c2-5c1a-4c16-b194-33eedf84e55f,2087fdc0-1be2-45fb-be9a-411cfb58ffff,78.7,72.7,87.8,77.5,"[""Practice Data Structures on LeetCode"", ""Complete AWS Cloud Certification""]"
caf68a0e-e711-480b-a64f-b5fa1973361b,3cda6550-b193-4027-a121-b98ef8abab08,74.2,61.1,93.3,72.4,"[""Practice Data Structures on LeetCode"", ""Complete AWS Cloud Certification""]"
c9dc4ead-0175-44ed-a2c1-ba6f962be7de,844acdfb-fe45-49ac-9229-a491069e94c8,70.8,66.5,65.9,81.3,"[""Practice Data Structures on LeetCode"", ""Complete AWS Cloud Certification""]"
e93edaed-1536-41b2-addd-0e06e3b3b1d6,38eac50e-05fb-4ee0-89ee-b62560d4882e,76.2,74.6,84.6,70.0,"[""Practice Data Structures on LeetCode"", ""Complete AWS Cloud Certification""]"
a0fa019a-9c34-4e0c-96be-d363ec854330,43992529-cb0e-49b2-86d4-54a8f6ad29ae,68.2,66.4,78.2,60.5,"[""Practice Data Structures on LeetCode"", ""Complete AWS Cloud Certification""]"
4c36abe0-73ec-4f02-8861-527329a2f0dd,73c8db3c-e7a5-45b3-ba1e-762176eb85b8,55.9,62.4,45.3,58.0,"[""Practice Data Structures on LeetCode"", ""Complete AWS Cloud Certification""]"
0e8e4070-3e76-4700-87a0-c8a39ca59cf0,e7b8fef7-567c-4411-b98c-58471a5b9d49,67.8,60.2,94.8,51.1,"[""Practice Data Structures on LeetCode"", ""Complete AWS Cloud Certification""]"
5db17832-aafa-4fdb-a9e5-7de02fddbfe9,8727ca9b-158a-4ea3-8744-5f4027c7fab2,94.3,93.0,90.2,100.0,"[""Practice Data Structures on LeetCode"", ""Complete AWS Cloud Certification""]"
51e99c39-e5bf-4564-a834-313f1f78da8b,f04b8902-882f-4f72-a783-6ad515494059,54.0,58.2,55.0,47.3,"[""Practice Data Structures on LeetCode"", ""Complete AWS Cloud Certification""]"
ddeedb35-8f6a-4e86-a8b2-838a52cbf571,1d6a36b0-c409-417a-881f-240e2f3dad80,63.3,53.2,88.8,51.3,"[""Practice Data Structures on LeetCode"", ""Complete AWS Cloud Certification""]"
7201d048-aa0a-4bed-803f-bf950accc39e,76f1616e-8584-49b8-b426-b150b5817bf0,59.7,50.1,68.3,63.9,"[""Practice Data Structures on LeetCode"", ""Complete AWS Cloud Certification""]"
38fce333-0472-4a7e-89a1-3c5c65ef1051,18e5f828-f968-43e2-98e3-eba147568b49,66.6,63.4,72.2,65.4,"[""Practice Data Structures on LeetCode"", ""Complete AWS Cloud Certification""]"
6a2b85ab-e92f-41c0-86db-93b6ce1d5be0,2907461c-f765-4d3c-a834-1d95facf9fa0,62.4,71.0,49.2,64.1,"[""Practice Data Structures on LeetCode"", ""Complete AWS Cloud Certification""]"
d5302930-fd8d-4741-aca4-c806e9562da4,23bbaff9-5ceb-40e8-82b6-8b7759c21a0d,74.9,84.0,51.1,86.5,"[""Practice Data Structures on LeetCode"", ""Complete AWS Cloud Certification""]"
84c431f1-b88d-4419-9101-5ffea3178a48,2f3688c9-3972-4d98-b2be-e985145a4c5f,55.5,50.7,77.0,40.3,"[""Practice Data Structures on LeetCode"", ""Complete AWS Cloud Certification""]"
68a32b16-4deb-489e-b3c9-483e882dc7b2,e0293299-fbeb-41d6-8c55-e01f5e5dbd41,68.8,64.5,68.7,74.5,"[""Practice Data Structures on LeetCode"", ""Complete AWS Cloud Certification""]"
e35fbd19-4b4a-4d54-a960-8b393418db54,1901ec18-eb4f-4612-96c7-ef1d391b3e03,52.0,59.1,46.1,48.4,"[""Practice Data Structures on LeetCode"", ""Complete AWS Cloud Certification""]"
89bf5abe-52ab-4c8d-868b-5404cb73c612,154be4f1-64e5-427b-874e-744338d4b508,50.8,52.2,59.5,40.2,"[""Practice Data Structures on LeetCode"", ""Complete AWS Cloud Certification""]"
1fa7d0ce-1e82-4551-8dcb-a56eacda9def,5d5636b6-fe1c-46cb-8a21-efdc25c97705,56.6,61.2,52.4,54.7,"[""Practice Data Structures on LeetCode"", ""Complete AWS Cloud Certification""]"
75c25766-76d8-4ffe-909f-508871b2b5d0,b1ec3a10-62ca-4b22-a016-f0e5ab78c2ef,81.8,94.6,62.7,83.8,"[""Practice Data Structures on LeetCode"", ""Complete AWS Cloud Certification""]"
11ec64f3-693d-4f17-8c34-2ba42f762e5c,1244440a-6c7d-4105-9927-562b372559b5,77.6,77.9,80.3,74.6,"[""Practice Data Structures on LeetCode"", ""Complete AWS Cloud Certification""]"
22f02f49-3d89-4d0d-a9cd-3f8366399342,af4ecbdd-45ad-48ea-a7f1-a19d99eecb3a,74.6,67.8,77.9,80.5,"[""Practice Data Structures on LeetCode"", ""Complete AWS Cloud Certification""]"
e759d774-8420-46a7-a086-2a15477b28a8,c98e0eb6-4b14-425b-9976-1b907ea572f4,71.1,68.6,74.4,71.0,"[""Practice Data Structures on LeetCode"", ""Complete AWS Cloud Certification""]"
8c1409d9-b737-4e0f-bb7a-8c1bfe7825f5,52b96134-0a0f-4566-8b5f-1226a719dfc6,77.5,83.6,50.3,96.6,"[""Practice Data Structures on LeetCode"", ""Complete AWS Cloud Certification""]"
e4fe61ed-2f89-4f77-a8a7-76045d72a539,5856cb04-0d08-41ea-95e0-2791443952ca,80.3,97.3,48.1,89.8,"[""Practice Data Structures on LeetCode"", ""Complete AWS Cloud Certification""]"
5dcd935e-e698-44da-8405-9730a7b9135e,a5b90708-36f3-4ba6-809d-bbb957aab438,76.2,80.1,61.1,86.1,"[""Practice Data Structures on LeetCode"", ""Complete AWS Cloud Certification""]"
d1e34c38-7ad0-4a55-8d61-7e598a317dd2,fa9f08dd-6919-4664-90de-beb5a46b6347,72.5,69.3,82.1,67.3,"[""Practice Data Structures on LeetCode"", ""Complete AWS Cloud Certification""]"
0a29cbe0-7ce4-4f79-8416-c90ad4b21248,55a828a2-4d99-459a-9a6b-d6b461a34f72,71.0,64.8,89.7,60.6,"[""Practice Data Structures on LeetCode"", ""Complete AWS Cloud Certification""]"
3a80dc57-fbc1-46e6-acf8-919570d07d43,049b8b04-7223-426b-a8f9-2815a5f1ec17,56.2,52.3,55.4,62.1,"[""Practice Data Structures on LeetCode"", ""Complete AWS Cloud Certification""]"
3529517f-560e-4378-b72f-dadb49a9d791,22522b91-3559-400d-8fbb-e0cd91c2baeb,75.9,81.7,73.5,70.5,"[""Practice Data Structures on LeetCode"", ""Complete AWS Cloud Certification""]"
d71e5ef4-1a27-4f56-846d-c779ab8091ea,3025c386-fa91-45a6-95fa-9e9f6a93114e,83.9,90.2,59.5,100.0,"[""Practice Data Structures on LeetCode"", ""Complete AWS Cloud Certification""]"
d011df15-13a3-4647-ac0a-64e6e30d622d,eb7f0c89-0787-41db-8aa7-4d591a8ca66d,70.2,75.6,57.1,76.1,"[""Practice Data Structures on LeetCode"", ""Complete AWS Cloud Certification""]"
fce05cda-07bd-4822-a7a7-5989f68d3280,78ff812f-a481-42a9-b220-0b36f39b6319,74.9,61.4,91.8,75.9,"[""Practice Data Structures on LeetCode"", ""Complete AWS Cloud Certification""]"
a4e3cf54-4733-4f1f-b9ce-28d6c3d22078,7bc5ff4a-706c-4ef6-8f1a-21b041cd2f0f,64.5,57.6,85.8,52.5,"[""Practice Data Structures on LeetCode"", ""Complete AWS Cloud Certification""]"
73acf36c-cb50-4e30-b453-501ab75aa861,b2914819-2d04-4f53-9154-1af4429f8b13,46.4,46.6,48.5,44.1,"[""Practice Data Structures on LeetCode"", ""Complete AWS Cloud Certification""]"
88916251-0e1d-4b7c-a451-7fb830be2cdf,635bc047-5d93-4e7a-afd4-1810898d7b28,71.6,70.0,77.5,67.9,"[""Practice Data Structures on LeetCode"", ""Complete AWS Cloud Certification""]"
ad9624b4-060d-45d3-8a12-4b67a22819a8,d3e507af-21d8-46a0-88af-05633d6b7c70,80.9,89.6,64.4,85.9,"[""Practice Data Structures on LeetCode"", ""Complete AWS Cloud Certification""]"
27c6d57d-915f-47b5-9aa6-76ff90cf1f16,cf788c24-e1e6-43c7-9cc6-53ec69c3ef60,72.5,71.6,62.2,84.1,"[""Practice Data Structures on LeetCode"", ""Complete AWS Cloud Certification""]"
8d73aac3-593b-4708-8bfb-a429d58b5b94,d23e07b5-474b-417a-a078-b3b57f4004f5,73.7,82.9,45.7,89.5,"[""Practice Data Structures on LeetCode"", ""Complete AWS Cloud Certification""]"
ada96ba3-0b37-4fe2-a47d-bc7e501781ab,6f88cb0a-8210-411f-a0ca-7404903ad8ab,75.9,63.7,89.5,78.6,"[""Practice Data Structures on LeetCode"", ""Complete AWS Cloud Certification""]"
3d9215a8-888a-4d2a-8344-f7633b72c075,4a142a35-c426-44b0-ae93-48a441ecc876,67.4,69.9,55.3,76.1,"[""Practice Data Structures on LeetCode"", ""Complete AWS Cloud Certification""]"
312f0d4e-5b8d-4f49-8f9e-06e6d0ba5d78,13e6c5d2-d2f3-4d3b-85c9-ceab172c9dfe,70.1,72.6,58.4,78.5,"[""Practice Data Structures on LeetCode"", ""Complete AWS Cloud Certification""]"
a72d9c40-5858-41f6-af06-08bbb46c2901,b10c4705-1374-498e-b588-8b6e814cddd2,69.5,80.3,55.2,69.4,"[""Practice Data Structures on LeetCode"", ""Complete AWS Cloud Certification""]"
72da54ff-b379-4eb7-bbe1-8f251ec50ab8,07692f8b-0ff6-4fc4-84a1-6cfaaffc3d34,68.4,74.1,56.8,72.3,"[""Practice Data Structures on LeetCode"", ""Complete AWS Cloud Certification""]"
8607a277-8199-4738-b50b-ffb34a35aa38,b8d7a204-924c-46fc-917a-cff4d10a590d,64.5,73.9,49.2,67.3,"[""Practice Data Structures on LeetCode"", ""Complete AWS Cloud Certification""]"
1f9b68c9-31cf-4e26-905d-f968bf72461d,1af32531-4582-4867-a7f1-70e008610d62,65.8,71.7,54.2,69.6,"[""Practice Data Structures on LeetCode"", ""Complete AWS Cloud Certification""]"
4d959ebe-0773-43e9-a236-b7e2c1d48ec6,f0a89b4b-9c8e-43bd-a194-216f27c7ab3e,77.9,68.6,90.4,77.9,"[""Practice Data Structures on LeetCode"", ""Complete AWS Cloud Certification""]"
aea40a1e-5bdd-4271-8408-e95c99b332e2,1d120b48-52c7-42f1-9498-c395cda475ed,81.2,73.6,91.4,81.2,"[""Practice Data Structures on LeetCode"", ""Complete AWS Cloud Certification""]"
ff96826e-dc11-4722-b0d9-c51f9c677a98,fd7bc3ed-564c-48e3-8af4-d47ec4b6adae,69.3,63.4,68.4,78.2,"[""Practice Data Structures on LeetCode"", ""Complete AWS Cloud Certification""]"
b290e3ca-ef93-4b68-be95-9043076b6c7b,397ff6ac-450b-4dcc-8487-f7e3f3f3da49,75.9,91.3,46.9,84.5,"[""Practice Data Structures on LeetCode"", ""Complete AWS Cloud Certification""]"
69f58969-6fc5-4d7c-b242-3dcb1c1c4886,1f260fb6-c6fd-4cdc-84ef-e27e79b5c31f,75.8,80.0,67.0,79.0,"[""Practice Data Structures on LeetCode"", ""Complete AWS Cloud Certification""]"
7ad49432-1e10-4eaa-b65b-2b1166729787,82fded1f-b2a4-4326-8d7f-3c6c5aa17bea,71.8,65.6,72.6,79.2,"[""Practice Data Structures on LeetCode"", ""Complete AWS Cloud Certification""]"
0e99c3fe-0dcc-45de-aba1-5a85e8b0fbbb,6906833a-ed91-44ef-9f39-cfa1ad466199,74.8,77.0,77.8,69.0,"[""Practice Data Structures on LeetCode"", ""Complete AWS Cloud Certification""]"
8088ce61-056b-4d4c-ae95-05e366a8430d,c9426514-1f43-4ec4-a1be-04036ec45c7e,63.1,58.6,80.7,51.4,"[""Practice Data Structures on LeetCode"", ""Complete AWS Cloud Certification""]"
3c327736-fae5-4623-adb3-2c6dda8e02de,07dbbf5a-9c42-4a2f-a99d-ef55e114f9f7,61.2,60.6,70.6,52.7,"[""Practice Data Structures on LeetCode"", ""Complete AWS Cloud Certification""]"
ffb853ba-2822-492f-9d11-7813222a5284,7d372ae8-b86d-43c6-9296-92c6222105e7,71.5,71.6,75.3,67.4,"[""Practice Data Structures on LeetCode"", ""Complete AWS Cloud Certification""]"
0ea22088-e0b2-4de1-9e50-c92f53cfdccd,9725996d-ae2f-454e-9317-777d1dc37f50,68.3,76.6,59.5,66.1,"[""Practice Data Structures on LeetCode"", ""Complete AWS Cloud Certification""]"
70ede5fd-c27e-4888-aa1c-d60ef5f27dda,33c5f727-dccf-4d56-b26d-056cf0cbdcf1,73.3,81.8,46.6,88.6,"[""Practice Data Structures on LeetCode"", ""Complete AWS Cloud Certification""]"
327085bf-ea9e-40ac-adc7-1958b79011bd,0590278b-4592-4c0b-ac3d-2d87a7a3309e,49.2,43.5,51.1,54.9,"[""Practice Data Structures on LeetCode"", ""Complete AWS Cloud Certification""]"
098497f5-6939-46f6-97a8-c061d49adf2f,2052df68-0f4f-45a0-9cce-d4a6ad838770,74.0,75.5,61.4,84.5,"[""Practice Data Structures on LeetCode"", ""Complete AWS Cloud Certification""]"
5d585f8b-1f66-44ce-934c-bf8a04f3b516,d7122c6c-f0b6-458d-a742-c308cefb60fd,77.9,74.9,89.0,70.8,"[""Practice Data Structures on LeetCode"", ""Complete AWS Cloud Certification""]"
887c99d9-7da4-4f2e-aa29-752fade0a186,b8f2a8b1-9061-4f3b-b85a-dc4db4618dd1,78.8,83.5,65.9,85.6,"[""Practice Data Structures on LeetCode"", ""Complete AWS Cloud Certification""]"
6de61b04-df3c-4820-9309-aaa4c15f9bdb,ae9f84e7-e01e-49fe-9bca-05498774a11a,63.1,68.4,62.1,56.9,"[""Practice Data Structures on LeetCode"", ""Complete AWS Cloud Certification""]"
a06175aa-fbcc-4d28-8bda-8fd0e6fcf54b,d4bd5a5b-0d76-4744-9c7e-d9d80146270c,55.5,64.6,45.8,53.2,"[""Practice Data Structures on LeetCode"", ""Complete AWS Cloud Certification""]"
5c539a6e-dc3b-4803-ae18-cb668c600499,7683985b-bda9-4f7d-9a08-f7e1811bc5e6,78.4,76.2,94.5,65.2,"[""Practice Data Structures on LeetCode"", ""Complete AWS Cloud Certification""]"
e83b6dc3-3f97-41db-8032-422ef55f837b,de27ac13-5024-496b-a19b-b5ab88869c48,79.9,79.3,86.2,74.4,"[""Practice Data Structures on LeetCode"", ""Complete AWS Cloud Certification""]"
