id,user_id,roll_number,registration_no,name,section,batch_year,current_semester,current_cgpa,overall_attendance,aadhar_no,apar_id,phone,aishe_id,github_url,leetcode_url,linkedin_url,resume_url,avatar_url
621a9c6d-e226-4ff0-a22c-2e72a6a48abe,eb6efcdf-a27a-41ae-ac60-e71c92f6e8f1,23ESKCS001,REG20260001,Sneha Chaudhary,A,2025-2029,2,7.42,84.5,993342331453,APAR-2026-00001,+91-6126855092,AISHE-46913810,https://github.com/sneha1,https://leetcode.com/sneha1,https://linkedin.com/in/sneha1-skit,https://uei-resumes.s3.amazonaws.com/23ESKCS001.pdf,https://api.dicebear.com/7.x/initials/svg?seed=sneha1
34e502c2-fa06-4e5b-afef-98abbff7cfce,f18ec7ae-f847-466c-8f7b-2f922493fb4e,23ESKCS002,REG20260002,Harsh Rathore,E,2023-2027,6,5.64,71.9,992801823917,APAR-2026-00002,+91-7339670711,AISHE-28728463,https://github.com/harsh2,https://leetcode.com/harsh2,https://linkedin.com/in/harsh2-skit,https://uei-resumes.s3.amazonaws.com/23ESKCS002.pdf,https://api.dicebear.com/7.x/initials/svg?seed=harsh2
2c3d1809-b161-465f-9647-776b20a08b71,43c801d1-65ba-45e3-b41a-934c108f04a7,23ESKCS003,REG20260003,Bhavya Verma,D,2025-2029,2,7.25,86.0,998574149623,APAR-2026-00003,+91-6826600539,AISHE-83197857,https://github.com/bhavya3,https://leetcode.com/bhavya3,https://linkedin.com/in/bhavya3-skit,https://uei-resumes.s3.amazonaws.com/23ESKCS003.pdf,https://api.dicebear.com/7.x/initials/svg?seed=bhavya3
60f7d907-739c-4a83-b7a5-e0c7c2f8c831,dc86467e-98bc-4229-8908-e3177de9da0a,23ESKCS004,REG20260004,Manish Singhal,C,2023-2027,6,7.21,65.0,992625792796,APAR-2026-00004,+91-6734036506,AISHE-66629388,https://github.com/manish4,https://leetcode.com/manish4,https://linkedin.com/in/manish4-skit,https://uei-resumes.s3.amazonaws.com/23ESKCS004.pdf,https://api.dicebear.com/7.x/initials/svg?seed=manish4
3b41dfe4-59c5-4f15-ade6-d306f55f22f9,ef1413b5-1d6f-4e54-b461-a71ad20c3152,23ESKCS005,REG20260005,Sanjay Gupta,A,2023-2027,6,6.31,62.4,995231494229,APAR-2026-00005,+91-6131994523,AISHE-22575562,https://github.com/sanjay5,https://leetcode.com/sanjay5,https://linkedin.com/in/sanjay5-skit,https://uei-resumes.s3.amazonaws.com/23ESKCS005.pdf,https://api.dicebear.com/7.x/initials/svg?seed=sanjay5
b59261e4-5561-4347-b2fe-b2d57d216e4e,fa29de1c-3da0-4567-a732-ce74224b1eb1,23ESKCS006,REG20260006,Mehak Dhankar,C,2025-2029,2,7.64,86.9,993783290804,APAR-2026-00006,+91-7349817734,AISHE-77827638,https://github.com/mehak6,https://leetcode.com/mehak6,https://linkedin.com/in/mehak6-skit,https://uei-resumes.s3.amazonaws.com/23ESKCS006.pdf,https://api.dicebear.com/7.x/initials/svg?seed=mehak6
4b13df1a-81b9-4031-8a44-e4a93d035ee6,52efe35b-b702-43fc-957a-dbd1fb98a2cf,23ESKCS007,REG20260007,Bhavya Pandey,D,2025-2029,2,9.11,77.5,993392080962,APAR-2026-00007,+91-6702632297,AISHE-36687537,https://github.com/bhavya7,https://leetcode.com/bhavya7,https://linkedin.com/in/bhavya7-skit,https://uei-resumes.s3.amazonaws.com/23ESKCS007.pdf,https://api.dicebear.com/7.x/initials/svg?seed=bhavya7
c7dc9f61-161f-406d-b9de-82b00c1645ad,c64d9c3d-99b9-4b1c-a05a-664ef5fed7c1,23ESKCS008,REG20260008,Harsh Bansal,C,2026-2030,1,7.31,86.0,992351531232,APAR-2026-00008,+91-9336696312,AISHE-70291817,https://github.com/harsh8,https://leetcode.com/harsh8,https://linkedin.com/in/harsh8-skit,https://uei-resumes.s3.amazonaws.com/23ESKCS008.pdf,https://api.dicebear.com/7.x/initials/svg?seed=harsh8
5041cb6b-2d2d-43cc-9b2a-623e3d68809a,1297d1a3-3fbe-4877-bb14-249409975249,23ESKCS009,REG20260009,Pranav Deshmukh,C,2024-2028,4,7.43,92.6,997805745026,APAR-2026-00009,+91-8969119330,AISHE-10872248,https://github.com/pranav9,https://leetcode.com/pranav9,https://linkedin.com/in/pranav9-skit,https://uei-resumes.s3.amazonaws.com/23ESKCS009.pdf,https://api.dicebear.com/7.x/initials/svg?seed=pranav9
205ab441-ba97-4d3e-94c9-31da22e5306f,d4a6bcf5-4624-4877-84e7-5a3f5fd86641,23ESKCS010,REG20260010,Arjun Rathore,D,2023-2027,6,7.49,56.7,998217611869,APAR-2026-00010,+91-7849621470,AISHE-66722344,https://github.com/arjun10,https://leetcode.com/arjun10,https://linkedin.com/in/arjun10-skit,https://uei-resumes.s3.amazonaws.com/23ESKCS010.pdf,https://api.dicebear.com/7.x/initials/svg?seed=arjun10
73313afa-c5b3-4404-a6fd-cefad75d1eb6,e3b0bb36-b5bc-462b-9e6a-f38569532a13,23ESKCS011,REG20260011,Janvi Sharma,A,2023-2027,6,6.78,66.1,998047877276,APAR-2026-00011,+91-8398362082,AISHE-30868105,https://github.com/janvi11,https://leetcode.com/janvi11,https://linkedin.com/in/janvi11-skit,https://uei-resumes.s3.amazonaws.com/23ESKCS011.pdf,https://api.dicebear.com/7.x/initials/svg?seed=janvi11
6090a4c3-d95b-464f-bfeb-ba44374e5431,10ae4969-0c69-442d-9d12-e7821dc3ded4,23ESKCS012,REG20260012,Vikas Joshi,E,2024-2028,4,6.83,78.2,997980611191,APAR-2026-00012,+91-7919795579,AISHE-55176955,https://github.com/vikas12,https://leetcode.com/vikas12,https://linkedin.com/in/vikas12-skit,https://uei-resumes.s3.amazonaws.com/23ESKCS012.pdf,https://api.dicebear.com/7.x/initials/svg?seed=vikas12
bf0e18dc-22a1-49a0-810f-640c425d4b32,806d0693-8cf1-41aa-bc5e-3dba96b8d3c7,23ESKCS013,REG20260013,Mehak Dhankar,E,2023-2027,6,6.27,71.1,998760038710,APAR-2026-00013,+91-6199585092,AISHE-60992979,https://github.com/mehak13,https://leetcode.com/mehak13,https://linkedin.com/in/mehak13-skit,https://uei-resumes.s3.amazonaws.com/23ESKCS013.pdf,https://api.dicebear.com/7.x/initials/svg?seed=mehak13
dbbd36ea-a403-4737-8c04-fc22f1633c9a,c878d4a6-090c-4726-a0eb-0d6a9d740431,23ESKCS014,REG20260014,Aniket Bhardwaj,D,2023-2027,6,8.87,76.6,991540137305,APAR-2026-00014,+91-6485451171,AISHE-56164955,https://github.com/aniket14,https://leetcode.com/aniket14,https://linkedin.com/in/aniket14-skit,https://uei-resumes.s3.amazonaws.com/23ESKCS014.pdf,https://api.dicebear.com/7.x/initials/svg?seed=aniket14
5da8fb5e-cd61-4859-8000-017fe7bdd278,958880e0-db82-4660-9303-c9b17307262e,23ESKCS015,REG20260015,Rohan Singhal,D,2024-2028,4,9.22,70.5,993962958949,APAR-2026-00015,+91-8966647391,AISHE-15831819,https://github.com/rohan15,https://leetcode.com/rohan15,https://linkedin.com/in/rohan15-skit,https://uei-resumes.s3.amazonaws.com/23ESKCS015.pdf,https://api.dicebear.com/7.x/initials/svg?seed=rohan15
1fc6613b-54fd-4adc-a5df-889c7946c6f1,ed9f9fd4-c42a-419f-99b4-5ebbc2aa1177,23ESKCS016,REG20260016,Mehak Pandey,E,2026-2030,1,8.02,83.9,992452066468,APAR-2026-00016,+91-9675770529,AISHE-26753883,https://github.com/mehak16,https://leetcode.com/mehak16,https://linkedin.com/in/mehak16-skit,https://uei-resumes.s3.amazonaws.com/23ESKCS016.pdf,https://api.dicebear.com/7.x/initials/svg?seed=mehak16
c5bc9879-c820-4812-84d9-b40ce5074d05,4d1b5348-a078-4699-b190-7615bf8af984,23ESKCS017,REG20260017,Ananya Verma,A,2024-2028,4,7.68,79.6,992419179589,APAR-2026-00017,+91-9184611066,AISHE-84093639,https://github.com/ananya17,https://leetcode.com/ananya17,https://linkedin.com/in/ananya17-skit,https://uei-resumes.s3.amazonaws.com/23ESKCS017.pdf,https://api.dicebear.com/7.x/initials/svg?seed=ananya17
03311a3d-c10e-4431-ab52-3e503cb2ecd6,9c0c87d3-11ca-4995-93dd-9e413e164194,23ESKCS018,REG20260018,Sachin Deshmukh,E,2026-2030,1,7.46,90.9,992748309243,APAR-2026-00018,+91-8990566476,AISHE-94374605,https://github.com/sachin18,https://leetcode.com/sachin18,https://linkedin.com/in/sachin18-skit,https://uei-resumes.s3.amazonaws.com/23ESKCS018.pdf,https://api.dicebear.com/7.x/initials/svg?seed=sachin18
be3597b2-e328-41e3-8625-f0f063f73070,51f877fc-b8a6-4f05-b8ac-08aeae2e14c5,23ESKCS019,REG20260019,Nisha Pandey,A,2023-2027,6,9.2,85.1,991469306928,APAR-2026-00019,+91-8719927151,AISHE-35808537,https://github.com/nisha19,https://leetcode.com/nisha19,https://linkedin.com/in/nisha19-skit,https://uei-resumes.s3.amazonaws.com/23ESKCS019.pdf,https://api.dicebear.com/7.x/initials/svg?seed=nisha19
8f752177-8b62-4d2d-8600-9b05fbe2169b,21432e0b-9109-427d-862b-ae1ffb7a3009,23ESKCS020,REG20260020,Dev Joshi,D,2024-2028,4,7.73,75.4,991420514798,APAR-2026-00020,+91-6149203558,AISHE-98753260,https://github.com/dev20,https://leetcode.com/dev20,https://linkedin.com/in/dev20-skit,https://uei-resumes.s3.amazonaws.com/23ESKCS020.pdf,https://api.dicebear.com/7.x/initials/svg?seed=dev20
a9219240-e534-4273-b0b8-7b591cdfd764,d2519bf0-de9b-4e93-9873-3c45b2ed964b,23ESKCS021,REG20260021,Aniket Jain,B,2026-2030,1,6.57,79.2,991251837145,APAR-2026-00021,+91-7930075810,AISHE-48840994,https://github.com/aniket21,https://leetcode.com/aniket21,https://linkedin.com/in/aniket21-skit,https://uei-resumes.s3.amazonaws.com/23ESKCS021.pdf,https://api.dicebear.com/7.x/initials/svg?seed=aniket21
5ec4f153-e109-4264-964c-73d252319f0e,e8e38ec3-d7e7-465b-9e23-d12c3e949389,23ESKCS022,REG20260022,Pranav Khandelwal,D,2026-2030,1,7.97,86.1,995160575055,APAR-2026-00022,+91-6349957310,AISHE-23556182,https://github.com/pranav22,https://leetcode.com/pranav22,https://linkedin.com/in/pranav22-skit,https://uei-resumes.s3.amazonaws.com/23ESKCS022.pdf,https://api.dicebear.com/7.x/initials/svg?seed=pranav22
bd0bfff1-aa08-469f-ace3-025aed67e75a,0b58ea92-249b-4300-99ae-77b6faaa0a6f,23ESKCS023,REG20260023,Akash Bansal,E,2026-2030,1,5.05,78.1,991676168430,APAR-2026-00023,+91-9398471886,AISHE-70855700,https://github.com/akash23,https://leetcode.com/akash23,https://linkedin.com/in/akash23-skit,https://uei-resumes.s3.amazonaws.com/23ESKCS023.pdf,https://api.dicebear.com/7.x/initials/svg?seed=akash23
1ca793cc-1198-435a-9f94-a3e8496154bb,fab812ce-c36e-4e7c-a3ab-41402939d774,23ESKCS024,REG20260024,Utkarsh Jain,D,2023-2027,6,8.85,73.4,999760623751,APAR-2026-00024,+91-8274648506,AISHE-59684848,https://github.com/utkarsh24,https://leetcode.com/utkarsh24,https://linkedin.com/in/utkarsh24-skit,https://uei-resumes.s3.amazonaws.com/23ESKCS024.pdf,https://api.dicebear.com/7.x/initials/svg?seed=utkarsh24
f66e0d59-bc27-4097-96db-9ccc9fd6b509,031fc4ad-dacd-4db4-960d-b61d723e50f4,23ESKCS025,REG20260025,Khushi Joshi,B,2025-2029,2,7.49,89.5,996583444939,APAR-2026-00025,+91-8324956459,AISHE-99949389,https://github.com/khushi25,https://leetcode.com/khushi25,https://linkedin.com/in/khushi25-skit,https://uei-resumes.s3.amazonaws.com/23ESKCS025.pdf,https://api.dicebear.com/7.x/initials/svg?seed=khushi25
c854faf3-84cd-4da5-a49a-3239315a747a,f06ecf25-cfa8-4ee9-bb13-0f99716e87b4,23ESKCS026,REG20260026,Pranav Singhal,E,2023-2027,6,8.14,81.9,992139027128,APAR-2026-00026,+91-8853573823,AISHE-96977837,https://github.com/pranav26,https://leetcode.com/pranav26,https://linkedin.com/in/pranav26-skit,https://uei-resumes.s3.amazonaws.com/23ESKCS026.pdf,https://api.dicebear.com/7.x/initials/svg?seed=pranav26
468d5573-23a5-4e70-910f-a6582f4a9796,965381a8-8c92-4bed-9abe-1fb673966b07,23ESKCS027,REG20260027,Mehak Khandelwal,B,2026-2030,1,8.34,63.7,999623534585,APAR-2026-00027,+91-6754049436,AISHE-95225343,https://github.com/mehak27,https://leetcode.com/mehak27,https://linkedin.com/in/mehak27-skit,https://uei-resumes.s3.amazonaws.com/23ESKCS027.pdf,https://api.dicebear.com/7.x/initials/svg?seed=mehak27
5b77e068-e415-428f-9c47-56281164a8d0,47924d37-f040-4ffd-94e5-80b81d98b476,23ESKCS028,REG20260028,Arjun Joshi,A,2023-2027,6,7.37,72.1,992472659635,APAR-2026-00028,+91-7673528321,AISHE-42857966,https://github.com/arjun28,https://leetcode.com/arjun28,https://linkedin.com/in/arjun28-skit,https://uei-resumes.s3.amazonaws.com/23ESKCS028.pdf,https://api.dicebear.com/7.x/initials/svg?seed=arjun28
c0c6d86b-6877-425e-b5e2-5b6cea1e2664,6dd89187-6d34-4513-8e41-18194586262c,23ESKCS029,REG20260029,Janvi Bansal,A,2026-2030,1,7.57,75.6,999503167467,APAR-2026-00029,+91-7596348124,AISHE-60929647,https://github.com/janvi29,https://leetcode.com/janvi29,https://linkedin.com/in/janvi29-skit,https://uei-resumes.s3.amazonaws.com/23ESKCS029.pdf,https://api.dicebear.com/7.x/initials/svg?seed=janvi29
274e5dc2-8313-420e-af64-62d711c5d8a9,dc3c6f7d-f6cf-420f-b3fb-d291a7c0afab,23ESKCS030,REG20260030,Sameer Agarwal,A,2023-2027,6,9.13,72.8,993373077227,APAR-2026-00030,+91-8787194506,AISHE-84752529,https://github.com/sameer30,https://leetcode.com/sameer30,https://linkedin.com/in/sameer30-skit,https://uei-resumes.s3.amazonaws.com/23ESKCS030.pdf,https://api.dicebear.com/7.x/initials/svg?seed=sameer30
a41bfbe4-df25-4d9a-b39c-deffd5136493,9436d242-781c-453a-8d18-6c071f6b6ff3,23ESKCS031,REG20260031,Aditya Meena,B,2024-2028,4,6.84,69.6,999051829836,APAR-2026-00031,+91-7835098955,AISHE-53524491,https://github.com/aditya31,https://leetcode.com/aditya31,https://linkedin.com/in/aditya31-skit,https://uei-resumes.s3.amazonaws.com/23ESKCS031.pdf,https://api.dicebear.com/7.x/initials/svg?seed=aditya31
f099bf6e-1119-4e3a-ad70-6afc47697f2d,8fca01e2-c196-4b31-a86f-bf3bbd1e8e6e,23ESKCS032,REG20260032,Ishita Dhankar,B,2026-2030,1,9.34,81.3,999292791090,APAR-2026-00032,+91-6345938494,AISHE-14308421,https://github.com/ishita32,https://leetcode.com/ishita32,https://linkedin.com/in/ishita32-skit,https://uei-resumes.s3.amazonaws.com/23ESKCS032.pdf,https://api.dicebear.com/7.x/initials/svg?seed=ishita32
3d2634ae-ac32-4d69-96a0-46233b2d7dad,4d1e4fac-db4f-4d86-ba10-a487198e3fd6,23ESKCS033,REG20260033,Karan Dhankar,A,2026-2030,1,9.05,62.8,991955345546,APAR-2026-00033,+91-8530747414,AISHE-45935572,https://github.com/karan33,https://leetcode.com/karan33,https://linkedin.com/in/karan33-skit,https://uei-resumes.s3.amazonaws.com/23ESKCS033.pdf,https://api.dicebear.com/7.x/initials/svg?seed=karan33
907b3117-be17-490e-b321-815152024843,674671a1-cf85-4148-806e-d0a1e9c3f27b,23ESKCS034,REG20260034,Harsh Jain,A,2024-2028,4,6.62,83.8,998616379935,APAR-2026-00034,+91-6326541099,AISHE-86125617,https://github.com/harsh34,https://leetcode.com/harsh34,https://linkedin.com/in/harsh34-skit,https://uei-resumes.s3.amazonaws.com/23ESKCS034.pdf,https://api.dicebear.com/7.x/initials/svg?seed=harsh34
367906ff-ef0a-467c-89ba-6fadff57f435,1d3be89e-b950-4137-8329-e178849e3bcf,23ESKCS035,REG20260035,Sachin Kumar,A,2023-2027,6,8.07,72.5,999519284867,APAR-2026-00035,+91-8328306011,AISHE-97971488,https://github.com/sachin35,https://leetcode.com/sachin35,https://linkedin.com/in/sachin35-skit,https://uei-resumes.s3.amazonaws.com/23ESKCS035.pdf,https://api.dicebear.com/7.x/initials/svg?seed=sachin35
5f98ac60-2390-4b08-b203-436e27e21256,a481949f-9bed-4003-bb3f-ad8eb4e81fba,23ESKCS036,REG20260036,Khushi Mishra,E,2023-2027,6,6.22,88.0,992094024853,APAR-2026-00036,+91-9524806516,AISHE-96282117,https://github.com/khushi36,https://leetcode.com/khushi36,https://linkedin.com/in/khushi36-skit,https://uei-resumes.s3.amazonaws.com/23ESKCS036.pdf,https://api.dicebear.com/7.x/initials/svg?seed=khushi36
a28a7e4f-6327-4d2a-9fb6-c5a24dd9c085,ea4d60b4-5006-40c9-8158-bbaf7c59ea68,23ESKCS037,REG20260037,Sachin Srivastava,B,2025-2029,2,4.74,89.7,999249648014,APAR-2026-00037,+91-9253407200,AISHE-45551614,https://github.com/sachin37,https://leetcode.com/sachin37,https://linkedin.com/in/sachin37-skit,https://uei-resumes.s3.amazonaws.com/23ESKCS037.pdf,https://api.dicebear.com/7.x/initials/svg?seed=sachin37
b2ed1d86-f2ea-4994-bb8a-a6d29c11d68f,2550d0d6-3c96-4bcb-8688-b689ec79e2f8,23ESKCS038,REG20260038,Riya Khandelwal,D,2025-2029,2,6.58,83.8,991546696959,APAR-2026-00038,+91-7364814270,AISHE-85345555,https://github.com/riya38,https://leetcode.com/riya38,https://linkedin.com/in/riya38-skit,https://uei-resumes.s3.amazonaws.com/23ESKCS038.pdf,https://api.dicebear.com/7.x/initials/svg?seed=riya38
62635a52-79be-4983-a930-e0a4dddc561a,3e94966c-303f-45ec-bdaf-b288ea2d211d,23ESKCS039,REG20260039,Dev Singhal,E,2025-2029,2,5.51,90.1,996600100288,APAR-2026-00039,+91-8902099969,AISHE-88461803,https://github.com/dev39,https://leetcode.com/dev39,https://linkedin.com/in/dev39-skit,https://uei-resumes.s3.amazonaws.com/23ESKCS039.pdf,https://api.dicebear.com/7.x/initials/svg?seed=dev39
7200bf7a-08c0-4ca4-9c0e-6d596569e2a1,51204ec7-b2a6-489e-bd8f-a82f15960964,23ESKCS040,REG20260040,Pooja Pandey,B,2026-2030,1,8.23,51.7,994160930362,APAR-2026-00040,+91-9726563708,AISHE-63606628,https://github.com/pooja40,https://leetcode.com/pooja40,https://linkedin.com/in/pooja40-skit,https://uei-resumes.s3.amazonaws.com/23ESKCS040.pdf,https://api.dicebear.com/7.x/initials/svg?seed=pooja40
d0a7a248-1401-4ba2-90c5-fcb92e59123f,f2389e63-1d48-4bd9-88fa-62be24e7f90f,23ESKCS041,REG20260041,Aniket Jain,C,2024-2028,4,7.64,72.7,991198486425,APAR-2026-00041,+91-8335493870,AISHE-28566572,https://github.com/aniket41,https://leetcode.com/aniket41,https://linkedin.com/in/aniket41-skit,https://uei-resumes.s3.amazonaws.com/23ESKCS041.pdf,https://api.dicebear.com/7.x/initials/svg?seed=aniket41
2edafeee-b273-45ff-8ad6-7fa3a827fdbd,edd6b109-59ae-4f32-a025-c5d47a52c49b,23ESKCS042,REG20260042,Pranav Mishra,E,2024-2028,4,7.17,67.9,992716495980,APAR-2026-00042,+91-9197613238,AISHE-16323852,https://github.com/pranav42,https://leetcode.com/pranav42,https://linkedin.com/in/pranav42-skit,https://uei-resumes.s3.amazonaws.com/23ESKCS042.pdf,https://api.dicebear.com/7.x/initials/svg?seed=pranav42
95367de5-7130-4f76-8f84-a68859c30c97,e7c71c04-16ed-4b51-b275-a813a9b2f212,23ESKCS043,REG20260043,Anjali Mishra,B,2024-2028,4,8.02,62.5,992995226591,APAR-2026-00043,+91-6264112119,AISHE-94214382,https://github.com/anjali43,https://leetcode.com/anjali43,https://linkedin.com/in/anjali43-skit,https://uei-resumes.s3.amazonaws.com/23ESKCS043.pdf,https://api.dicebear.com/7.x/initials/svg?seed=anjali43
f1f11b54-ca1b-49d1-88b5-b9f36a57a9b0,3f0c5084-84de-4161-82ac-39c3a8eff9de,23ESKCS044,REG20260044,Pranav Srivastava,E,2025-2029,2,9.81,71.3,997462973004,APAR-2026-00044,+91-7950488739,AISHE-66661351,https://github.com/pranav44,https://leetcode.com/pranav44,https://linkedin.com/in/pranav44-skit,https://uei-resumes.s3.amazonaws.com/23ESKCS044.pdf,https://api.dicebear.com/7.x/initials/svg?seed=pranav44
7006ec6d-87ac-480b-86ea-a9b8143bc4ed,87f66e59-e15d-497e-b1a4-a405e613bb1a,23ESKCS045,REG20260045,Yash Patel,D,2025-2029,2,7.43,57.4,996322520482,APAR-2026-00045,+91-6513140753,AISHE-61220073,https://github.com/yash45,https://leetcode.com/yash45,https://linkedin.com/in/yash45-skit,https://uei-resumes.s3.amazonaws.com/23ESKCS045.pdf,https://api.dicebear.com/7.x/initials/svg?seed=yash45
735fac46-561e-4e9b-8fab-1744b8f7309c,523eca11-a63f-44c0-9d8d-52bdf4752d1f,23ESKCS046,REG20260046,Sachin Bhardwaj,B,2024-2028,4,7.62,95.3,994034047127,APAR-2026-00046,+91-9668132202,AISHE-43744231,https://github.com/sachin46,https://leetcode.com/sachin46,https://linkedin.com/in/sachin46-skit,https://uei-resumes.s3.amazonaws.com/23ESKCS046.pdf,https://api.dicebear.com/7.x/initials/svg?seed=sachin46
b6661307-cbf4-43cd-93c7-7bfebc22236a,9154892e-17bd-4511-8fe5-19d7051c6351,23ESKCS047,REG20260047,Nisha Bansal,B,2026-2030,1,5.82,90.6,997767538536,APAR-2026-00047,+91-6830448745,AISHE-25374874,https://github.com/nisha47,https://leetcode.com/nisha47,https://linkedin.com/in/nisha47-skit,https://uei-resumes.s3.amazonaws.com/23ESKCS047.pdf,https://api.dicebear.com/7.x/initials/svg?seed=nisha47
112ea380-f370-463c-abad-540b5bc5b02c,de91c454-e3d3-4c72-bc9e-91c6972c9945,23ESKCS048,REG20260048,Mohit Mishra,E,2024-2028,4,6.44,79.1,993085816520,APAR-2026-00048,+91-8925276600,AISHE-96028436,https://github.com/mohit48,https://leetcode.com/mohit48,https://linkedin.com/in/mohit48-skit,https://uei-resumes.s3.amazonaws.com/23ESKCS048.pdf,https://api.dicebear.com/7.x/initials/svg?seed=mohit48
6a4df9d2-08a8-4900-a4d1-b1cce5358b67,ac202fca-3573-43f9-896b-185b5fd937bc,23ESKCS049,REG20260049,Vikas Dhankar,D,2024-2028,4,8.87,76.9,999190197124,APAR-2026-00049,+91-8219778234,AISHE-49392920,https://github.com/vikas49,https://leetcode.com/vikas49,https://linkedin.com/in/vikas49-skit,https://uei-resumes.s3.amazonaws.com/23ESKCS049.pdf,https://api.dicebear.com/7.x/initials/svg?seed=vikas49
2d2d894f-bc2c-4b38-821b-b88283ac77ad,086adf08-2e67-4621-bd65-b0b7289bbd35,23ESKCS050,REG20260050,Parth Deshmukh,D,2024-2028,4,8.51,81.8,996204041317,APAR-2026-00050,+91-9269820594,AISHE-70897765,https://github.com/parth50,https://leetcode.com/parth50,https://linkedin.com/in/parth50-skit,https://uei-resumes.s3.amazonaws.com/23ESKCS050.pdf,https://api.dicebear.com/7.x/initials/svg?seed=parth50
72678c82-38a3-423a-a567-7f09511ce1cb,867bbb84-b630-4d90-8ced-2e6160a18c09,23ESKCS051,REG20260051,Yashvi Mishra,C,2023-2027,6,5.44,81.9,999383431268,APAR-2026-00051,+91-6875340444,AISHE-45351479,https://github.com/yashvi51,https://leetcode.com/yashvi51,https://linkedin.com/in/yashvi51-skit,https://uei-resumes.s3.amazonaws.com/23ESKCS051.pdf,https://api.dicebear.com/7.x/initials/svg?seed=yashvi51
9331d740-9ea6-4db5-b548-2213e206f732,6283578a-8d20-4245-ae59-3202ce6513ea,23ESKCS052,REG20260052,Aditi Jain,B,2023-2027,6,6.76,72.9,995070585442,APAR-2026-00052,+91-7645119047,AISHE-24282218,https://github.com/aditi52,https://leetcode.com/aditi52,https://linkedin.com/in/aditi52-skit,https://uei-resumes.s3.amazonaws.com/23ESKCS052.pdf,https://api.dicebear.com/7.x/initials/svg?seed=aditi52
0b8c6994-702c-4cd6-9023-93a536fdda55,d0bcb043-a0ed-4ab0-84e3-8171e011b68a,23ESKCS053,REG20260053,Shreya Singhal,A,2024-2028,4,7.96,77.3,999410288299,APAR-2026-00053,+91-8786066793,AISHE-78137358,https://github.com/shreya53,https://leetcode.com/shreya53,https://linkedin.com/in/shreya53-skit,https://uei-resumes.s3.amazonaws.com/23ESKCS053.pdf,https://api.dicebear.com/7.x/initials/svg?seed=shreya53
391e48f1-7d0b-40be-92c6-592eda356258,74a1da3a-6420-4b58-889e-378808390829,23ESKCS054,REG20260054,Vaibhav Soni,B,2023-2027,6,7.07,69.7,994459716280,APAR-2026-00054,+91-7264109919,AISHE-60185867,https://github.com/vaibhav54,https://leetcode.com/vaibhav54,https://linkedin.com/in/vaibhav54-skit,https://uei-resumes.s3.amazonaws.com/23ESKCS054.pdf,https://api.dicebear.com/7.x/initials/svg?seed=vaibhav54
27853259-68b6-46ee-99d2-e2cd051972fb,43e34b94-5ab3-4217-ac68-dce776ed5b17,23ESKCS055,REG20260055,Sachin Mishra,C,2023-2027,6,6.3,78.1,998943866838,APAR-2026-00055,+91-7679153816,AISHE-81182864,https://github.com/sachin55,https://leetcode.com/sachin55,https://linkedin.com/in/sachin55-skit,https://uei-resumes.s3.amazonaws.com/23ESKCS055.pdf,https://api.dicebear.com/7.x/initials/svg?seed=sachin55
fabd594b-c2b4-4d6f-a344-573d868164d8,37877eca-0a1b-4dd0-a22a-7f91d768f496,23ESKCS056,REG20260056,Sneha Pandey,B,2026-2030,1,8.05,90.4,998088660642,APAR-2026-00056,+91-6743111853,AISHE-53507489,https://github.com/sneha56,https://leetcode.com/sneha56,https://linkedin.com/in/sneha56-skit,https://uei-resumes.s3.amazonaws.com/23ESKCS056.pdf,https://api.dicebear.com/7.x/initials/svg?seed=sneha56
2da6abd3-1ac5-4187-83ae-69e65e94daa0,c20d7d82-3a2d-43a9-93eb-bb05daabbfe6,23ESKCS057,REG20260057,Pranav Mishra,E,2025-2029,2,7.0,85.9,995014170437,APAR-2026-00057,+91-9120912992,AISHE-25014631,https://github.com/pranav57,https://leetcode.com/pranav57,https://linkedin.com/in/pranav57-skit,https://uei-resumes.s3.amazonaws.com/23ESKCS057.pdf,https://api.dicebear.com/7.x/initials/svg?seed=pranav57
609bf32f-ef88-4183-8520-3469675c5ad3,8d8ba73e-3dc2-49f6-ab42-8abe6409da5f,23ESKCS058,REG20260058,Sanjay Singhal,D,2025-2029,2,9.7,82.3,996075963536,APAR-2026-00058,+91-8992994062,AISHE-51273847,https://github.com/sanjay58,https://leetcode.com/sanjay58,https://linkedin.com/in/sanjay58-skit,https://uei-resumes.s3.amazonaws.com/23ESKCS058.pdf,https://api.dicebear.com/7.x/initials/svg?seed=sanjay58
fd8f6e7a-d896-47c4-8950-0208bf34097f,8a4e1874-bd1f-409c-9d17-9500915b90a3,23ESKCS059,REG20260059,Shreya Verma,C,2023-2027,6,6.62,77.8,997040562796,APAR-2026-00059,+91-7162196678,AISHE-42329237,https://github.com/shreya59,https://leetcode.com/shreya59,https://linkedin.com/in/shreya59-skit,https://uei-resumes.s3.amazonaws.com/23ESKCS059.pdf,https://api.dicebear.com/7.x/initials/svg?seed=shreya59
fce41950-4037-4603-9b82-da005fae7ad0,ecae94d3-4f80-4132-8e63-8d56b1f84780,23ESKCS060,REG20260060,Varun Patel,D,2023-2027,6,8.11,82.8,993971203222,APAR-2026-00060,+91-6191969690,AISHE-75228535,https://github.com/varun60,https://leetcode.com/varun60,https://linkedin.com/in/varun60-skit,https://uei-resumes.s3.amazonaws.com/23ESKCS060.pdf,https://api.dicebear.com/7.x/initials/svg?seed=varun60
7fd2adc1-e640-4b50-a95d-9f8229652987,95ecb30e-a4d1-4891-86b4-94abdcf04c8c,23ESKCS061,REG20260061,Rohan Meena,D,2025-2029,2,6.61,88.2,996611903024,APAR-2026-00061,+91-6916690353,AISHE-81498611,https://github.com/rohan61,https://leetcode.com/rohan61,https://linkedin.com/in/rohan61-skit,https://uei-resumes.s3.amazonaws.com/23ESKCS061.pdf,https://api.dicebear.com/7.x/initials/svg?seed=rohan61
df6e6a38-cb17-48e9-8503-d29b0c34c068,3d335541-e14b-4698-ae53-520969f38dc6,23ESKCS062,REG20260062,Yash Sharma,B,2024-2028,4,7.69,90.9,996128695970,APAR-2026-00062,+91-7237859287,AISHE-98550256,https://github.com/yash62,https://leetcode.com/yash62,https://linkedin.com/in/yash62-skit,https://uei-resumes.s3.amazonaws.com/23ESKCS062.pdf,https://api.dicebear.com/7.x/initials/svg?seed=yash62
064e4451-fbcc-4e2c-98df-4c9392264c60,af3b4b0c-7bad-41f8-b7fd-ecfa5f725595,23ESKCS063,REG20260063,Sachin Deshmukh,C,2023-2027,6,8.9,76.3,993108307961,APAR-2026-00063,+91-9690347116,AISHE-32162965,https://github.com/sachin63,https://leetcode.com/sachin63,https://linkedin.com/in/sachin63-skit,https://uei-resumes.s3.amazonaws.com/23ESKCS063.pdf,https://api.dicebear.com/7.x/initials/svg?seed=sachin63
346e2838-f1b6-494a-ad10-1e53b5a44b54,93948bdd-6098-4d37-bf8a-010f0da3a5e9,23ESKCS064,REG20260064,Pooja Kumar,B,2023-2027,6,7.36,98.0,995575615212,APAR-2026-00064,+91-8666585408,AISHE-91415657,https://github.com/pooja64,https://leetcode.com/pooja64,https://linkedin.com/in/pooja64-skit,https://uei-resumes.s3.amazonaws.com/23ESKCS064.pdf,https://api.dicebear.com/7.x/initials/svg?seed=pooja64
1da664ac-810c-46b3-a2be-8e9cc0e3030c,fc2bdc13-1a2b-4348-b5fe-9ed7ece7366a,23ESKCS065,REG20260065,Ayush Deshmukh,E,2025-2029,2,8.18,82.7,993656086603,APAR-2026-00065,+91-9327416584,AISHE-82383095,https://github.com/ayush65,https://leetcode.com/ayush65,https://linkedin.com/in/ayush65-skit,https://uei-resumes.s3.amazonaws.com/23ESKCS065.pdf,https://api.dicebear.com/7.x/initials/svg?seed=ayush65
89844b29-684e-4711-8815-c6888760f4df,b1307a1f-ab33-42f9-9c32-a7a961c9c83b,23ESKCS066,REG20260066,Katyayini Singh,D,2025-2029,2,7.02,76.9,994275930932,APAR-2026-00066,+91-7865523129,AISHE-51837852,https://github.com/katyayini66,https://leetcode.com/katyayini66,https://linkedin.com/in/katyayini66-skit,https://uei-resumes.s3.amazonaws.com/23ESKCS066.pdf,https://api.dicebear.com/7.x/initials/svg?seed=katyayini66
c60210a0-2054-4976-8d04-93b5738010b0,6d364a6b-c948-4d1c-8fbe-51515d4adfbc,23ESKCS067,REG20260067,Ishita Dhankar,E,2023-2027,6,8.08,87.9,997313226034,APAR-2026-00067,+91-9821218382,AISHE-97225156,https://github.com/ishita67,https://leetcode.com/ishita67,https://linkedin.com/in/ishita67-skit,https://uei-resumes.s3.amazonaws.com/23ESKCS067.pdf,https://api.dicebear.com/7.x/initials/svg?seed=ishita67
d0e331e2-b577-460d-b447-c38d2f8cf4bf,65302d79-9271-44e2-b824-a9ea03ee1603,23ESKCS068,REG20260068,Pranav Bhardwaj,B,2025-2029,2,7.8,63.5,995010075526,APAR-2026-00068,+91-8570406376,AISHE-79467853,https://github.com/pranav68,https://leetcode.com/pranav68,https://linkedin.com/in/pranav68-skit,https://uei-resumes.s3.amazonaws.com/23ESKCS068.pdf,https://api.dicebear.com/7.x/initials/svg?seed=pranav68
3ad01eef-4870-4b95-82d2-f092a08cae45,825c5559-3601-4e2b-a690-826ab686e06f,23ESKCS069,REG20260069,Ayush Bhardwaj,A,2024-2028,4,7.83,64.2,999251459103,APAR-2026-00069,+91-9229927269,AISHE-43273328,https://github.com/ayush69,https://leetcode.com/ayush69,https://linkedin.com/in/ayush69-skit,https://uei-resumes.s3.amazonaws.com/23ESKCS069.pdf,https://api.dicebear.com/7.x/initials/svg?seed=ayush69
28f45d5e-3ca4-414c-8d8f-ef6292be852f,88797ba5-ba09-4eb5-b342-d7b96c530155,23ESKCS070,REG20260070,Karan Rathore,E,2026-2030,1,5.9,84.2,999115009541,APAR-2026-00070,+91-7168747287,AISHE-55377076,https://github.com/karan70,https://leetcode.com/karan70,https://linkedin.com/in/karan70-skit,https://uei-resumes.s3.amazonaws.com/23ESKCS070.pdf,https://api.dicebear.com/7.x/initials/svg?seed=karan70
8e7667bf-cb57-4dad-89a5-464570b930cf,d3b18068-eb7d-45bb-aaea-5cdd0a8b454a,23ESKCS071,REG20260071,Harsh Srivastava,E,2023-2027,6,9.19,78.5,994248149909,APAR-2026-00071,+91-6731691672,AISHE-84346088,https://github.com/harsh71,https://leetcode.com/harsh71,https://linkedin.com/in/harsh71-skit,https://uei-resumes.s3.amazonaws.com/23ESKCS071.pdf,https://api.dicebear.com/7.x/initials/svg?seed=harsh71
09c68ade-d265-41b2-b165-4dfdd282e15c,814928c0-3465-453e-986b-b340e21a407d,23ESKCS072,REG20260072,Dev Singh,D,2026-2030,1,8.73,76.1,997048809031,APAR-2026-00072,+91-7731832764,AISHE-39557077,https://github.com/dev72,https://leetcode.com/dev72,https://linkedin.com/in/dev72-skit,https://uei-resumes.s3.amazonaws.com/23ESKCS072.pdf,https://api.dicebear.com/7.x/initials/svg?seed=dev72
8fe529aa-f7fc-4e26-a519-e1a6ea9dcaa1,613398fc-c36a-43f3-bfaa-cb51ed56f01f,23ESKCS073,REG20260073,Nisha Verma,D,2025-2029,2,6.77,69.0,995452580296,APAR-2026-00073,+91-6176228245,AISHE-94705205,https://github.com/nisha73,https://leetcode.com/nisha73,https://linkedin.com/in/nisha73-skit,https://uei-resumes.s3.amazonaws.com/23ESKCS073.pdf,https://api.dicebear.com/7.x/initials/svg?seed=nisha73
51d648a0-b49b-4f64-aa29-413ad1d43861,c8ece312-e927-4ec1-a3cf-ac88daf2f996,23ESKCS074,REG20260074,Zoya Mehta,E,2023-2027,6,6.58,67.0,992774884827,APAR-2026-00074,+91-6345824373,AISHE-19046318,https://github.com/zoya74,https://leetcode.com/zoya74,https://linkedin.com/in/zoya74-skit,https://uei-resumes.s3.amazonaws.com/23ESKCS074.pdf,https://api.dicebear.com/7.x/initials/svg?seed=zoya74
ceb67719-fd3d-4a91-9763-0a1afac5f32b,2101af8b-5a3f-4c75-baa8-b9c469cf291d,23ESKCS075,REG20260075,Yashvi Bansal,B,2025-2029,2,4.78,70.8,998293928349,APAR-2026-00075,+91-6454794895,AISHE-19510312,https://github.com/yashvi75,https://leetcode.com/yashvi75,https://linkedin.com/in/yashvi75-skit,https://uei-resumes.s3.amazonaws.com/23ESKCS075.pdf,https://api.dicebear.com/7.x/initials/svg?seed=yashvi75
1d634bcb-1e4c-4d83-ad56-01a45c2b82c0,c08aeb2d-4b2f-45da-ae6e-3d23d44ddea5,23ESKCS076,REG20260076,Bhavya Khandelwal,E,2023-2027,6,6.9,76.9,994921003992,APAR-2026-00076,+91-7399012686,AISHE-99788677,https://github.com/bhavya76,https://leetcode.com/bhavya76,https://linkedin.com/in/bhavya76-skit,https://uei-resumes.s3.amazonaws.com/23ESKCS076.pdf,https://api.dicebear.com/7.x/initials/svg?seed=bhavya76
dfde5886-a435-499d-9a4b-e5353b1b3ef6,f61acf40-feec-4a2b-8676-709d293df1e3,23ESKCS077,REG20260077,Rahul Verma,C,2025-2029,2,6.21,84.9,993028168532,APAR-2026-00077,+91-9330035022,AISHE-82374753,https://github.com/rahul77,https://leetcode.com/rahul77,https://linkedin.com/in/rahul77-skit,https://uei-resumes.s3.amazonaws.com/23ESKCS077.pdf,https://api.dicebear.com/7.x/initials/svg?seed=rahul77
651b7fa7-b45d-4d55-9113-33adab00051b,6a6a1b82-77d2-486d-a234-13d9c2c95a2e,23ESKCS078,REG20260078,Shreya Rathore,B,2023-2027,6,7.05,97.7,997077131439,APAR-2026-00078,+91-7876693898,AISHE-86644106,https://github.com/shreya78,https://leetcode.com/shreya78,https://linkedin.com/in/shreya78-skit,https://uei-resumes.s3.amazonaws.com/23ESKCS078.pdf,https://api.dicebear.com/7.x/initials/svg?seed=shreya78
5bb1fb9b-c011-4651-a87f-bc387702d0e8,f816f831-9121-4bb6-b3a9-6151880d2afc,23ESKCS079,REG20260079,Kashish Yadav,C,2026-2030,1,8.26,69.5,997375197723,APAR-2026-00079,+91-9360916298,AISHE-73481353,https://github.com/kashish79,https://leetcode.com/kashish79,https://linkedin.com/in/kashish79-skit,https://uei-resumes.s3.amazonaws.com/23ESKCS079.pdf,https://api.dicebear.com/7.x/initials/svg?seed=kashish79
8f128df5-f3ab-4bad-8ee8-00905acf346f,f0654f0e-cdaa-486a-9928-155d4ea661d6,23ESKCS080,REG20260080,Khushi Gupta,B,2026-2030,1,7.61,97.4,995482431027,APAR-2026-00080,+91-9304451095,AISHE-22660194,https://github.com/khushi80,https://leetcode.com/khushi80,https://linkedin.com/in/khushi80-skit,https://uei-resumes.s3.amazonaws.com/23ESKCS080.pdf,https://api.dicebear.com/7.x/initials/svg?seed=khushi80
054a5ec2-537e-440c-a150-f427cd98fed6,44a3a7f2-aa44-499e-b57b-f0fef0505286,23ESKCS081,REG20260081,Mohit Srivastava,B,2026-2030,1,8.01,77.2,998924383993,APAR-2026-00081,+91-6807577342,AISHE-67854710,https://github.com/mohit81,https://leetcode.com/mohit81,https://linkedin.com/in/mohit81-skit,https://uei-resumes.s3.amazonaws.com/23ESKCS081.pdf,https://api.dicebear.com/7.x/initials/svg?seed=mohit81
873b1707-ebea-41fe-9627-6f38c5b22743,453cdb55-a863-4b41-b545-292a108d0175,23ESKCS082,REG20260082,Ayush Mishra,B,2023-2027,6,4.5,84.0,998270110917,APAR-2026-00082,+91-8554814084,AISHE-65177213,https://github.com/ayush82,https://leetcode.com/ayush82,https://linkedin.com/in/ayush82-skit,https://uei-resumes.s3.amazonaws.com/23ESKCS082.pdf,https://api.dicebear.com/7.x/initials/svg?seed=ayush82
bc76a678-df74-48ec-bbe8-baf2133f63bf,c3ffc9ca-0659-4519-b0dc-5d6193c6fcf1,23ESKCS083,REG20260083,Mohit Kumar,D,2023-2027,6,6.75,73.1,995683143590,APAR-2026-00083,+91-9882839238,AISHE-17270733,https://github.com/mohit83,https://leetcode.com/mohit83,https://linkedin.com/in/mohit83-skit,https://uei-resumes.s3.amazonaws.com/23ESKCS083.pdf,https://api.dicebear.com/7.x/initials/svg?seed=mohit83
73fa98ac-f27e-4723-aa28-3ba7a197eda3,739ff3a9-4ce1-4adc-947a-b88c001744d8,23ESKCS084,REG20260084,Anjali Pandey,B,2025-2029,2,7.7,76.6,994419410171,APAR-2026-00084,+91-6165082363,AISHE-64038913,https://github.com/anjali84,https://leetcode.com/anjali84,https://linkedin.com/in/anjali84-skit,https://uei-resumes.s3.amazonaws.com/23ESKCS084.pdf,https://api.dicebear.com/7.x/initials/svg?seed=anjali84
5b724cf4-1098-49ac-8f0d-5945af648bbe,a27fe72a-c66b-431b-89d8-1c730830da6c,23ESKCS085,REG20260085,Rohan Mishra,E,2024-2028,4,7.63,82.4,999035194904,APAR-2026-00085,+91-8959629660,AISHE-24665841,https://github.com/rohan85,https://leetcode.com/rohan85,https://linkedin.com/in/rohan85-skit,https://uei-resumes.s3.amazonaws.com/23ESKCS085.pdf,https://api.dicebear.com/7.x/initials/svg?seed=rohan85
7cc457a4-a683-4f52-a032-e024018a2325,0e12ea17-721b-4f0f-aaaf-26a5aeb14da5,23ESKCS086,REG20260086,Ayush Jain,D,2025-2029,2,5.68,82.6,993347621147,APAR-2026-00086,+91-7305718272,AISHE-35529407,https://github.com/ayush86,https://leetcode.com/ayush86,https://linkedin.com/in/ayush86-skit,https://uei-resumes.s3.amazonaws.com/23ESKCS086.pdf,https://api.dicebear.com/7.x/initials/svg?seed=ayush86
59030cad-3a1b-48ef-9d3e-7200bc044221,5b30de24-9c66-4cf3-a180-5a29d5211e1a,23ESKCS087,REG20260087,Parth Verma,C,2026-2030,1,7.85,72.4,993075362830,APAR-2026-00087,+91-9250519597,AISHE-66623995,https://github.com/parth87,https://leetcode.com/parth87,https://linkedin.com/in/parth87-skit,https://uei-resumes.s3.amazonaws.com/23ESKCS087.pdf,https://api.dicebear.com/7.x/initials/svg?seed=parth87
937f4d67-f6fe-481b-9743-e14f7c914d40,e74ffffe-135c-4939-b7e0-e8a2303d01f0,23ESKCS088,REG20260088,Vaibhav Khandelwal,A,2026-2030,1,7.16,92.5,994431078115,APAR-2026-00088,+91-7399085574,AISHE-72092888,https://github.com/vaibhav88,https://leetcode.com/vaibhav88,https://linkedin.com/in/vaibhav88-skit,https://uei-resumes.s3.amazonaws.com/23ESKCS088.pdf,https://api.dicebear.com/7.x/initials/svg?seed=vaibhav88
b547aafb-3f8c-4c9e-988c-125ddf5c8565,bbaef43a-a757-459d-b1aa-853f857e8f9e,23ESKCS089,REG20260089,Siddharth Joshi,B,2023-2027,6,8.82,69.5,992893321217,APAR-2026-00089,+91-7180943908,AISHE-69476001,https://github.com/siddharth89,https://leetcode.com/siddharth89,https://linkedin.com/in/siddharth89-skit,https://uei-resumes.s3.amazonaws.com/23ESKCS089.pdf,https://api.dicebear.com/7.x/initials/svg?seed=siddharth89
a0a03fae-0280-41ef-bd59-e491f86e6bcd,42242749-23ad-44bf-8f59-c96ca6785b25,23ESKCS090,REG20260090,Kashish Kumar,D,2024-2028,4,8.04,96.9,996001680227,APAR-2026-00090,+91-6154318806,AISHE-97529405,https://github.com/kashish90,https://leetcode.com/kashish90,https://linkedin.com/in/kashish90-skit,https://uei-resumes.s3.amazonaws.com/23ESKCS090.pdf,https://api.dicebear.com/7.x/initials/svg?seed=kashish90
16654cf5-0dbe-46ca-bc6d-bc0eb686f04b,dd4721c0-8faf-48f4-a296-4cf60b18b55d,23ESKCS091,REG20260091,Kashish Yadav,C,2023-2027,6,6.93,79.4,997688606780,APAR-2026-00091,+91-6200140141,AISHE-41726318,https://github.com/kashish91,https://leetcode.com/kashish91,https://linkedin.com/in/kashish91-skit,https://uei-resumes.s3.amazonaws.com/23ESKCS091.pdf,https://api.dicebear.com/7.x/initials/svg?seed=kashish91
2195f2a4-7b37-4373-b6dd-55cfa6182581,5666714b-d05d-4f18-8dc5-3a20e44a59cd,23ESKCS092,REG20260092,Ansh Pandey,C,2025-2029,2,5.48,68.1,999333490248,APAR-2026-00092,+91-7536383774,AISHE-75181648,https://github.com/ansh92,https://leetcode.com/ansh92,https://linkedin.com/in/ansh92-skit,https://uei-resumes.s3.amazonaws.com/23ESKCS092.pdf,https://api.dicebear.com/7.x/initials/svg?seed=ansh92
c66ec193-2cd1-4f45-ac3f-fa1caba2ffe8,4916e820-57d9-4714-bd0b-1ff2a9910c27,23ESKCS093,REG20260093,Sameer Kumar,E,2024-2028,4,6.38,66.0,998306070823,APAR-2026-00093,+91-9329509408,AISHE-63826716,https://github.com/sameer93,https://leetcode.com/sameer93,https://linkedin.com/in/sameer93-skit,https://uei-resumes.s3.amazonaws.com/23ESKCS093.pdf,https://api.dicebear.com/7.x/initials/svg?seed=sameer93
68ad6e38-e6f8-4388-b448-f7cc37d53371,ccb052b8-6124-49d8-ac83-c7bf4c4b7dad,23ESKCS094,REG20260094,Rahul Chaudhary,A,2024-2028,4,7.89,74.6,997243352399,APAR-2026-00094,+91-6276777762,AISHE-60864911,https://github.com/rahul94,https://leetcode.com/rahul94,https://linkedin.com/in/rahul94-skit,https://uei-resumes.s3.amazonaws.com/23ESKCS094.pdf,https://api.dicebear.com/7.x/initials/svg?seed=rahul94
5dddf8ec-f9e6-4e05-a2be-5df1892fbd38,36e70435-f493-4c96-824b-fe1e60deb57e,23ESKCS095,REG20260095,Nisha Singh,B,2026-2030,1,6.12,61.3,997939173434,APAR-2026-00095,+91-6519212169,AISHE-45594951,https://github.com/nisha95,https://leetcode.com/nisha95,https://linkedin.com/in/nisha95-skit,https://uei-resumes.s3.amazonaws.com/23ESKCS095.pdf,https://api.dicebear.com/7.x/initials/svg?seed=nisha95
9c967545-2216-46fa-95ce-5f15db52a6ca,89385b98-0d8a-4405-8400-c28505bb85f5,23ESKCS096,REG20260096,Pooja Jain,C,2023-2027,6,8.54,77.2,998064477353,APAR-2026-00096,+91-9406284028,AISHE-66775103,https://github.com/pooja96,https://leetcode.com/pooja96,https://linkedin.com/in/pooja96-skit,https://uei-resumes.s3.amazonaws.com/23ESKCS096.pdf,https://api.dicebear.com/7.x/initials/svg?seed=pooja96
fbeeb084-9c6b-4567-a8d5-a9cc0989f288,b737e468-69f1-434b-9c51-a1ba09345f5c,23ESKCS097,REG20260097,Pranav Bhardwaj,B,2023-2027,6,8.43,81.6,995246953464,APAR-2026-00097,+91-9266211829,AISHE-35487660,https://github.com/pranav97,https://leetcode.com/pranav97,https://linkedin.com/in/pranav97-skit,https://uei-resumes.s3.amazonaws.com/23ESKCS097.pdf,https://api.dicebear.com/7.x/initials/svg?seed=pranav97
63d9ec0d-a6d8-48ff-8f36-5298388ca746,526a368c-a654-4668-afd3-dcab89a15ccc,23ESKCS098,REG20260098,Sameer Gupta,E,2024-2028,4,7.74,71.1,994325887735,APAR-2026-00098,+91-8333754555,AISHE-17849494,https://github.com/sameer98,https://leetcode.com/sameer98,https://linkedin.com/in/sameer98-skit,https://uei-resumes.s3.amazonaws.com/23ESKCS098.pdf,https://api.dicebear.com/7.x/initials/svg?seed=sameer98
5f24eeb4-7edd-46d1-9bce-beab25093d71,dc778bbf-b14c-465f-a2c1-69f195a3c982,23ESKCS099,REG20260099,Ayush Deshmukh,E,2025-2029,2,7.57,73.4,994721365359,APAR-2026-00099,+91-6903132646,AISHE-52091325,https://github.com/ayush99,https://leetcode.com/ayush99,https://linkedin.com/in/ayush99-skit,https://uei-resumes.s3.amazonaws.com/23ESKCS099.pdf,https://api.dicebear.com/7.x/initials/svg?seed=ayush99
9625757e-7b13-4777-bfd2-f7efe3fb69c4,85235a08-0d4c-4ab1-a64f-62a95e8672be,23ESKCS100,REG20260100,Shivam Kumar,A,2024-2028,4,7.34,84.2,995567946990,APAR-2026-00100,+91-6153839920,AISHE-88406989,https://github.com/shivam100,https://leetcode.com/shivam100,https://linkedin.com/in/shivam100-skit,https://uei-resumes.s3.amazonaws.com/23ESKCS100.pdf,https://api.dicebear.com/7.x/initials/svg?seed=shivam100
fa5e4ff9-07c0-4945-919e-ffcfc2b67440,2e0be8a9-da84-42a2-8473-f997b38b094f,23ESKCS101,REG20260101,Pooja Rathore,B,2023-2027,6,7.03,54.7,996590459714,APAR-2026-00101,+91-9639931481,AISHE-81286543,https://github.com/student101,https://leetcode.com/student101,https://linkedin.com/in/student101-skit,https://uei-resumes.s3.amazonaws.com/23ESKCS101.pdf,https://api.dicebear.com/7.x/initials/svg?seed=student101
d0bebdf3-b2c8-41a1-9632-bee14f91d1b9,d4bae3a0-3d13-40c4-a446-224c00233494,23ESKCS102,REG20260102,Parth Srivastava,A,2026-2030,1,7.1,66.9,994862321362,APAR-2026-00102,+91-7161073976,AISHE-78159587,https://github.com/student102,https://leetcode.com/student102,https://linkedin.com/in/student102-skit,https://uei-resumes.s3.amazonaws.com/23ESKCS102.pdf,https://api.dicebear.com/7.x/initials/svg?seed=student102
bfeac8cd-70de-41ab-aae8-9db7fb298d97,4194a20a-cea8-47c0-b762-9f6b158cfc02,23ESKCS103,REG20260103,Shivam Sharma,C,2026-2030,1,8.87,78.0,997895255582,APAR-2026-00103,+91-6299528037,AISHE-19196777,https://github.com/student103,https://leetcode.com/student103,https://linkedin.com/in/student103-skit,https://uei-resumes.s3.amazonaws.com/23ESKCS103.pdf,https://api.dicebear.com/7.x/initials/svg?seed=student103
224a491e-b267-430d-8a0c-ee9e19880a7c,cf1cc438-d011-4657-a524-b21138130c33,23ESKCS104,REG20260104,Tanmay Sharma,B,2026-2030,1,6.58,80.9,997242730258,APAR-2026-00104,+91-6825003955,AISHE-41568532,https://github.com/student104,https://leetcode.com/student104,https://linkedin.com/in/student104-skit,https://uei-resumes.s3.amazonaws.com/23ESKCS104.pdf,https://api.dicebear.com/7.x/initials/svg?seed=student104
7612300c-13b5-494d-b31e-45f0277d9f4b,0e0cf12a-8ecc-4b3b-92c4-0a9740fff683,23ESKCS105,REG20260105,Tanya Joshi,C,2024-2028,4,6.87,67.0,991366637157,APAR-2026-00105,+91-9228727266,AISHE-86460539,https://github.com/student105,https://leetcode.com/student105,https://linkedin.com/in/student105-skit,https://uei-resumes.s3.amazonaws.com/23ESKCS105.pdf,https://api.dicebear.com/7.x/initials/svg?seed=student105
18be0e32-197e-4df0-8948-2a65eafedaa7,4d0faceb-8ca6-420e-943f-9292e7469cd7,23ESKCS106,REG20260106,Akash Singh,E,2025-2029,2,6.81,68.6,996636925114,APAR-2026-00106,+91-7721609600,AISHE-89795010,https://github.com/student106,https://leetcode.com/student106,https://linkedin.com/in/student106-skit,https://uei-resumes.s3.amazonaws.com/23ESKCS106.pdf,https://api.dicebear.com/7.x/initials/svg?seed=student106
05b78ffa-dcb2-4499-967e-d687fd852e65,7709d9c0-c48f-40b3-9c7b-d49bbfca6ca9,23ESKCS107,REG20260107,Priya Jain,A,2025-2029,2,8.05,69.8,998570333557,APAR-2026-00107,+91-6765055833,AISHE-21003626,https://github.com/student107,https://leetcode.com/student107,https://linkedin.com/in/student107-skit,https://uei-resumes.s3.amazonaws.com/23ESKCS107.pdf,https://api.dicebear.com/7.x/initials/svg?seed=student107
a8d23c1d-41bc-431c-b13a-ec8771147638,c7a0dc80-9b27-49d5-bcc4-5fd30e631384,23ESKCS108,REG20260108,Zoya Singhal,E,2023-2027,6,6.04,68.3,998273403375,APAR-2026-00108,+91-9805849060,AISHE-88339168,https://github.com/student108,https://leetcode.com/student108,https://linkedin.com/in/student108-skit,https://uei-resumes.s3.amazonaws.com/23ESKCS108.pdf,https://api.dicebear.com/7.x/initials/svg?seed=student108
2bb2dd9f-4e45-49ac-863e-11edeed7e869,f3a52a54-8e99-429e-a9fb-93cb33c18edf,23ESKCS109,REG20260109,Kunal Meena,A,2024-2028,4,8.46,68.1,992721355682,APAR-2026-00109,+91-8379995032,AISHE-37415205,https://github.com/student109,https://leetcode.com/student109,https://linkedin.com/in/student109-skit,https://uei-resumes.s3.amazonaws.com/23ESKCS109.pdf,https://api.dicebear.com/7.x/initials/svg?seed=student109
7076cf5b-b6ce-4b9a-8766-4819cdebceff,ff89583f-64bb-43c2-ad0e-c4828575122c,23ESKCS110,REG20260110,Yash Rathore,B,2026-2030,1,6.44,83.3,996884333230,APAR-2026-00110,+91-8356287095,AISHE-45650176,https://github.com/student110,https://leetcode.com/student110,https://linkedin.com/in/student110-skit,https://uei-resumes.s3.amazonaws.com/23ESKCS110.pdf,https://api.dicebear.com/7.x/initials/svg?seed=student110
d429c2bb-e6dc-408b-98cf-a4a048882e0f,af893779-9134-4921-9453-ade18f50b7af,23ESKCS111,REG20260111,Aniket Bansal,B,2024-2028,4,7.41,75.0,995645357294,APAR-2026-00111,+91-9240529481,AISHE-96637649,https://github.com/student111,https://leetcode.com/student111,https://linkedin.com/in/student111-skit,https://uei-resumes.s3.amazonaws.com/23ESKCS111.pdf,https://api.dicebear.com/7.x/initials/svg?seed=student111
11fa9fa2-4971-40a3-9dc2-e676e2b27a4c,a47204fb-8fbf-4568-9c11-9b39802b1231,23ESKCS112,REG20260112,Nisha Joshi,B,2023-2027,6,7.07,82.9,997842459497,APAR-2026-00112,+91-8590941149,AISHE-52436584,https://github.com/student112,https://leetcode.com/student112,https://linkedin.com/in/student112-skit,https://uei-resumes.s3.amazonaws.com/23ESKCS112.pdf,https://api.dicebear.com/7.x/initials/svg?seed=student112
f4e38da8-2672-4599-8a01-b7027e4940fb,a6de136f-437f-49c6-95e3-8a67ae691df5,23ESKCS113,REG20260113,Shreya Bansal,A,2024-2028,4,7.14,85.7,996392415237,APAR-2026-00113,+91-6110002396,AISHE-71510041,https://github.com/student113,https://leetcode.com/student113,https://linkedin.com/in/student113-skit,https://uei-resumes.s3.amazonaws.com/23ESKCS113.pdf,https://api.dicebear.com/7.x/initials/svg?seed=student113
aec7a09d-cce7-4f59-b134-5a2de1609367,d9786a61-fb9c-463c-a590-80d7254b3973,23ESKCS114,REG20260114,Dev Deshmukh,D,2024-2028,4,5.13,78.5,998757570751,APAR-2026-00114,+91-6178663096,AISHE-82160068,https://github.com/student114,https://leetcode.com/student114,https://linkedin.com/in/student114-skit,https://uei-resumes.s3.amazonaws.com/23ESKCS114.pdf,https://api.dicebear.com/7.x/initials/svg?seed=student114
e4523ecf-bfdc-4ac6-bc2e-d7311f35c05f,817dac9a-a892-437a-b68e-a049d387dda5,23ESKCS115,REG20260115,Ananya Kumar,E,2026-2030,1,5.71,70.8,997088949200,APAR-2026-00115,+91-7643189555,AISHE-45594597,https://github.com/student115,https://leetcode.com/student115,https://linkedin.com/in/student115-skit,https://uei-resumes.s3.amazonaws.com/23ESKCS115.pdf,https://api.dicebear.com/7.x/initials/svg?seed=student115
d0b10b08-c5aa-40d9-a63d-bf7bf4e29c98,98070855-8758-4ae3-9fd3-4b8ba128c982,23ESKCS116,REG20260116,Siddharth Pandey,C,2023-2027,6,6.88,80.5,995632753992,APAR-2026-00116,+91-7474745382,AISHE-19233013,https://github.com/student116,https://leetcode.com/student116,https://linkedin.com/in/student116-skit,https://uei-resumes.s3.amazonaws.com/23ESKCS116.pdf,https://api.dicebear.com/7.x/initials/svg?seed=student116
830bc4e6-6a2e-4714-991e-d3ccfb4cb7cb,ea8ede06-c93d-424c-aa45-1b706cd5a89a,23ESKCS117,REG20260117,Zoya Dhankar,A,2023-2027,6,6.63,77.1,998628842166,APAR-2026-00117,+91-7496776692,AISHE-48250360,https://github.com/student117,https://leetcode.com/student117,https://linkedin.com/in/student117-skit,https://uei-resumes.s3.amazonaws.com/23ESKCS117.pdf,https://api.dicebear.com/7.x/initials/svg?seed=student117
d7d9c1fb-61f8-4826-9244-4fc724c10503,cb322f3c-ed5a-4df6-929b-55a72a43d2e1,23ESKCS118,REG20260118,Ayush Jain,A,2024-2028,4,7.37,85.3,991323639864,APAR-2026-00118,+91-7570497096,AISHE-82909480,https://github.com/student118,https://leetcode.com/student118,https://linkedin.com/in/student118-skit,https://uei-resumes.s3.amazonaws.com/23ESKCS118.pdf,https://api.dicebear.com/7.x/initials/svg?seed=student118
721c4609-6bc6-46c6-b64d-acae200964c9,f926c027-ae30-455b-a241-58011579c428,23ESKCS119,REG20260119,Sanjay Singh,D,2025-2029,2,8.51,66.9,995943324396,APAR-2026-00119,+91-8756783995,AISHE-97775215,https://github.com/student119,https://leetcode.com/student119,https://linkedin.com/in/student119-skit,https://uei-resumes.s3.amazonaws.com/23ESKCS119.pdf,https://api.dicebear.com/7.x/initials/svg?seed=student119
5860d71c-eeb2-43f9-bf23-d369127d562c,ae63b5be-7841-498e-81bd-8eda8c16eceb,23ESKCS120,REG20260120,Akash Meena,E,2023-2027,6,6.91,89.7,995539308223,APAR-2026-00120,+91-6817112652,AISHE-84437458,https://github.com/student120,https://leetcode.com/student120,https://linkedin.com/in/student120-skit,https://uei-resumes.s3.amazonaws.com/23ESKCS120.pdf,https://api.dicebear.com/7.x/initials/svg?seed=student120
5708dc25-f806-44f5-be17-75cb4ed8abd7,36512bf1-efd1-4f60-98f5-c82932d9345b,23ESKCS121,REG20260121,Aniket Singhal,E,2026-2030,1,5.92,81.7,994847761439,APAR-2026-00121,+91-8812308209,AISHE-23903144,https://github.com/student121,https://leetcode.com/student121,https://linkedin.com/in/student121-skit,https://uei-resumes.s3.amazonaws.com/23ESKCS121.pdf,https://api.dicebear.com/7.x/initials/svg?seed=student121
30cc6b23-8c66-463f-8a89-32002c807ecc,73ceb0c6-e28c-43bc-9a4b-a15ad8e069d1,23ESKCS122,REG20260122,Khushi Singhal,D,2024-2028,4,8.67,75.3,998891474918,APAR-2026-00122,+91-7383968123,AISHE-25492573,https://github.com/student122,https://leetcode.com/student122,https://linkedin.com/in/student122-skit,https://uei-resumes.s3.amazonaws.com/23ESKCS122.pdf,https://api.dicebear.com/7.x/initials/svg?seed=student122
e3e027a0-404c-438e-9b96-6915df9ac2d5,25ad6de9-343f-48fd-9c11-6816c1fb3393,23ESKCS123,REG20260123,Aditya Jain,D,2026-2030,1,5.77,76.2,996857897133,APAR-2026-00123,+91-6897163846,AISHE-84252420,https://github.com/student123,https://leetcode.com/student123,https://linkedin.com/in/student123-skit,https://uei-resumes.s3.amazonaws.com/23ESKCS123.pdf,https://api.dicebear.com/7.x/initials/svg?seed=student123
e37435ed-b80b-46a4-b1c4-2c67effec2b3,bd33436a-437a-4359-ac99-e29885b873be,23ESKCS124,REG20260124,Akash Soni,C,2023-2027,6,6.66,90.8,996955247924,APAR-2026-00124,+91-7392431670,AISHE-47816686,https://github.com/student124,https://leetcode.com/student124,https://linkedin.com/in/student124-skit,https://uei-resumes.s3.amazonaws.com/23ESKCS124.pdf,https://api.dicebear.com/7.x/initials/svg?seed=student124
13a15c8e-cfc3-45d7-8968-d1eed581e232,66fdd326-39df-49df-856c-3615531d9618,23ESKCS125,REG20260125,Shreya Deshmukh,C,2023-2027,6,6.82,75.5,996797436149,APAR-2026-00125,+91-7870530217,AISHE-56020613,https://github.com/student125,https://leetcode.com/student125,https://linkedin.com/in/student125-skit,https://uei-resumes.s3.amazonaws.com/23ESKCS125.pdf,https://api.dicebear.com/7.x/initials/svg?seed=student125
2d7d77a1-16a2-4d29-8024-8cf89fce4108,e6feeceb-8dec-492f-8764-b410784579fb,23ESKCS126,REG20260126,Shreya Verma,A,2025-2029,2,5.79,72.8,999991312037,APAR-2026-00126,+91-7838194420,AISHE-95125977,https://github.com/student126,https://leetcode.com/student126,https://linkedin.com/in/student126-skit,https://uei-resumes.s3.amazonaws.com/23ESKCS126.pdf,https://api.dicebear.com/7.x/initials/svg?seed=student126
31f846b7-b8f0-4204-952c-b886f2d3c009,0b789eb1-ecd4-4a47-b67f-0bf15a67265a,23ESKCS127,REG20260127,Gaurav Kumar,D,2024-2028,4,7.5,84.4,995626388829,APAR-2026-00127,+91-8642678844,AISHE-75569635,https://github.com/student127,https://leetcode.com/student127,https://linkedin.com/in/student127-skit,https://uei-resumes.s3.amazonaws.com/23ESKCS127.pdf,https://api.dicebear.com/7.x/initials/svg?seed=student127
820d3435-69f9-4542-bbc7-53817d9b075d,ca974ddb-53b7-4906-a384-f597786b142b,23ESKCS128,REG20260128,Yash Rathore,A,2025-2029,2,8.59,67.8,997860121250,APAR-2026-00128,+91-8154544899,AISHE-22388090,https://github.com/student128,https://leetcode.com/student128,https://linkedin.com/in/student128-skit,https://uei-resumes.s3.amazonaws.com/23ESKCS128.pdf,https://api.dicebear.com/7.x/initials/svg?seed=student128
35e42779-079f-425d-9f2f-266fbb0c4d19,8539bcd2-283f-4e2b-b7ae-2653385864d2,23ESKCS129,REG20260129,Bhavya Yadav,D,2023-2027,6,5.87,87.3,992928130935,APAR-2026-00129,+91-9990505735,AISHE-47135391,https://github.com/student129,https://leetcode.com/student129,https://linkedin.com/in/student129-skit,https://uei-resumes.s3.amazonaws.com/23ESKCS129.pdf,https://api.dicebear.com/7.x/initials/svg?seed=student129
adb162ca-3c48-4063-a1f7-004a5a975fbb,bb4bc9a2-720e-4f4b-b7bd-95a9f22b5427,23ESKCS130,REG20260130,Priya Gupta,C,2026-2030,1,6.45,80.6,997560389853,APAR-2026-00130,+91-6103807155,AISHE-54769200,https://github.com/student130,https://leetcode.com/student130,https://linkedin.com/in/student130-skit,https://uei-resumes.s3.amazonaws.com/23ESKCS130.pdf,https://api.dicebear.com/7.x/initials/svg?seed=student130
600a7614-8211-46e4-82bf-c0e719fb0c3a,d40d6e30-41af-4510-b119-193d79c78ba4,23ESKCS131,REG20260131,Arjun Joshi,A,2026-2030,1,8.47,68.6,994655730364,APAR-2026-00131,+91-7784095277,AISHE-45159040,https://github.com/student131,https://leetcode.com/student131,https://linkedin.com/in/student131-skit,https://uei-resumes.s3.amazonaws.com/23ESKCS131.pdf,https://api.dicebear.com/7.x/initials/svg?seed=student131
03a9127e-d63e-41b3-8bee-89755be92428,1edd1ebc-889e-4922-84a0-17d0f67ef50c,23ESKCS132,REG20260132,Riya Deshmukh,D,2023-2027,6,8.2,75.9,995409514908,APAR-2026-00132,+91-7895890631,AISHE-69302158,https://github.com/student132,https://leetcode.com/student132,https://linkedin.com/in/student132-skit,https://uei-resumes.s3.amazonaws.com/23ESKCS132.pdf,https://api.dicebear.com/7.x/initials/svg?seed=student132
ebb1915f-d328-4e0e-b86e-956ee6fcd97c,42519721-65b2-410d-a1ae-f95af3270b10,23ESKCS133,REG20260133,Aniket Meena,B,2023-2027,6,7.17,83.1,991627277004,APAR-2026-00133,+91-9702269164,AISHE-11297845,https://github.com/student133,https://leetcode.com/student133,https://linkedin.com/in/student133-skit,https://uei-resumes.s3.amazonaws.com/23ESKCS133.pdf,https://api.dicebear.com/7.x/initials/svg?seed=student133
5d86059e-9ca8-4411-b11e-8b27b76b339b,faf1042a-9d2e-4e8e-960d-a34d22920440,23ESKCS134,REG20260134,Arjun Verma,D,2026-2030,1,5.45,62.6,995376588381,APAR-2026-00134,+91-6180792472,AISHE-30005727,https://github.com/student134,https://leetcode.com/student134,https://linkedin.com/in/student134-skit,https://uei-resumes.s3.amazonaws.com/23ESKCS134.pdf,https://api.dicebear.com/7.x/initials/svg?seed=student134
4a1f8d7b-dbcf-4242-96c7-ef9d6aeb0e10,7ad7fb69-d8e8-4c9f-8313-ec79d81116d9,23ESKCS135,REG20260135,Parth Chaudhary,C,2024-2028,4,7.28,81.8,992963288062,APAR-2026-00135,+91-6996139578,AISHE-59555330,https://github.com/student135,https://leetcode.com/student135,https://linkedin.com/in/student135-skit,https://uei-resumes.s3.amazonaws.com/23ESKCS135.pdf,https://api.dicebear.com/7.x/initials/svg?seed=student135
66e3c9d5-2d66-4671-8e86-6cba5ad48d76,d13902e8-ae92-400c-9a73-14b80bfd27ca,23ESKCS136,REG20260136,Aditi Soni,E,2024-2028,4,7.2,69.5,999596653382,APAR-2026-00136,+91-7561479973,AISHE-27105448,https://github.com/student136,https://leetcode.com/student136,https://linkedin.com/in/student136-skit,https://uei-resumes.s3.amazonaws.com/23ESKCS136.pdf,https://api.dicebear.com/7.x/initials/svg?seed=student136
8700c3f7-810d-40ef-b49b-ed095aa26a5e,6c75048a-bfe5-4924-927d-064a52c56387,23ESKCS137,REG20260137,Tanya Bhardwaj,E,2025-2029,2,8.74,84.0,993380064546,APAR-2026-00137,+91-6430989881,AISHE-58942697,https://github.com/student137,https://leetcode.com/student137,https://linkedin.com/in/student137-skit,https://uei-resumes.s3.amazonaws.com/23ESKCS137.pdf,https://api.dicebear.com/7.x/initials/svg?seed=student137
f7778b69-42e0-4d77-9d5f-906ab089a863,5d071121-eb33-4914-8883-f7e093b204f9,23ESKCS138,REG20260138,Mehak Joshi,A,2025-2029,2,7.66,68.7,993698343121,APAR-2026-00138,+91-6484194737,AISHE-38195995,https://github.com/student138,https://leetcode.com/student138,https://linkedin.com/in/student138-skit,https://uei-resumes.s3.amazonaws.com/23ESKCS138.pdf,https://api.dicebear.com/7.x/initials/svg?seed=student138
9461c275-9e50-4dbf-844b-fdcec220b20b,441e1d54-9973-43c9-81fd-0217dcba17b9,23ESKCS139,REG20260139,Aditya Meena,E,2025-2029,2,7.69,72.2,998281641412,APAR-2026-00139,+91-7816114302,AISHE-23796726,https://github.com/student139,https://leetcode.com/student139,https://linkedin.com/in/student139-skit,https://uei-resumes.s3.amazonaws.com/23ESKCS139.pdf,https://api.dicebear.com/7.x/initials/svg?seed=student139
1a6b449a-6f07-41ae-a808-2a1777a873fe,b2e8af2f-2d41-45f8-9641-779f1ca12a5e,23ESKCS140,REG20260140,Zoya Pandey,A,2025-2029,2,8.04,97.1,994804440755,APAR-2026-00140,+91-8937643439,AISHE-85146293,https://github.com/student140,https://leetcode.com/student140,https://linkedin.com/in/student140-skit,https://uei-resumes.s3.amazonaws.com/23ESKCS140.pdf,https://api.dicebear.com/7.x/initials/svg?seed=student140
4886a7ec-9f8a-4141-812f-7adc1d815651,a9c1b730-a923-43d0-b6fe-e727bf43b714,23ESKCS141,REG20260141,Sachin Patel,C,2023-2027,6,7.42,71.3,994353689028,APAR-2026-00141,+91-9766430218,AISHE-30743797,https://github.com/student141,https://leetcode.com/student141,https://linkedin.com/in/student141-skit,https://uei-resumes.s3.amazonaws.com/23ESKCS141.pdf,https://api.dicebear.com/7.x/initials/svg?seed=student141
13ed051d-5b51-4aa5-8842-81d0e5806f5b,166e4b94-9869-4440-ada9-39b345fc2817,23ESKCS142,REG20260142,Mehak Mishra,D,2026-2030,1,8.34,71.8,995182110982,APAR-2026-00142,+91-7274484941,AISHE-33763566,https://github.com/student142,https://leetcode.com/student142,https://linkedin.com/in/student142-skit,https://uei-resumes.s3.amazonaws.com/23ESKCS142.pdf,https://api.dicebear.com/7.x/initials/svg?seed=student142
ecca7626-ae07-4f23-80da-9ddb1c516eda,8c84e5c9-2783-4341-9778-e4f9d71ae2ea,23ESKCS143,REG20260143,Rohan Joshi,A,2026-2030,1,8.83,85.6,994531928919,APAR-2026-00143,+91-9126614158,AISHE-34073380,https://github.com/student143,https://leetcode.com/student143,https://linkedin.com/in/student143-skit,https://uei-resumes.s3.amazonaws.com/23ESKCS143.pdf,https://api.dicebear.com/7.x/initials/svg?seed=student143
ca77b9b0-3cd4-46a7-a0b3-c823780bf8b2,b3880a00-a454-493c-89ee-e5325e020f15,23ESKCS144,REG20260144,Tanya Khandelwal,C,2026-2030,1,6.39,71.5,998257484595,APAR-2026-00144,+91-8940081098,AISHE-65259205,https://github.com/student144,https://leetcode.com/student144,https://linkedin.com/in/student144-skit,https://uei-resumes.s3.amazonaws.com/23ESKCS144.pdf,https://api.dicebear.com/7.x/initials/svg?seed=student144
c6d291b4-cb0e-437c-8f0d-247676f2cf42,4bc4fa2c-3ea4-4e87-abb2-c3dd65c36865,23ESKCS145,REG20260145,Manish Singhal,D,2025-2029,2,6.04,63.5,991246351038,APAR-2026-00145,+91-7386480450,AISHE-31367172,https://github.com/student145,https://leetcode.com/student145,https://linkedin.com/in/student145-skit,https://uei-resumes.s3.amazonaws.com/23ESKCS145.pdf,https://api.dicebear.com/7.x/initials/svg?seed=student145
260211ee-937c-4df8-8848-9c1a0478c2f2,9e0fd257-f89b-46ee-a7ec-52483c171f97,23ESKCS146,REG20260146,Bhavya Agarwal,B,2026-2030,1,7.84,79.4,996868336111,APAR-2026-00146,+91-6510751046,AISHE-15197528,https://github.com/student146,https://leetcode.com/student146,https://linkedin.com/in/student146-skit,https://uei-resumes.s3.amazonaws.com/23ESKCS146.pdf,https://api.dicebear.com/7.x/initials/svg?seed=student146
c8749c2b-b4ff-4f32-98e9-7daedb9e2ee9,3f9bff8d-881e-4334-901c-a8bddc229e63,23ESKCS147,REG20260147,Utkarsh Pandey,C,2025-2029,2,6.95,80.0,996871005333,APAR-2026-00147,+91-9338836384,AISHE-36786211,https://github.com/student147,https://leetcode.com/student147,https://linkedin.com/in/student147-skit,https://uei-resumes.s3.amazonaws.com/23ESKCS147.pdf,https://api.dicebear.com/7.x/initials/svg?seed=student147
6e59252b-8f4d-4b5a-8e11-c84524a75f63,ddb3bbc5-a676-42f7-bbc2-f5814426e659,23ESKCS148,REG20260148,Aditi Yadav,B,2026-2030,1,4.76,75.8,995800746945,APAR-2026-00148,+91-9475442872,AISHE-50962024,https://github.com/student148,https://leetcode.com/student148,https://linkedin.com/in/student148-skit,https://uei-resumes.s3.amazonaws.com/23ESKCS148.pdf,https://api.dicebear.com/7.x/initials/svg?seed=student148
22269da9-6a06-4549-9c7c-daa80bc404d3,41e607e0-84c7-4b79-8fef-5f759c3c632e,23ESKCS149,REG20260149,Vaibhav Patel,B,2023-2027,6,7.71,81.7,998358867660,APAR-2026-00149,+91-7339362341,AISHE-13176186,https://github.com/student149,https://leetcode.com/student149,https://linkedin.com/in/student149-skit,https://uei-resumes.s3.amazonaws.com/23ESKCS149.pdf,https://api.dicebear.com/7.x/initials/svg?seed=student149
32c44be7-76c1-4d77-a22e-66f87fb71acd,5ffb8ccf-373f-450d-a0b3-6679f8501084,23ESKCS150,REG20260150,Khushi Srivastava,C,2023-2027,6,6.45,75.7,991963110419,APAR-2026-00150,+91-7527849588,AISHE-54058573,https://github.com/student150,https://leetcode.com/student150,https://linkedin.com/in/student150-skit,https://uei-resumes.s3.amazonaws.com/23ESKCS150.pdf,https://api.dicebear.com/7.x/initials/svg?seed=student150
a11c7b94-3d35-4dcf-b26b-40a14c9c4994,bebf5464-b21e-4ba1-b8b0-328bcb5f17d6,23ESKCS151,REG20260151,Rahul Agarwal,C,2025-2029,2,4.5,84.9,994797809585,APAR-2026-00151,+91-8174539964,AISHE-47463522,https://github.com/student151,https://leetcode.com/student151,https://linkedin.com/in/student151-skit,https://uei-resumes.s3.amazonaws.com/23ESKCS151.pdf,https://api.dicebear.com/7.x/initials/svg?seed=student151
98ce75a1-d148-4552-8946-5b38883ecef3,56f0fc28-4635-4cbe-9afe-5738f0807e94,23ESKCS152,REG20260152,Nisha Mishra,E,2023-2027,6,8.14,85.3,995613503632,APAR-2026-00152,+91-8788785773,AISHE-78371272,https://github.com/student152,https://leetcode.com/student152,https://linkedin.com/in/student152-skit,https://uei-resumes.s3.amazonaws.com/23ESKCS152.pdf,https://api.dicebear.com/7.x/initials/svg?seed=student152
4bf65490-9937-4be1-b20c-5e676bb7785c,60a3a307-3e0e-408f-8a58-40f8c6ed77ce,23ESKCS153,REG20260153,Zoya Sharma,E,2024-2028,4,7.47,72.8,994728940559,APAR-2026-00153,+91-9829627019,AISHE-81969657,https://github.com/student153,https://leetcode.com/student153,https://linkedin.com/in/student153-skit,https://uei-resumes.s3.amazonaws.com/23ESKCS153.pdf,https://api.dicebear.com/7.x/initials/svg?seed=student153
9a37bd95-c5e9-433b-a1a2-3a7c10975b01,28aae682-2174-4124-a0b8-c3550e19436f,23ESKCS154,REG20260154,Bhavya Kumar,B,2025-2029,2,8.77,74.2,995633668018,APAR-2026-00154,+91-8129635852,AISHE-25480907,https://github.com/student154,https://leetcode.com/student154,https://linkedin.com/in/student154-skit,https://uei-resumes.s3.amazonaws.com/23ESKCS154.pdf,https://api.dicebear.com/7.x/initials/svg?seed=student154
db938d4c-c25a-4cac-bd69-6bcda93aa4cf,8d9f52ee-f387-45d4-b685-69d364d855a4,23ESKCS155,REG20260155,Sneha Khandelwal,E,2023-2027,6,6.67,78.4,991662259342,APAR-2026-00155,+91-8291735734,AISHE-87925434,https://github.com/student155,https://leetcode.com/student155,https://linkedin.com/in/student155-skit,https://uei-resumes.s3.amazonaws.com/23ESKCS155.pdf,https://api.dicebear.com/7.x/initials/svg?seed=student155
44e310ef-e692-422a-a593-c9867b6155d8,04cd3645-cf1a-4166-b36b-f98b39c8d355,23ESKCS156,REG20260156,Sanjay Bansal,A,2023-2027,6,9.05,82.9,997772180891,APAR-2026-00156,+91-8141078352,AISHE-24549543,https://github.com/student156,https://leetcode.com/student156,https://linkedin.com/in/student156-skit,https://uei-resumes.s3.amazonaws.com/23ESKCS156.pdf,https://api.dicebear.com/7.x/initials/svg?seed=student156
08a3fd49-db4f-4293-9631-cbf8c89d0a87,15c92bd1-7d9d-4834-a9cd-c24e5a5503e9,23ESKCS157,REG20260157,Sneha Agarwal,D,2025-2029,2,6.76,71.2,997039121419,APAR-2026-00157,+91-9471178705,AISHE-52101056,https://github.com/student157,https://leetcode.com/student157,https://linkedin.com/in/student157-skit,https://uei-resumes.s3.amazonaws.com/23ESKCS157.pdf,https://api.dicebear.com/7.x/initials/svg?seed=student157
af70f11a-dacf-4a55-906f-d0f616848658,6525dae4-f8b3-4c33-a989-1a6d9d56686a,23ESKCS158,REG20260158,Nisha Patel,D,2024-2028,4,7.04,83.7,992712474813,APAR-2026-00158,+91-9750911797,AISHE-78642041,https://github.com/student158,https://leetcode.com/student158,https://linkedin.com/in/student158-skit,https://uei-resumes.s3.amazonaws.com/23ESKCS158.pdf,https://api.dicebear.com/7.x/initials/svg?seed=student158
d2330171-f678-4f36-aee3-060fc9493057,9649bec3-bbf9-4252-881e-c8dd7cef94ae,23ESKCS159,REG20260159,Ishita Pandey,A,2025-2029,2,6.77,80.4,995512315384,APAR-2026-00159,+91-6513600440,AISHE-87388337,https://github.com/student159,https://leetcode.com/student159,https://linkedin.com/in/student159-skit,https://uei-resumes.s3.amazonaws.com/23ESKCS159.pdf,https://api.dicebear.com/7.x/initials/svg?seed=student159
3ba6bb55-fb55-45c1-8c1e-5c545095c667,c033b9b3-9dc7-49ca-a8e5-e127d9d8cc70,23ESKCS160,REG20260160,Bhavya Kumar,E,2025-2029,2,7.66,84.5,997299922983,APAR-2026-00160,+91-7373506211,AISHE-15957459,https://github.com/student160,https://leetcode.com/student160,https://linkedin.com/in/student160-skit,https://uei-resumes.s3.amazonaws.com/23ESKCS160.pdf,https://api.dicebear.com/7.x/initials/svg?seed=student160
f8bd4c71-45ff-4dab-b2d3-bbf1ebcd193b,cff8c444-91d5-4c5f-bbfb-3e6064b75786,23ESKCS161,REG20260161,Nikhil Rathore,D,2024-2028,4,7.64,88.5,995512036693,APAR-2026-00161,+91-9101815992,AISHE-79782527,https://github.com/student161,https://leetcode.com/student161,https://linkedin.com/in/student161-skit,https://uei-resumes.s3.amazonaws.com/23ESKCS161.pdf,https://api.dicebear.com/7.x/initials/svg?seed=student161
19139439-ffbf-483f-ba8d-7ac63c091b03,e38c8f64-f56c-4762-bab5-f1d71e60b641,23ESKCS162,REG20260162,Priya Khandelwal,E,2023-2027,6,8.13,68.9,999085085831,APAR-2026-00162,+91-7491079829,AISHE-67887757,https://github.com/student162,https://leetcode.com/student162,https://linkedin.com/in/student162-skit,https://uei-resumes.s3.amazonaws.com/23ESKCS162.pdf,https://api.dicebear.com/7.x/initials/svg?seed=student162
2c31b150-b3c4-489f-8693-6013b9436ffe,30d3fe88-87db-4a04-92d0-a5a494d97f67,23ESKCS163,REG20260163,Nikhil Bansal,E,2024-2028,4,6.76,85.4,997656585540,APAR-2026-00163,+91-6813219781,AISHE-54318698,https://github.com/student163,https://leetcode.com/student163,https://linkedin.com/in/student163-skit,https://uei-resumes.s3.amazonaws.com/23ESKCS163.pdf,https://api.dicebear.com/7.x/initials/svg?seed=student163
3f585e7a-a76b-4a8c-94a4-c4043f78aeee,49584b80-e495-4125-96d7-aa896d4fa76d,23ESKCS164,REG20260164,Arjun Chaudhary,D,2025-2029,2,7.7,68.9,999327720711,APAR-2026-00164,+91-8812306873,AISHE-26726926,https://github.com/student164,https://leetcode.com/student164,https://linkedin.com/in/student164-skit,https://uei-resumes.s3.amazonaws.com/23ESKCS164.pdf,https://api.dicebear.com/7.x/initials/svg?seed=student164
03a9826d-4b05-4977-b633-909e5cab854f,09a24546-4a8f-407e-ad6e-79424e63faf6,23ESKCS165,REG20260165,Riya Bansal,A,2023-2027,6,8.1,86.0,992962750938,APAR-2026-00165,+91-8644518647,AISHE-51511484,https://github.com/student165,https://leetcode.com/student165,https://linkedin.com/in/student165-skit,https://uei-resumes.s3.amazonaws.com/23ESKCS165.pdf,https://api.dicebear.com/7.x/initials/svg?seed=student165
be804ffe-7b1c-4afb-be73-892ffdcaa995,77c3f902-cbc0-4cc9-8dbc-e8756dd997fc,23ESKCS166,REG20260166,Siddharth Kumar,B,2026-2030,1,9.36,77.4,997581349471,APAR-2026-00166,+91-9450236225,AISHE-64009265,https://github.com/student166,https://leetcode.com/student166,https://linkedin.com/in/student166-skit,https://uei-resumes.s3.amazonaws.com/23ESKCS166.pdf,https://api.dicebear.com/7.x/initials/svg?seed=student166
fe7d693a-701e-4722-b742-b18e299411ad,5ad267a8-45a5-439c-a173-0272e3f226a8,23ESKCS167,REG20260167,Mehak Kumar,A,2026-2030,1,5.55,68.6,999704383260,APAR-2026-00167,+91-8695295870,AISHE-27084279,https://github.com/student167,https://leetcode.com/student167,https://linkedin.com/in/student167-skit,https://uei-resumes.s3.amazonaws.com/23ESKCS167.pdf,https://api.dicebear.com/7.x/initials/svg?seed=student167
2cd8aded-286c-4d6b-aef9-d3f737ee116f,8912b38b-c6dd-40e5-b54a-b02ce5b56167,23ESKCS168,REG20260168,Sanjay Jain,A,2026-2030,1,8.21,92.1,998907752613,APAR-2026-00168,+91-7551450815,AISHE-99245317,https://github.com/student168,https://leetcode.com/student168,https://linkedin.com/in/student168-skit,https://uei-resumes.s3.amazonaws.com/23ESKCS168.pdf,https://api.dicebear.com/7.x/initials/svg?seed=student168
4454e29c-1b68-4767-aaef-cb16b89997b4,c7dc8ff3-a11a-4f05-a177-872bc99e9562,23ESKCS169,REG20260169,Vaibhav Chaudhary,B,2023-2027,6,6.23,82.6,996170675407,APAR-2026-00169,+91-9827264603,AISHE-33357554,https://github.com/student169,https://leetcode.com/student169,https://linkedin.com/in/student169-skit,https://uei-resumes.s3.amazonaws.com/23ESKCS169.pdf,https://api.dicebear.com/7.x/initials/svg?seed=student169
8afbbc17-5de9-41d9-8309-09ea87c46621,d7afc0cd-6afb-4b5e-8d0d-acdfa1806e3f,23ESKCS170,REG20260170,Yash Yadav,A,2024-2028,4,5.87,76.8,996913417388,APAR-2026-00170,+91-8536019893,AISHE-83542887,https://github.com/student170,https://leetcode.com/student170,https://linkedin.com/in/student170-skit,https://uei-resumes.s3.amazonaws.com/23ESKCS170.pdf,https://api.dicebear.com/7.x/initials/svg?seed=student170
4117a364-ae31-4089-8541-dac4555bee96,9cf05697-6fbb-44f6-a5a9-eac0bfaca122,23ESKCS171,REG20260171,Sachin Meena,C,2026-2030,1,7.72,86.2,997691931222,APAR-2026-00171,+91-6426283245,AISHE-48508907,https://github.com/student171,https://leetcode.com/student171,https://linkedin.com/in/student171-skit,https://uei-resumes.s3.amazonaws.com/23ESKCS171.pdf,https://api.dicebear.com/7.x/initials/svg?seed=student171
bda3289e-fa56-487f-ab01-2addfa83b70f,e171d109-d9a3-4c2f-84f5-0af392136566,23ESKCS172,REG20260172,Kashish Verma,B,2026-2030,1,6.95,87.8,996469458481,APAR-2026-00172,+91-7561588882,AISHE-87844239,https://github.com/student172,https://leetcode.com/student172,https://linkedin.com/in/student172-skit,https://uei-resumes.s3.amazonaws.com/23ESKCS172.pdf,https://api.dicebear.com/7.x/initials/svg?seed=student172
6100bd34-64d4-4824-9fc1-d2a28fb1ef85,8a94a56e-0d89-43e0-89d3-f73f53a35156,23ESKCS173,REG20260173,Nikhil Meena,B,2025-2029,2,10.0,85.7,995634396140,APAR-2026-00173,+91-8599277266,AISHE-69295515,https://github.com/student173,https://leetcode.com/student173,https://linkedin.com/in/student173-skit,https://uei-resumes.s3.amazonaws.com/23ESKCS173.pdf,https://api.dicebear.com/7.x/initials/svg?seed=student173
1bb6f043-1c46-4430-890f-7bab8ffbd88f,d4de48e5-cdfb-42e7-b786-4e8a1f94b8e1,23ESKCS174,REG20260174,Gaurav Gupta,E,2025-2029,2,9.09,71.6,991589582874,APAR-2026-00174,+91-9825449223,AISHE-38682516,https://github.com/student174,https://leetcode.com/student174,https://linkedin.com/in/student174-skit,https://uei-resumes.s3.amazonaws.com/23ESKCS174.pdf,https://api.dicebear.com/7.x/initials/svg?seed=student174
eb92fbf1-8d20-4f42-872a-8aaa1edb0d66,62400f7a-0688-4e4f-8f92-c5471db90005,23ESKCS175,REG20260175,Tanya Rathore,B,2024-2028,4,8.57,82.2,998375996706,APAR-2026-00175,+91-9952266893,AISHE-32775593,https://github.com/student175,https://leetcode.com/student175,https://linkedin.com/in/student175-skit,https://uei-resumes.s3.amazonaws.com/23ESKCS175.pdf,https://api.dicebear.com/7.x/initials/svg?seed=student175
bb1407aa-54d3-4443-bcf8-26a6e4b53711,74871d47-2b14-4c6e-ad0e-31f5174ba3de,23ESKCS176,REG20260176,Sameer Dhankar,D,2026-2030,1,6.61,79.5,999434946593,APAR-2026-00176,+91-6404713332,AISHE-79182797,https://github.com/student176,https://leetcode.com/student176,https://linkedin.com/in/student176-skit,https://uei-resumes.s3.amazonaws.com/23ESKCS176.pdf,https://api.dicebear.com/7.x/initials/svg?seed=student176
c09b927d-fe3c-4e8d-a157-100cef49d473,c71386ed-83e2-499b-8661-37f3d4fe6daf,23ESKCS177,REG20260177,Aniket Soni,E,2024-2028,4,5.52,74.6,995022964391,APAR-2026-00177,+91-8200273738,AISHE-41523529,https://github.com/student177,https://leetcode.com/student177,https://linkedin.com/in/student177-skit,https://uei-resumes.s3.amazonaws.com/23ESKCS177.pdf,https://api.dicebear.com/7.x/initials/svg?seed=student177
a85f56b6-d3e0-40ad-8013-54d17dd157d8,1baf161f-5d3d-431e-9bd0-216e76430374,23ESKCS178,REG20260178,Aditya Mehta,D,2024-2028,4,10.0,67.6,999272277517,APAR-2026-00178,+91-8341206079,AISHE-36726767,https://github.com/student178,https://leetcode.com/student178,https://linkedin.com/in/student178-skit,https://uei-resumes.s3.amazonaws.com/23ESKCS178.pdf,https://api.dicebear.com/7.x/initials/svg?seed=student178
409cf411-6e95-4cdb-b382-448abd0c129a,16ad004c-ccfd-41c5-be5a-a1677b66084a,23ESKCS179,REG20260179,Kunal Khandelwal,D,2026-2030,1,7.89,74.7,997460544257,APAR-2026-00179,+91-7126226563,AISHE-16202700,https://github.com/student179,https://leetcode.com/student179,https://linkedin.com/in/student179-skit,https://uei-resumes.s3.amazonaws.com/23ESKCS179.pdf,https://api.dicebear.com/7.x/initials/svg?seed=student179
bef769fe-c1a0-4bf9-aa74-75899f4c4c31,06159fdb-82ac-4726-a1fc-604781399e38,23ESKCS180,REG20260180,Vikas Pandey,C,2024-2028,4,8.48,79.4,991829621438,APAR-2026-00180,+91-7610173760,AISHE-92043803,https://github.com/student180,https://leetcode.com/student180,https://linkedin.com/in/student180-skit,https://uei-resumes.s3.amazonaws.com/23ESKCS180.pdf,https://api.dicebear.com/7.x/initials/svg?seed=student180
cbe48a00-dba8-4941-8877-14b9d4018bef,f7052fc3-daee-4785-909b-d2d95c90473b,23ESKCS181,REG20260181,Parth Rathore,C,2023-2027,6,6.96,81.4,995216305811,APAR-2026-00181,+91-6588999385,AISHE-65625330,https://github.com/student181,https://leetcode.com/student181,https://linkedin.com/in/student181-skit,https://uei-resumes.s3.amazonaws.com/23ESKCS181.pdf,https://api.dicebear.com/7.x/initials/svg?seed=student181
51146eb7-964c-49c5-b017-92e613faf320,01bdd222-fe94-4bd1-86c3-20fc161fbf04,23ESKCS182,REG20260182,Mohit Jain,D,2025-2029,2,8.38,75.8,995344083415,APAR-2026-00182,+91-7871318048,AISHE-61536717,https://github.com/student182,https://leetcode.com/student182,https://linkedin.com/in/student182-skit,https://uei-resumes.s3.amazonaws.com/23ESKCS182.pdf,https://api.dicebear.com/7.x/initials/svg?seed=student182
d689ac4b-bafe-4de3-afc0-e804c2580239,08a6762a-1990-40a9-a139-ac3e23309248,23ESKCS183,REG20260183,Ansh Pandey,C,2024-2028,4,6.23,85.8,996562144168,APAR-2026-00183,+91-9529123992,AISHE-42747037,https://github.com/student183,https://leetcode.com/student183,https://linkedin.com/in/student183-skit,https://uei-resumes.s3.amazonaws.com/23ESKCS183.pdf,https://api.dicebear.com/7.x/initials/svg?seed=student183
ad1cfaf1-754b-48ad-afc9-65092927ffc7,4bee63ea-cd97-465f-99f5-c82b340e601b,23ESKCS184,REG20260184,Ayush Pandey,E,2025-2029,2,6.09,85.5,999941564889,APAR-2026-00184,+91-7804436922,AISHE-10744212,https://github.com/student184,https://leetcode.com/student184,https://linkedin.com/in/student184-skit,https://uei-resumes.s3.amazonaws.com/23ESKCS184.pdf,https://api.dicebear.com/7.x/initials/svg?seed=student184
c1083a62-3b14-4f0d-8ffd-1c6cbaae1aff,08ad0239-dac2-4e7d-a2fd-a4e4956c9f58,23ESKCS185,REG20260185,Sanjay Chaudhary,A,2024-2028,4,6.79,75.7,997529817202,APAR-2026-00185,+91-6935822550,AISHE-67062156,https://github.com/student185,https://leetcode.com/student185,https://linkedin.com/in/student185-skit,https://uei-resumes.s3.amazonaws.com/23ESKCS185.pdf,https://api.dicebear.com/7.x/initials/svg?seed=student185
f5a9cfac-58d1-4b44-9fe1-0b48e485a3ec,8f8a076c-4c87-479f-8558-8259ffa2e160,23ESKCS186,REG20260186,Aniket Rathore,D,2023-2027,6,6.02,82.3,999837912171,APAR-2026-00186,+91-7288856883,AISHE-79519112,https://github.com/student186,https://leetcode.com/student186,https://linkedin.com/in/student186-skit,https://uei-resumes.s3.amazonaws.com/23ESKCS186.pdf,https://api.dicebear.com/7.x/initials/svg?seed=student186
4fc2d90d-1585-4489-9ff9-6efd2aa92b0e,16812963-a35a-4549-add5-63b647e5e49e,23ESKCS187,REG20260187,Nikhil Joshi,A,2024-2028,4,7.08,76.9,999863781340,APAR-2026-00187,+91-9153921577,AISHE-84813739,https://github.com/student187,https://leetcode.com/student187,https://linkedin.com/in/student187-skit,https://uei-resumes.s3.amazonaws.com/23ESKCS187.pdf,https://api.dicebear.com/7.x/initials/svg?seed=student187
fb2c6ae3-df5b-4ce9-aebf-5328b0399ab1,cb4603ec-0b20-4dc5-b26f-8f4a7f593581,23ESKCS188,REG20260188,Priya Bansal,C,2026-2030,1,7.68,83.9,999434381924,APAR-2026-00188,+91-7230307805,AISHE-71265269,https://github.com/student188,https://leetcode.com/student188,https://linkedin.com/in/student188-skit,https://uei-resumes.s3.amazonaws.com/23ESKCS188.pdf,https://api.dicebear.com/7.x/initials/svg?seed=student188
6acff061-b26f-4ed0-b643-7e8744c10050,5fe462e6-883e-4358-b6f7-877f428c3700,23ESKCS189,REG20260189,Mohit Mehta,A,2024-2028,4,6.77,70.1,997602474932,APAR-2026-00189,+91-7960514523,AISHE-72363359,https://github.com/student189,https://leetcode.com/student189,https://linkedin.com/in/student189-skit,https://uei-resumes.s3.amazonaws.com/23ESKCS189.pdf,https://api.dicebear.com/7.x/initials/svg?seed=student189
2de02bf8-dad6-4d6d-b1b4-371757677280,0e515847-fa3b-41d8-82d8-061d5a37eaf8,23ESKCS190,REG20260190,Aarav Agarwal,C,2026-2030,1,6.7,66.3,997579604775,APAR-2026-00190,+91-8910943524,AISHE-69401199,https://github.com/student190,https://leetcode.com/student190,https://linkedin.com/in/student190-skit,https://uei-resumes.s3.amazonaws.com/23ESKCS190.pdf,https://api.dicebear.com/7.x/initials/svg?seed=student190
53e1e785-d6ed-4904-a0a3-d5d5fbef2753,e5d04c34-ea2c-425a-85be-e295b2c19a66,23ESKCS191,REG20260191,Vikas Chaudhary,A,2026-2030,1,5.29,61.4,994818403524,APAR-2026-00191,+91-9991816852,AISHE-83534128,https://github.com/student191,https://leetcode.com/student191,https://linkedin.com/in/student191-skit,https://uei-resumes.s3.amazonaws.com/23ESKCS191.pdf,https://api.dicebear.com/7.x/initials/svg?seed=student191
95a87c74-750e-4a67-a9cd-e11e462e8260,d2f2118b-68e8-4992-9038-f6516cff60bb,23ESKCS192,REG20260192,Utkarsh Verma,A,2024-2028,4,7.33,67.4,991242425312,APAR-2026-00192,+91-9270894498,AISHE-73709724,https://github.com/student192,https://leetcode.com/student192,https://linkedin.com/in/student192-skit,https://uei-resumes.s3.amazonaws.com/23ESKCS192.pdf,https://api.dicebear.com/7.x/initials/svg?seed=student192
2fb2c8b1-e864-4ab0-9271-1d083fe14749,acb3e3f2-f756-4101-8adf-86fee08cffb3,23ESKCS193,REG20260193,Khushi Singh,E,2025-2029,2,7.6,98.0,993238756264,APAR-2026-00193,+91-9378304807,AISHE-43183955,https://github.com/student193,https://leetcode.com/student193,https://linkedin.com/in/student193-skit,https://uei-resumes.s3.amazonaws.com/23ESKCS193.pdf,https://api.dicebear.com/7.x/initials/svg?seed=student193
fabd70fc-d6f2-4cc4-b34c-1379e85b960a,caec49f6-eb2b-456b-91d8-b031a824c849,23ESKCS194,REG20260194,Shivam Yadav,B,2026-2030,1,7.05,77.3,997547518988,APAR-2026-00194,+91-8922286180,AISHE-79967676,https://github.com/student194,https://leetcode.com/student194,https://linkedin.com/in/student194-skit,https://uei-resumes.s3.amazonaws.com/23ESKCS194.pdf,https://api.dicebear.com/7.x/initials/svg?seed=student194
6b8a2c7d-2352-4224-b0d2-449f0997b999,54f8bcb6-c0e3-4119-a15d-2f066f53831b,23ESKCS195,REG20260195,Dev Sharma,D,2024-2028,4,7.99,71.0,994039019239,APAR-2026-00195,+91-9772966010,AISHE-42111036,https://github.com/student195,https://leetcode.com/student195,https://linkedin.com/in/student195-skit,https://uei-resumes.s3.amazonaws.com/23ESKCS195.pdf,https://api.dicebear.com/7.x/initials/svg?seed=student195
3429e66c-34c4-4c6d-880e-b1533d5cc61d,8deae388-0ef0-406b-bb29-204abee695c7,23ESKCS196,REG20260196,Nisha Sharma,E,2024-2028,4,6.7,83.9,992593765720,APAR-2026-00196,+91-8572309605,AISHE-20399639,https://github.com/student196,https://leetcode.com/student196,https://linkedin.com/in/student196-skit,https://uei-resumes.s3.amazonaws.com/23ESKCS196.pdf,https://api.dicebear.com/7.x/initials/svg?seed=student196
2d35b1f4-f239-4d0a-8fe2-6dbd3991554c,440d158f-3d0e-407b-b691-c4b056e22c96,23ESKCS197,REG20260197,Mohit Srivastava,E,2023-2027,6,7.94,73.4,993400244551,APAR-2026-00197,+91-8351785565,AISHE-46468984,https://github.com/student197,https://leetcode.com/student197,https://linkedin.com/in/student197-skit,https://uei-resumes.s3.amazonaws.com/23ESKCS197.pdf,https://api.dicebear.com/7.x/initials/svg?seed=student197
121dad7f-adcb-4cfa-98b0-086aeca4ac60,084286f4-72b0-46f9-9b65-9aa2330b59d3,23ESKCS198,REG20260198,Aarav Gupta,B,2023-2027,6,7.36,60.1,994927495477,APAR-2026-00198,+91-8443285529,AISHE-82498004,https://github.com/student198,https://leetcode.com/student198,https://linkedin.com/in/student198-skit,https://uei-resumes.s3.amazonaws.com/23ESKCS198.pdf,https://api.dicebear.com/7.x/initials/svg?seed=student198
2627b2fe-5f07-4dc4-9587-597de2848dc9,ab916f89-8ba2-4cef-ab1c-35cc56407cd7,23ESKCS199,REG20260199,Khushi Khandelwal,D,2026-2030,1,6.29,76.3,996418365950,APAR-2026-00199,+91-6248578017,AISHE-30244148,https://github.com/student199,https://leetcode.com/student199,https://linkedin.com/in/student199-skit,https://uei-resumes.s3.amazonaws.com/23ESKCS199.pdf,https://api.dicebear.com/7.x/initials/svg?seed=student199
0c7864f5-f70a-4ef4-9532-68be5cec2413,cdf7e0b2-a62a-4179-bae1-bce5474411ca,23ESKCS200,REG20260200,Vikas Patel,C,2024-2028,4,6.55,86.8,991626733291,APAR-2026-00200,+91-7511281012,AISHE-30509175,https://github.com/student200,https://leetcode.com/student200,https://linkedin.com/in/student200-skit,https://uei-resumes.s3.amazonaws.com/23ESKCS200.pdf,https://api.dicebear.com/7.x/initials/svg?seed=student200
06d36a42-a4bb-4852-8940-4dcf346b5523,c6983816-bdc4-45dc-9a86-930a6df683d6,23ESKCS201,REG20260201,Nisha Khandelwal,B,2024-2028,4,6.84,87.9,994579265610,APAR-2026-00201,+91-7168965204,AISHE-65682626,https://github.com/student201,https://leetcode.com/student201,https://linkedin.com/in/student201-skit,https://uei-resumes.s3.amazonaws.com/23ESKCS201.pdf,https://api.dicebear.com/7.x/initials/svg?seed=student201
e5daf360-227b-4498-8be4-f6377838e453,a45facb6-055a-4c3d-a9cc-3c978d298827,23ESKCS202,REG20260202,Janvi Patel,D,2026-2030,1,8.45,95.6,991726990723,APAR-2026-00202,+91-9455281184,AISHE-82828034,https://github.com/student202,https://leetcode.com/student202,https://linkedin.com/in/student202-skit,https://uei-resumes.s3.amazonaws.com/23ESKCS202.pdf,https://api.dicebear.com/7.x/initials/svg?seed=student202
e7f7794c-9349-46fb-90c4-5d880bce28e9,9a8421ba-d8e8-408d-9dfd-758a45b753cd,23ESKCS203,REG20260203,Sachin Soni,A,2023-2027,6,7.65,74.8,995322385626,APAR-2026-00203,+91-9546434187,AISHE-18357162,https://github.com/student203,https://leetcode.com/student203,https://linkedin.com/in/student203-skit,https://uei-resumes.s3.amazonaws.com/23ESKCS203.pdf,https://api.dicebear.com/7.x/initials/svg?seed=student203
ca0d8d1c-f746-4896-a363-530b495079f0,f0cbc061-6b61-478c-9fbf-49246c95adc1,23ESKCS204,REG20260204,Ayush Agarwal,B,2026-2030,1,6.24,89.4,993095318658,APAR-2026-00204,+91-7994310083,AISHE-66390708,https://github.com/student204,https://leetcode.com/student204,https://linkedin.com/in/student204-skit,https://uei-resumes.s3.amazonaws.com/23ESKCS204.pdf,https://api.dicebear.com/7.x/initials/svg?seed=student204
eee4b532-e095-4ce8-b5bc-7563e68b3e43,704f2f6e-bfaa-45a2-8f35-9369a12a3dce,23ESKCS205,REG20260205,Rohan Yadav,C,2025-2029,2,9.59,80.7,998189916806,APAR-2026-00205,+91-9926561919,AISHE-88393811,https://github.com/student205,https://leetcode.com/student205,https://linkedin.com/in/student205-skit,https://uei-resumes.s3.amazonaws.com/23ESKCS205.pdf,https://api.dicebear.com/7.x/initials/svg?seed=student205
6078c613-ddd0-4405-ada8-7d19958af0ce,8575fc8d-2d8a-4cdc-8b6b-e98d5452969b,23ESKCS206,REG20260206,Anjali Rathore,B,2024-2028,4,7.92,91.1,998796286452,APAR-2026-00206,+91-6922050912,AISHE-87267850,https://github.com/student206,https://leetcode.com/student206,https://linkedin.com/in/student206-skit,https://uei-resumes.s3.amazonaws.com/23ESKCS206.pdf,https://api.dicebear.com/7.x/initials/svg?seed=student206
feb55156-cb88-4ab3-b9f6-de2ba4ee6975,a91a095a-a23b-45ce-bfe3-2c74813e4b0f,23ESKCS207,REG20260207,Nikhil Pandey,E,2024-2028,4,8.26,78.0,994641561508,APAR-2026-00207,+91-9612153089,AISHE-10791358,https://github.com/student207,https://leetcode.com/student207,https://linkedin.com/in/student207-skit,https://uei-resumes.s3.amazonaws.com/23ESKCS207.pdf,https://api.dicebear.com/7.x/initials/svg?seed=student207
ca34d703-c5f0-40d3-b570-d57728c74960,ac3ea5fb-b895-4a16-87b5-481f9c9c44ce,23ESKCS208,REG20260208,Aniket Mehta,D,2026-2030,1,7.01,77.3,999630522764,APAR-2026-00208,+91-8420632895,AISHE-62343121,https://github.com/student208,https://leetcode.com/student208,https://linkedin.com/in/student208-skit,https://uei-resumes.s3.amazonaws.com/23ESKCS208.pdf,https://api.dicebear.com/7.x/initials/svg?seed=student208
4e031b12-b862-41df-8fb6-89dc46a11145,f2bd6588-4e97-4e84-9bf1-7ed3f1d4d170,23ESKCS209,REG20260209,Kunal Singh,A,2023-2027,6,7.73,98.0,997729286665,APAR-2026-00209,+91-9677909930,AISHE-83300637,https://github.com/student209,https://leetcode.com/student209,https://linkedin.com/in/student209-skit,https://uei-resumes.s3.amazonaws.com/23ESKCS209.pdf,https://api.dicebear.com/7.x/initials/svg?seed=student209
511dc1d1-cdaa-440c-9440-19f6e47c84c0,e0fa9bfc-29d7-4cb1-b02f-2bd1f2380f48,23ESKCS210,REG20260210,Karan Sharma,E,2023-2027,6,8.4,97.9,998820716220,APAR-2026-00210,+91-7624232414,AISHE-39450273,https://github.com/student210,https://leetcode.com/student210,https://linkedin.com/in/student210-skit,https://uei-resumes.s3.amazonaws.com/23ESKCS210.pdf,https://api.dicebear.com/7.x/initials/svg?seed=student210
0c68f883-aefd-437b-a79c-b3228e962429,7d6d9770-4e47-4d83-89c4-b5d63a45c761,23ESKCS211,REG20260211,Sanjay Mehta,E,2025-2029,2,5.93,90.5,999926778966,APAR-2026-00211,+91-8567975319,AISHE-75181765,https://github.com/student211,https://leetcode.com/student211,https://linkedin.com/in/student211-skit,https://uei-resumes.s3.amazonaws.com/23ESKCS211.pdf,https://api.dicebear.com/7.x/initials/svg?seed=student211
6ff4f702-9890-4b07-8aad-27a23d83a88b,cfe67b73-2e54-4628-b98c-b6c4e9f84104,23ESKCS212,REG20260212,Harsh Bhardwaj,C,2026-2030,1,8.45,76.6,998018504644,APAR-2026-00212,+91-6517532243,AISHE-55114543,https://github.com/student212,https://leetcode.com/student212,https://linkedin.com/in/student212-skit,https://uei-resumes.s3.amazonaws.com/23ESKCS212.pdf,https://api.dicebear.com/7.x/initials/svg?seed=student212
9e1d912d-ca84-4fde-a46d-a190e20223b8,6f0a6e09-e0d1-446e-968f-4da24e220255,23ESKCS213,REG20260213,Sameer Mehta,D,2024-2028,4,6.65,63.9,997951902339,APAR-2026-00213,+91-9877583839,AISHE-32151928,https://github.com/student213,https://leetcode.com/student213,https://linkedin.com/in/student213-skit,https://uei-resumes.s3.amazonaws.com/23ESKCS213.pdf,https://api.dicebear.com/7.x/initials/svg?seed=student213
226cdeb9-2944-4b73-a8db-c0a09e1d6871,fd1495a6-7623-42dc-8936-9e6bfb620103,23ESKCS214,REG20260214,Varun Soni,B,2026-2030,1,7.17,83.3,996618965953,APAR-2026-00214,+91-9237039296,AISHE-93517915,https://github.com/student214,https://leetcode.com/student214,https://linkedin.com/in/student214-skit,https://uei-resumes.s3.amazonaws.com/23ESKCS214.pdf,https://api.dicebear.com/7.x/initials/svg?seed=student214
a12b4220-8d69-47ee-b2da-fbe283d107bd,5208bb43-0fb4-4039-ae59-dd9cabf333ea,23ESKCS215,REG20260215,Dev Mishra,D,2026-2030,1,7.81,81.4,993380355957,APAR-2026-00215,+91-6523076025,AISHE-89442503,https://github.com/student215,https://leetcode.com/student215,https://linkedin.com/in/student215-skit,https://uei-resumes.s3.amazonaws.com/23ESKCS215.pdf,https://api.dicebear.com/7.x/initials/svg?seed=student215
da4c690e-a178-42de-83ef-56798b0b6ebb,4db4445f-de10-440e-b7c7-e88097cdb474,23ESKCS216,REG20260216,Aarav Khandelwal,D,2026-2030,1,7.75,61.1,993238126945,APAR-2026-00216,+91-6190137896,AISHE-96268397,https://github.com/student216,https://leetcode.com/student216,https://linkedin.com/in/student216-skit,https://uei-resumes.s3.amazonaws.com/23ESKCS216.pdf,https://api.dicebear.com/7.x/initials/svg?seed=student216
84b1ec70-0060-4429-ad11-d1b7321a067b,04bb4ebf-f29e-4325-9c2c-df06ff7d41ef,23ESKCS217,REG20260217,Ayush Bhardwaj,B,2026-2030,1,7.24,87.7,994361527581,APAR-2026-00217,+91-9245706210,AISHE-71968116,https://github.com/student217,https://leetcode.com/student217,https://linkedin.com/in/student217-skit,https://uei-resumes.s3.amazonaws.com/23ESKCS217.pdf,https://api.dicebear.com/7.x/initials/svg?seed=student217
c53c0eb6-6619-4fb1-9280-7ac1349f6140,2dda8c86-0bb3-4539-909d-99edee0f0996,23ESKCS218,REG20260218,Rahul Singhal,E,2024-2028,4,6.78,80.1,996994451426,APAR-2026-00218,+91-7153992714,AISHE-44917589,https://github.com/student218,https://leetcode.com/student218,https://linkedin.com/in/student218-skit,https://uei-resumes.s3.amazonaws.com/23ESKCS218.pdf,https://api.dicebear.com/7.x/initials/svg?seed=student218
781ab867-85b4-4a89-b657-2560e8e11e9f,404ad239-2e3b-4707-8a59-d87baa7a4576,23ESKCS219,REG20260219,Pooja Kumar,D,2024-2028,4,6.89,92.7,993986257692,APAR-2026-00219,+91-9451492250,AISHE-38408562,https://github.com/student219,https://leetcode.com/student219,https://linkedin.com/in/student219-skit,https://uei-resumes.s3.amazonaws.com/23ESKCS219.pdf,https://api.dicebear.com/7.x/initials/svg?seed=student219
7effa285-57fc-4580-9cfb-a36daee85193,227a1d7a-85f8-4653-8ade-63986d258f87,23ESKCS220,REG20260220,Khushi Khandelwal,D,2024-2028,4,6.95,86.4,998670238364,APAR-2026-00220,+91-9450948014,AISHE-55298556,https://github.com/student220,https://leetcode.com/student220,https://linkedin.com/in/student220-skit,https://uei-resumes.s3.amazonaws.com/23ESKCS220.pdf,https://api.dicebear.com/7.x/initials/svg?seed=student220
13ae7278-6bc5-4b1e-8115-0796e715a34b,7301a6ff-97a4-4221-bad0-242c760ade26,23ESKCS221,REG20260221,Sachin Dhankar,E,2023-2027,6,8.68,74.9,994042413321,APAR-2026-00221,+91-9398775766,AISHE-66581473,https://github.com/student221,https://leetcode.com/student221,https://linkedin.com/in/student221-skit,https://uei-resumes.s3.amazonaws.com/23ESKCS221.pdf,https://api.dicebear.com/7.x/initials/svg?seed=student221
c29d5a7c-2e78-4cd7-99ba-38b001cfbfd6,ca8e82e5-d518-45f5-b8f1-571ad835f95d,23ESKCS222,REG20260222,Nisha Srivastava,D,2024-2028,4,6.8,72.4,993828935931,APAR-2026-00222,+91-8996478772,AISHE-20993268,https://github.com/student222,https://leetcode.com/student222,https://linkedin.com/in/student222-skit,https://uei-resumes.s3.amazonaws.com/23ESKCS222.pdf,https://api.dicebear.com/7.x/initials/svg?seed=student222
7621896b-a702-43ea-9b6d-0b3ada0972db,8917370a-d524-483d-b9c7-f49642e85939,23ESKCS223,REG20260223,Shreya Patel,E,2026-2030,1,4.74,73.2,999454334071,APAR-2026-00223,+91-9120812641,AISHE-82399599,https://github.com/student223,https://leetcode.com/student223,https://linkedin.com/in/student223-skit,https://uei-resumes.s3.amazonaws.com/23ESKCS223.pdf,https://api.dicebear.com/7.x/initials/svg?seed=student223
67acaf37-09d1-4ba8-9fb0-589c1c22065d,99f6845f-1085-42c1-b8b1-3e57fc8dc76d,23ESKCS224,REG20260224,Anjali Jain,C,2024-2028,4,7.18,75.9,998527715228,APAR-2026-00224,+91-6475767056,AISHE-40094589,https://github.com/student224,https://leetcode.com/student224,https://linkedin.com/in/student224-skit,https://uei-resumes.s3.amazonaws.com/23ESKCS224.pdf,https://api.dicebear.com/7.x/initials/svg?seed=student224
3f2306e8-733e-42be-991e-d9bac41e3a98,f27445ae-5cc3-432f-9a0c-83d3e6188b8f,23ESKCS225,REG20260225,Janvi Jain,E,2024-2028,4,6.27,82.2,993149484185,APAR-2026-00225,+91-6938842599,AISHE-97477029,https://github.com/student225,https://leetcode.com/student225,https://linkedin.com/in/student225-skit,https://uei-resumes.s3.amazonaws.com/23ESKCS225.pdf,https://api.dicebear.com/7.x/initials/svg?seed=student225
cd3921df-af1c-4e1a-a800-7743ad60fb5c,62394c21-f837-4d8d-8eb0-ec31c85b9c2d,23ESKCS226,REG20260226,Nisha Bhardwaj,A,2024-2028,4,6.76,86.7,994368414003,APAR-2026-00226,+91-6909851739,AISHE-14164775,https://github.com/student226,https://leetcode.com/student226,https://linkedin.com/in/student226-skit,https://uei-resumes.s3.amazonaws.com/23ESKCS226.pdf,https://api.dicebear.com/7.x/initials/svg?seed=student226
7d636658-44c2-4756-96e6-697014364165,9b296f89-c3d9-4e0e-9d30-3eb693cfb6bd,23ESKCS227,REG20260227,Vikas Verma,D,2025-2029,2,7.73,79.9,994052772537,APAR-2026-00227,+91-7314061901,AISHE-12735359,https://github.com/student227,https://leetcode.com/student227,https://linkedin.com/in/student227-skit,https://uei-resumes.s3.amazonaws.com/23ESKCS227.pdf,https://api.dicebear.com/7.x/initials/svg?seed=student227
2c9069d4-9a88-4ae7-99e8-4f8be0e22fc2,6ac00c1f-7af5-4b21-89b3-a16de98c6b1d,23ESKCS228,REG20260228,Bhavya Yadav,B,2024-2028,4,6.38,75.3,992984507501,APAR-2026-00228,+91-7356135680,AISHE-26941092,https://github.com/student228,https://leetcode.com/student228,https://linkedin.com/in/student228-skit,https://uei-resumes.s3.amazonaws.com/23ESKCS228.pdf,https://api.dicebear.com/7.x/initials/svg?seed=student228
e9abd609-e222-4a3d-8c98-cf43455ef66d,5fc2e8c1-0209-40ae-9efe-aee5d8059c67,23ESKCS229,REG20260229,Tanya Mishra,D,2023-2027,6,7.2,55.8,997139882716,APAR-2026-00229,+91-9818825964,AISHE-25353091,https://github.com/student229,https://leetcode.com/student229,https://linkedin.com/in/student229-skit,https://uei-resumes.s3.amazonaws.com/23ESKCS229.pdf,https://api.dicebear.com/7.x/initials/svg?seed=student229
33dfdc25-fe94-4ab8-97a9-9d843eca1d1a,e7b3b61d-c230-453b-bac0-aaba7d995d9d,23ESKCS230,REG20260230,Ananya Singh,A,2024-2028,4,6.87,83.9,995784400170,APAR-2026-00230,+91-7599326438,AISHE-44392446,https://github.com/student230,https://leetcode.com/student230,https://linkedin.com/in/student230-skit,https://uei-resumes.s3.amazonaws.com/23ESKCS230.pdf,https://api.dicebear.com/7.x/initials/svg?seed=student230
cf725189-0502-4882-be60-f008746364e9,32a3f8a2-f854-4ea9-a531-30d3724d14ee,23ESKCS231,REG20260231,Khushi Singhal,D,2026-2030,1,6.45,73.2,998926438626,APAR-2026-00231,+91-8280162221,AISHE-91321540,https://github.com/student231,https://leetcode.com/student231,https://linkedin.com/in/student231-skit,https://uei-resumes.s3.amazonaws.com/23ESKCS231.pdf,https://api.dicebear.com/7.x/initials/svg?seed=student231
b289de15-f628-42c0-9b31-6f3c9c25c66e,ecadadba-61d2-4d8f-b397-01fdb29b8ed3,23ESKCS232,REG20260232,Katyayini Singhal,E,2023-2027,6,6.91,70.1,996319629382,APAR-2026-00232,+91-6935147672,AISHE-31980274,https://github.com/student232,https://leetcode.com/student232,https://linkedin.com/in/student232-skit,https://uei-resumes.s3.amazonaws.com/23ESKCS232.pdf,https://api.dicebear.com/7.x/initials/svg?seed=student232
1e1eb656-7ac2-4ba4-89c5-b9071f823d86,84205eac-34e1-4715-a3e1-0db20ee5eeba,23ESKCS233,REG20260233,Mohit Mishra,E,2024-2028,4,6.28,73.3,996011649272,APAR-2026-00233,+91-8216070149,AISHE-87669750,https://github.com/student233,https://leetcode.com/student233,https://linkedin.com/in/student233-skit,https://uei-resumes.s3.amazonaws.com/23ESKCS233.pdf,https://api.dicebear.com/7.x/initials/svg?seed=student233
d85e8fca-bbb2-432a-922e-f426346f1357,d5a9bd66-99ab-456a-b195-21735964b6f6,23ESKCS234,REG20260234,Siddharth Bansal,C,2023-2027,6,6.61,79.2,998099880582,APAR-2026-00234,+91-6434961542,AISHE-87282128,https://github.com/student234,https://leetcode.com/student234,https://linkedin.com/in/student234-skit,https://uei-resumes.s3.amazonaws.com/23ESKCS234.pdf,https://api.dicebear.com/7.x/initials/svg?seed=student234
05aff4fc-0ef5-40ff-99ad-8b7c67374707,187710a3-d767-44ae-b5b1-9ddfbd316830,23ESKCS235,REG20260235,Pooja Patel,B,2023-2027,6,5.44,70.7,996242134341,APAR-2026-00235,+91-9525904456,AISHE-36619372,https://github.com/student235,https://leetcode.com/student235,https://linkedin.com/in/student235-skit,https://uei-resumes.s3.amazonaws.com/23ESKCS235.pdf,https://api.dicebear.com/7.x/initials/svg?seed=student235
6cd7d8b3-c3af-4e50-8560-b1df0af0c3aa,525dc285-9869-4697-a459-bcea99231a7a,23ESKCS236,REG20260236,Sanjay Yadav,D,2023-2027,6,6.55,74.7,999550822986,APAR-2026-00236,+91-6735760237,AISHE-94187049,https://github.com/student236,https://leetcode.com/student236,https://linkedin.com/in/student236-skit,https://uei-resumes.s3.amazonaws.com/23ESKCS236.pdf,https://api.dicebear.com/7.x/initials/svg?seed=student236
89ffb026-0aa3-4fe2-900d-586acff84510,abdfde6f-0d0d-4188-ae40-c528543d06c4,23ESKCS237,REG20260237,Pooja Sharma,B,2026-2030,1,9.21,90.9,994227004334,APAR-2026-00237,+91-7209415691,AISHE-50477742,https://github.com/student237,https://leetcode.com/student237,https://linkedin.com/in/student237-skit,https://uei-resumes.s3.amazonaws.com/23ESKCS237.pdf,https://api.dicebear.com/7.x/initials/svg?seed=student237
a2fb666c-3ad8-4c6e-a3fd-186b8b563569,8deae36c-03ed-4aa2-9da7-13eb5800a16a,23ESKCS238,REG20260238,Manish Bhardwaj,D,2023-2027,6,7.54,70.5,998012696464,APAR-2026-00238,+91-6954942461,AISHE-85958181,https://github.com/student238,https://leetcode.com/student238,https://linkedin.com/in/student238-skit,https://uei-resumes.s3.amazonaws.com/23ESKCS238.pdf,https://api.dicebear.com/7.x/initials/svg?seed=student238
196f7491-0a87-49ba-bfdf-da1fce407e41,3a3c9025-2ace-437e-85a6-45e5caad3ddb,23ESKCS239,REG20260239,Gaurav Bansal,E,2025-2029,2,5.82,75.5,996018142581,APAR-2026-00239,+91-6472807202,AISHE-81503856,https://github.com/student239,https://leetcode.com/student239,https://linkedin.com/in/student239-skit,https://uei-resumes.s3.amazonaws.com/23ESKCS239.pdf,https://api.dicebear.com/7.x/initials/svg?seed=student239
1d6c3143-7e5b-4247-af44-b4738b1ce4d4,cf02f9b3-e808-4a73-8e2f-4ae93bc6d0fe,23ESKCS240,REG20260240,Riya Srivastava,A,2024-2028,4,9.45,74.0,994946081603,APAR-2026-00240,+91-9810303128,AISHE-59737181,https://github.com/student240,https://leetcode.com/student240,https://linkedin.com/in/student240-skit,https://uei-resumes.s3.amazonaws.com/23ESKCS240.pdf,https://api.dicebear.com/7.x/initials/svg?seed=student240
5a991d9d-7d71-4b4f-a3d2-fef8d9bc66cc,4e2d65ce-e25e-4d0b-983f-b867345247bf,23ESKCS241,REG20260241,Arjun Jain,B,2025-2029,2,8.36,62.1,998199372608,APAR-2026-00241,+91-6643271261,AISHE-96911784,https://github.com/student241,https://leetcode.com/student241,https://linkedin.com/in/student241-skit,https://uei-resumes.s3.amazonaws.com/23ESKCS241.pdf,https://api.dicebear.com/7.x/initials/svg?seed=student241
b89da6be-0137-449d-a852-44063465cce8,cfcf9f4b-fdb0-4604-ab77-f2b6b13e479c,23ESKCS242,REG20260242,Pooja Bhardwaj,A,2026-2030,1,6.44,77.6,996880115921,APAR-2026-00242,+91-8113585139,AISHE-66379329,https://github.com/student242,https://leetcode.com/student242,https://linkedin.com/in/student242-skit,https://uei-resumes.s3.amazonaws.com/23ESKCS242.pdf,https://api.dicebear.com/7.x/initials/svg?seed=student242
ff5cf24e-86e2-4b6d-8bd4-08c0725e1f1c,6825159e-110d-4751-8ed5-1138741694b7,23ESKCS243,REG20260243,Zoya Yadav,A,2026-2030,1,6.17,65.8,994651178512,APAR-2026-00243,+91-9213321496,AISHE-68186525,https://github.com/student243,https://leetcode.com/student243,https://linkedin.com/in/student243-skit,https://uei-resumes.s3.amazonaws.com/23ESKCS243.pdf,https://api.dicebear.com/7.x/initials/svg?seed=student243
5e6e508c-86eb-4621-a320-03ff96bef7bf,f4ef63f3-8ed6-44f2-aae7-c3526d9ffc9c,23ESKCS244,REG20260244,Rahul Joshi,C,2025-2029,2,6.57,90.8,991207916203,APAR-2026-00244,+91-8782454310,AISHE-71705170,https://github.com/student244,https://leetcode.com/student244,https://linkedin.com/in/student244-skit,https://uei-resumes.s3.amazonaws.com/23ESKCS244.pdf,https://api.dicebear.com/7.x/initials/svg?seed=student244
7d009897-58e5-4e80-b790-233714da2324,687ef9ad-5335-4a6d-8926-d16f95caebc6,23ESKCS245,REG20260245,Ansh Dhankar,D,2026-2030,1,10.0,78.6,998086684018,APAR-2026-00245,+91-7567600762,AISHE-33640702,https://github.com/student245,https://leetcode.com/student245,https://linkedin.com/in/student245-skit,https://uei-resumes.s3.amazonaws.com/23ESKCS245.pdf,https://api.dicebear.com/7.x/initials/svg?seed=student245
0e915a9c-5f50-4427-9524-e51633f06ad9,1b0e5f6a-e857-4b05-8c99-76a0efdf2094,23ESKCS246,REG20260246,Tanmay Meena,C,2023-2027,6,5.6,95.7,991710924833,APAR-2026-00246,+91-8761330848,AISHE-82232344,https://github.com/student246,https://leetcode.com/student246,https://linkedin.com/in/student246-skit,https://uei-resumes.s3.amazonaws.com/23ESKCS246.pdf,https://api.dicebear.com/7.x/initials/svg?seed=student246
32601f4c-ac26-46dc-b11f-f30daa1e54e4,ca68b771-0bff-4014-8396-2fad48a2eb81,23ESKCS247,REG20260247,Tanmay Bhardwaj,A,2023-2027,6,7.51,82.8,993549834051,APAR-2026-00247,+91-9599154414,AISHE-68461818,https://github.com/student247,https://leetcode.com/student247,https://linkedin.com/in/student247-skit,https://uei-resumes.s3.amazonaws.com/23ESKCS247.pdf,https://api.dicebear.com/7.x/initials/svg?seed=student247
85255be7-77f6-41bd-8cd2-92739befd69c,828862ad-06e2-4941-9f7d-1a69b801b1e1,23ESKCS248,REG20260248,Kunal Chaudhary,D,2024-2028,4,6.54,79.6,999973608658,APAR-2026-00248,+91-8446071904,AISHE-42949803,https://github.com/student248,https://leetcode.com/student248,https://linkedin.com/in/student248-skit,https://uei-resumes.s3.amazonaws.com/23ESKCS248.pdf,https://api.dicebear.com/7.x/initials/svg?seed=student248
c2333b31-09ec-44b0-b676-c9154914e222,6eb6b32d-1e40-49d2-baac-70c23f2981b0,23ESKCS249,REG20260249,Katyayini Deshmukh,D,2024-2028,4,6.26,65.7,999883760216,APAR-2026-00249,+91-6399496923,AISHE-70505620,https://github.com/student249,https://leetcode.com/student249,https://linkedin.com/in/student249-skit,https://uei-resumes.s3.amazonaws.com/23ESKCS249.pdf,https://api.dicebear.com/7.x/initials/svg?seed=student249
6eb783df-851f-4b52-a38f-06c17a232bcd,e8ebcf90-d479-41b2-92cf-e9faf614c9f7,23ESKCS250,REG20260250,Gaurav Soni,B,2026-2030,1,6.43,70.6,991933058818,APAR-2026-00250,+91-7905817775,AISHE-72372114,https://github.com/student250,https://leetcode.com/student250,https://linkedin.com/in/student250-skit,https://uei-resumes.s3.amazonaws.com/23ESKCS250.pdf,https://api.dicebear.com/7.x/initials/svg?seed=student250
52af834e-801d-461c-bb7c-4625f9a73384,8addc5c8-08fc-4cf9-8b9e-d4b9b7a57ee9,23ESKCS251,REG20260251,Vikas Mehta,C,2026-2030,1,7.14,84.0,991361845499,APAR-2026-00251,+91-9461203124,AISHE-13852048,https://github.com/student251,https://leetcode.com/student251,https://linkedin.com/in/student251-skit,https://uei-resumes.s3.amazonaws.com/23ESKCS251.pdf,https://api.dicebear.com/7.x/initials/svg?seed=student251
38982a79-49a1-412b-b2a1-174290b886e1,561c7325-d4a6-4250-aa3e-8133b6a25f56,23ESKCS252,REG20260252,Zoya Verma,A,2025-2029,2,7.85,92.9,996977525112,APAR-2026-00252,+91-9448981305,AISHE-34406132,https://github.com/student252,https://leetcode.com/student252,https://linkedin.com/in/student252-skit,https://uei-resumes.s3.amazonaws.com/23ESKCS252.pdf,https://api.dicebear.com/7.x/initials/svg?seed=student252
f0ea0fe2-f9e9-4a52-ae84-3efa8051a3be,c071727d-9c32-4ebf-a2fa-f9557ccf2d71,23ESKCS253,REG20260253,Ishita Patel,D,2023-2027,6,7.5,94.2,999894928839,APAR-2026-00253,+91-9327761953,AISHE-57623800,https://github.com/student253,https://leetcode.com/student253,https://linkedin.com/in/student253-skit,https://uei-resumes.s3.amazonaws.com/23ESKCS253.pdf,https://api.dicebear.com/7.x/initials/svg?seed=student253
fb548331-f4e9-4ad6-bf26-6c49b50598aa,4b809781-da8b-4ca9-a38b-8416ca109792,23ESKCS254,REG20260254,Khushi Deshmukh,D,2026-2030,1,6.19,91.0,998570850276,APAR-2026-00254,+91-8465436049,AISHE-47535126,https://github.com/student254,https://leetcode.com/student254,https://linkedin.com/in/student254-skit,https://uei-resumes.s3.amazonaws.com/23ESKCS254.pdf,https://api.dicebear.com/7.x/initials/svg?seed=student254
ded5b364-8588-458e-a9f7-e2a193883775,118433a7-cba4-4d46-ac36-7ad556097966,23ESKCS255,REG20260255,Ananya Agarwal,C,2024-2028,4,7.81,79.5,998684942029,APAR-2026-00255,+91-8696776072,AISHE-11362459,https://github.com/student255,https://leetcode.com/student255,https://linkedin.com/in/student255-skit,https://uei-resumes.s3.amazonaws.com/23ESKCS255.pdf,https://api.dicebear.com/7.x/initials/svg?seed=student255
ca239e5a-e87b-4521-8602-e18c40dcbded,520c491b-06e7-4cd2-855a-3940fa06f3b5,23ESKCS256,REG20260256,Nisha Mishra,D,2023-2027,6,6.45,67.9,995950724810,APAR-2026-00256,+91-7191926217,AISHE-42394260,https://github.com/student256,https://leetcode.com/student256,https://linkedin.com/in/student256-skit,https://uei-resumes.s3.amazonaws.com/23ESKCS256.pdf,https://api.dicebear.com/7.x/initials/svg?seed=student256
3f0c0058-6e4a-4577-8cd3-5838c6a78ae9,83cd8d96-ba70-4580-8edf-1ae6f0a2aeb3,23ESKCS257,REG20260257,Ayush Sharma,C,2026-2030,1,5.66,68.9,993762327871,APAR-2026-00257,+91-9624606470,AISHE-84514489,https://github.com/student257,https://leetcode.com/student257,https://linkedin.com/in/student257-skit,https://uei-resumes.s3.amazonaws.com/23ESKCS257.pdf,https://api.dicebear.com/7.x/initials/svg?seed=student257
37ded831-df02-41b6-b566-5b713bf15bb6,e8ab4b4a-5dc4-4df4-b8e8-66866f1a0ff0,23ESKCS258,REG20260258,Ishita Bhardwaj,D,2023-2027,6,5.83,82.9,994181102673,APAR-2026-00258,+91-7841536135,AISHE-73900135,https://github.com/student258,https://leetcode.com/student258,https://linkedin.com/in/student258-skit,https://uei-resumes.s3.amazonaws.com/23ESKCS258.pdf,https://api.dicebear.com/7.x/initials/svg?seed=student258
f084fc33-aa1b-4930-84ca-c1544cf2ef6d,b435b939-ff44-40c6-bff5-ad3db83b0b9e,23ESKCS259,REG20260259,Bhavya Patel,C,2025-2029,2,7.71,83.5,994807122429,APAR-2026-00259,+91-9581223755,AISHE-12314351,https://github.com/student259,https://leetcode.com/student259,https://linkedin.com/in/student259-skit,https://uei-resumes.s3.amazonaws.com/23ESKCS259.pdf,https://api.dicebear.com/7.x/initials/svg?seed=student259
af175c0c-15f0-44f8-81e5-ef8524d49392,f801ea0f-cd04-49ef-ae00-dbbeedd00c2b,23ESKCS260,REG20260260,Karan Rathore,A,2025-2029,2,7.03,64.5,995625980570,APAR-2026-00260,+91-6415933049,AISHE-39742165,https://github.com/student260,https://leetcode.com/student260,https://linkedin.com/in/student260-skit,https://uei-resumes.s3.amazonaws.com/23ESKCS260.pdf,https://api.dicebear.com/7.x/initials/svg?seed=student260
a14a6397-5b93-464b-b6d8-3ebbe5e7f1c4,390f352d-b4e6-4ca8-a589-740960450778,23ESKCS261,REG20260261,Mehak Dhankar,C,2023-2027,6,8.81,68.3,991495354068,APAR-2026-00261,+91-9842800803,AISHE-42655866,https://github.com/student261,https://leetcode.com/student261,https://linkedin.com/in/student261-skit,https://uei-resumes.s3.amazonaws.com/23ESKCS261.pdf,https://api.dicebear.com/7.x/initials/svg?seed=student261
7f323044-97ed-4628-84f2-587b2028e5c3,d0d7f46d-ad83-421c-88be-be2a2be16d73,23ESKCS262,REG20260262,Aarav Jain,A,2026-2030,1,5.63,97.2,999741819998,APAR-2026-00262,+91-8812921644,AISHE-88055069,https://github.com/student262,https://leetcode.com/student262,https://linkedin.com/in/student262-skit,https://uei-resumes.s3.amazonaws.com/23ESKCS262.pdf,https://api.dicebear.com/7.x/initials/svg?seed=student262
b196267c-e9ec-446b-bb9d-7daaa27cc54c,7cc00e7b-0fcd-4fe5-949e-f46a551eb980,23ESKCS263,REG20260263,Ishita Mishra,C,2025-2029,2,8.12,65.8,991226225165,APAR-2026-00263,+91-8608159580,AISHE-84285882,https://github.com/student263,https://leetcode.com/student263,https://linkedin.com/in/student263-skit,https://uei-resumes.s3.amazonaws.com/23ESKCS263.pdf,https://api.dicebear.com/7.x/initials/svg?seed=student263
9129f6dd-8c42-4689-8390-b53442393f78,f930d529-e715-44ba-9790-7212e7e85867,23ESKCS264,REG20260264,Pranav Khandelwal,C,2025-2029,2,8.54,84.8,992584496595,APAR-2026-00264,+91-8556881239,AISHE-83871890,https://github.com/student264,https://leetcode.com/student264,https://linkedin.com/in/student264-skit,https://uei-resumes.s3.amazonaws.com/23ESKCS264.pdf,https://api.dicebear.com/7.x/initials/svg?seed=student264
861f280c-3cfe-4b18-9c18-3ecca68192af,6b4a6111-06bf-4c8f-9b67-a76bf48c14f1,23ESKCS265,REG20260265,Ishita Pandey,C,2026-2030,1,9.48,78.2,994418680343,APAR-2026-00265,+91-8477753674,AISHE-70900658,https://github.com/student265,https://leetcode.com/student265,https://linkedin.com/in/student265-skit,https://uei-resumes.s3.amazonaws.com/23ESKCS265.pdf,https://api.dicebear.com/7.x/initials/svg?seed=student265
009a5366-715a-44a4-a575-400171178811,ed8b1062-85f3-4228-a197-c990d413c9b3,23ESKCS266,REG20260266,Sachin Meena,A,2025-2029,2,9.16,78.6,998418332130,APAR-2026-00266,+91-8429233929,AISHE-43742830,https://github.com/student266,https://leetcode.com/student266,https://linkedin.com/in/student266-skit,https://uei-resumes.s3.amazonaws.com/23ESKCS266.pdf,https://api.dicebear.com/7.x/initials/svg?seed=student266
e309f6c1-3d89-4582-be44-594c355de08f,7ffac218-2613-4bfd-9361-63e95895df8b,23ESKCS267,REG20260267,Rahul Bansal,B,2025-2029,2,9.66,92.2,997527316150,APAR-2026-00267,+91-7229553265,AISHE-35848226,https://github.com/student267,https://leetcode.com/student267,https://linkedin.com/in/student267-skit,https://uei-resumes.s3.amazonaws.com/23ESKCS267.pdf,https://api.dicebear.com/7.x/initials/svg?seed=student267
2bf9d12f-2d2b-4f7d-be18-857095334cf6,2998e99b-67a6-403a-b155-bc96b99f2c67,23ESKCS268,REG20260268,Aniket Singh,A,2024-2028,4,6.62,70.1,995562470184,APAR-2026-00268,+91-8228370927,AISHE-81922443,https://github.com/student268,https://leetcode.com/student268,https://linkedin.com/in/student268-skit,https://uei-resumes.s3.amazonaws.com/23ESKCS268.pdf,https://api.dicebear.com/7.x/initials/svg?seed=student268
98741a3c-0101-46f1-91bf-4e998872c26b,b7973192-f47f-4215-b8a2-a45fe4becef3,23ESKCS269,REG20260269,Khushi Mehta,C,2025-2029,2,6.56,80.8,995052536549,APAR-2026-00269,+91-7305665554,AISHE-39042654,https://github.com/student269,https://leetcode.com/student269,https://linkedin.com/in/student269-skit,https://uei-resumes.s3.amazonaws.com/23ESKCS269.pdf,https://api.dicebear.com/7.x/initials/svg?seed=student269
f81012b0-336d-475e-978a-62fa6bad2777,26cb44bf-18c9-47b8-a4ab-0213bd868d2c,23ESKCS270,REG20260270,Anjali Dhankar,D,2026-2030,1,7.16,83.6,994308571153,APAR-2026-00270,+91-9396889215,AISHE-89133014,https://github.com/student270,https://leetcode.com/student270,https://linkedin.com/in/student270-skit,https://uei-resumes.s3.amazonaws.com/23ESKCS270.pdf,https://api.dicebear.com/7.x/initials/svg?seed=student270
d126ca15-f173-4e5d-81d2-5cd2c3c6e19c,3eabb89d-0764-4aad-9dba-9ac8cda9cb5f,23ESKCS271,REG20260271,Aniket Dhankar,C,2023-2027,6,7.92,98.0,991637045885,APAR-2026-00271,+91-8207939087,AISHE-36054020,https://github.com/student271,https://leetcode.com/student271,https://linkedin.com/in/student271-skit,https://uei-resumes.s3.amazonaws.com/23ESKCS271.pdf,https://api.dicebear.com/7.x/initials/svg?seed=student271
2827d682-37df-4ce1-bbf3-9a60813adb16,4dcb327a-a9b4-4934-9a3f-5c73b7e92e35,23ESKCS272,REG20260272,Akash Srivastava,C,2025-2029,2,7.72,72.3,999384191098,APAR-2026-00272,+91-8344258191,AISHE-58436637,https://github.com/student272,https://leetcode.com/student272,https://linkedin.com/in/student272-skit,https://uei-resumes.s3.amazonaws.com/23ESKCS272.pdf,https://api.dicebear.com/7.x/initials/svg?seed=student272
0271955f-73e9-486c-aa69-22c6b30e7255,e78855f1-b176-49b5-b2ab-7450673f61ed,23ESKCS273,REG20260273,Anjali Pandey,A,2024-2028,4,7.71,81.2,991954720290,APAR-2026-00273,+91-7424557359,AISHE-11898961,https://github.com/student273,https://leetcode.com/student273,https://linkedin.com/in/student273-skit,https://uei-resumes.s3.amazonaws.com/23ESKCS273.pdf,https://api.dicebear.com/7.x/initials/svg?seed=student273
9ffc5036-e640-4c0d-8ea4-34c012166d44,9500701c-11a8-416c-bcf8-c8a5a6198931,23ESKCS274,REG20260274,Tanmay Bhardwaj,E,2025-2029,2,7.81,76.3,995282775723,APAR-2026-00274,+91-7394539550,AISHE-16109013,https://github.com/student274,https://leetcode.com/student274,https://linkedin.com/in/student274-skit,https://uei-resumes.s3.amazonaws.com/23ESKCS274.pdf,https://api.dicebear.com/7.x/initials/svg?seed=student274
97b50ebe-91e6-4fb0-a91c-135abc8331ca,9aeb23bb-4759-48ce-8daf-45cbfa4917be,23ESKCS275,REG20260275,Aniket Kumar,A,2023-2027,6,7.76,77.2,998406374119,APAR-2026-00275,+91-6694164665,AISHE-49209916,https://github.com/student275,https://leetcode.com/student275,https://linkedin.com/in/student275-skit,https://uei-resumes.s3.amazonaws.com/23ESKCS275.pdf,https://api.dicebear.com/7.x/initials/svg?seed=student275
ad1c08a6-3a5d-4402-9394-1c067df9d095,214aced3-41e4-4b73-a5e2-17fab7d5df04,23ESKCS276,REG20260276,Manish Gupta,B,2025-2029,2,6.94,98.0,999738752810,APAR-2026-00276,+91-7784907325,AISHE-75884623,https://github.com/student276,https://leetcode.com/student276,https://linkedin.com/in/student276-skit,https://uei-resumes.s3.amazonaws.com/23ESKCS276.pdf,https://api.dicebear.com/7.x/initials/svg?seed=student276
a44b713b-5de1-44ef-9d5f-dafe07c64fde,d4c77721-5696-43f1-8ace-3720fa57dbc1,23ESKCS277,REG20260277,Nisha Sharma,D,2023-2027,6,8.4,84.2,992800599877,APAR-2026-00277,+91-6113169872,AISHE-87049595,https://github.com/student277,https://leetcode.com/student277,https://linkedin.com/in/student277-skit,https://uei-resumes.s3.amazonaws.com/23ESKCS277.pdf,https://api.dicebear.com/7.x/initials/svg?seed=student277
6b1dadad-96c2-49f5-84a4-8c090c6ca578,5a626816-ec30-4aa1-b1af-d8644fe3871b,23ESKCS278,REG20260278,Sachin Agarwal,D,2025-2029,2,5.32,80.9,996676247772,APAR-2026-00278,+91-8604011128,AISHE-74251933,https://github.com/student278,https://leetcode.com/student278,https://linkedin.com/in/student278-skit,https://uei-resumes.s3.amazonaws.com/23ESKCS278.pdf,https://api.dicebear.com/7.x/initials/svg?seed=student278
5a180a68-54be-4b6c-af4b-9c4072b7383b,81844dc4-73a7-4960-8777-66b9c2fa90db,23ESKCS279,REG20260279,Zoya Joshi,A,2026-2030,1,5.39,75.0,995293274013,APAR-2026-00279,+91-9465830215,AISHE-34744872,https://github.com/student279,https://leetcode.com/student279,https://linkedin.com/in/student279-skit,https://uei-resumes.s3.amazonaws.com/23ESKCS279.pdf,https://api.dicebear.com/7.x/initials/svg?seed=student279
979c5139-8e28-4f80-9db7-faa090cfc4b7,7ba85b6a-bb17-4376-927b-fd9f01428330,23ESKCS280,REG20260280,Yash Bansal,B,2026-2030,1,6.0,95.1,994630196139,APAR-2026-00280,+91-6371096600,AISHE-74119726,https://github.com/student280,https://leetcode.com/student280,https://linkedin.com/in/student280-skit,https://uei-resumes.s3.amazonaws.com/23ESKCS280.pdf,https://api.dicebear.com/7.x/initials/svg?seed=student280
9e562acb-851d-41d2-9875-9842ea42fe88,08872db4-7fb0-4f7d-a294-789c97df9d4b,23ESKCS281,REG20260281,Vaibhav Meena,E,2023-2027,6,7.08,68.7,995073211724,APAR-2026-00281,+91-6982739959,AISHE-18770247,https://github.com/student281,https://leetcode.com/student281,https://linkedin.com/in/student281-skit,https://uei-resumes.s3.amazonaws.com/23ESKCS281.pdf,https://api.dicebear.com/7.x/initials/svg?seed=student281
2bda3d37-e0f4-48cc-9cc7-ee93364d80e6,00f65ae2-cd1e-4566-8ad6-71b873778701,23ESKCS282,REG20260282,Sachin Khandelwal,B,2026-2030,1,7.8,79.4,993584122014,APAR-2026-00282,+91-9628008852,AISHE-19943140,https://github.com/student282,https://leetcode.com/student282,https://linkedin.com/in/student282-skit,https://uei-resumes.s3.amazonaws.com/23ESKCS282.pdf,https://api.dicebear.com/7.x/initials/svg?seed=student282
b294feb3-9edd-4130-aa19-51ab3620f741,0810c050-f300-4be0-a927-df851bc9bd6b,23ESKCS283,REG20260283,Siddharth Gupta,B,2025-2029,2,6.85,54.4,992389803394,APAR-2026-00283,+91-6262915636,AISHE-30024960,https://github.com/student283,https://leetcode.com/student283,https://linkedin.com/in/student283-skit,https://uei-resumes.s3.amazonaws.com/23ESKCS283.pdf,https://api.dicebear.com/7.x/initials/svg?seed=student283
dd718e4e-5783-46d7-993d-657fc25b4bc1,089e2f9b-9b58-41f9-99c0-997cf1e19f4a,23ESKCS284,REG20260284,Rohan Meena,A,2025-2029,2,6.9,63.0,993516922430,APAR-2026-00284,+91-8191462297,AISHE-43311626,https://github.com/student284,https://leetcode.com/student284,https://linkedin.com/in/student284-skit,https://uei-resumes.s3.amazonaws.com/23ESKCS284.pdf,https://api.dicebear.com/7.x/initials/svg?seed=student284
bfa9803f-ace8-45c0-8031-109c494be49f,ff4cd192-48e5-4ddb-a2fd-c8630681abc1,23ESKCS285,REG20260285,Parth Soni,D,2025-2029,2,8.85,98.0,998675071323,APAR-2026-00285,+91-6699226355,AISHE-65857931,https://github.com/student285,https://leetcode.com/student285,https://linkedin.com/in/student285-skit,https://uei-resumes.s3.amazonaws.com/23ESKCS285.pdf,https://api.dicebear.com/7.x/initials/svg?seed=student285
baf154b5-2d4d-4c0a-b4fd-2b05d2feb16e,1383cd0e-745e-454d-bb8f-49c94ca52c8c,23ESKCS286,REG20260286,Katyayini Yadav,C,2024-2028,4,7.43,79.1,997755273997,APAR-2026-00286,+91-7932894596,AISHE-80138498,https://github.com/student286,https://leetcode.com/student286,https://linkedin.com/in/student286-skit,https://uei-resumes.s3.amazonaws.com/23ESKCS286.pdf,https://api.dicebear.com/7.x/initials/svg?seed=student286
e62b1509-924f-49ed-b148-ebe005f3b3d1,9e8abf39-4710-4fb5-8fc2-d83834ce3b68,23ESKCS287,REG20260287,Dev Singhal,C,2024-2028,4,7.04,74.5,993131098622,APAR-2026-00287,+91-9583736219,AISHE-69421007,https://github.com/student287,https://leetcode.com/student287,https://linkedin.com/in/student287-skit,https://uei-resumes.s3.amazonaws.com/23ESKCS287.pdf,https://api.dicebear.com/7.x/initials/svg?seed=student287
392519ab-fef0-4af9-b669-0366ff089c3b,a9f46622-3f4a-4d2a-92a2-186fedf92b0f,23ESKCS288,REG20260288,Khushi Dhankar,A,2025-2029,2,6.51,81.3,995586143669,APAR-2026-00288,+91-8731924051,AISHE-67556566,https://github.com/student288,https://leetcode.com/student288,https://linkedin.com/in/student288-skit,https://uei-resumes.s3.amazonaws.com/23ESKCS288.pdf,https://api.dicebear.com/7.x/initials/svg?seed=student288
967e9c59-a0a5-4c88-a46d-25b7fcdf0d4b,d4f274ae-9820-4e72-9552-c077296a9a0c,23ESKCS289,REG20260289,Mohit Pandey,D,2024-2028,4,8.45,70.0,996921525445,APAR-2026-00289,+91-8710561240,AISHE-93352876,https://github.com/student289,https://leetcode.com/student289,https://linkedin.com/in/student289-skit,https://uei-resumes.s3.amazonaws.com/23ESKCS289.pdf,https://api.dicebear.com/7.x/initials/svg?seed=student289
3ff7a083-bbb8-4966-a9a1-1124f6072d27,7785e8b7-06c8-40f0-bb41-e4c5eef598d3,23ESKCS290,REG20260290,Sanjay Soni,B,2024-2028,4,5.35,84.4,995438474123,APAR-2026-00290,+91-6754586204,AISHE-23318904,https://github.com/student290,https://leetcode.com/student290,https://linkedin.com/in/student290-skit,https://uei-resumes.s3.amazonaws.com/23ESKCS290.pdf,https://api.dicebear.com/7.x/initials/svg?seed=student290
ca37fdd3-d86c-4a59-be8b-20eb2ef37fca,4e01a2f6-0eb3-49e6-87f1-ac659cb7151c,23ESKCS291,REG20260291,Mohit Dhankar,A,2023-2027,6,5.57,98.0,999131344502,APAR-2026-00291,+91-7771641650,AISHE-38323322,https://github.com/student291,https://leetcode.com/student291,https://linkedin.com/in/student291-skit,https://uei-resumes.s3.amazonaws.com/23ESKCS291.pdf,https://api.dicebear.com/7.x/initials/svg?seed=student291
53d735ae-0b66-4612-8de1-45b5b36f2c5a,9f50161f-b3e4-4ac0-9179-935205bcd0e1,23ESKCS292,REG20260292,Parth Dhankar,A,2023-2027,6,5.82,98.0,997614788366,APAR-2026-00292,+91-8809129316,AISHE-20896797,https://github.com/student292,https://leetcode.com/student292,https://linkedin.com/in/student292-skit,https://uei-resumes.s3.amazonaws.com/23ESKCS292.pdf,https://api.dicebear.com/7.x/initials/svg?seed=student292
facb6741-3b79-475c-8523-b8c4a0ed17d9,241f7c7a-f465-4d6f-ab19-ceab2d92b2bd,23ESKCS293,REG20260293,Nikhil Singh,E,2026-2030,1,8.05,87.1,992836553630,APAR-2026-00293,+91-7357553274,AISHE-33328859,https://github.com/student293,https://leetcode.com/student293,https://linkedin.com/in/student293-skit,https://uei-resumes.s3.amazonaws.com/23ESKCS293.pdf,https://api.dicebear.com/7.x/initials/svg?seed=student293
3a834626-4b2d-40ad-af64-391d6d26242d,ee0427ff-2ad0-4dd6-93ea-b3781d46e95d,23ESKCS294,REG20260294,Divya Chaudhary,A,2024-2028,4,7.88,86.5,995646880157,APAR-2026-00294,+91-6268075622,AISHE-10359129,https://github.com/student294,https://leetcode.com/student294,https://linkedin.com/in/student294-skit,https://uei-resumes.s3.amazonaws.com/23ESKCS294.pdf,https://api.dicebear.com/7.x/initials/svg?seed=student294
fe2ab766-c230-4fea-94cd-c699bfe2124d,dd9e90a4-d8c0-40ad-b7d9-80cce4387929,23ESKCS295,REG20260295,Rahul Srivastava,C,2023-2027,6,6.65,70.0,996933261901,APAR-2026-00295,+91-9583724666,AISHE-89699989,https://github.com/student295,https://leetcode.com/student295,https://linkedin.com/in/student295-skit,https://uei-resumes.s3.amazonaws.com/23ESKCS295.pdf,https://api.dicebear.com/7.x/initials/svg?seed=student295
87176dc9-9357-4050-9eac-33089f76d613,9084e5ad-c75a-4b89-b803-5b41b00edc56,23ESKCS296,REG20260296,Janvi Jain,C,2023-2027,6,8.48,92.3,991415334619,APAR-2026-00296,+91-9412737284,AISHE-14380847,https://github.com/student296,https://leetcode.com/student296,https://linkedin.com/in/student296-skit,https://uei-resumes.s3.amazonaws.com/23ESKCS296.pdf,https://api.dicebear.com/7.x/initials/svg?seed=student296
9877e6b1-3dbd-4639-9554-23724ee2c71d,0689f63b-c5cb-48e4-9f9d-f88d013c1308,23ESKCS297,REG20260297,Yashvi Singh,B,2023-2027,6,8.6,61.4,994786674554,APAR-2026-00297,+91-7409350265,AISHE-47945817,https://github.com/student297,https://leetcode.com/student297,https://linkedin.com/in/student297-skit,https://uei-resumes.s3.amazonaws.com/23ESKCS297.pdf,https://api.dicebear.com/7.x/initials/svg?seed=student297
9467a5a0-7ccc-416c-8cae-944aed9f9320,1c625f5d-d8a8-49b4-9513-adb8d63c1b3b,23ESKCS298,REG20260298,Riya Singh,E,2024-2028,4,8.87,91.2,995227828358,APAR-2026-00298,+91-9176428684,AISHE-41329612,https://github.com/student298,https://leetcode.com/student298,https://linkedin.com/in/student298-skit,https://uei-resumes.s3.amazonaws.com/23ESKCS298.pdf,https://api.dicebear.com/7.x/initials/svg?seed=student298
62c44b4b-e9cc-4962-aa45-cdf98a4d9d4e,a7f158de-26eb-4c44-aa84-baef5bebbc5a,23ESKCS299,REG20260299,Parth Bhardwaj,D,2024-2028,4,9.09,78.2,996402580796,APAR-2026-00299,+91-8945923902,AISHE-93893865,https://github.com/student299,https://leetcode.com/student299,https://linkedin.com/in/student299-skit,https://uei-resumes.s3.amazonaws.com/23ESKCS299.pdf,https://api.dicebear.com/7.x/initials/svg?seed=student299
ae58e1a2-83a2-4a00-b180-ebf074387d60,174859b8-3a2e-4f5c-a7b4-9ba032d7522e,23ESKCS300,REG20260300,Mohit Sharma,D,2025-2029,2,8.3,68.1,998652281658,APAR-2026-00300,+91-7556489494,AISHE-25405014,https://github.com/student300,https://leetcode.com/student300,https://linkedin.com/in/student300-skit,https://uei-resumes.s3.amazonaws.com/23ESKCS300.pdf,https://api.dicebear.com/7.x/initials/svg?seed=student300
a7e54863-172b-49ba-b337-e831cb190afc,5e8634f2-a709-4f54-ba85-f89850ee62e9,23ESKCS301,REG20260301,Shivam Chaudhary,A,2023-2027,6,7.94,56.9,999075121710,APAR-2026-00301,+91-7795392488,AISHE-29997018,https://github.com/student301,https://leetcode.com/student301,https://linkedin.com/in/student301-skit,https://uei-resumes.s3.amazonaws.com/23ESKCS301.pdf,https://api.dicebear.com/7.x/initials/svg?seed=student301
2e581dd5-2c58-4883-b47d-a38757a9ae2c,c1a1863b-f435-4982-8e12-6eca40e461a3,23ESKCS302,REG20260302,Priya Bansal,B,2025-2029,2,6.03,87.2,992725373856,APAR-2026-00302,+91-8987588450,AISHE-29090631,https://github.com/student302,https://leetcode.com/student302,https://linkedin.com/in/student302-skit,https://uei-resumes.s3.amazonaws.com/23ESKCS302.pdf,https://api.dicebear.com/7.x/initials/svg?seed=student302
19e7e30a-9014-48e2-97a8-a82136a65209,edef68de-700d-45b2-bb1a-a504b7efff96,23ESKCS303,REG20260303,Akash Yadav,D,2025-2029,2,7.59,77.2,996596578428,APAR-2026-00303,+91-6164035859,AISHE-32269779,https://github.com/student303,https://leetcode.com/student303,https://linkedin.com/in/student303-skit,https://uei-resumes.s3.amazonaws.com/23ESKCS303.pdf,https://api.dicebear.com/7.x/initials/svg?seed=student303
148f981d-05e3-45d6-a6a5-884a8ec8b09f,b0dde554-078d-49f7-bd84-821eec5f3bd2,23ESKCS304,REG20260304,Anjali Jain,B,2025-2029,2,8.68,76.6,998841851504,APAR-2026-00304,+91-8738923667,AISHE-86397676,https://github.com/student304,https://leetcode.com/student304,https://linkedin.com/in/student304-skit,https://uei-resumes.s3.amazonaws.com/23ESKCS304.pdf,https://api.dicebear.com/7.x/initials/svg?seed=student304
6084b88e-7a2a-41e6-9c65-b0272b99019d,922a5062-0a88-4d7e-84f2-de2c8857734a,23ESKCS305,REG20260305,Divya Pandey,B,2026-2030,1,7.28,60.0,999019515571,APAR-2026-00305,+91-8571537429,AISHE-26690465,https://github.com/student305,https://leetcode.com/student305,https://linkedin.com/in/student305-skit,https://uei-resumes.s3.amazonaws.com/23ESKCS305.pdf,https://api.dicebear.com/7.x/initials/svg?seed=student305
108be8c2-c46c-4508-8eee-90d4ecbb7007,865ed2eb-890b-438f-a86d-d83b9f04a0cb,23ESKCS306,REG20260306,Riya Mehta,B,2023-2027,6,8.53,98.0,991247508308,APAR-2026-00306,+91-9839462365,AISHE-50814428,https://github.com/student306,https://leetcode.com/student306,https://linkedin.com/in/student306-skit,https://uei-resumes.s3.amazonaws.com/23ESKCS306.pdf,https://api.dicebear.com/7.x/initials/svg?seed=student306
67319a27-1f17-45dd-9c7b-047d2b7b4bd5,81423664-2d4a-4586-a7ab-0031be36bbdc,23ESKCS307,REG20260307,Divya Joshi,C,2026-2030,1,5.7,78.0,991131267926,APAR-2026-00307,+91-9392322121,AISHE-77172238,https://github.com/student307,https://leetcode.com/student307,https://linkedin.com/in/student307-skit,https://uei-resumes.s3.amazonaws.com/23ESKCS307.pdf,https://api.dicebear.com/7.x/initials/svg?seed=student307
5a29a8d1-4006-4a46-a1cd-46c3bce70e8d,72b27b1c-33c9-48c2-9f3e-ffe725f72d6a,23ESKCS308,REG20260308,Shivam Sharma,C,2025-2029,2,8.72,98.0,993958590559,APAR-2026-00308,+91-9570040006,AISHE-20796722,https://github.com/student308,https://leetcode.com/student308,https://linkedin.com/in/student308-skit,https://uei-resumes.s3.amazonaws.com/23ESKCS308.pdf,https://api.dicebear.com/7.x/initials/svg?seed=student308
891d3a1b-102f-4954-b3c7-bd714661e911,fbd42c29-7a2b-49c7-b688-c8c1034690ad,23ESKCS309,REG20260309,Sanjay Gupta,B,2024-2028,4,6.98,70.7,995333183849,APAR-2026-00309,+91-6563887247,AISHE-53261270,https://github.com/student309,https://leetcode.com/student309,https://linkedin.com/in/student309-skit,https://uei-resumes.s3.amazonaws.com/23ESKCS309.pdf,https://api.dicebear.com/7.x/initials/svg?seed=student309
ce7c0672-b2c4-47ee-a04c-b9c605806d05,5337af30-cbd4-476a-af49-fa708930120b,23ESKCS310,REG20260310,Aarav Jain,C,2025-2029,2,6.96,61.7,996477709204,APAR-2026-00310,+91-8127772220,AISHE-22257687,https://github.com/student310,https://leetcode.com/student310,https://linkedin.com/in/student310-skit,https://uei-resumes.s3.amazonaws.com/23ESKCS310.pdf,https://api.dicebear.com/7.x/initials/svg?seed=student310
1f111f32-6dea-4fb2-8266-3afcc57e1bda,0df61297-8270-4664-b4b4-dc017f2dc3dc,23ESKCS311,REG20260311,Katyayini Srivastava,E,2026-2030,1,7.27,77.8,998900070162,APAR-2026-00311,+91-7824022357,AISHE-87201917,https://github.com/student311,https://leetcode.com/student311,https://linkedin.com/in/student311-skit,https://uei-resumes.s3.amazonaws.com/23ESKCS311.pdf,https://api.dicebear.com/7.x/initials/svg?seed=student311
74abd212-9d4f-46c8-be47-9e8f5727300d,5e5951c5-92e3-4d2b-bc5a-cd150db296bd,23ESKCS312,REG20260312,Utkarsh Chaudhary,D,2023-2027,6,6.9,86.1,996484179017,APAR-2026-00312,+91-6921155204,AISHE-46173157,https://github.com/student312,https://leetcode.com/student312,https://linkedin.com/in/student312-skit,https://uei-resumes.s3.amazonaws.com/23ESKCS312.pdf,https://api.dicebear.com/7.x/initials/svg?seed=student312
02eb3988-d904-491b-a8f0-624840cdfd5b,a989e01d-a333-4a05-a9b7-5c3d45b601de,23ESKCS313,REG20260313,Divya Deshmukh,E,2024-2028,4,9.15,66.8,997872090722,APAR-2026-00313,+91-6919382051,AISHE-33513701,https://github.com/student313,https://leetcode.com/student313,https://linkedin.com/in/student313-skit,https://uei-resumes.s3.amazonaws.com/23ESKCS313.pdf,https://api.dicebear.com/7.x/initials/svg?seed=student313
5c7d2b4f-8d36-4f85-bc52-905eb86c5725,3557f485-af92-4ceb-bd6b-8c252c3e9652,23ESKCS314,REG20260314,Kashish Joshi,D,2026-2030,1,7.15,80.4,996110646723,APAR-2026-00314,+91-9657233178,AISHE-97444123,https://github.com/student314,https://leetcode.com/student314,https://linkedin.com/in/student314-skit,https://uei-resumes.s3.amazonaws.com/23ESKCS314.pdf,https://api.dicebear.com/7.x/initials/svg?seed=student314
183ec393-673a-4381-a789-805b44ed63d0,ad80ef54-4bca-4977-bdbd-886f47c73caf,23ESKCS315,REG20260315,Priya Srivastava,C,2025-2029,2,8.7,61.1,996072939891,APAR-2026-00315,+91-9398668350,AISHE-34359060,https://github.com/student315,https://leetcode.com/student315,https://linkedin.com/in/student315-skit,https://uei-resumes.s3.amazonaws.com/23ESKCS315.pdf,https://api.dicebear.com/7.x/initials/svg?seed=student315
2a74a1f7-4817-49e3-aa83-fe858c9309e7,d445bd00-6b56-469f-a972-d5a3fc2b2a8b,23ESKCS316,REG20260316,Yashvi Dhankar,C,2023-2027,6,7.55,86.2,999037740236,APAR-2026-00316,+91-9781594897,AISHE-75998319,https://github.com/student316,https://leetcode.com/student316,https://linkedin.com/in/student316-skit,https://uei-resumes.s3.amazonaws.com/23ESKCS316.pdf,https://api.dicebear.com/7.x/initials/svg?seed=student316
40a61690-bf42-4f59-b592-9457a1d8c464,d4d2a234-3500-4d2b-83bc-7c3fa65ea2a0,23ESKCS317,REG20260317,Shivam Khandelwal,D,2023-2027,6,5.03,82.6,995600836568,APAR-2026-00317,+91-6604669821,AISHE-56702542,https://github.com/student317,https://leetcode.com/student317,https://linkedin.com/in/student317-skit,https://uei-resumes.s3.amazonaws.com/23ESKCS317.pdf,https://api.dicebear.com/7.x/initials/svg?seed=student317
4a9797d1-c415-4454-a869-91ae222216c6,cb90f0f4-230e-4730-8a1a-148be76eaa14,23ESKCS318,REG20260318,Katyayini Mishra,A,2024-2028,4,7.92,84.1,992965254359,APAR-2026-00318,+91-9457887167,AISHE-53091709,https://github.com/student318,https://leetcode.com/student318,https://linkedin.com/in/student318-skit,https://uei-resumes.s3.amazonaws.com/23ESKCS318.pdf,https://api.dicebear.com/7.x/initials/svg?seed=student318
ff722687-67d6-48c9-9bc2-b0310632a222,3cc4283a-c600-42b5-beaa-547687dc4522,23ESKCS319,REG20260319,Rahul Kumar,B,2025-2029,2,7.32,77.7,992174793239,APAR-2026-00319,+91-6272684373,AISHE-54265498,https://github.com/student319,https://leetcode.com/student319,https://linkedin.com/in/student319-skit,https://uei-resumes.s3.amazonaws.com/23ESKCS319.pdf,https://api.dicebear.com/7.x/initials/svg?seed=student319
f30d26fc-0427-4381-98e0-0e50c28045fb,920e89d7-d1bc-4a39-b3e9-f2e87a47dcc5,23ESKCS320,REG20260320,Rahul Bhardwaj,B,2026-2030,1,6.58,70.2,999441018799,APAR-2026-00320,+91-9844826434,AISHE-76500726,https://github.com/student320,https://leetcode.com/student320,https://linkedin.com/in/student320-skit,https://uei-resumes.s3.amazonaws.com/23ESKCS320.pdf,https://api.dicebear.com/7.x/initials/svg?seed=student320
5f40dab2-cc69-49e5-b14c-2f5b4034448f,0aa1d322-6ab9-40e3-9c62-c922ee815c13,23ESKCS321,REG20260321,Mehak Agarwal,C,2024-2028,4,7.51,78.6,994150801953,APAR-2026-00321,+91-8811443654,AISHE-63747791,https://github.com/student321,https://leetcode.com/student321,https://linkedin.com/in/student321-skit,https://uei-resumes.s3.amazonaws.com/23ESKCS321.pdf,https://api.dicebear.com/7.x/initials/svg?seed=student321
7298b618-497f-42ee-9e4d-78d5ac898fa2,d677ff0a-b5cf-412e-a325-8bf518764e60,23ESKCS322,REG20260322,Anjali Mehta,E,2025-2029,2,8.51,96.3,996544063176,APAR-2026-00322,+91-6588365604,AISHE-21819185,https://github.com/student322,https://leetcode.com/student322,https://linkedin.com/in/student322-skit,https://uei-resumes.s3.amazonaws.com/23ESKCS322.pdf,https://api.dicebear.com/7.x/initials/svg?seed=student322
3afa5079-75dc-467c-9d00-4ffc5a3d10aa,eeea035f-eaeb-4ccb-b26f-03ba3e86edaa,23ESKCS323,REG20260323,Utkarsh Deshmukh,C,2026-2030,1,6.91,84.0,992732553949,APAR-2026-00323,+91-8371011200,AISHE-53389073,https://github.com/student323,https://leetcode.com/student323,https://linkedin.com/in/student323-skit,https://uei-resumes.s3.amazonaws.com/23ESKCS323.pdf,https://api.dicebear.com/7.x/initials/svg?seed=student323
b1a50bdf-1d4f-4ed0-9195-752c75f7fff5,82bcd720-22f8-4e2a-9b1a-8888d7d4588d,23ESKCS324,REG20260324,Vikas Agarwal,E,2024-2028,4,8.75,90.6,994402160263,APAR-2026-00324,+91-6929517022,AISHE-64247457,https://github.com/student324,https://leetcode.com/student324,https://linkedin.com/in/student324-skit,https://uei-resumes.s3.amazonaws.com/23ESKCS324.pdf,https://api.dicebear.com/7.x/initials/svg?seed=student324
67c69404-4b2a-40a7-b081-d7b9858c2021,1f2bf673-fdfb-45f5-9df3-7d816df54054,23ESKCS325,REG20260325,Siddharth Bansal,E,2023-2027,6,6.48,64.9,991084790279,APAR-2026-00325,+91-6806157458,AISHE-82825679,https://github.com/student325,https://leetcode.com/student325,https://linkedin.com/in/student325-skit,https://uei-resumes.s3.amazonaws.com/23ESKCS325.pdf,https://api.dicebear.com/7.x/initials/svg?seed=student325
f0b5b045-aa4c-4d6f-a659-650cbaaecb75,13248d99-5256-4692-ae50-c2a29419205f,23ESKCS326,REG20260326,Priya Verma,B,2024-2028,4,6.83,63.9,996588252641,APAR-2026-00326,+91-9543721204,AISHE-17275149,https://github.com/student326,https://leetcode.com/student326,https://linkedin.com/in/student326-skit,https://uei-resumes.s3.amazonaws.com/23ESKCS326.pdf,https://api.dicebear.com/7.x/initials/svg?seed=student326
819fbb44-a47d-4268-b4fe-07a08755c05e,b802c58f-7b13-42f6-a9db-f7c50229cbe8,23ESKCS327,REG20260327,Arjun Mishra,A,2023-2027,6,6.97,97.4,993137773007,APAR-2026-00327,+91-7656670062,AISHE-58557203,https://github.com/student327,https://leetcode.com/student327,https://linkedin.com/in/student327-skit,https://uei-resumes.s3.amazonaws.com/23ESKCS327.pdf,https://api.dicebear.com/7.x/initials/svg?seed=student327
884f29c5-f10f-4219-a7b2-a143e98d99c0,915cf50e-395e-46ea-a273-a3697dfd4bb1,23ESKCS328,REG20260328,Divya Meena,D,2025-2029,2,8.21,90.2,994909951956,APAR-2026-00328,+91-9771527524,AISHE-69329732,https://github.com/student328,https://leetcode.com/student328,https://linkedin.com/in/student328-skit,https://uei-resumes.s3.amazonaws.com/23ESKCS328.pdf,https://api.dicebear.com/7.x/initials/svg?seed=student328
800dadeb-a4b5-4ab3-91c8-1725ae3fdb6b,ddd8b382-ac3e-4f5b-a2ab-b19091550f4e,23ESKCS329,REG20260329,Aarav Srivastava,A,2023-2027,6,8.31,64.4,993197757751,APAR-2026-00329,+91-6318568997,AISHE-45843681,https://github.com/student329,https://leetcode.com/student329,https://linkedin.com/in/student329-skit,https://uei-resumes.s3.amazonaws.com/23ESKCS329.pdf,https://api.dicebear.com/7.x/initials/svg?seed=student329
e61fd452-72da-45f6-b3e1-ffdfc86b08a4,817a6d52-fbd1-44ec-a803-486b0ce80af7,23ESKCS330,REG20260330,Kashish Joshi,D,2023-2027,6,8.0,82.5,996542943847,APAR-2026-00330,+91-7409268943,AISHE-68802946,https://github.com/student330,https://leetcode.com/student330,https://linkedin.com/in/student330-skit,https://uei-resumes.s3.amazonaws.com/23ESKCS330.pdf,https://api.dicebear.com/7.x/initials/svg?seed=student330
e8843073-606d-40d5-a309-f67a825c73a5,97689463-4290-4406-854b-c72ee68a5073,23ESKCS331,REG20260331,Anjali Bansal,A,2024-2028,4,7.02,72.7,997965608197,APAR-2026-00331,+91-9230380269,AISHE-13874790,https://github.com/student331,https://leetcode.com/student331,https://linkedin.com/in/student331-skit,https://uei-resumes.s3.amazonaws.com/23ESKCS331.pdf,https://api.dicebear.com/7.x/initials/svg?seed=student331
817de8c1-c5e2-40fa-9561-2c6f470343ac,1f059b15-a73b-4e8c-934b-c9b69a75ff9d,23ESKCS332,REG20260332,Dev Chaudhary,D,2026-2030,1,8.33,76.4,998948573922,APAR-2026-00332,+91-7862123506,AISHE-31257157,https://github.com/student332,https://leetcode.com/student332,https://linkedin.com/in/student332-skit,https://uei-resumes.s3.amazonaws.com/23ESKCS332.pdf,https://api.dicebear.com/7.x/initials/svg?seed=student332
e9bd7e45-5a3b-460b-b29f-8bc8225ce18f,e7026284-0d2a-4193-a9e2-c459f3965c22,23ESKCS333,REG20260333,Ansh Deshmukh,A,2024-2028,4,9.5,93.2,992881894941,APAR-2026-00333,+91-8691458887,AISHE-11835355,https://github.com/student333,https://leetcode.com/student333,https://linkedin.com/in/student333-skit,https://uei-resumes.s3.amazonaws.com/23ESKCS333.pdf,https://api.dicebear.com/7.x/initials/svg?seed=student333
53efafe3-7bf0-4171-b368-f5ffdd3a0e13,aac259fb-5999-4009-9b8e-f2ce32e39a20,23ESKCS334,REG20260334,Utkarsh Yadav,B,2026-2030,1,7.92,75.9,997061419758,APAR-2026-00334,+91-9200082623,AISHE-40158811,https://github.com/student334,https://leetcode.com/student334,https://linkedin.com/in/student334-skit,https://uei-resumes.s3.amazonaws.com/23ESKCS334.pdf,https://api.dicebear.com/7.x/initials/svg?seed=student334
6be14b8c-0196-4b0b-9d4b-004b38ebc617,12d463d8-2868-42e7-ad8c-022925bdaade,23ESKCS335,REG20260335,Varun Srivastava,E,2024-2028,4,9.17,76.2,995704029180,APAR-2026-00335,+91-6595475899,AISHE-25766039,https://github.com/student335,https://leetcode.com/student335,https://linkedin.com/in/student335-skit,https://uei-resumes.s3.amazonaws.com/23ESKCS335.pdf,https://api.dicebear.com/7.x/initials/svg?seed=student335
f28b955e-3429-4554-805f-6ae433c26064,c6987426-2dbf-499f-b471-f7d911918f9b,23ESKCS336,REG20260336,Utkarsh Soni,D,2024-2028,4,8.21,66.6,991234359698,APAR-2026-00336,+91-7635126623,AISHE-49172995,https://github.com/student336,https://leetcode.com/student336,https://linkedin.com/in/student336-skit,https://uei-resumes.s3.amazonaws.com/23ESKCS336.pdf,https://api.dicebear.com/7.x/initials/svg?seed=student336
607f8e96-b735-4676-bc7f-035b2e782ee7,fcc8a0af-efa3-44dd-9e52-2e26eb0d51d3,23ESKCS337,REG20260337,Bhavya Bhardwaj,D,2025-2029,2,7.58,98.0,999806189265,APAR-2026-00337,+91-8546129354,AISHE-74759996,https://github.com/student337,https://leetcode.com/student337,https://linkedin.com/in/student337-skit,https://uei-resumes.s3.amazonaws.com/23ESKCS337.pdf,https://api.dicebear.com/7.x/initials/svg?seed=student337
916ca084-1eb5-4387-ba35-a130d7dac3b2,1a9df89a-d44b-428d-acc2-86778eaca5e2,23ESKCS338,REG20260338,Ishita Bhardwaj,D,2026-2030,1,7.81,67.1,998973990006,APAR-2026-00338,+91-9361704064,AISHE-71308842,https://github.com/student338,https://leetcode.com/student338,https://linkedin.com/in/student338-skit,https://uei-resumes.s3.amazonaws.com/23ESKCS338.pdf,https://api.dicebear.com/7.x/initials/svg?seed=student338
82cb0222-b361-4899-91c6-f06468d0edff,a658d8a3-36db-4329-aab5-ec6ec0b89514,23ESKCS339,REG20260339,Anjali Mehta,D,2023-2027,6,7.38,78.4,998178927775,APAR-2026-00339,+91-7511872350,AISHE-35583290,https://github.com/student339,https://leetcode.com/student339,https://linkedin.com/in/student339-skit,https://uei-resumes.s3.amazonaws.com/23ESKCS339.pdf,https://api.dicebear.com/7.x/initials/svg?seed=student339
b27fbe5b-04b5-442d-b4e6-5f8118d5c9d3,b41a88a1-5fd3-4b24-adc9-152476cf9848,23ESKCS340,REG20260340,Harsh Pandey,C,2026-2030,1,7.16,68.3,992943612119,APAR-2026-00340,+91-7174958005,AISHE-47077298,https://github.com/student340,https://leetcode.com/student340,https://linkedin.com/in/student340-skit,https://uei-resumes.s3.amazonaws.com/23ESKCS340.pdf,https://api.dicebear.com/7.x/initials/svg?seed=student340
594c23e8-2de2-45bd-a891-64a7936fee4d,7f735d1a-7552-4319-91b6-a9ddb0576025,23ESKCS341,REG20260341,Manish Soni,C,2025-2029,2,7.29,75.3,996000009234,APAR-2026-00341,+91-9464938258,AISHE-78147397,https://github.com/student341,https://leetcode.com/student341,https://linkedin.com/in/student341-skit,https://uei-resumes.s3.amazonaws.com/23ESKCS341.pdf,https://api.dicebear.com/7.x/initials/svg?seed=student341
605f6266-3e4b-4fec-ac48-71e7254a94f3,3ff853b6-f3ca-4476-8a7c-6c2e5eddeae0,23ESKCS342,REG20260342,Anjali Joshi,E,2024-2028,4,8.46,98.0,992687477605,APAR-2026-00342,+91-8981058292,AISHE-10344303,https://github.com/student342,https://leetcode.com/student342,https://linkedin.com/in/student342-skit,https://uei-resumes.s3.amazonaws.com/23ESKCS342.pdf,https://api.dicebear.com/7.x/initials/svg?seed=student342
ddc1ce58-cacc-42f1-882c-389ba58f04cb,c7d202a2-892d-4359-9ac1-608829514053,23ESKCS343,REG20260343,Anjali Mishra,A,2023-2027,6,7.58,66.6,993142452718,APAR-2026-00343,+91-8879591310,AISHE-50071487,https://github.com/student343,https://leetcode.com/student343,https://linkedin.com/in/student343-skit,https://uei-resumes.s3.amazonaws.com/23ESKCS343.pdf,https://api.dicebear.com/7.x/initials/svg?seed=student343
ee45dbd4-2452-406f-8796-863b951161cc,f0627168-7deb-4a11-ae6a-32da3d221eb5,23ESKCS344,REG20260344,Priya Rathore,B,2024-2028,4,7.32,72.8,999086117180,APAR-2026-00344,+91-9259553112,AISHE-69934576,https://github.com/student344,https://leetcode.com/student344,https://linkedin.com/in/student344-skit,https://uei-resumes.s3.amazonaws.com/23ESKCS344.pdf,https://api.dicebear.com/7.x/initials/svg?seed=student344
24c51da0-2db2-404b-98fd-cb2f3f81025f,6029cb60-e219-4050-b258-79b61f5d28c1,23ESKCS345,REG20260345,Vaibhav Jain,C,2026-2030,1,10.0,71.9,991572827663,APAR-2026-00345,+91-9470574014,AISHE-54619335,https://github.com/student345,https://leetcode.com/student345,https://linkedin.com/in/student345-skit,https://uei-resumes.s3.amazonaws.com/23ESKCS345.pdf,https://api.dicebear.com/7.x/initials/svg?seed=student345
9f894961-776e-479d-84be-0e3d363df6a6,4d8deda5-1084-40b4-8b3b-68163c313458,23ESKCS346,REG20260346,Katyayini Verma,E,2025-2029,2,6.73,53.5,993716924547,APAR-2026-00346,+91-9588922557,AISHE-53188224,https://github.com/student346,https://leetcode.com/student346,https://linkedin.com/in/student346-skit,https://uei-resumes.s3.amazonaws.com/23ESKCS346.pdf,https://api.dicebear.com/7.x/initials/svg?seed=student346
c8004dfb-cc97-43b7-a424-323e26ee3428,9223754a-537d-47b0-919a-8634d6bc119a,23ESKCS347,REG20260347,Utkarsh Deshmukh,B,2025-2029,2,6.9,60.5,997709942415,APAR-2026-00347,+91-7848933239,AISHE-42051937,https://github.com/student347,https://leetcode.com/student347,https://linkedin.com/in/student347-skit,https://uei-resumes.s3.amazonaws.com/23ESKCS347.pdf,https://api.dicebear.com/7.x/initials/svg?seed=student347
d6eb4a19-e11a-4f40-8b56-3cd47d28b15e,09bc1ec6-f42b-4111-ab30-fd36998e15b6,23ESKCS348,REG20260348,Sachin Khandelwal,D,2023-2027,6,7.13,78.1,991624173509,APAR-2026-00348,+91-9350785761,AISHE-65133300,https://github.com/student348,https://leetcode.com/student348,https://linkedin.com/in/student348-skit,https://uei-resumes.s3.amazonaws.com/23ESKCS348.pdf,https://api.dicebear.com/7.x/initials/svg?seed=student348
ae34df1d-486b-46c6-8cd7-a3b2834ecc3d,49eadafb-822d-43c9-914e-254b6824b443,23ESKCS349,REG20260349,Bhavya Khandelwal,C,2024-2028,4,8.38,64.2,992267619090,APAR-2026-00349,+91-6441639230,AISHE-73481797,https://github.com/student349,https://leetcode.com/student349,https://linkedin.com/in/student349-skit,https://uei-resumes.s3.amazonaws.com/23ESKCS349.pdf,https://api.dicebear.com/7.x/initials/svg?seed=student349
5f59f791-a34e-4457-af51-b0662d210849,9a6ab46e-aa3c-4cba-aa3f-88f62a6969a5,23ESKCS350,REG20260350,Utkarsh Yadav,E,2024-2028,4,7.33,64.4,993853978156,APAR-2026-00350,+91-9514548900,AISHE-99078806,https://github.com/student350,https://leetcode.com/student350,https://linkedin.com/in/student350-skit,https://uei-resumes.s3.amazonaws.com/23ESKCS350.pdf,https://api.dicebear.com/7.x/initials/svg?seed=student350
43c92216-852b-48eb-bf52-a9eb0dc34636,0ff5fcd5-c816-46f2-9ce5-a3fa90304861,23ESKCS351,REG20260351,Khushi Sharma,A,2023-2027,6,7.37,71.1,996126033653,APAR-2026-00351,+91-7631855083,AISHE-14968688,https://github.com/student351,https://leetcode.com/student351,https://linkedin.com/in/student351-skit,https://uei-resumes.s3.amazonaws.com/23ESKCS351.pdf,https://api.dicebear.com/7.x/initials/svg?seed=student351
705321fa-cf66-440a-b638-e21a7561a2da,9d6d8e9c-21a5-4e2e-823e-658c0d531cba,23ESKCS352,REG20260352,Dev Yadav,E,2023-2027,6,6.49,86.6,997685540195,APAR-2026-00352,+91-7639331014,AISHE-89212676,https://github.com/student352,https://leetcode.com/student352,https://linkedin.com/in/student352-skit,https://uei-resumes.s3.amazonaws.com/23ESKCS352.pdf,https://api.dicebear.com/7.x/initials/svg?seed=student352
f4117b48-c67c-4811-b11a-54f6915e8a0c,51804733-4e74-4f22-8084-8988fd6566f2,23ESKCS353,REG20260353,Kunal Pandey,B,2023-2027,6,8.0,86.5,998137764136,APAR-2026-00353,+91-8207765664,AISHE-69096899,https://github.com/student353,https://leetcode.com/student353,https://linkedin.com/in/student353-skit,https://uei-resumes.s3.amazonaws.com/23ESKCS353.pdf,https://api.dicebear.com/7.x/initials/svg?seed=student353
55697575-391b-42dd-9dc0-dcb8731eca1e,f387ab8b-56d8-44a2-866d-f76ed3e5a028,23ESKCS354,REG20260354,Varun Kumar,E,2024-2028,4,8.8,74.9,995979458355,APAR-2026-00354,+91-6664735673,AISHE-71327848,https://github.com/student354,https://leetcode.com/student354,https://linkedin.com/in/student354-skit,https://uei-resumes.s3.amazonaws.com/23ESKCS354.pdf,https://api.dicebear.com/7.x/initials/svg?seed=student354
c923181a-e3bd-47c1-98a3-c804899de2f4,38f303d5-ea7e-4e6d-9d24-cfd37c2a5ee8,23ESKCS355,REG20260355,Gaurav Srivastava,C,2025-2029,2,6.86,84.4,997573442726,APAR-2026-00355,+91-6875718152,AISHE-29348212,https://github.com/student355,https://leetcode.com/student355,https://linkedin.com/in/student355-skit,https://uei-resumes.s3.amazonaws.com/23ESKCS355.pdf,https://api.dicebear.com/7.x/initials/svg?seed=student355
525bfd9d-a612-44ee-8e81-ef48eabb894d,555be240-16c7-4eac-8e68-690816329272,23ESKCS356,REG20260356,Aarav Chaudhary,C,2026-2030,1,7.5,94.2,999761206085,APAR-2026-00356,+91-9803066091,AISHE-30718012,https://github.com/student356,https://leetcode.com/student356,https://linkedin.com/in/student356-skit,https://uei-resumes.s3.amazonaws.com/23ESKCS356.pdf,https://api.dicebear.com/7.x/initials/svg?seed=student356
525e3275-5d08-4f97-bfa4-e5e1fe2d2e31,8d7a826a-00bc-44fd-b06f-6fc2a86df2a1,23ESKCS357,REG20260357,Ansh Mehta,C,2025-2029,2,8.83,80.6,998604215228,APAR-2026-00357,+91-6604111692,AISHE-45570755,https://github.com/student357,https://leetcode.com/student357,https://linkedin.com/in/student357-skit,https://uei-resumes.s3.amazonaws.com/23ESKCS357.pdf,https://api.dicebear.com/7.x/initials/svg?seed=student357
269f24b3-58ce-47dd-8a6b-7b68527d99f2,1e5d67c9-4be9-4436-a691-cbef706853e4,23ESKCS358,REG20260358,Kashish Soni,B,2025-2029,2,4.5,76.2,999621419233,APAR-2026-00358,+91-8769219685,AISHE-63349308,https://github.com/student358,https://leetcode.com/student358,https://linkedin.com/in/student358-skit,https://uei-resumes.s3.amazonaws.com/23ESKCS358.pdf,https://api.dicebear.com/7.x/initials/svg?seed=student358
6c92b071-a3aa-401f-84fa-f2275669aeb2,d6381f78-1665-446c-bb9e-a1dbe09bbb35,23ESKCS359,REG20260359,Parth Chaudhary,B,2026-2030,1,5.68,57.7,991660370917,APAR-2026-00359,+91-6452794611,AISHE-81621574,https://github.com/student359,https://leetcode.com/student359,https://linkedin.com/in/student359-skit,https://uei-resumes.s3.amazonaws.com/23ESKCS359.pdf,https://api.dicebear.com/7.x/initials/svg?seed=student359
0cd7a5d4-b989-4bec-af27-d0f1e33026e1,f6baee3d-c2ac-4f55-bb4d-bb52ec4def0a,23ESKCS360,REG20260360,Janvi Sharma,A,2024-2028,4,8.44,72.5,997032058329,APAR-2026-00360,+91-9440012324,AISHE-94127561,https://github.com/student360,https://leetcode.com/student360,https://linkedin.com/in/student360-skit,https://uei-resumes.s3.amazonaws.com/23ESKCS360.pdf,https://api.dicebear.com/7.x/initials/svg?seed=student360
3b3fdffb-6af2-46f9-88b1-6e99ab653022,109be36c-c86b-4c63-bb32-2fc223da52db,23ESKCS361,REG20260361,Aarav Soni,E,2023-2027,6,7.46,63.9,995606736616,APAR-2026-00361,+91-9680911523,AISHE-14818295,https://github.com/student361,https://leetcode.com/student361,https://linkedin.com/in/student361-skit,https://uei-resumes.s3.amazonaws.com/23ESKCS361.pdf,https://api.dicebear.com/7.x/initials/svg?seed=student361
c7a8bfb1-88e2-49cf-ad80-6794c2eea035,29eb9dd2-ed4a-47cf-b4d7-01cf271607b3,23ESKCS362,REG20260362,Aniket Khandelwal,D,2026-2030,1,6.01,88.4,993035761604,APAR-2026-00362,+91-6352082631,AISHE-94712997,https://github.com/student362,https://leetcode.com/student362,https://linkedin.com/in/student362-skit,https://uei-resumes.s3.amazonaws.com/23ESKCS362.pdf,https://api.dicebear.com/7.x/initials/svg?seed=student362
96d09d25-1c92-457e-9c46-159b94f29993,2a84ca88-f3ed-4c2b-ba81-c7a31f9432ce,23ESKCS363,REG20260363,Sachin Khandelwal,B,2025-2029,2,6.23,56.6,995077921582,APAR-2026-00363,+91-8344261532,AISHE-22130508,https://github.com/student363,https://leetcode.com/student363,https://linkedin.com/in/student363-skit,https://uei-resumes.s3.amazonaws.com/23ESKCS363.pdf,https://api.dicebear.com/7.x/initials/svg?seed=student363
88219d4a-a97b-4b75-9e38-4c94f25cd48b,05776afb-8ea4-4f82-90fc-c56b467843b0,23ESKCS364,REG20260364,Shreya Mehta,E,2023-2027,6,6.73,95.7,992476831594,APAR-2026-00364,+91-9205702499,AISHE-95060193,https://github.com/student364,https://leetcode.com/student364,https://linkedin.com/in/student364-skit,https://uei-resumes.s3.amazonaws.com/23ESKCS364.pdf,https://api.dicebear.com/7.x/initials/svg?seed=student364
4c6a4e54-667f-484b-a22d-b627e1343b1c,3706c510-e8d8-4ccf-9e88-1a56f6a652fd,23ESKCS365,REG20260365,Bhavya Dhankar,B,2025-2029,2,7.66,85.0,994660390751,APAR-2026-00365,+91-6576396216,AISHE-32329103,https://github.com/student365,https://leetcode.com/student365,https://linkedin.com/in/student365-skit,https://uei-resumes.s3.amazonaws.com/23ESKCS365.pdf,https://api.dicebear.com/7.x/initials/svg?seed=student365
891cecd9-d673-4fe3-a79d-cafcf3664cb1,1a52a431-796e-4aa7-8e70-4b3f5cd44627,23ESKCS366,REG20260366,Pranav Soni,E,2023-2027,6,7.29,82.5,991421776133,APAR-2026-00366,+91-8131081879,AISHE-16172803,https://github.com/student366,https://leetcode.com/student366,https://linkedin.com/in/student366-skit,https://uei-resumes.s3.amazonaws.com/23ESKCS366.pdf,https://api.dicebear.com/7.x/initials/svg?seed=student366
b3239f25-5c50-49dc-b7c0-fd98ab5456bf,c06d1ca7-07d8-4c92-8982-1005029fd88a,23ESKCS367,REG20260367,Arjun Srivastava,B,2023-2027,6,7.3,82.6,996126037329,APAR-2026-00367,+91-8954852540,AISHE-17532195,https://github.com/student367,https://leetcode.com/student367,https://linkedin.com/in/student367-skit,https://uei-resumes.s3.amazonaws.com/23ESKCS367.pdf,https://api.dicebear.com/7.x/initials/svg?seed=student367
f2953372-100a-4fc5-9f90-f6d0ea7baafb,c9d8acfb-c5a4-4751-96c2-47d6c81c0308,23ESKCS368,REG20260368,Vaibhav Singh,B,2025-2029,2,8.47,52.5,991724301205,APAR-2026-00368,+91-8484897084,AISHE-60310319,https://github.com/student368,https://leetcode.com/student368,https://linkedin.com/in/student368-skit,https://uei-resumes.s3.amazonaws.com/23ESKCS368.pdf,https://api.dicebear.com/7.x/initials/svg?seed=student368
2afc55a1-b797-47a7-8760-f16f2be416b2,228f43c3-4b03-4d75-becc-e6bd5e20a70b,23ESKCS369,REG20260369,Karan Meena,B,2025-2029,2,8.36,70.0,996606958669,APAR-2026-00369,+91-9256304376,AISHE-42775624,https://github.com/student369,https://leetcode.com/student369,https://linkedin.com/in/student369-skit,https://uei-resumes.s3.amazonaws.com/23ESKCS369.pdf,https://api.dicebear.com/7.x/initials/svg?seed=student369
08e26bb3-bc5f-4891-91a5-2d9256fe731a,eb14c82d-2122-4160-82d2-dec56d5b1145,23ESKCS370,REG20260370,Karan Deshmukh,E,2024-2028,4,7.19,98.0,999918338010,APAR-2026-00370,+91-9707660630,AISHE-34166826,https://github.com/student370,https://leetcode.com/student370,https://linkedin.com/in/student370-skit,https://uei-resumes.s3.amazonaws.com/23ESKCS370.pdf,https://api.dicebear.com/7.x/initials/svg?seed=student370
7c75b225-ecc7-4ec6-9fb5-7cee1f85a4dd,82cb21f6-af79-4a7f-89db-47e817e29622,23ESKCS371,REG20260371,Aditi Singh,E,2026-2030,1,7.5,70.9,999747372242,APAR-2026-00371,+91-7287979290,AISHE-20598952,https://github.com/student371,https://leetcode.com/student371,https://linkedin.com/in/student371-skit,https://uei-resumes.s3.amazonaws.com/23ESKCS371.pdf,https://api.dicebear.com/7.x/initials/svg?seed=student371
b338f939-8a03-4bd6-8c8c-27ea38e89352,8805042f-c2ac-4e68-b76a-42668178a5e5,23ESKCS372,REG20260372,Tanmay Deshmukh,C,2026-2030,1,7.74,97.2,992249831883,APAR-2026-00372,+91-9765408938,AISHE-42323627,https://github.com/student372,https://leetcode.com/student372,https://linkedin.com/in/student372-skit,https://uei-resumes.s3.amazonaws.com/23ESKCS372.pdf,https://api.dicebear.com/7.x/initials/svg?seed=student372
afe421ff-0f62-4795-a9f6-59b87902f084,ef800f40-7e89-4368-a8c3-4e52f0c83163,23ESKCS373,REG20260373,Riya Agarwal,B,2024-2028,4,7.43,72.5,991683855090,APAR-2026-00373,+91-9726160204,AISHE-29208935,https://github.com/student373,https://leetcode.com/student373,https://linkedin.com/in/student373-skit,https://uei-resumes.s3.amazonaws.com/23ESKCS373.pdf,https://api.dicebear.com/7.x/initials/svg?seed=student373
0965f80f-e71d-4c0c-82cb-37541a8fa081,1bb4ce69-6c57-4f04-a981-5b6d8005b713,23ESKCS374,REG20260374,Ayush Yadav,D,2025-2029,2,9.37,83.2,991995358292,APAR-2026-00374,+91-7595155950,AISHE-95618110,https://github.com/student374,https://leetcode.com/student374,https://linkedin.com/in/student374-skit,https://uei-resumes.s3.amazonaws.com/23ESKCS374.pdf,https://api.dicebear.com/7.x/initials/svg?seed=student374
f350ea56-aef4-46f6-94ab-ce5a6df2bcaa,13bd9136-1966-4084-b59c-2402e3306c70,23ESKCS375,REG20260375,Rohan Meena,D,2026-2030,1,9.56,67.3,998080359890,APAR-2026-00375,+91-8593460064,AISHE-44269370,https://github.com/student375,https://leetcode.com/student375,https://linkedin.com/in/student375-skit,https://uei-resumes.s3.amazonaws.com/23ESKCS375.pdf,https://api.dicebear.com/7.x/initials/svg?seed=student375
f4b491b5-7367-42de-957d-29c4f7698afc,5c9a579d-02a0-4556-9602-1aca40593d73,23ESKCS376,REG20260376,Yash Joshi,E,2024-2028,4,6.56,86.0,999924243987,APAR-2026-00376,+91-6963968184,AISHE-72445234,https://github.com/student376,https://leetcode.com/student376,https://linkedin.com/in/student376-skit,https://uei-resumes.s3.amazonaws.com/23ESKCS376.pdf,https://api.dicebear.com/7.x/initials/svg?seed=student376
41e1c0f7-00cd-434f-b6b7-c3dfda299dec,ec81fdde-0f80-4672-b1d4-8c4e8e51f4d5,23ESKCS377,REG20260377,Nikhil Meena,C,2026-2030,1,8.06,56.3,999618271434,APAR-2026-00377,+91-8827579147,AISHE-83363160,https://github.com/student377,https://leetcode.com/student377,https://linkedin.com/in/student377-skit,https://uei-resumes.s3.amazonaws.com/23ESKCS377.pdf,https://api.dicebear.com/7.x/initials/svg?seed=student377
ffc9265c-ba26-4313-a79d-14992924e0dc,2031e8f6-7df5-479c-bad8-0d01de22c0c4,23ESKCS378,REG20260378,Karan Gupta,B,2024-2028,4,8.3,91.0,994508795338,APAR-2026-00378,+91-7179308612,AISHE-69287967,https://github.com/student378,https://leetcode.com/student378,https://linkedin.com/in/student378-skit,https://uei-resumes.s3.amazonaws.com/23ESKCS378.pdf,https://api.dicebear.com/7.x/initials/svg?seed=student378
b987ea7d-3d78-4edc-b927-48e1f021182d,a868f96b-5664-4c98-aa2a-14981ec44438,23ESKCS379,REG20260379,Ansh Patel,D,2026-2030,1,7.57,84.8,998874242722,APAR-2026-00379,+91-8730900313,AISHE-50151803,https://github.com/student379,https://leetcode.com/student379,https://linkedin.com/in/student379-skit,https://uei-resumes.s3.amazonaws.com/23ESKCS379.pdf,https://api.dicebear.com/7.x/initials/svg?seed=student379
cc90fb96-7463-4d10-bc28-6b09b8723b95,254ee9ec-a947-4f8b-a275-be5cea11de25,23ESKCS380,REG20260380,Bhavya Deshmukh,E,2023-2027,6,7.92,74.6,996009398033,APAR-2026-00380,+91-9841218491,AISHE-43567615,https://github.com/student380,https://leetcode.com/student380,https://linkedin.com/in/student380-skit,https://uei-resumes.s3.amazonaws.com/23ESKCS380.pdf,https://api.dicebear.com/7.x/initials/svg?seed=student380
5ce13428-091e-40df-9206-b680c38f7a6f,a5523c77-aae7-4577-b534-fbe71ee53d9e,23ESKCS381,REG20260381,Sanjay Soni,A,2025-2029,2,8.19,76.0,993068750038,APAR-2026-00381,+91-9424400672,AISHE-36738452,https://github.com/student381,https://leetcode.com/student381,https://linkedin.com/in/student381-skit,https://uei-resumes.s3.amazonaws.com/23ESKCS381.pdf,https://api.dicebear.com/7.x/initials/svg?seed=student381
36910642-f09b-4218-b99b-4979269fed62,cb842029-9161-47b1-b22f-d168dc03b9d8,23ESKCS382,REG20260382,Shivam Dhankar,E,2025-2029,2,8.3,93.0,999256438743,APAR-2026-00382,+91-9618840705,AISHE-24314759,https://github.com/student382,https://leetcode.com/student382,https://linkedin.com/in/student382-skit,https://uei-resumes.s3.amazonaws.com/23ESKCS382.pdf,https://api.dicebear.com/7.x/initials/svg?seed=student382
785d959e-1fcb-4e0b-80ac-961a576e2de7,3e819f38-6991-4653-9464-900d58b0e3e9,23ESKCS383,REG20260383,Arjun Chaudhary,A,2024-2028,4,4.8,75.1,998234304769,APAR-2026-00383,+91-7509486794,AISHE-86762164,https://github.com/student383,https://leetcode.com/student383,https://linkedin.com/in/student383-skit,https://uei-resumes.s3.amazonaws.com/23ESKCS383.pdf,https://api.dicebear.com/7.x/initials/svg?seed=student383
c1aa5d90-bb65-4ca3-9dce-d9b2f185bb1a,f491db64-7b1f-44c3-84df-a3c1708f871f,23ESKCS384,REG20260384,Shreya Bansal,E,2023-2027,6,8.87,87.4,997101791429,APAR-2026-00384,+91-8717199615,AISHE-49711319,https://github.com/student384,https://leetcode.com/student384,https://linkedin.com/in/student384-skit,https://uei-resumes.s3.amazonaws.com/23ESKCS384.pdf,https://api.dicebear.com/7.x/initials/svg?seed=student384
b8bab9af-cec0-4a8b-85fc-d98b5443a947,aa15eeca-9e26-4b12-a4d4-f477a4f9b4b8,23ESKCS385,REG20260385,Priya Mehta,C,2023-2027,6,6.58,82.3,994289338894,APAR-2026-00385,+91-8123557463,AISHE-98346110,https://github.com/student385,https://leetcode.com/student385,https://linkedin.com/in/student385-skit,https://uei-resumes.s3.amazonaws.com/23ESKCS385.pdf,https://api.dicebear.com/7.x/initials/svg?seed=student385
6585b4ba-0efa-4103-b2fa-7f62774055bc,4c6f5f3b-4817-459c-a703-7f3e7393946c,23ESKCS386,REG20260386,Sachin Mishra,C,2024-2028,4,9.38,79.1,999620489343,APAR-2026-00386,+91-9394721069,AISHE-11086890,https://github.com/student386,https://leetcode.com/student386,https://linkedin.com/in/student386-skit,https://uei-resumes.s3.amazonaws.com/23ESKCS386.pdf,https://api.dicebear.com/7.x/initials/svg?seed=student386
ad04154a-c106-4cf2-a684-45f47fe77998,96bf2537-2c8f-4f8e-8d74-2b380f1b0c84,23ESKCS387,REG20260387,Gaurav Verma,C,2026-2030,1,6.95,83.4,996384311590,APAR-2026-00387,+91-6751124015,AISHE-76669607,https://github.com/student387,https://leetcode.com/student387,https://linkedin.com/in/student387-skit,https://uei-resumes.s3.amazonaws.com/23ESKCS387.pdf,https://api.dicebear.com/7.x/initials/svg?seed=student387
7e1c7acb-1e20-44c4-ab78-3b91209ab38c,73f9fd0a-3953-4bd1-b22e-60889544141b,23ESKCS388,REG20260388,Karan Srivastava,D,2024-2028,4,5.6,88.5,993072183256,APAR-2026-00388,+91-8932945529,AISHE-40885967,https://github.com/student388,https://leetcode.com/student388,https://linkedin.com/in/student388-skit,https://uei-resumes.s3.amazonaws.com/23ESKCS388.pdf,https://api.dicebear.com/7.x/initials/svg?seed=student388
5c907dfe-123e-4053-824b-ed3ad306b3aa,f6034ec8-eaa5-425b-81bb-41e31b3ac6ec,23ESKCS389,REG20260389,Manish Verma,D,2024-2028,4,8.48,65.7,994211837515,APAR-2026-00389,+91-8335154329,AISHE-95445405,https://github.com/student389,https://leetcode.com/student389,https://linkedin.com/in/student389-skit,https://uei-resumes.s3.amazonaws.com/23ESKCS389.pdf,https://api.dicebear.com/7.x/initials/svg?seed=student389
cf19dc5f-51b9-42eb-af79-69c2aa5ee4aa,5865200f-154d-4007-8923-849bfd712814,23ESKCS390,REG20260390,Nikhil Kumar,E,2023-2027,6,9.05,98.0,995919148174,APAR-2026-00390,+91-7766676815,AISHE-43638559,https://github.com/student390,https://leetcode.com/student390,https://linkedin.com/in/student390-skit,https://uei-resumes.s3.amazonaws.com/23ESKCS390.pdf,https://api.dicebear.com/7.x/initials/svg?seed=student390
286568cd-4515-4b98-992b-00e46c8c836c,7ede00d3-4ef3-47ee-b9be-4a2fe32dae0d,23ESKCS391,REG20260391,Harsh Meena,A,2023-2027,6,6.96,53.4,997418263323,APAR-2026-00391,+91-7774576271,AISHE-23041121,https://github.com/student391,https://leetcode.com/student391,https://linkedin.com/in/student391-skit,https://uei-resumes.s3.amazonaws.com/23ESKCS391.pdf,https://api.dicebear.com/7.x/initials/svg?seed=student391
74a9e869-de7e-4294-a9db-43bf84ddaf50,d9067375-cf8f-45e9-bf1f-0e060927df36,23ESKCS392,REG20260392,Divya Bansal,E,2024-2028,4,6.05,67.6,992545071550,APAR-2026-00392,+91-6431714152,AISHE-69166287,https://github.com/student392,https://leetcode.com/student392,https://linkedin.com/in/student392-skit,https://uei-resumes.s3.amazonaws.com/23ESKCS392.pdf,https://api.dicebear.com/7.x/initials/svg?seed=student392
9e293433-408a-418e-8ff2-806f73d0e249,d4c0d371-dae3-4a7f-b221-4fa56f7603b0,23ESKCS393,REG20260393,Nikhil Meena,D,2026-2030,1,6.16,71.7,999977193996,APAR-2026-00393,+91-6722312633,AISHE-58970845,https://github.com/student393,https://leetcode.com/student393,https://linkedin.com/in/student393-skit,https://uei-resumes.s3.amazonaws.com/23ESKCS393.pdf,https://api.dicebear.com/7.x/initials/svg?seed=student393
0d2ffbc3-8e68-4da1-9dc2-c2fbcdc30044,fc9bf206-8e80-4b6d-b44d-04e4b3297ddf,23ESKCS394,REG20260394,Manish Meena,C,2024-2028,4,6.78,74.0,999288057833,APAR-2026-00394,+91-7196779973,AISHE-49609054,https://github.com/student394,https://leetcode.com/student394,https://linkedin.com/in/student394-skit,https://uei-resumes.s3.amazonaws.com/23ESKCS394.pdf,https://api.dicebear.com/7.x/initials/svg?seed=student394
eb76e531-fa90-469e-807c-bc232e0a73a0,60f78e14-99e5-420b-a424-d17c8c87bf37,23ESKCS395,REG20260395,Anjali Sharma,A,2025-2029,2,7.08,83.1,998626138811,APAR-2026-00395,+91-8902601465,AISHE-65767881,https://github.com/student395,https://leetcode.com/student395,https://linkedin.com/in/student395-skit,https://uei-resumes.s3.amazonaws.com/23ESKCS395.pdf,https://api.dicebear.com/7.x/initials/svg?seed=student395
4e4c8b4b-d8d8-4340-a928-ed77716572f8,f6c2ab49-05da-498b-b510-0b0a68fc398a,23ESKCS396,REG20260396,Priya Chaudhary,C,2023-2027,6,5.83,91.5,994011528440,APAR-2026-00396,+91-7315601773,AISHE-27738187,https://github.com/student396,https://leetcode.com/student396,https://linkedin.com/in/student396-skit,https://uei-resumes.s3.amazonaws.com/23ESKCS396.pdf,https://api.dicebear.com/7.x/initials/svg?seed=student396
09ab8c69-e158-497e-b0f1-18edb7e33844,92e9895f-70ca-4fe3-9002-4f73864b6958,23ESKCS397,REG20260397,Sachin Agarwal,C,2024-2028,4,7.12,89.3,992468848254,APAR-2026-00397,+91-8669998399,AISHE-77349752,https://github.com/student397,https://leetcode.com/student397,https://linkedin.com/in/student397-skit,https://uei-resumes.s3.amazonaws.com/23ESKCS397.pdf,https://api.dicebear.com/7.x/initials/svg?seed=student397
4631783f-6689-4100-8df2-5ebc7dea0217,1dbc27ea-087b-4fb1-9e44-799dba65fa51,23ESKCS398,REG20260398,Gaurav Singh,C,2024-2028,4,9.12,73.1,994908108701,APAR-2026-00398,+91-8991713190,AISHE-32084778,https://github.com/student398,https://leetcode.com/student398,https://linkedin.com/in/student398-skit,https://uei-resumes.s3.amazonaws.com/23ESKCS398.pdf,https://api.dicebear.com/7.x/initials/svg?seed=student398
f019617f-cd5c-4e91-bca2-900a999cc88d,b92e609b-9313-4015-9f53-14d9409c206d,23ESKCS399,REG20260399,Janvi Gupta,B,2024-2028,4,8.56,60.5,992529125939,APAR-2026-00399,+91-8985503942,AISHE-74672520,https://github.com/student399,https://leetcode.com/student399,https://linkedin.com/in/student399-skit,https://uei-resumes.s3.amazonaws.com/23ESKCS399.pdf,https://api.dicebear.com/7.x/initials/svg?seed=student399
4981a16c-f0a6-4d1f-af86-19b8271119fb,191efd15-ba18-4889-81c1-2023f0dc7049,23ESKCS400,REG20260400,Rahul Singhal,A,2023-2027,6,8.07,69.9,996649672606,APAR-2026-00400,+91-8901611993,AISHE-55461591,https://github.com/student400,https://leetcode.com/student400,https://linkedin.com/in/student400-skit,https://uei-resumes.s3.amazonaws.com/23ESKCS400.pdf,https://api.dicebear.com/7.x/initials/svg?seed=student400
428ad8d8-9eb4-4e7a-9169-46af2d2a89a1,94bc2653-6bb0-4ddd-975a-57c9293c3772,23ESKCS401,REG20260401,Karan Patel,B,2025-2029,2,5.8,89.5,991550812193,APAR-2026-00401,+91-6602866993,AISHE-20106509,https://github.com/student401,https://leetcode.com/student401,https://linkedin.com/in/student401-skit,https://uei-resumes.s3.amazonaws.com/23ESKCS401.pdf,https://api.dicebear.com/7.x/initials/svg?seed=student401
1f2799e2-b7a3-43e0-96af-278ded92706b,6a41de36-1a03-4f25-bc8a-bece8d3690ad,23ESKCS402,REG20260402,Aditya Rathore,C,2026-2030,1,8.73,63.9,997520641426,APAR-2026-00402,+91-7909763993,AISHE-40281491,https://github.com/student402,https://leetcode.com/student402,https://linkedin.com/in/student402-skit,https://uei-resumes.s3.amazonaws.com/23ESKCS402.pdf,https://api.dicebear.com/7.x/initials/svg?seed=student402
7b8cc207-4ff5-463d-8845-5150e15188ed,4c5e3094-ef81-4db5-808f-22f5411db5df,23ESKCS403,REG20260403,Anjali Kumar,C,2025-2029,2,7.76,86.4,996452066851,APAR-2026-00403,+91-9963919401,AISHE-84801233,https://github.com/student403,https://leetcode.com/student403,https://linkedin.com/in/student403-skit,https://uei-resumes.s3.amazonaws.com/23ESKCS403.pdf,https://api.dicebear.com/7.x/initials/svg?seed=student403
28b93a89-7cb4-403e-a8ce-0d9bbd87f691,bef0b6bd-eea1-4647-bcdd-4740949c290c,23ESKCS404,REG20260404,Parth Gupta,D,2025-2029,2,6.6,86.8,992935866304,APAR-2026-00404,+91-8196961971,AISHE-62958901,https://github.com/student404,https://leetcode.com/student404,https://linkedin.com/in/student404-skit,https://uei-resumes.s3.amazonaws.com/23ESKCS404.pdf,https://api.dicebear.com/7.x/initials/svg?seed=student404
b9fcac30-d6a3-4ac4-95a0-b316aff02fca,83defe7e-90e1-4b24-8e5a-a9beebd6a451,23ESKCS405,REG20260405,Anjali Yadav,C,2024-2028,4,5.18,71.1,991842085123,APAR-2026-00405,+91-6383960237,AISHE-82017516,https://github.com/student405,https://leetcode.com/student405,https://linkedin.com/in/student405-skit,https://uei-resumes.s3.amazonaws.com/23ESKCS405.pdf,https://api.dicebear.com/7.x/initials/svg?seed=student405
6f2b827b-863f-491b-9acc-19c18d37bd84,1ef1f692-9339-47ba-9037-2b3b3d039b79,23ESKCS406,REG20260406,Nisha Patel,B,2025-2029,2,7.62,69.4,993438830700,APAR-2026-00406,+91-6588322781,AISHE-59470729,https://github.com/student406,https://leetcode.com/student406,https://linkedin.com/in/student406-skit,https://uei-resumes.s3.amazonaws.com/23ESKCS406.pdf,https://api.dicebear.com/7.x/initials/svg?seed=student406
6199ebe3-3b36-44b0-9c6c-c47dfc918741,fd754da9-65c9-44cd-aaad-8b860c87b896,23ESKCS407,REG20260407,Janvi Patel,A,2026-2030,1,7.37,70.0,998773959048,APAR-2026-00407,+91-8727666622,AISHE-61140376,https://github.com/student407,https://leetcode.com/student407,https://linkedin.com/in/student407-skit,https://uei-resumes.s3.amazonaws.com/23ESKCS407.pdf,https://api.dicebear.com/7.x/initials/svg?seed=student407
060c54fb-3acf-4454-819a-df7b0a864180,395bdb9d-6ba3-4531-9c56-b5b3e3305d1a,23ESKCS408,REG20260408,Utkarsh Singhal,B,2024-2028,4,8.37,77.3,997487309862,APAR-2026-00408,+91-8216335741,AISHE-41383044,https://github.com/student408,https://leetcode.com/student408,https://linkedin.com/in/student408-skit,https://uei-resumes.s3.amazonaws.com/23ESKCS408.pdf,https://api.dicebear.com/7.x/initials/svg?seed=student408
221669e9-e71e-4825-af5b-d1b515e49a44,832cb1e4-bfe8-41c1-a459-be68e684d911,23ESKCS409,REG20260409,Siddharth Khandelwal,D,2024-2028,4,8.56,66.9,999283130762,APAR-2026-00409,+91-9126870011,AISHE-93154172,https://github.com/student409,https://leetcode.com/student409,https://linkedin.com/in/student409-skit,https://uei-resumes.s3.amazonaws.com/23ESKCS409.pdf,https://api.dicebear.com/7.x/initials/svg?seed=student409
597ff28d-ef88-446d-b634-40115022cddb,ae5cdf03-ed6a-402d-b631-c1dd4a898c30,23ESKCS410,REG20260410,Aniket Dhankar,C,2024-2028,4,6.72,93.2,998346255888,APAR-2026-00410,+91-8755070775,AISHE-39711402,https://github.com/student410,https://leetcode.com/student410,https://linkedin.com/in/student410-skit,https://uei-resumes.s3.amazonaws.com/23ESKCS410.pdf,https://api.dicebear.com/7.x/initials/svg?seed=student410
8108ad82-fc9d-4eaf-a493-ad6aa34730ef,992fc046-0b15-464f-a9cb-4adb6fcb02e5,23ESKCS411,REG20260411,Zoya Meena,E,2026-2030,1,6.74,82.1,991099218448,APAR-2026-00411,+91-6782259766,AISHE-72312933,https://github.com/student411,https://leetcode.com/student411,https://linkedin.com/in/student411-skit,https://uei-resumes.s3.amazonaws.com/23ESKCS411.pdf,https://api.dicebear.com/7.x/initials/svg?seed=student411
3d9eab84-39bd-4398-924e-d4bde31ceafa,2bcf94c0-f41d-4457-b871-e32223dadf1d,23ESKCS412,REG20260412,Vaibhav Yadav,A,2024-2028,4,7.68,82.9,999068916309,APAR-2026-00412,+91-8797115550,AISHE-64800542,https://github.com/student412,https://leetcode.com/student412,https://linkedin.com/in/student412-skit,https://uei-resumes.s3.amazonaws.com/23ESKCS412.pdf,https://api.dicebear.com/7.x/initials/svg?seed=student412
4190d31a-0ed0-4f22-8498-cf43b734c782,c5d01016-fce6-4ac0-873c-c4afddcccf65,23ESKCS413,REG20260413,Yashvi Bhardwaj,A,2025-2029,2,7.03,75.4,996969344013,APAR-2026-00413,+91-6250084428,AISHE-16086345,https://github.com/student413,https://leetcode.com/student413,https://linkedin.com/in/student413-skit,https://uei-resumes.s3.amazonaws.com/23ESKCS413.pdf,https://api.dicebear.com/7.x/initials/svg?seed=student413
43a6e46f-f294-4f23-89b9-dd31fb580802,1d3c54cf-acda-4503-afdb-27f14e62bb3c,23ESKCS414,REG20260414,Arjun Deshmukh,E,2024-2028,4,9.14,81.4,997340036336,APAR-2026-00414,+91-6426808977,AISHE-76118957,https://github.com/student414,https://leetcode.com/student414,https://linkedin.com/in/student414-skit,https://uei-resumes.s3.amazonaws.com/23ESKCS414.pdf,https://api.dicebear.com/7.x/initials/svg?seed=student414
ed2feb61-97ae-4b20-b7be-e01ed50f1ba8,ede8d019-bd64-4c91-b137-1f81c3ff6d30,23ESKCS415,REG20260415,Pooja Deshmukh,E,2024-2028,4,6.28,71.9,997587552701,APAR-2026-00415,+91-6204359116,AISHE-41514326,https://github.com/student415,https://leetcode.com/student415,https://linkedin.com/in/student415-skit,https://uei-resumes.s3.amazonaws.com/23ESKCS415.pdf,https://api.dicebear.com/7.x/initials/svg?seed=student415
eceb6c9e-a83a-48ef-b4bd-54249990d7ad,6a00deb8-3aab-4ee8-b2a8-60fc90e48a38,23ESKCS416,REG20260416,Aniket Pandey,C,2025-2029,2,6.81,81.9,991045336913,APAR-2026-00416,+91-7517305280,AISHE-70887034,https://github.com/student416,https://leetcode.com/student416,https://linkedin.com/in/student416-skit,https://uei-resumes.s3.amazonaws.com/23ESKCS416.pdf,https://api.dicebear.com/7.x/initials/svg?seed=student416
47f0954e-0841-4647-a4b4-a4d0147ce704,014e37ad-69d8-449e-9f57-08dcae1ea3e2,23ESKCS417,REG20260417,Kashish Patel,E,2023-2027,6,6.87,66.7,998539697852,APAR-2026-00417,+91-8819929088,AISHE-82503409,https://github.com/student417,https://leetcode.com/student417,https://linkedin.com/in/student417-skit,https://uei-resumes.s3.amazonaws.com/23ESKCS417.pdf,https://api.dicebear.com/7.x/initials/svg?seed=student417
9c79d479-580b-46c7-83d4-663448d73a61,124c46b0-131c-4f5a-b074-cb1995626b4f,23ESKCS418,REG20260418,Aarav Sharma,C,2024-2028,4,6.09,85.9,992695447277,APAR-2026-00418,+91-9730651895,AISHE-30739712,https://github.com/student418,https://leetcode.com/student418,https://linkedin.com/in/student418-skit,https://uei-resumes.s3.amazonaws.com/23ESKCS418.pdf,https://api.dicebear.com/7.x/initials/svg?seed=student418
7cdbec41-40fc-45b1-baa0-866168310536,930a5df7-e29f-4add-9c53-aae12fe001f1,23ESKCS419,REG20260419,Mohit Jain,C,2023-2027,6,6.62,82.3,998235474958,APAR-2026-00419,+91-9803217037,AISHE-23290458,https://github.com/student419,https://leetcode.com/student419,https://linkedin.com/in/student419-skit,https://uei-resumes.s3.amazonaws.com/23ESKCS419.pdf,https://api.dicebear.com/7.x/initials/svg?seed=student419
d00062e1-e7e7-46ba-b3a5-f49d715c3572,503b9c5f-b5eb-493e-818f-731c4f51a2b9,23ESKCS420,REG20260420,Nisha Gupta,A,2024-2028,4,7.78,82.5,997239587775,APAR-2026-00420,+91-9761051532,AISHE-64776386,https://github.com/student420,https://leetcode.com/student420,https://linkedin.com/in/student420-skit,https://uei-resumes.s3.amazonaws.com/23ESKCS420.pdf,https://api.dicebear.com/7.x/initials/svg?seed=student420
695b2bea-7c3e-49c5-8fb2-aa5b5c80247b,8f7898f3-80fa-4ac2-8f81-022851fcf1f5,23ESKCS421,REG20260421,Ayush Bansal,E,2023-2027,6,7.62,83.2,992156184324,APAR-2026-00421,+91-8135128844,AISHE-59731689,https://github.com/student421,https://leetcode.com/student421,https://linkedin.com/in/student421-skit,https://uei-resumes.s3.amazonaws.com/23ESKCS421.pdf,https://api.dicebear.com/7.x/initials/svg?seed=student421
7e56aac0-31c2-4f6d-98f5-df7a51a7ad31,d01f561e-d6dd-4d73-adf1-9b6be88dfc79,23ESKCS422,REG20260422,Ayush Agarwal,D,2024-2028,4,6.83,86.5,998728631954,APAR-2026-00422,+91-7576078963,AISHE-69686067,https://github.com/student422,https://leetcode.com/student422,https://linkedin.com/in/student422-skit,https://uei-resumes.s3.amazonaws.com/23ESKCS422.pdf,https://api.dicebear.com/7.x/initials/svg?seed=student422
b40e55ae-7bb5-450d-aaa5-155e291d0046,ff6b6109-07e6-44e7-a8fb-e1c47b90f15e,23ESKCS423,REG20260423,Kunal Bhardwaj,B,2023-2027,6,7.28,89.4,997627958978,APAR-2026-00423,+91-7489431174,AISHE-23335151,https://github.com/student423,https://leetcode.com/student423,https://linkedin.com/in/student423-skit,https://uei-resumes.s3.amazonaws.com/23ESKCS423.pdf,https://api.dicebear.com/7.x/initials/svg?seed=student423
c2343790-a522-4aa3-bd65-e16ef8cc7f5f,7f484442-8a0c-4b5a-aed5-f45037cc857f,23ESKCS424,REG20260424,Mohit Agarwal,A,2024-2028,4,4.96,98.0,995271497074,APAR-2026-00424,+91-8684615760,AISHE-96547189,https://github.com/student424,https://leetcode.com/student424,https://linkedin.com/in/student424-skit,https://uei-resumes.s3.amazonaws.com/23ESKCS424.pdf,https://api.dicebear.com/7.x/initials/svg?seed=student424
be5c5254-c344-47af-9476-90e52b9968ac,a2f44c6c-460e-4e46-accc-9a91f3f69432,23ESKCS425,REG20260425,Gaurav Patel,D,2025-2029,2,8.05,76.0,994127754465,APAR-2026-00425,+91-8165015165,AISHE-63437398,https://github.com/student425,https://leetcode.com/student425,https://linkedin.com/in/student425-skit,https://uei-resumes.s3.amazonaws.com/23ESKCS425.pdf,https://api.dicebear.com/7.x/initials/svg?seed=student425
823d85ef-1672-4f4f-8b06-059d1129579a,afb2d49d-f0e3-476d-b5b3-7bf244515f9c,23ESKCS426,REG20260426,Priya Soni,C,2024-2028,4,7.15,81.3,993863432311,APAR-2026-00426,+91-8303805386,AISHE-26395999,https://github.com/student426,https://leetcode.com/student426,https://linkedin.com/in/student426-skit,https://uei-resumes.s3.amazonaws.com/23ESKCS426.pdf,https://api.dicebear.com/7.x/initials/svg?seed=student426
96958bf5-8838-42cd-9d27-5ff54cef8c52,0f771aba-9165-4705-a840-d4158956d3a2,23ESKCS427,REG20260427,Aarav Dhankar,C,2023-2027,6,6.69,83.5,995161114361,APAR-2026-00427,+91-9198433586,AISHE-98955314,https://github.com/student427,https://leetcode.com/student427,https://linkedin.com/in/student427-skit,https://uei-resumes.s3.amazonaws.com/23ESKCS427.pdf,https://api.dicebear.com/7.x/initials/svg?seed=student427
717519f0-ce96-410a-823f-161441386981,7823d8e0-1206-43ba-a286-dad1c63104ad,23ESKCS428,REG20260428,Ayush Meena,A,2024-2028,4,7.69,82.5,997952026748,APAR-2026-00428,+91-7789024924,AISHE-95831286,https://github.com/student428,https://leetcode.com/student428,https://linkedin.com/in/student428-skit,https://uei-resumes.s3.amazonaws.com/23ESKCS428.pdf,https://api.dicebear.com/7.x/initials/svg?seed=student428
afcf1d14-9c64-4672-9bee-623065cbb370,ce055b50-248d-4b1c-b47a-3aadc9988bc6,23ESKCS429,REG20260429,Akash Meena,B,2023-2027,6,8.01,84.2,998544958429,APAR-2026-00429,+91-6154308262,AISHE-54762841,https://github.com/student429,https://leetcode.com/student429,https://linkedin.com/in/student429-skit,https://uei-resumes.s3.amazonaws.com/23ESKCS429.pdf,https://api.dicebear.com/7.x/initials/svg?seed=student429
c84b27f5-2627-47bc-ad67-c0b07b6ee16d,31185615-2429-4c58-bbd9-1d7e835ad826,23ESKCS430,REG20260430,Vaibhav Mehta,C,2024-2028,4,7.4,81.6,998329902787,APAR-2026-00430,+91-7235209737,AISHE-85776373,https://github.com/student430,https://leetcode.com/student430,https://linkedin.com/in/student430-skit,https://uei-resumes.s3.amazonaws.com/23ESKCS430.pdf,https://api.dicebear.com/7.x/initials/svg?seed=student430
81af15f3-e8b5-4ec3-94e1-6e1245259a89,feb21461-22d4-4ad3-a635-926887e6eafd,23ESKCS431,REG20260431,Sanjay Dhankar,E,2025-2029,2,6.8,89.6,991688669725,APAR-2026-00431,+91-7173669588,AISHE-84384510,https://github.com/student431,https://leetcode.com/student431,https://linkedin.com/in/student431-skit,https://uei-resumes.s3.amazonaws.com/23ESKCS431.pdf,https://api.dicebear.com/7.x/initials/svg?seed=student431
3e46d505-2fd9-47ff-b13c-80a943f9d246,0cdfb12a-1b47-441c-a1a0-2bc9b38fd70b,23ESKCS432,REG20260432,Sachin Meena,D,2023-2027,6,7.63,65.6,994151036021,APAR-2026-00432,+91-7729624046,AISHE-38984499,https://github.com/student432,https://leetcode.com/student432,https://linkedin.com/in/student432-skit,https://uei-resumes.s3.amazonaws.com/23ESKCS432.pdf,https://api.dicebear.com/7.x/initials/svg?seed=student432
04444cb8-6261-4f67-b3ef-a349e7e1ef86,a3b86269-8b8f-4d65-b4b7-1578babb01c0,23ESKCS433,REG20260433,Khushi Yadav,A,2026-2030,1,8.07,94.0,996510997472,APAR-2026-00433,+91-7452788129,AISHE-29804386,https://github.com/student433,https://leetcode.com/student433,https://linkedin.com/in/student433-skit,https://uei-resumes.s3.amazonaws.com/23ESKCS433.pdf,https://api.dicebear.com/7.x/initials/svg?seed=student433
7b7d7936-b75a-4cbe-9593-943778684fb4,13e94aab-0aec-403f-a993-86b48d01b021,23ESKCS434,REG20260434,Tanya Bhardwaj,A,2024-2028,4,7.53,81.0,995754765764,APAR-2026-00434,+91-6397721596,AISHE-29419691,https://github.com/student434,https://leetcode.com/student434,https://linkedin.com/in/student434-skit,https://uei-resumes.s3.amazonaws.com/23ESKCS434.pdf,https://api.dicebear.com/7.x/initials/svg?seed=student434
165ecc8a-4ba5-4e3e-b055-05016d7328f0,6e6d668e-dca3-4c0f-ab3e-c5eb0fd4caa2,23ESKCS435,REG20260435,Mohit Srivastava,D,2025-2029,2,8.21,80.9,994083121655,APAR-2026-00435,+91-7680051935,AISHE-43642236,https://github.com/student435,https://leetcode.com/student435,https://linkedin.com/in/student435-skit,https://uei-resumes.s3.amazonaws.com/23ESKCS435.pdf,https://api.dicebear.com/7.x/initials/svg?seed=student435
5a1ff57d-2c6f-414a-b722-c75ae5809c57,b4be6efe-627f-484f-9976-84b2f7e044a3,23ESKCS436,REG20260436,Aniket Pandey,A,2025-2029,2,4.75,69.2,994042699955,APAR-2026-00436,+91-7218032515,AISHE-98725654,https://github.com/student436,https://leetcode.com/student436,https://linkedin.com/in/student436-skit,https://uei-resumes.s3.amazonaws.com/23ESKCS436.pdf,https://api.dicebear.com/7.x/initials/svg?seed=student436
9ae3f69a-3ffc-4e8f-bee1-79a1633f7fbf,b2aaad25-3cf7-4624-a3ea-b33e0ec2950a,23ESKCS437,REG20260437,Katyayini Bhardwaj,B,2023-2027,6,8.1,83.2,992654984437,APAR-2026-00437,+91-6241522640,AISHE-11994519,https://github.com/student437,https://leetcode.com/student437,https://linkedin.com/in/student437-skit,https://uei-resumes.s3.amazonaws.com/23ESKCS437.pdf,https://api.dicebear.com/7.x/initials/svg?seed=student437
c5149802-6951-4f24-b992-76cf15931c2c,44e73ace-1603-403b-8a1c-c79a43bc69a1,23ESKCS438,REG20260438,Dev Sharma,E,2026-2030,1,7.35,59.7,997771289374,APAR-2026-00438,+91-8948239575,AISHE-41934639,https://github.com/student438,https://leetcode.com/student438,https://linkedin.com/in/student438-skit,https://uei-resumes.s3.amazonaws.com/23ESKCS438.pdf,https://api.dicebear.com/7.x/initials/svg?seed=student438
4f761a64-3631-4af4-a20d-f87e0df2b162,053596e3-4454-4fb6-a682-5febf089a169,23ESKCS439,REG20260439,Dev Sharma,D,2025-2029,2,6.59,67.1,997871585749,APAR-2026-00439,+91-8116944811,AISHE-33386929,https://github.com/student439,https://leetcode.com/student439,https://linkedin.com/in/student439-skit,https://uei-resumes.s3.amazonaws.com/23ESKCS439.pdf,https://api.dicebear.com/7.x/initials/svg?seed=student439
44a7dc56-b8e6-4972-8bf9-499074aa5ab6,3130636d-cdc5-4ac9-b39a-b33f0aab80c1,23ESKCS440,REG20260440,Mehak Mishra,D,2025-2029,2,6.2,69.6,996213781646,APAR-2026-00440,+91-8156263020,AISHE-27013243,https://github.com/student440,https://leetcode.com/student440,https://linkedin.com/in/student440-skit,https://uei-resumes.s3.amazonaws.com/23ESKCS440.pdf,https://api.dicebear.com/7.x/initials/svg?seed=student440
deb6a728-497e-4877-a2b7-ded660d752c7,aa67c6f3-d151-4aa9-b04f-538302688637,23ESKCS441,REG20260441,Pooja Pandey,D,2023-2027,6,6.89,47.5,993558781882,APAR-2026-00441,+91-9664880035,AISHE-25253751,https://github.com/student441,https://leetcode.com/student441,https://linkedin.com/in/student441-skit,https://uei-resumes.s3.amazonaws.com/23ESKCS441.pdf,https://api.dicebear.com/7.x/initials/svg?seed=student441
3b50e299-3d7d-4930-b4cf-92592a695386,e1b7c38c-3541-4faf-b353-da2008537e4e,23ESKCS442,REG20260442,Harsh Gupta,C,2023-2027,6,7.79,52.4,998826879793,APAR-2026-00442,+91-6611365210,AISHE-70166480,https://github.com/student442,https://leetcode.com/student442,https://linkedin.com/in/student442-skit,https://uei-resumes.s3.amazonaws.com/23ESKCS442.pdf,https://api.dicebear.com/7.x/initials/svg?seed=student442
f66bf926-f023-47e5-be8f-6af1b1b20a83,467f36a5-7217-4be6-b8fb-a9a5079003ca,23ESKCS443,REG20260443,Anjali Bansal,D,2025-2029,2,7.92,85.7,992073127242,APAR-2026-00443,+91-8651085057,AISHE-89680504,https://github.com/student443,https://leetcode.com/student443,https://linkedin.com/in/student443-skit,https://uei-resumes.s3.amazonaws.com/23ESKCS443.pdf,https://api.dicebear.com/7.x/initials/svg?seed=student443
95438846-c71f-45a5-9cb4-bb54a1942ca0,1c47c4f3-b58a-445c-be43-0709e434a0b1,23ESKCS444,REG20260444,Sanjay Gupta,A,2025-2029,2,7.6,72.0,994898351314,APAR-2026-00444,+91-6585337126,AISHE-77624084,https://github.com/student444,https://leetcode.com/student444,https://linkedin.com/in/student444-skit,https://uei-resumes.s3.amazonaws.com/23ESKCS444.pdf,https://api.dicebear.com/7.x/initials/svg?seed=student444
7b77acd6-1d98-4ea0-bab4-057c8cf1d6c2,9ccc6253-aad0-4ba1-9f47-75c5f1010d90,23ESKCS445,REG20260445,Sanjay Mehta,A,2023-2027,6,8.35,73.8,997160290498,APAR-2026-00445,+91-7760465943,AISHE-15820356,https://github.com/student445,https://leetcode.com/student445,https://linkedin.com/in/student445-skit,https://uei-resumes.s3.amazonaws.com/23ESKCS445.pdf,https://api.dicebear.com/7.x/initials/svg?seed=student445
7009dd67-2d82-4309-871c-9ee5d5471bba,4188b11b-e3a6-4d68-868b-5b2e72c1a862,23ESKCS446,REG20260446,Yash Soni,E,2023-2027,6,6.27,66.9,995527445092,APAR-2026-00446,+91-8591819409,AISHE-96347724,https://github.com/student446,https://leetcode.com/student446,https://linkedin.com/in/student446-skit,https://uei-resumes.s3.amazonaws.com/23ESKCS446.pdf,https://api.dicebear.com/7.x/initials/svg?seed=student446
eb7d525d-e602-43a2-a132-5005c5eee06f,4f816fbb-0d6a-4ff1-85ca-6f106cc7cdad,23ESKCS447,REG20260447,Vaibhav Jain,B,2023-2027,6,5.49,45.0,999465553411,APAR-2026-00447,+91-6165310776,AISHE-74287863,https://github.com/student447,https://leetcode.com/student447,https://linkedin.com/in/student447-skit,https://uei-resumes.s3.amazonaws.com/23ESKCS447.pdf,https://api.dicebear.com/7.x/initials/svg?seed=student447
47bb0d63-3ea6-44f6-bd2f-27e62f89df7e,865295b7-a094-441e-bf48-70ea8acc0f18,23ESKCS448,REG20260448,Nikhil Deshmukh,B,2025-2029,2,8.76,85.6,999801724143,APAR-2026-00448,+91-9557707813,AISHE-24490391,https://github.com/student448,https://leetcode.com/student448,https://linkedin.com/in/student448-skit,https://uei-resumes.s3.amazonaws.com/23ESKCS448.pdf,https://api.dicebear.com/7.x/initials/svg?seed=student448
8814767c-b94f-4d1a-9e55-0c22a2e226e6,bd32fcc8-aea4-41a2-ba81-7e68fb48fea5,23ESKCS449,REG20260449,Zoya Verma,B,2024-2028,4,6.61,79.4,993453846621,APAR-2026-00449,+91-9864935082,AISHE-69533928,https://github.com/student449,https://leetcode.com/student449,https://linkedin.com/in/student449-skit,https://uei-resumes.s3.amazonaws.com/23ESKCS449.pdf,https://api.dicebear.com/7.x/initials/svg?seed=student449
46f45d39-8968-42e4-97e4-490dbdf2178d,71b8de7d-a186-49bb-b5d3-f8ff1cf63b0a,23ESKCS450,REG20260450,Ishita Bhardwaj,C,2026-2030,1,6.19,98.0,991384806120,APAR-2026-00450,+91-6186748119,AISHE-53233116,https://github.com/student450,https://leetcode.com/student450,https://linkedin.com/in/student450-skit,https://uei-resumes.s3.amazonaws.com/23ESKCS450.pdf,https://api.dicebear.com/7.x/initials/svg?seed=student450
3e642d9f-9c9a-4dff-863d-35145e3720cd,06070f90-2a3d-4c13-88e8-e0df01dd8ae8,23ESKCS451,REG20260451,Khushi Meena,E,2023-2027,6,7.49,71.9,998742949968,APAR-2026-00451,+91-7170525764,AISHE-26937148,https://github.com/student451,https://leetcode.com/student451,https://linkedin.com/in/student451-skit,https://uei-resumes.s3.amazonaws.com/23ESKCS451.pdf,https://api.dicebear.com/7.x/initials/svg?seed=student451
0ac4a5d8-ced1-42e6-889b-61b7901fda17,c4cb1772-d975-4d8f-b062-f4c38c874104,23ESKCS452,REG20260452,Harsh Gupta,C,2024-2028,4,7.51,57.0,991234239008,APAR-2026-00452,+91-8770355806,AISHE-94970119,https://github.com/student452,https://leetcode.com/student452,https://linkedin.com/in/student452-skit,https://uei-resumes.s3.amazonaws.com/23ESKCS452.pdf,https://api.dicebear.com/7.x/initials/svg?seed=student452
2e8d9e93-4c1c-45ba-a0ba-1c4c3a9c8419,e556a6df-2a77-42cd-80b4-f2e1bae230f0,23ESKCS453,REG20260453,Aarav Kumar,A,2025-2029,2,7.16,79.2,993310715857,APAR-2026-00453,+91-8508992977,AISHE-90180577,https://github.com/student453,https://leetcode.com/student453,https://linkedin.com/in/student453-skit,https://uei-resumes.s3.amazonaws.com/23ESKCS453.pdf,https://api.dicebear.com/7.x/initials/svg?seed=student453
ea142c35-3cec-4625-b65a-5b6aa4a7a9cb,c95a5ae3-4ec5-4380-8bc6-9d38147bd927,23ESKCS454,REG20260454,Priya Singhal,B,2023-2027,6,5.54,95.2,993262584893,APAR-2026-00454,+91-8587173220,AISHE-77853916,https://github.com/student454,https://leetcode.com/student454,https://linkedin.com/in/student454-skit,https://uei-resumes.s3.amazonaws.com/23ESKCS454.pdf,https://api.dicebear.com/7.x/initials/svg?seed=student454
c2572c78-b004-4558-ad44-e3da0b944e15,f02484d3-3ca9-4aac-ba41-7de88f7ad74c,23ESKCS455,REG20260455,Karan Bansal,D,2023-2027,6,9.01,85.1,991463390210,APAR-2026-00455,+91-9206492059,AISHE-25356396,https://github.com/student455,https://leetcode.com/student455,https://linkedin.com/in/student455-skit,https://uei-resumes.s3.amazonaws.com/23ESKCS455.pdf,https://api.dicebear.com/7.x/initials/svg?seed=student455
c40becf1-91bf-4a2a-b34c-3d8bc29c80bb,bf673391-70de-4201-8c75-9b8228056eaa,23ESKCS456,REG20260456,Mohit Rathore,A,2025-2029,2,5.79,79.9,991378045899,APAR-2026-00456,+91-7561784080,AISHE-70606674,https://github.com/student456,https://leetcode.com/student456,https://linkedin.com/in/student456-skit,https://uei-resumes.s3.amazonaws.com/23ESKCS456.pdf,https://api.dicebear.com/7.x/initials/svg?seed=student456
3c239fd4-5183-449c-afb8-e91214941486,16642c94-5ed5-4637-9a3d-38cadc4e7c44,23ESKCS457,REG20260457,Aditya Jain,E,2025-2029,2,6.8,88.0,991674332438,APAR-2026-00457,+91-7544328940,AISHE-55490631,https://github.com/student457,https://leetcode.com/student457,https://linkedin.com/in/student457-skit,https://uei-resumes.s3.amazonaws.com/23ESKCS457.pdf,https://api.dicebear.com/7.x/initials/svg?seed=student457
e48e6ce2-dd6c-4fe7-91a5-eba6b6bd31f7,394180a2-a058-44d2-a043-77715c0aca66,23ESKCS458,REG20260458,Ishita Rathore,C,2023-2027,6,5.67,62.4,992203423411,APAR-2026-00458,+91-9528133274,AISHE-65833185,https://github.com/student458,https://leetcode.com/student458,https://linkedin.com/in/student458-skit,https://uei-resumes.s3.amazonaws.com/23ESKCS458.pdf,https://api.dicebear.com/7.x/initials/svg?seed=student458
36f2379d-78de-4d65-877a-2b58d3bd9f74,7f0020a9-ff93-4b09-94ea-cf75c1943119,23ESKCS459,REG20260459,Mohit Rathore,E,2024-2028,4,6.04,85.6,997895006876,APAR-2026-00459,+91-6435596237,AISHE-67279295,https://github.com/student459,https://leetcode.com/student459,https://linkedin.com/in/student459-skit,https://uei-resumes.s3.amazonaws.com/23ESKCS459.pdf,https://api.dicebear.com/7.x/initials/svg?seed=student459
34fc5131-35f5-473f-8560-d0b7f26793cc,c5331c73-4dba-4040-8f5b-c2c1ef1f9c5d,23ESKCS460,REG20260460,Shivam Sharma,B,2024-2028,4,6.72,94.5,995875872356,APAR-2026-00460,+91-8814154134,AISHE-44210729,https://github.com/student460,https://leetcode.com/student460,https://linkedin.com/in/student460-skit,https://uei-resumes.s3.amazonaws.com/23ESKCS460.pdf,https://api.dicebear.com/7.x/initials/svg?seed=student460
00945885-749b-4ef7-9f59-3864e5dfa358,d9aa35c9-f260-4bdb-8456-cd8cfc07bbda,23ESKCS461,REG20260461,Sanjay Dhankar,C,2023-2027,6,4.66,69.1,991508469564,APAR-2026-00461,+91-8263894795,AISHE-73655158,https://github.com/student461,https://leetcode.com/student461,https://linkedin.com/in/student461-skit,https://uei-resumes.s3.amazonaws.com/23ESKCS461.pdf,https://api.dicebear.com/7.x/initials/svg?seed=student461
b14da601-b100-4c3b-abb3-88ca6578c883,e9621e08-22b6-4710-b779-46f1737f4057,23ESKCS462,REG20260462,Nisha Mishra,C,2026-2030,1,7.34,58.1,998466111812,APAR-2026-00462,+91-6197951867,AISHE-21457410,https://github.com/student462,https://leetcode.com/student462,https://linkedin.com/in/student462-skit,https://uei-resumes.s3.amazonaws.com/23ESKCS462.pdf,https://api.dicebear.com/7.x/initials/svg?seed=student462
4e16dbc8-f308-4494-b3db-04cd805caecd,91fad47c-74b1-4df5-a9df-d40dc67bcd6e,23ESKCS463,REG20260463,Siddharth Singhal,C,2024-2028,4,6.69,74.0,995406999337,APAR-2026-00463,+91-6563723880,AISHE-22960658,https://github.com/student463,https://leetcode.com/student463,https://linkedin.com/in/student463-skit,https://uei-resumes.s3.amazonaws.com/23ESKCS463.pdf,https://api.dicebear.com/7.x/initials/svg?seed=student463
b27d73b4-51cd-4351-a905-5c77030c7cf4,b8d59dda-af1d-4bfd-b17c-ae2226cb584a,23ESKCS464,REG20260464,Shreya Patel,C,2024-2028,4,8.24,68.3,991590612675,APAR-2026-00464,+91-8971630639,AISHE-27463800,https://github.com/student464,https://leetcode.com/student464,https://linkedin.com/in/student464-skit,https://uei-resumes.s3.amazonaws.com/23ESKCS464.pdf,https://api.dicebear.com/7.x/initials/svg?seed=student464
399c79d2-27a8-4ef3-b025-98cb1f0d5f46,e1ac43fa-56eb-4396-a756-5ef06d694c3e,23ESKCS465,REG20260465,Aarav Joshi,D,2024-2028,4,7.23,45.7,994254625674,APAR-2026-00465,+91-6729712082,AISHE-85374852,https://github.com/student465,https://leetcode.com/student465,https://linkedin.com/in/student465-skit,https://uei-resumes.s3.amazonaws.com/23ESKCS465.pdf,https://api.dicebear.com/7.x/initials/svg?seed=student465
464c0683-e527-4474-809b-89efae9a1ac7,f277b75a-ab55-4a02-9451-83c66559f9a0,23ESKCS466,REG20260466,Rahul Verma,C,2026-2030,1,8.36,71.0,994333816851,APAR-2026-00466,+91-8819421270,AISHE-26405605,https://github.com/student466,https://leetcode.com/student466,https://linkedin.com/in/student466-skit,https://uei-resumes.s3.amazonaws.com/23ESKCS466.pdf,https://api.dicebear.com/7.x/initials/svg?seed=student466
a7742edd-c54b-4c83-9d2c-014bae4b5961,5f0c7d81-8821-46bd-89d1-9a6a1b0d8d83,23ESKCS467,REG20260467,Nikhil Singhal,E,2023-2027,6,6.1,76.9,995277084673,APAR-2026-00467,+91-9479673044,AISHE-99300492,https://github.com/student467,https://leetcode.com/student467,https://linkedin.com/in/student467-skit,https://uei-resumes.s3.amazonaws.com/23ESKCS467.pdf,https://api.dicebear.com/7.x/initials/svg?seed=student467
66706043-191b-4978-bcee-88fc3847c5eb,54944c54-8592-4aaa-860e-6b69ffef0a0d,23ESKCS468,REG20260468,Sameer Mehta,E,2023-2027,6,7.88,89.5,999093425972,APAR-2026-00468,+91-9874233009,AISHE-16904975,https://github.com/student468,https://leetcode.com/student468,https://linkedin.com/in/student468-skit,https://uei-resumes.s3.amazonaws.com/23ESKCS468.pdf,https://api.dicebear.com/7.x/initials/svg?seed=student468
73c2061a-8b3f-4250-8ac4-74a9926b0a9d,97c45716-701a-4224-bf90-c8cb32bffe36,23ESKCS469,REG20260469,Kashish Singhal,A,2024-2028,4,5.72,82.1,999978374915,APAR-2026-00469,+91-8744685429,AISHE-51936181,https://github.com/student469,https://leetcode.com/student469,https://linkedin.com/in/student469-skit,https://uei-resumes.s3.amazonaws.com/23ESKCS469.pdf,https://api.dicebear.com/7.x/initials/svg?seed=student469
8f5f1032-de5a-43bc-bbaf-18177148dcc6,8bebeb5b-865d-452f-ba67-6f0b4369eece,23ESKCS470,REG20260470,Sachin Deshmukh,D,2026-2030,1,7.28,80.7,994847409841,APAR-2026-00470,+91-8211240259,AISHE-87566910,https://github.com/student470,https://leetcode.com/student470,https://linkedin.com/in/student470-skit,https://uei-resumes.s3.amazonaws.com/23ESKCS470.pdf,https://api.dicebear.com/7.x/initials/svg?seed=student470
b40fb687-23f0-48d4-97e7-06ee10eaa637,1ea52b8f-ec2d-402a-ad40-d46d8ef09f6b,23ESKCS471,REG20260471,Tanmay Verma,B,2023-2027,6,8.98,87.8,998018287612,APAR-2026-00471,+91-7266140258,AISHE-98145654,https://github.com/student471,https://leetcode.com/student471,https://linkedin.com/in/student471-skit,https://uei-resumes.s3.amazonaws.com/23ESKCS471.pdf,https://api.dicebear.com/7.x/initials/svg?seed=student471
4906d0a6-e3be-4f4a-bc15-9c4e3a9339ad,e93f678c-9a06-4d2a-89c2-ef88aa5ee969,23ESKCS472,REG20260472,Riya Singhal,B,2026-2030,1,7.06,77.5,994705150100,APAR-2026-00472,+91-9340781088,AISHE-24524825,https://github.com/student472,https://leetcode.com/student472,https://linkedin.com/in/student472-skit,https://uei-resumes.s3.amazonaws.com/23ESKCS472.pdf,https://api.dicebear.com/7.x/initials/svg?seed=student472
d371b3f7-6b2e-4135-8234-c95a5246b3af,71a121c6-9f95-4410-a6b1-d752cbcd853e,23ESKCS473,REG20260473,Akash Mishra,C,2025-2029,2,7.02,50.7,991776083529,APAR-2026-00473,+91-8697285504,AISHE-59333209,https://github.com/student473,https://leetcode.com/student473,https://linkedin.com/in/student473-skit,https://uei-resumes.s3.amazonaws.com/23ESKCS473.pdf,https://api.dicebear.com/7.x/initials/svg?seed=student473
320b47e0-c0ed-4b0f-8b1d-50e04b2b3b81,783c2904-fa61-49e1-9a34-2d0ddcfd0db8,23ESKCS474,REG20260474,Aarav Pandey,D,2026-2030,1,7.28,78.2,999086147483,APAR-2026-00474,+91-6918841563,AISHE-47388792,https://github.com/student474,https://leetcode.com/student474,https://linkedin.com/in/student474-skit,https://uei-resumes.s3.amazonaws.com/23ESKCS474.pdf,https://api.dicebear.com/7.x/initials/svg?seed=student474
e22f9f0e-4a52-4dd7-b142-be65475509ef,2bd09e17-d515-49a1-8cd5-5c9fcfe48586,23ESKCS475,REG20260475,Nisha Pandey,A,2023-2027,6,7.45,92.3,994544432529,APAR-2026-00475,+91-7966747347,AISHE-67594492,https://github.com/student475,https://leetcode.com/student475,https://linkedin.com/in/student475-skit,https://uei-resumes.s3.amazonaws.com/23ESKCS475.pdf,https://api.dicebear.com/7.x/initials/svg?seed=student475
413fc4d7-cb20-4167-aa55-74d4ab124cfc,30de3adb-89e4-41cb-b011-7c906e57e3ed,23ESKCS476,REG20260476,Aditya Deshmukh,A,2025-2029,2,7.15,82.6,995762636183,APAR-2026-00476,+91-6753903309,AISHE-98292612,https://github.com/student476,https://leetcode.com/student476,https://linkedin.com/in/student476-skit,https://uei-resumes.s3.amazonaws.com/23ESKCS476.pdf,https://api.dicebear.com/7.x/initials/svg?seed=student476
ba5c565c-bd05-4d4e-8325-79d981037204,59ef7b05-f9aa-4d0d-a03d-b3be3e6104fc,23ESKCS477,REG20260477,Tanya Verma,E,2024-2028,4,9.35,74.7,991153931833,APAR-2026-00477,+91-8131088245,AISHE-34215035,https://github.com/student477,https://leetcode.com/student477,https://linkedin.com/in/student477-skit,https://uei-resumes.s3.amazonaws.com/23ESKCS477.pdf,https://api.dicebear.com/7.x/initials/svg?seed=student477
f515821c-7b16-42ca-8c2a-47be2667ee9a,43f7f8e4-7e19-42f8-85bb-a26107bebd96,23ESKCS478,REG20260478,Ananya Mishra,E,2023-2027,6,7.23,84.2,996473585971,APAR-2026-00478,+91-8854517058,AISHE-51471222,https://github.com/student478,https://leetcode.com/student478,https://linkedin.com/in/student478-skit,https://uei-resumes.s3.amazonaws.com/23ESKCS478.pdf,https://api.dicebear.com/7.x/initials/svg?seed=student478
2789c6bd-2239-4dc8-8346-86bb12f58d2a,8c3882f2-f234-4c35-bf84-52ee6abfe039,23ESKCS479,REG20260479,Siddharth Bansal,A,2023-2027,6,5.58,80.2,996528427394,APAR-2026-00479,+91-8476908532,AISHE-10819505,https://github.com/student479,https://leetcode.com/student479,https://linkedin.com/in/student479-skit,https://uei-resumes.s3.amazonaws.com/23ESKCS479.pdf,https://api.dicebear.com/7.x/initials/svg?seed=student479
1c02eec3-48fc-4602-9e21-1d3e6895c60b,cc7dc69f-24e1-4dfe-959f-a5910d63676d,23ESKCS480,REG20260480,Manish Deshmukh,E,2026-2030,1,5.72,76.6,993617377814,APAR-2026-00480,+91-7253815116,AISHE-86010330,https://github.com/student480,https://leetcode.com/student480,https://linkedin.com/in/student480-skit,https://uei-resumes.s3.amazonaws.com/23ESKCS480.pdf,https://api.dicebear.com/7.x/initials/svg?seed=student480
9062f31a-8b7f-4fce-a08d-3f2f633e62d8,50d9527c-918a-4db5-a6e3-cf1d9a65eb30,23ESKCS481,REG20260481,Sneha Chaudhary,B,2026-2030,1,6.47,83.6,993738056881,APAR-2026-00481,+91-9174716780,AISHE-29042093,https://github.com/student481,https://leetcode.com/student481,https://linkedin.com/in/student481-skit,https://uei-resumes.s3.amazonaws.com/23ESKCS481.pdf,https://api.dicebear.com/7.x/initials/svg?seed=student481
a6379045-c9ee-45e0-91f8-f2b700f4aacf,7d58fb59-7a55-47f8-8a2f-5e51683c7d8e,23ESKCS482,REG20260482,Ananya Khandelwal,C,2025-2029,2,7.46,73.1,996726406427,APAR-2026-00482,+91-6198524063,AISHE-81200181,https://github.com/student482,https://leetcode.com/student482,https://linkedin.com/in/student482-skit,https://uei-resumes.s3.amazonaws.com/23ESKCS482.pdf,https://api.dicebear.com/7.x/initials/svg?seed=student482
8350f65c-cf75-4886-90aa-208f7020ec0c,6e511bfc-328c-4dfb-a4e5-cf25289e5492,23ESKCS483,REG20260483,Dev Gupta,C,2025-2029,2,8.61,72.6,999742656126,APAR-2026-00483,+91-7503935666,AISHE-66348963,https://github.com/student483,https://leetcode.com/student483,https://linkedin.com/in/student483-skit,https://uei-resumes.s3.amazonaws.com/23ESKCS483.pdf,https://api.dicebear.com/7.x/initials/svg?seed=student483
64323ebd-3996-4f6b-ae80-163979a72f55,8b65876c-7520-47e5-b95f-be0714aababf,23ESKCS484,REG20260484,Sachin Kumar,D,2026-2030,1,7.77,76.9,997532959764,APAR-2026-00484,+91-9466034277,AISHE-31127115,https://github.com/student484,https://leetcode.com/student484,https://linkedin.com/in/student484-skit,https://uei-resumes.s3.amazonaws.com/23ESKCS484.pdf,https://api.dicebear.com/7.x/initials/svg?seed=student484
a6618650-e98f-4389-8f8c-6c32d4b35c31,23f4fdd2-fe3e-4050-aee1-2acaa18341b4,23ESKCS485,REG20260485,Aditi Gupta,E,2025-2029,2,8.17,56.6,992518681313,APAR-2026-00485,+91-8434618074,AISHE-53537934,https://github.com/student485,https://leetcode.com/student485,https://linkedin.com/in/student485-skit,https://uei-resumes.s3.amazonaws.com/23ESKCS485.pdf,https://api.dicebear.com/7.x/initials/svg?seed=student485
96e42048-e57f-407a-a80c-908c5bf91c3a,6a46b8ca-9846-4b93-9855-a2ce8cbf8fc1,23ESKCS486,REG20260486,Sneha Sharma,B,2026-2030,1,7.63,83.6,998979273920,APAR-2026-00486,+91-6156488296,AISHE-30881581,https://github.com/student486,https://leetcode.com/student486,https://linkedin.com/in/student486-skit,https://uei-resumes.s3.amazonaws.com/23ESKCS486.pdf,https://api.dicebear.com/7.x/initials/svg?seed=student486
cb4109b1-62f0-4b8b-b1cb-053f576e0a2c,2170677b-cb6c-4874-8ed3-d20cee4f9b9c,23ESKCS487,REG20260487,Ishita Meena,D,2025-2029,2,7.61,87.6,995776996948,APAR-2026-00487,+91-7910069356,AISHE-92924837,https://github.com/student487,https://leetcode.com/student487,https://linkedin.com/in/student487-skit,https://uei-resumes.s3.amazonaws.com/23ESKCS487.pdf,https://api.dicebear.com/7.x/initials/svg?seed=student487
7b30c50a-f7a5-496e-93e1-26c2d0e00a52,988d02de-d8f5-4dfd-bb88-2844a66bc478,23ESKCS488,REG20260488,Pooja Rathore,A,2026-2030,1,7.97,74.9,992405905822,APAR-2026-00488,+91-6823668399,AISHE-20949687,https://github.com/student488,https://leetcode.com/student488,https://linkedin.com/in/student488-skit,https://uei-resumes.s3.amazonaws.com/23ESKCS488.pdf,https://api.dicebear.com/7.x/initials/svg?seed=student488
8d60926e-7f4c-4388-ab1f-e336df9a4a4e,35c3842a-4eb6-468d-ba6e-25d2c51cf6c8,23ESKCS489,REG20260489,Rohan Srivastava,B,2024-2028,4,7.19,66.5,993243454173,APAR-2026-00489,+91-8575788930,AISHE-98843907,https://github.com/student489,https://leetcode.com/student489,https://linkedin.com/in/student489-skit,https://uei-resumes.s3.amazonaws.com/23ESKCS489.pdf,https://api.dicebear.com/7.x/initials/svg?seed=student489
11b69139-615c-4228-b873-35e1a1129de8,adcea2c0-4cb6-488e-88c1-426735f50ba9,23ESKCS490,REG20260490,Aniket Kumar,D,2023-2027,6,9.03,89.8,998497100480,APAR-2026-00490,+91-9621475287,AISHE-91480362,https://github.com/student490,https://leetcode.com/student490,https://linkedin.com/in/student490-skit,https://uei-resumes.s3.amazonaws.com/23ESKCS490.pdf,https://api.dicebear.com/7.x/initials/svg?seed=student490
21770923-921f-4a6f-a11d-9b03584af01a,42a320fc-5190-400d-b7dd-7ba39e73a390,23ESKCS491,REG20260491,Gaurav Kumar,B,2024-2028,4,7.06,91.7,998614062623,APAR-2026-00491,+91-9544726404,AISHE-46663833,https://github.com/student491,https://leetcode.com/student491,https://linkedin.com/in/student491-skit,https://uei-resumes.s3.amazonaws.com/23ESKCS491.pdf,https://api.dicebear.com/7.x/initials/svg?seed=student491
a878b80e-c659-4726-9ee6-c5bf26b25e52,cea92f27-4118-49ff-bb89-aca97b0df902,23ESKCS492,REG20260492,Ansh Agarwal,E,2023-2027,6,7.7,88.3,996662849583,APAR-2026-00492,+91-7910614025,AISHE-78765957,https://github.com/student492,https://leetcode.com/student492,https://linkedin.com/in/student492-skit,https://uei-resumes.s3.amazonaws.com/23ESKCS492.pdf,https://api.dicebear.com/7.x/initials/svg?seed=student492
4a44fcea-41d8-4a10-8a7f-22bdbb0a270b,19daa60d-0e30-4f5c-80ca-2d069e02a983,23ESKCS493,REG20260493,Ishita Dhankar,A,2025-2029,2,6.57,72.0,992905452108,APAR-2026-00493,+91-6470626529,AISHE-67702031,https://github.com/student493,https://leetcode.com/student493,https://linkedin.com/in/student493-skit,https://uei-resumes.s3.amazonaws.com/23ESKCS493.pdf,https://api.dicebear.com/7.x/initials/svg?seed=student493
68cea994-64a6-4b86-b344-0632669b7994,0af9bcc0-afd2-4557-abc8-02d90ddf1b74,23ESKCS494,REG20260494,Anjali Mehta,A,2023-2027,6,6.73,81.6,998298719254,APAR-2026-00494,+91-6404133583,AISHE-89609131,https://github.com/student494,https://leetcode.com/student494,https://linkedin.com/in/student494-skit,https://uei-resumes.s3.amazonaws.com/23ESKCS494.pdf,https://api.dicebear.com/7.x/initials/svg?seed=student494
5eb719b3-9ae8-48fe-8966-3b5a861f8eb3,8db21b7d-33ae-429a-b656-19cb92beb6d2,23ESKCS495,REG20260495,Varun Srivastava,E,2023-2027,6,9.39,75.5,991566056436,APAR-2026-00495,+91-9665791188,AISHE-99541016,https://github.com/student495,https://leetcode.com/student495,https://linkedin.com/in/student495-skit,https://uei-resumes.s3.amazonaws.com/23ESKCS495.pdf,https://api.dicebear.com/7.x/initials/svg?seed=student495
03a9254e-3a48-48c4-b44f-cf60dcb6363b,0c444ace-2f00-4011-9b99-113556c66784,23ESKCS496,REG20260496,Pranav Khandelwal,D,2026-2030,1,7.5,86.3,997944713410,APAR-2026-00496,+91-8148766522,AISHE-39597483,https://github.com/student496,https://leetcode.com/student496,https://linkedin.com/in/student496-skit,https://uei-resumes.s3.amazonaws.com/23ESKCS496.pdf,https://api.dicebear.com/7.x/initials/svg?seed=student496
0fb805bc-da1b-4f41-8989-d39e796d60f9,36b0167b-44de-4577-a546-81e296d6778a,23ESKCS497,REG20260497,Tanya Kumar,C,2026-2030,1,6.96,78.8,995779813544,APAR-2026-00497,+91-9743520276,AISHE-17352710,https://github.com/student497,https://leetcode.com/student497,https://linkedin.com/in/student497-skit,https://uei-resumes.s3.amazonaws.com/23ESKCS497.pdf,https://api.dicebear.com/7.x/initials/svg?seed=student497
8161add5-3adf-454d-979e-cf2f59e9ddf4,de5c4460-0858-475a-9c88-7e2ad3d604d1,23ESKCS498,REG20260498,Manish Singhal,E,2024-2028,4,6.18,77.9,995754448488,APAR-2026-00498,+91-6319497661,AISHE-50455821,https://github.com/student498,https://leetcode.com/student498,https://linkedin.com/in/student498-skit,https://uei-resumes.s3.amazonaws.com/23ESKCS498.pdf,https://api.dicebear.com/7.x/initials/svg?seed=student498
986815b7-51bb-448e-b0cc-c10620077b92,40de7b16-2408-4ac0-b134-a878a3792bb0,23ESKCS499,REG20260499,Pranav Mehta,E,2026-2030,1,7.46,86.7,997366750677,APAR-2026-00499,+91-7923935280,AISHE-28419343,https://github.com/student499,https://leetcode.com/student499,https://linkedin.com/in/student499-skit,https://uei-resumes.s3.amazonaws.com/23ESKCS499.pdf,https://api.dicebear.com/7.x/initials/svg?seed=student499
37549ef0-33d1-476d-9275-538d97f020dd,8f247e9e-7091-412e-aa7b-0b943e5cfb2a,23ESKCS500,REG20260500,Parth Mishra,E,2025-2029,2,6.55,76.3,999924488520,APAR-2026-00500,+91-8410791488,AISHE-54039837,https://github.com/student500,https://leetcode.com/student500,https://linkedin.com/in/student500-skit,https://uei-resumes.s3.amazonaws.com/23ESKCS500.pdf,https://api.dicebear.com/7.x/initials/svg?seed=student500
7e1364fd-7dde-441d-8ba7-0947e5232737,ad0078dd-cbb7-462c-83f3-c698f2a51a3b,23ESKCS501,REG20260501,Shivam Singhal,D,2025-2029,2,5.3,71.6,996051628891,APAR-2026-00501,+91-6108299923,AISHE-76757928,https://github.com/student501,https://leetcode.com/student501,https://linkedin.com/in/student501-skit,https://uei-resumes.s3.amazonaws.com/23ESKCS501.pdf,https://api.dicebear.com/7.x/initials/svg?seed=student501
9d3378c3-d3dc-418c-bff0-e2831854879f,f814213b-6119-4853-bf4e-e1046a72f696,23ESKCS502,REG20260502,Zoya Mehta,C,2026-2030,1,7.14,75.4,994478233612,APAR-2026-00502,+91-9288650860,AISHE-27339011,https://github.com/student502,https://leetcode.com/student502,https://linkedin.com/in/student502-skit,https://uei-resumes.s3.amazonaws.com/23ESKCS502.pdf,https://api.dicebear.com/7.x/initials/svg?seed=student502
e73c1897-995d-4477-ba2b-fa5225940244,91593fb8-efb1-48dc-8dd4-5a2b15768901,23ESKCS503,REG20260503,Kashish Mehta,E,2026-2030,1,8.01,94.2,996654744145,APAR-2026-00503,+91-9671855941,AISHE-40884937,https://github.com/student503,https://leetcode.com/student503,https://linkedin.com/in/student503-skit,https://uei-resumes.s3.amazonaws.com/23ESKCS503.pdf,https://api.dicebear.com/7.x/initials/svg?seed=student503
f56e1cba-b38d-4c6a-a91e-e0776085cdd4,8c7922e5-bc63-453e-8fbc-7909e58e1374,23ESKCS504,REG20260504,Parth Verma,C,2023-2027,6,5.97,71.0,997487221161,APAR-2026-00504,+91-8177390472,AISHE-63293990,https://github.com/student504,https://leetcode.com/student504,https://linkedin.com/in/student504-skit,https://uei-resumes.s3.amazonaws.com/23ESKCS504.pdf,https://api.dicebear.com/7.x/initials/svg?seed=student504
8d92fb12-f747-4901-85f2-9b3375801a5d,1b0a7578-9884-4aae-9a40-2c478aab0543,23ESKCS505,REG20260505,Sameer Bansal,A,2025-2029,2,8.15,84.2,991133937449,APAR-2026-00505,+91-6568387228,AISHE-12515446,https://github.com/student505,https://leetcode.com/student505,https://linkedin.com/in/student505-skit,https://uei-resumes.s3.amazonaws.com/23ESKCS505.pdf,https://api.dicebear.com/7.x/initials/svg?seed=student505
e3903719-736d-4fb0-a549-5897d75a939d,2a2832af-1014-44f6-a83d-71f7a3e5b0c6,23ESKCS506,REG20260506,Varun Mehta,D,2026-2030,1,6.64,81.5,996039758056,APAR-2026-00506,+91-9183604337,AISHE-52018286,https://github.com/student506,https://leetcode.com/student506,https://linkedin.com/in/student506-skit,https://uei-resumes.s3.amazonaws.com/23ESKCS506.pdf,https://api.dicebear.com/7.x/initials/svg?seed=student506
39a2e5ab-bbdb-4b2c-8fec-26a46d63c11e,1694cf01-90a4-48ba-908b-b70d17084c88,23ESKCS507,REG20260507,Mehak Mishra,B,2025-2029,2,9.19,78.2,991576717263,APAR-2026-00507,+91-9715683222,AISHE-64280720,https://github.com/student507,https://leetcode.com/student507,https://linkedin.com/in/student507-skit,https://uei-resumes.s3.amazonaws.com/23ESKCS507.pdf,https://api.dicebear.com/7.x/initials/svg?seed=student507
5d7bebb8-d7a3-4abf-a617-78ede5033f7a,cf136db8-3358-46d7-946d-35f12749f750,23ESKCS508,REG20260508,Rahul Srivastava,D,2024-2028,4,8.88,86.5,996067191158,APAR-2026-00508,+91-9410864588,AISHE-25458308,https://github.com/student508,https://leetcode.com/student508,https://linkedin.com/in/student508-skit,https://uei-resumes.s3.amazonaws.com/23ESKCS508.pdf,https://api.dicebear.com/7.x/initials/svg?seed=student508
c6642238-0456-44fa-b2aa-8d390207d189,ef4a057a-132a-40c5-9347-16571f90ad13,23ESKCS509,REG20260509,Manish Jain,B,2026-2030,1,6.15,69.7,997449876115,APAR-2026-00509,+91-9122394554,AISHE-53589647,https://github.com/student509,https://leetcode.com/student509,https://linkedin.com/in/student509-skit,https://uei-resumes.s3.amazonaws.com/23ESKCS509.pdf,https://api.dicebear.com/7.x/initials/svg?seed=student509
53826ec6-a689-46d9-b820-5e4e0359a8ca,e2ec2eba-56dc-4fe9-ab16-15a6c8f403e3,23ESKCS510,REG20260510,Aditya Singh,D,2025-2029,2,8.44,86.7,993965663205,APAR-2026-00510,+91-7960413104,AISHE-92963368,https://github.com/student510,https://leetcode.com/student510,https://linkedin.com/in/student510-skit,https://uei-resumes.s3.amazonaws.com/23ESKCS510.pdf,https://api.dicebear.com/7.x/initials/svg?seed=student510
cadf39c2-ac07-4319-8d15-5a772c56fd46,754c2b3f-4332-40af-90a9-dfbdef8e0b07,23ESKCS511,REG20260511,Yashvi Joshi,D,2023-2027,6,5.77,76.3,996348227736,APAR-2026-00511,+91-9993381017,AISHE-58567046,https://github.com/student511,https://leetcode.com/student511,https://linkedin.com/in/student511-skit,https://uei-resumes.s3.amazonaws.com/23ESKCS511.pdf,https://api.dicebear.com/7.x/initials/svg?seed=student511
b1697047-3d6a-4958-a273-753616c890dc,348c6e2a-0689-4f16-9615-fc4835fddb65,23ESKCS512,REG20260512,Sachin Singh,C,2023-2027,6,8.62,70.7,995341281648,APAR-2026-00512,+91-6568915703,AISHE-24208709,https://github.com/student512,https://leetcode.com/student512,https://linkedin.com/in/student512-skit,https://uei-resumes.s3.amazonaws.com/23ESKCS512.pdf,https://api.dicebear.com/7.x/initials/svg?seed=student512
4742cea8-82bc-451a-8d7a-1617a60442f7,e52c886d-be52-4efc-83e8-28f6f0afe844,23ESKCS513,REG20260513,Kunal Mishra,C,2025-2029,2,7.32,81.4,998513724370,APAR-2026-00513,+91-7567804106,AISHE-89036966,https://github.com/student513,https://leetcode.com/student513,https://linkedin.com/in/student513-skit,https://uei-resumes.s3.amazonaws.com/23ESKCS513.pdf,https://api.dicebear.com/7.x/initials/svg?seed=student513
335af58e-3979-4d2a-b954-d8efa06b142c,1d080183-8e8e-423d-963e-7d17f1220043,23ESKCS514,REG20260514,Priya Singh,B,2023-2027,6,6.85,70.9,995412211695,APAR-2026-00514,+91-9662600500,AISHE-20555833,https://github.com/student514,https://leetcode.com/student514,https://linkedin.com/in/student514-skit,https://uei-resumes.s3.amazonaws.com/23ESKCS514.pdf,https://api.dicebear.com/7.x/initials/svg?seed=student514
4b9a07e7-79b2-4971-9703-c3d2a3679d40,4a547fe8-d0a7-4349-b4fa-cb7e2da99f86,23ESKCS515,REG20260515,Karan Joshi,B,2025-2029,2,7.25,86.9,994184414038,APAR-2026-00515,+91-9433154770,AISHE-55568701,https://github.com/student515,https://leetcode.com/student515,https://linkedin.com/in/student515-skit,https://uei-resumes.s3.amazonaws.com/23ESKCS515.pdf,https://api.dicebear.com/7.x/initials/svg?seed=student515
51149241-b68b-4cb2-82a6-759e074803ea,61b2e66e-99f8-4872-861b-671a772b1da0,23ESKCS516,REG20260516,Tanya Pandey,C,2024-2028,4,7.27,95.5,993082709189,APAR-2026-00516,+91-7457629711,AISHE-32566390,https://github.com/student516,https://leetcode.com/student516,https://linkedin.com/in/student516-skit,https://uei-resumes.s3.amazonaws.com/23ESKCS516.pdf,https://api.dicebear.com/7.x/initials/svg?seed=student516
8dbcc77d-3cd7-44c5-a33f-06c8eef3e820,275cf105-e2d6-4805-badb-a5368115087a,23ESKCS517,REG20260517,Aniket Deshmukh,E,2024-2028,4,8.45,62.8,992645689736,APAR-2026-00517,+91-6648127255,AISHE-94989976,https://github.com/student517,https://leetcode.com/student517,https://linkedin.com/in/student517-skit,https://uei-resumes.s3.amazonaws.com/23ESKCS517.pdf,https://api.dicebear.com/7.x/initials/svg?seed=student517
e4915405-4783-4351-a245-ef87e9424594,a6d65152-b98d-41ba-a374-3bccfb975e77,23ESKCS518,REG20260518,Manish Bansal,C,2023-2027,6,8.67,82.5,997340367914,APAR-2026-00518,+91-6669732591,AISHE-78444607,https://github.com/student518,https://leetcode.com/student518,https://linkedin.com/in/student518-skit,https://uei-resumes.s3.amazonaws.com/23ESKCS518.pdf,https://api.dicebear.com/7.x/initials/svg?seed=student518
5a454b5e-09ef-41e5-99ab-a798fed98b9b,f5f4f1bb-1742-4454-bc0e-86eb526baaf5,23ESKCS519,REG20260519,Harsh Mehta,D,2026-2030,1,7.28,92.0,992867169749,APAR-2026-00519,+91-7933468715,AISHE-56892354,https://github.com/student519,https://leetcode.com/student519,https://linkedin.com/in/student519-skit,https://uei-resumes.s3.amazonaws.com/23ESKCS519.pdf,https://api.dicebear.com/7.x/initials/svg?seed=student519
50eb809a-0c1a-4f40-a68f-e6d652d82df5,2b8d18e4-a5dc-4dbb-97e3-1b5b87cf4d31,23ESKCS520,REG20260520,Khushi Rathore,A,2023-2027,6,8.89,70.8,998981576857,APAR-2026-00520,+91-8881017363,AISHE-96629889,https://github.com/student520,https://leetcode.com/student520,https://linkedin.com/in/student520-skit,https://uei-resumes.s3.amazonaws.com/23ESKCS520.pdf,https://api.dicebear.com/7.x/initials/svg?seed=student520
4386fcdb-3519-4874-9281-8aac1945fbd1,219d29f6-157e-4f0e-945d-b32853531641,23ESKCS521,REG20260521,Tanmay Singh,D,2026-2030,1,7.69,60.4,996067703437,APAR-2026-00521,+91-7353691745,AISHE-23798190,https://github.com/student521,https://leetcode.com/student521,https://linkedin.com/in/student521-skit,https://uei-resumes.s3.amazonaws.com/23ESKCS521.pdf,https://api.dicebear.com/7.x/initials/svg?seed=student521
7bf0be70-6df2-479d-b470-bb3581a74893,3b8a08e8-f81f-4616-95cb-5216dead0fd8,23ESKCS522,REG20260522,Anjali Rathore,A,2026-2030,1,6.25,92.7,992081885561,APAR-2026-00522,+91-7374843786,AISHE-36477373,https://github.com/student522,https://leetcode.com/student522,https://linkedin.com/in/student522-skit,https://uei-resumes.s3.amazonaws.com/23ESKCS522.pdf,https://api.dicebear.com/7.x/initials/svg?seed=student522
929aacb4-8848-41d5-826b-198fd38c282c,ef8d9916-2bf4-4617-be01-1a6219182aca,23ESKCS523,REG20260523,Shreya Srivastava,B,2023-2027,6,7.24,73.1,995852914717,APAR-2026-00523,+91-7746820987,AISHE-30517835,https://github.com/student523,https://leetcode.com/student523,https://linkedin.com/in/student523-skit,https://uei-resumes.s3.amazonaws.com/23ESKCS523.pdf,https://api.dicebear.com/7.x/initials/svg?seed=student523
5760b456-3ca1-4a60-8276-caf174ac145c,36962309-61ef-4728-bf72-f49da97a5777,23ESKCS524,REG20260524,Dev Chaudhary,B,2025-2029,2,6.91,94.0,999915124514,APAR-2026-00524,+91-6290209201,AISHE-94281857,https://github.com/student524,https://leetcode.com/student524,https://linkedin.com/in/student524-skit,https://uei-resumes.s3.amazonaws.com/23ESKCS524.pdf,https://api.dicebear.com/7.x/initials/svg?seed=student524
545a7be8-63a6-49f9-82ba-15c729e970ef,d7a731a4-2096-4e79-bc3b-97307f8cd7f6,23ESKCS525,REG20260525,Vaibhav Srivastava,C,2025-2029,2,7.65,82.2,994337644666,APAR-2026-00525,+91-9598165815,AISHE-85663295,https://github.com/student525,https://leetcode.com/student525,https://linkedin.com/in/student525-skit,https://uei-resumes.s3.amazonaws.com/23ESKCS525.pdf,https://api.dicebear.com/7.x/initials/svg?seed=student525
9f4f4382-b43c-43f7-afd6-7f42cc95e525,c5fecd91-2bd1-4ec6-a2af-0111e94563b3,23ESKCS526,REG20260526,Janvi Dhankar,D,2023-2027,6,4.65,79.8,997916193958,APAR-2026-00526,+91-9831361497,AISHE-85764804,https://github.com/student526,https://leetcode.com/student526,https://linkedin.com/in/student526-skit,https://uei-resumes.s3.amazonaws.com/23ESKCS526.pdf,https://api.dicebear.com/7.x/initials/svg?seed=student526
5c99da36-6987-4c0f-91ea-c1c3447edd36,edd49406-4ff3-4d4d-9ca9-2ea5f4c99a50,23ESKCS527,REG20260527,Gaurav Singhal,A,2026-2030,1,7.28,73.5,991313186900,APAR-2026-00527,+91-8773469560,AISHE-52431444,https://github.com/student527,https://leetcode.com/student527,https://linkedin.com/in/student527-skit,https://uei-resumes.s3.amazonaws.com/23ESKCS527.pdf,https://api.dicebear.com/7.x/initials/svg?seed=student527
3f481443-2b77-478b-ba13-0edd65a0ef94,659c0cbd-eb05-4b03-b6e4-7ea7b0af2bf6,23ESKCS528,REG20260528,Rahul Deshmukh,A,2023-2027,6,6.92,71.1,998301681484,APAR-2026-00528,+91-7572191734,AISHE-19165226,https://github.com/student528,https://leetcode.com/student528,https://linkedin.com/in/student528-skit,https://uei-resumes.s3.amazonaws.com/23ESKCS528.pdf,https://api.dicebear.com/7.x/initials/svg?seed=student528
c55164d5-fe26-43d4-8621-eac81ae95fc2,bb460fe4-38a9-415e-b5c6-c7dfd528a193,23ESKCS529,REG20260529,Zoya Patel,D,2026-2030,1,5.81,88.6,999891010468,APAR-2026-00529,+91-9574817290,AISHE-94743076,https://github.com/student529,https://leetcode.com/student529,https://linkedin.com/in/student529-skit,https://uei-resumes.s3.amazonaws.com/23ESKCS529.pdf,https://api.dicebear.com/7.x/initials/svg?seed=student529
9a194e6c-e199-4b1d-b6bc-4c7f14f60129,7bf3b7b3-4add-4a18-a26c-db435ee2e451,23ESKCS530,REG20260530,Zoya Patel,A,2025-2029,2,6.89,86.6,999826993902,APAR-2026-00530,+91-8955052486,AISHE-46866075,https://github.com/student530,https://leetcode.com/student530,https://linkedin.com/in/student530-skit,https://uei-resumes.s3.amazonaws.com/23ESKCS530.pdf,https://api.dicebear.com/7.x/initials/svg?seed=student530
80febf64-2e57-463f-996b-9e3a109abe5b,7c52f382-2d2f-42a0-b09a-31c476a86eac,23ESKCS531,REG20260531,Kunal Bhardwaj,D,2025-2029,2,6.95,73.0,996115319628,APAR-2026-00531,+91-6477895080,AISHE-78093604,https://github.com/student531,https://leetcode.com/student531,https://linkedin.com/in/student531-skit,https://uei-resumes.s3.amazonaws.com/23ESKCS531.pdf,https://api.dicebear.com/7.x/initials/svg?seed=student531
9c91ebe5-f3dd-4506-a5ec-ff759eb6822a,3d592fb1-27c0-4a48-b2fe-282261723ff9,23ESKCS532,REG20260532,Manish Patel,A,2026-2030,1,7.34,72.5,991829326926,APAR-2026-00532,+91-6433297890,AISHE-71974027,https://github.com/student532,https://leetcode.com/student532,https://linkedin.com/in/student532-skit,https://uei-resumes.s3.amazonaws.com/23ESKCS532.pdf,https://api.dicebear.com/7.x/initials/svg?seed=student532
f6b78c99-0303-4774-8547-d43ef73ac4bb,2c7bf8df-6fea-40c3-a339-2fdac25206cf,23ESKCS533,REG20260533,Ananya Sharma,C,2026-2030,1,5.18,74.1,995277072874,APAR-2026-00533,+91-9140380477,AISHE-17635653,https://github.com/student533,https://leetcode.com/student533,https://linkedin.com/in/student533-skit,https://uei-resumes.s3.amazonaws.com/23ESKCS533.pdf,https://api.dicebear.com/7.x/initials/svg?seed=student533
9892295e-580a-46c4-a44c-cd835411bf76,988aee8f-cd7f-4c34-9a91-e51381ca2769,23ESKCS534,REG20260534,Ansh Gupta,E,2026-2030,1,9.66,70.3,993304513672,APAR-2026-00534,+91-8993027458,AISHE-48530827,https://github.com/student534,https://leetcode.com/student534,https://linkedin.com/in/student534-skit,https://uei-resumes.s3.amazonaws.com/23ESKCS534.pdf,https://api.dicebear.com/7.x/initials/svg?seed=student534
dbbe3465-694d-4fc3-8214-7195c6034655,85143b42-7be4-4d64-9740-8bc34278c24e,23ESKCS535,REG20260535,Yash Deshmukh,D,2023-2027,6,4.76,82.9,991196716799,APAR-2026-00535,+91-6792205349,AISHE-22119391,https://github.com/student535,https://leetcode.com/student535,https://linkedin.com/in/student535-skit,https://uei-resumes.s3.amazonaws.com/23ESKCS535.pdf,https://api.dicebear.com/7.x/initials/svg?seed=student535
125db4c4-4e53-4c42-857b-9e2f5ea35ae2,ba05643b-7beb-4108-8913-17ff36fef765,23ESKCS536,REG20260536,Katyayini Chaudhary,D,2024-2028,4,7.62,75.1,994511008648,APAR-2026-00536,+91-9596832859,AISHE-87890494,https://github.com/student536,https://leetcode.com/student536,https://linkedin.com/in/student536-skit,https://uei-resumes.s3.amazonaws.com/23ESKCS536.pdf,https://api.dicebear.com/7.x/initials/svg?seed=student536
ba709e3b-7a4f-49ed-a2b3-8f573f4f06e8,52d52852-9c6c-406e-bdd8-7f8b44404843,23ESKCS537,REG20260537,Ananya Gupta,D,2025-2029,2,8.68,49.6,998208663818,APAR-2026-00537,+91-6582897882,AISHE-86726461,https://github.com/student537,https://leetcode.com/student537,https://linkedin.com/in/student537-skit,https://uei-resumes.s3.amazonaws.com/23ESKCS537.pdf,https://api.dicebear.com/7.x/initials/svg?seed=student537
47e15ebf-3fe3-4f47-a31e-070a0ffd9c90,109c84b2-d57e-4f4d-a83d-2fadd73c3156,23ESKCS538,REG20260538,Gaurav Bansal,E,2024-2028,4,7.09,83.3,992783074280,APAR-2026-00538,+91-7445236735,AISHE-91202508,https://github.com/student538,https://leetcode.com/student538,https://linkedin.com/in/student538-skit,https://uei-resumes.s3.amazonaws.com/23ESKCS538.pdf,https://api.dicebear.com/7.x/initials/svg?seed=student538
92c83e9c-7805-4331-b1dc-5ae8d93f90c1,ea570a6d-ee30-4c8d-bac3-7b9d58da7da7,23ESKCS539,REG20260539,Shivam Bansal,B,2023-2027,6,7.83,63.5,991677546839,APAR-2026-00539,+91-9638339044,AISHE-30248230,https://github.com/student539,https://leetcode.com/student539,https://linkedin.com/in/student539-skit,https://uei-resumes.s3.amazonaws.com/23ESKCS539.pdf,https://api.dicebear.com/7.x/initials/svg?seed=student539
9f545a85-3bc1-482c-a992-727ba0d9e010,c296db32-b371-4138-8155-961d4982a640,23ESKCS540,REG20260540,Varun Soni,E,2025-2029,2,5.52,88.5,998613098886,APAR-2026-00540,+91-6583745511,AISHE-23891786,https://github.com/student540,https://leetcode.com/student540,https://linkedin.com/in/student540-skit,https://uei-resumes.s3.amazonaws.com/23ESKCS540.pdf,https://api.dicebear.com/7.x/initials/svg?seed=student540
d0b60c6f-7009-4b51-912f-efa832392c26,d64babde-cdf3-483b-94d2-943ae8dddbd4,23ESKCS541,REG20260541,Nisha Jain,B,2023-2027,6,5.83,68.6,999967982733,APAR-2026-00541,+91-8866990485,AISHE-21318464,https://github.com/student541,https://leetcode.com/student541,https://linkedin.com/in/student541-skit,https://uei-resumes.s3.amazonaws.com/23ESKCS541.pdf,https://api.dicebear.com/7.x/initials/svg?seed=student541
2e2b1ef9-16ac-4184-aa15-e1150f6ac482,7c6b8e5f-1e7c-4398-a810-ca25caa4595f,23ESKCS542,REG20260542,Sameer Jain,B,2023-2027,6,10.0,76.0,997953212511,APAR-2026-00542,+91-7142028540,AISHE-43251599,https://github.com/student542,https://leetcode.com/student542,https://linkedin.com/in/student542-skit,https://uei-resumes.s3.amazonaws.com/23ESKCS542.pdf,https://api.dicebear.com/7.x/initials/svg?seed=student542
af9854a3-9ec9-44ff-83f1-834da464c382,35367520-f3b4-4e5d-a70e-8d2f6ff0df6d,23ESKCS543,REG20260543,Pranav Soni,B,2025-2029,2,7.95,80.3,999209762867,APAR-2026-00543,+91-9571825556,AISHE-80339290,https://github.com/student543,https://leetcode.com/student543,https://linkedin.com/in/student543-skit,https://uei-resumes.s3.amazonaws.com/23ESKCS543.pdf,https://api.dicebear.com/7.x/initials/svg?seed=student543
37d57dad-e268-4057-8a72-d0f484cfb87d,283a6091-646d-4c04-9c0f-4f4066e57851,23ESKCS544,REG20260544,Akash Soni,C,2025-2029,2,7.63,86.6,992946254268,APAR-2026-00544,+91-7490732457,AISHE-60043345,https://github.com/student544,https://leetcode.com/student544,https://linkedin.com/in/student544-skit,https://uei-resumes.s3.amazonaws.com/23ESKCS544.pdf,https://api.dicebear.com/7.x/initials/svg?seed=student544
f520acfc-42f8-4810-9793-1442a4009adf,461ef83e-be0e-4da1-8f05-8f1ade242083,23ESKCS545,REG20260545,Bhavya Agarwal,D,2023-2027,6,8.19,82.0,997785025163,APAR-2026-00545,+91-8515985367,AISHE-64864099,https://github.com/student545,https://leetcode.com/student545,https://linkedin.com/in/student545-skit,https://uei-resumes.s3.amazonaws.com/23ESKCS545.pdf,https://api.dicebear.com/7.x/initials/svg?seed=student545
de59e297-4917-4419-9ea9-993422cefcf2,89128804-1c0d-4307-acb5-a95c20eb5bbb,23ESKCS546,REG20260546,Harsh Chaudhary,C,2024-2028,4,9.0,88.9,994736133254,APAR-2026-00546,+91-8828960875,AISHE-90246882,https://github.com/student546,https://leetcode.com/student546,https://linkedin.com/in/student546-skit,https://uei-resumes.s3.amazonaws.com/23ESKCS546.pdf,https://api.dicebear.com/7.x/initials/svg?seed=student546
462f96fa-ebb2-43c1-a1a7-90d65999932b,cbe4768b-d980-496c-8a37-828e0b790e3c,23ESKCS547,REG20260547,Rahul Bansal,D,2024-2028,4,7.75,93.2,996059732470,APAR-2026-00547,+91-6947425963,AISHE-94676162,https://github.com/student547,https://leetcode.com/student547,https://linkedin.com/in/student547-skit,https://uei-resumes.s3.amazonaws.com/23ESKCS547.pdf,https://api.dicebear.com/7.x/initials/svg?seed=student547
61ce7a25-8966-4297-b408-3fb30cbc9394,5f5206be-d8b3-47e0-bc12-97a9fa277dc9,23ESKCS548,REG20260548,Manish Joshi,B,2025-2029,2,8.68,90.6,995551169507,APAR-2026-00548,+91-8170772317,AISHE-54250344,https://github.com/student548,https://leetcode.com/student548,https://linkedin.com/in/student548-skit,https://uei-resumes.s3.amazonaws.com/23ESKCS548.pdf,https://api.dicebear.com/7.x/initials/svg?seed=student548
ed3cb4c4-51b8-4080-80b2-41dbfca48bad,8f6bdf0a-cf2c-48c7-a09d-5dcd6469da60,23ESKCS549,REG20260549,Bhavya Kumar,B,2025-2029,2,5.71,66.7,994672214321,APAR-2026-00549,+91-6699108439,AISHE-61883769,https://github.com/student549,https://leetcode.com/student549,https://linkedin.com/in/student549-skit,https://uei-resumes.s3.amazonaws.com/23ESKCS549.pdf,https://api.dicebear.com/7.x/initials/svg?seed=student549
15035786-a854-4712-ba07-482404db9f3f,a9163088-6f75-45b5-b1f8-42642717ac95,23ESKCS550,REG20260550,Shivam Patel,D,2025-2029,2,8.66,79.6,994747781909,APAR-2026-00550,+91-8370578414,AISHE-98122539,https://github.com/student550,https://leetcode.com/student550,https://linkedin.com/in/student550-skit,https://uei-resumes.s3.amazonaws.com/23ESKCS550.pdf,https://api.dicebear.com/7.x/initials/svg?seed=student550
f19a3f7c-62da-4bb6-9006-cd08dc661cd9,7c7be354-5b15-4ad0-8741-5a788e61447a,23ESKCS551,REG20260551,Shivam Deshmukh,E,2023-2027,6,7.09,80.1,999552454587,APAR-2026-00551,+91-7457944766,AISHE-20939011,https://github.com/student551,https://leetcode.com/student551,https://linkedin.com/in/student551-skit,https://uei-resumes.s3.amazonaws.com/23ESKCS551.pdf,https://api.dicebear.com/7.x/initials/svg?seed=student551
6dd58b53-2cc0-4281-acca-3b74475ef268,ff1e9f6a-8db8-46e4-a986-3f6980cfe3e9,23ESKCS552,REG20260552,Nikhil Patel,A,2026-2030,1,6.9,78.6,994234448374,APAR-2026-00552,+91-7475617211,AISHE-51638598,https://github.com/student552,https://leetcode.com/student552,https://linkedin.com/in/student552-skit,https://uei-resumes.s3.amazonaws.com/23ESKCS552.pdf,https://api.dicebear.com/7.x/initials/svg?seed=student552
1b298305-c00d-48fe-a978-77e6d1094380,dae93b0c-e8e3-4e5b-9b84-b18ba206639a,23ESKCS553,REG20260553,Manish Khandelwal,B,2023-2027,6,9.18,80.1,993506801128,APAR-2026-00553,+91-9238460786,AISHE-89865081,https://github.com/student553,https://leetcode.com/student553,https://linkedin.com/in/student553-skit,https://uei-resumes.s3.amazonaws.com/23ESKCS553.pdf,https://api.dicebear.com/7.x/initials/svg?seed=student553
5c01ce5e-5490-466c-8049-69144542083b,3e015b13-e8de-48c5-bbb3-70b489723aa7,23ESKCS554,REG20260554,Varun Mehta,B,2025-2029,2,6.09,66.2,993694254589,APAR-2026-00554,+91-6432411019,AISHE-85017250,https://github.com/student554,https://leetcode.com/student554,https://linkedin.com/in/student554-skit,https://uei-resumes.s3.amazonaws.com/23ESKCS554.pdf,https://api.dicebear.com/7.x/initials/svg?seed=student554
0878c386-776f-4526-a2ad-676bcf927e67,641c3045-bebb-4225-964c-b8141bfffe30,23ESKCS555,REG20260555,Yashvi Joshi,E,2024-2028,4,7.52,74.1,999078177430,APAR-2026-00555,+91-9790945624,AISHE-54087376,https://github.com/student555,https://leetcode.com/student555,https://linkedin.com/in/student555-skit,https://uei-resumes.s3.amazonaws.com/23ESKCS555.pdf,https://api.dicebear.com/7.x/initials/svg?seed=student555
19d1eb1c-0a4d-4c18-8ebe-285b2645cf18,b923fdb5-23d7-4900-9b7e-f0dee50b0a44,23ESKCS556,REG20260556,Utkarsh Meena,A,2023-2027,6,6.4,86.8,995470521242,APAR-2026-00556,+91-7819532005,AISHE-80651318,https://github.com/student556,https://leetcode.com/student556,https://linkedin.com/in/student556-skit,https://uei-resumes.s3.amazonaws.com/23ESKCS556.pdf,https://api.dicebear.com/7.x/initials/svg?seed=student556
f7a70478-994f-4ebb-9078-73b5e632c2e8,78818ff8-730e-404c-92bd-b239e67f1c88,23ESKCS557,REG20260557,Sameer Verma,B,2024-2028,4,8.28,77.5,996263212823,APAR-2026-00557,+91-6793663866,AISHE-99987086,https://github.com/student557,https://leetcode.com/student557,https://linkedin.com/in/student557-skit,https://uei-resumes.s3.amazonaws.com/23ESKCS557.pdf,https://api.dicebear.com/7.x/initials/svg?seed=student557
5044810a-2a6e-4956-8c77-4f38cb201e6d,92ebf654-8847-40ae-8cc4-6d0ee8037128,23ESKCS558,REG20260558,Karan Bansal,A,2025-2029,2,6.62,89.0,995822000314,APAR-2026-00558,+91-9645985356,AISHE-58563745,https://github.com/student558,https://leetcode.com/student558,https://linkedin.com/in/student558-skit,https://uei-resumes.s3.amazonaws.com/23ESKCS558.pdf,https://api.dicebear.com/7.x/initials/svg?seed=student558
de8b3d49-9000-4783-844d-7ec5a8748326,337acf51-ca26-44f0-bb87-5ce3dd925210,23ESKCS559,REG20260559,Kashish Pandey,E,2025-2029,2,8.29,53.3,991281868392,APAR-2026-00559,+91-6489336282,AISHE-51455302,https://github.com/student559,https://leetcode.com/student559,https://linkedin.com/in/student559-skit,https://uei-resumes.s3.amazonaws.com/23ESKCS559.pdf,https://api.dicebear.com/7.x/initials/svg?seed=student559
78cd1b79-c9e7-4568-aa23-5d2ed5bbccd1,91456af9-b2c4-4358-8aeb-541293aea87c,23ESKCS560,REG20260560,Kashish Bhardwaj,A,2024-2028,4,7.1,95.3,993131715691,APAR-2026-00560,+91-7329987621,AISHE-55866538,https://github.com/student560,https://leetcode.com/student560,https://linkedin.com/in/student560-skit,https://uei-resumes.s3.amazonaws.com/23ESKCS560.pdf,https://api.dicebear.com/7.x/initials/svg?seed=student560
94bc0fca-5f06-450c-b0e9-dd58fca94c97,92c1518d-8c5e-461d-bf58-b624cd26b7f1,23ESKCS561,REG20260561,Kashish Mishra,E,2024-2028,4,6.16,80.4,995387233065,APAR-2026-00561,+91-9306164050,AISHE-40406092,https://github.com/student561,https://leetcode.com/student561,https://linkedin.com/in/student561-skit,https://uei-resumes.s3.amazonaws.com/23ESKCS561.pdf,https://api.dicebear.com/7.x/initials/svg?seed=student561
fc3b8e2d-585f-4339-8e49-7058af1b1d72,93270af3-fc06-4523-be31-ec95811f1aef,23ESKCS562,REG20260562,Rohan Soni,C,2026-2030,1,5.86,70.9,998674352231,APAR-2026-00562,+91-7266371119,AISHE-20356922,https://github.com/student562,https://leetcode.com/student562,https://linkedin.com/in/student562-skit,https://uei-resumes.s3.amazonaws.com/23ESKCS562.pdf,https://api.dicebear.com/7.x/initials/svg?seed=student562
bb8e640c-1366-4e43-90ab-77bf5c234dd3,b9ec43d4-0840-47b2-8113-14798fcaa465,23ESKCS563,REG20260563,Sameer Pandey,D,2025-2029,2,5.06,68.9,992316386034,APAR-2026-00563,+91-8946237594,AISHE-23574883,https://github.com/student563,https://leetcode.com/student563,https://linkedin.com/in/student563-skit,https://uei-resumes.s3.amazonaws.com/23ESKCS563.pdf,https://api.dicebear.com/7.x/initials/svg?seed=student563
733ccf43-f0e7-4ca1-83bd-68726181d40b,47f3a755-7c20-426c-9404-d4ac28234a9b,23ESKCS564,REG20260564,Akash Deshmukh,C,2025-2029,2,6.7,80.3,994969115206,APAR-2026-00564,+91-6810741110,AISHE-55199748,https://github.com/student564,https://leetcode.com/student564,https://linkedin.com/in/student564-skit,https://uei-resumes.s3.amazonaws.com/23ESKCS564.pdf,https://api.dicebear.com/7.x/initials/svg?seed=student564
7b6a435e-5b61-4f0f-905d-dbe4d65d6a6e,684d0138-df75-449c-9123-d2becefdd331,23ESKCS565,REG20260565,Varun Verma,B,2024-2028,4,7.43,81.7,995838166915,APAR-2026-00565,+91-7741288486,AISHE-60562485,https://github.com/student565,https://leetcode.com/student565,https://linkedin.com/in/student565-skit,https://uei-resumes.s3.amazonaws.com/23ESKCS565.pdf,https://api.dicebear.com/7.x/initials/svg?seed=student565
b409980d-b848-4e6b-bbdc-27f8ca6f737f,e228ec89-3cf0-42b7-88ed-ad1003e30e3a,23ESKCS566,REG20260566,Aditya Srivastava,C,2025-2029,2,8.18,88.1,995189593198,APAR-2026-00566,+91-7274211616,AISHE-34272734,https://github.com/student566,https://leetcode.com/student566,https://linkedin.com/in/student566-skit,https://uei-resumes.s3.amazonaws.com/23ESKCS566.pdf,https://api.dicebear.com/7.x/initials/svg?seed=student566
3a973ea2-3aae-42ab-a6f4-08b003ad2ee4,62fe4bbc-f9c1-4294-a29c-91b6e3ed363e,23ESKCS567,REG20260567,Rahul Deshmukh,D,2025-2029,2,9.17,98.0,997474272503,APAR-2026-00567,+91-7874364348,AISHE-68743530,https://github.com/student567,https://leetcode.com/student567,https://linkedin.com/in/student567-skit,https://uei-resumes.s3.amazonaws.com/23ESKCS567.pdf,https://api.dicebear.com/7.x/initials/svg?seed=student567
7ca17941-3c21-4b0a-9b19-d2aaeff6064f,f250531f-3610-439e-a824-2447fefa1949,23ESKCS568,REG20260568,Yashvi Singh,B,2026-2030,1,7.09,83.1,991172146248,APAR-2026-00568,+91-6541156077,AISHE-58895439,https://github.com/student568,https://leetcode.com/student568,https://linkedin.com/in/student568-skit,https://uei-resumes.s3.amazonaws.com/23ESKCS568.pdf,https://api.dicebear.com/7.x/initials/svg?seed=student568
75f6feda-a267-4ed1-82db-b6720c8b1a9a,6e74dcfb-5cce-4df4-9ade-61c5600e8c94,23ESKCS569,REG20260569,Siddharth Jain,D,2025-2029,2,7.74,80.5,993754416894,APAR-2026-00569,+91-7576954730,AISHE-91952730,https://github.com/student569,https://leetcode.com/student569,https://linkedin.com/in/student569-skit,https://uei-resumes.s3.amazonaws.com/23ESKCS569.pdf,https://api.dicebear.com/7.x/initials/svg?seed=student569
681ceb05-05e2-4070-9704-4ccebd48bd69,54d42c49-7719-481f-8644-ce3151076fc3,23ESKCS570,REG20260570,Karan Gupta,A,2023-2027,6,6.13,75.6,997493077963,APAR-2026-00570,+91-8907873857,AISHE-70254091,https://github.com/student570,https://leetcode.com/student570,https://linkedin.com/in/student570-skit,https://uei-resumes.s3.amazonaws.com/23ESKCS570.pdf,https://api.dicebear.com/7.x/initials/svg?seed=student570
1a1914dc-b273-44ac-93b0-c80a66e61e2a,7d86090e-ff22-4205-831a-6dace69ef78c,23ESKCS571,REG20260571,Akash Srivastava,C,2026-2030,1,8.81,95.8,996882515926,APAR-2026-00571,+91-7673390109,AISHE-42100652,https://github.com/student571,https://leetcode.com/student571,https://linkedin.com/in/student571-skit,https://uei-resumes.s3.amazonaws.com/23ESKCS571.pdf,https://api.dicebear.com/7.x/initials/svg?seed=student571
9e56ef89-0c52-4e04-beff-14496aa1f6fa,fd77642a-0b9b-45c9-b1bd-9b0abad8dce0,23ESKCS572,REG20260572,Pooja Sharma,A,2024-2028,4,7.22,66.7,999558139662,APAR-2026-00572,+91-8968253265,AISHE-72950208,https://github.com/student572,https://leetcode.com/student572,https://linkedin.com/in/student572-skit,https://uei-resumes.s3.amazonaws.com/23ESKCS572.pdf,https://api.dicebear.com/7.x/initials/svg?seed=student572
778578b6-1155-4bec-a488-eeb9e81ce5f1,29eb066a-b2c5-491b-b8a5-6aa5a68e0ee9,23ESKCS573,REG20260573,Parth Yadav,D,2024-2028,4,8.23,65.7,991616926032,APAR-2026-00573,+91-7494966219,AISHE-86560394,https://github.com/student573,https://leetcode.com/student573,https://linkedin.com/in/student573-skit,https://uei-resumes.s3.amazonaws.com/23ESKCS573.pdf,https://api.dicebear.com/7.x/initials/svg?seed=student573
2eea3025-aa4d-42d4-a953-41265cdda874,dde5cf11-7b16-4ea8-bbe7-194fb75c928d,23ESKCS574,REG20260574,Shivam Mehta,A,2023-2027,6,5.16,91.6,992780324154,APAR-2026-00574,+91-9595725097,AISHE-47818761,https://github.com/student574,https://leetcode.com/student574,https://linkedin.com/in/student574-skit,https://uei-resumes.s3.amazonaws.com/23ESKCS574.pdf,https://api.dicebear.com/7.x/initials/svg?seed=student574
80bee9cf-5d06-43f6-a324-125c4ca2ad10,98589e0d-3af9-4c67-ac81-3ecb3be434c8,23ESKCS575,REG20260575,Dev Mehta,C,2026-2030,1,9.57,83.9,996600269629,APAR-2026-00575,+91-9639991949,AISHE-80794454,https://github.com/student575,https://leetcode.com/student575,https://linkedin.com/in/student575-skit,https://uei-resumes.s3.amazonaws.com/23ESKCS575.pdf,https://api.dicebear.com/7.x/initials/svg?seed=student575
bb43d93c-a820-4dfe-a1aa-361f41b20946,18475bfc-70aa-4ecf-85b8-766b23803c13,23ESKCS576,REG20260576,Aarav Deshmukh,C,2025-2029,2,9.59,72.8,993029548904,APAR-2026-00576,+91-9274008639,AISHE-36802975,https://github.com/student576,https://leetcode.com/student576,https://linkedin.com/in/student576-skit,https://uei-resumes.s3.amazonaws.com/23ESKCS576.pdf,https://api.dicebear.com/7.x/initials/svg?seed=student576
12ffdd35-1983-4516-84ba-e5c05354fd16,bcef85cb-fd53-4d54-8c60-ce8716aa902c,23ESKCS577,REG20260577,Rahul Verma,B,2023-2027,6,8.11,84.5,999876515555,APAR-2026-00577,+91-7368438908,AISHE-17003454,https://github.com/student577,https://leetcode.com/student577,https://linkedin.com/in/student577-skit,https://uei-resumes.s3.amazonaws.com/23ESKCS577.pdf,https://api.dicebear.com/7.x/initials/svg?seed=student577
96f05d64-345a-4f30-ac9a-a5d401c71c6f,f4de3ce4-ee74-488b-8340-379ca2a81b00,23ESKCS578,REG20260578,Janvi Soni,D,2023-2027,6,6.04,91.3,992114703746,APAR-2026-00578,+91-9498585961,AISHE-84429198,https://github.com/student578,https://leetcode.com/student578,https://linkedin.com/in/student578-skit,https://uei-resumes.s3.amazonaws.com/23ESKCS578.pdf,https://api.dicebear.com/7.x/initials/svg?seed=student578
6341c91d-9a0a-4d79-a295-60e839398818,7206a30a-0753-4336-8b35-20560da73c39,23ESKCS579,REG20260579,Vaibhav Deshmukh,C,2024-2028,4,8.47,81.9,999397332625,APAR-2026-00579,+91-6863860982,AISHE-79244185,https://github.com/student579,https://leetcode.com/student579,https://linkedin.com/in/student579-skit,https://uei-resumes.s3.amazonaws.com/23ESKCS579.pdf,https://api.dicebear.com/7.x/initials/svg?seed=student579
93e5f693-9a5d-499a-b901-3598de01014b,be6c27ef-10d7-4bc8-a52d-5d2e30d6101c,23ESKCS580,REG20260580,Ananya Rathore,B,2024-2028,4,7.55,63.7,998730413746,APAR-2026-00580,+91-6406084084,AISHE-21257528,https://github.com/student580,https://leetcode.com/student580,https://linkedin.com/in/student580-skit,https://uei-resumes.s3.amazonaws.com/23ESKCS580.pdf,https://api.dicebear.com/7.x/initials/svg?seed=student580
accd7619-ac08-4835-8426-136eb7053b09,5782027d-37f2-45d3-941b-7a089255fa59,23ESKCS581,REG20260581,Manish Deshmukh,A,2024-2028,4,6.25,77.3,997377592745,APAR-2026-00581,+91-7392907427,AISHE-70306604,https://github.com/student581,https://leetcode.com/student581,https://linkedin.com/in/student581-skit,https://uei-resumes.s3.amazonaws.com/23ESKCS581.pdf,https://api.dicebear.com/7.x/initials/svg?seed=student581
2ff85deb-17c4-4678-bbba-bef09bfbd6fd,86e2adca-ee26-430e-af09-651739d78fd8,23ESKCS582,REG20260582,Ayush Rathore,B,2024-2028,4,7.83,65.0,994447056103,APAR-2026-00582,+91-7992329618,AISHE-68716573,https://github.com/student582,https://leetcode.com/student582,https://linkedin.com/in/student582-skit,https://uei-resumes.s3.amazonaws.com/23ESKCS582.pdf,https://api.dicebear.com/7.x/initials/svg?seed=student582
de6ca32c-428f-45ad-976a-a3f61ebc016d,1e748741-4e85-45d9-a4ed-4b4a25660942,23ESKCS583,REG20260583,Aditi Patel,C,2025-2029,2,7.16,72.9,999461564278,APAR-2026-00583,+91-6338411494,AISHE-70549373,https://github.com/student583,https://leetcode.com/student583,https://linkedin.com/in/student583-skit,https://uei-resumes.s3.amazonaws.com/23ESKCS583.pdf,https://api.dicebear.com/7.x/initials/svg?seed=student583
1214d0da-f248-4f36-b6ee-77900a8b47d6,750aad36-d649-40bc-892a-2a4a13352b75,23ESKCS584,REG20260584,Ansh Jain,B,2024-2028,4,7.01,69.8,991901260269,APAR-2026-00584,+91-8128636900,AISHE-65686520,https://github.com/student584,https://leetcode.com/student584,https://linkedin.com/in/student584-skit,https://uei-resumes.s3.amazonaws.com/23ESKCS584.pdf,https://api.dicebear.com/7.x/initials/svg?seed=student584
e704dbba-bc2a-41be-aacc-e8ce808b7b26,515dc969-ea1f-4733-81fb-f42c03b8b7ca,23ESKCS585,REG20260585,Ansh Bhardwaj,A,2026-2030,1,7.42,75.3,991463072140,APAR-2026-00585,+91-6525689202,AISHE-77378254,https://github.com/student585,https://leetcode.com/student585,https://linkedin.com/in/student585-skit,https://uei-resumes.s3.amazonaws.com/23ESKCS585.pdf,https://api.dicebear.com/7.x/initials/svg?seed=student585
c11e2f54-f779-459c-9e59-4963c963e881,7a68163c-940a-44e8-a5b0-70b992aca2f5,23ESKCS586,REG20260586,Ansh Joshi,A,2023-2027,6,7.35,80.0,993584676850,APAR-2026-00586,+91-8353164777,AISHE-61830338,https://github.com/student586,https://leetcode.com/student586,https://linkedin.com/in/student586-skit,https://uei-resumes.s3.amazonaws.com/23ESKCS586.pdf,https://api.dicebear.com/7.x/initials/svg?seed=student586
3b63819d-439e-4ae7-9d6c-69c928793169,aba3e84d-75f1-4d66-b898-915f8b07188a,23ESKCS587,REG20260587,Aditi Bhardwaj,B,2025-2029,2,8.45,75.3,993449142224,APAR-2026-00587,+91-6502559419,AISHE-40137082,https://github.com/student587,https://leetcode.com/student587,https://linkedin.com/in/student587-skit,https://uei-resumes.s3.amazonaws.com/23ESKCS587.pdf,https://api.dicebear.com/7.x/initials/svg?seed=student587
74975483-214e-4eda-ab97-a64efb13fd3a,3799de35-cde8-4eb1-bb2c-00f4cac7d9a3,23ESKCS588,REG20260588,Gaurav Verma,B,2025-2029,2,8.35,94.7,994115351757,APAR-2026-00588,+91-6442185272,AISHE-23298711,https://github.com/student588,https://leetcode.com/student588,https://linkedin.com/in/student588-skit,https://uei-resumes.s3.amazonaws.com/23ESKCS588.pdf,https://api.dicebear.com/7.x/initials/svg?seed=student588
4e96ea77-5242-4382-898d-9f1cfb44a5e6,f08b11c3-e32d-46d5-b0d6-5d7ca7bd4f59,23ESKCS589,REG20260589,Priya Meena,E,2024-2028,4,4.6,88.7,996925401552,APAR-2026-00589,+91-8949738493,AISHE-29602406,https://github.com/student589,https://leetcode.com/student589,https://linkedin.com/in/student589-skit,https://uei-resumes.s3.amazonaws.com/23ESKCS589.pdf,https://api.dicebear.com/7.x/initials/svg?seed=student589
e84d89a3-3147-4bc9-9ab7-131ead64d534,03b78f40-6917-4cc6-a5c2-84f642b8c5ac,23ESKCS590,REG20260590,Ansh Pandey,A,2024-2028,4,6.26,78.8,994101552998,APAR-2026-00590,+91-7141127742,AISHE-48504300,https://github.com/student590,https://leetcode.com/student590,https://linkedin.com/in/student590-skit,https://uei-resumes.s3.amazonaws.com/23ESKCS590.pdf,https://api.dicebear.com/7.x/initials/svg?seed=student590
12b0d6ad-02f8-4ffa-9bff-8ef330ba9b8b,78382d9a-1948-446c-b915-22c383e512bf,23ESKCS591,REG20260591,Pranav Singhal,C,2026-2030,1,7.59,89.6,992838081378,APAR-2026-00591,+91-9847401602,AISHE-28628439,https://github.com/student591,https://leetcode.com/student591,https://linkedin.com/in/student591-skit,https://uei-resumes.s3.amazonaws.com/23ESKCS591.pdf,https://api.dicebear.com/7.x/initials/svg?seed=student591
a8881a5f-4bb2-45f9-b358-c6b2898e665a,13af5657-e8bb-4649-8d19-46fcaa2a7de9,23ESKCS592,REG20260592,Utkarsh Meena,B,2023-2027,6,8.8,78.4,995746677113,APAR-2026-00592,+91-9581682167,AISHE-92590645,https://github.com/student592,https://leetcode.com/student592,https://linkedin.com/in/student592-skit,https://uei-resumes.s3.amazonaws.com/23ESKCS592.pdf,https://api.dicebear.com/7.x/initials/svg?seed=student592
0588db62-528e-44a0-a7db-027039547cc9,261a8427-e097-403f-99c0-a14242b2d12b,23ESKCS593,REG20260593,Ayush Mehta,D,2023-2027,6,7.26,55.3,991724660709,APAR-2026-00593,+91-6185068029,AISHE-12550658,https://github.com/student593,https://leetcode.com/student593,https://linkedin.com/in/student593-skit,https://uei-resumes.s3.amazonaws.com/23ESKCS593.pdf,https://api.dicebear.com/7.x/initials/svg?seed=student593
883d1cc7-ac81-4116-9ab8-274d4318b8b6,eb9e0348-9ac0-4892-8994-ea84462b3919,23ESKCS594,REG20260594,Nikhil Chaudhary,B,2026-2030,1,7.25,69.7,997013965803,APAR-2026-00594,+91-8331557515,AISHE-30068183,https://github.com/student594,https://leetcode.com/student594,https://linkedin.com/in/student594-skit,https://uei-resumes.s3.amazonaws.com/23ESKCS594.pdf,https://api.dicebear.com/7.x/initials/svg?seed=student594
448f32c5-7a26-41b8-958c-65ccbe83f8a4,24df51bf-1dc1-4ae4-b963-e83773a4d686,23ESKCS595,REG20260595,Rahul Rathore,C,2024-2028,4,7.46,73.3,996371672049,APAR-2026-00595,+91-9219385981,AISHE-48668339,https://github.com/student595,https://leetcode.com/student595,https://linkedin.com/in/student595-skit,https://uei-resumes.s3.amazonaws.com/23ESKCS595.pdf,https://api.dicebear.com/7.x/initials/svg?seed=student595
41a4e6a1-4087-465f-8dc4-eca61769e22f,099acf28-8cc6-446e-836a-e1ed5c21d372,23ESKCS596,REG20260596,Anjali Yadav,A,2023-2027,6,7.12,78.5,996064177442,APAR-2026-00596,+91-7423358638,AISHE-26354208,https://github.com/student596,https://leetcode.com/student596,https://linkedin.com/in/student596-skit,https://uei-resumes.s3.amazonaws.com/23ESKCS596.pdf,https://api.dicebear.com/7.x/initials/svg?seed=student596
0fa32671-9012-4e5f-9e0a-080e0f7b5beb,ae13197b-0400-4712-b500-23806e8cbfe4,23ESKCS597,REG20260597,Siddharth Chaudhary,A,2026-2030,1,7.61,71.4,998138636090,APAR-2026-00597,+91-6356022467,AISHE-66348030,https://github.com/student597,https://leetcode.com/student597,https://linkedin.com/in/student597-skit,https://uei-resumes.s3.amazonaws.com/23ESKCS597.pdf,https://api.dicebear.com/7.x/initials/svg?seed=student597
6177cef9-10f8-4313-b0e2-689a49a1a8d4,ab2e941c-cc36-4c89-9e6b-8268383fb3df,23ESKCS598,REG20260598,Sachin Sharma,A,2023-2027,6,9.87,77.2,995806644406,APAR-2026-00598,+91-9167438668,AISHE-24879094,https://github.com/student598,https://leetcode.com/student598,https://linkedin.com/in/student598-skit,https://uei-resumes.s3.amazonaws.com/23ESKCS598.pdf,https://api.dicebear.com/7.x/initials/svg?seed=student598
2703ba50-5baf-43b7-bac0-c2d67bb4cda5,20e6bef8-810a-4e10-a335-5d3cce6094d5,23ESKCS599,REG20260599,Aditya Bansal,B,2025-2029,2,7.94,74.1,992849761324,APAR-2026-00599,+91-9740743666,AISHE-81947921,https://github.com/student599,https://leetcode.com/student599,https://linkedin.com/in/student599-skit,https://uei-resumes.s3.amazonaws.com/23ESKCS599.pdf,https://api.dicebear.com/7.x/initials/svg?seed=student599
75918ca2-6a21-408d-ac63-e5de188154ce,e01a6111-53da-423d-a54f-58ba9dba0fbe,23ESKCS600,REG20260600,Sanjay Srivastava,D,2026-2030,1,5.07,81.8,993176195728,APAR-2026-00600,+91-6778556450,AISHE-79172559,https://github.com/student600,https://leetcode.com/student600,https://linkedin.com/in/student600-skit,https://uei-resumes.s3.amazonaws.com/23ESKCS600.pdf,https://api.dicebear.com/7.x/initials/svg?seed=student600
a4c5b46d-c9f2-414f-a0b2-91c1ad2383d5,4e322dff-2f47-479f-b140-94d49bdcf62d,23ESKCS601,REG20260601,Manish Khandelwal,C,2023-2027,6,7.76,79.1,998889572107,APAR-2026-00601,+91-7871531100,AISHE-29270557,https://github.com/student601,https://leetcode.com/student601,https://linkedin.com/in/student601-skit,https://uei-resumes.s3.amazonaws.com/23ESKCS601.pdf,https://api.dicebear.com/7.x/initials/svg?seed=student601
0dab6e6f-c53b-4063-8afc-0ed98aad91fd,e7f36ca1-f3a7-460a-aaa7-8ae9a0ac6b14,23ESKCS602,REG20260602,Sneha Kumar,D,2023-2027,6,4.5,93.4,997064191475,APAR-2026-00602,+91-8560891752,AISHE-10209961,https://github.com/student602,https://leetcode.com/student602,https://linkedin.com/in/student602-skit,https://uei-resumes.s3.amazonaws.com/23ESKCS602.pdf,https://api.dicebear.com/7.x/initials/svg?seed=student602
42275199-7471-4736-94e5-41bc47f40405,4978239e-2239-470b-a11a-27806175a3a5,23ESKCS603,REG20260603,Aniket Verma,A,2025-2029,2,7.95,82.9,997607449900,APAR-2026-00603,+91-8358303887,AISHE-86593187,https://github.com/student603,https://leetcode.com/student603,https://linkedin.com/in/student603-skit,https://uei-resumes.s3.amazonaws.com/23ESKCS603.pdf,https://api.dicebear.com/7.x/initials/svg?seed=student603
9fcd698f-e508-416e-90f0-bf4997ef7573,ffaf6f63-d38e-4ae4-98a0-e64c02516cbb,23ESKCS604,REG20260604,Riya Mishra,C,2023-2027,6,6.87,64.7,999528794822,APAR-2026-00604,+91-9301126777,AISHE-99170406,https://github.com/student604,https://leetcode.com/student604,https://linkedin.com/in/student604-skit,https://uei-resumes.s3.amazonaws.com/23ESKCS604.pdf,https://api.dicebear.com/7.x/initials/svg?seed=student604
f7518e2b-9882-4471-a67e-228189eed01a,862f848a-3028-4dac-99ef-60e81f7f53c7,23ESKCS605,REG20260605,Anjali Verma,B,2025-2029,2,5.21,78.9,998161375046,APAR-2026-00605,+91-6662087258,AISHE-58399417,https://github.com/student605,https://leetcode.com/student605,https://linkedin.com/in/student605-skit,https://uei-resumes.s3.amazonaws.com/23ESKCS605.pdf,https://api.dicebear.com/7.x/initials/svg?seed=student605
95037317-458a-455f-9702-95f7c1a5ea36,050ecf8e-7590-4f2b-b0a1-467e5cb77c9d,23ESKCS606,REG20260606,Sneha Bhardwaj,E,2024-2028,4,7.31,81.8,999984890492,APAR-2026-00606,+91-6664852025,AISHE-83025444,https://github.com/student606,https://leetcode.com/student606,https://linkedin.com/in/student606-skit,https://uei-resumes.s3.amazonaws.com/23ESKCS606.pdf,https://api.dicebear.com/7.x/initials/svg?seed=student606
8fe19e1d-f84c-4a39-8922-3fcfae1a4a33,8fa68cb1-6e73-4931-b4ea-fb2f627072cf,23ESKCS607,REG20260607,Ananya Singh,E,2026-2030,1,6.41,83.0,999919193636,APAR-2026-00607,+91-6519246503,AISHE-73100462,https://github.com/student607,https://leetcode.com/student607,https://linkedin.com/in/student607-skit,https://uei-resumes.s3.amazonaws.com/23ESKCS607.pdf,https://api.dicebear.com/7.x/initials/svg?seed=student607
ff437719-5046-453d-843e-628f739b47c5,6c54b1f7-7e17-4759-a394-4b98110e3afb,23ESKCS608,REG20260608,Tanya Sharma,C,2024-2028,4,6.62,82.8,997508461298,APAR-2026-00608,+91-6782546314,AISHE-61926331,https://github.com/student608,https://leetcode.com/student608,https://linkedin.com/in/student608-skit,https://uei-resumes.s3.amazonaws.com/23ESKCS608.pdf,https://api.dicebear.com/7.x/initials/svg?seed=student608
17f46db7-ec9b-4fd8-a527-b0f0bdaabbac,219048c6-2c07-4223-8e1a-3899a193ae2b,23ESKCS609,REG20260609,Sneha Verma,E,2024-2028,4,6.66,75.0,997301985416,APAR-2026-00609,+91-8372354893,AISHE-12179995,https://github.com/student609,https://leetcode.com/student609,https://linkedin.com/in/student609-skit,https://uei-resumes.s3.amazonaws.com/23ESKCS609.pdf,https://api.dicebear.com/7.x/initials/svg?seed=student609
4e8acbac-a6f4-4059-a671-eead236c95da,1b1acbb6-6e22-4687-9474-d868373c91ac,23ESKCS610,REG20260610,Zoya Mishra,E,2023-2027,6,6.27,77.0,991634554329,APAR-2026-00610,+91-8946666926,AISHE-19067690,https://github.com/student610,https://leetcode.com/student610,https://linkedin.com/in/student610-skit,https://uei-resumes.s3.amazonaws.com/23ESKCS610.pdf,https://api.dicebear.com/7.x/initials/svg?seed=student610
2558e420-74ca-4615-adc0-653af7be501b,13a64699-067a-4800-9d37-4a6e07228cb1,23ESKCS611,REG20260611,Parth Mishra,C,2023-2027,6,5.85,62.6,995984671658,APAR-2026-00611,+91-8358906986,AISHE-98195059,https://github.com/student611,https://leetcode.com/student611,https://linkedin.com/in/student611-skit,https://uei-resumes.s3.amazonaws.com/23ESKCS611.pdf,https://api.dicebear.com/7.x/initials/svg?seed=student611
661cd282-beae-4ca4-98fd-00aed4f56835,40ad1fea-cd51-447a-95e0-d9337366b70f,23ESKCS612,REG20260612,Aditi Jain,C,2026-2030,1,4.5,81.6,994889761316,APAR-2026-00612,+91-6928393291,AISHE-88101741,https://github.com/student612,https://leetcode.com/student612,https://linkedin.com/in/student612-skit,https://uei-resumes.s3.amazonaws.com/23ESKCS612.pdf,https://api.dicebear.com/7.x/initials/svg?seed=student612
1c526e5f-5625-47d5-980a-18537732ee20,ada41a5a-e984-4c77-a932-d6948f74ec9c,23ESKCS613,REG20260613,Karan Srivastava,E,2024-2028,4,7.18,76.0,998397969511,APAR-2026-00613,+91-8243247463,AISHE-15950635,https://github.com/student613,https://leetcode.com/student613,https://linkedin.com/in/student613-skit,https://uei-resumes.s3.amazonaws.com/23ESKCS613.pdf,https://api.dicebear.com/7.x/initials/svg?seed=student613
d83fa806-d07f-470a-8edb-d07e29008a53,7be5986b-4a9c-4e40-b8a4-a280862a7b08,23ESKCS614,REG20260614,Khushi Singhal,C,2023-2027,6,8.4,71.9,995682829873,APAR-2026-00614,+91-8686277792,AISHE-55439043,https://github.com/student614,https://leetcode.com/student614,https://linkedin.com/in/student614-skit,https://uei-resumes.s3.amazonaws.com/23ESKCS614.pdf,https://api.dicebear.com/7.x/initials/svg?seed=student614
95225e7e-5ef7-420f-a5f1-41349acc160e,6df65c15-49ef-4828-af06-c811f5754195,23ESKCS615,REG20260615,Ansh Singh,E,2023-2027,6,5.17,75.7,996376474666,APAR-2026-00615,+91-7991617660,AISHE-72360629,https://github.com/student615,https://leetcode.com/student615,https://linkedin.com/in/student615-skit,https://uei-resumes.s3.amazonaws.com/23ESKCS615.pdf,https://api.dicebear.com/7.x/initials/svg?seed=student615
7bb988a3-2d40-478d-a082-050dae71947f,7f3b5bc7-c956-4e0f-a3f3-c7fe10fb1fce,23ESKCS616,REG20260616,Kunal Singh,D,2024-2028,4,8.17,75.5,991458762706,APAR-2026-00616,+91-9778321204,AISHE-34464938,https://github.com/student616,https://leetcode.com/student616,https://linkedin.com/in/student616-skit,https://uei-resumes.s3.amazonaws.com/23ESKCS616.pdf,https://api.dicebear.com/7.x/initials/svg?seed=student616
c1942ffb-178b-43e8-b25c-2261a2fafb15,50942e64-8096-47f2-ab6b-54e8da0406c2,23ESKCS617,REG20260617,Shivam Bansal,D,2025-2029,2,7.22,73.4,997638924363,APAR-2026-00617,+91-7167753684,AISHE-71428713,https://github.com/student617,https://leetcode.com/student617,https://linkedin.com/in/student617-skit,https://uei-resumes.s3.amazonaws.com/23ESKCS617.pdf,https://api.dicebear.com/7.x/initials/svg?seed=student617
9d306591-85b0-413f-b465-9dec20a52ce0,f48e8d2d-38bc-4ce2-afae-7f4ddd19db81,23ESKCS618,REG20260618,Ayush Meena,D,2025-2029,2,7.51,76.5,993601954497,APAR-2026-00618,+91-6415081566,AISHE-37057085,https://github.com/student618,https://leetcode.com/student618,https://linkedin.com/in/student618-skit,https://uei-resumes.s3.amazonaws.com/23ESKCS618.pdf,https://api.dicebear.com/7.x/initials/svg?seed=student618
1f1d2a35-1920-4d99-8b6a-c2d552ce37cb,bab9a3b9-36e8-42a1-86be-d6b999dc1827,23ESKCS619,REG20260619,Vaibhav Srivastava,B,2025-2029,2,6.42,75.4,994723534507,APAR-2026-00619,+91-6949447049,AISHE-36772387,https://github.com/student619,https://leetcode.com/student619,https://linkedin.com/in/student619-skit,https://uei-resumes.s3.amazonaws.com/23ESKCS619.pdf,https://api.dicebear.com/7.x/initials/svg?seed=student619
95b069e9-bb66-4498-afec-710b5cf149e8,af24c3fa-d268-421d-b3a2-85b3c5fc8c79,23ESKCS620,REG20260620,Nikhil Joshi,C,2023-2027,6,9.26,71.3,992277421645,APAR-2026-00620,+91-6438868427,AISHE-51617680,https://github.com/student620,https://leetcode.com/student620,https://linkedin.com/in/student620-skit,https://uei-resumes.s3.amazonaws.com/23ESKCS620.pdf,https://api.dicebear.com/7.x/initials/svg?seed=student620
e7331a31-ce9f-40b2-a318-d4d4757c59ed,379029d9-3b52-47a8-be9b-66c5512ea6f8,23ESKCS621,REG20260621,Khushi Soni,D,2023-2027,6,7.33,82.9,997406767757,APAR-2026-00621,+91-9975535611,AISHE-82884346,https://github.com/student621,https://leetcode.com/student621,https://linkedin.com/in/student621-skit,https://uei-resumes.s3.amazonaws.com/23ESKCS621.pdf,https://api.dicebear.com/7.x/initials/svg?seed=student621
4a9c827e-4f21-405b-96d1-2fa16cf3c9e2,72cfeff9-8ba1-49a4-8163-c6c247d7b98d,23ESKCS622,REG20260622,Parth Chaudhary,B,2025-2029,2,6.28,78.1,998463731979,APAR-2026-00622,+91-9371993587,AISHE-14915156,https://github.com/student622,https://leetcode.com/student622,https://linkedin.com/in/student622-skit,https://uei-resumes.s3.amazonaws.com/23ESKCS622.pdf,https://api.dicebear.com/7.x/initials/svg?seed=student622
312f8616-7c11-4091-a381-a18e9111c559,1d534942-0937-4d1a-a98b-08aecc09ad08,23ESKCS623,REG20260623,Tanmay Dhankar,D,2024-2028,4,8.2,78.6,996607283980,APAR-2026-00623,+91-7407209235,AISHE-57912262,https://github.com/student623,https://leetcode.com/student623,https://linkedin.com/in/student623-skit,https://uei-resumes.s3.amazonaws.com/23ESKCS623.pdf,https://api.dicebear.com/7.x/initials/svg?seed=student623
b5d6968a-5873-453e-a6a2-534d7cbaea93,3f987dea-73f4-46a5-badb-d6975dfd2985,23ESKCS624,REG20260624,Varun Soni,B,2026-2030,1,7.68,69.2,994157540198,APAR-2026-00624,+91-6804086195,AISHE-54550177,https://github.com/student624,https://leetcode.com/student624,https://linkedin.com/in/student624-skit,https://uei-resumes.s3.amazonaws.com/23ESKCS624.pdf,https://api.dicebear.com/7.x/initials/svg?seed=student624
3a44ec3c-dd33-41e6-b043-bb7ec9c58683,ac2d3b7f-051b-4dd4-985a-4f2aae5e3254,23ESKCS625,REG20260625,Kashish Gupta,A,2026-2030,1,6.59,86.6,993449808809,APAR-2026-00625,+91-8233654018,AISHE-59394697,https://github.com/student625,https://leetcode.com/student625,https://linkedin.com/in/student625-skit,https://uei-resumes.s3.amazonaws.com/23ESKCS625.pdf,https://api.dicebear.com/7.x/initials/svg?seed=student625
12ecd442-52e2-432e-b9c5-436aa62ab373,76884c0a-ab85-4435-ae46-cd7a26fe9e87,23ESKCS626,REG20260626,Siddharth Soni,B,2023-2027,6,8.19,77.3,991724801341,APAR-2026-00626,+91-9529520110,AISHE-69020451,https://github.com/student626,https://leetcode.com/student626,https://linkedin.com/in/student626-skit,https://uei-resumes.s3.amazonaws.com/23ESKCS626.pdf,https://api.dicebear.com/7.x/initials/svg?seed=student626
8e48936a-48b0-4cd4-aca7-8a60f3d82a38,985a71ad-7139-4598-8b86-658cdd4769c1,23ESKCS627,REG20260627,Aniket Meena,B,2023-2027,6,8.86,79.7,999281920463,APAR-2026-00627,+91-9464037804,AISHE-35074182,https://github.com/student627,https://leetcode.com/student627,https://linkedin.com/in/student627-skit,https://uei-resumes.s3.amazonaws.com/23ESKCS627.pdf,https://api.dicebear.com/7.x/initials/svg?seed=student627
f6330253-6ea8-4ef7-a826-76a4e5f290e6,33783c04-4284-442f-a08e-321342dc102f,23ESKCS628,REG20260628,Gaurav Gupta,C,2025-2029,2,7.37,67.7,998834402150,APAR-2026-00628,+91-9843102880,AISHE-76776459,https://github.com/student628,https://leetcode.com/student628,https://linkedin.com/in/student628-skit,https://uei-resumes.s3.amazonaws.com/23ESKCS628.pdf,https://api.dicebear.com/7.x/initials/svg?seed=student628
94839a0a-17c3-4e71-9c30-c5fc1d0c1b12,f6b13aed-1705-4ea5-9a3b-747aeddaaefc,23ESKCS629,REG20260629,Aditi Khandelwal,C,2024-2028,4,5.47,62.3,992967799889,APAR-2026-00629,+91-8956084565,AISHE-79696025,https://github.com/student629,https://leetcode.com/student629,https://linkedin.com/in/student629-skit,https://uei-resumes.s3.amazonaws.com/23ESKCS629.pdf,https://api.dicebear.com/7.x/initials/svg?seed=student629
b78b6641-2d3b-4d61-a25e-5b70360aabc5,22c69b4c-bbcf-4d7d-831f-3e69fd979c86,23ESKCS630,REG20260630,Utkarsh Gupta,D,2026-2030,1,7.32,70.1,999999156595,APAR-2026-00630,+91-8960226208,AISHE-21087928,https://github.com/student630,https://leetcode.com/student630,https://linkedin.com/in/student630-skit,https://uei-resumes.s3.amazonaws.com/23ESKCS630.pdf,https://api.dicebear.com/7.x/initials/svg?seed=student630
48fb2dfb-66c8-4082-b603-925c2121bb34,4b9e779a-eed0-45c6-96fe-c9b83a01a72b,23ESKCS631,REG20260631,Manish Singhal,E,2023-2027,6,8.82,78.9,996931082164,APAR-2026-00631,+91-9184747224,AISHE-67795113,https://github.com/student631,https://leetcode.com/student631,https://linkedin.com/in/student631-skit,https://uei-resumes.s3.amazonaws.com/23ESKCS631.pdf,https://api.dicebear.com/7.x/initials/svg?seed=student631
9b750ad9-9ae5-4f3f-bdd3-a60f23ba1f83,cc7b0825-6cfc-4e9e-ad61-38d48f7cb2d8,23ESKCS632,REG20260632,Sameer Bansal,E,2024-2028,4,7.31,91.5,999290691095,APAR-2026-00632,+91-7685698675,AISHE-49428661,https://github.com/student632,https://leetcode.com/student632,https://linkedin.com/in/student632-skit,https://uei-resumes.s3.amazonaws.com/23ESKCS632.pdf,https://api.dicebear.com/7.x/initials/svg?seed=student632
78909ea2-6855-49d0-bab9-321bda3984dd,5b54946f-a6b5-4231-b91c-e4434b958e1e,23ESKCS633,REG20260633,Rohan Mishra,B,2025-2029,2,7.67,80.7,995844171177,APAR-2026-00633,+91-8210163669,AISHE-20746667,https://github.com/student633,https://leetcode.com/student633,https://linkedin.com/in/student633-skit,https://uei-resumes.s3.amazonaws.com/23ESKCS633.pdf,https://api.dicebear.com/7.x/initials/svg?seed=student633
4589164c-d275-47b0-8c9e-f9fdb74594c8,db66eae9-15f6-4fad-94e9-6859f6300940,23ESKCS634,REG20260634,Parth Khandelwal,C,2025-2029,2,6.12,77.2,996003567424,APAR-2026-00634,+91-8809656613,AISHE-49680122,https://github.com/student634,https://leetcode.com/student634,https://linkedin.com/in/student634-skit,https://uei-resumes.s3.amazonaws.com/23ESKCS634.pdf,https://api.dicebear.com/7.x/initials/svg?seed=student634
1df0ef92-2c69-4e66-87da-62e8185dac87,3b9bedf6-95e9-4653-9eea-efad6664e1e4,23ESKCS635,REG20260635,Sameer Srivastava,D,2023-2027,6,7.55,81.9,991786586002,APAR-2026-00635,+91-8578798403,AISHE-90882505,https://github.com/student635,https://leetcode.com/student635,https://linkedin.com/in/student635-skit,https://uei-resumes.s3.amazonaws.com/23ESKCS635.pdf,https://api.dicebear.com/7.x/initials/svg?seed=student635
e52949df-5928-4aaf-8e10-4ef6cdcb6d23,db346114-1e6b-4226-8548-e08201010287,23ESKCS636,REG20260636,Ansh Patel,A,2026-2030,1,6.23,92.1,997378883345,APAR-2026-00636,+91-9278933456,AISHE-69580374,https://github.com/student636,https://leetcode.com/student636,https://linkedin.com/in/student636-skit,https://uei-resumes.s3.amazonaws.com/23ESKCS636.pdf,https://api.dicebear.com/7.x/initials/svg?seed=student636
c9f54af6-5ba7-49a6-b967-db9c30bcc087,ae7e66a3-a85a-4841-90b1-8b1df5e2fa6a,23ESKCS637,REG20260637,Ansh Meena,A,2024-2028,4,7.91,73.4,993515465317,APAR-2026-00637,+91-8580101819,AISHE-15684813,https://github.com/student637,https://leetcode.com/student637,https://linkedin.com/in/student637-skit,https://uei-resumes.s3.amazonaws.com/23ESKCS637.pdf,https://api.dicebear.com/7.x/initials/svg?seed=student637
b202b3df-ac05-4fce-b02b-68c6b6b9ec4d,03f29de3-ade5-499b-a327-59219ae4ada7,23ESKCS638,REG20260638,Sanjay Dhankar,D,2023-2027,6,7.43,91.4,992411574432,APAR-2026-00638,+91-8760191749,AISHE-68376726,https://github.com/student638,https://leetcode.com/student638,https://linkedin.com/in/student638-skit,https://uei-resumes.s3.amazonaws.com/23ESKCS638.pdf,https://api.dicebear.com/7.x/initials/svg?seed=student638
e6e9a470-fad6-41c1-ad29-6ece296a80bb,2b580f9a-c1a4-4454-bc10-0949e2105403,23ESKCS639,REG20260639,Mehak Singh,A,2025-2029,2,7.68,82.2,998127667135,APAR-2026-00639,+91-8786624943,AISHE-17698469,https://github.com/student639,https://leetcode.com/student639,https://linkedin.com/in/student639-skit,https://uei-resumes.s3.amazonaws.com/23ESKCS639.pdf,https://api.dicebear.com/7.x/initials/svg?seed=student639
16383687-f45e-434a-afaf-d6a562f498be,072dffbe-5fa1-41b6-920a-f93bb6b0dbdc,23ESKCS640,REG20260640,Aarav Kumar,A,2026-2030,1,6.52,94.4,993444516879,APAR-2026-00640,+91-6820678212,AISHE-95565484,https://github.com/student640,https://leetcode.com/student640,https://linkedin.com/in/student640-skit,https://uei-resumes.s3.amazonaws.com/23ESKCS640.pdf,https://api.dicebear.com/7.x/initials/svg?seed=student640
117e01b1-419c-4978-8e31-27aeed6b520a,c4d91c85-0408-42f6-b281-6fcfece06309,23ESKCS641,REG20260641,Khushi Bansal,A,2026-2030,1,8.17,83.1,992713336608,APAR-2026-00641,+91-9490102359,AISHE-78865239,https://github.com/student641,https://leetcode.com/student641,https://linkedin.com/in/student641-skit,https://uei-resumes.s3.amazonaws.com/23ESKCS641.pdf,https://api.dicebear.com/7.x/initials/svg?seed=student641
3b3054d6-369d-41fe-b36c-3954a9b0cdfd,6dc30d0c-2f4d-43d6-bd2b-34e293d8b8cb,23ESKCS642,REG20260642,Nikhil Khandelwal,B,2023-2027,6,6.75,97.4,999253637849,APAR-2026-00642,+91-7133436988,AISHE-29163535,https://github.com/student642,https://leetcode.com/student642,https://linkedin.com/in/student642-skit,https://uei-resumes.s3.amazonaws.com/23ESKCS642.pdf,https://api.dicebear.com/7.x/initials/svg?seed=student642
14782e0a-46cc-42a7-9b74-f972af5f186f,b38a167e-1d7f-4ac7-8229-d6d3f3464b5e,23ESKCS643,REG20260643,Anjali Meena,E,2024-2028,4,4.91,80.0,997341260181,APAR-2026-00643,+91-9137365109,AISHE-26942307,https://github.com/student643,https://leetcode.com/student643,https://linkedin.com/in/student643-skit,https://uei-resumes.s3.amazonaws.com/23ESKCS643.pdf,https://api.dicebear.com/7.x/initials/svg?seed=student643
e709cd63-0940-4942-9a2e-6279b5673342,de4ecd60-e7c2-42f1-96bd-01a8339c9b62,23ESKCS644,REG20260644,Siddharth Dhankar,D,2026-2030,1,8.6,85.8,999475137807,APAR-2026-00644,+91-6353398109,AISHE-96592295,https://github.com/student644,https://leetcode.com/student644,https://linkedin.com/in/student644-skit,https://uei-resumes.s3.amazonaws.com/23ESKCS644.pdf,https://api.dicebear.com/7.x/initials/svg?seed=student644
6b907d9a-8065-474a-8bad-7551122e8c1a,f7561e2a-b3cd-411f-a562-d6281a4f5d5d,23ESKCS645,REG20260645,Rahul Rathore,E,2023-2027,6,7.07,89.9,997346292494,APAR-2026-00645,+91-8488856231,AISHE-61385847,https://github.com/student645,https://leetcode.com/student645,https://linkedin.com/in/student645-skit,https://uei-resumes.s3.amazonaws.com/23ESKCS645.pdf,https://api.dicebear.com/7.x/initials/svg?seed=student645
39bf36b7-b053-42c2-939f-c419bb61b575,f357e492-1f3b-433e-968c-4d9c31990b5f,23ESKCS646,REG20260646,Ishita Rathore,D,2025-2029,2,6.02,72.7,994939782170,APAR-2026-00646,+91-6749715626,AISHE-30594121,https://github.com/student646,https://leetcode.com/student646,https://linkedin.com/in/student646-skit,https://uei-resumes.s3.amazonaws.com/23ESKCS646.pdf,https://api.dicebear.com/7.x/initials/svg?seed=student646
37b6477b-72eb-4463-996c-9a0eed5f9613,6ea20b6b-212c-44d7-a5b2-9985a6e4d19d,23ESKCS647,REG20260647,Pranav Srivastava,E,2025-2029,2,6.42,90.0,991069873517,APAR-2026-00647,+91-9498320110,AISHE-59930790,https://github.com/student647,https://leetcode.com/student647,https://linkedin.com/in/student647-skit,https://uei-resumes.s3.amazonaws.com/23ESKCS647.pdf,https://api.dicebear.com/7.x/initials/svg?seed=student647
894ef0d9-6824-4d59-a097-f3d413892740,f5d059d9-6dd7-44c3-a928-7f7b1b4968f0,23ESKCS648,REG20260648,Nikhil Bansal,A,2026-2030,1,8.12,72.0,998173711520,APAR-2026-00648,+91-9919355714,AISHE-20319387,https://github.com/student648,https://leetcode.com/student648,https://linkedin.com/in/student648-skit,https://uei-resumes.s3.amazonaws.com/23ESKCS648.pdf,https://api.dicebear.com/7.x/initials/svg?seed=student648
e36650ad-b473-4508-88d7-99356c7cd0f5,1dc23374-0c8c-41bb-9deb-61da8f6ed37a,23ESKCS649,REG20260649,Dev Gupta,B,2023-2027,6,7.37,63.5,995751654011,APAR-2026-00649,+91-7668503222,AISHE-59251188,https://github.com/student649,https://leetcode.com/student649,https://linkedin.com/in/student649-skit,https://uei-resumes.s3.amazonaws.com/23ESKCS649.pdf,https://api.dicebear.com/7.x/initials/svg?seed=student649
6ab4f569-a668-4546-98c7-272c06409571,629a28a6-3824-41e3-b07a-9d63d1aab11f,23ESKCS650,REG20260650,Priya Pandey,D,2026-2030,1,6.68,97.5,997943866184,APAR-2026-00650,+91-9437568796,AISHE-97182566,https://github.com/student650,https://leetcode.com/student650,https://linkedin.com/in/student650-skit,https://uei-resumes.s3.amazonaws.com/23ESKCS650.pdf,https://api.dicebear.com/7.x/initials/svg?seed=student650
df61065c-0a4f-4fb1-9b92-e86c88aab30e,6090ca63-b42b-4f34-9148-10c1d5260267,23ESKCS651,REG20260651,Katyayini Bhardwaj,B,2024-2028,4,7.98,79.0,999658161214,APAR-2026-00651,+91-8368018471,AISHE-25226815,https://github.com/student651,https://leetcode.com/student651,https://linkedin.com/in/student651-skit,https://uei-resumes.s3.amazonaws.com/23ESKCS651.pdf,https://api.dicebear.com/7.x/initials/svg?seed=student651
b4f3fc08-dfc7-407f-a48a-e9995cb85ade,d66fed98-55ef-4e29-b135-5290ba591ecd,23ESKCS652,REG20260652,Tanmay Deshmukh,B,2026-2030,1,8.7,60.3,993313194386,APAR-2026-00652,+91-6889924866,AISHE-34970946,https://github.com/student652,https://leetcode.com/student652,https://linkedin.com/in/student652-skit,https://uei-resumes.s3.amazonaws.com/23ESKCS652.pdf,https://api.dicebear.com/7.x/initials/svg?seed=student652
8bc81522-a65f-436a-b15b-e30e34ba369d,d5580b3d-c6d3-4ae8-ad10-79cfea33f823,23ESKCS653,REG20260653,Ansh Dhankar,B,2026-2030,1,8.72,75.7,998987764922,APAR-2026-00653,+91-9655924752,AISHE-61940566,https://github.com/student653,https://leetcode.com/student653,https://linkedin.com/in/student653-skit,https://uei-resumes.s3.amazonaws.com/23ESKCS653.pdf,https://api.dicebear.com/7.x/initials/svg?seed=student653
8c0dd4b2-e2fa-4dac-9c61-f71cb9fca72a,b033dbe1-a7e7-499e-a0ce-f5771e461721,23ESKCS654,REG20260654,Nikhil Bansal,C,2023-2027,6,9.26,91.3,999585752895,APAR-2026-00654,+91-6381080560,AISHE-44935501,https://github.com/student654,https://leetcode.com/student654,https://linkedin.com/in/student654-skit,https://uei-resumes.s3.amazonaws.com/23ESKCS654.pdf,https://api.dicebear.com/7.x/initials/svg?seed=student654
6833a84b-cae2-4f55-aeee-c22d71848337,73798800-6c67-457d-b2a3-809d694c12fc,23ESKCS655,REG20260655,Vikas Singhal,D,2024-2028,4,7.07,65.4,995567743127,APAR-2026-00655,+91-9330393232,AISHE-92124765,https://github.com/student655,https://leetcode.com/student655,https://linkedin.com/in/student655-skit,https://uei-resumes.s3.amazonaws.com/23ESKCS655.pdf,https://api.dicebear.com/7.x/initials/svg?seed=student655
0a18551c-62eb-4cd9-a3d9-6f7eb2cf2b1c,be16f237-60f6-488e-b822-18997bf25f79,23ESKCS656,REG20260656,Tanmay Meena,D,2026-2030,1,8.38,79.7,996120465601,APAR-2026-00656,+91-8845156039,AISHE-75927774,https://github.com/student656,https://leetcode.com/student656,https://linkedin.com/in/student656-skit,https://uei-resumes.s3.amazonaws.com/23ESKCS656.pdf,https://api.dicebear.com/7.x/initials/svg?seed=student656
261a1c6d-ca73-48e8-ad71-ff4321c7569a,df468f25-b282-4cd1-9ea7-dc1a47414ad3,23ESKCS657,REG20260657,Utkarsh Kumar,E,2026-2030,1,8.08,85.2,998350343422,APAR-2026-00657,+91-7231680929,AISHE-28217159,https://github.com/student657,https://leetcode.com/student657,https://linkedin.com/in/student657-skit,https://uei-resumes.s3.amazonaws.com/23ESKCS657.pdf,https://api.dicebear.com/7.x/initials/svg?seed=student657
8326ecc9-b00b-483b-b032-ed78852796c1,5a704e91-27cc-4193-9c84-a3b6e0139167,23ESKCS658,REG20260658,Yash Meena,D,2024-2028,4,6.7,72.3,994218022743,APAR-2026-00658,+91-6585377142,AISHE-33173544,https://github.com/student658,https://leetcode.com/student658,https://linkedin.com/in/student658-skit,https://uei-resumes.s3.amazonaws.com/23ESKCS658.pdf,https://api.dicebear.com/7.x/initials/svg?seed=student658
466ca839-b689-4476-9d1f-ccbc87bdbbd6,adb8b201-b364-47a3-be23-4f2515434292,23ESKCS659,REG20260659,Shreya Patel,A,2026-2030,1,8.71,74.0,992008110027,APAR-2026-00659,+91-9194264587,AISHE-52894344,https://github.com/student659,https://leetcode.com/student659,https://linkedin.com/in/student659-skit,https://uei-resumes.s3.amazonaws.com/23ESKCS659.pdf,https://api.dicebear.com/7.x/initials/svg?seed=student659
150cf0cf-578b-426a-98da-b9c6202ffe78,83041d39-3699-498a-906f-fa245840964e,23ESKCS660,REG20260660,Janvi Meena,B,2024-2028,4,8.6,57.9,995568408921,APAR-2026-00660,+91-8861863296,AISHE-18715975,https://github.com/student660,https://leetcode.com/student660,https://linkedin.com/in/student660-skit,https://uei-resumes.s3.amazonaws.com/23ESKCS660.pdf,https://api.dicebear.com/7.x/initials/svg?seed=student660
1b72a24f-b08f-49a4-a035-c9407cfe0e5f,2a6487e4-9e5e-449f-b311-235792a1617b,23ESKCS661,REG20260661,Janvi Kumar,C,2023-2027,6,7.59,64.6,994849655214,APAR-2026-00661,+91-8422076028,AISHE-31139996,https://github.com/student661,https://leetcode.com/student661,https://linkedin.com/in/student661-skit,https://uei-resumes.s3.amazonaws.com/23ESKCS661.pdf,https://api.dicebear.com/7.x/initials/svg?seed=student661
328336ab-7588-45a7-8ac0-422d2245d8b7,05acca3d-7e6f-4a8b-a6c3-756524af8c27,23ESKCS662,REG20260662,Akash Pandey,D,2023-2027,6,9.47,75.5,993415802578,APAR-2026-00662,+91-7952225000,AISHE-58518659,https://github.com/student662,https://leetcode.com/student662,https://linkedin.com/in/student662-skit,https://uei-resumes.s3.amazonaws.com/23ESKCS662.pdf,https://api.dicebear.com/7.x/initials/svg?seed=student662
4614f111-3026-4243-876e-3ce750ab5594,4b16ba53-d2b9-4965-a598-9319d8452b43,23ESKCS663,REG20260663,Gaurav Meena,B,2025-2029,2,6.87,60.5,994738737744,APAR-2026-00663,+91-7230311939,AISHE-36975128,https://github.com/student663,https://leetcode.com/student663,https://linkedin.com/in/student663-skit,https://uei-resumes.s3.amazonaws.com/23ESKCS663.pdf,https://api.dicebear.com/7.x/initials/svg?seed=student663
778b9820-9219-45b9-a52c-b41646381bb9,bec4a52d-12b1-4470-98fc-ddc9ef8a4e22,23ESKCS664,REG20260664,Divya Pandey,D,2023-2027,6,7.46,98.0,996760925853,APAR-2026-00664,+91-7354193540,AISHE-76306502,https://github.com/student664,https://leetcode.com/student664,https://linkedin.com/in/student664-skit,https://uei-resumes.s3.amazonaws.com/23ESKCS664.pdf,https://api.dicebear.com/7.x/initials/svg?seed=student664
0c5aa003-a3ff-4fda-9e60-5fa595d77120,81abb6d8-02ab-4696-900e-95409c046537,23ESKCS665,REG20260665,Yashvi Mishra,C,2024-2028,4,8.56,93.5,991980034274,APAR-2026-00665,+91-6487509692,AISHE-84359498,https://github.com/student665,https://leetcode.com/student665,https://linkedin.com/in/student665-skit,https://uei-resumes.s3.amazonaws.com/23ESKCS665.pdf,https://api.dicebear.com/7.x/initials/svg?seed=student665
42d9c168-fd14-43c0-b16a-ee1a15541af1,4da294d0-d9a5-44e8-8e28-75e352175fe7,23ESKCS666,REG20260666,Pranav Rathore,C,2023-2027,6,5.47,85.2,991298848944,APAR-2026-00666,+91-8601873197,AISHE-84040798,https://github.com/student666,https://leetcode.com/student666,https://linkedin.com/in/student666-skit,https://uei-resumes.s3.amazonaws.com/23ESKCS666.pdf,https://api.dicebear.com/7.x/initials/svg?seed=student666
713e38c0-a659-45c2-b1c0-a721df3d791f,5a4878bd-d59c-42e8-bb13-a12cb9323e28,23ESKCS667,REG20260667,Nikhil Bansal,B,2023-2027,6,10.0,74.2,999472515117,APAR-2026-00667,+91-7757074545,AISHE-21571646,https://github.com/student667,https://leetcode.com/student667,https://linkedin.com/in/student667-skit,https://uei-resumes.s3.amazonaws.com/23ESKCS667.pdf,https://api.dicebear.com/7.x/initials/svg?seed=student667
b0d6e898-db9a-4a7d-8e83-e1411e202459,a2165fd6-af17-4a0c-9bff-ec4960f41169,23ESKCS668,REG20260668,Katyayini Yadav,C,2025-2029,2,8.37,78.9,994953305221,APAR-2026-00668,+91-6432098383,AISHE-63440127,https://github.com/student668,https://leetcode.com/student668,https://linkedin.com/in/student668-skit,https://uei-resumes.s3.amazonaws.com/23ESKCS668.pdf,https://api.dicebear.com/7.x/initials/svg?seed=student668
09430dca-fd8c-41d9-a410-b11374f07e3e,436b94f2-c401-4dd6-a4b4-91e0124dd0ca,23ESKCS669,REG20260669,Sachin Singhal,E,2026-2030,1,6.59,56.7,992295067580,APAR-2026-00669,+91-9664461415,AISHE-65135987,https://github.com/student669,https://leetcode.com/student669,https://linkedin.com/in/student669-skit,https://uei-resumes.s3.amazonaws.com/23ESKCS669.pdf,https://api.dicebear.com/7.x/initials/svg?seed=student669
2f25aea6-f628-454d-94da-c033a75d09f7,ca61775b-0208-48d9-bdd9-a98e9e7ced38,23ESKCS670,REG20260670,Arjun Rathore,E,2025-2029,2,7.72,91.3,993730248487,APAR-2026-00670,+91-9984053945,AISHE-87161840,https://github.com/student670,https://leetcode.com/student670,https://linkedin.com/in/student670-skit,https://uei-resumes.s3.amazonaws.com/23ESKCS670.pdf,https://api.dicebear.com/7.x/initials/svg?seed=student670
3a493c90-6eab-4969-8522-1072ea4620ca,2e4c77e6-b7fe-44b0-b583-197ac0bdc35b,23ESKCS671,REG20260671,Janvi Jain,C,2026-2030,1,7.98,78.1,996896899337,APAR-2026-00671,+91-6234568604,AISHE-52550733,https://github.com/student671,https://leetcode.com/student671,https://linkedin.com/in/student671-skit,https://uei-resumes.s3.amazonaws.com/23ESKCS671.pdf,https://api.dicebear.com/7.x/initials/svg?seed=student671
aa83ea2c-6542-46be-8585-263bd02f139a,18825306-0466-4fef-986b-58659e19cdfd,23ESKCS672,REG20260672,Tanmay Chaudhary,D,2025-2029,2,7.29,78.0,996299293417,APAR-2026-00672,+91-6583156434,AISHE-72523073,https://github.com/student672,https://leetcode.com/student672,https://linkedin.com/in/student672-skit,https://uei-resumes.s3.amazonaws.com/23ESKCS672.pdf,https://api.dicebear.com/7.x/initials/svg?seed=student672
e04fdc39-93a8-42ed-8364-226fa8743f77,a0038881-724f-4cf7-9a97-854b8892521f,23ESKCS673,REG20260673,Sanjay Srivastava,B,2026-2030,1,6.5,77.5,993501256034,APAR-2026-00673,+91-8237798236,AISHE-83994695,https://github.com/student673,https://leetcode.com/student673,https://linkedin.com/in/student673-skit,https://uei-resumes.s3.amazonaws.com/23ESKCS673.pdf,https://api.dicebear.com/7.x/initials/svg?seed=student673
7d968e88-bbbc-42ce-88ea-a4568137d982,609e712d-513c-43ac-adf4-a1dcd93435e0,23ESKCS674,REG20260674,Varun Mishra,D,2023-2027,6,8.46,84.8,995853585020,APAR-2026-00674,+91-7924399252,AISHE-27318510,https://github.com/student674,https://leetcode.com/student674,https://linkedin.com/in/student674-skit,https://uei-resumes.s3.amazonaws.com/23ESKCS674.pdf,https://api.dicebear.com/7.x/initials/svg?seed=student674
73e3e45f-f043-4023-8fd5-48b1b21973ff,8be9aa36-73b0-4e4d-b89c-b3ca74f94e5a,23ESKCS675,REG20260675,Nikhil Singh,E,2026-2030,1,8.5,68.0,998028547114,APAR-2026-00675,+91-9639945876,AISHE-17437386,https://github.com/student675,https://leetcode.com/student675,https://linkedin.com/in/student675-skit,https://uei-resumes.s3.amazonaws.com/23ESKCS675.pdf,https://api.dicebear.com/7.x/initials/svg?seed=student675
c644ae21-03f9-47ac-888a-e9adcc3bd5ba,4062a8d1-5db7-4b91-b27e-67db83cbf739,23ESKCS676,REG20260676,Vikas Mishra,B,2024-2028,4,6.02,78.0,992965861536,APAR-2026-00676,+91-6656307931,AISHE-30537388,https://github.com/student676,https://leetcode.com/student676,https://linkedin.com/in/student676-skit,https://uei-resumes.s3.amazonaws.com/23ESKCS676.pdf,https://api.dicebear.com/7.x/initials/svg?seed=student676
da621c33-de01-4eb0-8abf-eec98a946ebc,3b4acfc8-4bf3-40d0-91ea-1626485a51f5,23ESKCS677,REG20260677,Vaibhav Gupta,D,2026-2030,1,8.09,79.8,997695968661,APAR-2026-00677,+91-8276799196,AISHE-31738837,https://github.com/student677,https://leetcode.com/student677,https://linkedin.com/in/student677-skit,https://uei-resumes.s3.amazonaws.com/23ESKCS677.pdf,https://api.dicebear.com/7.x/initials/svg?seed=student677
b69a176f-47a1-4ef4-9c21-1a8675f39902,76e2cac0-b7a9-4d34-8f4f-ab68b2a3fa98,23ESKCS678,REG20260678,Ansh Chaudhary,C,2025-2029,2,8.07,80.1,996890407435,APAR-2026-00678,+91-8861639583,AISHE-40262109,https://github.com/student678,https://leetcode.com/student678,https://linkedin.com/in/student678-skit,https://uei-resumes.s3.amazonaws.com/23ESKCS678.pdf,https://api.dicebear.com/7.x/initials/svg?seed=student678
6e21abd3-580d-4f8d-8855-8df61c01bb7f,5ef557e5-d763-406f-b391-1ba5c1d61bcc,23ESKCS679,REG20260679,Ayush Deshmukh,E,2026-2030,1,9.83,85.5,999113438950,APAR-2026-00679,+91-8657162259,AISHE-48124318,https://github.com/student679,https://leetcode.com/student679,https://linkedin.com/in/student679-skit,https://uei-resumes.s3.amazonaws.com/23ESKCS679.pdf,https://api.dicebear.com/7.x/initials/svg?seed=student679
d3fb4855-a101-4c14-a94d-ecd97e3191b6,bccc71a3-a396-4d10-bc5b-6602f005b145,23ESKCS680,REG20260680,Ansh Sharma,C,2023-2027,6,8.26,70.2,997756237365,APAR-2026-00680,+91-6369085407,AISHE-36347197,https://github.com/student680,https://leetcode.com/student680,https://linkedin.com/in/student680-skit,https://uei-resumes.s3.amazonaws.com/23ESKCS680.pdf,https://api.dicebear.com/7.x/initials/svg?seed=student680
f2323f7e-f5df-4968-9088-7aee14f4eb31,fe36d21d-e062-4fac-9c1a-de4cd3fc0a0d,23ESKCS681,REG20260681,Priya Yadav,E,2024-2028,4,7.51,65.5,992928761322,APAR-2026-00681,+91-8234400576,AISHE-93889081,https://github.com/student681,https://leetcode.com/student681,https://linkedin.com/in/student681-skit,https://uei-resumes.s3.amazonaws.com/23ESKCS681.pdf,https://api.dicebear.com/7.x/initials/svg?seed=student681
c604cd80-92e9-4f72-96ee-5f18f2411e2e,f719d515-b56f-4531-804b-bd7ce2a58b91,23ESKCS682,REG20260682,Nisha Mehta,B,2026-2030,1,7.21,81.4,999696467340,APAR-2026-00682,+91-8759737342,AISHE-81602209,https://github.com/student682,https://leetcode.com/student682,https://linkedin.com/in/student682-skit,https://uei-resumes.s3.amazonaws.com/23ESKCS682.pdf,https://api.dicebear.com/7.x/initials/svg?seed=student682
16a33464-ab52-4756-9a86-449f75b11a5f,2eea974a-7263-4c6e-8dd5-fe5f674c4975,23ESKCS683,REG20260683,Tanmay Chaudhary,E,2023-2027,6,7.99,92.8,994852002763,APAR-2026-00683,+91-6639633807,AISHE-96031876,https://github.com/student683,https://leetcode.com/student683,https://linkedin.com/in/student683-skit,https://uei-resumes.s3.amazonaws.com/23ESKCS683.pdf,https://api.dicebear.com/7.x/initials/svg?seed=student683
57ed2e05-c77a-4f69-8cf7-78c8758232f0,2c09e770-7160-4a3e-8c62-c4b1c1c05639,23ESKCS684,REG20260684,Aditi Joshi,B,2024-2028,4,8.5,60.1,997784127406,APAR-2026-00684,+91-7735449477,AISHE-87933054,https://github.com/student684,https://leetcode.com/student684,https://linkedin.com/in/student684-skit,https://uei-resumes.s3.amazonaws.com/23ESKCS684.pdf,https://api.dicebear.com/7.x/initials/svg?seed=student684
a77cf863-61c0-4dc2-a0c0-8bc118253a33,762db714-a13f-47ad-8ffa-f1465146fdce,23ESKCS685,REG20260685,Rahul Agarwal,C,2026-2030,1,7.51,80.7,997562288083,APAR-2026-00685,+91-7283825267,AISHE-98413629,https://github.com/student685,https://leetcode.com/student685,https://linkedin.com/in/student685-skit,https://uei-resumes.s3.amazonaws.com/23ESKCS685.pdf,https://api.dicebear.com/7.x/initials/svg?seed=student685
30eee6e9-a212-4cd0-b537-21290b8b9e3a,ff4c9809-69c2-4bd3-8394-e9b09d7ad724,23ESKCS686,REG20260686,Sachin Dhankar,C,2024-2028,4,8.24,95.7,995957368819,APAR-2026-00686,+91-8705180256,AISHE-15529005,https://github.com/student686,https://leetcode.com/student686,https://linkedin.com/in/student686-skit,https://uei-resumes.s3.amazonaws.com/23ESKCS686.pdf,https://api.dicebear.com/7.x/initials/svg?seed=student686
dde68789-89a6-4de6-94f8-e8eb1a3f599e,4c2a76dd-190f-4cdc-a53c-05a6cf08d565,23ESKCS687,REG20260687,Khushi Dhankar,A,2023-2027,6,7.24,83.3,995906830726,APAR-2026-00687,+91-6187212377,AISHE-16101779,https://github.com/student687,https://leetcode.com/student687,https://linkedin.com/in/student687-skit,https://uei-resumes.s3.amazonaws.com/23ESKCS687.pdf,https://api.dicebear.com/7.x/initials/svg?seed=student687
18564a06-d03c-41ff-b809-34e413e95595,cef1d0c0-bd54-4f3b-9b48-5a1330e72772,23ESKCS688,REG20260688,Ansh Bansal,B,2024-2028,4,7.42,63.9,995789238026,APAR-2026-00688,+91-8799145494,AISHE-38294221,https://github.com/student688,https://leetcode.com/student688,https://linkedin.com/in/student688-skit,https://uei-resumes.s3.amazonaws.com/23ESKCS688.pdf,https://api.dicebear.com/7.x/initials/svg?seed=student688
d83832f5-1734-4f7e-a563-3d72a275e1f9,f20ca794-061e-471a-bc9f-6fa5ca9c2ef4,23ESKCS689,REG20260689,Nisha Soni,B,2023-2027,6,7.03,98.0,993899521387,APAR-2026-00689,+91-9763688866,AISHE-95763946,https://github.com/student689,https://leetcode.com/student689,https://linkedin.com/in/student689-skit,https://uei-resumes.s3.amazonaws.com/23ESKCS689.pdf,https://api.dicebear.com/7.x/initials/svg?seed=student689
81996176-e873-4bfd-ab3f-0c75096cbfff,3e24e02c-df7b-41e2-94d8-f16d48d14b72,23ESKCS690,REG20260690,Katyayini Singh,D,2026-2030,1,8.87,86.4,995157148306,APAR-2026-00690,+91-6634764290,AISHE-94176528,https://github.com/student690,https://leetcode.com/student690,https://linkedin.com/in/student690-skit,https://uei-resumes.s3.amazonaws.com/23ESKCS690.pdf,https://api.dicebear.com/7.x/initials/svg?seed=student690
9fe1bad4-ae63-4419-88ba-01dd166646c6,e4d70a8b-9f55-4db7-9c79-68d110334e96,23ESKCS691,REG20260691,Sachin Mishra,E,2026-2030,1,9.52,83.7,997960982019,APAR-2026-00691,+91-8789242701,AISHE-50546385,https://github.com/student691,https://leetcode.com/student691,https://linkedin.com/in/student691-skit,https://uei-resumes.s3.amazonaws.com/23ESKCS691.pdf,https://api.dicebear.com/7.x/initials/svg?seed=student691
1ea716bb-9a0b-4bfb-8309-27f15f00dd30,7fac7d1b-4aaa-442a-bec2-ddb893c59b80,23ESKCS692,REG20260692,Priya Joshi,E,2025-2029,2,8.03,69.4,993715308164,APAR-2026-00692,+91-9362935648,AISHE-64504816,https://github.com/student692,https://leetcode.com/student692,https://linkedin.com/in/student692-skit,https://uei-resumes.s3.amazonaws.com/23ESKCS692.pdf,https://api.dicebear.com/7.x/initials/svg?seed=student692
1bdf28f3-3c50-45b0-a013-366712b36e1d,0ab3256b-c46a-4bdf-bb42-25395785ec4c,23ESKCS693,REG20260693,Yash Sharma,E,2023-2027,6,7.02,89.0,992855264546,APAR-2026-00693,+91-8586989309,AISHE-19794273,https://github.com/student693,https://leetcode.com/student693,https://linkedin.com/in/student693-skit,https://uei-resumes.s3.amazonaws.com/23ESKCS693.pdf,https://api.dicebear.com/7.x/initials/svg?seed=student693
a8d38e72-9780-41a5-bf96-540ee5e6085b,33f96f6c-af39-4a13-bbce-6cc159b03500,23ESKCS694,REG20260694,Utkarsh Kumar,C,2026-2030,1,7.15,94.5,996676393087,APAR-2026-00694,+91-6269737590,AISHE-69002851,https://github.com/student694,https://leetcode.com/student694,https://linkedin.com/in/student694-skit,https://uei-resumes.s3.amazonaws.com/23ESKCS694.pdf,https://api.dicebear.com/7.x/initials/svg?seed=student694
51f87301-2d3b-46c7-b992-2d2a536a77c7,ad509f24-cec4-4aa6-9426-378825c8d370,23ESKCS695,REG20260695,Vaibhav Deshmukh,A,2026-2030,1,7.57,78.5,996040298851,APAR-2026-00695,+91-9619960692,AISHE-72336371,https://github.com/student695,https://leetcode.com/student695,https://linkedin.com/in/student695-skit,https://uei-resumes.s3.amazonaws.com/23ESKCS695.pdf,https://api.dicebear.com/7.x/initials/svg?seed=student695
f79c9f07-a125-4b05-9813-9ece9d090497,919e7c98-3e94-4a71-a200-0e99421e06da,23ESKCS696,REG20260696,Nikhil Sharma,A,2023-2027,6,4.94,72.9,995825033238,APAR-2026-00696,+91-7465278987,AISHE-91424562,https://github.com/student696,https://leetcode.com/student696,https://linkedin.com/in/student696-skit,https://uei-resumes.s3.amazonaws.com/23ESKCS696.pdf,https://api.dicebear.com/7.x/initials/svg?seed=student696
c71ed509-d656-4e2f-8147-6f70e32ad06d,9bbe6672-0d9a-4563-86ee-3a9985f5e276,23ESKCS697,REG20260697,Zoya Verma,A,2023-2027,6,4.66,84.5,992909446523,APAR-2026-00697,+91-7435632899,AISHE-52857920,https://github.com/student697,https://leetcode.com/student697,https://linkedin.com/in/student697-skit,https://uei-resumes.s3.amazonaws.com/23ESKCS697.pdf,https://api.dicebear.com/7.x/initials/svg?seed=student697
82853abe-eccc-4f08-a4bd-7545c118be57,658e1a20-a869-45e6-862a-35bedd104380,23ESKCS698,REG20260698,Manish Gupta,A,2025-2029,2,7.7,71.2,999504546877,APAR-2026-00698,+91-8528118701,AISHE-27551135,https://github.com/student698,https://leetcode.com/student698,https://linkedin.com/in/student698-skit,https://uei-resumes.s3.amazonaws.com/23ESKCS698.pdf,https://api.dicebear.com/7.x/initials/svg?seed=student698
f3304073-90ab-4af6-8d9c-7896102e6a70,d7f09972-7eb5-419d-b2e8-bf9b206393c4,23ESKCS699,REG20260699,Varun Verma,E,2024-2028,4,10.0,79.9,998037029512,APAR-2026-00699,+91-8652955706,AISHE-85383550,https://github.com/student699,https://leetcode.com/student699,https://linkedin.com/in/student699-skit,https://uei-resumes.s3.amazonaws.com/23ESKCS699.pdf,https://api.dicebear.com/7.x/initials/svg?seed=student699
fc73a073-b124-4bd5-bb86-7d25357071ed,bb787839-6e09-4f02-a34b-769cae51b9b2,23ESKCS700,REG20260700,Bhavya Sharma,B,2024-2028,4,7.98,80.8,991279384737,APAR-2026-00700,+91-6442648079,AISHE-42445506,https://github.com/student700,https://leetcode.com/student700,https://linkedin.com/in/student700-skit,https://uei-resumes.s3.amazonaws.com/23ESKCS700.pdf,https://api.dicebear.com/7.x/initials/svg?seed=student700
66189ab4-7e6f-4424-9998-c750776e2aa0,08df58fc-654c-4554-84d1-a049c6750362,23ESKCS701,REG20260701,Rohan Yadav,C,2024-2028,4,7.55,76.6,997934038113,APAR-2026-00701,+91-9231556899,AISHE-45899440,https://github.com/student701,https://leetcode.com/student701,https://linkedin.com/in/student701-skit,https://uei-resumes.s3.amazonaws.com/23ESKCS701.pdf,https://api.dicebear.com/7.x/initials/svg?seed=student701
bd787236-a7df-4f27-b9a5-5f483f9b46ce,387b3f13-63bf-47a3-9b11-bd4ae1de1165,23ESKCS702,REG20260702,Parth Soni,A,2025-2029,2,4.5,93.3,992176973947,APAR-2026-00702,+91-9366200875,AISHE-28908276,https://github.com/student702,https://leetcode.com/student702,https://linkedin.com/in/student702-skit,https://uei-resumes.s3.amazonaws.com/23ESKCS702.pdf,https://api.dicebear.com/7.x/initials/svg?seed=student702
17c3882a-6bfc-4535-beea-5c57a93bf0c5,dbe6135f-fef7-4ea9-a25d-5375971d3e04,23ESKCS703,REG20260703,Vikas Jain,A,2025-2029,2,8.69,71.8,992358248929,APAR-2026-00703,+91-6154337019,AISHE-48951595,https://github.com/student703,https://leetcode.com/student703,https://linkedin.com/in/student703-skit,https://uei-resumes.s3.amazonaws.com/23ESKCS703.pdf,https://api.dicebear.com/7.x/initials/svg?seed=student703
1833c95e-89ca-488c-83f6-db55b15be6c9,d2a24470-e899-444a-9e3f-e7d2ea5f1709,23ESKCS704,REG20260704,Aditi Yadav,B,2026-2030,1,9.98,72.1,991845579528,APAR-2026-00704,+91-9760756497,AISHE-66121095,https://github.com/student704,https://leetcode.com/student704,https://linkedin.com/in/student704-skit,https://uei-resumes.s3.amazonaws.com/23ESKCS704.pdf,https://api.dicebear.com/7.x/initials/svg?seed=student704
510d08a6-65bc-4888-9ecd-7e637777e85d,1f1678df-987e-4e29-b320-204ca8ba27c2,23ESKCS705,REG20260705,Aditi Patel,D,2023-2027,6,5.99,70.0,992075500502,APAR-2026-00705,+91-7271476207,AISHE-53947691,https://github.com/student705,https://leetcode.com/student705,https://linkedin.com/in/student705-skit,https://uei-resumes.s3.amazonaws.com/23ESKCS705.pdf,https://api.dicebear.com/7.x/initials/svg?seed=student705
fb5465af-b2ce-4889-bf1a-bb209b543f4e,3ba0330a-3a05-467b-b0f9-0866b475579e,23ESKCS706,REG20260706,Akash Kumar,E,2024-2028,4,9.35,71.9,997955985387,APAR-2026-00706,+91-8303832812,AISHE-31386576,https://github.com/student706,https://leetcode.com/student706,https://linkedin.com/in/student706-skit,https://uei-resumes.s3.amazonaws.com/23ESKCS706.pdf,https://api.dicebear.com/7.x/initials/svg?seed=student706
19db61bb-5108-40fe-8cba-ad1acee0730e,777a7a53-db41-4182-8d74-afcfd02bcd45,23ESKCS707,REG20260707,Aniket Bansal,A,2026-2030,1,6.5,98.0,991547762084,APAR-2026-00707,+91-9652681586,AISHE-72654864,https://github.com/student707,https://leetcode.com/student707,https://linkedin.com/in/student707-skit,https://uei-resumes.s3.amazonaws.com/23ESKCS707.pdf,https://api.dicebear.com/7.x/initials/svg?seed=student707
916ea757-e807-45e5-a720-8767c5ee1cf5,b07cfe39-f5c9-4e8d-ae31-779bf5106536,23ESKCS708,REG20260708,Sneha Mishra,A,2023-2027,6,6.72,65.9,996933306141,APAR-2026-00708,+91-9431292818,AISHE-76755908,https://github.com/student708,https://leetcode.com/student708,https://linkedin.com/in/student708-skit,https://uei-resumes.s3.amazonaws.com/23ESKCS708.pdf,https://api.dicebear.com/7.x/initials/svg?seed=student708
cfb9f426-6c61-4aa5-85f6-271515a6c269,5ff124e2-8e5e-4837-af10-535fa9897d25,23ESKCS709,REG20260709,Tanya Singhal,A,2026-2030,1,5.81,91.6,993659575005,APAR-2026-00709,+91-6196689473,AISHE-62780072,https://github.com/student709,https://leetcode.com/student709,https://linkedin.com/in/student709-skit,https://uei-resumes.s3.amazonaws.com/23ESKCS709.pdf,https://api.dicebear.com/7.x/initials/svg?seed=student709
c0e077b4-548f-4c33-9a4e-b3722e77fefc,464f6245-ea2d-4117-a140-364cd9508fcd,23ESKCS710,REG20260710,Pranav Rathore,C,2024-2028,4,7.55,79.6,994063597607,APAR-2026-00710,+91-9358480413,AISHE-38876195,https://github.com/student710,https://leetcode.com/student710,https://linkedin.com/in/student710-skit,https://uei-resumes.s3.amazonaws.com/23ESKCS710.pdf,https://api.dicebear.com/7.x/initials/svg?seed=student710
af537692-9020-4300-8c7a-5f3ebb8fd0ca,e33589ba-f04f-489d-be83-d1aff85f4d91,23ESKCS711,REG20260711,Arjun Soni,E,2025-2029,2,6.55,88.4,997961501568,APAR-2026-00711,+91-8152246275,AISHE-16783418,https://github.com/student711,https://leetcode.com/student711,https://linkedin.com/in/student711-skit,https://uei-resumes.s3.amazonaws.com/23ESKCS711.pdf,https://api.dicebear.com/7.x/initials/svg?seed=student711
a5ac9296-e848-4351-bd7b-9dee39cea3ad,2889f229-0083-4214-8329-e806216c561d,23ESKCS712,REG20260712,Arjun Khandelwal,E,2026-2030,1,5.66,77.2,996831464539,APAR-2026-00712,+91-8631388604,AISHE-90197611,https://github.com/student712,https://leetcode.com/student712,https://linkedin.com/in/student712-skit,https://uei-resumes.s3.amazonaws.com/23ESKCS712.pdf,https://api.dicebear.com/7.x/initials/svg?seed=student712
792afdf7-08ec-48f4-8bac-670a5347ed4c,c29e2f3f-f60d-4b5f-8480-e5f24080baa5,23ESKCS713,REG20260713,Shreya Kumar,C,2025-2029,2,8.82,76.0,991621053933,APAR-2026-00713,+91-9406819991,AISHE-82033413,https://github.com/student713,https://leetcode.com/student713,https://linkedin.com/in/student713-skit,https://uei-resumes.s3.amazonaws.com/23ESKCS713.pdf,https://api.dicebear.com/7.x/initials/svg?seed=student713
5a6d4646-27a2-44b4-859c-b9fe24289a00,4aff1667-7bd3-4fbd-9bbb-ea786cac5b5a,23ESKCS714,REG20260714,Akash Mishra,C,2024-2028,4,9.1,76.2,995588759280,APAR-2026-00714,+91-6215424112,AISHE-67838146,https://github.com/student714,https://leetcode.com/student714,https://linkedin.com/in/student714-skit,https://uei-resumes.s3.amazonaws.com/23ESKCS714.pdf,https://api.dicebear.com/7.x/initials/svg?seed=student714
15bb0eaf-5b47-4e1f-90fe-a437c541116b,a2130cb8-a58c-4f56-b37e-8d73e81bfcf7,23ESKCS715,REG20260715,Pranav Singhal,C,2025-2029,2,6.47,70.9,991696987265,APAR-2026-00715,+91-7383975609,AISHE-59093843,https://github.com/student715,https://leetcode.com/student715,https://linkedin.com/in/student715-skit,https://uei-resumes.s3.amazonaws.com/23ESKCS715.pdf,https://api.dicebear.com/7.x/initials/svg?seed=student715
11a69a4f-88ea-4b47-a2a8-05e46b64f4d8,ee5f0c09-40ac-4db5-85b1-8f04f85bade8,23ESKCS716,REG20260716,Harsh Agarwal,B,2024-2028,4,6.59,80.1,998793873896,APAR-2026-00716,+91-9492922240,AISHE-16072331,https://github.com/student716,https://leetcode.com/student716,https://linkedin.com/in/student716-skit,https://uei-resumes.s3.amazonaws.com/23ESKCS716.pdf,https://api.dicebear.com/7.x/initials/svg?seed=student716
8a098256-3eff-4121-8bb8-b0e8705539b4,4adb0099-4623-401b-ad82-8cb7d34f925b,23ESKCS717,REG20260717,Aarav Meena,A,2023-2027,6,6.44,89.4,995906579132,APAR-2026-00717,+91-9154930149,AISHE-86541906,https://github.com/student717,https://leetcode.com/student717,https://linkedin.com/in/student717-skit,https://uei-resumes.s3.amazonaws.com/23ESKCS717.pdf,https://api.dicebear.com/7.x/initials/svg?seed=student717
ef3f1624-7ab1-4a9b-939f-e677ebb360d0,0bb77ec3-35bd-4046-bf18-4eb1a3f5adcf,23ESKCS718,REG20260718,Mehak Bansal,A,2024-2028,4,7.64,84.9,999097655024,APAR-2026-00718,+91-7489256938,AISHE-84252324,https://github.com/student718,https://leetcode.com/student718,https://linkedin.com/in/student718-skit,https://uei-resumes.s3.amazonaws.com/23ESKCS718.pdf,https://api.dicebear.com/7.x/initials/svg?seed=student718
3fcad028-d89e-42be-a18b-a94532a70a96,ec9a4ccd-5afd-4a69-8897-a8e022fd9fd5,23ESKCS719,REG20260719,Dev Gupta,A,2024-2028,4,8.85,58.3,993909635832,APAR-2026-00719,+91-8178954113,AISHE-61854861,https://github.com/student719,https://leetcode.com/student719,https://linkedin.com/in/student719-skit,https://uei-resumes.s3.amazonaws.com/23ESKCS719.pdf,https://api.dicebear.com/7.x/initials/svg?seed=student719
d1d451aa-21ca-4233-afd4-555637b49547,e43c70ac-b6e1-4cf7-90be-69d54a15c405,23ESKCS720,REG20260720,Katyayini Pandey,B,2025-2029,2,8.04,63.4,999081684472,APAR-2026-00720,+91-9920772671,AISHE-83800569,https://github.com/student720,https://leetcode.com/student720,https://linkedin.com/in/student720-skit,https://uei-resumes.s3.amazonaws.com/23ESKCS720.pdf,https://api.dicebear.com/7.x/initials/svg?seed=student720
7db247af-6823-4298-b517-093dd0abbcb3,c1adfb1a-fd40-4a07-9d98-aaa92b401ccf,23ESKCS721,REG20260721,Divya Gupta,E,2026-2030,1,7.04,69.5,993732213168,APAR-2026-00721,+91-8986171278,AISHE-93650068,https://github.com/student721,https://leetcode.com/student721,https://linkedin.com/in/student721-skit,https://uei-resumes.s3.amazonaws.com/23ESKCS721.pdf,https://api.dicebear.com/7.x/initials/svg?seed=student721
3d8801ff-0630-430e-a453-05824da0b9c0,58a7bec8-ed16-49ff-968c-ff8cca5a0143,23ESKCS722,REG20260722,Sachin Khandelwal,B,2025-2029,2,7.43,94.0,993100198823,APAR-2026-00722,+91-6238151258,AISHE-22976369,https://github.com/student722,https://leetcode.com/student722,https://linkedin.com/in/student722-skit,https://uei-resumes.s3.amazonaws.com/23ESKCS722.pdf,https://api.dicebear.com/7.x/initials/svg?seed=student722
70b10dd7-ddc3-4fdc-b7bd-dce70749210d,12c5a34d-a25b-4553-b5f9-93812560612f,23ESKCS723,REG20260723,Siddharth Bhardwaj,B,2026-2030,1,7.41,62.7,997481786497,APAR-2026-00723,+91-9500718660,AISHE-55511258,https://github.com/student723,https://leetcode.com/student723,https://linkedin.com/in/student723-skit,https://uei-resumes.s3.amazonaws.com/23ESKCS723.pdf,https://api.dicebear.com/7.x/initials/svg?seed=student723
ebc71a0e-0ba4-4dee-9661-db64e672c294,c5397754-b0fe-470c-b02e-ee56f2cbfd0f,23ESKCS724,REG20260724,Vaibhav Patel,D,2026-2030,1,7.26,89.6,991157215109,APAR-2026-00724,+91-8910637681,AISHE-29363237,https://github.com/student724,https://leetcode.com/student724,https://linkedin.com/in/student724-skit,https://uei-resumes.s3.amazonaws.com/23ESKCS724.pdf,https://api.dicebear.com/7.x/initials/svg?seed=student724
28e36f0d-8920-44ce-9075-986fdbfe09bb,3a365b85-43a8-4f58-886e-1ac3f3fe58c6,23ESKCS725,REG20260725,Nikhil Gupta,C,2026-2030,1,8.6,69.3,996901746173,APAR-2026-00725,+91-7746889670,AISHE-78333267,https://github.com/student725,https://leetcode.com/student725,https://linkedin.com/in/student725-skit,https://uei-resumes.s3.amazonaws.com/23ESKCS725.pdf,https://api.dicebear.com/7.x/initials/svg?seed=student725
2a582e8f-eea9-4bfb-b2ae-152de1199ccb,a89fe987-ba76-4b30-bf2d-742c52bfac96,23ESKCS726,REG20260726,Pooja Rathore,C,2024-2028,4,6.24,72.3,997962682402,APAR-2026-00726,+91-9636954564,AISHE-15402922,https://github.com/student726,https://leetcode.com/student726,https://linkedin.com/in/student726-skit,https://uei-resumes.s3.amazonaws.com/23ESKCS726.pdf,https://api.dicebear.com/7.x/initials/svg?seed=student726
561a6a88-564d-4233-bffe-48347352024f,87e4393c-40a6-4766-9f69-1f2073771454,23ESKCS727,REG20260727,Rahul Kumar,C,2026-2030,1,8.68,80.3,995620905687,APAR-2026-00727,+91-6141783553,AISHE-28392710,https://github.com/student727,https://leetcode.com/student727,https://linkedin.com/in/student727-skit,https://uei-resumes.s3.amazonaws.com/23ESKCS727.pdf,https://api.dicebear.com/7.x/initials/svg?seed=student727
e9ef10b0-1171-4bea-8423-43c5b49dbe57,309f9241-03da-4f0f-8e9d-936bd3cbb850,23ESKCS728,REG20260728,Sachin Soni,A,2025-2029,2,7.89,76.3,995601407553,APAR-2026-00728,+91-8963251765,AISHE-73584863,https://github.com/student728,https://leetcode.com/student728,https://linkedin.com/in/student728-skit,https://uei-resumes.s3.amazonaws.com/23ESKCS728.pdf,https://api.dicebear.com/7.x/initials/svg?seed=student728
dbac6907-6549-4f27-a048-d3f0f9f33b03,1f6df290-0035-4542-9456-8d2782c2b69a,23ESKCS729,REG20260729,Kunal Joshi,C,2025-2029,2,8.0,92.4,992121568224,APAR-2026-00729,+91-9259923818,AISHE-91370909,https://github.com/student729,https://leetcode.com/student729,https://linkedin.com/in/student729-skit,https://uei-resumes.s3.amazonaws.com/23ESKCS729.pdf,https://api.dicebear.com/7.x/initials/svg?seed=student729
a95ff413-cfac-443c-ad48-0a89ddd9fa7b,8ba915bd-7af7-472e-b2da-ff5f397bf136,23ESKCS730,REG20260730,Nikhil Mehta,E,2023-2027,6,5.98,80.8,992707272214,APAR-2026-00730,+91-7452150647,AISHE-92284610,https://github.com/student730,https://leetcode.com/student730,https://linkedin.com/in/student730-skit,https://uei-resumes.s3.amazonaws.com/23ESKCS730.pdf,https://api.dicebear.com/7.x/initials/svg?seed=student730
2bdabcc3-2e70-4201-b02c-45a7cd76215e,dc0db22c-da11-45b2-bf5e-36a0cfb7a7c2,23ESKCS731,REG20260731,Rohan Singh,E,2026-2030,1,7.17,66.4,994401248581,APAR-2026-00731,+91-8274485243,AISHE-62741471,https://github.com/student731,https://leetcode.com/student731,https://linkedin.com/in/student731-skit,https://uei-resumes.s3.amazonaws.com/23ESKCS731.pdf,https://api.dicebear.com/7.x/initials/svg?seed=student731
cdf960cc-20f0-4ed5-b302-3416ee54ce91,839114a2-d24b-438a-9f07-d0a7f9a7be1b,23ESKCS732,REG20260732,Gaurav Pandey,D,2023-2027,6,6.29,88.7,995846207645,APAR-2026-00732,+91-8737506993,AISHE-55147280,https://github.com/student732,https://leetcode.com/student732,https://linkedin.com/in/student732-skit,https://uei-resumes.s3.amazonaws.com/23ESKCS732.pdf,https://api.dicebear.com/7.x/initials/svg?seed=student732
742ed6d3-a679-4e0e-bf16-5bc8d9f7a191,4fe52c39-5df0-4f3f-aa28-a189ab139908,23ESKCS733,REG20260733,Manish Kumar,B,2026-2030,1,5.61,86.8,996581899310,APAR-2026-00733,+91-9861003571,AISHE-85554415,https://github.com/student733,https://leetcode.com/student733,https://linkedin.com/in/student733-skit,https://uei-resumes.s3.amazonaws.com/23ESKCS733.pdf,https://api.dicebear.com/7.x/initials/svg?seed=student733
cf387281-581c-4a7e-8889-09483c9a887d,1924879e-16fc-4064-a88a-71bf206fbbbf,23ESKCS734,REG20260734,Kunal Singh,E,2026-2030,1,8.2,77.6,992677769495,APAR-2026-00734,+91-8609912042,AISHE-12232974,https://github.com/student734,https://leetcode.com/student734,https://linkedin.com/in/student734-skit,https://uei-resumes.s3.amazonaws.com/23ESKCS734.pdf,https://api.dicebear.com/7.x/initials/svg?seed=student734
947996c3-564a-4dec-b498-80fca7c5fef2,5c9783c9-8401-4c4f-b81c-bef024a5f1ed,23ESKCS735,REG20260735,Sanjay Pandey,C,2023-2027,6,8.25,93.0,991762941255,APAR-2026-00735,+91-8455665802,AISHE-24710878,https://github.com/student735,https://leetcode.com/student735,https://linkedin.com/in/student735-skit,https://uei-resumes.s3.amazonaws.com/23ESKCS735.pdf,https://api.dicebear.com/7.x/initials/svg?seed=student735
119148b9-3bd8-4d16-a1ba-2498025e7e5d,b0882e62-03c1-4cb4-a8ad-0f2ba7bdca4e,23ESKCS736,REG20260736,Divya Bhardwaj,D,2025-2029,2,7.67,87.3,993252262379,APAR-2026-00736,+91-9726745401,AISHE-51295819,https://github.com/student736,https://leetcode.com/student736,https://linkedin.com/in/student736-skit,https://uei-resumes.s3.amazonaws.com/23ESKCS736.pdf,https://api.dicebear.com/7.x/initials/svg?seed=student736
b9a45883-a739-48f5-9db4-571916cf5e78,58f86104-66d7-4aa7-a504-abb4eaea0e4a,23ESKCS737,REG20260737,Khushi Mishra,D,2024-2028,4,8.03,78.1,997092038338,APAR-2026-00737,+91-6740926818,AISHE-73698420,https://github.com/student737,https://leetcode.com/student737,https://linkedin.com/in/student737-skit,https://uei-resumes.s3.amazonaws.com/23ESKCS737.pdf,https://api.dicebear.com/7.x/initials/svg?seed=student737
4fb801ec-678c-4f37-b075-d58e3d1e135e,8d38229e-0243-4363-975a-db3d48c3c7c4,23ESKCS738,REG20260738,Gaurav Deshmukh,B,2025-2029,2,5.68,85.6,993039164683,APAR-2026-00738,+91-8803935444,AISHE-87641510,https://github.com/student738,https://leetcode.com/student738,https://linkedin.com/in/student738-skit,https://uei-resumes.s3.amazonaws.com/23ESKCS738.pdf,https://api.dicebear.com/7.x/initials/svg?seed=student738
c3a5bedc-3e08-43a4-a155-5c47bcb81f19,277307fa-bbdb-4327-9ff2-1d7a2010d1e5,23ESKCS739,REG20260739,Utkarsh Pandey,C,2024-2028,4,8.07,78.8,994468468845,APAR-2026-00739,+91-7874597473,AISHE-16892773,https://github.com/student739,https://leetcode.com/student739,https://linkedin.com/in/student739-skit,https://uei-resumes.s3.amazonaws.com/23ESKCS739.pdf,https://api.dicebear.com/7.x/initials/svg?seed=student739
0708a157-b514-40a7-b530-0db007b81a2d,b23563bd-3105-45d1-8f02-1b5edcd0d406,23ESKCS740,REG20260740,Pranav Pandey,E,2023-2027,6,7.32,69.5,997254789326,APAR-2026-00740,+91-9283085932,AISHE-80361272,https://github.com/student740,https://leetcode.com/student740,https://linkedin.com/in/student740-skit,https://uei-resumes.s3.amazonaws.com/23ESKCS740.pdf,https://api.dicebear.com/7.x/initials/svg?seed=student740
58eb9d6f-18ec-4cdc-9da3-0b4b778443b2,de744afd-d6c5-4ab0-b729-7bc572d112da,23ESKCS741,REG20260741,Siddharth Dhankar,D,2024-2028,4,8.11,92.3,997150722243,APAR-2026-00741,+91-9258672959,AISHE-42507072,https://github.com/student741,https://leetcode.com/student741,https://linkedin.com/in/student741-skit,https://uei-resumes.s3.amazonaws.com/23ESKCS741.pdf,https://api.dicebear.com/7.x/initials/svg?seed=student741
d8104ec1-8cad-4404-9997-2dcfe3a0d2d7,43bd8055-f1aa-499f-b151-23922b8a6872,23ESKCS742,REG20260742,Anjali Mehta,A,2024-2028,4,7.93,74.3,997604532476,APAR-2026-00742,+91-6714792641,AISHE-24749927,https://github.com/student742,https://leetcode.com/student742,https://linkedin.com/in/student742-skit,https://uei-resumes.s3.amazonaws.com/23ESKCS742.pdf,https://api.dicebear.com/7.x/initials/svg?seed=student742
2432e57e-0407-462e-8663-cc56f1dfd154,7564b456-a7b1-40f0-9f1b-d651e160fe5e,23ESKCS743,REG20260743,Gaurav Patel,D,2023-2027,6,7.88,78.4,996695183069,APAR-2026-00743,+91-7120333847,AISHE-69195194,https://github.com/student743,https://leetcode.com/student743,https://linkedin.com/in/student743-skit,https://uei-resumes.s3.amazonaws.com/23ESKCS743.pdf,https://api.dicebear.com/7.x/initials/svg?seed=student743
9cfbfbf7-f5bb-495e-abc8-561307573cd6,99b019ce-0732-49fc-b8c6-7cd3973ab08e,23ESKCS744,REG20260744,Pranav Agarwal,A,2026-2030,1,5.94,90.9,994675517685,APAR-2026-00744,+91-8549661921,AISHE-30324759,https://github.com/student744,https://leetcode.com/student744,https://linkedin.com/in/student744-skit,https://uei-resumes.s3.amazonaws.com/23ESKCS744.pdf,https://api.dicebear.com/7.x/initials/svg?seed=student744
1e467b4d-2a27-4953-84ca-3186375fc486,96ca5f87-7d63-4cda-b394-0ec9b91400d7,23ESKCS745,REG20260745,Arjun Kumar,D,2026-2030,1,6.92,79.6,993821890609,APAR-2026-00745,+91-9841419015,AISHE-37365878,https://github.com/student745,https://leetcode.com/student745,https://linkedin.com/in/student745-skit,https://uei-resumes.s3.amazonaws.com/23ESKCS745.pdf,https://api.dicebear.com/7.x/initials/svg?seed=student745
c0ea9146-1cce-4934-ab7f-bacaf6884e35,643116d7-509c-4ff3-9cc4-70dcd976abe1,23ESKCS746,REG20260746,Karan Dhankar,B,2023-2027,6,6.81,74.2,998479455709,APAR-2026-00746,+91-9638824588,AISHE-92071195,https://github.com/student746,https://leetcode.com/student746,https://linkedin.com/in/student746-skit,https://uei-resumes.s3.amazonaws.com/23ESKCS746.pdf,https://api.dicebear.com/7.x/initials/svg?seed=student746
5b235b87-58a4-48b8-8604-736ba413acae,046908f2-e6fa-4b56-a7a5-48720c84265d,23ESKCS747,REG20260747,Karan Deshmukh,D,2025-2029,2,8.23,94.2,993286205973,APAR-2026-00747,+91-9890099255,AISHE-18359252,https://github.com/student747,https://leetcode.com/student747,https://linkedin.com/in/student747-skit,https://uei-resumes.s3.amazonaws.com/23ESKCS747.pdf,https://api.dicebear.com/7.x/initials/svg?seed=student747
475036e4-6583-4e14-bf46-a1d0b9957a94,68a4c1b0-240e-485a-92fd-486f17ab7300,23ESKCS748,REG20260748,Rohan Soni,A,2026-2030,1,6.92,67.4,993569272451,APAR-2026-00748,+91-7656931857,AISHE-37828932,https://github.com/student748,https://leetcode.com/student748,https://linkedin.com/in/student748-skit,https://uei-resumes.s3.amazonaws.com/23ESKCS748.pdf,https://api.dicebear.com/7.x/initials/svg?seed=student748
1e7696b9-23a1-4c71-aae4-74468d8ccaba,cc9f7ce6-9d65-4215-ba43-ba503e3ad67a,23ESKCS749,REG20260749,Ishita Gupta,A,2023-2027,6,4.5,94.2,993873116065,APAR-2026-00749,+91-8811060614,AISHE-74205866,https://github.com/student749,https://leetcode.com/student749,https://linkedin.com/in/student749-skit,https://uei-resumes.s3.amazonaws.com/23ESKCS749.pdf,https://api.dicebear.com/7.x/initials/svg?seed=student749
c6617192-683f-4679-9385-97a56662d2df,c9d55333-b0b1-4160-aaec-ba950ba79c51,23ESKCS750,REG20260750,Bhavya Yadav,B,2023-2027,6,6.91,81.2,996700029209,APAR-2026-00750,+91-9436889280,AISHE-33244151,https://github.com/student750,https://leetcode.com/student750,https://linkedin.com/in/student750-skit,https://uei-resumes.s3.amazonaws.com/23ESKCS750.pdf,https://api.dicebear.com/7.x/initials/svg?seed=student750
e614247c-70a3-4902-afa8-4576857d67f0,6ceb3146-65b1-4600-8106-6192bb947dac,23ESKCS751,REG20260751,Sachin Mehta,D,2023-2027,6,7.46,83.7,992388854277,APAR-2026-00751,+91-9672440825,AISHE-55946354,https://github.com/student751,https://leetcode.com/student751,https://linkedin.com/in/student751-skit,https://uei-resumes.s3.amazonaws.com/23ESKCS751.pdf,https://api.dicebear.com/7.x/initials/svg?seed=student751
90f66b5f-7659-49c7-94ba-f10f0897b1ee,10dcf8ff-4a2f-4708-b875-9c120929ae77,23ESKCS752,REG20260752,Gaurav Pandey,B,2023-2027,6,6.87,71.1,997974637755,APAR-2026-00752,+91-8825708356,AISHE-96343485,https://github.com/student752,https://leetcode.com/student752,https://linkedin.com/in/student752-skit,https://uei-resumes.s3.amazonaws.com/23ESKCS752.pdf,https://api.dicebear.com/7.x/initials/svg?seed=student752
44cd8e9b-17bd-4a74-8b3f-cb8b844abb94,016c1105-d0bd-4d18-82a8-97af9bcbcc51,23ESKCS753,REG20260753,Zoya Singhal,D,2023-2027,6,6.9,59.6,993444717134,APAR-2026-00753,+91-8755064741,AISHE-74985553,https://github.com/student753,https://leetcode.com/student753,https://linkedin.com/in/student753-skit,https://uei-resumes.s3.amazonaws.com/23ESKCS753.pdf,https://api.dicebear.com/7.x/initials/svg?seed=student753
24b49df4-206a-4308-a1de-991983ec1d76,2ae4ad02-2b96-4afe-9789-d5acfcbb9552,23ESKCS754,REG20260754,Mohit Srivastava,B,2025-2029,2,8.32,95.1,998248294627,APAR-2026-00754,+91-7364697908,AISHE-47447604,https://github.com/student754,https://leetcode.com/student754,https://linkedin.com/in/student754-skit,https://uei-resumes.s3.amazonaws.com/23ESKCS754.pdf,https://api.dicebear.com/7.x/initials/svg?seed=student754
b6eabf04-0b2a-4be6-ab3e-4d19ebdc3e6e,3c195e66-95ae-4fda-a6f3-36855721d145,23ESKCS755,REG20260755,Aditi Singhal,E,2026-2030,1,6.13,89.1,995245063524,APAR-2026-00755,+91-8341449138,AISHE-49945150,https://github.com/student755,https://leetcode.com/student755,https://linkedin.com/in/student755-skit,https://uei-resumes.s3.amazonaws.com/23ESKCS755.pdf,https://api.dicebear.com/7.x/initials/svg?seed=student755
5a7326ad-a983-4333-975e-8f5cf239f7f4,11d65f83-ec86-42ca-b3cf-013d04e7cac8,23ESKCS756,REG20260756,Katyayini Jain,D,2024-2028,4,7.09,75.9,996903534028,APAR-2026-00756,+91-8856881618,AISHE-37820354,https://github.com/student756,https://leetcode.com/student756,https://linkedin.com/in/student756-skit,https://uei-resumes.s3.amazonaws.com/23ESKCS756.pdf,https://api.dicebear.com/7.x/initials/svg?seed=student756
79df76d3-d99f-439a-b8c9-3a3223c01ce6,336a2d30-a28e-4cac-92f2-c23750957881,23ESKCS757,REG20260757,Aditya Jain,E,2026-2030,1,7.33,68.7,996489511292,APAR-2026-00757,+91-9440419907,AISHE-74398125,https://github.com/student757,https://leetcode.com/student757,https://linkedin.com/in/student757-skit,https://uei-resumes.s3.amazonaws.com/23ESKCS757.pdf,https://api.dicebear.com/7.x/initials/svg?seed=student757
33dd859a-b85e-4af1-ba10-852847124770,a1c6a2ad-e6b5-4219-9241-2350b16767c2,23ESKCS758,REG20260758,Nisha Soni,C,2023-2027,6,7.66,96.2,992472007345,APAR-2026-00758,+91-8701818966,AISHE-46702849,https://github.com/student758,https://leetcode.com/student758,https://linkedin.com/in/student758-skit,https://uei-resumes.s3.amazonaws.com/23ESKCS758.pdf,https://api.dicebear.com/7.x/initials/svg?seed=student758
b7692caf-3ce0-4324-b3e7-e71753eccecb,abe9d850-69e2-4b83-8a9f-a42cfef74340,23ESKCS759,REG20260759,Ishita Srivastava,B,2026-2030,1,6.64,77.6,993704895314,APAR-2026-00759,+91-8230861323,AISHE-86970753,https://github.com/student759,https://leetcode.com/student759,https://linkedin.com/in/student759-skit,https://uei-resumes.s3.amazonaws.com/23ESKCS759.pdf,https://api.dicebear.com/7.x/initials/svg?seed=student759
1c58a4bd-69ae-4d4b-9fd8-77454795b634,6e7a5d86-9d6b-422f-85e6-175d4665f6e7,23ESKCS760,REG20260760,Akash Soni,B,2024-2028,4,7.92,83.3,991877776797,APAR-2026-00760,+91-9523625992,AISHE-56323191,https://github.com/student760,https://leetcode.com/student760,https://linkedin.com/in/student760-skit,https://uei-resumes.s3.amazonaws.com/23ESKCS760.pdf,https://api.dicebear.com/7.x/initials/svg?seed=student760
32c7f8d3-d121-4f2a-b7e2-8353d5d728da,e3350cc0-6b25-439a-a909-6b4d625e7cc0,23ESKCS761,REG20260761,Bhavya Yadav,B,2024-2028,4,5.95,85.4,996596774923,APAR-2026-00761,+91-7411871167,AISHE-15646068,https://github.com/student761,https://leetcode.com/student761,https://linkedin.com/in/student761-skit,https://uei-resumes.s3.amazonaws.com/23ESKCS761.pdf,https://api.dicebear.com/7.x/initials/svg?seed=student761
d2a60c24-4820-4d1d-8293-7cb77ec3144a,a49d6737-936b-4b12-8172-a2bf04dbaaa2,23ESKCS762,REG20260762,Priya Bhardwaj,C,2026-2030,1,6.43,87.1,993070177381,APAR-2026-00762,+91-8866803374,AISHE-20607151,https://github.com/student762,https://leetcode.com/student762,https://linkedin.com/in/student762-skit,https://uei-resumes.s3.amazonaws.com/23ESKCS762.pdf,https://api.dicebear.com/7.x/initials/svg?seed=student762
0ca18441-8ae3-4301-909d-69294c3c8a8c,82b48a14-6659-44b5-8682-fe350196a19c,23ESKCS763,REG20260763,Katyayini Singhal,E,2024-2028,4,6.69,76.3,996928988636,APAR-2026-00763,+91-8574997731,AISHE-98043078,https://github.com/student763,https://leetcode.com/student763,https://linkedin.com/in/student763-skit,https://uei-resumes.s3.amazonaws.com/23ESKCS763.pdf,https://api.dicebear.com/7.x/initials/svg?seed=student763
cb99d9de-7aec-49d6-8165-ecf0ed2125fd,bedc7487-d413-4e11-a587-cd75cbac5ede,23ESKCS764,REG20260764,Priya Bhardwaj,C,2024-2028,4,7.23,71.4,994934756718,APAR-2026-00764,+91-8902448600,AISHE-74300930,https://github.com/student764,https://leetcode.com/student764,https://linkedin.com/in/student764-skit,https://uei-resumes.s3.amazonaws.com/23ESKCS764.pdf,https://api.dicebear.com/7.x/initials/svg?seed=student764
a84061a3-3fc6-4725-acbc-25eb3254213a,c7aaf74e-03b9-4853-bf6c-c626e5cc94ed,23ESKCS765,REG20260765,Mehak Patel,D,2026-2030,1,10.0,67.8,996897612439,APAR-2026-00765,+91-7316968866,AISHE-82286705,https://github.com/student765,https://leetcode.com/student765,https://linkedin.com/in/student765-skit,https://uei-resumes.s3.amazonaws.com/23ESKCS765.pdf,https://api.dicebear.com/7.x/initials/svg?seed=student765
b21d7846-e4d1-4d9d-826f-a7fcf42d578a,b721e88c-bb3b-452c-962a-b48148af02ef,23ESKCS766,REG20260766,Aditya Chaudhary,D,2024-2028,4,7.84,89.6,998396987210,APAR-2026-00766,+91-8703462253,AISHE-46456416,https://github.com/student766,https://leetcode.com/student766,https://linkedin.com/in/student766-skit,https://uei-resumes.s3.amazonaws.com/23ESKCS766.pdf,https://api.dicebear.com/7.x/initials/svg?seed=student766
af7efda8-abad-4afa-87b8-dd2ebc032bc4,c0d99fda-120b-4de4-b899-3ac885f0a6c9,23ESKCS767,REG20260767,Vaibhav Bansal,D,2026-2030,1,7.32,70.3,998787318644,APAR-2026-00767,+91-7217281149,AISHE-92634772,https://github.com/student767,https://leetcode.com/student767,https://linkedin.com/in/student767-skit,https://uei-resumes.s3.amazonaws.com/23ESKCS767.pdf,https://api.dicebear.com/7.x/initials/svg?seed=student767
c0c6c9fc-b0c4-461b-8289-78b176bc5daa,e2982b19-9853-4efc-93ee-b5daf79de65d,23ESKCS768,REG20260768,Tanmay Deshmukh,C,2026-2030,1,8.04,76.4,991693325488,APAR-2026-00768,+91-7360337343,AISHE-16813620,https://github.com/student768,https://leetcode.com/student768,https://linkedin.com/in/student768-skit,https://uei-resumes.s3.amazonaws.com/23ESKCS768.pdf,https://api.dicebear.com/7.x/initials/svg?seed=student768
a2a233ea-4f6f-402a-956b-6db7782b6ef6,3383684a-124b-456a-baed-d89e816ca139,23ESKCS769,REG20260769,Mohit Mehta,E,2023-2027,6,6.63,77.7,992816534353,APAR-2026-00769,+91-7784987769,AISHE-41250794,https://github.com/student769,https://leetcode.com/student769,https://linkedin.com/in/student769-skit,https://uei-resumes.s3.amazonaws.com/23ESKCS769.pdf,https://api.dicebear.com/7.x/initials/svg?seed=student769
0c1b69a6-351f-46b8-aac1-cb2bcbc389a9,eae3f386-4431-4727-83ba-b2a8e028666a,23ESKCS770,REG20260770,Sachin Srivastava,D,2025-2029,2,7.2,60.2,994734121722,APAR-2026-00770,+91-6207586738,AISHE-65472370,https://github.com/student770,https://leetcode.com/student770,https://linkedin.com/in/student770-skit,https://uei-resumes.s3.amazonaws.com/23ESKCS770.pdf,https://api.dicebear.com/7.x/initials/svg?seed=student770
ee5fc224-6c59-4ddb-b91a-411803a28036,777fbd93-a506-4294-adef-e42f32a245e4,23ESKCS771,REG20260771,Karan Yadav,B,2026-2030,1,7.36,77.3,993111935348,APAR-2026-00771,+91-8870257350,AISHE-73404979,https://github.com/student771,https://leetcode.com/student771,https://linkedin.com/in/student771-skit,https://uei-resumes.s3.amazonaws.com/23ESKCS771.pdf,https://api.dicebear.com/7.x/initials/svg?seed=student771
b5344a53-010a-4422-a779-e861dc881b3f,62515e20-0140-4fb1-986c-745ce2f79756,23ESKCS772,REG20260772,Nisha Soni,C,2026-2030,1,7.96,87.9,994023859704,APAR-2026-00772,+91-6831424323,AISHE-28450513,https://github.com/student772,https://leetcode.com/student772,https://linkedin.com/in/student772-skit,https://uei-resumes.s3.amazonaws.com/23ESKCS772.pdf,https://api.dicebear.com/7.x/initials/svg?seed=student772
8288120b-c4d4-47c7-8b90-e41f7f56c0eb,8f34228e-4ac3-4d0c-9852-c2ad41c9890a,23ESKCS773,REG20260773,Pooja Singh,B,2024-2028,4,8.01,96.0,996119106387,APAR-2026-00773,+91-6690936560,AISHE-31198492,https://github.com/student773,https://leetcode.com/student773,https://linkedin.com/in/student773-skit,https://uei-resumes.s3.amazonaws.com/23ESKCS773.pdf,https://api.dicebear.com/7.x/initials/svg?seed=student773
9d92ae85-11e0-4446-99b3-0a8c090d5d1c,c9205c87-5acb-40f6-9bd0-ce7bd765bc5c,23ESKCS774,REG20260774,Siddharth Chaudhary,B,2023-2027,6,7.09,88.8,992188684630,APAR-2026-00774,+91-9801038300,AISHE-73847325,https://github.com/student774,https://leetcode.com/student774,https://linkedin.com/in/student774-skit,https://uei-resumes.s3.amazonaws.com/23ESKCS774.pdf,https://api.dicebear.com/7.x/initials/svg?seed=student774
bd9a9373-eb55-4e9d-9c95-016a0b2be880,15803f91-6d06-4ed4-a975-129a1cfb567f,23ESKCS775,REG20260775,Utkarsh Chaudhary,A,2023-2027,6,7.1,98.0,991179784550,APAR-2026-00775,+91-9798510601,AISHE-36770527,https://github.com/student775,https://leetcode.com/student775,https://linkedin.com/in/student775-skit,https://uei-resumes.s3.amazonaws.com/23ESKCS775.pdf,https://api.dicebear.com/7.x/initials/svg?seed=student775
1f5620e1-bac2-4190-89cc-1945a52c4948,f7d4c6fb-2221-400f-89d6-00e67035edaf,23ESKCS776,REG20260776,Rohan Joshi,D,2026-2030,1,7.47,63.5,996740439409,APAR-2026-00776,+91-8444851196,AISHE-48307798,https://github.com/student776,https://leetcode.com/student776,https://linkedin.com/in/student776-skit,https://uei-resumes.s3.amazonaws.com/23ESKCS776.pdf,https://api.dicebear.com/7.x/initials/svg?seed=student776
365a4687-3e1d-4d9b-879b-89931ae7ceda,7b309297-0598-41de-bbf7-65524bd6ff0d,23ESKCS777,REG20260777,Mehak Srivastava,D,2026-2030,1,4.89,59.3,999044806337,APAR-2026-00777,+91-6925412179,AISHE-22007214,https://github.com/student777,https://leetcode.com/student777,https://linkedin.com/in/student777-skit,https://uei-resumes.s3.amazonaws.com/23ESKCS777.pdf,https://api.dicebear.com/7.x/initials/svg?seed=student777
75500e58-34d0-4a57-a948-5e06d86a38c1,9772ff9a-0dc3-4188-924e-457b36c3dcfa,23ESKCS778,REG20260778,Arjun Agarwal,E,2023-2027,6,8.06,72.0,994500620667,APAR-2026-00778,+91-7674615376,AISHE-15006085,https://github.com/student778,https://leetcode.com/student778,https://linkedin.com/in/student778-skit,https://uei-resumes.s3.amazonaws.com/23ESKCS778.pdf,https://api.dicebear.com/7.x/initials/svg?seed=student778
ebd8fd99-8fea-4d48-a553-40d2796af2a4,b8e55c28-2fd5-4721-8669-2beb32858f0f,23ESKCS779,REG20260779,Priya Rathore,D,2024-2028,4,9.11,78.8,992383767940,APAR-2026-00779,+91-7548700579,AISHE-33593960,https://github.com/student779,https://leetcode.com/student779,https://linkedin.com/in/student779-skit,https://uei-resumes.s3.amazonaws.com/23ESKCS779.pdf,https://api.dicebear.com/7.x/initials/svg?seed=student779
7efefd76-9db9-47d8-993c-a364b768b43d,13640534-b496-4a6d-b908-02849b35d6ea,23ESKCS780,REG20260780,Yash Kumar,D,2024-2028,4,6.45,71.6,995644445507,APAR-2026-00780,+91-6997866344,AISHE-63283709,https://github.com/student780,https://leetcode.com/student780,https://linkedin.com/in/student780-skit,https://uei-resumes.s3.amazonaws.com/23ESKCS780.pdf,https://api.dicebear.com/7.x/initials/svg?seed=student780
90383e7d-7839-458c-8058-db94e51aa7a7,8d01ae0c-fbb4-41a9-bd52-3d7a77430995,23ESKCS781,REG20260781,Tanya Verma,A,2026-2030,1,7.18,85.5,993167397793,APAR-2026-00781,+91-9300050585,AISHE-48851599,https://github.com/student781,https://leetcode.com/student781,https://linkedin.com/in/student781-skit,https://uei-resumes.s3.amazonaws.com/23ESKCS781.pdf,https://api.dicebear.com/7.x/initials/svg?seed=student781
5d73d650-ba2e-4f23-811d-9030da56caeb,1ca19f38-f109-49ec-8b03-5c0495ff4d5d,23ESKCS782,REG20260782,Utkarsh Sharma,D,2024-2028,4,9.78,61.9,993322151001,APAR-2026-00782,+91-6109950544,AISHE-50049524,https://github.com/student782,https://leetcode.com/student782,https://linkedin.com/in/student782-skit,https://uei-resumes.s3.amazonaws.com/23ESKCS782.pdf,https://api.dicebear.com/7.x/initials/svg?seed=student782
d6010385-51c4-4a9e-a1d4-8cbcbb4dcdc2,d4cd40f6-895d-4805-85bb-74fb2e0eff6a,23ESKCS783,REG20260783,Anjali Mishra,A,2024-2028,4,8.36,74.3,992204127810,APAR-2026-00783,+91-6459748735,AISHE-48193218,https://github.com/student783,https://leetcode.com/student783,https://linkedin.com/in/student783-skit,https://uei-resumes.s3.amazonaws.com/23ESKCS783.pdf,https://api.dicebear.com/7.x/initials/svg?seed=student783
42b5019d-ede1-43f8-ab39-8768fa454a81,52bb8a64-a233-47f4-b7be-88933cead7e3,23ESKCS784,REG20260784,Tanya Chaudhary,B,2026-2030,1,8.95,87.6,994744956417,APAR-2026-00784,+91-9788603957,AISHE-82920556,https://github.com/student784,https://leetcode.com/student784,https://linkedin.com/in/student784-skit,https://uei-resumes.s3.amazonaws.com/23ESKCS784.pdf,https://api.dicebear.com/7.x/initials/svg?seed=student784
741b6fb2-4fdb-4515-a545-ac9e79d07794,b7130350-5df4-4678-a863-969b60021709,23ESKCS785,REG20260785,Tanmay Kumar,D,2026-2030,1,6.21,62.6,992002305557,APAR-2026-00785,+91-9244096091,AISHE-77674279,https://github.com/student785,https://leetcode.com/student785,https://linkedin.com/in/student785-skit,https://uei-resumes.s3.amazonaws.com/23ESKCS785.pdf,https://api.dicebear.com/7.x/initials/svg?seed=student785
abde5451-01e8-46a3-83ab-265114261db1,2869386c-9188-4f63-aaf2-2b0a84ef23df,23ESKCS786,REG20260786,Shivam Gupta,A,2025-2029,2,8.12,85.3,994165038265,APAR-2026-00786,+91-9392956587,AISHE-35878707,https://github.com/student786,https://leetcode.com/student786,https://linkedin.com/in/student786-skit,https://uei-resumes.s3.amazonaws.com/23ESKCS786.pdf,https://api.dicebear.com/7.x/initials/svg?seed=student786
f2a95b3d-ac82-43f8-bfb8-5e676d9dadb4,2b8f36d8-ce30-467c-ae92-400e65040790,23ESKCS787,REG20260787,Mohit Mishra,C,2025-2029,2,8.22,54.0,993537363550,APAR-2026-00787,+91-6455069350,AISHE-31809610,https://github.com/student787,https://leetcode.com/student787,https://linkedin.com/in/student787-skit,https://uei-resumes.s3.amazonaws.com/23ESKCS787.pdf,https://api.dicebear.com/7.x/initials/svg?seed=student787
52dfa3aa-20c2-418e-adc3-dd23a70087c8,07a860ce-edb4-43b9-9a58-cef2df6f59b1,23ESKCS788,REG20260788,Kashish Jain,D,2026-2030,1,7.99,85.7,999737440361,APAR-2026-00788,+91-9796091085,AISHE-44529507,https://github.com/student788,https://leetcode.com/student788,https://linkedin.com/in/student788-skit,https://uei-resumes.s3.amazonaws.com/23ESKCS788.pdf,https://api.dicebear.com/7.x/initials/svg?seed=student788
92f4fbc8-50ff-4ce0-8ccc-49b152ba9ce7,d8289c1b-0dda-4a1c-965e-17df68172099,23ESKCS789,REG20260789,Karan Verma,E,2026-2030,1,6.83,72.9,999446034743,APAR-2026-00789,+91-7115122787,AISHE-55246430,https://github.com/student789,https://leetcode.com/student789,https://linkedin.com/in/student789-skit,https://uei-resumes.s3.amazonaws.com/23ESKCS789.pdf,https://api.dicebear.com/7.x/initials/svg?seed=student789
e800936c-b35a-4ac2-ab49-184cc4c1a6c9,8b1bb665-1d96-4524-a1e6-33e467f847d2,23ESKCS790,REG20260790,Varun Gupta,B,2023-2027,6,9.24,69.7,998974804222,APAR-2026-00790,+91-8709650444,AISHE-35925669,https://github.com/student790,https://leetcode.com/student790,https://linkedin.com/in/student790-skit,https://uei-resumes.s3.amazonaws.com/23ESKCS790.pdf,https://api.dicebear.com/7.x/initials/svg?seed=student790
edc01d5e-1387-4af9-bfd8-f6ecadee47d8,5798a575-53c1-4c68-944a-247916787b98,23ESKCS791,REG20260791,Bhavya Agarwal,E,2026-2030,1,6.46,92.6,999548334849,APAR-2026-00791,+91-7756007396,AISHE-95728324,https://github.com/student791,https://leetcode.com/student791,https://linkedin.com/in/student791-skit,https://uei-resumes.s3.amazonaws.com/23ESKCS791.pdf,https://api.dicebear.com/7.x/initials/svg?seed=student791
1b52325d-f9a2-4cab-bb5f-6e02021d7949,c5c7e9e9-6a43-4eba-9c1b-c5f413495272,23ESKCS792,REG20260792,Kashish Khandelwal,B,2026-2030,1,8.27,84.1,996600955237,APAR-2026-00792,+91-9987973565,AISHE-67405358,https://github.com/student792,https://leetcode.com/student792,https://linkedin.com/in/student792-skit,https://uei-resumes.s3.amazonaws.com/23ESKCS792.pdf,https://api.dicebear.com/7.x/initials/svg?seed=student792
07e7ded9-5cbb-4a52-b079-a716069ac87d,0e1413b9-33b2-4ea2-bc36-1c0fcc5ed1d5,23ESKCS793,REG20260793,Priya Khandelwal,B,2024-2028,4,7.8,96.4,995334191150,APAR-2026-00793,+91-8193133974,AISHE-63798927,https://github.com/student793,https://leetcode.com/student793,https://linkedin.com/in/student793-skit,https://uei-resumes.s3.amazonaws.com/23ESKCS793.pdf,https://api.dicebear.com/7.x/initials/svg?seed=student793
49857ed5-6a7b-494c-842c-3a680967b69a,65b1bdbe-9580-4493-be29-8b55a68ce482,23ESKCS794,REG20260794,Ayush Mehta,D,2024-2028,4,7.88,76.3,999478947310,APAR-2026-00794,+91-6298407302,AISHE-28872606,https://github.com/student794,https://leetcode.com/student794,https://linkedin.com/in/student794-skit,https://uei-resumes.s3.amazonaws.com/23ESKCS794.pdf,https://api.dicebear.com/7.x/initials/svg?seed=student794
e53f543e-152f-4b55-adb6-cb5a85d4e3d8,f141df0a-3bdc-41bf-8752-70688a929302,23ESKCS795,REG20260795,Tanmay Kumar,E,2026-2030,1,9.05,75.6,992735141032,APAR-2026-00795,+91-9447464644,AISHE-43292316,https://github.com/student795,https://leetcode.com/student795,https://linkedin.com/in/student795-skit,https://uei-resumes.s3.amazonaws.com/23ESKCS795.pdf,https://api.dicebear.com/7.x/initials/svg?seed=student795
c91ca2dc-0c8c-4c55-90f7-c2f9e16c093f,72b4c201-98da-4960-95dc-e2ecc387769a,23ESKCS796,REG20260796,Vaibhav Singhal,B,2026-2030,1,8.0,45.1,996936078267,APAR-2026-00796,+91-6380016058,AISHE-61482483,https://github.com/student796,https://leetcode.com/student796,https://linkedin.com/in/student796-skit,https://uei-resumes.s3.amazonaws.com/23ESKCS796.pdf,https://api.dicebear.com/7.x/initials/svg?seed=student796
7e8354cd-c153-4e88-a9f8-db0ac6be958b,63bf7cd6-d5dd-452b-998d-a2a3ff8dce60,23ESKCS797,REG20260797,Ansh Patel,E,2024-2028,4,8.95,80.6,997754396853,APAR-2026-00797,+91-7579678614,AISHE-45835371,https://github.com/student797,https://leetcode.com/student797,https://linkedin.com/in/student797-skit,https://uei-resumes.s3.amazonaws.com/23ESKCS797.pdf,https://api.dicebear.com/7.x/initials/svg?seed=student797
25a7956e-3c76-43af-ad92-c6a174d6b5d1,a8cdff69-fa39-4f7f-9df0-975d441448b7,23ESKCS798,REG20260798,Dev Mehta,D,2026-2030,1,7.21,83.9,992396847832,APAR-2026-00798,+91-8424211872,AISHE-88176558,https://github.com/student798,https://leetcode.com/student798,https://linkedin.com/in/student798-skit,https://uei-resumes.s3.amazonaws.com/23ESKCS798.pdf,https://api.dicebear.com/7.x/initials/svg?seed=student798
d51d66aa-0e64-4f01-a691-f1b7169d1be6,af6c66cc-6a43-4d97-b6fb-0e2bc0d8100c,23ESKCS799,REG20260799,Nikhil Verma,A,2026-2030,1,6.0,73.8,993098363252,APAR-2026-00799,+91-6380840558,AISHE-97735896,https://github.com/student799,https://leetcode.com/student799,https://linkedin.com/in/student799-skit,https://uei-resumes.s3.amazonaws.com/23ESKCS799.pdf,https://api.dicebear.com/7.x/initials/svg?seed=student799
200c3d16-5001-45c6-9322-896b16a1dba6,f00bb52e-ca6a-4a95-9f6a-3fd1190ac64c,23ESKCS800,REG20260800,Tanmay Chaudhary,B,2023-2027,6,8.08,92.0,991772825950,APAR-2026-00800,+91-8843854609,AISHE-41715995,https://github.com/student800,https://leetcode.com/student800,https://linkedin.com/in/student800-skit,https://uei-resumes.s3.amazonaws.com/23ESKCS800.pdf,https://api.dicebear.com/7.x/initials/svg?seed=student800
59610b92-d90e-45f3-82af-36a2029b5490,397d1f35-680a-4e03-9d50-2f1e038e2df7,23ESKCS801,REG20260801,Arjun Singh,B,2024-2028,4,8.19,82.9,994234405601,APAR-2026-00801,+91-6817029885,AISHE-25867870,https://github.com/student801,https://leetcode.com/student801,https://linkedin.com/in/student801-skit,https://uei-resumes.s3.amazonaws.com/23ESKCS801.pdf,https://api.dicebear.com/7.x/initials/svg?seed=student801
88aa53a5-221f-42b9-89e9-1e957069cf92,5729974b-5a5d-4d3e-bcaa-1160b801669e,23ESKCS802,REG20260802,Sachin Dhankar,D,2023-2027,6,7.4,81.9,997588919635,APAR-2026-00802,+91-9429430802,AISHE-31436829,https://github.com/student802,https://leetcode.com/student802,https://linkedin.com/in/student802-skit,https://uei-resumes.s3.amazonaws.com/23ESKCS802.pdf,https://api.dicebear.com/7.x/initials/svg?seed=student802
0024cc2b-b9b9-465e-8a70-6fb0348afcb1,af850d05-e8f0-4fd2-b78b-779e1bd59724,23ESKCS803,REG20260803,Manish Singhal,E,2024-2028,4,6.73,63.5,991192137765,APAR-2026-00803,+91-9836665942,AISHE-77447155,https://github.com/student803,https://leetcode.com/student803,https://linkedin.com/in/student803-skit,https://uei-resumes.s3.amazonaws.com/23ESKCS803.pdf,https://api.dicebear.com/7.x/initials/svg?seed=student803
74fdba63-6dda-41bf-b3f5-b2c9a511ef58,09c28281-38a8-4dbb-9a5a-ad5ea7f1fa39,23ESKCS804,REG20260804,Arjun Singhal,E,2024-2028,4,6.59,73.7,992812540691,APAR-2026-00804,+91-8841193655,AISHE-25759274,https://github.com/student804,https://leetcode.com/student804,https://linkedin.com/in/student804-skit,https://uei-resumes.s3.amazonaws.com/23ESKCS804.pdf,https://api.dicebear.com/7.x/initials/svg?seed=student804
2a1809dd-5e85-4323-9190-d203f33fb2a8,31fed499-8679-4e1f-a216-3f384f3bffec,23ESKCS805,REG20260805,Bhavya Mehta,D,2023-2027,6,9.1,72.9,991875155012,APAR-2026-00805,+91-8494647257,AISHE-92493631,https://github.com/student805,https://leetcode.com/student805,https://linkedin.com/in/student805-skit,https://uei-resumes.s3.amazonaws.com/23ESKCS805.pdf,https://api.dicebear.com/7.x/initials/svg?seed=student805
aeffd5c5-5f29-4091-be8a-ea2bb00b354d,b339238b-d9c7-4467-bfd4-c90f582a86b1,23ESKCS806,REG20260806,Tanmay Gupta,C,2024-2028,4,6.79,81.6,997157381647,APAR-2026-00806,+91-7335287540,AISHE-27927298,https://github.com/student806,https://leetcode.com/student806,https://linkedin.com/in/student806-skit,https://uei-resumes.s3.amazonaws.com/23ESKCS806.pdf,https://api.dicebear.com/7.x/initials/svg?seed=student806
d775fee5-06ef-48ea-afc4-817fbff83ccd,3035d046-ad4c-407d-9da7-30827030990b,23ESKCS807,REG20260807,Ansh Sharma,A,2026-2030,1,8.97,84.8,992173612717,APAR-2026-00807,+91-9264481748,AISHE-71066203,https://github.com/student807,https://leetcode.com/student807,https://linkedin.com/in/student807-skit,https://uei-resumes.s3.amazonaws.com/23ESKCS807.pdf,https://api.dicebear.com/7.x/initials/svg?seed=student807
9fed4953-f4af-488f-adca-2e3051a756c9,50f23c59-87e9-48b3-aeac-9e19e2696c13,23ESKCS808,REG20260808,Mohit Jain,D,2023-2027,6,7.53,73.0,999055262392,APAR-2026-00808,+91-8546510829,AISHE-83717007,https://github.com/student808,https://leetcode.com/student808,https://linkedin.com/in/student808-skit,https://uei-resumes.s3.amazonaws.com/23ESKCS808.pdf,https://api.dicebear.com/7.x/initials/svg?seed=student808
353c83ab-7797-44a2-b291-ac914d1ff87b,3458e18d-87fd-4e51-bbae-83afad4d045e,23ESKCS809,REG20260809,Manish Verma,E,2025-2029,2,5.84,73.7,994850739886,APAR-2026-00809,+91-9913198930,AISHE-82144402,https://github.com/student809,https://leetcode.com/student809,https://linkedin.com/in/student809-skit,https://uei-resumes.s3.amazonaws.com/23ESKCS809.pdf,https://api.dicebear.com/7.x/initials/svg?seed=student809
1f58eb28-4a34-4c9c-ab2d-ace1494d1099,f55bd19e-e5b7-4f8e-8008-9402eead3bcd,23ESKCS810,REG20260810,Manish Yadav,E,2026-2030,1,6.78,79.3,999630725914,APAR-2026-00810,+91-7918040539,AISHE-43214247,https://github.com/student810,https://leetcode.com/student810,https://linkedin.com/in/student810-skit,https://uei-resumes.s3.amazonaws.com/23ESKCS810.pdf,https://api.dicebear.com/7.x/initials/svg?seed=student810
1aa0c5e8-1f1d-4280-ac46-ae40989b5c9b,1dad66c0-2448-4ecd-a134-15a578d6ed38,23ESKCS811,REG20260811,Mohit Singh,C,2023-2027,6,8.89,70.8,994339458028,APAR-2026-00811,+91-6664258474,AISHE-69961498,https://github.com/student811,https://leetcode.com/student811,https://linkedin.com/in/student811-skit,https://uei-resumes.s3.amazonaws.com/23ESKCS811.pdf,https://api.dicebear.com/7.x/initials/svg?seed=student811
448f9d7f-19cf-47a9-8fae-a872a8a0815b,7ec07bd3-ca69-4fb2-bff4-9b943f0189c5,23ESKCS812,REG20260812,Pooja Meena,D,2025-2029,2,7.2,90.0,994496203248,APAR-2026-00812,+91-8183862154,AISHE-85721444,https://github.com/student812,https://leetcode.com/student812,https://linkedin.com/in/student812-skit,https://uei-resumes.s3.amazonaws.com/23ESKCS812.pdf,https://api.dicebear.com/7.x/initials/svg?seed=student812
c40edde9-dda4-49d1-aceb-f34caeedcca0,88fd0cb2-42b1-4e7e-ad7e-c6113c4f0848,23ESKCS813,REG20260813,Nisha Kumar,A,2023-2027,6,8.19,82.3,991402153316,APAR-2026-00813,+91-6166312199,AISHE-83504237,https://github.com/student813,https://leetcode.com/student813,https://linkedin.com/in/student813-skit,https://uei-resumes.s3.amazonaws.com/23ESKCS813.pdf,https://api.dicebear.com/7.x/initials/svg?seed=student813
bf3bab5b-d911-45b1-accc-9068cc247a70,fa9e3b50-de87-4e02-af6d-7748fba4c79e,23ESKCS814,REG20260814,Rahul Agarwal,D,2024-2028,4,5.97,80.2,993997380191,APAR-2026-00814,+91-7714933740,AISHE-82029307,https://github.com/student814,https://leetcode.com/student814,https://linkedin.com/in/student814-skit,https://uei-resumes.s3.amazonaws.com/23ESKCS814.pdf,https://api.dicebear.com/7.x/initials/svg?seed=student814
c73f1973-1fe2-4055-b2b0-0e0b615e9b86,4c130dde-81cf-4bca-b71f-b2413a3f993d,23ESKCS815,REG20260815,Yash Agarwal,D,2025-2029,2,7.47,96.5,993616466639,APAR-2026-00815,+91-7276670424,AISHE-54039203,https://github.com/student815,https://leetcode.com/student815,https://linkedin.com/in/student815-skit,https://uei-resumes.s3.amazonaws.com/23ESKCS815.pdf,https://api.dicebear.com/7.x/initials/svg?seed=student815
d5ae9762-feae-4dda-b484-b12961a1c968,f1f46990-c718-4f55-986b-63ad746ef6a7,23ESKCS816,REG20260816,Yashvi Rathore,B,2024-2028,4,9.44,88.1,997501225376,APAR-2026-00816,+91-9224811770,AISHE-37568520,https://github.com/student816,https://leetcode.com/student816,https://linkedin.com/in/student816-skit,https://uei-resumes.s3.amazonaws.com/23ESKCS816.pdf,https://api.dicebear.com/7.x/initials/svg?seed=student816
4154b673-3743-4021-a177-5bf305937e30,806fbc20-4f17-47b8-b610-f6151bfe39c3,23ESKCS817,REG20260817,Mehak Chaudhary,C,2024-2028,4,8.55,59.8,994684249434,APAR-2026-00817,+91-9197647841,AISHE-78501420,https://github.com/student817,https://leetcode.com/student817,https://linkedin.com/in/student817-skit,https://uei-resumes.s3.amazonaws.com/23ESKCS817.pdf,https://api.dicebear.com/7.x/initials/svg?seed=student817
88bd303b-323b-4dcc-8d13-80b7b238e458,9dba5224-9eb6-4a40-a6fe-8603892876fe,23ESKCS818,REG20260818,Sneha Singh,D,2024-2028,4,9.84,66.7,994837200493,APAR-2026-00818,+91-9968326513,AISHE-17467311,https://github.com/student818,https://leetcode.com/student818,https://linkedin.com/in/student818-skit,https://uei-resumes.s3.amazonaws.com/23ESKCS818.pdf,https://api.dicebear.com/7.x/initials/svg?seed=student818
d694668f-77f4-468e-8e3a-426ca239c4c8,88cbd3db-660f-48fe-b147-e4602d5c906b,23ESKCS819,REG20260819,Aarav Singhal,D,2025-2029,2,7.23,83.5,994102828650,APAR-2026-00819,+91-9241674152,AISHE-78886959,https://github.com/student819,https://leetcode.com/student819,https://linkedin.com/in/student819-skit,https://uei-resumes.s3.amazonaws.com/23ESKCS819.pdf,https://api.dicebear.com/7.x/initials/svg?seed=student819
a9afb85a-ba06-4c1a-99d5-2da26a6a681d,d1ac6a0c-e16b-463b-a70d-1e82fa522898,23ESKCS820,REG20260820,Divya Bhardwaj,E,2024-2028,4,5.15,91.4,991029680178,APAR-2026-00820,+91-9590483627,AISHE-85686878,https://github.com/student820,https://leetcode.com/student820,https://linkedin.com/in/student820-skit,https://uei-resumes.s3.amazonaws.com/23ESKCS820.pdf,https://api.dicebear.com/7.x/initials/svg?seed=student820
fc64f279-7f37-4a0c-8666-63fea6ee3711,13873bf7-2a5e-4ed9-a5d9-9086740d9920,23ESKCS821,REG20260821,Mehak Mishra,B,2025-2029,2,8.4,86.0,998899980165,APAR-2026-00821,+91-6700003920,AISHE-72059365,https://github.com/student821,https://leetcode.com/student821,https://linkedin.com/in/student821-skit,https://uei-resumes.s3.amazonaws.com/23ESKCS821.pdf,https://api.dicebear.com/7.x/initials/svg?seed=student821
aa05300a-dfe1-4fe5-bd1c-75b153ccd355,90152df2-9912-4d9a-818e-cca60cc13a3f,23ESKCS822,REG20260822,Manish Verma,B,2023-2027,6,7.53,81.4,996989529500,APAR-2026-00822,+91-8876616079,AISHE-12921981,https://github.com/student822,https://leetcode.com/student822,https://linkedin.com/in/student822-skit,https://uei-resumes.s3.amazonaws.com/23ESKCS822.pdf,https://api.dicebear.com/7.x/initials/svg?seed=student822
8bc40b4b-faa5-4855-b20b-96d0bc6866f5,5181a2d0-eaf8-4b8c-a0b1-345906262040,23ESKCS823,REG20260823,Divya Patel,C,2023-2027,6,6.07,85.1,994067985178,APAR-2026-00823,+91-9373221357,AISHE-10404729,https://github.com/student823,https://leetcode.com/student823,https://linkedin.com/in/student823-skit,https://uei-resumes.s3.amazonaws.com/23ESKCS823.pdf,https://api.dicebear.com/7.x/initials/svg?seed=student823
94278129-9587-49a6-a1c2-32d0da2d8903,9ab5918c-2987-4c34-924f-96a3114ffad7,23ESKCS824,REG20260824,Riya Yadav,D,2024-2028,4,7.84,81.8,991090848049,APAR-2026-00824,+91-7720956992,AISHE-19801857,https://github.com/student824,https://leetcode.com/student824,https://linkedin.com/in/student824-skit,https://uei-resumes.s3.amazonaws.com/23ESKCS824.pdf,https://api.dicebear.com/7.x/initials/svg?seed=student824
79c66d62-85ec-464c-851c-fddacf105bd0,2be9afdf-3a8f-4fa5-9e60-ff0378afc4d4,23ESKCS825,REG20260825,Ishita Bansal,C,2026-2030,1,9.34,75.8,997160394060,APAR-2026-00825,+91-6554941605,AISHE-56241881,https://github.com/student825,https://leetcode.com/student825,https://linkedin.com/in/student825-skit,https://uei-resumes.s3.amazonaws.com/23ESKCS825.pdf,https://api.dicebear.com/7.x/initials/svg?seed=student825
1e68384e-18a3-4186-9155-1704e8e46e39,f675e7a3-c6a8-43fe-861f-0ec974bf3215,23ESKCS826,REG20260826,Ishita Singhal,B,2024-2028,4,7.41,97.3,999006535487,APAR-2026-00826,+91-6681069884,AISHE-18087373,https://github.com/student826,https://leetcode.com/student826,https://linkedin.com/in/student826-skit,https://uei-resumes.s3.amazonaws.com/23ESKCS826.pdf,https://api.dicebear.com/7.x/initials/svg?seed=student826
72ffb51a-4f2c-4beb-89be-48644de71420,43892873-7c50-4920-948e-3872520fa5cc,23ESKCS827,REG20260827,Divya Patel,A,2024-2028,4,8.29,98.0,991638773742,APAR-2026-00827,+91-6606882594,AISHE-14259382,https://github.com/student827,https://leetcode.com/student827,https://linkedin.com/in/student827-skit,https://uei-resumes.s3.amazonaws.com/23ESKCS827.pdf,https://api.dicebear.com/7.x/initials/svg?seed=student827
f5ff0a9c-ec9e-4df5-a568-063faa105a2e,2ef06f69-8cbd-4c78-92e3-bbaec971235b,23ESKCS828,REG20260828,Divya Deshmukh,D,2023-2027,6,7.01,75.3,995513818921,APAR-2026-00828,+91-8539017530,AISHE-34156684,https://github.com/student828,https://leetcode.com/student828,https://linkedin.com/in/student828-skit,https://uei-resumes.s3.amazonaws.com/23ESKCS828.pdf,https://api.dicebear.com/7.x/initials/svg?seed=student828
ffabdd59-ccc8-4098-8bfb-06cad728e3f0,74110b99-c064-4f31-ab30-a385706e116e,23ESKCS829,REG20260829,Harsh Jain,C,2026-2030,1,5.98,80.2,993765414174,APAR-2026-00829,+91-7922301213,AISHE-96104027,https://github.com/student829,https://leetcode.com/student829,https://linkedin.com/in/student829-skit,https://uei-resumes.s3.amazonaws.com/23ESKCS829.pdf,https://api.dicebear.com/7.x/initials/svg?seed=student829
51fc8967-615e-45dd-ac13-838ef464278e,b2c4f6e0-e417-4d42-bb20-2f4eb3d52833,23ESKCS830,REG20260830,Manish Verma,D,2024-2028,4,7.24,81.6,991175617493,APAR-2026-00830,+91-9502074351,AISHE-61335545,https://github.com/student830,https://leetcode.com/student830,https://linkedin.com/in/student830-skit,https://uei-resumes.s3.amazonaws.com/23ESKCS830.pdf,https://api.dicebear.com/7.x/initials/svg?seed=student830
2c6f1d1d-78bc-4527-b6a5-006ea336e3c2,2048ad08-0b19-4861-bed6-8260edb0561e,23ESKCS831,REG20260831,Priya Joshi,E,2023-2027,6,6.57,82.0,997405026100,APAR-2026-00831,+91-9505333621,AISHE-60418290,https://github.com/student831,https://leetcode.com/student831,https://linkedin.com/in/student831-skit,https://uei-resumes.s3.amazonaws.com/23ESKCS831.pdf,https://api.dicebear.com/7.x/initials/svg?seed=student831
e3e54023-c0aa-49ca-9a5b-09a2edf79970,05bcaca9-21c7-4022-88f1-88991458f0a9,23ESKCS832,REG20260832,Utkarsh Sharma,B,2025-2029,2,6.0,93.9,997892193338,APAR-2026-00832,+91-6833076128,AISHE-98824290,https://github.com/student832,https://leetcode.com/student832,https://linkedin.com/in/student832-skit,https://uei-resumes.s3.amazonaws.com/23ESKCS832.pdf,https://api.dicebear.com/7.x/initials/svg?seed=student832
e4b232db-c745-4bc1-b4c7-e37c85f372fb,d44ae8f1-47e0-4061-9128-40587f5e49bc,23ESKCS833,REG20260833,Aniket Chaudhary,B,2023-2027,6,10.0,85.9,994510745581,APAR-2026-00833,+91-7801726890,AISHE-56676884,https://github.com/student833,https://leetcode.com/student833,https://linkedin.com/in/student833-skit,https://uei-resumes.s3.amazonaws.com/23ESKCS833.pdf,https://api.dicebear.com/7.x/initials/svg?seed=student833
c338e056-2585-41f0-abb8-d65ecb53a70d,d6cc3990-ffc6-48c5-820e-25de36a0d925,23ESKCS834,REG20260834,Sachin Singhal,C,2025-2029,2,6.84,45.6,994095681291,APAR-2026-00834,+91-6291634595,AISHE-82109613,https://github.com/student834,https://leetcode.com/student834,https://linkedin.com/in/student834-skit,https://uei-resumes.s3.amazonaws.com/23ESKCS834.pdf,https://api.dicebear.com/7.x/initials/svg?seed=student834
485c9553-463f-4962-82b1-f171ad8c70fb,9c1d157d-8e37-46ad-9c6d-98fbc00c3fc2,23ESKCS835,REG20260835,Yashvi Sharma,C,2025-2029,2,5.59,84.1,999207034730,APAR-2026-00835,+91-9667840357,AISHE-27092236,https://github.com/student835,https://leetcode.com/student835,https://linkedin.com/in/student835-skit,https://uei-resumes.s3.amazonaws.com/23ESKCS835.pdf,https://api.dicebear.com/7.x/initials/svg?seed=student835
c836a097-38a4-4060-af53-9c3b2eaa4bb2,b4bc0734-604a-482e-aa70-456a93736b9e,23ESKCS836,REG20260836,Aditi Dhankar,E,2025-2029,2,7.19,73.0,993431702149,APAR-2026-00836,+91-7996382881,AISHE-10466177,https://github.com/student836,https://leetcode.com/student836,https://linkedin.com/in/student836-skit,https://uei-resumes.s3.amazonaws.com/23ESKCS836.pdf,https://api.dicebear.com/7.x/initials/svg?seed=student836
5ae77cf9-84a0-4036-a4ce-e6c6bd930a81,2614bc6f-bd5c-482e-9007-f9b67011d216,23ESKCS837,REG20260837,Nikhil Patel,E,2023-2027,6,8.41,94.3,998642345300,APAR-2026-00837,+91-6420364823,AISHE-72143331,https://github.com/student837,https://leetcode.com/student837,https://linkedin.com/in/student837-skit,https://uei-resumes.s3.amazonaws.com/23ESKCS837.pdf,https://api.dicebear.com/7.x/initials/svg?seed=student837
6e45faaf-11a8-4055-b0b9-5e35beb79440,4df510c4-6149-4156-a904-4123c36315e7,23ESKCS838,REG20260838,Bhavya Singh,B,2023-2027,6,8.94,65.1,997550139555,APAR-2026-00838,+91-9671159367,AISHE-60905625,https://github.com/student838,https://leetcode.com/student838,https://linkedin.com/in/student838-skit,https://uei-resumes.s3.amazonaws.com/23ESKCS838.pdf,https://api.dicebear.com/7.x/initials/svg?seed=student838
f40f5d2b-a245-42bf-aad5-0fc80d47cac5,796c81db-e43f-4b27-bbad-8c08b98f1646,23ESKCS839,REG20260839,Bhavya Jain,A,2024-2028,4,6.95,93.7,995866075100,APAR-2026-00839,+91-7365764028,AISHE-71824078,https://github.com/student839,https://leetcode.com/student839,https://linkedin.com/in/student839-skit,https://uei-resumes.s3.amazonaws.com/23ESKCS839.pdf,https://api.dicebear.com/7.x/initials/svg?seed=student839
2685b452-d129-4463-a739-3c362f4120c7,bfbbe41f-20f7-4134-b97c-8950bf63778b,23ESKCS840,REG20260840,Gaurav Sharma,A,2023-2027,6,6.39,66.0,999470614515,APAR-2026-00840,+91-8266560311,AISHE-46997080,https://github.com/student840,https://leetcode.com/student840,https://linkedin.com/in/student840-skit,https://uei-resumes.s3.amazonaws.com/23ESKCS840.pdf,https://api.dicebear.com/7.x/initials/svg?seed=student840
aeb81a28-905b-4064-a805-0a8384a9d1a0,4f76ad38-70ba-433e-bd5f-fdb19879cf84,23ESKCS841,REG20260841,Arjun Mishra,E,2025-2029,2,7.21,81.9,994504359006,APAR-2026-00841,+91-7878488534,AISHE-25145751,https://github.com/student841,https://leetcode.com/student841,https://linkedin.com/in/student841-skit,https://uei-resumes.s3.amazonaws.com/23ESKCS841.pdf,https://api.dicebear.com/7.x/initials/svg?seed=student841
f32c7625-4071-40d5-9354-ce93269e7e87,574befab-4603-4270-ab29-ba5b4c49000b,23ESKCS842,REG20260842,Dev Joshi,A,2023-2027,6,7.09,62.0,992899169647,APAR-2026-00842,+91-6969170578,AISHE-98610233,https://github.com/student842,https://leetcode.com/student842,https://linkedin.com/in/student842-skit,https://uei-resumes.s3.amazonaws.com/23ESKCS842.pdf,https://api.dicebear.com/7.x/initials/svg?seed=student842
4f8ace03-2e04-4b18-8627-1ebba41de43f,b50f932b-6085-42b0-8fe4-d8c4a1422ed0,23ESKCS843,REG20260843,Nikhil Deshmukh,D,2024-2028,4,7.24,66.9,993057318929,APAR-2026-00843,+91-9760268760,AISHE-12099943,https://github.com/student843,https://leetcode.com/student843,https://linkedin.com/in/student843-skit,https://uei-resumes.s3.amazonaws.com/23ESKCS843.pdf,https://api.dicebear.com/7.x/initials/svg?seed=student843
aca7ceaa-6def-4e7c-be7a-2e5f8a48c140,9ca5bbab-af24-423b-a352-cfb6c8da99b5,23ESKCS844,REG20260844,Sanjay Patel,B,2025-2029,2,8.11,79.4,993610575966,APAR-2026-00844,+91-7321278458,AISHE-19031632,https://github.com/student844,https://leetcode.com/student844,https://linkedin.com/in/student844-skit,https://uei-resumes.s3.amazonaws.com/23ESKCS844.pdf,https://api.dicebear.com/7.x/initials/svg?seed=student844
ace83e17-34a2-4d4f-b078-852aba41c658,707fe868-2c65-4db3-a66f-c71c6c613a20,23ESKCS845,REG20260845,Tanmay Mehta,A,2024-2028,4,7.08,58.7,993591125939,APAR-2026-00845,+91-6737742679,AISHE-14506531,https://github.com/student845,https://leetcode.com/student845,https://linkedin.com/in/student845-skit,https://uei-resumes.s3.amazonaws.com/23ESKCS845.pdf,https://api.dicebear.com/7.x/initials/svg?seed=student845
34e68226-d81d-40b3-bc05-41e178b298b1,c11e1ef1-31a8-4c79-b927-40bf817a675d,23ESKCS846,REG20260846,Tanmay Bansal,B,2024-2028,4,7.52,69.9,993575422104,APAR-2026-00846,+91-9741866641,AISHE-16533225,https://github.com/student846,https://leetcode.com/student846,https://linkedin.com/in/student846-skit,https://uei-resumes.s3.amazonaws.com/23ESKCS846.pdf,https://api.dicebear.com/7.x/initials/svg?seed=student846
b2fbba87-7a8e-47c4-b4ed-533c9e250d62,3c924519-528d-4f98-8728-38cc39dc6628,23ESKCS847,REG20260847,Sachin Yadav,C,2023-2027,6,7.81,90.5,995995667361,APAR-2026-00847,+91-7895149930,AISHE-15937353,https://github.com/student847,https://leetcode.com/student847,https://linkedin.com/in/student847-skit,https://uei-resumes.s3.amazonaws.com/23ESKCS847.pdf,https://api.dicebear.com/7.x/initials/svg?seed=student847
9f9059af-8f3b-43ba-b3b0-8972e2911d53,0d8df11f-1038-41db-8579-8c1c3062acfd,23ESKCS848,REG20260848,Vaibhav Joshi,E,2023-2027,6,7.76,78.9,997634187310,APAR-2026-00848,+91-9571332733,AISHE-41452485,https://github.com/student848,https://leetcode.com/student848,https://linkedin.com/in/student848-skit,https://uei-resumes.s3.amazonaws.com/23ESKCS848.pdf,https://api.dicebear.com/7.x/initials/svg?seed=student848
4e90571e-8d29-4026-98ac-70ef5babc57f,f527e59c-60fd-4af2-8aa2-19e2af55fcf0,23ESKCS849,REG20260849,Aarav Jain,A,2024-2028,4,6.79,81.2,998109736809,APAR-2026-00849,+91-7910015485,AISHE-17575790,https://github.com/student849,https://leetcode.com/student849,https://linkedin.com/in/student849-skit,https://uei-resumes.s3.amazonaws.com/23ESKCS849.pdf,https://api.dicebear.com/7.x/initials/svg?seed=student849
539f828a-a8b4-48f7-bd82-b6a031f44596,e42c9aa6-dbfd-4e76-85ec-e0252996b359,23ESKCS850,REG20260850,Varun Chaudhary,D,2024-2028,4,8.25,78.0,996505350396,APAR-2026-00850,+91-7641054044,AISHE-48824283,https://github.com/student850,https://leetcode.com/student850,https://linkedin.com/in/student850-skit,https://uei-resumes.s3.amazonaws.com/23ESKCS850.pdf,https://api.dicebear.com/7.x/initials/svg?seed=student850
811c98a0-25c2-44fa-9c07-14c33bdcd376,c2781aec-2c15-4710-84b2-c8f37e8ff8a3,23ESKCS851,REG20260851,Aniket Bansal,E,2024-2028,4,8.04,90.7,993575311729,APAR-2026-00851,+91-7975943821,AISHE-87324220,https://github.com/student851,https://leetcode.com/student851,https://linkedin.com/in/student851-skit,https://uei-resumes.s3.amazonaws.com/23ESKCS851.pdf,https://api.dicebear.com/7.x/initials/svg?seed=student851
c22956f4-b3a4-46af-bcbf-42c05e08acff,5b90deda-c8e0-4d74-8c55-1a9cbcb013d2,23ESKCS852,REG20260852,Katyayini Singhal,C,2025-2029,2,8.08,72.3,994430319699,APAR-2026-00852,+91-8720058859,AISHE-90251151,https://github.com/student852,https://leetcode.com/student852,https://linkedin.com/in/student852-skit,https://uei-resumes.s3.amazonaws.com/23ESKCS852.pdf,https://api.dicebear.com/7.x/initials/svg?seed=student852
ed40ade3-3132-4839-ab4c-9622a8e92494,46388d3b-c608-40da-b94f-c53651030f0c,23ESKCS853,REG20260853,Zoya Soni,B,2025-2029,2,8.18,88.1,999488312430,APAR-2026-00853,+91-8354373770,AISHE-50502136,https://github.com/student853,https://leetcode.com/student853,https://linkedin.com/in/student853-skit,https://uei-resumes.s3.amazonaws.com/23ESKCS853.pdf,https://api.dicebear.com/7.x/initials/svg?seed=student853
828d8c74-0036-4277-81af-d4700dfc81c6,6f164a53-abf7-434a-a452-207323006384,23ESKCS854,REG20260854,Vikas Joshi,B,2023-2027,6,7.12,83.7,998591506808,APAR-2026-00854,+91-7808897689,AISHE-79961132,https://github.com/student854,https://leetcode.com/student854,https://linkedin.com/in/student854-skit,https://uei-resumes.s3.amazonaws.com/23ESKCS854.pdf,https://api.dicebear.com/7.x/initials/svg?seed=student854
825b1a2c-10a0-4580-82e9-2d9a53634557,9d2f5441-c8e4-4a56-adc3-1ad3958b6529,23ESKCS855,REG20260855,Nisha Singhal,C,2024-2028,4,7.96,63.3,996351134663,APAR-2026-00855,+91-7544056890,AISHE-50332555,https://github.com/student855,https://leetcode.com/student855,https://linkedin.com/in/student855-skit,https://uei-resumes.s3.amazonaws.com/23ESKCS855.pdf,https://api.dicebear.com/7.x/initials/svg?seed=student855
0978d6d4-2569-4a6c-bcb2-82a95e2ed768,62d2e64a-893d-45eb-8d35-34c1e0ecf143,23ESKCS856,REG20260856,Harsh Mehta,A,2026-2030,1,5.35,75.3,991374736841,APAR-2026-00856,+91-8165452764,AISHE-84721440,https://github.com/student856,https://leetcode.com/student856,https://linkedin.com/in/student856-skit,https://uei-resumes.s3.amazonaws.com/23ESKCS856.pdf,https://api.dicebear.com/7.x/initials/svg?seed=student856
7380c0eb-edee-48e7-93bd-f24851bc903c,b08ed53a-3b18-4fbb-a9fc-58ee0a31a1ac,23ESKCS857,REG20260857,Priya Deshmukh,A,2023-2027,6,8.36,73.0,995893467886,APAR-2026-00857,+91-7772155012,AISHE-67337891,https://github.com/student857,https://leetcode.com/student857,https://linkedin.com/in/student857-skit,https://uei-resumes.s3.amazonaws.com/23ESKCS857.pdf,https://api.dicebear.com/7.x/initials/svg?seed=student857
26061ff7-9b8e-4726-b727-d3b4a95d28bf,f2aa35fe-fdd6-45a7-9881-eba0b3dd6adb,23ESKCS858,REG20260858,Nisha Jain,B,2024-2028,4,8.01,80.6,994023497476,APAR-2026-00858,+91-9150341410,AISHE-56226575,https://github.com/student858,https://leetcode.com/student858,https://linkedin.com/in/student858-skit,https://uei-resumes.s3.amazonaws.com/23ESKCS858.pdf,https://api.dicebear.com/7.x/initials/svg?seed=student858
8c3fde4c-2d89-4665-8630-4d634cac6790,00014582-820d-4c26-a805-0814655be5aa,23ESKCS859,REG20260859,Mehak Bansal,A,2023-2027,6,5.81,80.6,991679348730,APAR-2026-00859,+91-9943751263,AISHE-80392240,https://github.com/student859,https://leetcode.com/student859,https://linkedin.com/in/student859-skit,https://uei-resumes.s3.amazonaws.com/23ESKCS859.pdf,https://api.dicebear.com/7.x/initials/svg?seed=student859
d5faef6d-1c0f-42d0-bd08-c6248a06652d,09b4b684-57bb-4907-9e48-80ccdb529ff3,23ESKCS860,REG20260860,Aarav Singh,D,2024-2028,4,7.53,66.2,999369885251,APAR-2026-00860,+91-8847655456,AISHE-65878146,https://github.com/student860,https://leetcode.com/student860,https://linkedin.com/in/student860-skit,https://uei-resumes.s3.amazonaws.com/23ESKCS860.pdf,https://api.dicebear.com/7.x/initials/svg?seed=student860
712ff425-dba8-4bb2-9d76-10c41a7aff9a,0f4d626d-3c77-4ebc-9703-27400e83950d,23ESKCS861,REG20260861,Aarav Khandelwal,A,2024-2028,4,9.0,84.3,991688692826,APAR-2026-00861,+91-9260221190,AISHE-50250352,https://github.com/student861,https://leetcode.com/student861,https://linkedin.com/in/student861-skit,https://uei-resumes.s3.amazonaws.com/23ESKCS861.pdf,https://api.dicebear.com/7.x/initials/svg?seed=student861
5498f25a-ee5d-470f-ad4e-77381e770e42,e30c9098-72c9-49d8-9961-52bbd78fa731,23ESKCS862,REG20260862,Pranav Sharma,C,2025-2029,2,7.08,67.3,995968420918,APAR-2026-00862,+91-9297438548,AISHE-82199509,https://github.com/student862,https://leetcode.com/student862,https://linkedin.com/in/student862-skit,https://uei-resumes.s3.amazonaws.com/23ESKCS862.pdf,https://api.dicebear.com/7.x/initials/svg?seed=student862
5c6cc2ed-3771-47f4-8f7f-556ebbe393b5,36a2ba13-35d8-48e8-91ea-5c58a8393c75,23ESKCS863,REG20260863,Gaurav Mehta,E,2023-2027,6,7.55,85.4,994615129793,APAR-2026-00863,+91-9358737619,AISHE-40245233,https://github.com/student863,https://leetcode.com/student863,https://linkedin.com/in/student863-skit,https://uei-resumes.s3.amazonaws.com/23ESKCS863.pdf,https://api.dicebear.com/7.x/initials/svg?seed=student863
7c835fa2-3d85-4d9b-8397-bda38fa681da,cb65e5be-21bb-4951-873f-fc7232e89840,23ESKCS864,REG20260864,Tanmay Mehta,D,2024-2028,4,8.49,82.1,992822019167,APAR-2026-00864,+91-8859754807,AISHE-29374563,https://github.com/student864,https://leetcode.com/student864,https://linkedin.com/in/student864-skit,https://uei-resumes.s3.amazonaws.com/23ESKCS864.pdf,https://api.dicebear.com/7.x/initials/svg?seed=student864
c0ee9ff8-c659-4e90-94d2-978d4284b34a,f61d3795-9e94-4756-952d-53c3fcae3a54,23ESKCS865,REG20260865,Zoya Kumar,A,2024-2028,4,7.1,92.0,991280543694,APAR-2026-00865,+91-9161873231,AISHE-85482164,https://github.com/student865,https://leetcode.com/student865,https://linkedin.com/in/student865-skit,https://uei-resumes.s3.amazonaws.com/23ESKCS865.pdf,https://api.dicebear.com/7.x/initials/svg?seed=student865
387649e6-2b27-4ab2-8f64-a27e321d983f,1c6f6deb-4547-4ccc-a233-9bc9d541d022,23ESKCS866,REG20260866,Sameer Gupta,A,2024-2028,4,7.0,98.0,993425783858,APAR-2026-00866,+91-9547221915,AISHE-84797762,https://github.com/student866,https://leetcode.com/student866,https://linkedin.com/in/student866-skit,https://uei-resumes.s3.amazonaws.com/23ESKCS866.pdf,https://api.dicebear.com/7.x/initials/svg?seed=student866
f0aa3c56-1768-4dcb-906a-9e974944c482,621fca35-07ff-43b4-b9e2-f48aebfcc9a9,23ESKCS867,REG20260867,Khushi Bhardwaj,C,2023-2027,6,9.39,76.3,999412720058,APAR-2026-00867,+91-7517061783,AISHE-42595918,https://github.com/student867,https://leetcode.com/student867,https://linkedin.com/in/student867-skit,https://uei-resumes.s3.amazonaws.com/23ESKCS867.pdf,https://api.dicebear.com/7.x/initials/svg?seed=student867
73246218-dea4-4b96-92ff-a3977ab84d18,9e8768bf-9681-4af8-8486-43d0ef41189b,23ESKCS868,REG20260868,Manish Deshmukh,A,2025-2029,2,5.75,88.5,991645046805,APAR-2026-00868,+91-8318331154,AISHE-54327148,https://github.com/student868,https://leetcode.com/student868,https://linkedin.com/in/student868-skit,https://uei-resumes.s3.amazonaws.com/23ESKCS868.pdf,https://api.dicebear.com/7.x/initials/svg?seed=student868
8f0e6792-b0ca-4f50-9384-741138a75598,bde82bdf-03e9-40d0-b5f4-095ef5f8ed45,23ESKCS869,REG20260869,Kashish Dhankar,B,2026-2030,1,8.88,85.8,994086168246,APAR-2026-00869,+91-6582954920,AISHE-59805178,https://github.com/student869,https://leetcode.com/student869,https://linkedin.com/in/student869-skit,https://uei-resumes.s3.amazonaws.com/23ESKCS869.pdf,https://api.dicebear.com/7.x/initials/svg?seed=student869
50d8dbfa-8647-4f4a-b95e-4cc2e88534d6,274f1fa2-a704-43e1-883f-04637a849f84,23ESKCS870,REG20260870,Shreya Soni,E,2025-2029,2,6.8,80.4,996544122423,APAR-2026-00870,+91-6675134276,AISHE-35566010,https://github.com/student870,https://leetcode.com/student870,https://linkedin.com/in/student870-skit,https://uei-resumes.s3.amazonaws.com/23ESKCS870.pdf,https://api.dicebear.com/7.x/initials/svg?seed=student870
9f30ce9f-6e00-4afb-a85c-a4b2712dc148,8b7b831e-8cea-460d-a4e0-bf863ac0a74d,23ESKCS871,REG20260871,Varun Srivastava,D,2024-2028,4,7.82,93.1,993136844289,APAR-2026-00871,+91-6388258432,AISHE-60622628,https://github.com/student871,https://leetcode.com/student871,https://linkedin.com/in/student871-skit,https://uei-resumes.s3.amazonaws.com/23ESKCS871.pdf,https://api.dicebear.com/7.x/initials/svg?seed=student871
c2b3bd72-a29e-4f8b-baad-79f8b1569908,ad3027fa-b26e-46e2-b454-acc44f741402,23ESKCS872,REG20260872,Sameer Bhardwaj,D,2023-2027,6,6.7,80.4,992269627475,APAR-2026-00872,+91-6178151583,AISHE-35254849,https://github.com/student872,https://leetcode.com/student872,https://linkedin.com/in/student872-skit,https://uei-resumes.s3.amazonaws.com/23ESKCS872.pdf,https://api.dicebear.com/7.x/initials/svg?seed=student872
a7311312-bdf5-4157-b29e-dd9d9d830bf3,d8d386e4-528e-4b33-89d9-df7b96a08811,23ESKCS873,REG20260873,Ananya Dhankar,D,2025-2029,2,10.0,75.8,994969240314,APAR-2026-00873,+91-7614745610,AISHE-38036618,https://github.com/student873,https://leetcode.com/student873,https://linkedin.com/in/student873-skit,https://uei-resumes.s3.amazonaws.com/23ESKCS873.pdf,https://api.dicebear.com/7.x/initials/svg?seed=student873
996351d8-9c51-4c46-992d-6e82a35f3644,f8d240ff-1251-4907-bcd9-b210a97e4606,23ESKCS874,REG20260874,Mehak Khandelwal,D,2026-2030,1,9.07,59.3,995848950377,APAR-2026-00874,+91-8425545658,AISHE-12058055,https://github.com/student874,https://leetcode.com/student874,https://linkedin.com/in/student874-skit,https://uei-resumes.s3.amazonaws.com/23ESKCS874.pdf,https://api.dicebear.com/7.x/initials/svg?seed=student874
cc26aa44-21c3-4e9e-996a-07a135e1c8f2,e1ad58c3-773e-456a-b0e7-ea39c743da36,23ESKCS875,REG20260875,Utkarsh Mishra,E,2026-2030,1,7.2,98.0,993931553960,APAR-2026-00875,+91-7304036387,AISHE-25745913,https://github.com/student875,https://leetcode.com/student875,https://linkedin.com/in/student875-skit,https://uei-resumes.s3.amazonaws.com/23ESKCS875.pdf,https://api.dicebear.com/7.x/initials/svg?seed=student875
bdccaded-65ea-4501-aede-7ce1561e758b,69a5c00e-2d8f-4b06-9299-7e821b772d95,23ESKCS876,REG20260876,Ishita Verma,E,2023-2027,6,7.72,82.8,992614141880,APAR-2026-00876,+91-9360482447,AISHE-91121400,https://github.com/student876,https://leetcode.com/student876,https://linkedin.com/in/student876-skit,https://uei-resumes.s3.amazonaws.com/23ESKCS876.pdf,https://api.dicebear.com/7.x/initials/svg?seed=student876
3c649419-c932-4826-ade9-8beb159a5559,9b41dc0e-ec30-49e8-82be-8b03205f8148,23ESKCS877,REG20260877,Pranav Srivastava,A,2025-2029,2,5.72,81.9,992996528439,APAR-2026-00877,+91-7525880424,AISHE-42122457,https://github.com/student877,https://leetcode.com/student877,https://linkedin.com/in/student877-skit,https://uei-resumes.s3.amazonaws.com/23ESKCS877.pdf,https://api.dicebear.com/7.x/initials/svg?seed=student877
239fc409-b6bf-40db-b7de-8a32df040920,96480143-1a81-4e41-a78a-ef8cd21a3349,23ESKCS878,REG20260878,Zoya Mishra,B,2026-2030,1,6.9,87.0,993088621209,APAR-2026-00878,+91-8932701695,AISHE-47991562,https://github.com/student878,https://leetcode.com/student878,https://linkedin.com/in/student878-skit,https://uei-resumes.s3.amazonaws.com/23ESKCS878.pdf,https://api.dicebear.com/7.x/initials/svg?seed=student878
4f238c69-d0d9-42af-9c9b-82743b861003,aa9c7e78-1b20-445d-955c-34e7bdaa7096,23ESKCS879,REG20260879,Aditya Sharma,B,2026-2030,1,7.91,84.5,993440428652,APAR-2026-00879,+91-9600632621,AISHE-81625307,https://github.com/student879,https://leetcode.com/student879,https://linkedin.com/in/student879-skit,https://uei-resumes.s3.amazonaws.com/23ESKCS879.pdf,https://api.dicebear.com/7.x/initials/svg?seed=student879
989d7365-227f-4bdf-b747-3bdbfd414519,61ab06ad-42f1-4ef6-a037-fa2c81f5281f,23ESKCS880,REG20260880,Mehak Mishra,D,2024-2028,4,9.68,85.9,998231313773,APAR-2026-00880,+91-8431165907,AISHE-45106207,https://github.com/student880,https://leetcode.com/student880,https://linkedin.com/in/student880-skit,https://uei-resumes.s3.amazonaws.com/23ESKCS880.pdf,https://api.dicebear.com/7.x/initials/svg?seed=student880
2412b7f0-1aba-43e8-9d6c-63e430338438,3e9ec58c-fa45-4673-a3e3-c67b43c198cf,23ESKCS881,REG20260881,Ananya Joshi,D,2023-2027,6,6.83,95.1,999037125616,APAR-2026-00881,+91-8650632566,AISHE-76743428,https://github.com/student881,https://leetcode.com/student881,https://linkedin.com/in/student881-skit,https://uei-resumes.s3.amazonaws.com/23ESKCS881.pdf,https://api.dicebear.com/7.x/initials/svg?seed=student881
f9e7f15a-7fdf-479f-9430-2473469d0752,e9201037-6f5d-410e-935f-10f8f0662971,23ESKCS882,REG20260882,Akash Bhardwaj,D,2025-2029,2,8.38,76.4,996147970603,APAR-2026-00882,+91-9205879779,AISHE-73013937,https://github.com/student882,https://leetcode.com/student882,https://linkedin.com/in/student882-skit,https://uei-resumes.s3.amazonaws.com/23ESKCS882.pdf,https://api.dicebear.com/7.x/initials/svg?seed=student882
c6c034d5-5398-438a-939e-c289746d58a6,101dc130-dc47-4b53-9ef8-4cce39e3f1b3,23ESKCS883,REG20260883,Bhavya Verma,D,2025-2029,2,8.73,71.0,994534825537,APAR-2026-00883,+91-8318106480,AISHE-59755172,https://github.com/student883,https://leetcode.com/student883,https://linkedin.com/in/student883-skit,https://uei-resumes.s3.amazonaws.com/23ESKCS883.pdf,https://api.dicebear.com/7.x/initials/svg?seed=student883
255028ff-4668-4c76-b8c1-ba1e9a684c68,7310ad74-33c5-41c9-94f4-b3e5b163fa6c,23ESKCS884,REG20260884,Vikas Srivastava,E,2024-2028,4,5.83,98.0,992359422839,APAR-2026-00884,+91-8544454140,AISHE-16135823,https://github.com/student884,https://leetcode.com/student884,https://linkedin.com/in/student884-skit,https://uei-resumes.s3.amazonaws.com/23ESKCS884.pdf,https://api.dicebear.com/7.x/initials/svg?seed=student884
9bcf43b7-8331-4915-85f3-54f312f1dac1,a9b81da5-b934-4f15-b1ec-76b72af81d6f,23ESKCS885,REG20260885,Khushi Chaudhary,D,2025-2029,2,7.3,78.4,991418527650,APAR-2026-00885,+91-7895913682,AISHE-29585415,https://github.com/student885,https://leetcode.com/student885,https://linkedin.com/in/student885-skit,https://uei-resumes.s3.amazonaws.com/23ESKCS885.pdf,https://api.dicebear.com/7.x/initials/svg?seed=student885
4e3d90be-9d47-4eb7-8527-dba7131cc5e8,ee383b84-af7b-41b6-9812-7da59a885a40,23ESKCS886,REG20260886,Sachin Dhankar,E,2026-2030,1,7.57,85.9,995102142420,APAR-2026-00886,+91-6380004069,AISHE-84264220,https://github.com/student886,https://leetcode.com/student886,https://linkedin.com/in/student886-skit,https://uei-resumes.s3.amazonaws.com/23ESKCS886.pdf,https://api.dicebear.com/7.x/initials/svg?seed=student886
72d5d83c-8fec-4702-ad0a-f9ab6ed635ca,04297a87-58b1-49ea-98dc-699e2b952759,23ESKCS887,REG20260887,Katyayini Rathore,A,2026-2030,1,6.61,68.7,997057565253,APAR-2026-00887,+91-9416960306,AISHE-30456313,https://github.com/student887,https://leetcode.com/student887,https://linkedin.com/in/student887-skit,https://uei-resumes.s3.amazonaws.com/23ESKCS887.pdf,https://api.dicebear.com/7.x/initials/svg?seed=student887
aa36fed2-9311-4264-aea1-aa7a54e0a7b4,b25949e5-db1b-41b9-ab59-3bed4283273d,23ESKCS888,REG20260888,Yashvi Kumar,A,2024-2028,4,6.28,81.2,997167041170,APAR-2026-00888,+91-7454190155,AISHE-40872577,https://github.com/student888,https://leetcode.com/student888,https://linkedin.com/in/student888-skit,https://uei-resumes.s3.amazonaws.com/23ESKCS888.pdf,https://api.dicebear.com/7.x/initials/svg?seed=student888
1c933004-18b4-4b09-91b5-5fb685f133c8,5b1d04bd-9a48-4e85-b8bc-e50ddc7b1c3f,23ESKCS889,REG20260889,Sneha Khandelwal,E,2023-2027,6,9.57,77.9,991445869333,APAR-2026-00889,+91-9711806831,AISHE-42981324,https://github.com/student889,https://leetcode.com/student889,https://linkedin.com/in/student889-skit,https://uei-resumes.s3.amazonaws.com/23ESKCS889.pdf,https://api.dicebear.com/7.x/initials/svg?seed=student889
aaa0772a-6377-4153-88e1-221fe96680f6,a8c7b97f-cb00-48a7-9051-38f59831515e,23ESKCS890,REG20260890,Rahul Yadav,E,2023-2027,6,6.45,68.8,994461188092,APAR-2026-00890,+91-9691247918,AISHE-97859993,https://github.com/student890,https://leetcode.com/student890,https://linkedin.com/in/student890-skit,https://uei-resumes.s3.amazonaws.com/23ESKCS890.pdf,https://api.dicebear.com/7.x/initials/svg?seed=student890
4c126d58-064d-4d70-84b0-887308fe829a,3bff0499-790e-4246-a956-d3b9c6207fce,23ESKCS891,REG20260891,Zoya Pandey,E,2026-2030,1,9.18,92.8,995082587598,APAR-2026-00891,+91-8376302498,AISHE-75581613,https://github.com/student891,https://leetcode.com/student891,https://linkedin.com/in/student891-skit,https://uei-resumes.s3.amazonaws.com/23ESKCS891.pdf,https://api.dicebear.com/7.x/initials/svg?seed=student891
25e537ea-d4ab-4819-a3e8-d4b4f0bb3903,cd4a9354-6307-40ff-862c-aca411d772e5,23ESKCS892,REG20260892,Tanmay Verma,D,2023-2027,6,9.35,71.4,997474924395,APAR-2026-00892,+91-9594811370,AISHE-32579937,https://github.com/student892,https://leetcode.com/student892,https://linkedin.com/in/student892-skit,https://uei-resumes.s3.amazonaws.com/23ESKCS892.pdf,https://api.dicebear.com/7.x/initials/svg?seed=student892
6c9046dc-39db-409f-9220-abe036a1d722,2fbcba26-9fd6-4a7c-b1e9-0c2b3853fa67,23ESKCS893,REG20260893,Nisha Srivastava,B,2023-2027,6,8.41,71.8,991066701142,APAR-2026-00893,+91-8281747678,AISHE-28784915,https://github.com/student893,https://leetcode.com/student893,https://linkedin.com/in/student893-skit,https://uei-resumes.s3.amazonaws.com/23ESKCS893.pdf,https://api.dicebear.com/7.x/initials/svg?seed=student893
006401e0-058b-4699-baa5-b419dc78f05d,9e155734-37e6-4732-8474-89cc51a120f0,23ESKCS894,REG20260894,Yash Singhal,C,2025-2029,2,8.15,91.1,992846920496,APAR-2026-00894,+91-9297619784,AISHE-82764376,https://github.com/student894,https://leetcode.com/student894,https://linkedin.com/in/student894-skit,https://uei-resumes.s3.amazonaws.com/23ESKCS894.pdf,https://api.dicebear.com/7.x/initials/svg?seed=student894
2da760e9-22f1-4f8c-a9a6-f8c8558e9057,b89ec6fe-3649-4a98-a856-7211a66b5bd6,23ESKCS895,REG20260895,Nikhil Bansal,E,2026-2030,1,8.58,89.8,996041077291,APAR-2026-00895,+91-6662581035,AISHE-14539747,https://github.com/student895,https://leetcode.com/student895,https://linkedin.com/in/student895-skit,https://uei-resumes.s3.amazonaws.com/23ESKCS895.pdf,https://api.dicebear.com/7.x/initials/svg?seed=student895
87410cc3-bbe5-4881-919c-09472ff3064d,b51b0d0b-dd3e-48f0-b878-8ec62fdc780d,23ESKCS896,REG20260896,Anjali Verma,B,2023-2027,6,5.98,64.3,993374711089,APAR-2026-00896,+91-6978316418,AISHE-99686372,https://github.com/student896,https://leetcode.com/student896,https://linkedin.com/in/student896-skit,https://uei-resumes.s3.amazonaws.com/23ESKCS896.pdf,https://api.dicebear.com/7.x/initials/svg?seed=student896
88f418e6-ad4a-405b-95ef-10c82ae97bdb,fdc34d59-641e-4696-9f79-a5f1e7ef783c,23ESKCS897,REG20260897,Sneha Singh,B,2023-2027,6,6.29,69.2,995176425719,APAR-2026-00897,+91-6920702588,AISHE-10856822,https://github.com/student897,https://leetcode.com/student897,https://linkedin.com/in/student897-skit,https://uei-resumes.s3.amazonaws.com/23ESKCS897.pdf,https://api.dicebear.com/7.x/initials/svg?seed=student897
53552857-59bc-466b-a1aa-8c218ba3668c,ea157098-dca7-4fa0-a994-33d0d86df418,23ESKCS898,REG20260898,Pranav Soni,C,2024-2028,4,7.57,98.0,992275272479,APAR-2026-00898,+91-9247630403,AISHE-94651342,https://github.com/student898,https://leetcode.com/student898,https://linkedin.com/in/student898-skit,https://uei-resumes.s3.amazonaws.com/23ESKCS898.pdf,https://api.dicebear.com/7.x/initials/svg?seed=student898
3775ddfe-542b-45fb-a34d-ec5a98bfaf13,e9ee31d9-e0b5-4c84-8b14-900fd2286b98,23ESKCS899,REG20260899,Mohit Joshi,A,2025-2029,2,7.98,81.6,999689323688,APAR-2026-00899,+91-7172980019,AISHE-30270856,https://github.com/student899,https://leetcode.com/student899,https://linkedin.com/in/student899-skit,https://uei-resumes.s3.amazonaws.com/23ESKCS899.pdf,https://api.dicebear.com/7.x/initials/svg?seed=student899
e4fb146f-009c-4621-8475-18b825dfaed7,358e56b4-b2cb-4d1e-99d3-24668ff0ad9b,23ESKCS900,REG20260900,Shreya Chaudhary,A,2024-2028,4,6.88,98.0,991398474801,APAR-2026-00900,+91-6334848459,AISHE-77878323,https://github.com/student900,https://leetcode.com/student900,https://linkedin.com/in/student900-skit,https://uei-resumes.s3.amazonaws.com/23ESKCS900.pdf,https://api.dicebear.com/7.x/initials/svg?seed=student900
1e52497b-9585-49ec-a05f-d7706f227e68,531b53f8-c978-4b9d-be3b-4cf4dfe5a2fd,23ESKCS901,REG20260901,Nikhil Chaudhary,D,2023-2027,6,6.21,85.1,993687287003,APAR-2026-00901,+91-9500721199,AISHE-18113477,https://github.com/student901,https://leetcode.com/student901,https://linkedin.com/in/student901-skit,https://uei-resumes.s3.amazonaws.com/23ESKCS901.pdf,https://api.dicebear.com/7.x/initials/svg?seed=student901
e19d336d-aa2a-4ae0-8d0d-6ce195c50a6d,cd25e4e5-6a2a-4c88-b67b-f576b4cfc814,23ESKCS902,REG20260902,Sneha Pandey,B,2024-2028,4,6.62,98.0,994671376408,APAR-2026-00902,+91-9807901168,AISHE-75478707,https://github.com/student902,https://leetcode.com/student902,https://linkedin.com/in/student902-skit,https://uei-resumes.s3.amazonaws.com/23ESKCS902.pdf,https://api.dicebear.com/7.x/initials/svg?seed=student902
01fea676-9226-4a49-8484-5dff4b3f11df,e0acfa43-591a-488f-9c5a-29196bbb4161,23ESKCS903,REG20260903,Siddharth Singhal,E,2023-2027,6,8.47,93.7,994979644475,APAR-2026-00903,+91-6107099962,AISHE-81432350,https://github.com/student903,https://leetcode.com/student903,https://linkedin.com/in/student903-skit,https://uei-resumes.s3.amazonaws.com/23ESKCS903.pdf,https://api.dicebear.com/7.x/initials/svg?seed=student903
124dceff-3c91-42c3-8220-e02831b43603,d7d5f745-e1b3-4a3e-83f2-f50d9fe29731,23ESKCS904,REG20260904,Riya Deshmukh,B,2025-2029,2,8.03,83.6,992406772454,APAR-2026-00904,+91-9112724887,AISHE-12244945,https://github.com/student904,https://leetcode.com/student904,https://linkedin.com/in/student904-skit,https://uei-resumes.s3.amazonaws.com/23ESKCS904.pdf,https://api.dicebear.com/7.x/initials/svg?seed=student904
31e3f3ba-8f9f-4a2f-b1dc-3e9a16e5e23b,23bbec19-f143-4b82-b899-f163976c76c9,23ESKCS905,REG20260905,Karan Joshi,D,2024-2028,4,8.46,75.6,996559065844,APAR-2026-00905,+91-8675244407,AISHE-48478684,https://github.com/student905,https://leetcode.com/student905,https://linkedin.com/in/student905-skit,https://uei-resumes.s3.amazonaws.com/23ESKCS905.pdf,https://api.dicebear.com/7.x/initials/svg?seed=student905
908f83e1-34e3-4886-b25f-a103833e1ea9,17b0a78c-d450-4785-938c-fe4964b04008,23ESKCS906,REG20260906,Nikhil Gupta,C,2024-2028,4,8.15,98.0,998376160235,APAR-2026-00906,+91-6639250352,AISHE-67790557,https://github.com/student906,https://leetcode.com/student906,https://linkedin.com/in/student906-skit,https://uei-resumes.s3.amazonaws.com/23ESKCS906.pdf,https://api.dicebear.com/7.x/initials/svg?seed=student906
674ffc0a-b3fa-4f84-b5a0-a91760b1afd8,545ff5bf-d1e6-4c73-b8e5-2bd190ce5507,23ESKCS907,REG20260907,Shivam Khandelwal,B,2024-2028,4,8.73,74.9,999086810667,APAR-2026-00907,+91-7214908010,AISHE-22927031,https://github.com/student907,https://leetcode.com/student907,https://linkedin.com/in/student907-skit,https://uei-resumes.s3.amazonaws.com/23ESKCS907.pdf,https://api.dicebear.com/7.x/initials/svg?seed=student907
0b25c661-ff77-493a-b329-c748086f4578,7fa2db22-ca6b-4f01-81a4-7e6a9de3cbe3,23ESKCS908,REG20260908,Siddharth Chaudhary,E,2026-2030,1,6.0,84.6,995570988748,APAR-2026-00908,+91-7358738317,AISHE-35760684,https://github.com/student908,https://leetcode.com/student908,https://linkedin.com/in/student908-skit,https://uei-resumes.s3.amazonaws.com/23ESKCS908.pdf,https://api.dicebear.com/7.x/initials/svg?seed=student908
7df02ce8-fc7b-412e-ad7e-79fe3ac43f53,8c7b8a76-cb1c-4b77-bd98-f3c6b3275ca3,23ESKCS909,REG20260909,Shivam Mishra,C,2025-2029,2,6.92,81.7,998769769671,APAR-2026-00909,+91-8975329786,AISHE-57572279,https://github.com/student909,https://leetcode.com/student909,https://linkedin.com/in/student909-skit,https://uei-resumes.s3.amazonaws.com/23ESKCS909.pdf,https://api.dicebear.com/7.x/initials/svg?seed=student909
77688f13-f461-4068-978d-de811e64bdeb,d52dc1d5-b828-409d-903b-7e5f4b0cca20,23ESKCS910,REG20260910,Gaurav Srivastava,C,2025-2029,2,8.04,86.1,995336340732,APAR-2026-00910,+91-8953556386,AISHE-63270536,https://github.com/student910,https://leetcode.com/student910,https://linkedin.com/in/student910-skit,https://uei-resumes.s3.amazonaws.com/23ESKCS910.pdf,https://api.dicebear.com/7.x/initials/svg?seed=student910
e150210e-4261-49f2-9ca7-42775e792749,0e09bd64-a9a0-4869-afea-1dfb88e3d946,23ESKCS911,REG20260911,Sanjay Kumar,B,2023-2027,6,6.17,88.3,993264574604,APAR-2026-00911,+91-6500561082,AISHE-64496076,https://github.com/student911,https://leetcode.com/student911,https://linkedin.com/in/student911-skit,https://uei-resumes.s3.amazonaws.com/23ESKCS911.pdf,https://api.dicebear.com/7.x/initials/svg?seed=student911
e44ca2c0-d1fc-44e8-b7da-0e1a2cb904ba,6e05f009-9229-4d80-86ad-5c63ae007c9b,23ESKCS912,REG20260912,Tanya Bhardwaj,E,2026-2030,1,6.87,67.8,998788469979,APAR-2026-00912,+91-9706666479,AISHE-42642810,https://github.com/student912,https://leetcode.com/student912,https://linkedin.com/in/student912-skit,https://uei-resumes.s3.amazonaws.com/23ESKCS912.pdf,https://api.dicebear.com/7.x/initials/svg?seed=student912
dda48d31-eb02-40e9-a9aa-17e78292ff54,49b70c74-801e-4053-b938-46cfee3b1cd4,23ESKCS913,REG20260913,Karan Mishra,A,2023-2027,6,5.84,82.9,997834027836,APAR-2026-00913,+91-7422095317,AISHE-20820219,https://github.com/student913,https://leetcode.com/student913,https://linkedin.com/in/student913-skit,https://uei-resumes.s3.amazonaws.com/23ESKCS913.pdf,https://api.dicebear.com/7.x/initials/svg?seed=student913
90d9e1c8-4955-4659-9353-f43091ce18c2,b8f3bb44-2b91-4828-834d-633daeab6cf8,23ESKCS914,REG20260914,Sanjay Agarwal,D,2025-2029,2,9.53,98.0,993265654037,APAR-2026-00914,+91-6200395400,AISHE-64395532,https://github.com/student914,https://leetcode.com/student914,https://linkedin.com/in/student914-skit,https://uei-resumes.s3.amazonaws.com/23ESKCS914.pdf,https://api.dicebear.com/7.x/initials/svg?seed=student914
cea197ef-65f2-4abc-875a-6f10bfe68eb1,68b6ebb0-2514-465d-999b-891ef836d4bf,23ESKCS915,REG20260915,Nisha Yadav,C,2025-2029,2,6.95,87.7,999932532165,APAR-2026-00915,+91-9504982743,AISHE-84182331,https://github.com/student915,https://leetcode.com/student915,https://linkedin.com/in/student915-skit,https://uei-resumes.s3.amazonaws.com/23ESKCS915.pdf,https://api.dicebear.com/7.x/initials/svg?seed=student915
053d5def-ee0b-45b6-8cd8-05f2267d5293,f92e35c7-70df-4bad-85a0-0df6ceacbbcd,23ESKCS916,REG20260916,Katyayini Verma,D,2026-2030,1,9.22,55.1,993654191045,APAR-2026-00916,+91-9160252954,AISHE-95462880,https://github.com/student916,https://leetcode.com/student916,https://linkedin.com/in/student916-skit,https://uei-resumes.s3.amazonaws.com/23ESKCS916.pdf,https://api.dicebear.com/7.x/initials/svg?seed=student916
3deff9b4-9ce6-4aad-b953-5cf97549fbb8,a6739a46-579c-4e3e-8faf-b4bfc0952a74,23ESKCS917,REG20260917,Khushi Verma,D,2024-2028,4,7.78,84.8,995250149476,APAR-2026-00917,+91-6854674236,AISHE-33002714,https://github.com/student917,https://leetcode.com/student917,https://linkedin.com/in/student917-skit,https://uei-resumes.s3.amazonaws.com/23ESKCS917.pdf,https://api.dicebear.com/7.x/initials/svg?seed=student917
16534bf2-0d16-4c91-b0b1-9094a41f0a17,fb52958c-2172-4ea9-9319-ad7003839919,23ESKCS918,REG20260918,Aditya Chaudhary,A,2025-2029,2,8.36,83.0,998784566077,APAR-2026-00918,+91-6636718857,AISHE-68238367,https://github.com/student918,https://leetcode.com/student918,https://linkedin.com/in/student918-skit,https://uei-resumes.s3.amazonaws.com/23ESKCS918.pdf,https://api.dicebear.com/7.x/initials/svg?seed=student918
6700b1e8-4466-49dd-9de4-e192f1e8be86,05f4f76e-1ee7-4d42-96b6-f337886b397f,23ESKCS919,REG20260919,Pranav Chaudhary,B,2025-2029,2,8.7,64.5,993265977211,APAR-2026-00919,+91-8707583925,AISHE-22799248,https://github.com/student919,https://leetcode.com/student919,https://linkedin.com/in/student919-skit,https://uei-resumes.s3.amazonaws.com/23ESKCS919.pdf,https://api.dicebear.com/7.x/initials/svg?seed=student919
86a73606-4478-4a0a-aaaa-7e5945a6df3e,b96a17ab-93c0-448e-8af7-3a0b9a450a33,23ESKCS920,REG20260920,Vikas Patel,B,2023-2027,6,7.31,87.7,995650566016,APAR-2026-00920,+91-6346709900,AISHE-38375916,https://github.com/student920,https://leetcode.com/student920,https://linkedin.com/in/student920-skit,https://uei-resumes.s3.amazonaws.com/23ESKCS920.pdf,https://api.dicebear.com/7.x/initials/svg?seed=student920
3728d1bd-20ad-4d83-8488-6837ed777049,5a17f7f0-032f-4dce-a1b6-1784c110dfdf,23ESKCS921,REG20260921,Yash Gupta,A,2023-2027,6,7.82,77.8,999646319372,APAR-2026-00921,+91-9391086098,AISHE-16249441,https://github.com/student921,https://leetcode.com/student921,https://linkedin.com/in/student921-skit,https://uei-resumes.s3.amazonaws.com/23ESKCS921.pdf,https://api.dicebear.com/7.x/initials/svg?seed=student921
9961e233-8812-44dc-a981-9ea4af222498,a3596557-1db6-4df5-a161-d2bbcfe6918e,23ESKCS922,REG20260922,Anjali Kumar,B,2025-2029,2,7.47,69.0,993166860032,APAR-2026-00922,+91-6834899763,AISHE-47631028,https://github.com/student922,https://leetcode.com/student922,https://linkedin.com/in/student922-skit,https://uei-resumes.s3.amazonaws.com/23ESKCS922.pdf,https://api.dicebear.com/7.x/initials/svg?seed=student922
e3af0ac2-a04c-42dd-897e-96b735f7954d,6b915c93-fdb5-44b5-9bb3-312ed8791db6,23ESKCS923,REG20260923,Pooja Singhal,E,2024-2028,4,7.55,71.5,996488274293,APAR-2026-00923,+91-6292580427,AISHE-52209421,https://github.com/student923,https://leetcode.com/student923,https://linkedin.com/in/student923-skit,https://uei-resumes.s3.amazonaws.com/23ESKCS923.pdf,https://api.dicebear.com/7.x/initials/svg?seed=student923
3d940377-7414-4e3d-abff-766ed92f88f0,ab0be8db-f614-4268-88ed-8fcb58cc4f68,23ESKCS924,REG20260924,Tanmay Chaudhary,B,2026-2030,1,8.81,65.7,992033207914,APAR-2026-00924,+91-6322434334,AISHE-88790652,https://github.com/student924,https://leetcode.com/student924,https://linkedin.com/in/student924-skit,https://uei-resumes.s3.amazonaws.com/23ESKCS924.pdf,https://api.dicebear.com/7.x/initials/svg?seed=student924
0c523a8f-4ee9-4bcf-b0e9-e76ad844de86,219bd90d-4fc3-4027-bbec-468d1ae4a50b,23ESKCS925,REG20260925,Pooja Meena,C,2023-2027,6,7.85,76.5,992853165187,APAR-2026-00925,+91-7907727084,AISHE-63458386,https://github.com/student925,https://leetcode.com/student925,https://linkedin.com/in/student925-skit,https://uei-resumes.s3.amazonaws.com/23ESKCS925.pdf,https://api.dicebear.com/7.x/initials/svg?seed=student925
fdf58cae-0644-4e4c-9972-556b5ec454b1,08b3b2bc-47af-4088-8436-481d2865bdfa,23ESKCS926,REG20260926,Akash Pandey,C,2025-2029,2,8.82,87.7,992815003271,APAR-2026-00926,+91-6421346113,AISHE-31803703,https://github.com/student926,https://leetcode.com/student926,https://linkedin.com/in/student926-skit,https://uei-resumes.s3.amazonaws.com/23ESKCS926.pdf,https://api.dicebear.com/7.x/initials/svg?seed=student926
952cca8d-ad08-4c43-be67-26f68859a130,1d115e75-c055-48cb-a00c-07b33882723c,23ESKCS927,REG20260927,Rohan Singhal,D,2026-2030,1,7.7,80.7,991477096970,APAR-2026-00927,+91-7708485104,AISHE-62231715,https://github.com/student927,https://leetcode.com/student927,https://linkedin.com/in/student927-skit,https://uei-resumes.s3.amazonaws.com/23ESKCS927.pdf,https://api.dicebear.com/7.x/initials/svg?seed=student927
d54758a9-4aea-4cf8-a819-aabe2f9ebf22,84f27f9a-f0fd-4247-9b13-54e8a4e43176,23ESKCS928,REG20260928,Ishita Bhardwaj,E,2023-2027,6,7.0,98.0,997032536693,APAR-2026-00928,+91-8512151733,AISHE-28783850,https://github.com/student928,https://leetcode.com/student928,https://linkedin.com/in/student928-skit,https://uei-resumes.s3.amazonaws.com/23ESKCS928.pdf,https://api.dicebear.com/7.x/initials/svg?seed=student928
f5c9d673-a59b-4d28-93f5-5bf8ff190380,0168d33e-8353-4918-b121-2ea0086400ab,23ESKCS929,REG20260929,Vaibhav Joshi,D,2024-2028,4,7.79,85.0,998030428606,APAR-2026-00929,+91-6637722224,AISHE-56420476,https://github.com/student929,https://leetcode.com/student929,https://linkedin.com/in/student929-skit,https://uei-resumes.s3.amazonaws.com/23ESKCS929.pdf,https://api.dicebear.com/7.x/initials/svg?seed=student929
8defb13c-8403-4126-8a99-4740c436baa7,4d272189-8535-44e3-970a-36dcee64f2f6,23ESKCS930,REG20260930,Dev Rathore,E,2026-2030,1,7.24,57.0,993954662298,APAR-2026-00930,+91-6204889313,AISHE-68664992,https://github.com/student930,https://leetcode.com/student930,https://linkedin.com/in/student930-skit,https://uei-resumes.s3.amazonaws.com/23ESKCS930.pdf,https://api.dicebear.com/7.x/initials/svg?seed=student930
b1124137-f9b8-426e-9d16-5e5cb2d4f347,ceb5f47c-5671-4410-bc1d-22ae2d898e92,23ESKCS931,REG20260931,Pranav Deshmukh,A,2026-2030,1,7.18,79.5,999479858260,APAR-2026-00931,+91-7181623972,AISHE-55713584,https://github.com/student931,https://leetcode.com/student931,https://linkedin.com/in/student931-skit,https://uei-resumes.s3.amazonaws.com/23ESKCS931.pdf,https://api.dicebear.com/7.x/initials/svg?seed=student931
a3565032-3161-4ceb-a9ca-3debb228dbdf,77ab3672-4cdb-474b-8827-95af5957e296,23ESKCS932,REG20260932,Aarav Singhal,C,2026-2030,1,6.2,72.1,996358016502,APAR-2026-00932,+91-9930598266,AISHE-53805532,https://github.com/student932,https://leetcode.com/student932,https://linkedin.com/in/student932-skit,https://uei-resumes.s3.amazonaws.com/23ESKCS932.pdf,https://api.dicebear.com/7.x/initials/svg?seed=student932
f8e9c3fe-8fe5-4410-83ee-6ea59a74cd4a,6db74042-2838-4bc5-a483-af38d5a73cb6,23ESKCS933,REG20260933,Kashish Jain,E,2024-2028,4,7.47,59.5,995724431682,APAR-2026-00933,+91-6780884334,AISHE-46685332,https://github.com/student933,https://leetcode.com/student933,https://linkedin.com/in/student933-skit,https://uei-resumes.s3.amazonaws.com/23ESKCS933.pdf,https://api.dicebear.com/7.x/initials/svg?seed=student933
dc25282c-7907-472b-be6b-ce2031edf121,06cf23c6-1e68-4077-a8df-6fb8aa583931,23ESKCS934,REG20260934,Sachin Joshi,D,2025-2029,2,7.27,79.9,996809486067,APAR-2026-00934,+91-9626781451,AISHE-40620216,https://github.com/student934,https://leetcode.com/student934,https://linkedin.com/in/student934-skit,https://uei-resumes.s3.amazonaws.com/23ESKCS934.pdf,https://api.dicebear.com/7.x/initials/svg?seed=student934
2087fdc0-1be2-45fb-be9a-411cfb58ffff,5de798e0-3c4f-44e6-84a1-d07054095f28,23ESKCS935,REG20260935,Shreya Patel,A,2025-2029,2,6.64,62.2,991089023001,APAR-2026-00935,+91-8693819730,AISHE-60388958,https://github.com/student935,https://leetcode.com/student935,https://linkedin.com/in/student935-skit,https://uei-resumes.s3.amazonaws.com/23ESKCS935.pdf,https://api.dicebear.com/7.x/initials/svg?seed=student935
3cda6550-b193-4027-a121-b98ef8abab08,42d66c81-27e4-46f4-ad44-36ddc8fc4244,23ESKCS936,REG20260936,Rahul Agarwal,B,2026-2030,1,6.14,92.5,999395863952,APAR-2026-00936,+91-9299434489,AISHE-88634827,https://github.com/student936,https://leetcode.com/student936,https://linkedin.com/in/student936-skit,https://uei-resumes.s3.amazonaws.com/23ESKCS936.pdf,https://api.dicebear.com/7.x/initials/svg?seed=student936
844acdfb-fe45-49ac-9229-a491069e94c8,00348c17-9561-459c-8664-63d9631732f2,23ESKCS937,REG20260937,Utkarsh Sharma,D,2024-2028,4,7.23,95.0,999108876364,APAR-2026-00937,+91-9192013357,AISHE-93029219,https://github.com/student937,https://leetcode.com/student937,https://linkedin.com/in/student937-skit,https://uei-resumes.s3.amazonaws.com/23ESKCS937.pdf,https://api.dicebear.com/7.x/initials/svg?seed=student937
38eac50e-05fb-4ee0-89ee-b62560d4882e,68513e4c-ec84-4a6d-8d71-feadf35200e6,23ESKCS938,REG20260938,Katyayini Gupta,A,2025-2029,2,7.71,73.6,998710896136,APAR-2026-00938,+91-8956905222,AISHE-43077929,https://github.com/student938,https://leetcode.com/student938,https://linkedin.com/in/student938-skit,https://uei-resumes.s3.amazonaws.com/23ESKCS938.pdf,https://api.dicebear.com/7.x/initials/svg?seed=student938
43992529-cb0e-49b2-86d4-54a8f6ad29ae,4fd215ec-c910-4e3f-8b69-2bd278746bd8,23ESKCS939,REG20260939,Ansh Agarwal,D,2024-2028,4,6.73,79.8,999446789663,APAR-2026-00939,+91-6188087644,AISHE-45966597,https://github.com/student939,https://leetcode.com/student939,https://linkedin.com/in/student939-skit,https://uei-resumes.s3.amazonaws.com/23ESKCS939.pdf,https://api.dicebear.com/7.x/initials/svg?seed=student939
73c8db3c-e7a5-45b3-ba1e-762176eb85b8,71281906-164d-4e7c-ae74-350842ea0101,23ESKCS940,REG20260940,Kashish Bhardwaj,C,2023-2027,6,6.59,80.7,991530152585,APAR-2026-00940,+91-7508021882,AISHE-95080736,https://github.com/student940,https://leetcode.com/student940,https://linkedin.com/in/student940-skit,https://uei-resumes.s3.amazonaws.com/23ESKCS940.pdf,https://api.dicebear.com/7.x/initials/svg?seed=student940
e7b8fef7-567c-4411-b98c-58471a5b9d49,1d7be922-9ab2-44fc-84ba-40d8e67d2ed6,23ESKCS941,REG20260941,Aarav Bansal,C,2024-2028,4,6.82,85.8,999959316672,APAR-2026-00941,+91-7894198823,AISHE-62294176,https://github.com/student941,https://leetcode.com/student941,https://linkedin.com/in/student941-skit,https://uei-resumes.s3.amazonaws.com/23ESKCS941.pdf,https://api.dicebear.com/7.x/initials/svg?seed=student941
8727ca9b-158a-4ea3-8744-5f4027c7fab2,811858bd-8722-43de-8e1a-5ace08a36727,23ESKCS942,REG20260942,Shivam Bhardwaj,C,2024-2028,4,10.0,83.6,996953859072,APAR-2026-00942,+91-8487298927,AISHE-24301022,https://github.com/student942,https://leetcode.com/student942,https://linkedin.com/in/student942-skit,https://uei-resumes.s3.amazonaws.com/23ESKCS942.pdf,https://api.dicebear.com/7.x/initials/svg?seed=student942
f04b8902-882f-4f72-a783-6ad515494059,b36327b1-45dd-4611-8920-7f38ae7266e4,23ESKCS943,REG20260943,Katyayini Singhal,C,2024-2028,4,5.74,72.0,993483210183,APAR-2026-00943,+91-6105578324,AISHE-51374957,https://github.com/student943,https://leetcode.com/student943,https://linkedin.com/in/student943-skit,https://uei-resumes.s3.amazonaws.com/23ESKCS943.pdf,https://api.dicebear.com/7.x/initials/svg?seed=student943
1d6a36b0-c409-417a-881f-240e2f3dad80,2074249c-95d0-4a02-9fe4-aeb677e2419c,23ESKCS944,REG20260944,Katyayini Khandelwal,A,2025-2029,2,5.86,72.2,993344324936,APAR-2026-00944,+91-9486458467,AISHE-46207439,https://github.com/student944,https://leetcode.com/student944,https://linkedin.com/in/student944-skit,https://uei-resumes.s3.amazonaws.com/23ESKCS944.pdf,https://api.dicebear.com/7.x/initials/svg?seed=student944
76f1616e-8584-49b8-b426-b150b5817bf0,0dd770d9-246b-4190-b1b2-f9bc1cb49897,23ESKCS945,REG20260945,Arjun Rathore,D,2025-2029,2,5.58,78.1,996830671483,APAR-2026-00945,+91-6242278314,AISHE-21716836,https://github.com/student945,https://leetcode.com/student945,https://linkedin.com/in/student945-skit,https://uei-resumes.s3.amazonaws.com/23ESKCS945.pdf,https://api.dicebear.com/7.x/initials/svg?seed=student945
18e5f828-f968-43e2-98e3-eba147568b49,332790d2-0cdb-4cb0-a1c3-321995154d72,23ESKCS946,REG20260946,Sameer Agarwal,D,2023-2027,6,7.46,63.3,997494878729,APAR-2026-00946,+91-7562760731,AISHE-70242778,https://github.com/student946,https://leetcode.com/student946,https://linkedin.com/in/student946-skit,https://uei-resumes.s3.amazonaws.com/23ESKCS946.pdf,https://api.dicebear.com/7.x/initials/svg?seed=student946
2907461c-f765-4d3c-a834-1d95facf9fa0,c300a58c-6ae3-409b-b738-439f60015d14,23ESKCS947,REG20260947,Yashvi Mehta,B,2026-2030,1,6.76,67.8,997519795919,APAR-2026-00947,+91-9210909937,AISHE-13524813,https://github.com/student947,https://leetcode.com/student947,https://linkedin.com/in/student947-skit,https://uei-resumes.s3.amazonaws.com/23ESKCS947.pdf,https://api.dicebear.com/7.x/initials/svg?seed=student947
23bbaff9-5ceb-40e8-82b6-8b7759c21a0d,2f208cb9-b0de-4a5c-9a85-af1a67267f51,23ESKCS948,REG20260948,Anjali Kumar,E,2023-2027,6,8.08,65.7,998261041234,APAR-2026-00948,+91-6480012570,AISHE-84386123,https://github.com/student948,https://leetcode.com/student948,https://linkedin.com/in/student948-skit,https://uei-resumes.s3.amazonaws.com/23ESKCS948.pdf,https://api.dicebear.com/7.x/initials/svg?seed=student948
2f3688c9-3972-4d98-b2be-e985145a4c5f,2857e95d-6357-4756-97e8-c5d7e57ede4e,23ESKCS949,REG20260949,Varun Bansal,B,2024-2028,4,4.5,67.6,991585845384,APAR-2026-00949,+91-6740942859,AISHE-90268079,https://github.com/student949,https://leetcode.com/student949,https://linkedin.com/in/student949-skit,https://uei-resumes.s3.amazonaws.com/23ESKCS949.pdf,https://api.dicebear.com/7.x/initials/svg?seed=student949
e0293299-fbeb-41d6-8c55-e01f5e5dbd41,6051ff8b-f0a2-49fa-909d-22088e2b5d1d,23ESKCS950,REG20260950,Vikas Agarwal,D,2024-2028,4,7.41,78.6,991416026162,APAR-2026-00950,+91-8513646070,AISHE-11656329,https://github.com/student950,https://leetcode.com/student950,https://linkedin.com/in/student950-skit,https://uei-resumes.s3.amazonaws.com/23ESKCS950.pdf,https://api.dicebear.com/7.x/initials/svg?seed=student950
1901ec18-eb4f-4612-96c7-ef1d391b3e03,5f1d4438-ee97-4975-bfbd-5178fb3b442e,23ESKCS951,REG20260951,Pooja Mehta,A,2023-2027,6,6.97,90.5,995824092363,APAR-2026-00951,+91-8544325176,AISHE-62049575,https://github.com/student951,https://leetcode.com/student951,https://linkedin.com/in/student951-skit,https://uei-resumes.s3.amazonaws.com/23ESKCS951.pdf,https://api.dicebear.com/7.x/initials/svg?seed=student951
154be4f1-64e5-427b-874e-744338d4b508,8ecff77d-ae71-41a4-8687-63705770b434,23ESKCS952,REG20260952,Yash Srivastava,B,2024-2028,4,5.54,77.3,996155468465,APAR-2026-00952,+91-6878295151,AISHE-85099723,https://github.com/student952,https://leetcode.com/student952,https://linkedin.com/in/student952-skit,https://uei-resumes.s3.amazonaws.com/23ESKCS952.pdf,https://api.dicebear.com/7.x/initials/svg?seed=student952
5d5636b6-fe1c-46cb-8a21-efdc25c97705,6939b8e9-e970-438e-8cbb-fadb73fcb480,23ESKCS953,REG20260953,Mehak Srivastava,C,2026-2030,1,5.78,91.5,997287676231,APAR-2026-00953,+91-7714137833,AISHE-79941466,https://github.com/student953,https://leetcode.com/student953,https://linkedin.com/in/student953-skit,https://uei-resumes.s3.amazonaws.com/23ESKCS953.pdf,https://api.dicebear.com/7.x/initials/svg?seed=student953
b1ec3a10-62ca-4b22-a016-f0e5ab78c2ef,3b1d03b2-c05f-4061-a5ae-6d7f8b9f2463,23ESKCS954,REG20260954,Mohit Agarwal,E,2025-2029,2,9.1,81.9,992909024444,APAR-2026-00954,+91-7835852444,AISHE-61100987,https://github.com/student954,https://leetcode.com/student954,https://linkedin.com/in/student954-skit,https://uei-resumes.s3.amazonaws.com/23ESKCS954.pdf,https://api.dicebear.com/7.x/initials/svg?seed=student954
1244440a-6c7d-4105-9927-562b372559b5,2964a080-eaa1-49ec-b1e6-949c1ad48627,23ESKCS955,REG20260955,Vikas Pandey,C,2023-2027,6,8.52,77.3,993161251716,APAR-2026-00955,+91-7249078381,AISHE-46093692,https://github.com/student955,https://leetcode.com/student955,https://linkedin.com/in/student955-skit,https://uei-resumes.s3.amazonaws.com/23ESKCS955.pdf,https://api.dicebear.com/7.x/initials/svg?seed=student955
af4ecbdd-45ad-48ea-a7f1-a19d99eecb3a,a342fd13-c251-4758-bd5c-6cc529fde3d8,23ESKCS956,REG20260956,Ananya Dhankar,B,2025-2029,2,6.54,66.7,995896431513,APAR-2026-00956,+91-8388199600,AISHE-76185975,https://github.com/student956,https://leetcode.com/student956,https://linkedin.com/in/student956-skit,https://uei-resumes.s3.amazonaws.com/23ESKCS956.pdf,https://api.dicebear.com/7.x/initials/svg?seed=student956
c98e0eb6-4b14-425b-9976-1b907ea572f4,e6d41ac1-bc91-4881-a891-5868d02bbe6b,23ESKCS957,REG20260957,Tanmay Patel,D,2026-2030,1,6.8,74.2,992113367276,APAR-2026-00957,+91-7167932588,AISHE-32442197,https://github.com/student957,https://leetcode.com/student957,https://linkedin.com/in/student957-skit,https://uei-resumes.s3.amazonaws.com/23ESKCS957.pdf,https://api.dicebear.com/7.x/initials/svg?seed=student957
52b96134-0a0f-4566-8b5f-1226a719dfc6,9c7f75eb-b84a-4750-95f4-32802426a621,23ESKCS958,REG20260958,Shivam Singhal,D,2023-2027,6,9.65,84.5,991683671526,APAR-2026-00958,+91-9396311802,AISHE-66519399,https://github.com/student958,https://leetcode.com/student958,https://linkedin.com/in/student958-skit,https://uei-resumes.s3.amazonaws.com/23ESKCS958.pdf,https://api.dicebear.com/7.x/initials/svg?seed=student958
5856cb04-0d08-41ea-95e0-2791443952ca,ae3d339f-dfb3-4a1d-8759-82dab4f08228,23ESKCS959,REG20260959,Priya Kumar,B,2024-2028,4,9.35,92.5,999475343695,APAR-2026-00959,+91-8619939412,AISHE-20324210,https://github.com/student959,https://leetcode.com/student959,https://linkedin.com/in/student959-skit,https://uei-resumes.s3.amazonaws.com/23ESKCS959.pdf,https://api.dicebear.com/7.x/initials/svg?seed=student959
a5b90708-36f3-4ba6-809d-bbb957aab438,65ea9f5a-be54-423e-9f2e-c7fc43b2337c,23ESKCS960,REG20260960,Aditya Yadav,A,2026-2030,1,7.54,63.5,994610690345,APAR-2026-00960,+91-8370260533,AISHE-43096758,https://github.com/student960,https://leetcode.com/student960,https://linkedin.com/in/student960-skit,https://uei-resumes.s3.amazonaws.com/23ESKCS960.pdf,https://api.dicebear.com/7.x/initials/svg?seed=student960
fa9f08dd-6919-4664-90de-beb5a46b6347,73789025-36fe-48e7-99ef-38e9eb03cd67,23ESKCS961,REG20260961,Sneha Singh,E,2024-2028,4,7.87,90.5,998210601651,APAR-2026-00961,+91-9737594763,AISHE-92767884,https://github.com/student961,https://leetcode.com/student961,https://linkedin.com/in/student961-skit,https://uei-resumes.s3.amazonaws.com/23ESKCS961.pdf,https://api.dicebear.com/7.x/initials/svg?seed=student961
55a828a2-4d99-459a-9a6b-d6b461a34f72,489e386b-e568-4ec5-8c0d-cde97371878f,23ESKCS962,REG20260962,Rohan Gupta,A,2023-2027,6,6.17,66.6,991874195986,APAR-2026-00962,+91-7591625191,AISHE-24357588,https://github.com/student962,https://leetcode.com/student962,https://linkedin.com/in/student962-skit,https://uei-resumes.s3.amazonaws.com/23ESKCS962.pdf,https://api.dicebear.com/7.x/initials/svg?seed=student962
049b8b04-7223-426b-a8f9-2815a5f1ec17,94184490-e9a7-4393-96b7-c043418464e5,23ESKCS963,REG20260963,Sachin Bhardwaj,C,2024-2028,4,6.16,53.3,997563373626,APAR-2026-00963,+91-7427124037,AISHE-10908300,https://github.com/student963,https://leetcode.com/student963,https://linkedin.com/in/student963-skit,https://uei-resumes.s3.amazonaws.com/23ESKCS963.pdf,https://api.dicebear.com/7.x/initials/svg?seed=student963
22522b91-3559-400d-8fbb-e0cd91c2baeb,85e27802-2bf3-488f-a479-8bd58d3dcf11,23ESKCS964,REG20260964,Manish Singhal,E,2024-2028,4,7.81,67.3,997981343511,APAR-2026-00964,+91-9456715514,AISHE-93240786,https://github.com/student964,https://leetcode.com/student964,https://linkedin.com/in/student964-skit,https://uei-resumes.s3.amazonaws.com/23ESKCS964.pdf,https://api.dicebear.com/7.x/initials/svg?seed=student964
3025c386-fa91-45a6-95fa-9e9f6a93114e,8e73701a-2cc7-40bd-bae4-3ca0c1e40651,23ESKCS965,REG20260965,Anjali Chaudhary,D,2024-2028,4,8.82,82.9,991096819225,APAR-2026-00965,+91-9963370520,AISHE-54230340,https://github.com/student965,https://leetcode.com/student965,https://linkedin.com/in/student965-skit,https://uei-resumes.s3.amazonaws.com/23ESKCS965.pdf,https://api.dicebear.com/7.x/initials/svg?seed=student965
eb7f0c89-0787-41db-8aa7-4d591a8ca66d,268dc493-7f24-426b-8454-411e8f0fc126,23ESKCS966,REG20260966,Mohit Verma,C,2023-2027,6,7.89,73.9,992237246950,APAR-2026-00966,+91-9459420281,AISHE-67796330,https://github.com/student966,https://leetcode.com/student966,https://linkedin.com/in/student966-skit,https://uei-resumes.s3.amazonaws.com/23ESKCS966.pdf,https://api.dicebear.com/7.x/initials/svg?seed=student966
78ff812f-a481-42a9-b220-0b36f39b6319,0f11d98f-a2d0-4851-a37a-65cb03731212,23ESKCS967,REG20260967,Siddharth Rathore,C,2026-2030,1,6.29,69.1,994830287819,APAR-2026-00967,+91-7422589929,AISHE-53038948,https://github.com/student967,https://leetcode.com/student967,https://linkedin.com/in/student967-skit,https://uei-resumes.s3.amazonaws.com/23ESKCS967.pdf,https://api.dicebear.com/7.x/initials/svg?seed=student967
7bc5ff4a-706c-4ef6-8f1a-21b041cd2f0f,184eb062-d68a-45b6-a929-f786aec1e3fc,23ESKCS968,REG20260968,Tanmay Agarwal,A,2025-2029,2,6.69,82.0,991255086570,APAR-2026-00968,+91-7614332794,AISHE-52168966,https://github.com/student968,https://leetcode.com/student968,https://linkedin.com/in/student968-skit,https://uei-resumes.s3.amazonaws.com/23ESKCS968.pdf,https://api.dicebear.com/7.x/initials/svg?seed=student968
b2914819-2d04-4f53-9154-1af4429f8b13,59fcfe55-9338-4bf4-b22a-7ba0e6412a85,23ESKCS969,REG20260969,Yashvi Srivastava,A,2024-2028,4,5.23,79.3,994468132423,APAR-2026-00969,+91-7527606494,AISHE-52833932,https://github.com/student969,https://leetcode.com/student969,https://linkedin.com/in/student969-skit,https://uei-resumes.s3.amazonaws.com/23ESKCS969.pdf,https://api.dicebear.com/7.x/initials/svg?seed=student969
635bc047-5d93-4e7a-afd4-1810898d7b28,e9e8b6cd-b752-487d-9784-19c6e9159106,23ESKCS970,REG20260970,Aniket Sharma,D,2024-2028,4,7.35,81.7,995447868492,APAR-2026-00970,+91-8889065340,AISHE-94946730,https://github.com/student970,https://leetcode.com/student970,https://linkedin.com/in/student970-skit,https://uei-resumes.s3.amazonaws.com/23ESKCS970.pdf,https://api.dicebear.com/7.x/initials/svg?seed=student970
d3e507af-21d8-46a0-88af-05633d6b7c70,947e3460-4112-4d90-aa5f-c00b5266b317,23ESKCS971,REG20260971,Katyayini Jain,A,2023-2027,6,9.47,81.7,999667651439,APAR-2026-00971,+91-9718345671,AISHE-42537638,https://github.com/student971,https://leetcode.com/student971,https://linkedin.com/in/student971-skit,https://uei-resumes.s3.amazonaws.com/23ESKCS971.pdf,https://api.dicebear.com/7.x/initials/svg?seed=student971
cf788c24-e1e6-43c7-9cc6-53ec69c3ef60,5bba9b06-7dd5-4c20-8a33-ecdf35d0bc48,23ESKCS972,REG20260972,Arjun Mishra,D,2024-2028,4,7.85,82.2,999175690548,APAR-2026-00972,+91-8503786306,AISHE-47621248,https://github.com/student972,https://leetcode.com/student972,https://linkedin.com/in/student972-skit,https://uei-resumes.s3.amazonaws.com/23ESKCS972.pdf,https://api.dicebear.com/7.x/initials/svg?seed=student972
d23e07b5-474b-417a-a078-b3b57f4004f5,b39eaae5-f12a-418f-b23d-a13409080629,23ESKCS973,REG20260973,Ishita Jain,A,2023-2027,6,7.69,96.6,993439750233,APAR-2026-00973,+91-9491932454,AISHE-25285764,https://github.com/student973,https://leetcode.com/student973,https://linkedin.com/in/student973-skit,https://uei-resumes.s3.amazonaws.com/23ESKCS973.pdf,https://api.dicebear.com/7.x/initials/svg?seed=student973
6f88cb0a-8210-411f-a0ca-7404903ad8ab,40db8f3c-2f1c-4450-a6d6-d1b9473b172a,23ESKCS974,REG20260974,Akash Bhardwaj,A,2024-2028,4,6.49,81.9,996644127708,APAR-2026-00974,+91-7735898931,AISHE-83233096,https://github.com/student974,https://leetcode.com/student974,https://linkedin.com/in/student974-skit,https://uei-resumes.s3.amazonaws.com/23ESKCS974.pdf,https://api.dicebear.com/7.x/initials/svg?seed=student974
4a142a35-c426-44b0-ae93-48a441ecc876,45ea1fa4-1f0d-423b-b360-c675ee849387,23ESKCS975,REG20260975,Arjun Singhal,D,2026-2030,1,6.44,65.1,995623007759,APAR-2026-00975,+91-7831983367,AISHE-83833059,https://github.com/student975,https://leetcode.com/student975,https://linkedin.com/in/student975-skit,https://uei-resumes.s3.amazonaws.com/23ESKCS975.pdf,https://api.dicebear.com/7.x/initials/svg?seed=student975
13e6c5d2-d2f3-4d3b-85c9-ceab172c9dfe,2a7492d2-4948-461b-a0e9-f3807e7cc4d3,23ESKCS976,REG20260976,Harsh Pandey,C,2025-2029,2,7.59,69.5,993807379057,APAR-2026-00976,+91-6880839406,AISHE-71957885,https://github.com/student976,https://leetcode.com/student976,https://linkedin.com/in/student976-skit,https://uei-resumes.s3.amazonaws.com/23ESKCS976.pdf,https://api.dicebear.com/7.x/initials/svg?seed=student976
b10c4705-1374-498e-b588-8b6e814cddd2,09c03910-fa83-439c-a20c-dd34c3f355fc,23ESKCS977,REG20260977,Riya Chaudhary,A,2025-2029,2,8.92,68.4,997965886279,APAR-2026-00977,+91-7570787423,AISHE-49101812,https://github.com/student977,https://leetcode.com/student977,https://linkedin.com/in/student977-skit,https://uei-resumes.s3.amazonaws.com/23ESKCS977.pdf,https://api.dicebear.com/7.x/initials/svg?seed=student977
07692f8b-0ff6-4fc4-84a1-6cfaaffc3d34,5db65398-940d-4d93-9639-c7e15516b87b,23ESKCS978,REG20260978,Rohan Jain,C,2024-2028,4,8.78,90.8,994384176796,APAR-2026-00978,+91-6979357576,AISHE-64914054,https://github.com/student978,https://leetcode.com/student978,https://linkedin.com/in/student978-skit,https://uei-resumes.s3.amazonaws.com/23ESKCS978.pdf,https://api.dicebear.com/7.x/initials/svg?seed=student978
b8d7a204-924c-46fc-917a-cff4d10a590d,f695d999-fd0b-4235-85be-9c6e121c935e,23ESKCS979,REG20260979,Yashvi Pandey,A,2023-2027,6,7.09,78.5,996944993493,APAR-2026-00979,+91-9249442440,AISHE-95004924,https://github.com/student979,https://leetcode.com/student979,https://linkedin.com/in/student979-skit,https://uei-resumes.s3.amazonaws.com/23ESKCS979.pdf,https://api.dicebear.com/7.x/initials/svg?seed=student979
1af32531-4582-4867-a7f1-70e008610d62,4ef9d8c1-6ec6-47c8-801c-abd6d30994c2,23ESKCS980,REG20260980,Siddharth Mehta,D,2023-2027,6,8.17,70.3,991190763345,APAR-2026-00980,+91-8359868249,AISHE-43914361,https://github.com/student980,https://leetcode.com/student980,https://linkedin.com/in/student980-skit,https://uei-resumes.s3.amazonaws.com/23ESKCS980.pdf,https://api.dicebear.com/7.x/initials/svg?seed=student980
f0a89b4b-9c8e-43bd-a194-216f27c7ab3e,4359499d-47b3-482e-8323-838dec2ccfad,23ESKCS981,REG20260981,Akash Srivastava,C,2023-2027,6,6.33,75.9,999131100506,APAR-2026-00981,+91-7867979226,AISHE-66791272,https://github.com/student981,https://leetcode.com/student981,https://linkedin.com/in/student981-skit,https://uei-resumes.s3.amazonaws.com/23ESKCS981.pdf,https://api.dicebear.com/7.x/initials/svg?seed=student981
1d120b48-52c7-42f1-9498-c395cda475ed,fd83c992-13da-44ee-9696-746857730958,23ESKCS982,REG20260982,Shivam Gupta,A,2025-2029,2,7.15,63.3,999013302147,APAR-2026-00982,+91-9179419456,AISHE-70272714,https://github.com/student982,https://leetcode.com/student982,https://linkedin.com/in/student982-skit,https://uei-resumes.s3.amazonaws.com/23ESKCS982.pdf,https://api.dicebear.com/7.x/initials/svg?seed=student982
fd7bc3ed-564c-48e3-8af4-d47ec4b6adae,f897bdb9-a537-4c55-b2fb-504576b9a6ad,23ESKCS983,REG20260983,Sameer Mehta,C,2026-2030,1,5.7,86.6,992117124050,APAR-2026-00983,+91-9725179752,AISHE-63795149,https://github.com/student983,https://leetcode.com/student983,https://linkedin.com/in/student983-skit,https://uei-resumes.s3.amazonaws.com/23ESKCS983.pdf,https://api.dicebear.com/7.x/initials/svg?seed=student983
397ff6ac-450b-4dcc-8487-f7e3f3f3da49,41566ffd-1c8c-4a23-b24d-c94361a47d8f,23ESKCS984,REG20260984,Aarav Joshi,C,2023-2027,6,9.46,78.4,996565525667,APAR-2026-00984,+91-9683734594,AISHE-14934536,https://github.com/student984,https://leetcode.com/student984,https://linkedin.com/in/student984-skit,https://uei-resumes.s3.amazonaws.com/23ESKCS984.pdf,https://api.dicebear.com/7.x/initials/svg?seed=student984
1f260fb6-c6fd-4cdc-84ef-e27e79b5c31f,35a063b1-4c29-49f8-bf78-42dfa9fa4b43,23ESKCS985,REG20260985,Karan Srivastava,C,2023-2027,6,8.5,88.5,996062840430,APAR-2026-00985,+91-8853374076,AISHE-82062301,https://github.com/student985,https://leetcode.com/student985,https://linkedin.com/in/student985-skit,https://uei-resumes.s3.amazonaws.com/23ESKCS985.pdf,https://api.dicebear.com/7.x/initials/svg?seed=student985
82fded1f-b2a4-4326-8d7f-3c6c5aa17bea,238152b5-f58c-4686-8f2d-42def70e8a7a,23ESKCS986,REG20260986,Manish Patel,E,2024-2028,4,6.07,86.4,995636618631,APAR-2026-00986,+91-6217434526,AISHE-43316996,https://github.com/student986,https://leetcode.com/student986,https://linkedin.com/in/student986-skit,https://uei-resumes.s3.amazonaws.com/23ESKCS986.pdf,https://api.dicebear.com/7.x/initials/svg?seed=student986
6906833a-ed91-44ef-9f39-cfa1ad466199,917a3732-52c2-4bd9-a45f-54146daf410d,23ESKCS987,REG20260987,Pooja Dhankar,C,2025-2029,2,7.32,91.3,991749451702,APAR-2026-00987,+91-8278604592,AISHE-96838849,https://github.com/student987,https://leetcode.com/student987,https://linkedin.com/in/student987-skit,https://uei-resumes.s3.amazonaws.com/23ESKCS987.pdf,https://api.dicebear.com/7.x/initials/svg?seed=student987
c9426514-1f43-4ec4-a1be-04036ec45c7e,bb7ad677-da37-406f-a8e5-7c57df97491e,23ESKCS988,REG20260988,Tanmay Bansal,B,2026-2030,1,7.09,77.0,994081027857,APAR-2026-00988,+91-6704753177,AISHE-96574622,https://github.com/student988,https://leetcode.com/student988,https://linkedin.com/in/student988-skit,https://uei-resumes.s3.amazonaws.com/23ESKCS988.pdf,https://api.dicebear.com/7.x/initials/svg?seed=student988
07dbbf5a-9c42-4a2f-a99d-ef55e114f9f7,ef64187f-95a2-4694-b7b9-3f31321c8814,23ESKCS989,REG20260989,Janvi Agarwal,C,2023-2027,6,6.5,72.5,999922704984,APAR-2026-00989,+91-9908186980,AISHE-54506155,https://github.com/student989,https://leetcode.com/student989,https://linkedin.com/in/student989-skit,https://uei-resumes.s3.amazonaws.com/23ESKCS989.pdf,https://api.dicebear.com/7.x/initials/svg?seed=student989
7d372ae8-b86d-43c6-9296-92c6222105e7,4ab18354-199a-4033-a945-3474800f1ff7,23ESKCS990,REG20260990,Khushi Singh,C,2026-2030,1,8.54,83.5,992215838275,APAR-2026-00990,+91-9213757100,AISHE-11415698,https://github.com/student990,https://leetcode.com/student990,https://linkedin.com/in/student990-skit,https://uei-resumes.s3.amazonaws.com/23ESKCS990.pdf,https://api.dicebear.com/7.x/initials/svg?seed=student990
9725996d-ae2f-454e-9317-777d1dc37f50,ee0af845-70de-43eb-b286-31e37bd313d6,23ESKCS991,REG20260991,Nisha Soni,C,2026-2030,1,8.34,75.3,991133820048,APAR-2026-00991,+91-6377818215,AISHE-39796480,https://github.com/student991,https://leetcode.com/student991,https://linkedin.com/in/student991-skit,https://uei-resumes.s3.amazonaws.com/23ESKCS991.pdf,https://api.dicebear.com/7.x/initials/svg?seed=student991
33c5f727-dccf-4d56-b26d-056cf0cbdcf1,2e048ffd-b4b4-4b16-9599-3a7bcaa7943c,23ESKCS992,REG20260992,Shivam Agarwal,A,2024-2028,4,7.91,66.2,996217821446,APAR-2026-00992,+91-7578651079,AISHE-60213478,https://github.com/student992,https://leetcode.com/student992,https://linkedin.com/in/student992-skit,https://uei-resumes.s3.amazonaws.com/23ESKCS992.pdf,https://api.dicebear.com/7.x/initials/svg?seed=student992
0590278b-4592-4c0b-ac3d-2d87a7a3309e,00a7dd3e-4af6-4d8b-89a7-a2cf79b4ce32,23ESKCS993,REG20260993,Tanmay Bhardwaj,A,2024-2028,4,4.5,63.1,998447263920,APAR-2026-00993,+91-9597210335,AISHE-88999206,https://github.com/student993,https://leetcode.com/student993,https://linkedin.com/in/student993-skit,https://uei-resumes.s3.amazonaws.com/23ESKCS993.pdf,https://api.dicebear.com/7.x/initials/svg?seed=student993
2052df68-0f4f-45a0-9cce-d4a6ad838770,01bd08fc-b81b-4b06-b054-e8a29ec54115,23ESKCS994,REG20260994,Shreya Patel,E,2026-2030,1,7.08,85.1,997765620351,APAR-2026-00994,+91-7470405910,AISHE-13296743,https://github.com/student994,https://leetcode.com/student994,https://linkedin.com/in/student994-skit,https://uei-resumes.s3.amazonaws.com/23ESKCS994.pdf,https://api.dicebear.com/7.x/initials/svg?seed=student994
d7122c6c-f0b6-458d-a742-c308cefb60fd,8211c75f-9e5a-44b5-97f7-a93f9ee36514,23ESKCS995,REG20260995,Mehak Jain,D,2025-2029,2,7.39,73.1,996330254034,APAR-2026-00995,+91-9212259020,AISHE-49652241,https://github.com/student995,https://leetcode.com/student995,https://linkedin.com/in/student995-skit,https://uei-resumes.s3.amazonaws.com/23ESKCS995.pdf,https://api.dicebear.com/7.x/initials/svg?seed=student995
b8f2a8b1-9061-4f3b-b85a-dc4db4618dd1,ee1ed397-6b4d-416f-a7fa-0361be704c35,23ESKCS996,REG20260996,Manish Sharma,E,2023-2027,6,8.9,70.3,993599394037,APAR-2026-00996,+91-9192185888,AISHE-25578562,https://github.com/student996,https://leetcode.com/student996,https://linkedin.com/in/student996-skit,https://uei-resumes.s3.amazonaws.com/23ESKCS996.pdf,https://api.dicebear.com/7.x/initials/svg?seed=student996
ae9f84e7-e01e-49fe-9bca-05498774a11a,06895817-f724-4b4c-ad7b-2249459f2d35,23ESKCS997,REG20260997,Arjun Sharma,B,2026-2030,1,6.58,64.0,997895766133,APAR-2026-00997,+91-7474015041,AISHE-51861213,https://github.com/student997,https://leetcode.com/student997,https://linkedin.com/in/student997-skit,https://uei-resumes.s3.amazonaws.com/23ESKCS997.pdf,https://api.dicebear.com/7.x/initials/svg?seed=student997
d4bd5a5b-0d76-4744-9c7e-d9d80146270c,1b48385f-1734-4210-901e-e5aed495abe6,23ESKCS998,REG20260998,Riya Deshmukh,E,2026-2030,1,6.01,64.5,994864922828,APAR-2026-00998,+91-8588909690,AISHE-37765262,https://github.com/student998,https://leetcode.com/student998,https://linkedin.com/in/student998-skit,https://uei-resumes.s3.amazonaws.com/23ESKCS998.pdf,https://api.dicebear.com/7.x/initials/svg?seed=student998
7683985b-bda9-4f7d-9a08-f7e1811bc5e6,22ccfa59-7c72-48a9-b82e-be8ace6439fc,23ESKCS999,REG20260999,Sameer Verma,D,2023-2027,6,7.62,80.6,992852934225,APAR-2026-00999,+91-9473984594,AISHE-73909453,https://github.com/student999,https://leetcode.com/student999,https://linkedin.com/in/student999-skit,https://uei-resumes.s3.amazonaws.com/23ESKCS999.pdf,https://api.dicebear.com/7.x/initials/svg?seed=student999
de27ac13-5024-496b-a19b-b5ab88869c48,02861413-26e8-46e3-97ac-bee38404abc1,23ESKCS1000,REG20261000,Rohan Mehta,D,2025-2029,2,8.69,90.7,992260108611,APAR-2026-01000,+91-6570477095,AISHE-70726434,https://github.com/student1000,https://leetcode.com/student1000,https://linkedin.com/in/student1000-skit,https://uei-resumes.s3.amazonaws.com/23ESKCS1000.pdf,https://api.dicebear.com/7.x/initials/svg?seed=student1000
